ISO-10303-21;
HEADER;
/* Generated by software containing ST-Developer
 * from STEP Tools, Inc. (www.steptools.com) 
 */

FILE_DESCRIPTION(
/* description */ (''),
/* implementation_level */ '2;1');

FILE_NAME(
/* name */ 'caseBasic.step',
/* time_stamp */ '2026-08-22T09:24:55+03:00',
/* author */ (''),
/* organization */ (''),
/* preprocessor_version */ 'ST-DEVELOPER v20.1',
/* originating_system */ 'Autodesk Translation Framework v15.8.0.0',
/* authorisation */ '');

FILE_SCHEMA (('AUTOMOTIVE_DESIGN { 1 0 10303 214 3 1 1 }'));
ENDSEC;

DATA;
#10=MECHANICAL_DESIGN_GEOMETRIC_PRESENTATION_REPRESENTATION('',(#13),#20362);
#11=SHAPE_REPRESENTATION_RELATIONSHIP('SRR','None',#20369,#12);
#12=ADVANCED_BREP_SHAPE_REPRESENTATION('',(#14),#20361);
#13=STYLED_ITEM('',(#20378),#14);
#14=MANIFOLD_SOLID_BREP('BottomMainBody',#11647);
#15=FACE_BOUND('',#1241,.T.);
#16=FACE_BOUND('',#1242,.T.);
#17=FACE_BOUND('',#1243,.T.);
#18=FACE_BOUND('',#1244,.T.);
#19=FACE_BOUND('',#1245,.T.);
#20=FACE_BOUND('',#1246,.T.);
#21=FACE_BOUND('',#1247,.T.);
#22=FACE_BOUND('',#1248,.T.);
#23=FACE_BOUND('',#1249,.T.);
#24=FACE_BOUND('',#1250,.T.);
#25=FACE_BOUND('',#1251,.T.);
#26=FACE_BOUND('',#1252,.T.);
#27=FACE_BOUND('',#1253,.T.);
#28=FACE_BOUND('',#1254,.T.);
#29=FACE_BOUND('',#1255,.T.);
#30=FACE_BOUND('',#1256,.T.);
#31=FACE_BOUND('',#1257,.T.);
#32=FACE_BOUND('',#1258,.T.);
#33=FACE_BOUND('',#1259,.T.);
#34=FACE_BOUND('',#1260,.T.);
#35=FACE_BOUND('',#1261,.T.);
#36=FACE_BOUND('',#1262,.T.);
#37=FACE_BOUND('',#1263,.T.);
#38=FACE_BOUND('',#1264,.T.);
#39=FACE_BOUND('',#1265,.T.);
#40=FACE_BOUND('',#1266,.T.);
#41=FACE_BOUND('',#1267,.T.);
#42=FACE_BOUND('',#1268,.T.);
#43=FACE_BOUND('',#1269,.T.);
#44=FACE_BOUND('',#1270,.T.);
#45=FACE_BOUND('',#1271,.T.);
#46=FACE_BOUND('',#1272,.T.);
#47=FACE_BOUND('',#1273,.T.);
#48=FACE_BOUND('',#1274,.T.);
#49=FACE_BOUND('',#1275,.T.);
#50=FACE_BOUND('',#1276,.T.);
#51=FACE_BOUND('',#1277,.T.);
#52=FACE_BOUND('',#1278,.T.);
#53=FACE_BOUND('',#1279,.T.);
#54=FACE_BOUND('',#1498,.T.);
#55=FACE_BOUND('',#1504,.T.);
#56=FACE_BOUND('',#1510,.T.);
#57=FACE_BOUND('',#1516,.T.);
#58=FACE_BOUND('',#1522,.T.);
#59=FACE_BOUND('',#1562,.T.);
#60=FACE_BOUND('',#1563,.T.);
#61=FACE_BOUND('',#1564,.T.);
#62=FACE_BOUND('',#1565,.T.);
#63=FACE_BOUND('',#1566,.T.);
#64=FACE_BOUND('',#1567,.T.);
#65=FACE_BOUND('',#1568,.T.);
#66=FACE_BOUND('',#1569,.T.);
#67=FACE_BOUND('',#1570,.T.);
#68=FACE_BOUND('',#1571,.T.);
#69=FACE_BOUND('',#1572,.T.);
#70=FACE_BOUND('',#1573,.T.);
#71=FACE_BOUND('',#1574,.T.);
#72=FACE_BOUND('',#1575,.T.);
#73=FACE_BOUND('',#1576,.T.);
#74=FACE_BOUND('',#1577,.T.);
#75=FACE_BOUND('',#1578,.T.);
#76=FACE_BOUND('',#1579,.T.);
#77=FACE_BOUND('',#1580,.T.);
#78=FACE_BOUND('',#1581,.T.);
#79=FACE_BOUND('',#1582,.T.);
#80=FACE_BOUND('',#1583,.T.);
#81=FACE_BOUND('',#1584,.T.);
#82=FACE_BOUND('',#1585,.T.);
#83=FACE_BOUND('',#1586,.T.);
#84=FACE_BOUND('',#1587,.T.);
#85=FACE_BOUND('',#1588,.T.);
#86=FACE_BOUND('',#1589,.T.);
#87=FACE_BOUND('',#1590,.T.);
#88=CONICAL_SURFACE('',#11970,2.85000000000001,0.785398163397442);
#89=CONICAL_SURFACE('',#11974,2.85,0.785398163397447);
#90=CONICAL_SURFACE('',#11978,2.84999999999999,0.785398163397448);
#91=CONICAL_SURFACE('',#11982,2.85,0.78539816339745);
#92=CONICAL_SURFACE('',#11985,2.85,0.785398163397447);
#93=CONICAL_SURFACE('',#11989,2.85000000000001,0.785398163397446);
#94=CONICAL_SURFACE('',#11992,2.85,0.785398163397442);
#95=CONICAL_SURFACE('',#11996,2.85000000000015,0.78539816339744);
#96=CONICAL_SURFACE('',#12000,2.85,0.785398163397442);
#97=CONICAL_SURFACE('',#12003,2.85000000000004,0.785398163397445);
#98=CONICAL_SURFACE('',#12007,2.84999999999998,0.785398163397441);
#99=CONICAL_SURFACE('',#12562,2.4,0.785398163397437);
#100=CONICAL_SURFACE('',#12569,1.15,0.785398163397437);
#101=CONICAL_SURFACE('',#12572,2.4,0.785398163397448);
#102=CONICAL_SURFACE('',#12579,1.15,0.785398163397448);
#103=CONICAL_SURFACE('',#12582,2.4,0.785398163397437);
#104=CONICAL_SURFACE('',#12589,1.15,0.785398163397437);
#105=CONICAL_SURFACE('',#12592,1.15,0.785398163397437);
#106=CONICAL_SURFACE('',#12598,2.4,0.785398163397437);
#107=CONICAL_SURFACE('',#12602,2.4,0.785398163397437);
#108=CONICAL_SURFACE('',#12609,1.15,0.785398163397437);
#109=ELLIPSE('',#11791,0.509899735454632,0.5);
#110=ELLIPSE('',#11797,1.01979234252159,1.);
#111=ELLIPSE('',#11800,1.1218190725164,1.);
#112=ELLIPSE('',#11803,1.41424750343098,1.);
#113=ELLIPSE('',#11847,0.509899735454631,0.5);
#114=ELLIPSE('',#11849,0.509879242232205,0.5);
#115=ELLIPSE('',#11850,0.509879242232207,0.500000000000001);
#116=ELLIPSE('',#11852,0.509889954236813,0.5);
#117=ELLIPSE('',#11853,0.509889954236815,0.5);
#118=ELLIPSE('',#11855,0.509901951359278,0.5);
#119=ELLIPSE('',#11856,0.509901951359284,0.5);
#120=ELLIPSE('',#11858,0.509902892725281,0.5);
#121=ELLIPSE('',#11859,0.509902892725283,0.5);
#122=ELLIPSE('',#11861,0.502578133542052,0.5);
#123=ELLIPSE('',#11862,0.50257813354205,0.5);
#124=ELLIPSE('',#11864,0.500399604534875,0.500000000000001);
#125=ELLIPSE('',#11865,0.500399604534862,0.5);
#126=B_SPLINE_SURFACE_WITH_KNOTS('',3,3,((#16860,#16861,#16862,#16863),
(#16864,#16865,#16866,#16867),(#16868,#16869,#16870,#16871),(#16872,#16873,
#16874,#16875)),.UNSPECIFIED.,.F.,.F.,.F.,(4,4),(4,4),(0.,1.),(-0.07951527698824,
0.),.UNSPECIFIED.);
#127=B_SPLINE_SURFACE_WITH_KNOTS('',3,3,((#16960,#16961,#16962,#16963,#16964),
(#16965,#16966,#16967,#16968,#16969),(#16970,#16971,#16972,#16973,#16974),
(#16975,#16976,#16977,#16978,#16979),(#16980,#16981,#16982,#16983,#16984)),
 .UNSPECIFIED.,.F.,.F.,.F.,(4,1,4),(4,1,4),(0.,0.5,1.),(0.019633978092535,
0.0550399343385209,0.102247875999835),.UNSPECIFIED.);
#128=B_SPLINE_SURFACE_WITH_KNOTS('',3,3,((#17004,#17005,#17006,#17007),
(#17008,#17009,#17010,#17011),(#17012,#17013,#17014,#17015),(#17016,#17017,
#17018,#17019)),.UNSPECIFIED.,.F.,.F.,.F.,(4,4),(4,4),(0.,1.),(0.,0.0160035194570676),
 .UNSPECIFIED.);
#129=B_SPLINE_SURFACE_WITH_KNOTS('',3,3,((#17218,#17219,#17220,#17221,#17222),
(#17223,#17224,#17225,#17226,#17227),(#17228,#17229,#17230,#17231,#17232),
(#17233,#17234,#17235,#17236,#17237),(#17238,#17239,#17240,#17241,#17242)),
 .UNSPECIFIED.,.F.,.F.,.F.,(4,1,4),(4,1,4),(0.,0.5,1.),(-1.57079632679491,
-0.897597901025662,4.85765699236744E-17),.UNSPECIFIED.);
#130=B_SPLINE_SURFACE_WITH_KNOTS('',3,3,((#17246,#17247,#17248,#17249,#17250),
(#17251,#17252,#17253,#17254,#17255),(#17256,#17257,#17258,#17259,#17260),
(#17261,#17262,#17263,#17264,#17265),(#17266,#17267,#17268,#17269,#17270)),
 .UNSPECIFIED.,.F.,.F.,.F.,(4,1,4),(4,1,4),(0.,0.5,1.),(-1.5707963267949,
-0.897597901025658,9.72329984096E-17),.UNSPECIFIED.);
#131=B_SPLINE_SURFACE_WITH_KNOTS('',3,3,((#17276,#17277,#17278,#17279,#17280),
(#17281,#17282,#17283,#17284,#17285),(#17286,#17287,#17288,#17289,#17290),
(#17291,#17292,#17293,#17294,#17295),(#17296,#17297,#17298,#17299,#17300)),
 .UNSPECIFIED.,.F.,.F.,.F.,(4,1,4),(4,1,4),(0.,0.5,1.),(-1.5707963267949,
-0.897597901025655,-8.67361737988452E-17),.UNSPECIFIED.);
#132=B_SPLINE_SURFACE_WITH_KNOTS('',3,3,((#17306,#17307,#17308,#17309,#17310),
(#17311,#17312,#17313,#17314,#17315),(#17316,#17317,#17318,#17319,#17320),
(#17321,#17322,#17323,#17324,#17325),(#17326,#17327,#17328,#17329,#17330)),
 .UNSPECIFIED.,.F.,.F.,.F.,(4,1,4),(4,1,4),(0.,0.5,1.),(-1.5707963267949,
-0.897597901025655,-8.67361737988483E-17),.UNSPECIFIED.);
#133=B_SPLINE_SURFACE_WITH_KNOTS('',3,3,((#17336,#17337,#17338,#17339,#17340),
(#17341,#17342,#17343,#17344,#17345),(#17346,#17347,#17348,#17349,#17350),
(#17351,#17352,#17353,#17354,#17355),(#17356,#17357,#17358,#17359,#17360)),
 .UNSPECIFIED.,.F.,.F.,.F.,(4,1,4),(4,1,4),(0.,0.5,1.),(-1.57079632679489,
-0.673198425769239,9.7140851057894E-17),.UNSPECIFIED.);
#134=B_SPLINE_SURFACE_WITH_KNOTS('',3,3,((#17366,#17367,#17368,#17369,#17370),
(#17371,#17372,#17373,#17374,#17375),(#17376,#17377,#17378,#17379,#17380),
(#17381,#17382,#17383,#17384,#17385)),.UNSPECIFIED.,.F.,.F.,.F.,(4,4),(4,
1,4),(0.,1.),(-1.57079632679483,-0.897597901025615,-8.67361737988715E-17),
 .UNSPECIFIED.);
#135=B_SPLINE_SURFACE_WITH_KNOTS('',3,3,((#17391,#17392,#17393,#17394),
(#17395,#17396,#17397,#17398),(#17399,#17400,#17401,#17402),(#17403,#17404,
#17405,#17406)),.UNSPECIFIED.,.F.,.F.,.F.,(4,4),(4,4),(0.,1.),(-1.5707963267949,
-8.67361737986019E-16),.UNSPECIFIED.);
#136=PLANE('',#11702);
#137=PLANE('',#11705);
#138=PLANE('',#11729);
#139=PLANE('',#11732);
#140=PLANE('',#11737);
#141=PLANE('',#11778);
#142=PLANE('',#11783);
#143=PLANE('',#11794);
#144=PLANE('',#11842);
#145=PLANE('',#11845);
#146=PLANE('',#11923);
#147=PLANE('',#11927);
#148=PLANE('',#11928);
#149=PLANE('',#11931);
#150=PLANE('',#11932);
#151=PLANE('',#11935);
#152=PLANE('',#11938);
#153=PLANE('',#11939);
#154=PLANE('',#11942);
#155=PLANE('',#11943);
#156=PLANE('',#11946);
#157=PLANE('',#11949);
#158=PLANE('',#11952);
#159=PLANE('',#11955);
#160=PLANE('',#11958);
#161=PLANE('',#11961);
#162=PLANE('',#11964);
#163=PLANE('',#11967);
#164=PLANE('',#11973);
#165=PLANE('',#11977);
#166=PLANE('',#11981);
#167=PLANE('',#11984);
#168=PLANE('',#11988);
#169=PLANE('',#11991);
#170=PLANE('',#11994);
#171=PLANE('',#11995);
#172=PLANE('',#11998);
#173=PLANE('',#11999);
#174=PLANE('',#12002);
#175=PLANE('',#12005);
#176=PLANE('',#12006);
#177=PLANE('',#12009);
#178=PLANE('',#12011);
#179=PLANE('',#12226);
#180=PLANE('',#12228);
#181=PLANE('',#12230);
#182=PLANE('',#12232);
#183=PLANE('',#12234);
#184=PLANE('',#12240);
#185=PLANE('',#12243);
#186=PLANE('',#12252);
#187=PLANE('',#12255);
#188=PLANE('',#12262);
#189=PLANE('',#12265);
#190=PLANE('',#12266);
#191=PLANE('',#12269);
#192=PLANE('',#12272);
#193=PLANE('',#12275);
#194=PLANE('',#12278);
#195=PLANE('',#12281);
#196=PLANE('',#12284);
#197=PLANE('',#12287);
#198=PLANE('',#12290);
#199=PLANE('',#12293);
#200=PLANE('',#12296);
#201=PLANE('',#12299);
#202=PLANE('',#12302);
#203=PLANE('',#12303);
#204=PLANE('',#12306);
#205=PLANE('',#12307);
#206=PLANE('',#12312);
#207=PLANE('',#12315);
#208=PLANE('',#12318);
#209=PLANE('',#12321);
#210=PLANE('',#12324);
#211=PLANE('',#12327);
#212=PLANE('',#12328);
#213=PLANE('',#12331);
#214=PLANE('',#12334);
#215=PLANE('',#12337);
#216=PLANE('',#12350);
#217=PLANE('',#12359);
#218=PLANE('',#12364);
#219=PLANE('',#12371);
#220=PLANE('',#12376);
#221=PLANE('',#12379);
#222=PLANE('',#12382);
#223=PLANE('',#12385);
#224=PLANE('',#12388);
#225=PLANE('',#12389);
#226=PLANE('',#12392);
#227=PLANE('',#12395);
#228=PLANE('',#12398);
#229=PLANE('',#12401);
#230=PLANE('',#12404);
#231=PLANE('',#12407);
#232=PLANE('',#12410);
#233=PLANE('',#12413);
#234=PLANE('',#12416);
#235=PLANE('',#12417);
#236=PLANE('',#12428);
#237=PLANE('',#12431);
#238=PLANE('',#12434);
#239=PLANE('',#12437);
#240=PLANE('',#12440);
#241=PLANE('',#12443);
#242=PLANE('',#12446);
#243=PLANE('',#12449);
#244=PLANE('',#12456);
#245=PLANE('',#12459);
#246=PLANE('',#12462);
#247=PLANE('',#12465);
#248=PLANE('',#12468);
#249=PLANE('',#12471);
#250=PLANE('',#12476);
#251=PLANE('',#12479);
#252=PLANE('',#12482);
#253=PLANE('',#12483);
#254=PLANE('',#12486);
#255=PLANE('',#12489);
#256=PLANE('',#12490);
#257=PLANE('',#12493);
#258=PLANE('',#12496);
#259=PLANE('',#12497);
#260=PLANE('',#12500);
#261=PLANE('',#12503);
#262=PLANE('',#12504);
#263=PLANE('',#12507);
#264=PLANE('',#12510);
#265=PLANE('',#12513);
#266=PLANE('',#12516);
#267=PLANE('',#12521);
#268=PLANE('',#12524);
#269=PLANE('',#12527);
#270=PLANE('',#12528);
#271=PLANE('',#12530);
#272=PLANE('',#12532);
#273=PLANE('',#12534);
#274=PLANE('',#12537);
#275=PLANE('',#12539);
#276=PLANE('',#12541);
#277=PLANE('',#12543);
#278=PLANE('',#12545);
#279=PLANE('',#12547);
#280=PLANE('',#12549);
#281=PLANE('',#12553);
#282=PLANE('',#12554);
#283=PLANE('',#12558);
#284=PLANE('',#12559);
#285=PLANE('',#12560);
#286=PLANE('',#12561);
#287=PLANE('',#12565);
#288=PLANE('',#12575);
#289=PLANE('',#12585);
#290=PLANE('',#12595);
#291=PLANE('',#12605);
#292=PLANE('',#12617);
#293=PLANE('',#12621);
#294=PLANE('',#12622);
#295=PLANE('',#12624);
#296=PLANE('',#12627);
#297=PLANE('',#12642);
#298=PLANE('',#12659);
#299=PLANE('',#12666);
#300=PLANE('',#12669);
#301=PLANE('',#12675);
#302=PLANE('',#12757);
#303=PLANE('',#12762);
#304=PLANE('',#12764);
#305=PLANE('',#12766);
#306=PLANE('',#12767);
#307=PLANE('',#12769);
#308=PLANE('',#12771);
#309=PLANE('',#12775);
#310=PLANE('',#12777);
#311=PLANE('',#12779);
#312=PLANE('',#12781);
#313=PLANE('',#12783);
#314=PLANE('',#12785);
#315=PLANE('',#12787);
#316=PLANE('',#12789);
#317=PLANE('',#12791);
#318=PLANE('',#12793);
#319=PLANE('',#12795);
#320=PLANE('',#12797);
#321=PLANE('',#12799);
#322=PLANE('',#12801);
#323=PLANE('',#12803);
#324=PLANE('',#12805);
#325=PLANE('',#12807);
#326=PLANE('',#12809);
#327=PLANE('',#12811);
#328=PLANE('',#12813);
#329=PLANE('',#12815);
#330=PLANE('',#12817);
#331=PLANE('',#12820);
#332=PLANE('',#12822);
#333=PLANE('',#12824);
#334=PLANE('',#12826);
#335=PLANE('',#12828);
#336=PLANE('',#12830);
#337=PLANE('',#12832);
#338=PLANE('',#12835);
#339=PLANE('',#12837);
#340=PLANE('',#12839);
#341=PLANE('',#12840);
#342=PLANE('',#12843);
#343=PLANE('',#12844);
#344=PLANE('',#12846);
#345=PLANE('',#12848);
#346=PLANE('',#12850);
#347=PLANE('',#12852);
#348=PLANE('',#12855);
#349=PLANE('',#12858);
#350=PLANE('',#12860);
#351=PLANE('',#12862);
#352=PLANE('',#12864);
#353=PLANE('',#12866);
#354=PLANE('',#12868);
#355=PLANE('',#12871);
#356=PLANE('',#12874);
#357=PLANE('',#12876);
#358=PLANE('',#12878);
#359=PLANE('',#12879);
#360=PLANE('',#12881);
#361=PLANE('',#12883);
#362=PLANE('',#12885);
#363=PLANE('',#12887);
#364=PLANE('',#12889);
#365=PLANE('',#12891);
#366=PLANE('',#12893);
#367=PLANE('',#12895);
#368=PLANE('',#12897);
#369=PLANE('',#12899);
#370=PLANE('',#12901);
#371=PLANE('',#12903);
#372=PLANE('',#12908);
#373=PLANE('',#12910);
#374=PLANE('',#12915);
#375=PLANE('',#12931);
#376=PLANE('',#12937);
#377=PLANE('',#12943);
#378=PLANE('',#12945);
#379=PLANE('',#12947);
#380=PLANE('',#12949);
#381=PLANE('',#12951);
#382=PLANE('',#12953);
#383=PLANE('',#12955);
#384=PLANE('',#12957);
#385=SPHERICAL_SURFACE('',#11698,0.5);
#386=SPHERICAL_SURFACE('',#11700,0.5);
#387=SPHERICAL_SURFACE('',#11764,0.5);
#388=SPHERICAL_SURFACE('',#11776,0.5);
#389=(
BOUNDED_SURFACE()
B_SPLINE_SURFACE(2,2,((#16595,#16596,#16597),(#16598,#16599,#16600),(#16601,
#16602,#16603)),.UNSPECIFIED.,.F.,.F.,.F.)
B_SPLINE_SURFACE_WITH_KNOTS((3,3),(3,3),(-1.5707963267949,1.77635683936487E-14),
(-1.5707963267949,3.88577510925927E-15),.UNSPECIFIED.)
GEOMETRIC_REPRESENTATION_ITEM()
RATIONAL_B_SPLINE_SURFACE(((1.,0.707106781186546,1.),(0.707106781186547,
0.499999999999999,0.707106781186547),(1.,0.707106781186546,1.)))
REPRESENTATION_ITEM('')
SURFACE()
);
#390=(
BOUNDED_SURFACE()
B_SPLINE_SURFACE(2,2,((#16639,#16640,#16641),(#16642,#16643,#16644),(#16645,
#16646,#16647)),.UNSPECIFIED.,.F.,.F.,.F.)
B_SPLINE_SURFACE_WITH_KNOTS((3,3),(3,3),(-1.5707963267949,7.69003711595477E-15),
(-3.14159265358979,-1.5707963267949),.UNSPECIFIED.)
GEOMETRIC_REPRESENTATION_ITEM()
RATIONAL_B_SPLINE_SURFACE(((1.,0.707106781186548,1.),(0.707106781186534,
0.49999999999999,0.707106781186534),(1.,0.707106781186548,1.)))
REPRESENTATION_ITEM('')
SURFACE()
);
#391=(
BOUNDED_SURFACE()
B_SPLINE_SURFACE(2,2,((#16942,#16943,#16944),(#16945,#16946,#16947),(#16948,
#16949,#16950)),.UNSPECIFIED.,.F.,.F.,.F.)
B_SPLINE_SURFACE_WITH_KNOTS((3,3),(3,3),(-1.5707963267949,0.),(0.,1.5707963267949),
 .UNSPECIFIED.)
GEOMETRIC_REPRESENTATION_ITEM()
RATIONAL_B_SPLINE_SURFACE(((1.,0.707106781186548,1.),(0.707106781186542,
0.499999999999996,0.707106781186542),(1.,0.707106781186548,1.)))
REPRESENTATION_ITEM('')
SURFACE()
);
#392=(
BOUNDED_SURFACE()
B_SPLINE_SURFACE(2,2,((#17074,#17075,#17076),(#17077,#17078,#17079),(#17080,
#17081,#17082)),.UNSPECIFIED.,.F.,.F.,.F.)
B_SPLINE_SURFACE_WITH_KNOTS((3,3),(3,3),(-2.85930575427021,-1.57079632679316),
(-1.1555575583943,-0.385185852798095),.UNSPECIFIED.)
GEOMETRIC_REPRESENTATION_ITEM()
RATIONAL_B_SPLINE_SURFACE(((1.,0.926728617950775,1.),(0.799547609907487,
0.74096365151541,0.799547609907487),(1.,0.926728617950775,1.)))
REPRESENTATION_ITEM('')
SURFACE()
);
#393=B_SPLINE_CURVE_WITH_KNOTS('',3,(#16580,#16581,#16582,#16583),
 .UNSPECIFIED.,.F.,.F.,(4,4),(0.,0.136559000562017),.UNSPECIFIED.);
#394=B_SPLINE_CURVE_WITH_KNOTS('',3,(#16665,#16666,#16667,#16668),
 .UNSPECIFIED.,.F.,.F.,(4,4),(0.31294596567335,0.449504966235367),
 .UNSPECIFIED.);
#395=B_SPLINE_CURVE_WITH_KNOTS('',3,(#16845,#16846,#16847,#16848),
 .UNSPECIFIED.,.F.,.F.,(4,4),(0.,0.136559000562016),.UNSPECIFIED.);
#396=B_SPLINE_CURVE_WITH_KNOTS('',3,(#16877,#16878,#16879,#16880),
 .UNSPECIFIED.,.F.,.F.,(4,4),(-0.07951527698824,0.),.UNSPECIFIED.);
#397=B_SPLINE_CURVE_WITH_KNOTS('',3,(#16882,#16883,#16884,#16885),
 .UNSPECIFIED.,.F.,.F.,(4,4),(0.,0.0287989338148732),.UNSPECIFIED.);
#398=B_SPLINE_CURVE_WITH_KNOTS('',3,(#16887,#16888,#16889,#16890),
 .UNSPECIFIED.,.F.,.F.,(4,4),(0.0287989338148663,0.0688587424010491),
 .UNSPECIFIED.);
#399=B_SPLINE_CURVE_WITH_KNOTS('',3,(#16891,#16892,#16893,#16894,#16895,
#16896,#16897,#16898,#16899,#16900,#16901,#16902,#16903,#16904,#16905,#16906),
 .UNSPECIFIED.,.F.,.F.,(4,3,3,3,3,4),(-0.0207489709295414,-0.0125352496492259,
-0.0106385193514195,-0.00227024279649359,0.,0.000102528202172361),
 .UNSPECIFIED.);
#400=B_SPLINE_CURVE_WITH_KNOTS('',3,(#16914,#16915,#16916,#16917,#16918,
#16919,#16920,#16921,#16922,#16923),.UNSPECIFIED.,.F.,.F.,(4,2,2,2,4),(-0.160027459799577,
-0.158849476980734,-0.144212426114585,-0.115061603041719,-0.0887628296560776),
 .UNSPECIFIED.);
#401=B_SPLINE_CURVE_WITH_KNOTS('',3,(#16989,#16990,#16991,#16992,#16993),
 .UNSPECIFIED.,.F.,.F.,(4,1,4),(0.019633978092535,0.0550399343385209,0.102247875999835),
 .UNSPECIFIED.);
#402=B_SPLINE_CURVE_WITH_KNOTS('',3,(#16995,#16996,#16997,#16998,#16999),
 .UNSPECIFIED.,.F.,.F.,(4,1,4),(-0.102247875999835,-0.0550399343385209,
-0.019633978092535),.UNSPECIFIED.);
#403=B_SPLINE_CURVE_WITH_KNOTS('',3,(#17020,#17021,#17022,#17023),
 .UNSPECIFIED.,.F.,.F.,(4,4),(-0.0160035194570676,0.),.UNSPECIFIED.);
#404=B_SPLINE_CURVE_WITH_KNOTS('',3,(#17024,#17025,#17026,#17027),
 .UNSPECIFIED.,.F.,.F.,(4,4),(0.,0.0160035194570676),.UNSPECIFIED.);
#405=B_SPLINE_CURVE_WITH_KNOTS('',3,(#17039,#17040,#17041,#17042),
 .UNSPECIFIED.,.F.,.F.,(4,4),(0.312945965673349,0.449504966235366),
 .UNSPECIFIED.);
#406=B_SPLINE_CURVE_WITH_KNOTS('',3,(#17114,#17115,#17116,#17117,#17118,
#17119,#17120,#17121,#17122,#17123,#17124,#17125,#17126,#17127),
 .UNSPECIFIED.,.F.,.F.,(4,2,2,2,2,2,4),(0.,0.0315092907555878,0.0658144457842006,
0.107338166709653,0.14495641825237,0.184456942235628,0.185035571943935),
 .UNSPECIFIED.);
#407=B_SPLINE_CURVE_WITH_KNOTS('',3,(#17131,#17132,#17133,#17134,#17135,
#17136,#17137,#17138,#17139,#17140,#17141,#17142,#17143,#17144),
 .UNSPECIFIED.,.F.,.F.,(4,2,2,2,2,2,4),(-0.000608426681149354,0.,0.0435523635774225,
0.0846240191160204,0.126619116689618,0.16063220562656,0.191605405230358),
 .UNSPECIFIED.);
#408=B_SPLINE_CURVE_WITH_KNOTS('',3,(#17152,#17153,#17154,#17155,#17156,
#17157,#17158,#17159,#17160,#17161,#17162,#17163,#17164,#17165),
 .UNSPECIFIED.,.F.,.F.,(4,2,2,2,2,2,4),(-0.000583237338822022,0.,0.0397024458193804,
0.0775334099241302,0.119476210775911,0.154168472451714,0.186049665426517),
 .UNSPECIFIED.);
#409=B_SPLINE_CURVE_WITH_KNOTS('',3,(#17649,#17650,#17651,#17652),
 .UNSPECIFIED.,.F.,.F.,(4,4),(-0.0812094825901444,0.),.UNSPECIFIED.);
#410=B_SPLINE_CURVE_WITH_KNOTS('',3,(#17664,#17665,#17666,#17667),
 .UNSPECIFIED.,.F.,.F.,(4,4),(-0.0811092261387235,0.),.UNSPECIFIED.);
#411=B_SPLINE_CURVE_WITH_KNOTS('',3,(#17679,#17680,#17681,#17682),
 .UNSPECIFIED.,.F.,.F.,(4,4),(-0.0830028405210968,0.),.UNSPECIFIED.);
#412=B_SPLINE_CURVE_WITH_KNOTS('',3,(#17691,#17692,#17693,#17694),
 .UNSPECIFIED.,.F.,.F.,(4,4),(-0.0812284464915251,0.),.UNSPECIFIED.);
#413=TOROIDAL_SURFACE('',#11664,2.,0.5);
#414=TOROIDAL_SURFACE('',#11675,2.,0.5);
#415=TOROIDAL_SURFACE('',#11681,2.,0.5);
#416=TOROIDAL_SURFACE('',#11692,2.,0.5);
#417=TOROIDAL_SURFACE('',#11741,2.,0.5);
#418=TOROIDAL_SURFACE('',#11747,2.,0.5);
#419=TOROIDAL_SURFACE('',#11753,2.,0.5);
#420=TOROIDAL_SURFACE('',#11773,2.,0.5);
#421=TOROIDAL_SURFACE('',#11787,2.1,1.);
#422=TOROIDAL_SURFACE('',#11792,2.1,1.);
#423=TOROIDAL_SURFACE('',#11807,2.09999999999999,1.);
#424=TOROIDAL_SURFACE('',#11811,2.1,1.);
#425=TOROIDAL_SURFACE('',#11816,2.1,1.);
#426=TOROIDAL_SURFACE('',#11818,2.09999999999998,1.);
#427=TOROIDAL_SURFACE('',#11822,2.10000000000004,1.);
#428=TOROIDAL_SURFACE('',#11827,2.1,1.);
#429=TOROIDAL_SURFACE('',#11831,2.10000000000015,1.);
#430=TOROIDAL_SURFACE('',#11835,2.1,1.);
#431=TOROIDAL_SURFACE('',#11840,2.10000000000001,1.);
#432=TOROIDAL_SURFACE('',#11843,1.1,0.5);
#433=TOROIDAL_SURFACE('',#11866,1.10000000000001,0.5);
#434=TOROIDAL_SURFACE('',#11871,1.09999999999999,0.5);
#435=TOROIDAL_SURFACE('',#11877,1.10000000000014,0.5);
#436=TOROIDAL_SURFACE('',#11883,1.1,0.5);
#437=TOROIDAL_SURFACE('',#11888,1.10000000000004,0.5);
#438=TOROIDAL_SURFACE('',#11894,1.09999999999999,0.5);
#439=TOROIDAL_SURFACE('',#11900,1.10000000000001,0.5);
#440=TOROIDAL_SURFACE('',#11905,1.1,0.5);
#441=TOROIDAL_SURFACE('',#11911,1.09999999999999,0.5);
#442=TOROIDAL_SURFACE('',#11917,1.1,0.5);
#443=FACE_OUTER_BOUND('',#1073,.T.);
#444=FACE_OUTER_BOUND('',#1074,.T.);
#445=FACE_OUTER_BOUND('',#1075,.T.);
#446=FACE_OUTER_BOUND('',#1076,.T.);
#447=FACE_OUTER_BOUND('',#1077,.T.);
#448=FACE_OUTER_BOUND('',#1078,.T.);
#449=FACE_OUTER_BOUND('',#1079,.T.);
#450=FACE_OUTER_BOUND('',#1080,.T.);
#451=FACE_OUTER_BOUND('',#1081,.T.);
#452=FACE_OUTER_BOUND('',#1082,.T.);
#453=FACE_OUTER_BOUND('',#1083,.T.);
#454=FACE_OUTER_BOUND('',#1084,.T.);
#455=FACE_OUTER_BOUND('',#1085,.T.);
#456=FACE_OUTER_BOUND('',#1086,.T.);
#457=FACE_OUTER_BOUND('',#1087,.T.);
#458=FACE_OUTER_BOUND('',#1088,.T.);
#459=FACE_OUTER_BOUND('',#1089,.T.);
#460=FACE_OUTER_BOUND('',#1090,.T.);
#461=FACE_OUTER_BOUND('',#1091,.T.);
#462=FACE_OUTER_BOUND('',#1092,.T.);
#463=FACE_OUTER_BOUND('',#1093,.T.);
#464=FACE_OUTER_BOUND('',#1094,.T.);
#465=FACE_OUTER_BOUND('',#1095,.T.);
#466=FACE_OUTER_BOUND('',#1096,.T.);
#467=FACE_OUTER_BOUND('',#1097,.T.);
#468=FACE_OUTER_BOUND('',#1098,.T.);
#469=FACE_OUTER_BOUND('',#1099,.T.);
#470=FACE_OUTER_BOUND('',#1100,.T.);
#471=FACE_OUTER_BOUND('',#1101,.T.);
#472=FACE_OUTER_BOUND('',#1102,.T.);
#473=FACE_OUTER_BOUND('',#1103,.T.);
#474=FACE_OUTER_BOUND('',#1104,.T.);
#475=FACE_OUTER_BOUND('',#1105,.T.);
#476=FACE_OUTER_BOUND('',#1106,.T.);
#477=FACE_OUTER_BOUND('',#1107,.T.);
#478=FACE_OUTER_BOUND('',#1108,.T.);
#479=FACE_OUTER_BOUND('',#1109,.T.);
#480=FACE_OUTER_BOUND('',#1110,.T.);
#481=FACE_OUTER_BOUND('',#1111,.T.);
#482=FACE_OUTER_BOUND('',#1112,.T.);
#483=FACE_OUTER_BOUND('',#1113,.T.);
#484=FACE_OUTER_BOUND('',#1114,.T.);
#485=FACE_OUTER_BOUND('',#1115,.T.);
#486=FACE_OUTER_BOUND('',#1116,.T.);
#487=FACE_OUTER_BOUND('',#1117,.T.);
#488=FACE_OUTER_BOUND('',#1118,.T.);
#489=FACE_OUTER_BOUND('',#1119,.T.);
#490=FACE_OUTER_BOUND('',#1120,.T.);
#491=FACE_OUTER_BOUND('',#1121,.T.);
#492=FACE_OUTER_BOUND('',#1122,.T.);
#493=FACE_OUTER_BOUND('',#1123,.T.);
#494=FACE_OUTER_BOUND('',#1124,.T.);
#495=FACE_OUTER_BOUND('',#1125,.T.);
#496=FACE_OUTER_BOUND('',#1126,.T.);
#497=FACE_OUTER_BOUND('',#1127,.T.);
#498=FACE_OUTER_BOUND('',#1128,.T.);
#499=FACE_OUTER_BOUND('',#1129,.T.);
#500=FACE_OUTER_BOUND('',#1130,.T.);
#501=FACE_OUTER_BOUND('',#1131,.T.);
#502=FACE_OUTER_BOUND('',#1132,.T.);
#503=FACE_OUTER_BOUND('',#1133,.T.);
#504=FACE_OUTER_BOUND('',#1134,.T.);
#505=FACE_OUTER_BOUND('',#1135,.T.);
#506=FACE_OUTER_BOUND('',#1136,.T.);
#507=FACE_OUTER_BOUND('',#1137,.T.);
#508=FACE_OUTER_BOUND('',#1138,.T.);
#509=FACE_OUTER_BOUND('',#1139,.T.);
#510=FACE_OUTER_BOUND('',#1140,.T.);
#511=FACE_OUTER_BOUND('',#1141,.T.);
#512=FACE_OUTER_BOUND('',#1142,.T.);
#513=FACE_OUTER_BOUND('',#1143,.T.);
#514=FACE_OUTER_BOUND('',#1144,.T.);
#515=FACE_OUTER_BOUND('',#1145,.T.);
#516=FACE_OUTER_BOUND('',#1146,.T.);
#517=FACE_OUTER_BOUND('',#1147,.T.);
#518=FACE_OUTER_BOUND('',#1148,.T.);
#519=FACE_OUTER_BOUND('',#1149,.T.);
#520=FACE_OUTER_BOUND('',#1150,.T.);
#521=FACE_OUTER_BOUND('',#1151,.T.);
#522=FACE_OUTER_BOUND('',#1152,.T.);
#523=FACE_OUTER_BOUND('',#1153,.T.);
#524=FACE_OUTER_BOUND('',#1154,.T.);
#525=FACE_OUTER_BOUND('',#1155,.T.);
#526=FACE_OUTER_BOUND('',#1156,.T.);
#527=FACE_OUTER_BOUND('',#1157,.T.);
#528=FACE_OUTER_BOUND('',#1158,.T.);
#529=FACE_OUTER_BOUND('',#1159,.T.);
#530=FACE_OUTER_BOUND('',#1160,.T.);
#531=FACE_OUTER_BOUND('',#1161,.T.);
#532=FACE_OUTER_BOUND('',#1162,.T.);
#533=FACE_OUTER_BOUND('',#1163,.T.);
#534=FACE_OUTER_BOUND('',#1164,.T.);
#535=FACE_OUTER_BOUND('',#1165,.T.);
#536=FACE_OUTER_BOUND('',#1166,.T.);
#537=FACE_OUTER_BOUND('',#1167,.T.);
#538=FACE_OUTER_BOUND('',#1168,.T.);
#539=FACE_OUTER_BOUND('',#1169,.T.);
#540=FACE_OUTER_BOUND('',#1170,.T.);
#541=FACE_OUTER_BOUND('',#1171,.T.);
#542=FACE_OUTER_BOUND('',#1172,.T.);
#543=FACE_OUTER_BOUND('',#1173,.T.);
#544=FACE_OUTER_BOUND('',#1174,.T.);
#545=FACE_OUTER_BOUND('',#1175,.T.);
#546=FACE_OUTER_BOUND('',#1176,.T.);
#547=FACE_OUTER_BOUND('',#1177,.T.);
#548=FACE_OUTER_BOUND('',#1178,.T.);
#549=FACE_OUTER_BOUND('',#1179,.T.);
#550=FACE_OUTER_BOUND('',#1180,.T.);
#551=FACE_OUTER_BOUND('',#1181,.T.);
#552=FACE_OUTER_BOUND('',#1182,.T.);
#553=FACE_OUTER_BOUND('',#1183,.T.);
#554=FACE_OUTER_BOUND('',#1184,.T.);
#555=FACE_OUTER_BOUND('',#1185,.T.);
#556=FACE_OUTER_BOUND('',#1186,.T.);
#557=FACE_OUTER_BOUND('',#1187,.T.);
#558=FACE_OUTER_BOUND('',#1188,.T.);
#559=FACE_OUTER_BOUND('',#1189,.T.);
#560=FACE_OUTER_BOUND('',#1190,.T.);
#561=FACE_OUTER_BOUND('',#1191,.T.);
#562=FACE_OUTER_BOUND('',#1192,.T.);
#563=FACE_OUTER_BOUND('',#1193,.T.);
#564=FACE_OUTER_BOUND('',#1194,.T.);
#565=FACE_OUTER_BOUND('',#1195,.T.);
#566=FACE_OUTER_BOUND('',#1196,.T.);
#567=FACE_OUTER_BOUND('',#1197,.T.);
#568=FACE_OUTER_BOUND('',#1198,.T.);
#569=FACE_OUTER_BOUND('',#1199,.T.);
#570=FACE_OUTER_BOUND('',#1200,.T.);
#571=FACE_OUTER_BOUND('',#1201,.T.);
#572=FACE_OUTER_BOUND('',#1202,.T.);
#573=FACE_OUTER_BOUND('',#1203,.T.);
#574=FACE_OUTER_BOUND('',#1204,.T.);
#575=FACE_OUTER_BOUND('',#1205,.T.);
#576=FACE_OUTER_BOUND('',#1206,.T.);
#577=FACE_OUTER_BOUND('',#1207,.T.);
#578=FACE_OUTER_BOUND('',#1208,.T.);
#579=FACE_OUTER_BOUND('',#1209,.T.);
#580=FACE_OUTER_BOUND('',#1210,.T.);
#581=FACE_OUTER_BOUND('',#1211,.T.);
#582=FACE_OUTER_BOUND('',#1212,.T.);
#583=FACE_OUTER_BOUND('',#1213,.T.);
#584=FACE_OUTER_BOUND('',#1214,.T.);
#585=FACE_OUTER_BOUND('',#1215,.T.);
#586=FACE_OUTER_BOUND('',#1216,.T.);
#587=FACE_OUTER_BOUND('',#1217,.T.);
#588=FACE_OUTER_BOUND('',#1218,.T.);
#589=FACE_OUTER_BOUND('',#1219,.T.);
#590=FACE_OUTER_BOUND('',#1220,.T.);
#591=FACE_OUTER_BOUND('',#1221,.T.);
#592=FACE_OUTER_BOUND('',#1222,.T.);
#593=FACE_OUTER_BOUND('',#1223,.T.);
#594=FACE_OUTER_BOUND('',#1224,.T.);
#595=FACE_OUTER_BOUND('',#1225,.T.);
#596=FACE_OUTER_BOUND('',#1226,.T.);
#597=FACE_OUTER_BOUND('',#1227,.T.);
#598=FACE_OUTER_BOUND('',#1228,.T.);
#599=FACE_OUTER_BOUND('',#1229,.T.);
#600=FACE_OUTER_BOUND('',#1230,.T.);
#601=FACE_OUTER_BOUND('',#1231,.T.);
#602=FACE_OUTER_BOUND('',#1232,.T.);
#603=FACE_OUTER_BOUND('',#1233,.T.);
#604=FACE_OUTER_BOUND('',#1234,.T.);
#605=FACE_OUTER_BOUND('',#1235,.T.);
#606=FACE_OUTER_BOUND('',#1236,.T.);
#607=FACE_OUTER_BOUND('',#1237,.T.);
#608=FACE_OUTER_BOUND('',#1238,.T.);
#609=FACE_OUTER_BOUND('',#1239,.T.);
#610=FACE_OUTER_BOUND('',#1240,.T.);
#611=FACE_OUTER_BOUND('',#1280,.T.);
#612=FACE_OUTER_BOUND('',#1281,.T.);
#613=FACE_OUTER_BOUND('',#1282,.T.);
#614=FACE_OUTER_BOUND('',#1283,.T.);
#615=FACE_OUTER_BOUND('',#1284,.T.);
#616=FACE_OUTER_BOUND('',#1285,.T.);
#617=FACE_OUTER_BOUND('',#1286,.T.);
#618=FACE_OUTER_BOUND('',#1287,.T.);
#619=FACE_OUTER_BOUND('',#1288,.T.);
#620=FACE_OUTER_BOUND('',#1289,.T.);
#621=FACE_OUTER_BOUND('',#1290,.T.);
#622=FACE_OUTER_BOUND('',#1291,.T.);
#623=FACE_OUTER_BOUND('',#1292,.T.);
#624=FACE_OUTER_BOUND('',#1293,.T.);
#625=FACE_OUTER_BOUND('',#1294,.T.);
#626=FACE_OUTER_BOUND('',#1295,.T.);
#627=FACE_OUTER_BOUND('',#1296,.T.);
#628=FACE_OUTER_BOUND('',#1297,.T.);
#629=FACE_OUTER_BOUND('',#1298,.T.);
#630=FACE_OUTER_BOUND('',#1299,.T.);
#631=FACE_OUTER_BOUND('',#1300,.T.);
#632=FACE_OUTER_BOUND('',#1301,.T.);
#633=FACE_OUTER_BOUND('',#1302,.T.);
#634=FACE_OUTER_BOUND('',#1303,.T.);
#635=FACE_OUTER_BOUND('',#1304,.T.);
#636=FACE_OUTER_BOUND('',#1305,.T.);
#637=FACE_OUTER_BOUND('',#1306,.T.);
#638=FACE_OUTER_BOUND('',#1307,.T.);
#639=FACE_OUTER_BOUND('',#1308,.T.);
#640=FACE_OUTER_BOUND('',#1309,.T.);
#641=FACE_OUTER_BOUND('',#1310,.T.);
#642=FACE_OUTER_BOUND('',#1311,.T.);
#643=FACE_OUTER_BOUND('',#1312,.T.);
#644=FACE_OUTER_BOUND('',#1313,.T.);
#645=FACE_OUTER_BOUND('',#1314,.T.);
#646=FACE_OUTER_BOUND('',#1315,.T.);
#647=FACE_OUTER_BOUND('',#1316,.T.);
#648=FACE_OUTER_BOUND('',#1317,.T.);
#649=FACE_OUTER_BOUND('',#1318,.T.);
#650=FACE_OUTER_BOUND('',#1319,.T.);
#651=FACE_OUTER_BOUND('',#1320,.T.);
#652=FACE_OUTER_BOUND('',#1321,.T.);
#653=FACE_OUTER_BOUND('',#1322,.T.);
#654=FACE_OUTER_BOUND('',#1323,.T.);
#655=FACE_OUTER_BOUND('',#1324,.T.);
#656=FACE_OUTER_BOUND('',#1325,.T.);
#657=FACE_OUTER_BOUND('',#1326,.T.);
#658=FACE_OUTER_BOUND('',#1327,.T.);
#659=FACE_OUTER_BOUND('',#1328,.T.);
#660=FACE_OUTER_BOUND('',#1329,.T.);
#661=FACE_OUTER_BOUND('',#1330,.T.);
#662=FACE_OUTER_BOUND('',#1331,.T.);
#663=FACE_OUTER_BOUND('',#1332,.T.);
#664=FACE_OUTER_BOUND('',#1333,.T.);
#665=FACE_OUTER_BOUND('',#1334,.T.);
#666=FACE_OUTER_BOUND('',#1335,.T.);
#667=FACE_OUTER_BOUND('',#1336,.T.);
#668=FACE_OUTER_BOUND('',#1337,.T.);
#669=FACE_OUTER_BOUND('',#1338,.T.);
#670=FACE_OUTER_BOUND('',#1339,.T.);
#671=FACE_OUTER_BOUND('',#1340,.T.);
#672=FACE_OUTER_BOUND('',#1341,.T.);
#673=FACE_OUTER_BOUND('',#1342,.T.);
#674=FACE_OUTER_BOUND('',#1343,.T.);
#675=FACE_OUTER_BOUND('',#1344,.T.);
#676=FACE_OUTER_BOUND('',#1345,.T.);
#677=FACE_OUTER_BOUND('',#1346,.T.);
#678=FACE_OUTER_BOUND('',#1347,.T.);
#679=FACE_OUTER_BOUND('',#1348,.T.);
#680=FACE_OUTER_BOUND('',#1349,.T.);
#681=FACE_OUTER_BOUND('',#1350,.T.);
#682=FACE_OUTER_BOUND('',#1351,.T.);
#683=FACE_OUTER_BOUND('',#1352,.T.);
#684=FACE_OUTER_BOUND('',#1353,.T.);
#685=FACE_OUTER_BOUND('',#1354,.T.);
#686=FACE_OUTER_BOUND('',#1355,.T.);
#687=FACE_OUTER_BOUND('',#1356,.T.);
#688=FACE_OUTER_BOUND('',#1357,.T.);
#689=FACE_OUTER_BOUND('',#1358,.T.);
#690=FACE_OUTER_BOUND('',#1359,.T.);
#691=FACE_OUTER_BOUND('',#1360,.T.);
#692=FACE_OUTER_BOUND('',#1361,.T.);
#693=FACE_OUTER_BOUND('',#1362,.T.);
#694=FACE_OUTER_BOUND('',#1363,.T.);
#695=FACE_OUTER_BOUND('',#1364,.T.);
#696=FACE_OUTER_BOUND('',#1365,.T.);
#697=FACE_OUTER_BOUND('',#1366,.T.);
#698=FACE_OUTER_BOUND('',#1367,.T.);
#699=FACE_OUTER_BOUND('',#1368,.T.);
#700=FACE_OUTER_BOUND('',#1369,.T.);
#701=FACE_OUTER_BOUND('',#1370,.T.);
#702=FACE_OUTER_BOUND('',#1371,.T.);
#703=FACE_OUTER_BOUND('',#1372,.T.);
#704=FACE_OUTER_BOUND('',#1373,.T.);
#705=FACE_OUTER_BOUND('',#1374,.T.);
#706=FACE_OUTER_BOUND('',#1375,.T.);
#707=FACE_OUTER_BOUND('',#1376,.T.);
#708=FACE_OUTER_BOUND('',#1377,.T.);
#709=FACE_OUTER_BOUND('',#1378,.T.);
#710=FACE_OUTER_BOUND('',#1379,.T.);
#711=FACE_OUTER_BOUND('',#1380,.T.);
#712=FACE_OUTER_BOUND('',#1381,.T.);
#713=FACE_OUTER_BOUND('',#1382,.T.);
#714=FACE_OUTER_BOUND('',#1383,.T.);
#715=FACE_OUTER_BOUND('',#1384,.T.);
#716=FACE_OUTER_BOUND('',#1385,.T.);
#717=FACE_OUTER_BOUND('',#1386,.T.);
#718=FACE_OUTER_BOUND('',#1387,.T.);
#719=FACE_OUTER_BOUND('',#1388,.T.);
#720=FACE_OUTER_BOUND('',#1389,.T.);
#721=FACE_OUTER_BOUND('',#1390,.T.);
#722=FACE_OUTER_BOUND('',#1391,.T.);
#723=FACE_OUTER_BOUND('',#1392,.T.);
#724=FACE_OUTER_BOUND('',#1393,.T.);
#725=FACE_OUTER_BOUND('',#1394,.T.);
#726=FACE_OUTER_BOUND('',#1395,.T.);
#727=FACE_OUTER_BOUND('',#1396,.T.);
#728=FACE_OUTER_BOUND('',#1397,.T.);
#729=FACE_OUTER_BOUND('',#1398,.T.);
#730=FACE_OUTER_BOUND('',#1399,.T.);
#731=FACE_OUTER_BOUND('',#1400,.T.);
#732=FACE_OUTER_BOUND('',#1401,.T.);
#733=FACE_OUTER_BOUND('',#1402,.T.);
#734=FACE_OUTER_BOUND('',#1403,.T.);
#735=FACE_OUTER_BOUND('',#1404,.T.);
#736=FACE_OUTER_BOUND('',#1405,.T.);
#737=FACE_OUTER_BOUND('',#1406,.T.);
#738=FACE_OUTER_BOUND('',#1407,.T.);
#739=FACE_OUTER_BOUND('',#1408,.T.);
#740=FACE_OUTER_BOUND('',#1409,.T.);
#741=FACE_OUTER_BOUND('',#1410,.T.);
#742=FACE_OUTER_BOUND('',#1411,.T.);
#743=FACE_OUTER_BOUND('',#1412,.T.);
#744=FACE_OUTER_BOUND('',#1413,.T.);
#745=FACE_OUTER_BOUND('',#1414,.T.);
#746=FACE_OUTER_BOUND('',#1415,.T.);
#747=FACE_OUTER_BOUND('',#1416,.T.);
#748=FACE_OUTER_BOUND('',#1417,.T.);
#749=FACE_OUTER_BOUND('',#1418,.T.);
#750=FACE_OUTER_BOUND('',#1419,.T.);
#751=FACE_OUTER_BOUND('',#1420,.T.);
#752=FACE_OUTER_BOUND('',#1421,.T.);
#753=FACE_OUTER_BOUND('',#1422,.T.);
#754=FACE_OUTER_BOUND('',#1423,.T.);
#755=FACE_OUTER_BOUND('',#1424,.T.);
#756=FACE_OUTER_BOUND('',#1425,.T.);
#757=FACE_OUTER_BOUND('',#1426,.T.);
#758=FACE_OUTER_BOUND('',#1427,.T.);
#759=FACE_OUTER_BOUND('',#1428,.T.);
#760=FACE_OUTER_BOUND('',#1429,.T.);
#761=FACE_OUTER_BOUND('',#1430,.T.);
#762=FACE_OUTER_BOUND('',#1431,.T.);
#763=FACE_OUTER_BOUND('',#1432,.T.);
#764=FACE_OUTER_BOUND('',#1433,.T.);
#765=FACE_OUTER_BOUND('',#1434,.T.);
#766=FACE_OUTER_BOUND('',#1435,.T.);
#767=FACE_OUTER_BOUND('',#1436,.T.);
#768=FACE_OUTER_BOUND('',#1437,.T.);
#769=FACE_OUTER_BOUND('',#1438,.T.);
#770=FACE_OUTER_BOUND('',#1439,.T.);
#771=FACE_OUTER_BOUND('',#1440,.T.);
#772=FACE_OUTER_BOUND('',#1441,.T.);
#773=FACE_OUTER_BOUND('',#1442,.T.);
#774=FACE_OUTER_BOUND('',#1443,.T.);
#775=FACE_OUTER_BOUND('',#1444,.T.);
#776=FACE_OUTER_BOUND('',#1445,.T.);
#777=FACE_OUTER_BOUND('',#1446,.T.);
#778=FACE_OUTER_BOUND('',#1447,.T.);
#779=FACE_OUTER_BOUND('',#1448,.T.);
#780=FACE_OUTER_BOUND('',#1449,.T.);
#781=FACE_OUTER_BOUND('',#1450,.T.);
#782=FACE_OUTER_BOUND('',#1451,.T.);
#783=FACE_OUTER_BOUND('',#1452,.T.);
#784=FACE_OUTER_BOUND('',#1453,.T.);
#785=FACE_OUTER_BOUND('',#1454,.T.);
#786=FACE_OUTER_BOUND('',#1455,.T.);
#787=FACE_OUTER_BOUND('',#1456,.T.);
#788=FACE_OUTER_BOUND('',#1457,.T.);
#789=FACE_OUTER_BOUND('',#1458,.T.);
#790=FACE_OUTER_BOUND('',#1459,.T.);
#791=FACE_OUTER_BOUND('',#1460,.T.);
#792=FACE_OUTER_BOUND('',#1461,.T.);
#793=FACE_OUTER_BOUND('',#1462,.T.);
#794=FACE_OUTER_BOUND('',#1463,.T.);
#795=FACE_OUTER_BOUND('',#1464,.T.);
#796=FACE_OUTER_BOUND('',#1465,.T.);
#797=FACE_OUTER_BOUND('',#1466,.T.);
#798=FACE_OUTER_BOUND('',#1467,.T.);
#799=FACE_OUTER_BOUND('',#1468,.T.);
#800=FACE_OUTER_BOUND('',#1469,.T.);
#801=FACE_OUTER_BOUND('',#1470,.T.);
#802=FACE_OUTER_BOUND('',#1471,.T.);
#803=FACE_OUTER_BOUND('',#1472,.T.);
#804=FACE_OUTER_BOUND('',#1473,.T.);
#805=FACE_OUTER_BOUND('',#1474,.T.);
#806=FACE_OUTER_BOUND('',#1475,.T.);
#807=FACE_OUTER_BOUND('',#1476,.T.);
#808=FACE_OUTER_BOUND('',#1477,.T.);
#809=FACE_OUTER_BOUND('',#1478,.T.);
#810=FACE_OUTER_BOUND('',#1479,.T.);
#811=FACE_OUTER_BOUND('',#1480,.T.);
#812=FACE_OUTER_BOUND('',#1481,.T.);
#813=FACE_OUTER_BOUND('',#1482,.T.);
#814=FACE_OUTER_BOUND('',#1483,.T.);
#815=FACE_OUTER_BOUND('',#1484,.T.);
#816=FACE_OUTER_BOUND('',#1485,.T.);
#817=FACE_OUTER_BOUND('',#1486,.T.);
#818=FACE_OUTER_BOUND('',#1487,.T.);
#819=FACE_OUTER_BOUND('',#1488,.T.);
#820=FACE_OUTER_BOUND('',#1489,.T.);
#821=FACE_OUTER_BOUND('',#1490,.T.);
#822=FACE_OUTER_BOUND('',#1491,.T.);
#823=FACE_OUTER_BOUND('',#1492,.T.);
#824=FACE_OUTER_BOUND('',#1493,.T.);
#825=FACE_OUTER_BOUND('',#1494,.T.);
#826=FACE_OUTER_BOUND('',#1495,.T.);
#827=FACE_OUTER_BOUND('',#1496,.T.);
#828=FACE_OUTER_BOUND('',#1497,.T.);
#829=FACE_OUTER_BOUND('',#1499,.T.);
#830=FACE_OUTER_BOUND('',#1500,.T.);
#831=FACE_OUTER_BOUND('',#1501,.T.);
#832=FACE_OUTER_BOUND('',#1502,.T.);
#833=FACE_OUTER_BOUND('',#1503,.T.);
#834=FACE_OUTER_BOUND('',#1505,.T.);
#835=FACE_OUTER_BOUND('',#1506,.T.);
#836=FACE_OUTER_BOUND('',#1507,.T.);
#837=FACE_OUTER_BOUND('',#1508,.T.);
#838=FACE_OUTER_BOUND('',#1509,.T.);
#839=FACE_OUTER_BOUND('',#1511,.T.);
#840=FACE_OUTER_BOUND('',#1512,.T.);
#841=FACE_OUTER_BOUND('',#1513,.T.);
#842=FACE_OUTER_BOUND('',#1514,.T.);
#843=FACE_OUTER_BOUND('',#1515,.T.);
#844=FACE_OUTER_BOUND('',#1517,.T.);
#845=FACE_OUTER_BOUND('',#1518,.T.);
#846=FACE_OUTER_BOUND('',#1519,.T.);
#847=FACE_OUTER_BOUND('',#1520,.T.);
#848=FACE_OUTER_BOUND('',#1521,.T.);
#849=FACE_OUTER_BOUND('',#1523,.T.);
#850=FACE_OUTER_BOUND('',#1524,.T.);
#851=FACE_OUTER_BOUND('',#1525,.T.);
#852=FACE_OUTER_BOUND('',#1526,.T.);
#853=FACE_OUTER_BOUND('',#1527,.T.);
#854=FACE_OUTER_BOUND('',#1528,.T.);
#855=FACE_OUTER_BOUND('',#1529,.T.);
#856=FACE_OUTER_BOUND('',#1530,.T.);
#857=FACE_OUTER_BOUND('',#1531,.T.);
#858=FACE_OUTER_BOUND('',#1532,.T.);
#859=FACE_OUTER_BOUND('',#1533,.T.);
#860=FACE_OUTER_BOUND('',#1534,.T.);
#861=FACE_OUTER_BOUND('',#1535,.T.);
#862=FACE_OUTER_BOUND('',#1536,.T.);
#863=FACE_OUTER_BOUND('',#1537,.T.);
#864=FACE_OUTER_BOUND('',#1538,.T.);
#865=FACE_OUTER_BOUND('',#1539,.T.);
#866=FACE_OUTER_BOUND('',#1540,.T.);
#867=FACE_OUTER_BOUND('',#1541,.T.);
#868=FACE_OUTER_BOUND('',#1542,.T.);
#869=FACE_OUTER_BOUND('',#1543,.T.);
#870=FACE_OUTER_BOUND('',#1544,.T.);
#871=FACE_OUTER_BOUND('',#1545,.T.);
#872=FACE_OUTER_BOUND('',#1546,.T.);
#873=FACE_OUTER_BOUND('',#1547,.T.);
#874=FACE_OUTER_BOUND('',#1548,.T.);
#875=FACE_OUTER_BOUND('',#1549,.T.);
#876=FACE_OUTER_BOUND('',#1550,.T.);
#877=FACE_OUTER_BOUND('',#1551,.T.);
#878=FACE_OUTER_BOUND('',#1552,.T.);
#879=FACE_OUTER_BOUND('',#1553,.T.);
#880=FACE_OUTER_BOUND('',#1554,.T.);
#881=FACE_OUTER_BOUND('',#1555,.T.);
#882=FACE_OUTER_BOUND('',#1556,.T.);
#883=FACE_OUTER_BOUND('',#1557,.T.);
#884=FACE_OUTER_BOUND('',#1558,.T.);
#885=FACE_OUTER_BOUND('',#1559,.T.);
#886=FACE_OUTER_BOUND('',#1560,.T.);
#887=FACE_OUTER_BOUND('',#1561,.T.);
#888=FACE_OUTER_BOUND('',#1591,.T.);
#889=FACE_OUTER_BOUND('',#1592,.T.);
#890=FACE_OUTER_BOUND('',#1593,.T.);
#891=FACE_OUTER_BOUND('',#1594,.T.);
#892=FACE_OUTER_BOUND('',#1595,.T.);
#893=FACE_OUTER_BOUND('',#1596,.T.);
#894=FACE_OUTER_BOUND('',#1597,.T.);
#895=FACE_OUTER_BOUND('',#1598,.T.);
#896=FACE_OUTER_BOUND('',#1599,.T.);
#897=FACE_OUTER_BOUND('',#1600,.T.);
#898=FACE_OUTER_BOUND('',#1601,.T.);
#899=FACE_OUTER_BOUND('',#1602,.T.);
#900=FACE_OUTER_BOUND('',#1603,.T.);
#901=FACE_OUTER_BOUND('',#1604,.T.);
#902=FACE_OUTER_BOUND('',#1605,.T.);
#903=FACE_OUTER_BOUND('',#1606,.T.);
#904=FACE_OUTER_BOUND('',#1607,.T.);
#905=FACE_OUTER_BOUND('',#1608,.T.);
#906=FACE_OUTER_BOUND('',#1609,.T.);
#907=FACE_OUTER_BOUND('',#1610,.T.);
#908=FACE_OUTER_BOUND('',#1611,.T.);
#909=FACE_OUTER_BOUND('',#1612,.T.);
#910=FACE_OUTER_BOUND('',#1613,.T.);
#911=FACE_OUTER_BOUND('',#1614,.T.);
#912=FACE_OUTER_BOUND('',#1615,.T.);
#913=FACE_OUTER_BOUND('',#1616,.T.);
#914=FACE_OUTER_BOUND('',#1617,.T.);
#915=FACE_OUTER_BOUND('',#1618,.T.);
#916=FACE_OUTER_BOUND('',#1619,.T.);
#917=FACE_OUTER_BOUND('',#1620,.T.);
#918=FACE_OUTER_BOUND('',#1621,.T.);
#919=FACE_OUTER_BOUND('',#1622,.T.);
#920=FACE_OUTER_BOUND('',#1623,.T.);
#921=FACE_OUTER_BOUND('',#1624,.T.);
#922=FACE_OUTER_BOUND('',#1625,.T.);
#923=FACE_OUTER_BOUND('',#1626,.T.);
#924=FACE_OUTER_BOUND('',#1627,.T.);
#925=FACE_OUTER_BOUND('',#1628,.T.);
#926=FACE_OUTER_BOUND('',#1629,.T.);
#927=FACE_OUTER_BOUND('',#1630,.T.);
#928=FACE_OUTER_BOUND('',#1631,.T.);
#929=FACE_OUTER_BOUND('',#1632,.T.);
#930=FACE_OUTER_BOUND('',#1633,.T.);
#931=FACE_OUTER_BOUND('',#1634,.T.);
#932=FACE_OUTER_BOUND('',#1635,.T.);
#933=FACE_OUTER_BOUND('',#1636,.T.);
#934=FACE_OUTER_BOUND('',#1637,.T.);
#935=FACE_OUTER_BOUND('',#1638,.T.);
#936=FACE_OUTER_BOUND('',#1639,.T.);
#937=FACE_OUTER_BOUND('',#1640,.T.);
#938=FACE_OUTER_BOUND('',#1641,.T.);
#939=FACE_OUTER_BOUND('',#1642,.T.);
#940=FACE_OUTER_BOUND('',#1643,.T.);
#941=FACE_OUTER_BOUND('',#1644,.T.);
#942=FACE_OUTER_BOUND('',#1645,.T.);
#943=FACE_OUTER_BOUND('',#1646,.T.);
#944=FACE_OUTER_BOUND('',#1647,.T.);
#945=FACE_OUTER_BOUND('',#1648,.T.);
#946=FACE_OUTER_BOUND('',#1649,.T.);
#947=FACE_OUTER_BOUND('',#1650,.T.);
#948=FACE_OUTER_BOUND('',#1651,.T.);
#949=FACE_OUTER_BOUND('',#1652,.T.);
#950=FACE_OUTER_BOUND('',#1653,.T.);
#951=FACE_OUTER_BOUND('',#1654,.T.);
#952=FACE_OUTER_BOUND('',#1655,.T.);
#953=FACE_OUTER_BOUND('',#1656,.T.);
#954=FACE_OUTER_BOUND('',#1657,.T.);
#955=FACE_OUTER_BOUND('',#1658,.T.);
#956=FACE_OUTER_BOUND('',#1659,.T.);
#957=FACE_OUTER_BOUND('',#1660,.T.);
#958=FACE_OUTER_BOUND('',#1661,.T.);
#959=FACE_OUTER_BOUND('',#1662,.T.);
#960=FACE_OUTER_BOUND('',#1663,.T.);
#961=FACE_OUTER_BOUND('',#1664,.T.);
#962=FACE_OUTER_BOUND('',#1665,.T.);
#963=FACE_OUTER_BOUND('',#1666,.T.);
#964=FACE_OUTER_BOUND('',#1667,.T.);
#965=FACE_OUTER_BOUND('',#1668,.T.);
#966=FACE_OUTER_BOUND('',#1669,.T.);
#967=FACE_OUTER_BOUND('',#1670,.T.);
#968=FACE_OUTER_BOUND('',#1671,.T.);
#969=FACE_OUTER_BOUND('',#1672,.T.);
#970=FACE_OUTER_BOUND('',#1673,.T.);
#971=FACE_OUTER_BOUND('',#1674,.T.);
#972=FACE_OUTER_BOUND('',#1675,.T.);
#973=FACE_OUTER_BOUND('',#1676,.T.);
#974=FACE_OUTER_BOUND('',#1677,.T.);
#975=FACE_OUTER_BOUND('',#1678,.T.);
#976=FACE_OUTER_BOUND('',#1679,.T.);
#977=FACE_OUTER_BOUND('',#1680,.T.);
#978=FACE_OUTER_BOUND('',#1681,.T.);
#979=FACE_OUTER_BOUND('',#1682,.T.);
#980=FACE_OUTER_BOUND('',#1683,.T.);
#981=FACE_OUTER_BOUND('',#1684,.T.);
#982=FACE_OUTER_BOUND('',#1685,.T.);
#983=FACE_OUTER_BOUND('',#1686,.T.);
#984=FACE_OUTER_BOUND('',#1687,.T.);
#985=FACE_OUTER_BOUND('',#1688,.T.);
#986=FACE_OUTER_BOUND('',#1689,.T.);
#987=FACE_OUTER_BOUND('',#1690,.T.);
#988=FACE_OUTER_BOUND('',#1691,.T.);
#989=FACE_OUTER_BOUND('',#1692,.T.);
#990=FACE_OUTER_BOUND('',#1693,.T.);
#991=FACE_OUTER_BOUND('',#1694,.T.);
#992=FACE_OUTER_BOUND('',#1695,.T.);
#993=FACE_OUTER_BOUND('',#1696,.T.);
#994=FACE_OUTER_BOUND('',#1697,.T.);
#995=FACE_OUTER_BOUND('',#1698,.T.);
#996=FACE_OUTER_BOUND('',#1699,.T.);
#997=FACE_OUTER_BOUND('',#1700,.T.);
#998=FACE_OUTER_BOUND('',#1701,.T.);
#999=FACE_OUTER_BOUND('',#1702,.T.);
#1000=FACE_OUTER_BOUND('',#1703,.T.);
#1001=FACE_OUTER_BOUND('',#1704,.T.);
#1002=FACE_OUTER_BOUND('',#1705,.T.);
#1003=FACE_OUTER_BOUND('',#1706,.T.);
#1004=FACE_OUTER_BOUND('',#1707,.T.);
#1005=FACE_OUTER_BOUND('',#1708,.T.);
#1006=FACE_OUTER_BOUND('',#1709,.T.);
#1007=FACE_OUTER_BOUND('',#1710,.T.);
#1008=FACE_OUTER_BOUND('',#1711,.T.);
#1009=FACE_OUTER_BOUND('',#1712,.T.);
#1010=FACE_OUTER_BOUND('',#1713,.T.);
#1011=FACE_OUTER_BOUND('',#1714,.T.);
#1012=FACE_OUTER_BOUND('',#1715,.T.);
#1013=FACE_OUTER_BOUND('',#1716,.T.);
#1014=FACE_OUTER_BOUND('',#1717,.T.);
#1015=FACE_OUTER_BOUND('',#1718,.T.);
#1016=FACE_OUTER_BOUND('',#1719,.T.);
#1017=FACE_OUTER_BOUND('',#1720,.T.);
#1018=FACE_OUTER_BOUND('',#1721,.T.);
#1019=FACE_OUTER_BOUND('',#1722,.T.);
#1020=FACE_OUTER_BOUND('',#1723,.T.);
#1021=FACE_OUTER_BOUND('',#1724,.T.);
#1022=FACE_OUTER_BOUND('',#1725,.T.);
#1023=FACE_OUTER_BOUND('',#1726,.T.);
#1024=FACE_OUTER_BOUND('',#1727,.T.);
#1025=FACE_OUTER_BOUND('',#1728,.T.);
#1026=FACE_OUTER_BOUND('',#1729,.T.);
#1027=FACE_OUTER_BOUND('',#1730,.T.);
#1028=FACE_OUTER_BOUND('',#1731,.T.);
#1029=FACE_OUTER_BOUND('',#1732,.T.);
#1030=FACE_OUTER_BOUND('',#1733,.T.);
#1031=FACE_OUTER_BOUND('',#1734,.T.);
#1032=FACE_OUTER_BOUND('',#1735,.T.);
#1033=FACE_OUTER_BOUND('',#1736,.T.);
#1034=FACE_OUTER_BOUND('',#1737,.T.);
#1035=FACE_OUTER_BOUND('',#1738,.T.);
#1036=FACE_OUTER_BOUND('',#1739,.T.);
#1037=FACE_OUTER_BOUND('',#1740,.T.);
#1038=FACE_OUTER_BOUND('',#1741,.T.);
#1039=FACE_OUTER_BOUND('',#1742,.T.);
#1040=FACE_OUTER_BOUND('',#1743,.T.);
#1041=FACE_OUTER_BOUND('',#1744,.T.);
#1042=FACE_OUTER_BOUND('',#1745,.T.);
#1043=FACE_OUTER_BOUND('',#1746,.T.);
#1044=FACE_OUTER_BOUND('',#1747,.T.);
#1045=FACE_OUTER_BOUND('',#1748,.T.);
#1046=FACE_OUTER_BOUND('',#1749,.T.);
#1047=FACE_OUTER_BOUND('',#1750,.T.);
#1048=FACE_OUTER_BOUND('',#1751,.T.);
#1049=FACE_OUTER_BOUND('',#1752,.T.);
#1050=FACE_OUTER_BOUND('',#1753,.T.);
#1051=FACE_OUTER_BOUND('',#1754,.T.);
#1052=FACE_OUTER_BOUND('',#1755,.T.);
#1053=FACE_OUTER_BOUND('',#1756,.T.);
#1054=FACE_OUTER_BOUND('',#1757,.T.);
#1055=FACE_OUTER_BOUND('',#1758,.T.);
#1056=FACE_OUTER_BOUND('',#1759,.T.);
#1057=FACE_OUTER_BOUND('',#1760,.T.);
#1058=FACE_OUTER_BOUND('',#1761,.T.);
#1059=FACE_OUTER_BOUND('',#1762,.T.);
#1060=FACE_OUTER_BOUND('',#1763,.T.);
#1061=FACE_OUTER_BOUND('',#1764,.T.);
#1062=FACE_OUTER_BOUND('',#1765,.T.);
#1063=FACE_OUTER_BOUND('',#1766,.T.);
#1064=FACE_OUTER_BOUND('',#1767,.T.);
#1065=FACE_OUTER_BOUND('',#1768,.T.);
#1066=FACE_OUTER_BOUND('',#1769,.T.);
#1067=FACE_OUTER_BOUND('',#1770,.T.);
#1068=FACE_OUTER_BOUND('',#1771,.T.);
#1069=FACE_OUTER_BOUND('',#1772,.T.);
#1070=FACE_OUTER_BOUND('',#1773,.T.);
#1071=FACE_OUTER_BOUND('',#1774,.T.);
#1072=FACE_OUTER_BOUND('',#1775,.T.);
#1073=EDGE_LOOP('',(#7277,#7278,#7279,#7280));
#1074=EDGE_LOOP('',(#7281,#7282,#7283,#7284));
#1075=EDGE_LOOP('',(#7285,#7286,#7287,#7288));
#1076=EDGE_LOOP('',(#7289,#7290,#7291,#7292));
#1077=EDGE_LOOP('',(#7293,#7294,#7295,#7296));
#1078=EDGE_LOOP('',(#7297,#7298,#7299,#7300));
#1079=EDGE_LOOP('',(#7301,#7302,#7303,#7304));
#1080=EDGE_LOOP('',(#7305,#7306,#7307,#7308));
#1081=EDGE_LOOP('',(#7309,#7310,#7311,#7312));
#1082=EDGE_LOOP('',(#7313,#7314,#7315,#7316));
#1083=EDGE_LOOP('',(#7317,#7318,#7319,#7320));
#1084=EDGE_LOOP('',(#7321,#7322,#7323,#7324));
#1085=EDGE_LOOP('',(#7325,#7326,#7327,#7328));
#1086=EDGE_LOOP('',(#7329,#7330,#7331));
#1087=EDGE_LOOP('',(#7332,#7333,#7334));
#1088=EDGE_LOOP('',(#7335,#7336,#7337,#7338,#7339,#7340,#7341));
#1089=EDGE_LOOP('',(#7342,#7343,#7344,#7345));
#1090=EDGE_LOOP('',(#7346,#7347,#7348,#7349,#7350,#7351,#7352,#7353,#7354,
#7355,#7356,#7357,#7358,#7359,#7360,#7361,#7362,#7363,#7364,#7365,#7366,
#7367,#7368,#7369,#7370,#7371,#7372,#7373,#7374,#7375,#7376,#7377,#7378,
#7379,#7380,#7381,#7382,#7383,#7384,#7385,#7386,#7387,#7388,#7389,#7390,
#7391,#7392,#7393,#7394,#7395,#7396,#7397,#7398,#7399));
#1091=EDGE_LOOP('',(#7400,#7401,#7402,#7403));
#1092=EDGE_LOOP('',(#7404,#7405,#7406,#7407,#7408,#7409,#7410,#7411,#7412,
#7413));
#1093=EDGE_LOOP('',(#7414,#7415,#7416,#7417));
#1094=EDGE_LOOP('',(#7418,#7419,#7420,#7421,#7422,#7423,#7424,#7425));
#1095=EDGE_LOOP('',(#7426,#7427,#7428,#7429));
#1096=EDGE_LOOP('',(#7430,#7431,#7432,#7433,#7434));
#1097=EDGE_LOOP('',(#7435,#7436,#7437,#7438));
#1098=EDGE_LOOP('',(#7439,#7440,#7441,#7442));
#1099=EDGE_LOOP('',(#7443,#7444,#7445,#7446));
#1100=EDGE_LOOP('',(#7447,#7448,#7449,#7450,#7451));
#1101=EDGE_LOOP('',(#7452,#7453,#7454,#7455,#7456));
#1102=EDGE_LOOP('',(#7457,#7458,#7459,#7460));
#1103=EDGE_LOOP('',(#7461,#7462,#7463,#7464));
#1104=EDGE_LOOP('',(#7465,#7466,#7467,#7468));
#1105=EDGE_LOOP('',(#7469,#7470,#7471,#7472));
#1106=EDGE_LOOP('',(#7473,#7474,#7475,#7476));
#1107=EDGE_LOOP('',(#7477,#7478,#7479));
#1108=EDGE_LOOP('',(#7480,#7481,#7482,#7483));
#1109=EDGE_LOOP('',(#7484,#7485,#7486,#7487));
#1110=EDGE_LOOP('',(#7488,#7489,#7490,#7491));
#1111=EDGE_LOOP('',(#7492,#7493,#7494,#7495));
#1112=EDGE_LOOP('',(#7496,#7497,#7498,#7499));
#1113=EDGE_LOOP('',(#7500,#7501,#7502));
#1114=EDGE_LOOP('',(#7503,#7504,#7505,#7506,#7507));
#1115=EDGE_LOOP('',(#7508,#7509,#7510,#7511));
#1116=EDGE_LOOP('',(#7512,#7513,#7514,#7515));
#1117=EDGE_LOOP('',(#7516,#7517,#7518,#7519,#7520,#7521,#7522,#7523));
#1118=EDGE_LOOP('',(#7524,#7525,#7526,#7527,#7528,#7529,#7530,#7531));
#1119=EDGE_LOOP('',(#7532,#7533,#7534,#7535,#7536));
#1120=EDGE_LOOP('',(#7537,#7538,#7539));
#1121=EDGE_LOOP('',(#7540,#7541,#7542,#7543));
#1122=EDGE_LOOP('',(#7544,#7545,#7546,#7547));
#1123=EDGE_LOOP('',(#7548,#7549,#7550,#7551,#7552));
#1124=EDGE_LOOP('',(#7553,#7554,#7555,#7556));
#1125=EDGE_LOOP('',(#7557,#7558,#7559,#7560));
#1126=EDGE_LOOP('',(#7561,#7562,#7563,#7564));
#1127=EDGE_LOOP('',(#7565,#7566,#7567,#7568));
#1128=EDGE_LOOP('',(#7569,#7570,#7571,#7572));
#1129=EDGE_LOOP('',(#7573,#7574,#7575,#7576));
#1130=EDGE_LOOP('',(#7577,#7578,#7579,#7580));
#1131=EDGE_LOOP('',(#7581,#7582,#7583,#7584));
#1132=EDGE_LOOP('',(#7585,#7586,#7587,#7588));
#1133=EDGE_LOOP('',(#7589,#7590,#7591,#7592));
#1134=EDGE_LOOP('',(#7593,#7594,#7595,#7596));
#1135=EDGE_LOOP('',(#7597,#7598,#7599,#7600));
#1136=EDGE_LOOP('',(#7601,#7602,#7603,#7604));
#1137=EDGE_LOOP('',(#7605,#7606,#7607,#7608));
#1138=EDGE_LOOP('',(#7609,#7610,#7611,#7612));
#1139=EDGE_LOOP('',(#7613,#7614,#7615,#7616));
#1140=EDGE_LOOP('',(#7617,#7618,#7619,#7620));
#1141=EDGE_LOOP('',(#7621,#7622,#7623,#7624));
#1142=EDGE_LOOP('',(#7625,#7626,#7627,#7628));
#1143=EDGE_LOOP('',(#7629,#7630,#7631,#7632));
#1144=EDGE_LOOP('',(#7633,#7634,#7635,#7636));
#1145=EDGE_LOOP('',(#7637,#7638,#7639,#7640,#7641,#7642));
#1146=EDGE_LOOP('',(#7643,#7644,#7645,#7646));
#1147=EDGE_LOOP('',(#7647,#7648,#7649,#7650,#7651));
#1148=EDGE_LOOP('',(#7652,#7653,#7654));
#1149=EDGE_LOOP('',(#7655,#7656,#7657));
#1150=EDGE_LOOP('',(#7658,#7659,#7660));
#1151=EDGE_LOOP('',(#7661,#7662,#7663));
#1152=EDGE_LOOP('',(#7664,#7665,#7666));
#1153=EDGE_LOOP('',(#7667,#7668,#7669));
#1154=EDGE_LOOP('',(#7670,#7671,#7672));
#1155=EDGE_LOOP('',(#7673,#7674,#7675,#7676));
#1156=EDGE_LOOP('',(#7677,#7678,#7679,#7680));
#1157=EDGE_LOOP('',(#7681,#7682,#7683,#7684));
#1158=EDGE_LOOP('',(#7685,#7686,#7687,#7688));
#1159=EDGE_LOOP('',(#7689,#7690,#7691,#7692));
#1160=EDGE_LOOP('',(#7693,#7694,#7695,#7696));
#1161=EDGE_LOOP('',(#7697,#7698,#7699,#7700));
#1162=EDGE_LOOP('',(#7701,#7702,#7703,#7704));
#1163=EDGE_LOOP('',(#7705,#7706,#7707,#7708));
#1164=EDGE_LOOP('',(#7709,#7710,#7711,#7712));
#1165=EDGE_LOOP('',(#7713,#7714,#7715,#7716));
#1166=EDGE_LOOP('',(#7717,#7718,#7719,#7720));
#1167=EDGE_LOOP('',(#7721,#7722,#7723,#7724));
#1168=EDGE_LOOP('',(#7725,#7726,#7727,#7728));
#1169=EDGE_LOOP('',(#7729,#7730,#7731,#7732));
#1170=EDGE_LOOP('',(#7733,#7734,#7735,#7736));
#1171=EDGE_LOOP('',(#7737,#7738,#7739,#7740));
#1172=EDGE_LOOP('',(#7741,#7742,#7743,#7744));
#1173=EDGE_LOOP('',(#7745,#7746,#7747,#7748));
#1174=EDGE_LOOP('',(#7749,#7750,#7751,#7752));
#1175=EDGE_LOOP('',(#7753,#7754,#7755,#7756));
#1176=EDGE_LOOP('',(#7757,#7758,#7759,#7760));
#1177=EDGE_LOOP('',(#7761,#7762,#7763,#7764));
#1178=EDGE_LOOP('',(#7765,#7766,#7767,#7768));
#1179=EDGE_LOOP('',(#7769,#7770,#7771,#7772));
#1180=EDGE_LOOP('',(#7773,#7774,#7775,#7776));
#1181=EDGE_LOOP('',(#7777,#7778,#7779,#7780));
#1182=EDGE_LOOP('',(#7781,#7782,#7783,#7784));
#1183=EDGE_LOOP('',(#7785,#7786,#7787,#7788,#7789,#7790));
#1184=EDGE_LOOP('',(#7791,#7792,#7793,#7794,#7795));
#1185=EDGE_LOOP('',(#7796,#7797,#7798,#7799));
#1186=EDGE_LOOP('',(#7800,#7801,#7802,#7803));
#1187=EDGE_LOOP('',(#7804,#7805,#7806,#7807));
#1188=EDGE_LOOP('',(#7808,#7809,#7810,#7811));
#1189=EDGE_LOOP('',(#7812,#7813,#7814,#7815));
#1190=EDGE_LOOP('',(#7816,#7817,#7818,#7819));
#1191=EDGE_LOOP('',(#7820,#7821,#7822,#7823));
#1192=EDGE_LOOP('',(#7824,#7825,#7826,#7827));
#1193=EDGE_LOOP('',(#7828,#7829,#7830,#7831));
#1194=EDGE_LOOP('',(#7832,#7833,#7834,#7835));
#1195=EDGE_LOOP('',(#7836,#7837,#7838,#7839));
#1196=EDGE_LOOP('',(#7840,#7841,#7842,#7843));
#1197=EDGE_LOOP('',(#7844,#7845,#7846,#7847));
#1198=EDGE_LOOP('',(#7848,#7849,#7850,#7851));
#1199=EDGE_LOOP('',(#7852,#7853,#7854,#7855));
#1200=EDGE_LOOP('',(#7856,#7857,#7858,#7859,#7860));
#1201=EDGE_LOOP('',(#7861,#7862,#7863,#7864));
#1202=EDGE_LOOP('',(#7865,#7866,#7867,#7868));
#1203=EDGE_LOOP('',(#7869,#7870,#7871,#7872));
#1204=EDGE_LOOP('',(#7873,#7874,#7875,#7876));
#1205=EDGE_LOOP('',(#7877,#7878,#7879,#7880));
#1206=EDGE_LOOP('',(#7881,#7882,#7883,#7884));
#1207=EDGE_LOOP('',(#7885,#7886,#7887,#7888));
#1208=EDGE_LOOP('',(#7889,#7890,#7891,#7892));
#1209=EDGE_LOOP('',(#7893,#7894,#7895,#7896));
#1210=EDGE_LOOP('',(#7897,#7898,#7899,#7900));
#1211=EDGE_LOOP('',(#7901,#7902,#7903,#7904));
#1212=EDGE_LOOP('',(#7905,#7906,#7907,#7908,#7909,#7910,#7911,#7912));
#1213=EDGE_LOOP('',(#7913,#7914,#7915,#7916));
#1214=EDGE_LOOP('',(#7917,#7918,#7919,#7920));
#1215=EDGE_LOOP('',(#7921,#7922,#7923,#7924));
#1216=EDGE_LOOP('',(#7925,#7926,#7927,#7928));
#1217=EDGE_LOOP('',(#7929,#7930,#7931,#7932));
#1218=EDGE_LOOP('',(#7933,#7934,#7935,#7936));
#1219=EDGE_LOOP('',(#7937,#7938,#7939,#7940));
#1220=EDGE_LOOP('',(#7941,#7942,#7943,#7944));
#1221=EDGE_LOOP('',(#7945,#7946,#7947,#7948));
#1222=EDGE_LOOP('',(#7949,#7950,#7951,#7952));
#1223=EDGE_LOOP('',(#7953,#7954,#7955,#7956));
#1224=EDGE_LOOP('',(#7957,#7958,#7959,#7960));
#1225=EDGE_LOOP('',(#7961,#7962,#7963,#7964));
#1226=EDGE_LOOP('',(#7965,#7966,#7967,#7968));
#1227=EDGE_LOOP('',(#7969,#7970,#7971,#7972));
#1228=EDGE_LOOP('',(#7973,#7974,#7975,#7976));
#1229=EDGE_LOOP('',(#7977,#7978,#7979,#7980));
#1230=EDGE_LOOP('',(#7981,#7982,#7983,#7984));
#1231=EDGE_LOOP('',(#7985,#7986,#7987,#7988));
#1232=EDGE_LOOP('',(#7989,#7990,#7991,#7992));
#1233=EDGE_LOOP('',(#7993,#7994,#7995,#7996));
#1234=EDGE_LOOP('',(#7997,#7998,#7999,#8000));
#1235=EDGE_LOOP('',(#8001,#8002,#8003,#8004));
#1236=EDGE_LOOP('',(#8005,#8006,#8007,#8008));
#1237=EDGE_LOOP('',(#8009,#8010,#8011,#8012));
#1238=EDGE_LOOP('',(#8013,#8014,#8015,#8016));
#1239=EDGE_LOOP('',(#8017,#8018,#8019,#8020));
#1240=EDGE_LOOP('',(#8021,#8022,#8023,#8024,#8025,#8026,#8027,#8028,#8029,
#8030,#8031,#8032,#8033,#8034,#8035,#8036,#8037,#8038,#8039,#8040,#8041,
#8042,#8043,#8044,#8045));
#1241=EDGE_LOOP('',(#8046));
#1242=EDGE_LOOP('',(#8047));
#1243=EDGE_LOOP('',(#8048,#8049,#8050,#8051,#8052,#8053,#8054,#8055,#8056,
#8057,#8058,#8059,#8060,#8061,#8062,#8063));
#1244=EDGE_LOOP('',(#8064,#8065,#8066,#8067,#8068,#8069,#8070,#8071,#8072,
#8073,#8074,#8075,#8076,#8077));
#1245=EDGE_LOOP('',(#8078,#8079,#8080,#8081,#8082,#8083,#8084,#8085,#8086));
#1246=EDGE_LOOP('',(#8087,#8088,#8089,#8090,#8091,#8092,#8093,#8094,#8095,
#8096,#8097,#8098));
#1247=EDGE_LOOP('',(#8099,#8100,#8101,#8102,#8103,#8104,#8105,#8106,#8107,
#8108,#8109,#8110));
#1248=EDGE_LOOP('',(#8111,#8112,#8113,#8114,#8115,#8116,#8117,#8118,#8119,
#8120,#8121,#8122));
#1249=EDGE_LOOP('',(#8123,#8124,#8125,#8126,#8127,#8128,#8129,#8130,#8131,
#8132,#8133,#8134));
#1250=EDGE_LOOP('',(#8135));
#1251=EDGE_LOOP('',(#8136));
#1252=EDGE_LOOP('',(#8137));
#1253=EDGE_LOOP('',(#8138,#8139,#8140,#8141,#8142,#8143,#8144,#8145,#8146));
#1254=EDGE_LOOP('',(#8147));
#1255=EDGE_LOOP('',(#8148));
#1256=EDGE_LOOP('',(#8149,#8150,#8151,#8152,#8153,#8154,#8155,#8156,#8157,
#8158,#8159,#8160));
#1257=EDGE_LOOP('',(#8161,#8162,#8163,#8164,#8165,#8166,#8167,#8168,#8169,
#8170,#8171,#8172));
#1258=EDGE_LOOP('',(#8173,#8174,#8175,#8176,#8177,#8178,#8179,#8180,#8181,
#8182,#8183,#8184,#8185));
#1259=EDGE_LOOP('',(#8186,#8187,#8188,#8189,#8190,#8191,#8192,#8193,#8194));
#1260=EDGE_LOOP('',(#8195,#8196,#8197,#8198,#8199,#8200,#8201,#8202,#8203,
#8204,#8205,#8206,#8207,#8208,#8209));
#1261=EDGE_LOOP('',(#8210,#8211,#8212,#8213,#8214,#8215,#8216,#8217,#8218,
#8219,#8220));
#1262=EDGE_LOOP('',(#8221,#8222,#8223,#8224,#8225,#8226,#8227,#8228,#8229,
#8230,#8231));
#1263=EDGE_LOOP('',(#8232,#8233,#8234,#8235,#8236,#8237,#8238,#8239,#8240,
#8241,#8242,#8243));
#1264=EDGE_LOOP('',(#8244,#8245,#8246,#8247,#8248,#8249,#8250,#8251,#8252,
#8253,#8254,#8255,#8256));
#1265=EDGE_LOOP('',(#8257,#8258,#8259,#8260,#8261,#8262,#8263,#8264,#8265,
#8266,#8267,#8268));
#1266=EDGE_LOOP('',(#8269,#8270,#8271,#8272,#8273,#8274,#8275,#8276,#8277,
#8278,#8279,#8280));
#1267=EDGE_LOOP('',(#8281,#8282,#8283,#8284,#8285,#8286,#8287,#8288,#8289,
#8290,#8291,#8292,#8293,#8294));
#1268=EDGE_LOOP('',(#8295,#8296,#8297,#8298,#8299,#8300,#8301,#8302,#8303,
#8304,#8305,#8306));
#1269=EDGE_LOOP('',(#8307,#8308,#8309,#8310,#8311,#8312,#8313,#8314,#8315,
#8316,#8317,#8318));
#1270=EDGE_LOOP('',(#8319,#8320,#8321,#8322,#8323,#8324,#8325,#8326,#8327,
#8328,#8329,#8330,#8331));
#1271=EDGE_LOOP('',(#8332,#8333,#8334,#8335,#8336,#8337,#8338,#8339,#8340,
#8341));
#1272=EDGE_LOOP('',(#8342,#8343,#8344,#8345,#8346,#8347,#8348,#8349,#8350,
#8351,#8352,#8353));
#1273=EDGE_LOOP('',(#8354,#8355,#8356,#8357,#8358,#8359,#8360,#8361,#8362,
#8363));
#1274=EDGE_LOOP('',(#8364,#8365,#8366,#8367,#8368,#8369,#8370,#8371,#8372,
#8373));
#1275=EDGE_LOOP('',(#8374,#8375,#8376,#8377,#8378,#8379,#8380,#8381,#8382,
#8383));
#1276=EDGE_LOOP('',(#8384,#8385,#8386,#8387,#8388,#8389,#8390,#8391,#8392,
#8393));
#1277=EDGE_LOOP('',(#8394,#8395,#8396,#8397,#8398,#8399,#8400,#8401));
#1278=EDGE_LOOP('',(#8402,#8403,#8404,#8405,#8406,#8407,#8408,#8409,#8410,
#8411,#8412,#8413));
#1279=EDGE_LOOP('',(#8414,#8415,#8416,#8417,#8418,#8419,#8420,#8421,#8422,
#8423,#8424,#8425));
#1280=EDGE_LOOP('',(#8426));
#1281=EDGE_LOOP('',(#8427));
#1282=EDGE_LOOP('',(#8428));
#1283=EDGE_LOOP('',(#8429));
#1284=EDGE_LOOP('',(#8430));
#1285=EDGE_LOOP('',(#8431,#8432,#8433,#8434));
#1286=EDGE_LOOP('',(#8435,#8436,#8437,#8438));
#1287=EDGE_LOOP('',(#8439,#8440,#8441,#8442));
#1288=EDGE_LOOP('',(#8443,#8444,#8445,#8446));
#1289=EDGE_LOOP('',(#8447,#8448,#8449,#8450));
#1290=EDGE_LOOP('',(#8451,#8452,#8453,#8454));
#1291=EDGE_LOOP('',(#8455,#8456,#8457,#8458));
#1292=EDGE_LOOP('',(#8459,#8460,#8461,#8462));
#1293=EDGE_LOOP('',(#8463,#8464,#8465,#8466));
#1294=EDGE_LOOP('',(#8467,#8468,#8469,#8470));
#1295=EDGE_LOOP('',(#8471,#8472,#8473,#8474));
#1296=EDGE_LOOP('',(#8475,#8476,#8477,#8478));
#1297=EDGE_LOOP('',(#8479,#8480,#8481,#8482));
#1298=EDGE_LOOP('',(#8483,#8484,#8485,#8486));
#1299=EDGE_LOOP('',(#8487,#8488,#8489,#8490));
#1300=EDGE_LOOP('',(#8491,#8492,#8493,#8494));
#1301=EDGE_LOOP('',(#8495,#8496,#8497,#8498));
#1302=EDGE_LOOP('',(#8499,#8500,#8501,#8502));
#1303=EDGE_LOOP('',(#8503,#8504,#8505,#8506,#8507,#8508,#8509));
#1304=EDGE_LOOP('',(#8510,#8511,#8512,#8513));
#1305=EDGE_LOOP('',(#8514,#8515,#8516,#8517));
#1306=EDGE_LOOP('',(#8518,#8519,#8520,#8521));
#1307=EDGE_LOOP('',(#8522,#8523,#8524,#8525));
#1308=EDGE_LOOP('',(#8526,#8527,#8528,#8529));
#1309=EDGE_LOOP('',(#8530,#8531,#8532,#8533));
#1310=EDGE_LOOP('',(#8534,#8535,#8536,#8537));
#1311=EDGE_LOOP('',(#8538,#8539,#8540,#8541));
#1312=EDGE_LOOP('',(#8542,#8543,#8544,#8545));
#1313=EDGE_LOOP('',(#8546,#8547,#8548,#8549));
#1314=EDGE_LOOP('',(#8550,#8551,#8552,#8553));
#1315=EDGE_LOOP('',(#8554,#8555,#8556,#8557));
#1316=EDGE_LOOP('',(#8558,#8559,#8560,#8561));
#1317=EDGE_LOOP('',(#8562,#8563,#8564,#8565));
#1318=EDGE_LOOP('',(#8566,#8567,#8568,#8569));
#1319=EDGE_LOOP('',(#8570,#8571,#8572,#8573));
#1320=EDGE_LOOP('',(#8574,#8575,#8576,#8577));
#1321=EDGE_LOOP('',(#8578,#8579,#8580,#8581));
#1322=EDGE_LOOP('',(#8582,#8583,#8584,#8585));
#1323=EDGE_LOOP('',(#8586,#8587,#8588,#8589));
#1324=EDGE_LOOP('',(#8590,#8591,#8592,#8593));
#1325=EDGE_LOOP('',(#8594,#8595,#8596,#8597));
#1326=EDGE_LOOP('',(#8598,#8599,#8600,#8601));
#1327=EDGE_LOOP('',(#8602,#8603,#8604,#8605));
#1328=EDGE_LOOP('',(#8606,#8607,#8608,#8609));
#1329=EDGE_LOOP('',(#8610,#8611,#8612,#8613));
#1330=EDGE_LOOP('',(#8614,#8615,#8616,#8617));
#1331=EDGE_LOOP('',(#8618,#8619,#8620,#8621));
#1332=EDGE_LOOP('',(#8622,#8623,#8624,#8625));
#1333=EDGE_LOOP('',(#8626,#8627,#8628,#8629));
#1334=EDGE_LOOP('',(#8630,#8631,#8632,#8633));
#1335=EDGE_LOOP('',(#8634,#8635,#8636,#8637));
#1336=EDGE_LOOP('',(#8638,#8639,#8640,#8641));
#1337=EDGE_LOOP('',(#8642,#8643,#8644,#8645));
#1338=EDGE_LOOP('',(#8646,#8647,#8648,#8649));
#1339=EDGE_LOOP('',(#8650,#8651,#8652,#8653));
#1340=EDGE_LOOP('',(#8654,#8655,#8656,#8657));
#1341=EDGE_LOOP('',(#8658,#8659,#8660,#8661));
#1342=EDGE_LOOP('',(#8662,#8663,#8664,#8665));
#1343=EDGE_LOOP('',(#8666,#8667,#8668,#8669));
#1344=EDGE_LOOP('',(#8670,#8671,#8672,#8673));
#1345=EDGE_LOOP('',(#8674,#8675,#8676,#8677));
#1346=EDGE_LOOP('',(#8678,#8679,#8680,#8681));
#1347=EDGE_LOOP('',(#8682,#8683,#8684,#8685));
#1348=EDGE_LOOP('',(#8686,#8687,#8688,#8689));
#1349=EDGE_LOOP('',(#8690,#8691,#8692,#8693));
#1350=EDGE_LOOP('',(#8694,#8695,#8696,#8697));
#1351=EDGE_LOOP('',(#8698,#8699,#8700,#8701));
#1352=EDGE_LOOP('',(#8702,#8703,#8704,#8705));
#1353=EDGE_LOOP('',(#8706,#8707,#8708,#8709));
#1354=EDGE_LOOP('',(#8710,#8711,#8712,#8713));
#1355=EDGE_LOOP('',(#8714,#8715,#8716,#8717));
#1356=EDGE_LOOP('',(#8718,#8719,#8720,#8721));
#1357=EDGE_LOOP('',(#8722,#8723,#8724,#8725));
#1358=EDGE_LOOP('',(#8726,#8727,#8728,#8729));
#1359=EDGE_LOOP('',(#8730,#8731,#8732,#8733));
#1360=EDGE_LOOP('',(#8734,#8735,#8736,#8737));
#1361=EDGE_LOOP('',(#8738,#8739,#8740,#8741));
#1362=EDGE_LOOP('',(#8742,#8743,#8744,#8745));
#1363=EDGE_LOOP('',(#8746,#8747,#8748,#8749));
#1364=EDGE_LOOP('',(#8750,#8751,#8752,#8753));
#1365=EDGE_LOOP('',(#8754,#8755,#8756,#8757));
#1366=EDGE_LOOP('',(#8758,#8759,#8760,#8761));
#1367=EDGE_LOOP('',(#8762,#8763,#8764,#8765));
#1368=EDGE_LOOP('',(#8766,#8767,#8768,#8769));
#1369=EDGE_LOOP('',(#8770,#8771,#8772,#8773));
#1370=EDGE_LOOP('',(#8774,#8775,#8776,#8777));
#1371=EDGE_LOOP('',(#8778,#8779,#8780,#8781));
#1372=EDGE_LOOP('',(#8782,#8783,#8784,#8785));
#1373=EDGE_LOOP('',(#8786,#8787,#8788,#8789,#8790,#8791,#8792,#8793));
#1374=EDGE_LOOP('',(#8794,#8795,#8796,#8797));
#1375=EDGE_LOOP('',(#8798,#8799,#8800,#8801));
#1376=EDGE_LOOP('',(#8802,#8803,#8804,#8805));
#1377=EDGE_LOOP('',(#8806,#8807,#8808,#8809));
#1378=EDGE_LOOP('',(#8810,#8811,#8812,#8813));
#1379=EDGE_LOOP('',(#8814,#8815,#8816,#8817));
#1380=EDGE_LOOP('',(#8818,#8819,#8820,#8821));
#1381=EDGE_LOOP('',(#8822,#8823,#8824,#8825));
#1382=EDGE_LOOP('',(#8826,#8827,#8828,#8829));
#1383=EDGE_LOOP('',(#8830,#8831,#8832,#8833));
#1384=EDGE_LOOP('',(#8834,#8835,#8836,#8837));
#1385=EDGE_LOOP('',(#8838,#8839,#8840,#8841));
#1386=EDGE_LOOP('',(#8842,#8843,#8844,#8845));
#1387=EDGE_LOOP('',(#8846,#8847,#8848,#8849));
#1388=EDGE_LOOP('',(#8850,#8851,#8852,#8853));
#1389=EDGE_LOOP('',(#8854,#8855,#8856,#8857));
#1390=EDGE_LOOP('',(#8858,#8859,#8860,#8861));
#1391=EDGE_LOOP('',(#8862,#8863,#8864,#8865));
#1392=EDGE_LOOP('',(#8866,#8867,#8868,#8869));
#1393=EDGE_LOOP('',(#8870,#8871,#8872,#8873));
#1394=EDGE_LOOP('',(#8874,#8875,#8876,#8877));
#1395=EDGE_LOOP('',(#8878,#8879,#8880,#8881));
#1396=EDGE_LOOP('',(#8882,#8883,#8884,#8885));
#1397=EDGE_LOOP('',(#8886,#8887,#8888,#8889));
#1398=EDGE_LOOP('',(#8890,#8891,#8892,#8893));
#1399=EDGE_LOOP('',(#8894,#8895,#8896,#8897));
#1400=EDGE_LOOP('',(#8898,#8899,#8900,#8901));
#1401=EDGE_LOOP('',(#8902,#8903,#8904,#8905));
#1402=EDGE_LOOP('',(#8906,#8907,#8908,#8909));
#1403=EDGE_LOOP('',(#8910,#8911,#8912,#8913));
#1404=EDGE_LOOP('',(#8914,#8915,#8916,#8917));
#1405=EDGE_LOOP('',(#8918,#8919,#8920,#8921));
#1406=EDGE_LOOP('',(#8922,#8923,#8924,#8925));
#1407=EDGE_LOOP('',(#8926,#8927,#8928,#8929));
#1408=EDGE_LOOP('',(#8930,#8931,#8932,#8933));
#1409=EDGE_LOOP('',(#8934,#8935,#8936,#8937));
#1410=EDGE_LOOP('',(#8938,#8939,#8940,#8941));
#1411=EDGE_LOOP('',(#8942,#8943,#8944,#8945));
#1412=EDGE_LOOP('',(#8946,#8947,#8948,#8949));
#1413=EDGE_LOOP('',(#8950,#8951,#8952,#8953));
#1414=EDGE_LOOP('',(#8954,#8955,#8956,#8957));
#1415=EDGE_LOOP('',(#8958,#8959,#8960,#8961));
#1416=EDGE_LOOP('',(#8962,#8963,#8964,#8965));
#1417=EDGE_LOOP('',(#8966,#8967,#8968,#8969));
#1418=EDGE_LOOP('',(#8970,#8971,#8972,#8973));
#1419=EDGE_LOOP('',(#8974,#8975,#8976,#8977));
#1420=EDGE_LOOP('',(#8978,#8979,#8980,#8981));
#1421=EDGE_LOOP('',(#8982,#8983,#8984,#8985));
#1422=EDGE_LOOP('',(#8986,#8987,#8988,#8989));
#1423=EDGE_LOOP('',(#8990,#8991,#8992,#8993));
#1424=EDGE_LOOP('',(#8994,#8995,#8996,#8997));
#1425=EDGE_LOOP('',(#8998,#8999,#9000,#9001));
#1426=EDGE_LOOP('',(#9002,#9003,#9004,#9005));
#1427=EDGE_LOOP('',(#9006,#9007,#9008,#9009));
#1428=EDGE_LOOP('',(#9010,#9011,#9012,#9013));
#1429=EDGE_LOOP('',(#9014,#9015,#9016,#9017));
#1430=EDGE_LOOP('',(#9018,#9019,#9020,#9021));
#1431=EDGE_LOOP('',(#9022,#9023,#9024,#9025,#9026,#9027,#9028,#9029,#9030,
#9031));
#1432=EDGE_LOOP('',(#9032,#9033,#9034,#9035));
#1433=EDGE_LOOP('',(#9036,#9037,#9038,#9039));
#1434=EDGE_LOOP('',(#9040,#9041,#9042,#9043));
#1435=EDGE_LOOP('',(#9044,#9045,#9046,#9047));
#1436=EDGE_LOOP('',(#9048,#9049,#9050,#9051));
#1437=EDGE_LOOP('',(#9052,#9053,#9054,#9055));
#1438=EDGE_LOOP('',(#9056,#9057,#9058,#9059));
#1439=EDGE_LOOP('',(#9060,#9061,#9062,#9063));
#1440=EDGE_LOOP('',(#9064,#9065,#9066,#9067));
#1441=EDGE_LOOP('',(#9068,#9069,#9070,#9071));
#1442=EDGE_LOOP('',(#9072,#9073,#9074,#9075));
#1443=EDGE_LOOP('',(#9076,#9077,#9078,#9079));
#1444=EDGE_LOOP('',(#9080,#9081,#9082,#9083));
#1445=EDGE_LOOP('',(#9084,#9085,#9086,#9087));
#1446=EDGE_LOOP('',(#9088,#9089,#9090,#9091));
#1447=EDGE_LOOP('',(#9092,#9093,#9094,#9095));
#1448=EDGE_LOOP('',(#9096,#9097,#9098,#9099));
#1449=EDGE_LOOP('',(#9100,#9101,#9102,#9103));
#1450=EDGE_LOOP('',(#9104,#9105,#9106,#9107));
#1451=EDGE_LOOP('',(#9108,#9109,#9110,#9111));
#1452=EDGE_LOOP('',(#9112,#9113,#9114,#9115));
#1453=EDGE_LOOP('',(#9116,#9117,#9118,#9119));
#1454=EDGE_LOOP('',(#9120,#9121,#9122,#9123));
#1455=EDGE_LOOP('',(#9124,#9125,#9126,#9127));
#1456=EDGE_LOOP('',(#9128,#9129,#9130,#9131));
#1457=EDGE_LOOP('',(#9132,#9133,#9134,#9135));
#1458=EDGE_LOOP('',(#9136,#9137,#9138,#9139));
#1459=EDGE_LOOP('',(#9140,#9141,#9142,#9143));
#1460=EDGE_LOOP('',(#9144,#9145,#9146,#9147));
#1461=EDGE_LOOP('',(#9148,#9149,#9150,#9151));
#1462=EDGE_LOOP('',(#9152,#9153,#9154,#9155));
#1463=EDGE_LOOP('',(#9156,#9157,#9158,#9159));
#1464=EDGE_LOOP('',(#9160,#9161,#9162,#9163));
#1465=EDGE_LOOP('',(#9164,#9165,#9166,#9167));
#1466=EDGE_LOOP('',(#9168,#9169,#9170,#9171));
#1467=EDGE_LOOP('',(#9172,#9173,#9174,#9175));
#1468=EDGE_LOOP('',(#9176,#9177,#9178,#9179));
#1469=EDGE_LOOP('',(#9180,#9181,#9182,#9183));
#1470=EDGE_LOOP('',(#9184,#9185,#9186,#9187));
#1471=EDGE_LOOP('',(#9188,#9189,#9190,#9191));
#1472=EDGE_LOOP('',(#9192,#9193,#9194,#9195));
#1473=EDGE_LOOP('',(#9196,#9197,#9198,#9199));
#1474=EDGE_LOOP('',(#9200,#9201,#9202,#9203));
#1475=EDGE_LOOP('',(#9204,#9205,#9206,#9207));
#1476=EDGE_LOOP('',(#9208,#9209,#9210,#9211));
#1477=EDGE_LOOP('',(#9212,#9213,#9214,#9215));
#1478=EDGE_LOOP('',(#9216,#9217,#9218,#9219));
#1479=EDGE_LOOP('',(#9220,#9221,#9222,#9223));
#1480=EDGE_LOOP('',(#9224,#9225,#9226,#9227,#9228,#9229,#9230,#9231,#9232));
#1481=EDGE_LOOP('',(#9233));
#1482=EDGE_LOOP('',(#9234));
#1483=EDGE_LOOP('',(#9235));
#1484=EDGE_LOOP('',(#9236));
#1485=EDGE_LOOP('',(#9237));
#1486=EDGE_LOOP('',(#9238));
#1487=EDGE_LOOP('',(#9239));
#1488=EDGE_LOOP('',(#9240,#9241,#9242,#9243));
#1489=EDGE_LOOP('',(#9244,#9245,#9246,#9247,#9248,#9249));
#1490=EDGE_LOOP('',(#9250,#9251,#9252,#9253));
#1491=EDGE_LOOP('',(#9254,#9255,#9256,#9257));
#1492=EDGE_LOOP('',(#9258,#9259,#9260,#9261));
#1493=EDGE_LOOP('',(#9262,#9263,#9264,#9265));
#1494=EDGE_LOOP('',(#9266,#9267,#9268,#9269));
#1495=EDGE_LOOP('',(#9270,#9271,#9272,#9273,#9274,#9275,#9276,#9277));
#1496=EDGE_LOOP('',(#9278,#9279,#9280,#9281));
#1497=EDGE_LOOP('',(#9282));
#1498=EDGE_LOOP('',(#9283));
#1499=EDGE_LOOP('',(#9284,#9285,#9286,#9287));
#1500=EDGE_LOOP('',(#9288,#9289,#9290,#9291));
#1501=EDGE_LOOP('',(#9292,#9293,#9294,#9295));
#1502=EDGE_LOOP('',(#9296,#9297,#9298,#9299));
#1503=EDGE_LOOP('',(#9300));
#1504=EDGE_LOOP('',(#9301));
#1505=EDGE_LOOP('',(#9302,#9303,#9304,#9305));
#1506=EDGE_LOOP('',(#9306,#9307,#9308,#9309));
#1507=EDGE_LOOP('',(#9310,#9311,#9312,#9313));
#1508=EDGE_LOOP('',(#9314,#9315,#9316,#9317));
#1509=EDGE_LOOP('',(#9318));
#1510=EDGE_LOOP('',(#9319));
#1511=EDGE_LOOP('',(#9320,#9321,#9322,#9323));
#1512=EDGE_LOOP('',(#9324,#9325,#9326,#9327));
#1513=EDGE_LOOP('',(#9328,#9329,#9330,#9331));
#1514=EDGE_LOOP('',(#9332,#9333,#9334,#9335));
#1515=EDGE_LOOP('',(#9336));
#1516=EDGE_LOOP('',(#9337));
#1517=EDGE_LOOP('',(#9338,#9339,#9340,#9341));
#1518=EDGE_LOOP('',(#9342,#9343,#9344,#9345));
#1519=EDGE_LOOP('',(#9346,#9347,#9348,#9349));
#1520=EDGE_LOOP('',(#9350,#9351,#9352,#9353));
#1521=EDGE_LOOP('',(#9354));
#1522=EDGE_LOOP('',(#9355));
#1523=EDGE_LOOP('',(#9356,#9357,#9358,#9359));
#1524=EDGE_LOOP('',(#9360,#9361,#9362,#9363));
#1525=EDGE_LOOP('',(#9364,#9365,#9366,#9367));
#1526=EDGE_LOOP('',(#9368,#9369,#9370,#9371));
#1527=EDGE_LOOP('',(#9372,#9373,#9374,#9375));
#1528=EDGE_LOOP('',(#9376,#9377,#9378,#9379));
#1529=EDGE_LOOP('',(#9380,#9381,#9382,#9383,#9384));
#1530=EDGE_LOOP('',(#9385,#9386,#9387,#9388,#9389));
#1531=EDGE_LOOP('',(#9390,#9391,#9392));
#1532=EDGE_LOOP('',(#9393,#9394,#9395,#9396,#9397,#9398,#9399,#9400));
#1533=EDGE_LOOP('',(#9401,#9402,#9403,#9404));
#1534=EDGE_LOOP('',(#9405,#9406,#9407,#9408));
#1535=EDGE_LOOP('',(#9409,#9410,#9411,#9412));
#1536=EDGE_LOOP('',(#9413,#9414,#9415,#9416));
#1537=EDGE_LOOP('',(#9417,#9418,#9419,#9420));
#1538=EDGE_LOOP('',(#9421,#9422,#9423,#9424));
#1539=EDGE_LOOP('',(#9425,#9426,#9427,#9428));
#1540=EDGE_LOOP('',(#9429,#9430,#9431,#9432));
#1541=EDGE_LOOP('',(#9433,#9434,#9435,#9436));
#1542=EDGE_LOOP('',(#9437,#9438,#9439,#9440));
#1543=EDGE_LOOP('',(#9441,#9442,#9443,#9444));
#1544=EDGE_LOOP('',(#9445,#9446,#9447,#9448));
#1545=EDGE_LOOP('',(#9449,#9450,#9451,#9452));
#1546=EDGE_LOOP('',(#9453,#9454,#9455,#9456));
#1547=EDGE_LOOP('',(#9457,#9458,#9459,#9460));
#1548=EDGE_LOOP('',(#9461,#9462,#9463,#9464));
#1549=EDGE_LOOP('',(#9465,#9466,#9467,#9468));
#1550=EDGE_LOOP('',(#9469,#9470,#9471,#9472));
#1551=EDGE_LOOP('',(#9473,#9474,#9475,#9476));
#1552=EDGE_LOOP('',(#9477,#9478,#9479,#9480));
#1553=EDGE_LOOP('',(#9481,#9482,#9483,#9484));
#1554=EDGE_LOOP('',(#9485,#9486,#9487,#9488));
#1555=EDGE_LOOP('',(#9489,#9490,#9491,#9492));
#1556=EDGE_LOOP('',(#9493,#9494,#9495,#9496));
#1557=EDGE_LOOP('',(#9497,#9498,#9499,#9500));
#1558=EDGE_LOOP('',(#9501,#9502,#9503,#9504));
#1559=EDGE_LOOP('',(#9505,#9506,#9507,#9508));
#1560=EDGE_LOOP('',(#9509,#9510,#9511,#9512));
#1561=EDGE_LOOP('',(#9513,#9514,#9515,#9516,#9517,#9518,#9519,#9520,#9521,
#9522,#9523,#9524,#9525,#9526,#9527,#9528,#9529,#9530,#9531,#9532,#9533,
#9534,#9535,#9536,#9537,#9538,#9539,#9540,#9541,#9542,#9543,#9544,#9545,
#9546,#9547,#9548,#9549,#9550,#9551,#9552,#9553,#9554,#9555,#9556,#9557,
#9558,#9559,#9560,#9561,#9562,#9563,#9564,#9565,#9566,#9567,#9568,#9569,
#9570,#9571,#9572,#9573,#9574,#9575,#9576,#9577,#9578,#9579,#9580,#9581,
#9582,#9583,#9584,#9585,#9586,#9587,#9588,#9589,#9590,#9591,#9592,#9593,
#9594,#9595,#9596,#9597,#9598,#9599,#9600,#9601,#9602,#9603,#9604,#9605,
#9606,#9607,#9608,#9609,#9610,#9611,#9612,#9613,#9614,#9615,#9616));
#1562=EDGE_LOOP('',(#9617,#9618,#9619,#9620,#9621,#9622,#9623,#9624,#9625));
#1563=EDGE_LOOP('',(#9626,#9627,#9628,#9629,#9630,#9631,#9632,#9633,#9634,
#9635,#9636,#9637,#9638,#9639,#9640,#9641));
#1564=EDGE_LOOP('',(#9642,#9643,#9644,#9645,#9646,#9647,#9648,#9649,#9650,
#9651,#9652,#9653));
#1565=EDGE_LOOP('',(#9654,#9655,#9656,#9657,#9658,#9659,#9660,#9661,#9662,
#9663,#9664,#9665));
#1566=EDGE_LOOP('',(#9666,#9667,#9668,#9669,#9670,#9671,#9672,#9673,#9674,
#9675,#9676,#9677));
#1567=EDGE_LOOP('',(#9678,#9679,#9680,#9681,#9682,#9683,#9684,#9685,#9686,
#9687));
#1568=EDGE_LOOP('',(#9688,#9689,#9690,#9691,#9692,#9693,#9694,#9695,#9696,
#9697));
#1569=EDGE_LOOP('',(#9698,#9699,#9700,#9701,#9702,#9703,#9704,#9705,#9706,
#9707));
#1570=EDGE_LOOP('',(#9708,#9709,#9710,#9711,#9712,#9713,#9714,#9715,#9716,
#9717));
#1571=EDGE_LOOP('',(#9718,#9719,#9720,#9721,#9722,#9723,#9724,#9725,#9726,
#9727,#9728,#9729));
#1572=EDGE_LOOP('',(#9730,#9731,#9732,#9733,#9734,#9735,#9736,#9737,#9738,
#9739,#9740,#9741));
#1573=EDGE_LOOP('',(#9742,#9743,#9744,#9745,#9746,#9747,#9748,#9749,#9750,
#9751,#9752,#9753));
#1574=EDGE_LOOP('',(#9754,#9755,#9756,#9757,#9758,#9759,#9760,#9761,#9762,
#9763,#9764,#9765,#9766,#9767));
#1575=EDGE_LOOP('',(#9768,#9769,#9770,#9771,#9772,#9773,#9774,#9775,#9776,
#9777,#9778,#9779,#9780,#9781));
#1576=EDGE_LOOP('',(#9782,#9783,#9784,#9785,#9786,#9787,#9788,#9789,#9790,
#9791,#9792,#9793));
#1577=EDGE_LOOP('',(#9794,#9795,#9796,#9797,#9798,#9799,#9800,#9801,#9802,
#9803,#9804,#9805));
#1578=EDGE_LOOP('',(#9806,#9807,#9808,#9809,#9810,#9811,#9812,#9813,#9814,
#9815,#9816,#9817,#9818));
#1579=EDGE_LOOP('',(#9819,#9820,#9821,#9822,#9823,#9824,#9825,#9826,#9827,
#9828,#9829,#9830));
#1580=EDGE_LOOP('',(#9831,#9832,#9833,#9834,#9835,#9836,#9837,#9838,#9839,
#9840,#9841,#9842));
#1581=EDGE_LOOP('',(#9843,#9844,#9845,#9846,#9847,#9848,#9849,#9850,#9851,
#9852,#9853,#9854,#9855,#9856,#9857));
#1582=EDGE_LOOP('',(#9858,#9859,#9860,#9861,#9862,#9863,#9864,#9865,#9866,
#9867,#9868,#9869,#9870));
#1583=EDGE_LOOP('',(#9871,#9872,#9873,#9874,#9875,#9876,#9877,#9878,#9879,
#9880,#9881,#9882));
#1584=EDGE_LOOP('',(#9883,#9884,#9885,#9886,#9887,#9888,#9889,#9890,#9891,
#9892,#9893,#9894));
#1585=EDGE_LOOP('',(#9895,#9896,#9897,#9898,#9899,#9900,#9901,#9902,#9903,
#9904,#9905,#9906));
#1586=EDGE_LOOP('',(#9907));
#1587=EDGE_LOOP('',(#9908));
#1588=EDGE_LOOP('',(#9909));
#1589=EDGE_LOOP('',(#9910));
#1590=EDGE_LOOP('',(#9911));
#1591=EDGE_LOOP('',(#9912,#9913,#9914,#9915,#9916,#9917,#9918,#9919,#9920,
#9921,#9922,#9923,#9924,#9925,#9926,#9927,#9928,#9929,#9930,#9931,#9932));
#1592=EDGE_LOOP('',(#9933,#9934,#9935,#9936));
#1593=EDGE_LOOP('',(#9937,#9938,#9939,#9940));
#1594=EDGE_LOOP('',(#9941,#9942,#9943,#9944));
#1595=EDGE_LOOP('',(#9945,#9946,#9947,#9948));
#1596=EDGE_LOOP('',(#9949,#9950,#9951,#9952));
#1597=EDGE_LOOP('',(#9953,#9954,#9955,#9956));
#1598=EDGE_LOOP('',(#9957,#9958,#9959,#9960));
#1599=EDGE_LOOP('',(#9961,#9962,#9963,#9964));
#1600=EDGE_LOOP('',(#9965,#9966,#9967,#9968));
#1601=EDGE_LOOP('',(#9969,#9970,#9971,#9972));
#1602=EDGE_LOOP('',(#9973,#9974,#9975,#9976));
#1603=EDGE_LOOP('',(#9977,#9978,#9979,#9980));
#1604=EDGE_LOOP('',(#9981,#9982,#9983,#9984));
#1605=EDGE_LOOP('',(#9985,#9986,#9987,#9988));
#1606=EDGE_LOOP('',(#9989,#9990,#9991,#9992));
#1607=EDGE_LOOP('',(#9993,#9994,#9995,#9996));
#1608=EDGE_LOOP('',(#9997,#9998,#9999,#10000));
#1609=EDGE_LOOP('',(#10001,#10002,#10003,#10004));
#1610=EDGE_LOOP('',(#10005,#10006,#10007,#10008));
#1611=EDGE_LOOP('',(#10009,#10010,#10011,#10012));
#1612=EDGE_LOOP('',(#10013,#10014,#10015,#10016));
#1613=EDGE_LOOP('',(#10017,#10018,#10019,#10020));
#1614=EDGE_LOOP('',(#10021,#10022,#10023,#10024));
#1615=EDGE_LOOP('',(#10025,#10026,#10027,#10028));
#1616=EDGE_LOOP('',(#10029,#10030,#10031,#10032));
#1617=EDGE_LOOP('',(#10033,#10034,#10035,#10036));
#1618=EDGE_LOOP('',(#10037,#10038,#10039,#10040));
#1619=EDGE_LOOP('',(#10041,#10042,#10043,#10044));
#1620=EDGE_LOOP('',(#10045,#10046,#10047,#10048));
#1621=EDGE_LOOP('',(#10049,#10050,#10051,#10052));
#1622=EDGE_LOOP('',(#10053,#10054,#10055,#10056));
#1623=EDGE_LOOP('',(#10057,#10058,#10059,#10060));
#1624=EDGE_LOOP('',(#10061,#10062,#10063,#10064));
#1625=EDGE_LOOP('',(#10065,#10066,#10067,#10068));
#1626=EDGE_LOOP('',(#10069,#10070,#10071,#10072));
#1627=EDGE_LOOP('',(#10073,#10074,#10075,#10076));
#1628=EDGE_LOOP('',(#10077,#10078,#10079,#10080));
#1629=EDGE_LOOP('',(#10081,#10082,#10083,#10084));
#1630=EDGE_LOOP('',(#10085,#10086,#10087,#10088));
#1631=EDGE_LOOP('',(#10089,#10090,#10091,#10092));
#1632=EDGE_LOOP('',(#10093,#10094,#10095,#10096));
#1633=EDGE_LOOP('',(#10097,#10098,#10099,#10100));
#1634=EDGE_LOOP('',(#10101,#10102,#10103,#10104));
#1635=EDGE_LOOP('',(#10105,#10106,#10107,#10108));
#1636=EDGE_LOOP('',(#10109,#10110,#10111,#10112));
#1637=EDGE_LOOP('',(#10113,#10114,#10115,#10116));
#1638=EDGE_LOOP('',(#10117,#10118,#10119,#10120));
#1639=EDGE_LOOP('',(#10121,#10122,#10123,#10124));
#1640=EDGE_LOOP('',(#10125,#10126,#10127,#10128));
#1641=EDGE_LOOP('',(#10129,#10130,#10131,#10132));
#1642=EDGE_LOOP('',(#10133,#10134,#10135,#10136));
#1643=EDGE_LOOP('',(#10137,#10138,#10139,#10140));
#1644=EDGE_LOOP('',(#10141,#10142,#10143,#10144));
#1645=EDGE_LOOP('',(#10145,#10146,#10147,#10148));
#1646=EDGE_LOOP('',(#10149,#10150,#10151,#10152));
#1647=EDGE_LOOP('',(#10153,#10154,#10155,#10156));
#1648=EDGE_LOOP('',(#10157,#10158,#10159,#10160));
#1649=EDGE_LOOP('',(#10161,#10162,#10163,#10164));
#1650=EDGE_LOOP('',(#10165,#10166,#10167,#10168));
#1651=EDGE_LOOP('',(#10169,#10170,#10171,#10172));
#1652=EDGE_LOOP('',(#10173,#10174,#10175,#10176));
#1653=EDGE_LOOP('',(#10177,#10178,#10179,#10180));
#1654=EDGE_LOOP('',(#10181,#10182,#10183,#10184));
#1655=EDGE_LOOP('',(#10185,#10186,#10187,#10188));
#1656=EDGE_LOOP('',(#10189,#10190,#10191,#10192));
#1657=EDGE_LOOP('',(#10193,#10194,#10195,#10196));
#1658=EDGE_LOOP('',(#10197,#10198,#10199,#10200));
#1659=EDGE_LOOP('',(#10201,#10202,#10203,#10204));
#1660=EDGE_LOOP('',(#10205,#10206,#10207,#10208));
#1661=EDGE_LOOP('',(#10209,#10210,#10211,#10212));
#1662=EDGE_LOOP('',(#10213,#10214,#10215,#10216));
#1663=EDGE_LOOP('',(#10217,#10218,#10219,#10220));
#1664=EDGE_LOOP('',(#10221,#10222,#10223,#10224));
#1665=EDGE_LOOP('',(#10225,#10226,#10227,#10228));
#1666=EDGE_LOOP('',(#10229,#10230,#10231,#10232));
#1667=EDGE_LOOP('',(#10233,#10234,#10235,#10236));
#1668=EDGE_LOOP('',(#10237,#10238,#10239,#10240));
#1669=EDGE_LOOP('',(#10241,#10242,#10243,#10244));
#1670=EDGE_LOOP('',(#10245,#10246,#10247,#10248));
#1671=EDGE_LOOP('',(#10249,#10250,#10251,#10252));
#1672=EDGE_LOOP('',(#10253,#10254,#10255,#10256));
#1673=EDGE_LOOP('',(#10257,#10258,#10259,#10260));
#1674=EDGE_LOOP('',(#10261,#10262,#10263,#10264));
#1675=EDGE_LOOP('',(#10265,#10266,#10267,#10268));
#1676=EDGE_LOOP('',(#10269,#10270,#10271,#10272));
#1677=EDGE_LOOP('',(#10273,#10274,#10275,#10276));
#1678=EDGE_LOOP('',(#10277,#10278,#10279,#10280));
#1679=EDGE_LOOP('',(#10281,#10282,#10283,#10284));
#1680=EDGE_LOOP('',(#10285,#10286,#10287,#10288));
#1681=EDGE_LOOP('',(#10289,#10290,#10291,#10292));
#1682=EDGE_LOOP('',(#10293,#10294,#10295,#10296));
#1683=EDGE_LOOP('',(#10297,#10298,#10299,#10300));
#1684=EDGE_LOOP('',(#10301,#10302,#10303,#10304));
#1685=EDGE_LOOP('',(#10305,#10306,#10307,#10308));
#1686=EDGE_LOOP('',(#10309,#10310,#10311,#10312));
#1687=EDGE_LOOP('',(#10313,#10314,#10315,#10316));
#1688=EDGE_LOOP('',(#10317,#10318,#10319,#10320));
#1689=EDGE_LOOP('',(#10321,#10322,#10323,#10324));
#1690=EDGE_LOOP('',(#10325,#10326,#10327,#10328));
#1691=EDGE_LOOP('',(#10329,#10330,#10331,#10332));
#1692=EDGE_LOOP('',(#10333,#10334,#10335,#10336));
#1693=EDGE_LOOP('',(#10337,#10338,#10339,#10340));
#1694=EDGE_LOOP('',(#10341,#10342,#10343,#10344));
#1695=EDGE_LOOP('',(#10345,#10346,#10347,#10348));
#1696=EDGE_LOOP('',(#10349,#10350,#10351,#10352));
#1697=EDGE_LOOP('',(#10353,#10354,#10355,#10356));
#1698=EDGE_LOOP('',(#10357,#10358,#10359,#10360));
#1699=EDGE_LOOP('',(#10361,#10362,#10363,#10364));
#1700=EDGE_LOOP('',(#10365,#10366,#10367,#10368));
#1701=EDGE_LOOP('',(#10369,#10370,#10371,#10372));
#1702=EDGE_LOOP('',(#10373,#10374,#10375,#10376));
#1703=EDGE_LOOP('',(#10377,#10378,#10379));
#1704=EDGE_LOOP('',(#10380,#10381,#10382,#10383));
#1705=EDGE_LOOP('',(#10384,#10385,#10386,#10387));
#1706=EDGE_LOOP('',(#10388,#10389,#10390,#10391));
#1707=EDGE_LOOP('',(#10392,#10393,#10394,#10395));
#1708=EDGE_LOOP('',(#10396,#10397,#10398,#10399));
#1709=EDGE_LOOP('',(#10400,#10401,#10402,#10403));
#1710=EDGE_LOOP('',(#10404,#10405,#10406,#10407));
#1711=EDGE_LOOP('',(#10408,#10409,#10410,#10411));
#1712=EDGE_LOOP('',(#10412,#10413,#10414,#10415));
#1713=EDGE_LOOP('',(#10416,#10417,#10418,#10419));
#1714=EDGE_LOOP('',(#10420,#10421,#10422,#10423));
#1715=EDGE_LOOP('',(#10424,#10425,#10426,#10427));
#1716=EDGE_LOOP('',(#10428,#10429,#10430,#10431));
#1717=EDGE_LOOP('',(#10432,#10433,#10434,#10435));
#1718=EDGE_LOOP('',(#10436,#10437,#10438,#10439));
#1719=EDGE_LOOP('',(#10440,#10441,#10442,#10443));
#1720=EDGE_LOOP('',(#10444,#10445,#10446,#10447));
#1721=EDGE_LOOP('',(#10448,#10449,#10450,#10451));
#1722=EDGE_LOOP('',(#10452,#10453,#10454,#10455));
#1723=EDGE_LOOP('',(#10456,#10457,#10458,#10459));
#1724=EDGE_LOOP('',(#10460,#10461,#10462,#10463));
#1725=EDGE_LOOP('',(#10464,#10465,#10466,#10467));
#1726=EDGE_LOOP('',(#10468,#10469,#10470,#10471));
#1727=EDGE_LOOP('',(#10472,#10473,#10474,#10475));
#1728=EDGE_LOOP('',(#10476,#10477,#10478,#10479));
#1729=EDGE_LOOP('',(#10480,#10481,#10482,#10483));
#1730=EDGE_LOOP('',(#10484,#10485,#10486,#10487));
#1731=EDGE_LOOP('',(#10488,#10489,#10490,#10491));
#1732=EDGE_LOOP('',(#10492,#10493,#10494,#10495));
#1733=EDGE_LOOP('',(#10496,#10497,#10498,#10499));
#1734=EDGE_LOOP('',(#10500,#10501,#10502,#10503));
#1735=EDGE_LOOP('',(#10504,#10505,#10506,#10507));
#1736=EDGE_LOOP('',(#10508,#10509,#10510,#10511));
#1737=EDGE_LOOP('',(#10512,#10513,#10514,#10515));
#1738=EDGE_LOOP('',(#10516,#10517,#10518,#10519));
#1739=EDGE_LOOP('',(#10520,#10521,#10522,#10523));
#1740=EDGE_LOOP('',(#10524,#10525,#10526,#10527));
#1741=EDGE_LOOP('',(#10528,#10529,#10530,#10531));
#1742=EDGE_LOOP('',(#10532,#10533,#10534,#10535));
#1743=EDGE_LOOP('',(#10536,#10537,#10538,#10539));
#1744=EDGE_LOOP('',(#10540,#10541,#10542,#10543));
#1745=EDGE_LOOP('',(#10544,#10545,#10546,#10547,#10548));
#1746=EDGE_LOOP('',(#10549,#10550,#10551,#10552,#10553,#10554,#10555,#10556,
#10557,#10558,#10559,#10560,#10561,#10562,#10563,#10564,#10565,#10566,#10567,
#10568,#10569,#10570,#10571,#10572,#10573,#10574,#10575,#10576,#10577,#10578,
#10579,#10580,#10581,#10582));
#1747=EDGE_LOOP('',(#10583,#10584,#10585,#10586));
#1748=EDGE_LOOP('',(#10587,#10588,#10589,#10590,#10591,#10592));
#1749=EDGE_LOOP('',(#10593,#10594,#10595,#10596));
#1750=EDGE_LOOP('',(#10597,#10598,#10599,#10600,#10601,#10602));
#1751=EDGE_LOOP('',(#10603,#10604,#10605,#10606,#10607,#10608));
#1752=EDGE_LOOP('',(#10609,#10610,#10611,#10612));
#1753=EDGE_LOOP('',(#10613,#10614,#10615,#10616));
#1754=EDGE_LOOP('',(#10617,#10618,#10619,#10620));
#1755=EDGE_LOOP('',(#10621,#10622,#10623,#10624));
#1756=EDGE_LOOP('',(#10625,#10626,#10627,#10628));
#1757=EDGE_LOOP('',(#10629,#10630,#10631,#10632));
#1758=EDGE_LOOP('',(#10633,#10634,#10635,#10636));
#1759=EDGE_LOOP('',(#10637,#10638,#10639,#10640));
#1760=EDGE_LOOP('',(#10641,#10642,#10643,#10644));
#1761=EDGE_LOOP('',(#10645,#10646,#10647,#10648));
#1762=EDGE_LOOP('',(#10649,#10650,#10651,#10652));
#1763=EDGE_LOOP('',(#10653,#10654,#10655,#10656));
#1764=EDGE_LOOP('',(#10657,#10658,#10659,#10660));
#1765=EDGE_LOOP('',(#10661,#10662,#10663,#10664));
#1766=EDGE_LOOP('',(#10665,#10666,#10667,#10668));
#1767=EDGE_LOOP('',(#10669,#10670,#10671,#10672));
#1768=EDGE_LOOP('',(#10673,#10674,#10675,#10676));
#1769=EDGE_LOOP('',(#10677,#10678,#10679,#10680));
#1770=EDGE_LOOP('',(#10681,#10682,#10683,#10684));
#1771=EDGE_LOOP('',(#10685,#10686,#10687,#10688));
#1772=EDGE_LOOP('',(#10689,#10690,#10691,#10692));
#1773=EDGE_LOOP('',(#10693,#10694,#10695,#10696));
#1774=EDGE_LOOP('',(#10697,#10698,#10699,#10700));
#1775=EDGE_LOOP('',(#10701,#10702,#10703,#10704));
#1776=LINE('',#16573,#2789);
#1777=LINE('',#16576,#2790);
#1778=LINE('',#16591,#2791);
#1779=LINE('',#16594,#2792);
#1780=LINE('',#16613,#2793);
#1781=LINE('',#16614,#2794);
#1782=LINE('',#16625,#2795);
#1783=LINE('',#16626,#2796);
#1784=LINE('',#16637,#2797);
#1785=LINE('',#16638,#2798);
#1786=LINE('',#16656,#2799);
#1787=LINE('',#16657,#2800);
#1788=LINE('',#16673,#2801);
#1789=LINE('',#16674,#2802);
#1790=LINE('',#16681,#2803);
#1791=LINE('',#16683,#2804);
#1792=LINE('',#16685,#2805);
#1793=LINE('',#16687,#2806);
#1794=LINE('',#16688,#2807);
#1795=LINE('',#16691,#2808);
#1796=LINE('',#16695,#2809);
#1797=LINE('',#16699,#2810);
#1798=LINE('',#16703,#2811);
#1799=LINE('',#16705,#2812);
#1800=LINE('',#16709,#2813);
#1801=LINE('',#16711,#2814);
#1802=LINE('',#16715,#2815);
#1803=LINE('',#16719,#2816);
#1804=LINE('',#16721,#2817);
#1805=LINE('',#16725,#2818);
#1806=LINE('',#16729,#2819);
#1807=LINE('',#16733,#2820);
#1808=LINE('',#16737,#2821);
#1809=LINE('',#16743,#2822);
#1810=LINE('',#16745,#2823);
#1811=LINE('',#16747,#2824);
#1812=LINE('',#16751,#2825);
#1813=LINE('',#16753,#2826);
#1814=LINE('',#16757,#2827);
#1815=LINE('',#16759,#2828);
#1816=LINE('',#16763,#2829);
#1817=LINE('',#16767,#2830);
#1818=LINE('',#16769,#2831);
#1819=LINE('',#16773,#2832);
#1820=LINE('',#16775,#2833);
#1821=LINE('',#16779,#2834);
#1822=LINE('',#16783,#2835);
#1823=LINE('',#16785,#2836);
#1824=LINE('',#16789,#2837);
#1825=LINE('',#16791,#2838);
#1826=LINE('',#16795,#2839);
#1827=LINE('',#16799,#2840);
#1828=LINE('',#16803,#2841);
#1829=LINE('',#16805,#2842);
#1830=LINE('',#16807,#2843);
#1831=LINE('',#16808,#2844);
#1832=LINE('',#16811,#2845);
#1833=LINE('',#16815,#2846);
#1834=LINE('',#16819,#2847);
#1835=LINE('',#16821,#2848);
#1836=LINE('',#16823,#2849);
#1837=LINE('',#16827,#2850);
#1838=LINE('',#16831,#2851);
#1839=LINE('',#16832,#2852);
#1840=LINE('',#16838,#2853);
#1841=LINE('',#16841,#2854);
#1842=LINE('',#16856,#2855);
#1843=LINE('',#16859,#2856);
#1844=LINE('',#16928,#2857);
#1845=LINE('',#16929,#2858);
#1846=LINE('',#16940,#2859);
#1847=LINE('',#16941,#2860);
#1848=LINE('',#16957,#2861);
#1849=LINE('',#17003,#2862);
#1850=LINE('',#17033,#2863);
#1851=LINE('',#17035,#2864);
#1852=LINE('',#17049,#2865);
#1853=LINE('',#17051,#2866);
#1854=LINE('',#17052,#2867);
#1855=LINE('',#17057,#2868);
#1856=LINE('',#17061,#2869);
#1857=LINE('',#17063,#2870);
#1858=LINE('',#17064,#2871);
#1859=LINE('',#17069,#2872);
#1860=LINE('',#17085,#2873);
#1861=LINE('',#17090,#2874);
#1862=LINE('',#17095,#2875);
#1863=LINE('',#17101,#2876);
#1864=LINE('',#17107,#2877);
#1865=LINE('',#17113,#2878);
#1866=LINE('',#17130,#2879);
#1867=LINE('',#17151,#2880);
#1868=LINE('',#17173,#2881);
#1869=LINE('',#17181,#2882);
#1870=LINE('',#17189,#2883);
#1871=LINE('',#17195,#2884);
#1872=LINE('',#17201,#2885);
#1873=LINE('',#17209,#2886);
#1874=LINE('',#17213,#2887);
#1875=LINE('',#17217,#2888);
#1876=LINE('',#17419,#2889);
#1877=LINE('',#17425,#2890);
#1878=LINE('',#17429,#2891);
#1879=LINE('',#17435,#2892);
#1880=LINE('',#17439,#2893);
#1881=LINE('',#17447,#2894);
#1882=LINE('',#17453,#2895);
#1883=LINE('',#17457,#2896);
#1884=LINE('',#17463,#2897);
#1885=LINE('',#17467,#2898);
#1886=LINE('',#17475,#2899);
#1887=LINE('',#17481,#2900);
#1888=LINE('',#17485,#2901);
#1889=LINE('',#17491,#2902);
#1890=LINE('',#17495,#2903);
#1891=LINE('',#17501,#2904);
#1892=LINE('',#17504,#2905);
#1893=LINE('',#17507,#2906);
#1894=LINE('',#17510,#2907);
#1895=LINE('',#17511,#2908);
#1896=LINE('',#17514,#2909);
#1897=LINE('',#17518,#2910);
#1898=LINE('',#17521,#2911);
#1899=LINE('',#17524,#2912);
#1900=LINE('',#17526,#2913);
#1901=LINE('',#17527,#2914);
#1902=LINE('',#17530,#2915);
#1903=LINE('',#17534,#2916);
#1904=LINE('',#17535,#2917);
#1905=LINE('',#17538,#2918);
#1906=LINE('',#17539,#2919);
#1907=LINE('',#17542,#2920);
#1908=LINE('',#17546,#2921);
#1909=LINE('',#17547,#2922);
#1910=LINE('',#17550,#2923);
#1911=LINE('',#17554,#2924);
#1912=LINE('',#17555,#2925);
#1913=LINE('',#17558,#2926);
#1914=LINE('',#17559,#2927);
#1915=LINE('',#17562,#2928);
#1916=LINE('',#17566,#2929);
#1917=LINE('',#17567,#2930);
#1918=LINE('',#17570,#2931);
#1919=LINE('',#17571,#2932);
#1920=LINE('',#17574,#2933);
#1921=LINE('',#17578,#2934);
#1922=LINE('',#17579,#2935);
#1923=LINE('',#17583,#2936);
#1924=LINE('',#17586,#2937);
#1925=LINE('',#17590,#2938);
#1926=LINE('',#17591,#2939);
#1927=LINE('',#17594,#2940);
#1928=LINE('',#17598,#2941);
#1929=LINE('',#17599,#2942);
#1930=LINE('',#17602,#2943);
#1931=LINE('',#17606,#2944);
#1932=LINE('',#17607,#2945);
#1933=LINE('',#17610,#2946);
#1934=LINE('',#17614,#2947);
#1935=LINE('',#17615,#2948);
#1936=LINE('',#17618,#2949);
#1937=LINE('',#17622,#2950);
#1938=LINE('',#17623,#2951);
#1939=LINE('',#17626,#2952);
#1940=LINE('',#17630,#2953);
#1941=LINE('',#17632,#2954);
#1942=LINE('',#17634,#2955);
#1943=LINE('',#17636,#2956);
#1944=LINE('',#17638,#2957);
#1945=LINE('',#17639,#2958);
#1946=LINE('',#17647,#2959);
#1947=LINE('',#17656,#2960);
#1948=LINE('',#17657,#2961);
#1949=LINE('',#17658,#2962);
#1950=LINE('',#17670,#2963);
#1951=LINE('',#17672,#2964);
#1952=LINE('',#17673,#2965);
#1953=LINE('',#17685,#2966);
#1954=LINE('',#17686,#2967);
#1955=LINE('',#17687,#2968);
#1956=LINE('',#17697,#2969);
#1957=LINE('',#17698,#2970);
#1958=LINE('',#17701,#2971);
#1959=LINE('',#17706,#2972);
#1960=LINE('',#17707,#2973);
#1961=LINE('',#17710,#2974);
#1962=LINE('',#17714,#2975);
#1963=LINE('',#17715,#2976);
#1964=LINE('',#17718,#2977);
#1965=LINE('',#17722,#2978);
#1966=LINE('',#17723,#2979);
#1967=LINE('',#17726,#2980);
#1968=LINE('',#17727,#2981);
#1969=LINE('',#17730,#2982);
#1970=LINE('',#17734,#2983);
#1971=LINE('',#17735,#2984);
#1972=LINE('',#17738,#2985);
#1973=LINE('',#17739,#2986);
#1974=LINE('',#17742,#2987);
#1975=LINE('',#17746,#2988);
#1976=LINE('',#17747,#2989);
#1977=LINE('',#17750,#2990);
#1978=LINE('',#17754,#2991);
#1979=LINE('',#17755,#2992);
#1980=LINE('',#17758,#2993);
#1981=LINE('',#17759,#2994);
#1982=LINE('',#17762,#2995);
#1983=LINE('',#17765,#2996);
#1984=LINE('',#17767,#2997);
#1985=LINE('',#17781,#2998);
#1986=LINE('',#17785,#2999);
#1987=LINE('',#17797,#3000);
#1988=LINE('',#17801,#3001);
#1989=LINE('',#17813,#3002);
#1990=LINE('',#17817,#3003);
#1991=LINE('',#17821,#3004);
#1992=LINE('',#17825,#3005);
#1993=LINE('',#17829,#3006);
#1994=LINE('',#17835,#3007);
#1995=LINE('',#17837,#3008);
#1996=LINE('',#17841,#3009);
#1997=LINE('',#17845,#3010);
#1998=LINE('',#17849,#3011);
#1999=LINE('',#17853,#3012);
#2000=LINE('',#17857,#3013);
#2001=LINE('',#17861,#3014);
#2002=LINE('',#17865,#3015);
#2003=LINE('',#17869,#3016);
#2004=LINE('',#17873,#3017);
#2005=LINE('',#17877,#3018);
#2006=LINE('',#17881,#3019);
#2007=LINE('',#17885,#3020);
#2008=LINE('',#17889,#3021);
#2009=LINE('',#17893,#3022);
#2010=LINE('',#17897,#3023);
#2011=LINE('',#17901,#3024);
#2012=LINE('',#17905,#3025);
#2013=LINE('',#17909,#3026);
#2014=LINE('',#17913,#3027);
#2015=LINE('',#17917,#3028);
#2016=LINE('',#17921,#3029);
#2017=LINE('',#17925,#3030);
#2018=LINE('',#17929,#3031);
#2019=LINE('',#17933,#3032);
#2020=LINE('',#17937,#3033);
#2021=LINE('',#17941,#3034);
#2022=LINE('',#17945,#3035);
#2023=LINE('',#17957,#3036);
#2024=LINE('',#17959,#3037);
#2025=LINE('',#17963,#3038);
#2026=LINE('',#17967,#3039);
#2027=LINE('',#17970,#3040);
#2028=LINE('',#17977,#3041);
#2029=LINE('',#17981,#3042);
#2030=LINE('',#17985,#3043);
#2031=LINE('',#17989,#3044);
#2032=LINE('',#17993,#3045);
#2033=LINE('',#17997,#3046);
#2034=LINE('',#18001,#3047);
#2035=LINE('',#18005,#3048);
#2036=LINE('',#18009,#3049);
#2037=LINE('',#18013,#3050);
#2038=LINE('',#18017,#3051);
#2039=LINE('',#18021,#3052);
#2040=LINE('',#18025,#3053);
#2041=LINE('',#18029,#3054);
#2042=LINE('',#18033,#3055);
#2043=LINE('',#18037,#3056);
#2044=LINE('',#18047,#3057);
#2045=LINE('',#18063,#3058);
#2046=LINE('',#18066,#3059);
#2047=LINE('',#18071,#3060);
#2048=LINE('',#18081,#3061);
#2049=LINE('',#18085,#3062);
#2050=LINE('',#18089,#3063);
#2051=LINE('',#18093,#3064);
#2052=LINE('',#18096,#3065);
#2053=LINE('',#18105,#3066);
#2054=LINE('',#18109,#3067);
#2055=LINE('',#18117,#3068);
#2056=LINE('',#18121,#3069);
#2057=LINE('',#18125,#3070);
#2058=LINE('',#18131,#3071);
#2059=LINE('',#18135,#3072);
#2060=LINE('',#18139,#3073);
#2061=LINE('',#18143,#3074);
#2062=LINE('',#18147,#3075);
#2063=LINE('',#18151,#3076);
#2064=LINE('',#18155,#3077);
#2065=LINE('',#18159,#3078);
#2066=LINE('',#18163,#3079);
#2067=LINE('',#18167,#3080);
#2068=LINE('',#18171,#3081);
#2069=LINE('',#18175,#3082);
#2070=LINE('',#18179,#3083);
#2071=LINE('',#18183,#3084);
#2072=LINE('',#18193,#3085);
#2073=LINE('',#18197,#3086);
#2074=LINE('',#18201,#3087);
#2075=LINE('',#18205,#3088);
#2076=LINE('',#18209,#3089);
#2077=LINE('',#18213,#3090);
#2078=LINE('',#18217,#3091);
#2079=LINE('',#18221,#3092);
#2080=LINE('',#18225,#3093);
#2081=LINE('',#18229,#3094);
#2082=LINE('',#18233,#3095);
#2083=LINE('',#18237,#3096);
#2084=LINE('',#18241,#3097);
#2085=LINE('',#18253,#3098);
#2086=LINE('',#18257,#3099);
#2087=LINE('',#18261,#3100);
#2088=LINE('',#18265,#3101);
#2089=LINE('',#18269,#3102);
#2090=LINE('',#18273,#3103);
#2091=LINE('',#18277,#3104);
#2092=LINE('',#18281,#3105);
#2093=LINE('',#18285,#3106);
#2094=LINE('',#18289,#3107);
#2095=LINE('',#18293,#3108);
#2096=LINE('',#18297,#3109);
#2097=LINE('',#18301,#3110);
#2098=LINE('',#18305,#3111);
#2099=LINE('',#18309,#3112);
#2100=LINE('',#18313,#3113);
#2101=LINE('',#18317,#3114);
#2102=LINE('',#18323,#3115);
#2103=LINE('',#18327,#3116);
#2104=LINE('',#18331,#3117);
#2105=LINE('',#18335,#3118);
#2106=LINE('',#18339,#3119);
#2107=LINE('',#18345,#3120);
#2108=LINE('',#18349,#3121);
#2109=LINE('',#18360,#3122);
#2110=LINE('',#18367,#3123);
#2111=LINE('',#18371,#3124);
#2112=LINE('',#18375,#3125);
#2113=LINE('',#18379,#3126);
#2114=LINE('',#18383,#3127);
#2115=LINE('',#18387,#3128);
#2116=LINE('',#18391,#3129);
#2117=LINE('',#18395,#3130);
#2118=LINE('',#18399,#3131);
#2119=LINE('',#18403,#3132);
#2120=LINE('',#18407,#3133);
#2121=LINE('',#18411,#3134);
#2122=LINE('',#18415,#3135);
#2123=LINE('',#18419,#3136);
#2124=LINE('',#18423,#3137);
#2125=LINE('',#18427,#3138);
#2126=LINE('',#18431,#3139);
#2127=LINE('',#18435,#3140);
#2128=LINE('',#18439,#3141);
#2129=LINE('',#18443,#3142);
#2130=LINE('',#18447,#3143);
#2131=LINE('',#18451,#3144);
#2132=LINE('',#18455,#3145);
#2133=LINE('',#18459,#3146);
#2134=LINE('',#18463,#3147);
#2135=LINE('',#18469,#3148);
#2136=LINE('',#18473,#3149);
#2137=LINE('',#18477,#3150);
#2138=LINE('',#18480,#3151);
#2139=LINE('',#18485,#3152);
#2140=LINE('',#18489,#3153);
#2141=LINE('',#18493,#3154);
#2142=LINE('',#18497,#3155);
#2143=LINE('',#18501,#3156);
#2144=LINE('',#18504,#3157);
#2145=LINE('',#18507,#3158);
#2146=LINE('',#18511,#3159);
#2147=LINE('',#18515,#3160);
#2148=LINE('',#18519,#3161);
#2149=LINE('',#18523,#3162);
#2150=LINE('',#18527,#3163);
#2151=LINE('',#18546,#3164);
#2152=LINE('',#18549,#3165);
#2153=LINE('',#18552,#3166);
#2154=LINE('',#18556,#3167);
#2155=LINE('',#18557,#3168);
#2156=LINE('',#18560,#3169);
#2157=LINE('',#18564,#3170);
#2158=LINE('',#18565,#3171);
#2159=LINE('',#18568,#3172);
#2160=LINE('',#18572,#3173);
#2161=LINE('',#18576,#3174);
#2162=LINE('',#18580,#3175);
#2163=LINE('',#18583,#3176);
#2164=LINE('',#18586,#3177);
#2165=LINE('',#18587,#3178);
#2166=LINE('',#18590,#3179);
#2167=LINE('',#18594,#3180);
#2168=LINE('',#18595,#3181);
#2169=LINE('',#18598,#3182);
#2170=LINE('',#18602,#3183);
#2171=LINE('',#18606,#3184);
#2172=LINE('',#18610,#3185);
#2173=LINE('',#18612,#3186);
#2174=LINE('',#18613,#3187);
#2175=LINE('',#18616,#3188);
#2176=LINE('',#18620,#3189);
#2177=LINE('',#18621,#3190);
#2178=LINE('',#18624,#3191);
#2179=LINE('',#18625,#3192);
#2180=LINE('',#18627,#3193);
#2181=LINE('',#18628,#3194);
#2182=LINE('',#18631,#3195);
#2183=LINE('',#18634,#3196);
#2184=LINE('',#18637,#3197);
#2185=LINE('',#18638,#3198);
#2186=LINE('',#18641,#3199);
#2187=LINE('',#18645,#3200);
#2188=LINE('',#18646,#3201);
#2189=LINE('',#18649,#3202);
#2190=LINE('',#18653,#3203);
#2191=LINE('',#18654,#3204);
#2192=LINE('',#18657,#3205);
#2193=LINE('',#18660,#3206);
#2194=LINE('',#18663,#3207);
#2195=LINE('',#18664,#3208);
#2196=LINE('',#18667,#3209);
#2197=LINE('',#18671,#3210);
#2198=LINE('',#18672,#3211);
#2199=LINE('',#18675,#3212);
#2200=LINE('',#18679,#3213);
#2201=LINE('',#18680,#3214);
#2202=LINE('',#18683,#3215);
#2203=LINE('',#18686,#3216);
#2204=LINE('',#18689,#3217);
#2205=LINE('',#18690,#3218);
#2206=LINE('',#18693,#3219);
#2207=LINE('',#18697,#3220);
#2208=LINE('',#18698,#3221);
#2209=LINE('',#18701,#3222);
#2210=LINE('',#18705,#3223);
#2211=LINE('',#18706,#3224);
#2212=LINE('',#18709,#3225);
#2213=LINE('',#18712,#3226);
#2214=LINE('',#18715,#3227);
#2215=LINE('',#18716,#3228);
#2216=LINE('',#18719,#3229);
#2217=LINE('',#18723,#3230);
#2218=LINE('',#18724,#3231);
#2219=LINE('',#18727,#3232);
#2220=LINE('',#18731,#3233);
#2221=LINE('',#18732,#3234);
#2222=LINE('',#18735,#3235);
#2223=LINE('',#18737,#3236);
#2224=LINE('',#18738,#3237);
#2225=LINE('',#18741,#3238);
#2226=LINE('',#18745,#3239);
#2227=LINE('',#18746,#3240);
#2228=LINE('',#18749,#3241);
#2229=LINE('',#18750,#3242);
#2230=LINE('',#18753,#3243);
#2231=LINE('',#18757,#3244);
#2232=LINE('',#18760,#3245);
#2233=LINE('',#18763,#3246);
#2234=LINE('',#18764,#3247);
#2235=LINE('',#18767,#3248);
#2236=LINE('',#18771,#3249);
#2237=LINE('',#18772,#3250);
#2238=LINE('',#18775,#3251);
#2239=LINE('',#18779,#3252);
#2240=LINE('',#18780,#3253);
#2241=LINE('',#18783,#3254);
#2242=LINE('',#18786,#3255);
#2243=LINE('',#18789,#3256);
#2244=LINE('',#18790,#3257);
#2245=LINE('',#18793,#3258);
#2246=LINE('',#18797,#3259);
#2247=LINE('',#18798,#3260);
#2248=LINE('',#18801,#3261);
#2249=LINE('',#18805,#3262);
#2250=LINE('',#18806,#3263);
#2251=LINE('',#18809,#3264);
#2252=LINE('',#18811,#3265);
#2253=LINE('',#18812,#3266);
#2254=LINE('',#18815,#3267);
#2255=LINE('',#18819,#3268);
#2256=LINE('',#18820,#3269);
#2257=LINE('',#18823,#3270);
#2258=LINE('',#18827,#3271);
#2259=LINE('',#18828,#3272);
#2260=LINE('',#18831,#3273);
#2261=LINE('',#18835,#3274);
#2262=LINE('',#18836,#3275);
#2263=LINE('',#18839,#3276);
#2264=LINE('',#18842,#3277);
#2265=LINE('',#18845,#3278);
#2266=LINE('',#18849,#3279);
#2267=LINE('',#18853,#3280);
#2268=LINE('',#18857,#3281);
#2269=LINE('',#18861,#3282);
#2270=LINE('',#18864,#3283);
#2271=LINE('',#18867,#3284);
#2272=LINE('',#18868,#3285);
#2273=LINE('',#18871,#3286);
#2274=LINE('',#18875,#3287);
#2275=LINE('',#18879,#3288);
#2276=LINE('',#18883,#3289);
#2277=LINE('',#18887,#3290);
#2278=LINE('',#18888,#3291);
#2279=LINE('',#18891,#3292);
#2280=LINE('',#18895,#3293);
#2281=LINE('',#18898,#3294);
#2282=LINE('',#18901,#3295);
#2283=LINE('',#18902,#3296);
#2284=LINE('',#18905,#3297);
#2285=LINE('',#18909,#3298);
#2286=LINE('',#18913,#3299);
#2287=LINE('',#18917,#3300);
#2288=LINE('',#18919,#3301);
#2289=LINE('',#18920,#3302);
#2290=LINE('',#18923,#3303);
#2291=LINE('',#18927,#3304);
#2292=LINE('',#18931,#3305);
#2293=LINE('',#18932,#3306);
#2294=LINE('',#18934,#3307);
#2295=LINE('',#18936,#3308);
#2296=LINE('',#18937,#3309);
#2297=LINE('',#18940,#3310);
#2298=LINE('',#18944,#3311);
#2299=LINE('',#18945,#3312);
#2300=LINE('',#18948,#3313);
#2301=LINE('',#18951,#3314);
#2302=LINE('',#18954,#3315);
#2303=LINE('',#18955,#3316);
#2304=LINE('',#18958,#3317);
#2305=LINE('',#18962,#3318);
#2306=LINE('',#18963,#3319);
#2307=LINE('',#18966,#3320);
#2308=LINE('',#18970,#3321);
#2309=LINE('',#18971,#3322);
#2310=LINE('',#18974,#3323);
#2311=LINE('',#18976,#3324);
#2312=LINE('',#18977,#3325);
#2313=LINE('',#18980,#3326);
#2314=LINE('',#18984,#3327);
#2315=LINE('',#18985,#3328);
#2316=LINE('',#18988,#3329);
#2317=LINE('',#18992,#3330);
#2318=LINE('',#18993,#3331);
#2319=LINE('',#18996,#3332);
#2320=LINE('',#19000,#3333);
#2321=LINE('',#19001,#3334);
#2322=LINE('',#19004,#3335);
#2323=LINE('',#19007,#3336);
#2324=LINE('',#19010,#3337);
#2325=LINE('',#19011,#3338);
#2326=LINE('',#19014,#3339);
#2327=LINE('',#19018,#3340);
#2328=LINE('',#19019,#3341);
#2329=LINE('',#19022,#3342);
#2330=LINE('',#19026,#3343);
#2331=LINE('',#19027,#3344);
#2332=LINE('',#19030,#3345);
#2333=LINE('',#19033,#3346);
#2334=LINE('',#19036,#3347);
#2335=LINE('',#19037,#3348);
#2336=LINE('',#19040,#3349);
#2337=LINE('',#19044,#3350);
#2338=LINE('',#19045,#3351);
#2339=LINE('',#19048,#3352);
#2340=LINE('',#19052,#3353);
#2341=LINE('',#19053,#3354);
#2342=LINE('',#19056,#3355);
#2343=LINE('',#19058,#3356);
#2344=LINE('',#19059,#3357);
#2345=LINE('',#19062,#3358);
#2346=LINE('',#19066,#3359);
#2347=LINE('',#19070,#3360);
#2348=LINE('',#19074,#3361);
#2349=LINE('',#19078,#3362);
#2350=LINE('',#19082,#3363);
#2351=LINE('',#19083,#3364);
#2352=LINE('',#19086,#3365);
#2353=LINE('',#19089,#3366);
#2354=LINE('',#19092,#3367);
#2355=LINE('',#19093,#3368);
#2356=LINE('',#19096,#3369);
#2357=LINE('',#19100,#3370);
#2358=LINE('',#19101,#3371);
#2359=LINE('',#19104,#3372);
#2360=LINE('',#19108,#3373);
#2361=LINE('',#19109,#3374);
#2362=LINE('',#19112,#3375);
#2363=LINE('',#19115,#3376);
#2364=LINE('',#19118,#3377);
#2365=LINE('',#19119,#3378);
#2366=LINE('',#19122,#3379);
#2367=LINE('',#19126,#3380);
#2368=LINE('',#19127,#3381);
#2369=LINE('',#19130,#3382);
#2370=LINE('',#19134,#3383);
#2371=LINE('',#19135,#3384);
#2372=LINE('',#19138,#3385);
#2373=LINE('',#19141,#3386);
#2374=LINE('',#19144,#3387);
#2375=LINE('',#19145,#3388);
#2376=LINE('',#19148,#3389);
#2377=LINE('',#19152,#3390);
#2378=LINE('',#19155,#3391);
#2379=LINE('',#19158,#3392);
#2380=LINE('',#19162,#3393);
#2381=LINE('',#19163,#3394);
#2382=LINE('',#19166,#3395);
#2383=LINE('',#19169,#3396);
#2384=LINE('',#19172,#3397);
#2385=LINE('',#19173,#3398);
#2386=LINE('',#19176,#3399);
#2387=LINE('',#19180,#3400);
#2388=LINE('',#19181,#3401);
#2389=LINE('',#19184,#3402);
#2390=LINE('',#19187,#3403);
#2391=LINE('',#19189,#3404);
#2392=LINE('',#19191,#3405);
#2393=LINE('',#19193,#3406);
#2394=LINE('',#19194,#3407);
#2395=LINE('',#19197,#3408);
#2396=LINE('',#19200,#3409);
#2397=LINE('',#19203,#3410);
#2398=LINE('',#19204,#3411);
#2399=LINE('',#19207,#3412);
#2400=LINE('',#19211,#3413);
#2401=LINE('',#19212,#3414);
#2402=LINE('',#19215,#3415);
#2403=LINE('',#19219,#3416);
#2404=LINE('',#19223,#3417);
#2405=LINE('',#19225,#3418);
#2406=LINE('',#19226,#3419);
#2407=LINE('',#19229,#3420);
#2408=LINE('',#19233,#3421);
#2409=LINE('',#19234,#3422);
#2410=LINE('',#19237,#3423);
#2411=LINE('',#19241,#3424);
#2412=LINE('',#19242,#3425);
#2413=LINE('',#19245,#3426);
#2414=LINE('',#19247,#3427);
#2415=LINE('',#19248,#3428);
#2416=LINE('',#19251,#3429);
#2417=LINE('',#19255,#3430);
#2418=LINE('',#19256,#3431);
#2419=LINE('',#19259,#3432);
#2420=LINE('',#19263,#3433);
#2421=LINE('',#19264,#3434);
#2422=LINE('',#19267,#3435);
#2423=LINE('',#19269,#3436);
#2424=LINE('',#19270,#3437);
#2425=LINE('',#19273,#3438);
#2426=LINE('',#19277,#3439);
#2427=LINE('',#19278,#3440);
#2428=LINE('',#19281,#3441);
#2429=LINE('',#19285,#3442);
#2430=LINE('',#19286,#3443);
#2431=LINE('',#19289,#3444);
#2432=LINE('',#19291,#3445);
#2433=LINE('',#19292,#3446);
#2434=LINE('',#19295,#3447);
#2435=LINE('',#19299,#3448);
#2436=LINE('',#19300,#3449);
#2437=LINE('',#19303,#3450);
#2438=LINE('',#19307,#3451);
#2439=LINE('',#19308,#3452);
#2440=LINE('',#19311,#3453);
#2441=LINE('',#19313,#3454);
#2442=LINE('',#19314,#3455);
#2443=LINE('',#19317,#3456);
#2444=LINE('',#19321,#3457);
#2445=LINE('',#19322,#3458);
#2446=LINE('',#19325,#3459);
#2447=LINE('',#19329,#3460);
#2448=LINE('',#19331,#3461);
#2449=LINE('',#19332,#3462);
#2450=LINE('',#19335,#3463);
#2451=LINE('',#19339,#3464);
#2452=LINE('',#19340,#3465);
#2453=LINE('',#19343,#3466);
#2454=LINE('',#19347,#3467);
#2455=LINE('',#19348,#3468);
#2456=LINE('',#19351,#3469);
#2457=LINE('',#19355,#3470);
#2458=LINE('',#19358,#3471);
#2459=LINE('',#19361,#3472);
#2460=LINE('',#19362,#3473);
#2461=LINE('',#19365,#3474);
#2462=LINE('',#19369,#3475);
#2463=LINE('',#19370,#3476);
#2464=LINE('',#19373,#3477);
#2465=LINE('',#19377,#3478);
#2466=LINE('',#19378,#3479);
#2467=LINE('',#19380,#3480);
#2468=LINE('',#19382,#3481);
#2469=LINE('',#19384,#3482);
#2470=LINE('',#19386,#3483);
#2471=LINE('',#19391,#3484);
#2472=LINE('',#19395,#3485);
#2473=LINE('',#19420,#3486);
#2474=LINE('',#19424,#3487);
#2475=LINE('',#19425,#3488);
#2476=LINE('',#19426,#3489);
#2477=LINE('',#19430,#3490);
#2478=LINE('',#19432,#3491);
#2479=LINE('',#19434,#3492);
#2480=LINE('',#19435,#3493);
#2481=LINE('',#19440,#3494);
#2482=LINE('',#19444,#3495);
#2483=LINE('',#19446,#3496);
#2484=LINE('',#19447,#3497);
#2485=LINE('',#19451,#3498);
#2486=LINE('',#19453,#3499);
#2487=LINE('',#19455,#3500);
#2488=LINE('',#19456,#3501);
#2489=LINE('',#19460,#3502);
#2490=LINE('',#19462,#3503);
#2491=LINE('',#19464,#3504);
#2492=LINE('',#19465,#3505);
#2493=LINE('',#19468,#3506);
#2494=LINE('',#19470,#3507);
#2495=LINE('',#19472,#3508);
#2496=LINE('',#19473,#3509);
#2497=LINE('',#19474,#3510);
#2498=LINE('',#19479,#3511);
#2499=LINE('',#19486,#3512);
#2500=LINE('',#19490,#3513);
#2501=LINE('',#19493,#3514);
#2502=LINE('',#19498,#3515);
#2503=LINE('',#19505,#3516);
#2504=LINE('',#19509,#3517);
#2505=LINE('',#19512,#3518);
#2506=LINE('',#19517,#3519);
#2507=LINE('',#19524,#3520);
#2508=LINE('',#19528,#3521);
#2509=LINE('',#19531,#3522);
#2510=LINE('',#19536,#3523);
#2511=LINE('',#19542,#3524);
#2512=LINE('',#19545,#3525);
#2513=LINE('',#19549,#3526);
#2514=LINE('',#19555,#3527);
#2515=LINE('',#19562,#3528);
#2516=LINE('',#19566,#3529);
#2517=LINE('',#19569,#3530);
#2518=LINE('',#19575,#3531);
#2519=LINE('',#19579,#3532);
#2520=LINE('',#19580,#3533);
#2521=LINE('',#19583,#3534);
#2522=LINE('',#19588,#3535);
#2523=LINE('',#19591,#3536);
#2524=LINE('',#19593,#3537);
#2525=LINE('',#19594,#3538);
#2526=LINE('',#19599,#3539);
#2527=LINE('',#19601,#3540);
#2528=LINE('',#19603,#3541);
#2529=LINE('',#19605,#3542);
#2530=LINE('',#19606,#3543);
#2531=LINE('',#19609,#3544);
#2532=LINE('',#19613,#3545);
#2533=LINE('',#19614,#3546);
#2534=LINE('',#19617,#3547);
#2535=LINE('',#19622,#3548);
#2536=LINE('',#19626,#3549);
#2537=LINE('',#19629,#3550);
#2538=LINE('',#19634,#3551);
#2539=LINE('',#19638,#3552);
#2540=LINE('',#19641,#3553);
#2541=LINE('',#19645,#3554);
#2542=LINE('',#19646,#3555);
#2543=LINE('',#19649,#3556);
#2544=LINE('',#19652,#3557);
#2545=LINE('',#19656,#3558);
#2546=LINE('',#19660,#3559);
#2547=LINE('',#19663,#3560);
#2548=LINE('',#19666,#3561);
#2549=LINE('',#19669,#3562);
#2550=LINE('',#19674,#3563);
#2551=LINE('',#19678,#3564);
#2552=LINE('',#19682,#3565);
#2553=LINE('',#19685,#3566);
#2554=LINE('',#19687,#3567);
#2555=LINE('',#19688,#3568);
#2556=LINE('',#19691,#3569);
#2557=LINE('',#19694,#3570);
#2558=LINE('',#19697,#3571);
#2559=LINE('',#19701,#3572);
#2560=LINE('',#19705,#3573);
#2561=LINE('',#19706,#3574);
#2562=LINE('',#19709,#3575);
#2563=LINE('',#19713,#3576);
#2564=LINE('',#19714,#3577);
#2565=LINE('',#19718,#3578);
#2566=LINE('',#19722,#3579);
#2567=LINE('',#19724,#3580);
#2568=LINE('',#19729,#3581);
#2569=LINE('',#19735,#3582);
#2570=LINE('',#19739,#3583);
#2571=LINE('',#19742,#3584);
#2572=LINE('',#19748,#3585);
#2573=LINE('',#19755,#3586);
#2574=LINE('',#19759,#3587);
#2575=LINE('',#19761,#3588);
#2576=LINE('',#19762,#3589);
#2577=LINE('',#19763,#3590);
#2578=LINE('',#19764,#3591);
#2579=LINE('',#19768,#3592);
#2580=LINE('',#19773,#3593);
#2581=LINE('',#19777,#3594);
#2582=LINE('',#19782,#3595);
#2583=LINE('',#19786,#3596);
#2584=LINE('',#19789,#3597);
#2585=LINE('',#19793,#3598);
#2586=LINE('',#19797,#3599);
#2587=LINE('',#19800,#3600);
#2588=LINE('',#19802,#3601);
#2589=LINE('',#19806,#3602);
#2590=LINE('',#19810,#3603);
#2591=LINE('',#19815,#3604);
#2592=LINE('',#19818,#3605);
#2593=LINE('',#19822,#3606);
#2594=LINE('',#19825,#3607);
#2595=LINE('',#19829,#3608);
#2596=LINE('',#19832,#3609);
#2597=LINE('',#19836,#3610);
#2598=LINE('',#19839,#3611);
#2599=LINE('',#19843,#3612);
#2600=LINE('',#19846,#3613);
#2601=LINE('',#19850,#3614);
#2602=LINE('',#19854,#3615);
#2603=LINE('',#19857,#3616);
#2604=LINE('',#19861,#3617);
#2605=LINE('',#19865,#3618);
#2606=LINE('',#19868,#3619);
#2607=LINE('',#19871,#3620);
#2608=LINE('',#19875,#3621);
#2609=LINE('',#19878,#3622);
#2610=LINE('',#19883,#3623);
#2611=LINE('',#19887,#3624);
#2612=LINE('',#19891,#3625);
#2613=LINE('',#19896,#3626);
#2614=LINE('',#19900,#3627);
#2615=LINE('',#19903,#3628);
#2616=LINE('',#19907,#3629);
#2617=LINE('',#19911,#3630);
#2618=LINE('',#19914,#3631);
#2619=LINE('',#19917,#3632);
#2620=LINE('',#19922,#3633);
#2621=LINE('',#19926,#3634);
#2622=LINE('',#19929,#3635);
#2623=LINE('',#19933,#3636);
#2624=LINE('',#19937,#3637);
#2625=LINE('',#19940,#3638);
#2626=LINE('',#19942,#3639);
#2627=LINE('',#19946,#3640);
#2628=LINE('',#19950,#3641);
#2629=LINE('',#19953,#3642);
#2630=LINE('',#19956,#3643);
#2631=LINE('',#19961,#3644);
#2632=LINE('',#19965,#3645);
#2633=LINE('',#19968,#3646);
#2634=LINE('',#19972,#3647);
#2635=LINE('',#19976,#3648);
#2636=LINE('',#19979,#3649);
#2637=LINE('',#19983,#3650);
#2638=LINE('',#19987,#3651);
#2639=LINE('',#19990,#3652);
#2640=LINE('',#19995,#3653);
#2641=LINE('',#19997,#3654);
#2642=LINE('',#19999,#3655);
#2643=LINE('',#20001,#3656);
#2644=LINE('',#20003,#3657);
#2645=LINE('',#20005,#3658);
#2646=LINE('',#20008,#3659);
#2647=LINE('',#20010,#3660);
#2648=LINE('',#20012,#3661);
#2649=LINE('',#20014,#3662);
#2650=LINE('',#20016,#3663);
#2651=LINE('',#20020,#3664);
#2652=LINE('',#20022,#3665);
#2653=LINE('',#20024,#3666);
#2654=LINE('',#20027,#3667);
#2655=LINE('',#20029,#3668);
#2656=LINE('',#20031,#3669);
#2657=LINE('',#20034,#3670);
#2658=LINE('',#20036,#3671);
#2659=LINE('',#20038,#3672);
#2660=LINE('',#20041,#3673);
#2661=LINE('',#20043,#3674);
#2662=LINE('',#20045,#3675);
#2663=LINE('',#20048,#3676);
#2664=LINE('',#20050,#3677);
#2665=LINE('',#20052,#3678);
#2666=LINE('',#20055,#3679);
#2667=LINE('',#20057,#3680);
#2668=LINE('',#20059,#3681);
#2669=LINE('',#20061,#3682);
#2670=LINE('',#20063,#3683);
#2671=LINE('',#20066,#3684);
#2672=LINE('',#20068,#3685);
#2673=LINE('',#20070,#3686);
#2674=LINE('',#20072,#3687);
#2675=LINE('',#20074,#3688);
#2676=LINE('',#20077,#3689);
#2677=LINE('',#20079,#3690);
#2678=LINE('',#20081,#3691);
#2679=LINE('',#20083,#3692);
#2680=LINE('',#20085,#3693);
#2681=LINE('',#20088,#3694);
#2682=LINE('',#20090,#3695);
#2683=LINE('',#20092,#3696);
#2684=LINE('',#20094,#3697);
#2685=LINE('',#20096,#3698);
#2686=LINE('',#20098,#3699);
#2687=LINE('',#20101,#3700);
#2688=LINE('',#20103,#3701);
#2689=LINE('',#20105,#3702);
#2690=LINE('',#20107,#3703);
#2691=LINE('',#20109,#3704);
#2692=LINE('',#20112,#3705);
#2693=LINE('',#20114,#3706);
#2694=LINE('',#20116,#3707);
#2695=LINE('',#20118,#3708);
#2696=LINE('',#20120,#3709);
#2697=LINE('',#20124,#3710);
#2698=LINE('',#20127,#3711);
#2699=LINE('',#20129,#3712);
#2700=LINE('',#20131,#3713);
#2701=LINE('',#20133,#3714);
#2702=LINE('',#20135,#3715);
#2703=LINE('',#20138,#3716);
#2704=LINE('',#20139,#3717);
#2705=LINE('',#20144,#3718);
#2706=LINE('',#20146,#3719);
#2707=LINE('',#20148,#3720);
#2708=LINE('',#20150,#3721);
#2709=LINE('',#20152,#3722);
#2710=LINE('',#20154,#3723);
#2711=LINE('',#20157,#3724);
#2712=LINE('',#20159,#3725);
#2713=LINE('',#20162,#3726);
#2714=LINE('',#20166,#3727);
#2715=LINE('',#20168,#3728);
#2716=LINE('',#20170,#3729);
#2717=LINE('',#20172,#3730);
#2718=LINE('',#20174,#3731);
#2719=LINE('',#20177,#3732);
#2720=LINE('',#20179,#3733);
#2721=LINE('',#20181,#3734);
#2722=LINE('',#20183,#3735);
#2723=LINE('',#20185,#3736);
#2724=LINE('',#20188,#3737);
#2725=LINE('',#20190,#3738);
#2726=LINE('',#20194,#3739);
#2727=LINE('',#20196,#3740);
#2728=LINE('',#20199,#3741);
#2729=LINE('',#20201,#3742);
#2730=LINE('',#20204,#3743);
#2731=LINE('',#20206,#3744);
#2732=LINE('',#20208,#3745);
#2733=LINE('',#20210,#3746);
#2734=LINE('',#20213,#3747);
#2735=LINE('',#20215,#3748);
#2736=LINE('',#20217,#3749);
#2737=LINE('',#20219,#3750);
#2738=LINE('',#20221,#3751);
#2739=LINE('',#20224,#3752);
#2740=LINE('',#20226,#3753);
#2741=LINE('',#20228,#3754);
#2742=LINE('',#20230,#3755);
#2743=LINE('',#20232,#3756);
#2744=LINE('',#20235,#3757);
#2745=LINE('',#20237,#3758);
#2746=LINE('',#20239,#3759);
#2747=LINE('',#20241,#3760);
#2748=LINE('',#20243,#3761);
#2749=LINE('',#20246,#3762);
#2750=LINE('',#20248,#3763);
#2751=LINE('',#20251,#3764);
#2752=LINE('',#20253,#3765);
#2753=LINE('',#20255,#3766);
#2754=LINE('',#20257,#3767);
#2755=LINE('',#20259,#3768);
#2756=LINE('',#20261,#3769);
#2757=LINE('',#20270,#3770);
#2758=LINE('',#20274,#3771);
#2759=LINE('',#20278,#3772);
#2760=LINE('',#20282,#3773);
#2761=LINE('',#20286,#3774);
#2762=LINE('',#20290,#3775);
#2763=LINE('',#20294,#3776);
#2764=LINE('',#20298,#3777);
#2765=LINE('',#20301,#3778);
#2766=LINE('',#20304,#3779);
#2767=LINE('',#20311,#3780);
#2768=LINE('',#20317,#3781);
#2769=LINE('',#20318,#3782);
#2770=LINE('',#20320,#3783);
#2771=LINE('',#20323,#3784);
#2772=LINE('',#20325,#3785);
#2773=LINE('',#20327,#3786);
#2774=LINE('',#20329,#3787);
#2775=LINE('',#20331,#3788);
#2776=LINE('',#20333,#3789);
#2777=LINE('',#20335,#3790);
#2778=LINE('',#20337,#3791);
#2779=LINE('',#20339,#3792);
#2780=LINE('',#20341,#3793);
#2781=LINE('',#20343,#3794);
#2782=LINE('',#20345,#3795);
#2783=LINE('',#20347,#3796);
#2784=LINE('',#20349,#3797);
#2785=LINE('',#20351,#3798);
#2786=LINE('',#20353,#3799);
#2787=LINE('',#20355,#3800);
#2788=LINE('',#20357,#3801);
#2789=VECTOR('',#12964,10.);
#2790=VECTOR('',#12967,10.);
#2791=VECTOR('',#12978,10.);
#2792=VECTOR('',#12981,10.);
#2793=VECTOR('',#12992,10.);
#2794=VECTOR('',#12993,10.);
#2795=VECTOR('',#13006,10.);
#2796=VECTOR('',#13007,10.);
#2797=VECTOR('',#13020,10.);
#2798=VECTOR('',#13021,10.);
#2799=VECTOR('',#13032,10.);
#2800=VECTOR('',#13033,10.);
#2801=VECTOR('',#13046,10.);
#2802=VECTOR('',#13047,10.);
#2803=VECTOR('',#13058,10.);
#2804=VECTOR('',#13059,10.);
#2805=VECTOR('',#13060,10.);
#2806=VECTOR('',#13061,10.);
#2807=VECTOR('',#13062,10.);
#2808=VECTOR('',#13065,10.);
#2809=VECTOR('',#13070,10.);
#2810=VECTOR('',#13073,10.);
#2811=VECTOR('',#13076,10.);
#2812=VECTOR('',#13077,10.);
#2813=VECTOR('',#13080,10.);
#2814=VECTOR('',#13081,10.);
#2815=VECTOR('',#13084,10.);
#2816=VECTOR('',#13087,10.);
#2817=VECTOR('',#13088,10.);
#2818=VECTOR('',#13091,10.);
#2819=VECTOR('',#13094,10.);
#2820=VECTOR('',#13097,10.);
#2821=VECTOR('',#13100,10.);
#2822=VECTOR('',#13105,10.);
#2823=VECTOR('',#13106,10.);
#2824=VECTOR('',#13107,10.);
#2825=VECTOR('',#13110,10.);
#2826=VECTOR('',#13111,10.);
#2827=VECTOR('',#13114,10.);
#2828=VECTOR('',#13115,10.);
#2829=VECTOR('',#13118,10.);
#2830=VECTOR('',#13121,10.);
#2831=VECTOR('',#13122,10.);
#2832=VECTOR('',#13125,10.);
#2833=VECTOR('',#13126,10.);
#2834=VECTOR('',#13129,10.);
#2835=VECTOR('',#13132,10.);
#2836=VECTOR('',#13133,10.);
#2837=VECTOR('',#13136,10.);
#2838=VECTOR('',#13137,10.);
#2839=VECTOR('',#13140,10.);
#2840=VECTOR('',#13145,10.);
#2841=VECTOR('',#13150,10.);
#2842=VECTOR('',#13151,10.);
#2843=VECTOR('',#13152,10.);
#2844=VECTOR('',#13153,10.);
#2845=VECTOR('',#13156,10.);
#2846=VECTOR('',#13161,10.);
#2847=VECTOR('',#13164,10.);
#2848=VECTOR('',#13165,10.);
#2849=VECTOR('',#13166,10.);
#2850=VECTOR('',#13171,10.);
#2851=VECTOR('',#13176,10.);
#2852=VECTOR('',#13177,10.);
#2853=VECTOR('',#13182,10.);
#2854=VECTOR('',#13185,10.);
#2855=VECTOR('',#13196,10.);
#2856=VECTOR('',#13199,10.);
#2857=VECTOR('',#13212,10.);
#2858=VECTOR('',#13213,10.);
#2859=VECTOR('',#13226,10.);
#2860=VECTOR('',#13227,10.);
#2861=VECTOR('',#13238,10.);
#2862=VECTOR('',#13251,10.);
#2863=VECTOR('',#13256,10.);
#2864=VECTOR('',#13259,10.);
#2865=VECTOR('',#13272,10.);
#2866=VECTOR('',#13273,10.);
#2867=VECTOR('',#13274,10.);
#2868=VECTOR('',#13281,10.);
#2869=VECTOR('',#13286,10.);
#2870=VECTOR('',#13287,10.);
#2871=VECTOR('',#13288,10.);
#2872=VECTOR('',#13293,10.);
#2873=VECTOR('',#13304,10.);
#2874=VECTOR('',#13313,10.);
#2875=VECTOR('',#13318,10.);
#2876=VECTOR('',#13325,10.);
#2877=VECTOR('',#13332,10.);
#2878=VECTOR('',#13339,10.);
#2879=VECTOR('',#13342,10.);
#2880=VECTOR('',#13351,10.);
#2881=VECTOR('',#13362,10.);
#2882=VECTOR('',#13375,10.);
#2883=VECTOR('',#13386,10.);
#2884=VECTOR('',#13395,10.);
#2885=VECTOR('',#13404,10.);
#2886=VECTOR('',#13415,10.);
#2887=VECTOR('',#13422,10.);
#2888=VECTOR('',#13429,10.);
#2889=VECTOR('',#13480,10.);
#2890=VECTOR('',#13489,10.);
#2891=VECTOR('',#13494,10.);
#2892=VECTOR('',#13503,10.);
#2893=VECTOR('',#13508,10.);
#2894=VECTOR('',#13519,10.);
#2895=VECTOR('',#13528,10.);
#2896=VECTOR('',#13533,10.);
#2897=VECTOR('',#13542,10.);
#2898=VECTOR('',#13547,10.);
#2899=VECTOR('',#13558,10.);
#2900=VECTOR('',#13567,10.);
#2901=VECTOR('',#13572,10.);
#2902=VECTOR('',#13581,10.);
#2903=VECTOR('',#13586,10.);
#2904=VECTOR('',#13595,10.);
#2905=VECTOR('',#13598,10.);
#2906=VECTOR('',#13601,10.);
#2907=VECTOR('',#13604,10.);
#2908=VECTOR('',#13605,10.);
#2909=VECTOR('',#13608,10.);
#2910=VECTOR('',#13611,10.);
#2911=VECTOR('',#13616,10.);
#2912=VECTOR('',#13619,10.);
#2913=VECTOR('',#13620,10.);
#2914=VECTOR('',#13621,10.);
#2915=VECTOR('',#13624,10.);
#2916=VECTOR('',#13629,10.);
#2917=VECTOR('',#13630,10.);
#2918=VECTOR('',#13633,10.);
#2919=VECTOR('',#13634,10.);
#2920=VECTOR('',#13637,10.);
#2921=VECTOR('',#13642,10.);
#2922=VECTOR('',#13643,10.);
#2923=VECTOR('',#13646,10.);
#2924=VECTOR('',#13651,10.);
#2925=VECTOR('',#13652,10.);
#2926=VECTOR('',#13655,10.);
#2927=VECTOR('',#13656,10.);
#2928=VECTOR('',#13659,10.);
#2929=VECTOR('',#13664,10.);
#2930=VECTOR('',#13665,10.);
#2931=VECTOR('',#13668,10.);
#2932=VECTOR('',#13669,10.);
#2933=VECTOR('',#13672,10.);
#2934=VECTOR('',#13677,10.);
#2935=VECTOR('',#13678,10.);
#2936=VECTOR('',#13685,10.);
#2937=VECTOR('',#13688,10.);
#2938=VECTOR('',#13693,10.);
#2939=VECTOR('',#13694,10.);
#2940=VECTOR('',#13697,10.);
#2941=VECTOR('',#13702,10.);
#2942=VECTOR('',#13703,10.);
#2943=VECTOR('',#13706,10.);
#2944=VECTOR('',#13711,10.);
#2945=VECTOR('',#13712,10.);
#2946=VECTOR('',#13715,10.);
#2947=VECTOR('',#13720,10.);
#2948=VECTOR('',#13721,10.);
#2949=VECTOR('',#13724,10.);
#2950=VECTOR('',#13729,10.);
#2951=VECTOR('',#13730,10.);
#2952=VECTOR('',#13733,10.);
#2953=VECTOR('',#13738,10.);
#2954=VECTOR('',#13739,10.);
#2955=VECTOR('',#13740,10.);
#2956=VECTOR('',#13741,10.);
#2957=VECTOR('',#13742,10.);
#2958=VECTOR('',#13743,10.);
#2959=VECTOR('',#13752,10.);
#2960=VECTOR('',#13757,10.);
#2961=VECTOR('',#13758,10.);
#2962=VECTOR('',#13759,10.);
#2963=VECTOR('',#13768,10.);
#2964=VECTOR('',#13769,10.);
#2965=VECTOR('',#13770,10.);
#2966=VECTOR('',#13779,10.);
#2967=VECTOR('',#13780,10.);
#2968=VECTOR('',#13781,10.);
#2969=VECTOR('',#13788,10.);
#2970=VECTOR('',#13789,10.);
#2971=VECTOR('',#13792,10.);
#2972=VECTOR('',#13799,10.);
#2973=VECTOR('',#13800,10.);
#2974=VECTOR('',#13803,10.);
#2975=VECTOR('',#13808,10.);
#2976=VECTOR('',#13809,10.);
#2977=VECTOR('',#13812,10.);
#2978=VECTOR('',#13817,10.);
#2979=VECTOR('',#13818,10.);
#2980=VECTOR('',#13821,10.);
#2981=VECTOR('',#13822,10.);
#2982=VECTOR('',#13825,10.);
#2983=VECTOR('',#13830,10.);
#2984=VECTOR('',#13831,10.);
#2985=VECTOR('',#13834,10.);
#2986=VECTOR('',#13835,10.);
#2987=VECTOR('',#13838,10.);
#2988=VECTOR('',#13843,10.);
#2989=VECTOR('',#13844,10.);
#2990=VECTOR('',#13847,10.);
#2991=VECTOR('',#13852,10.);
#2992=VECTOR('',#13853,10.);
#2993=VECTOR('',#13856,10.);
#2994=VECTOR('',#13857,10.);
#2995=VECTOR('',#13860,10.);
#2996=VECTOR('',#13865,10.);
#2997=VECTOR('',#13868,10.);
#2998=VECTOR('',#13881,10.);
#2999=VECTOR('',#13884,10.);
#3000=VECTOR('',#13895,10.);
#3001=VECTOR('',#13898,10.);
#3002=VECTOR('',#13909,10.);
#3003=VECTOR('',#13912,10.);
#3004=VECTOR('',#13915,10.);
#3005=VECTOR('',#13918,10.);
#3006=VECTOR('',#13921,10.);
#3007=VECTOR('',#13926,10.);
#3008=VECTOR('',#13927,10.);
#3009=VECTOR('',#13930,10.);
#3010=VECTOR('',#13933,10.);
#3011=VECTOR('',#13936,10.);
#3012=VECTOR('',#13939,10.);
#3013=VECTOR('',#13942,10.);
#3014=VECTOR('',#13945,10.);
#3015=VECTOR('',#13948,10.);
#3016=VECTOR('',#13951,10.);
#3017=VECTOR('',#13954,10.);
#3018=VECTOR('',#13957,10.);
#3019=VECTOR('',#13960,10.);
#3020=VECTOR('',#13963,10.);
#3021=VECTOR('',#13966,10.);
#3022=VECTOR('',#13969,10.);
#3023=VECTOR('',#13972,10.);
#3024=VECTOR('',#13975,10.);
#3025=VECTOR('',#13978,10.);
#3026=VECTOR('',#13981,10.);
#3027=VECTOR('',#13984,10.);
#3028=VECTOR('',#13987,10.);
#3029=VECTOR('',#13990,10.);
#3030=VECTOR('',#13993,10.);
#3031=VECTOR('',#13996,10.);
#3032=VECTOR('',#13999,10.);
#3033=VECTOR('',#14002,10.);
#3034=VECTOR('',#14005,10.);
#3035=VECTOR('',#14008,10.);
#3036=VECTOR('',#14019,10.);
#3037=VECTOR('',#14020,10.);
#3038=VECTOR('',#14023,10.);
#3039=VECTOR('',#14026,10.);
#3040=VECTOR('',#14029,10.);
#3041=VECTOR('',#14034,10.);
#3042=VECTOR('',#14037,10.);
#3043=VECTOR('',#14040,10.);
#3044=VECTOR('',#14043,10.);
#3045=VECTOR('',#14046,10.);
#3046=VECTOR('',#14049,10.);
#3047=VECTOR('',#14052,10.);
#3048=VECTOR('',#14055,10.);
#3049=VECTOR('',#14058,10.);
#3050=VECTOR('',#14061,10.);
#3051=VECTOR('',#14064,10.);
#3052=VECTOR('',#14067,10.);
#3053=VECTOR('',#14070,10.);
#3054=VECTOR('',#14073,10.);
#3055=VECTOR('',#14076,10.);
#3056=VECTOR('',#14079,10.);
#3057=VECTOR('',#14088,10.);
#3058=VECTOR('',#14103,10.);
#3059=VECTOR('',#14106,10.);
#3060=VECTOR('',#14109,10.);
#3061=VECTOR('',#14118,10.);
#3062=VECTOR('',#14121,10.);
#3063=VECTOR('',#14124,10.);
#3064=VECTOR('',#14127,10.);
#3065=VECTOR('',#14130,10.);
#3066=VECTOR('',#14137,10.);
#3067=VECTOR('',#14140,10.);
#3068=VECTOR('',#14147,10.);
#3069=VECTOR('',#14150,10.);
#3070=VECTOR('',#14153,10.);
#3071=VECTOR('',#14158,10.);
#3072=VECTOR('',#14161,10.);
#3073=VECTOR('',#14164,10.);
#3074=VECTOR('',#14167,10.);
#3075=VECTOR('',#14170,10.);
#3076=VECTOR('',#14173,10.);
#3077=VECTOR('',#14176,10.);
#3078=VECTOR('',#14179,10.);
#3079=VECTOR('',#14182,10.);
#3080=VECTOR('',#14185,10.);
#3081=VECTOR('',#14188,10.);
#3082=VECTOR('',#14191,10.);
#3083=VECTOR('',#14194,10.);
#3084=VECTOR('',#14197,10.);
#3085=VECTOR('',#14206,10.);
#3086=VECTOR('',#14209,10.);
#3087=VECTOR('',#14212,10.);
#3088=VECTOR('',#14215,10.);
#3089=VECTOR('',#14218,10.);
#3090=VECTOR('',#14221,10.);
#3091=VECTOR('',#14224,10.);
#3092=VECTOR('',#14227,10.);
#3093=VECTOR('',#14230,10.);
#3094=VECTOR('',#14233,10.);
#3095=VECTOR('',#14236,10.);
#3096=VECTOR('',#14239,10.);
#3097=VECTOR('',#14242,10.);
#3098=VECTOR('',#14253,10.);
#3099=VECTOR('',#14256,10.);
#3100=VECTOR('',#14259,10.);
#3101=VECTOR('',#14262,10.);
#3102=VECTOR('',#14265,10.);
#3103=VECTOR('',#14268,10.);
#3104=VECTOR('',#14271,10.);
#3105=VECTOR('',#14274,10.);
#3106=VECTOR('',#14277,10.);
#3107=VECTOR('',#14280,10.);
#3108=VECTOR('',#14283,10.);
#3109=VECTOR('',#14286,10.);
#3110=VECTOR('',#14289,10.);
#3111=VECTOR('',#14292,10.);
#3112=VECTOR('',#14295,10.);
#3113=VECTOR('',#14298,10.);
#3114=VECTOR('',#14301,10.);
#3115=VECTOR('',#14306,10.);
#3116=VECTOR('',#14309,10.);
#3117=VECTOR('',#14312,10.);
#3118=VECTOR('',#14315,10.);
#3119=VECTOR('',#14318,10.);
#3120=VECTOR('',#14323,10.);
#3121=VECTOR('',#14326,10.);
#3122=VECTOR('',#14337,10.);
#3123=VECTOR('',#14342,10.);
#3124=VECTOR('',#14345,10.);
#3125=VECTOR('',#14348,10.);
#3126=VECTOR('',#14351,10.);
#3127=VECTOR('',#14354,10.);
#3128=VECTOR('',#14357,10.);
#3129=VECTOR('',#14360,10.);
#3130=VECTOR('',#14363,10.);
#3131=VECTOR('',#14366,10.);
#3132=VECTOR('',#14369,10.);
#3133=VECTOR('',#14372,10.);
#3134=VECTOR('',#14375,10.);
#3135=VECTOR('',#14378,10.);
#3136=VECTOR('',#14381,10.);
#3137=VECTOR('',#14384,10.);
#3138=VECTOR('',#14387,10.);
#3139=VECTOR('',#14390,10.);
#3140=VECTOR('',#14393,10.);
#3141=VECTOR('',#14396,10.);
#3142=VECTOR('',#14399,10.);
#3143=VECTOR('',#14402,10.);
#3144=VECTOR('',#14405,10.);
#3145=VECTOR('',#14408,10.);
#3146=VECTOR('',#14411,10.);
#3147=VECTOR('',#14414,10.);
#3148=VECTOR('',#14419,10.);
#3149=VECTOR('',#14422,10.);
#3150=VECTOR('',#14425,10.);
#3151=VECTOR('',#14428,10.);
#3152=VECTOR('',#14431,10.);
#3153=VECTOR('',#14434,10.);
#3154=VECTOR('',#14437,10.);
#3155=VECTOR('',#14440,10.);
#3156=VECTOR('',#14443,10.);
#3157=VECTOR('',#14446,10.);
#3158=VECTOR('',#14447,10.);
#3159=VECTOR('',#14450,10.);
#3160=VECTOR('',#14453,10.);
#3161=VECTOR('',#14456,10.);
#3162=VECTOR('',#14459,10.);
#3163=VECTOR('',#14462,10.);
#3164=VECTOR('',#14487,10.);
#3165=VECTOR('',#14490,10.);
#3166=VECTOR('',#14493,10.);
#3167=VECTOR('',#14498,10.);
#3168=VECTOR('',#14499,10.);
#3169=VECTOR('',#14502,10.);
#3170=VECTOR('',#14507,10.);
#3171=VECTOR('',#14508,10.);
#3172=VECTOR('',#14511,10.);
#3173=VECTOR('',#14516,10.);
#3174=VECTOR('',#14521,10.);
#3175=VECTOR('',#14526,10.);
#3176=VECTOR('',#14529,10.);
#3177=VECTOR('',#14532,10.);
#3178=VECTOR('',#14533,10.);
#3179=VECTOR('',#14536,10.);
#3180=VECTOR('',#14541,10.);
#3181=VECTOR('',#14542,10.);
#3182=VECTOR('',#14545,10.);
#3183=VECTOR('',#14550,10.);
#3184=VECTOR('',#14555,10.);
#3185=VECTOR('',#14560,2.);
#3186=VECTOR('',#14561,10.);
#3187=VECTOR('',#14562,10.);
#3188=VECTOR('',#14565,2.);
#3189=VECTOR('',#14570,10.);
#3190=VECTOR('',#14571,10.);
#3191=VECTOR('',#14574,2.);
#3192=VECTOR('',#14575,10.);
#3193=VECTOR('',#14576,10.);
#3194=VECTOR('',#14577,10.);
#3195=VECTOR('',#14580,10.);
#3196=VECTOR('',#14583,10.);
#3197=VECTOR('',#14586,10.);
#3198=VECTOR('',#14587,10.);
#3199=VECTOR('',#14590,10.);
#3200=VECTOR('',#14595,10.);
#3201=VECTOR('',#14596,10.);
#3202=VECTOR('',#14599,10.);
#3203=VECTOR('',#14604,10.);
#3204=VECTOR('',#14605,10.);
#3205=VECTOR('',#14608,10.);
#3206=VECTOR('',#14611,10.);
#3207=VECTOR('',#14614,10.);
#3208=VECTOR('',#14615,10.);
#3209=VECTOR('',#14618,10.);
#3210=VECTOR('',#14623,10.);
#3211=VECTOR('',#14624,10.);
#3212=VECTOR('',#14627,10.);
#3213=VECTOR('',#14632,10.);
#3214=VECTOR('',#14633,10.);
#3215=VECTOR('',#14636,10.);
#3216=VECTOR('',#14639,10.);
#3217=VECTOR('',#14642,10.);
#3218=VECTOR('',#14643,10.);
#3219=VECTOR('',#14646,10.);
#3220=VECTOR('',#14651,10.);
#3221=VECTOR('',#14652,10.);
#3222=VECTOR('',#14655,10.);
#3223=VECTOR('',#14660,10.);
#3224=VECTOR('',#14661,10.);
#3225=VECTOR('',#14664,10.);
#3226=VECTOR('',#14667,10.);
#3227=VECTOR('',#14670,10.);
#3228=VECTOR('',#14671,10.);
#3229=VECTOR('',#14674,10.);
#3230=VECTOR('',#14679,10.);
#3231=VECTOR('',#14680,10.);
#3232=VECTOR('',#14683,10.);
#3233=VECTOR('',#14688,10.);
#3234=VECTOR('',#14689,10.);
#3235=VECTOR('',#14692,10.);
#3236=VECTOR('',#14693,10.);
#3237=VECTOR('',#14694,10.);
#3238=VECTOR('',#14697,10.);
#3239=VECTOR('',#14702,10.);
#3240=VECTOR('',#14703,10.);
#3241=VECTOR('',#14706,10.);
#3242=VECTOR('',#14707,10.);
#3243=VECTOR('',#14710,10.);
#3244=VECTOR('',#14715,10.);
#3245=VECTOR('',#14718,10.);
#3246=VECTOR('',#14721,10.);
#3247=VECTOR('',#14722,10.);
#3248=VECTOR('',#14725,10.);
#3249=VECTOR('',#14730,10.);
#3250=VECTOR('',#14731,10.);
#3251=VECTOR('',#14734,10.);
#3252=VECTOR('',#14739,10.);
#3253=VECTOR('',#14740,10.);
#3254=VECTOR('',#14743,10.);
#3255=VECTOR('',#14746,10.);
#3256=VECTOR('',#14749,10.);
#3257=VECTOR('',#14750,10.);
#3258=VECTOR('',#14753,10.);
#3259=VECTOR('',#14758,10.);
#3260=VECTOR('',#14759,10.);
#3261=VECTOR('',#14762,10.);
#3262=VECTOR('',#14767,10.);
#3263=VECTOR('',#14768,10.);
#3264=VECTOR('',#14771,10.);
#3265=VECTOR('',#14772,10.);
#3266=VECTOR('',#14773,2.);
#3267=VECTOR('',#14776,10.);
#3268=VECTOR('',#14781,10.);
#3269=VECTOR('',#14782,10.);
#3270=VECTOR('',#14785,10.);
#3271=VECTOR('',#14790,10.);
#3272=VECTOR('',#14791,10.);
#3273=VECTOR('',#14794,10.);
#3274=VECTOR('',#14799,10.);
#3275=VECTOR('',#14800,10.);
#3276=VECTOR('',#14803,10.);
#3277=VECTOR('',#14806,10.);
#3278=VECTOR('',#14809,2.00000000000001);
#3279=VECTOR('',#14814,2.00000000000001);
#3280=VECTOR('',#14819,1.99999999999999);
#3281=VECTOR('',#14824,1.99999999999999);
#3282=VECTOR('',#14829,10.);
#3283=VECTOR('',#14832,10.);
#3284=VECTOR('',#14835,10.);
#3285=VECTOR('',#14836,10.);
#3286=VECTOR('',#14839,2.);
#3287=VECTOR('',#14844,2.);
#3288=VECTOR('',#14849,10.);
#3289=VECTOR('',#14854,10.);
#3290=VECTOR('',#14859,10.);
#3291=VECTOR('',#14860,10.);
#3292=VECTOR('',#14863,10.);
#3293=VECTOR('',#14868,10.);
#3294=VECTOR('',#14871,10.);
#3295=VECTOR('',#14874,10.);
#3296=VECTOR('',#14875,10.);
#3297=VECTOR('',#14878,10.);
#3298=VECTOR('',#14883,10.);
#3299=VECTOR('',#14888,2.);
#3300=VECTOR('',#14893,10.);
#3301=VECTOR('',#14894,10.);
#3302=VECTOR('',#14895,10.);
#3303=VECTOR('',#14898,10.);
#3304=VECTOR('',#14903,10.);
#3305=VECTOR('',#14908,10.);
#3306=VECTOR('',#14909,10.);
#3307=VECTOR('',#14910,10.);
#3308=VECTOR('',#14911,10.);
#3309=VECTOR('',#14912,10.);
#3310=VECTOR('',#14915,10.);
#3311=VECTOR('',#14920,10.);
#3312=VECTOR('',#14921,10.);
#3313=VECTOR('',#14924,10.);
#3314=VECTOR('',#14927,10.);
#3315=VECTOR('',#14930,10.);
#3316=VECTOR('',#14931,10.);
#3317=VECTOR('',#14934,10.);
#3318=VECTOR('',#14939,10.);
#3319=VECTOR('',#14940,10.);
#3320=VECTOR('',#14943,10.);
#3321=VECTOR('',#14948,10.);
#3322=VECTOR('',#14949,10.);
#3323=VECTOR('',#14952,10.);
#3324=VECTOR('',#14953,10.);
#3325=VECTOR('',#14954,10.);
#3326=VECTOR('',#14957,10.);
#3327=VECTOR('',#14962,10.);
#3328=VECTOR('',#14963,10.);
#3329=VECTOR('',#14966,10.);
#3330=VECTOR('',#14971,10.);
#3331=VECTOR('',#14972,10.);
#3332=VECTOR('',#14975,10.);
#3333=VECTOR('',#14980,2.);
#3334=VECTOR('',#14981,10.);
#3335=VECTOR('',#14984,10.);
#3336=VECTOR('',#14987,10.);
#3337=VECTOR('',#14990,10.);
#3338=VECTOR('',#14991,10.);
#3339=VECTOR('',#14994,10.);
#3340=VECTOR('',#14999,10.);
#3341=VECTOR('',#15000,10.);
#3342=VECTOR('',#15003,10.);
#3343=VECTOR('',#15008,10.);
#3344=VECTOR('',#15009,10.);
#3345=VECTOR('',#15012,10.);
#3346=VECTOR('',#15015,10.);
#3347=VECTOR('',#15018,10.);
#3348=VECTOR('',#15019,10.);
#3349=VECTOR('',#15022,10.);
#3350=VECTOR('',#15027,10.);
#3351=VECTOR('',#15028,10.);
#3352=VECTOR('',#15031,10.);
#3353=VECTOR('',#15036,10.);
#3354=VECTOR('',#15037,10.);
#3355=VECTOR('',#15040,10.);
#3356=VECTOR('',#15041,10.);
#3357=VECTOR('',#15042,10.);
#3358=VECTOR('',#15045,10.);
#3359=VECTOR('',#15050,10.);
#3360=VECTOR('',#15055,10.);
#3361=VECTOR('',#15060,10.);
#3362=VECTOR('',#15065,10.);
#3363=VECTOR('',#15070,10.);
#3364=VECTOR('',#15071,10.);
#3365=VECTOR('',#15074,10.);
#3366=VECTOR('',#15077,10.);
#3367=VECTOR('',#15080,10.);
#3368=VECTOR('',#15081,10.);
#3369=VECTOR('',#15084,10.);
#3370=VECTOR('',#15089,10.);
#3371=VECTOR('',#15090,10.);
#3372=VECTOR('',#15093,10.);
#3373=VECTOR('',#15098,10.);
#3374=VECTOR('',#15099,10.);
#3375=VECTOR('',#15102,10.);
#3376=VECTOR('',#15105,10.);
#3377=VECTOR('',#15108,10.);
#3378=VECTOR('',#15109,10.);
#3379=VECTOR('',#15112,10.);
#3380=VECTOR('',#15117,10.);
#3381=VECTOR('',#15118,10.);
#3382=VECTOR('',#15121,10.);
#3383=VECTOR('',#15126,10.);
#3384=VECTOR('',#15127,10.);
#3385=VECTOR('',#15130,10.);
#3386=VECTOR('',#15133,10.);
#3387=VECTOR('',#15136,10.);
#3388=VECTOR('',#15137,10.);
#3389=VECTOR('',#15140,10.);
#3390=VECTOR('',#15145,10.);
#3391=VECTOR('',#15148,10.);
#3392=VECTOR('',#15151,10.);
#3393=VECTOR('',#15156,10.);
#3394=VECTOR('',#15157,10.);
#3395=VECTOR('',#15160,10.);
#3396=VECTOR('',#15163,2.);
#3397=VECTOR('',#15166,10.);
#3398=VECTOR('',#15167,10.);
#3399=VECTOR('',#15170,10.);
#3400=VECTOR('',#15175,2.);
#3401=VECTOR('',#15176,10.);
#3402=VECTOR('',#15179,2.);
#3403=VECTOR('',#15184,10.);
#3404=VECTOR('',#15185,10.);
#3405=VECTOR('',#15186,10.);
#3406=VECTOR('',#15187,10.);
#3407=VECTOR('',#15188,10.);
#3408=VECTOR('',#15191,10.);
#3409=VECTOR('',#15194,10.);
#3410=VECTOR('',#15197,10.);
#3411=VECTOR('',#15198,10.);
#3412=VECTOR('',#15201,10.);
#3413=VECTOR('',#15206,2.);
#3414=VECTOR('',#15207,10.);
#3415=VECTOR('',#15210,2.);
#3416=VECTOR('',#15215,2.);
#3417=VECTOR('',#15220,10.);
#3418=VECTOR('',#15221,10.);
#3419=VECTOR('',#15222,10.);
#3420=VECTOR('',#15225,10.);
#3421=VECTOR('',#15230,10.);
#3422=VECTOR('',#15231,10.);
#3423=VECTOR('',#15234,10.);
#3424=VECTOR('',#15239,10.);
#3425=VECTOR('',#15240,10.);
#3426=VECTOR('',#15243,10.);
#3427=VECTOR('',#15244,10.);
#3428=VECTOR('',#15245,10.);
#3429=VECTOR('',#15248,10.);
#3430=VECTOR('',#15253,10.);
#3431=VECTOR('',#15254,10.);
#3432=VECTOR('',#15257,10.);
#3433=VECTOR('',#15262,10.);
#3434=VECTOR('',#15263,10.);
#3435=VECTOR('',#15266,10.);
#3436=VECTOR('',#15267,10.);
#3437=VECTOR('',#15268,10.);
#3438=VECTOR('',#15271,10.);
#3439=VECTOR('',#15276,10.);
#3440=VECTOR('',#15277,10.);
#3441=VECTOR('',#15280,10.);
#3442=VECTOR('',#15285,10.);
#3443=VECTOR('',#15286,10.);
#3444=VECTOR('',#15289,10.);
#3445=VECTOR('',#15290,10.);
#3446=VECTOR('',#15291,10.);
#3447=VECTOR('',#15294,10.);
#3448=VECTOR('',#15299,10.);
#3449=VECTOR('',#15300,10.);
#3450=VECTOR('',#15303,10.);
#3451=VECTOR('',#15308,10.);
#3452=VECTOR('',#15309,10.);
#3453=VECTOR('',#15312,10.);
#3454=VECTOR('',#15313,10.);
#3455=VECTOR('',#15314,10.);
#3456=VECTOR('',#15317,10.);
#3457=VECTOR('',#15322,2.);
#3458=VECTOR('',#15323,10.);
#3459=VECTOR('',#15326,2.);
#3460=VECTOR('',#15331,10.);
#3461=VECTOR('',#15332,10.);
#3462=VECTOR('',#15333,10.);
#3463=VECTOR('',#15336,10.);
#3464=VECTOR('',#15341,10.);
#3465=VECTOR('',#15342,10.);
#3466=VECTOR('',#15345,10.);
#3467=VECTOR('',#15350,10.);
#3468=VECTOR('',#15351,10.);
#3469=VECTOR('',#15354,10.);
#3470=VECTOR('',#15359,10.);
#3471=VECTOR('',#15362,10.);
#3472=VECTOR('',#15365,10.);
#3473=VECTOR('',#15366,10.);
#3474=VECTOR('',#15369,10.);
#3475=VECTOR('',#15374,10.);
#3476=VECTOR('',#15375,10.);
#3477=VECTOR('',#15378,10.);
#3478=VECTOR('',#15383,10.);
#3479=VECTOR('',#15384,10.);
#3480=VECTOR('',#15387,10.);
#3481=VECTOR('',#15390,10.);
#3482=VECTOR('',#15393,10.);
#3483=VECTOR('',#15396,10.);
#3484=VECTOR('',#15403,10.);
#3485=VECTOR('',#15406,10.);
#3486=VECTOR('',#15439,2.);
#3487=VECTOR('',#15444,10.);
#3488=VECTOR('',#15445,10.);
#3489=VECTOR('',#15446,10.);
#3490=VECTOR('',#15449,10.);
#3491=VECTOR('',#15450,10.);
#3492=VECTOR('',#15451,10.);
#3493=VECTOR('',#15452,10.);
#3494=VECTOR('',#15457,10.);
#3495=VECTOR('',#15462,10.);
#3496=VECTOR('',#15463,10.);
#3497=VECTOR('',#15464,10.);
#3498=VECTOR('',#15467,10.);
#3499=VECTOR('',#15468,10.);
#3500=VECTOR('',#15469,10.);
#3501=VECTOR('',#15470,10.);
#3502=VECTOR('',#15473,10.);
#3503=VECTOR('',#15474,10.);
#3504=VECTOR('',#15475,10.);
#3505=VECTOR('',#15476,10.);
#3506=VECTOR('',#15479,2.);
#3507=VECTOR('',#15480,10.);
#3508=VECTOR('',#15481,10.);
#3509=VECTOR('',#15482,10.);
#3510=VECTOR('',#15483,10.);
#3511=VECTOR('',#15488,2.4);
#3512=VECTOR('',#15497,2.5);
#3513=VECTOR('',#15502,1.15);
#3514=VECTOR('',#15507,1.05);
#3515=VECTOR('',#15512,2.4);
#3516=VECTOR('',#15521,2.5);
#3517=VECTOR('',#15526,1.15);
#3518=VECTOR('',#15531,1.05);
#3519=VECTOR('',#15536,2.4);
#3520=VECTOR('',#15545,2.5);
#3521=VECTOR('',#15550,1.15);
#3522=VECTOR('',#15555,1.05);
#3523=VECTOR('',#15560,1.15);
#3524=VECTOR('',#15569,1.05);
#3525=VECTOR('',#15572,2.4);
#3526=VECTOR('',#15577,2.5);
#3527=VECTOR('',#15584,2.4);
#3528=VECTOR('',#15593,2.5);
#3529=VECTOR('',#15598,1.15);
#3530=VECTOR('',#15603,1.05);
#3531=VECTOR('',#15612,2.);
#3532=VECTOR('',#15617,10.);
#3533=VECTOR('',#15618,10.);
#3534=VECTOR('',#15621,10.);
#3535=VECTOR('',#15626,10.);
#3536=VECTOR('',#15629,10.);
#3537=VECTOR('',#15630,10.);
#3538=VECTOR('',#15631,10.);
#3539=VECTOR('',#15638,10.);
#3540=VECTOR('',#15639,10.);
#3541=VECTOR('',#15640,10.);
#3542=VECTOR('',#15641,10.);
#3543=VECTOR('',#15642,10.);
#3544=VECTOR('',#15645,2.);
#3545=VECTOR('',#15650,10.);
#3546=VECTOR('',#15651,10.);
#3547=VECTOR('',#15654,10.);
#3548=VECTOR('',#15661,10.);
#3549=VECTOR('',#15666,10.);
#3550=VECTOR('',#15669,10.);
#3551=VECTOR('',#15676,10.);
#3552=VECTOR('',#15681,10.);
#3553=VECTOR('',#15684,2.);
#3554=VECTOR('',#15689,10.);
#3555=VECTOR('',#15690,10.);
#3556=VECTOR('',#15693,2.);
#3557=VECTOR('',#15696,2.);
#3558=VECTOR('',#15701,10.);
#3559=VECTOR('',#15706,2.);
#3560=VECTOR('',#15709,1.99999999999999);
#3561=VECTOR('',#15712,1.99999999999999);
#3562=VECTOR('',#15715,10.);
#3563=VECTOR('',#15722,2.);
#3564=VECTOR('',#15727,2.);
#3565=VECTOR('',#15732,2.);
#3566=VECTOR('',#15735,10.);
#3567=VECTOR('',#15736,10.);
#3568=VECTOR('',#15737,10.);
#3569=VECTOR('',#15740,10.);
#3570=VECTOR('',#15743,10.);
#3571=VECTOR('',#15746,10.);
#3572=VECTOR('',#15751,2.);
#3573=VECTOR('',#15756,10.);
#3574=VECTOR('',#15757,10.);
#3575=VECTOR('',#15760,10.);
#3576=VECTOR('',#15765,10.);
#3577=VECTOR('',#15766,10.);
#3578=VECTOR('',#15771,10.);
#3579=VECTOR('',#15776,10.);
#3580=VECTOR('',#15779,10.);
#3581=VECTOR('',#15784,10.);
#3582=VECTOR('',#15791,10.);
#3583=VECTOR('',#15794,10.);
#3584=VECTOR('',#15797,10.);
#3585=VECTOR('',#15804,10.);
#3586=VECTOR('',#15813,10.);
#3587=VECTOR('',#15818,10.);
#3588=VECTOR('',#15821,10.);
#3589=VECTOR('',#15822,10.);
#3590=VECTOR('',#15823,10.);
#3591=VECTOR('',#15824,10.);
#3592=VECTOR('',#15827,10.);
#3593=VECTOR('',#15832,10.);
#3594=VECTOR('',#15835,10.);
#3595=VECTOR('',#15840,10.);
#3596=VECTOR('',#15843,10.);
#3597=VECTOR('',#15846,10.);
#3598=VECTOR('',#15849,10.);
#3599=VECTOR('',#15852,10.);
#3600=VECTOR('',#15855,10.);
#3601=VECTOR('',#15856,10.);
#3602=VECTOR('',#15859,10.);
#3603=VECTOR('',#15862,10.);
#3604=VECTOR('',#15867,10.);
#3605=VECTOR('',#15870,10.);
#3606=VECTOR('',#15873,10.);
#3607=VECTOR('',#15876,10.);
#3608=VECTOR('',#15879,10.);
#3609=VECTOR('',#15882,10.);
#3610=VECTOR('',#15885,10.);
#3611=VECTOR('',#15888,10.);
#3612=VECTOR('',#15891,10.);
#3613=VECTOR('',#15894,10.);
#3614=VECTOR('',#15897,10.);
#3615=VECTOR('',#15900,10.);
#3616=VECTOR('',#15903,10.);
#3617=VECTOR('',#15906,10.);
#3618=VECTOR('',#15909,10.);
#3619=VECTOR('',#15912,10.);
#3620=VECTOR('',#15913,10.);
#3621=VECTOR('',#15916,10.);
#3622=VECTOR('',#15919,10.);
#3623=VECTOR('',#15924,10.);
#3624=VECTOR('',#15927,10.);
#3625=VECTOR('',#15930,10.);
#3626=VECTOR('',#15935,10.);
#3627=VECTOR('',#15938,10.);
#3628=VECTOR('',#15941,10.);
#3629=VECTOR('',#15944,10.);
#3630=VECTOR('',#15947,10.);
#3631=VECTOR('',#15950,10.);
#3632=VECTOR('',#15953,10.);
#3633=VECTOR('',#15958,10.);
#3634=VECTOR('',#15961,10.);
#3635=VECTOR('',#15964,10.);
#3636=VECTOR('',#15967,10.);
#3637=VECTOR('',#15970,10.);
#3638=VECTOR('',#15973,10.);
#3639=VECTOR('',#15974,10.);
#3640=VECTOR('',#15977,10.);
#3641=VECTOR('',#15980,10.);
#3642=VECTOR('',#15983,10.);
#3643=VECTOR('',#15986,10.);
#3644=VECTOR('',#15991,10.);
#3645=VECTOR('',#15994,10.);
#3646=VECTOR('',#15997,10.);
#3647=VECTOR('',#16000,10.);
#3648=VECTOR('',#16003,10.);
#3649=VECTOR('',#16006,10.);
#3650=VECTOR('',#16009,10.);
#3651=VECTOR('',#16012,10.);
#3652=VECTOR('',#16015,10.);
#3653=VECTOR('',#16024,10.);
#3654=VECTOR('',#16027,10.);
#3655=VECTOR('',#16030,10.);
#3656=VECTOR('',#16033,10.);
#3657=VECTOR('',#16036,10.);
#3658=VECTOR('',#16039,10.);
#3659=VECTOR('',#16044,10.);
#3660=VECTOR('',#16047,10.);
#3661=VECTOR('',#16050,10.);
#3662=VECTOR('',#16053,10.);
#3663=VECTOR('',#16056,10.);
#3664=VECTOR('',#16063,10.);
#3665=VECTOR('',#16066,10.);
#3666=VECTOR('',#16069,10.);
#3667=VECTOR('',#16074,10.);
#3668=VECTOR('',#16077,10.);
#3669=VECTOR('',#16080,10.);
#3670=VECTOR('',#16085,10.);
#3671=VECTOR('',#16088,10.);
#3672=VECTOR('',#16091,10.);
#3673=VECTOR('',#16096,10.);
#3674=VECTOR('',#16099,10.);
#3675=VECTOR('',#16102,10.);
#3676=VECTOR('',#16107,10.);
#3677=VECTOR('',#16110,10.);
#3678=VECTOR('',#16113,10.);
#3679=VECTOR('',#16118,10.);
#3680=VECTOR('',#16121,10.);
#3681=VECTOR('',#16124,10.);
#3682=VECTOR('',#16127,10.);
#3683=VECTOR('',#16130,10.);
#3684=VECTOR('',#16135,10.);
#3685=VECTOR('',#16138,10.);
#3686=VECTOR('',#16141,10.);
#3687=VECTOR('',#16144,10.);
#3688=VECTOR('',#16147,10.);
#3689=VECTOR('',#16152,10.);
#3690=VECTOR('',#16155,10.);
#3691=VECTOR('',#16158,10.);
#3692=VECTOR('',#16161,10.);
#3693=VECTOR('',#16164,10.);
#3694=VECTOR('',#16169,10.);
#3695=VECTOR('',#16172,10.);
#3696=VECTOR('',#16175,10.);
#3697=VECTOR('',#16178,10.);
#3698=VECTOR('',#16181,10.);
#3699=VECTOR('',#16184,10.);
#3700=VECTOR('',#16189,10.);
#3701=VECTOR('',#16192,10.);
#3702=VECTOR('',#16195,10.);
#3703=VECTOR('',#16198,10.);
#3704=VECTOR('',#16201,10.);
#3705=VECTOR('',#16206,10.);
#3706=VECTOR('',#16209,10.);
#3707=VECTOR('',#16212,10.);
#3708=VECTOR('',#16215,10.);
#3709=VECTOR('',#16218,10.);
#3710=VECTOR('',#16225,10.);
#3711=VECTOR('',#16230,10.);
#3712=VECTOR('',#16233,10.);
#3713=VECTOR('',#16236,10.);
#3714=VECTOR('',#16239,10.);
#3715=VECTOR('',#16242,10.);
#3716=VECTOR('',#16247,10.);
#3717=VECTOR('',#16248,10.);
#3718=VECTOR('',#16257,10.);
#3719=VECTOR('',#16260,10.);
#3720=VECTOR('',#16263,10.);
#3721=VECTOR('',#16266,10.);
#3722=VECTOR('',#16269,10.);
#3723=VECTOR('',#16272,10.);
#3724=VECTOR('',#16277,10.);
#3725=VECTOR('',#16280,10.);
#3726=VECTOR('',#16285,10.);
#3727=VECTOR('',#16292,10.);
#3728=VECTOR('',#16295,10.);
#3729=VECTOR('',#16298,10.);
#3730=VECTOR('',#16301,10.);
#3731=VECTOR('',#16304,10.);
#3732=VECTOR('',#16309,10.);
#3733=VECTOR('',#16312,10.);
#3734=VECTOR('',#16315,10.);
#3735=VECTOR('',#16318,10.);
#3736=VECTOR('',#16321,10.);
#3737=VECTOR('',#16326,10.);
#3738=VECTOR('',#16329,10.);
#3739=VECTOR('',#16336,10.);
#3740=VECTOR('',#16339,10.);
#3741=VECTOR('',#16344,10.);
#3742=VECTOR('',#16347,10.);
#3743=VECTOR('',#16352,10.);
#3744=VECTOR('',#16355,10.);
#3745=VECTOR('',#16358,10.);
#3746=VECTOR('',#16361,10.);
#3747=VECTOR('',#16366,10.);
#3748=VECTOR('',#16369,10.);
#3749=VECTOR('',#16372,10.);
#3750=VECTOR('',#16375,10.);
#3751=VECTOR('',#16378,10.);
#3752=VECTOR('',#16383,10.);
#3753=VECTOR('',#16386,10.);
#3754=VECTOR('',#16389,10.);
#3755=VECTOR('',#16392,10.);
#3756=VECTOR('',#16395,10.);
#3757=VECTOR('',#16400,10.);
#3758=VECTOR('',#16403,10.);
#3759=VECTOR('',#16406,10.);
#3760=VECTOR('',#16409,10.);
#3761=VECTOR('',#16412,10.);
#3762=VECTOR('',#16417,10.);
#3763=VECTOR('',#16420,10.);
#3764=VECTOR('',#16425,2.5);
#3765=VECTOR('',#16428,9.);
#3766=VECTOR('',#16431,9.);
#3767=VECTOR('',#16434,10.);
#3768=VECTOR('',#16437,10.);
#3769=VECTOR('',#16440,10.);
#3770=VECTOR('',#16453,10.);
#3771=VECTOR('',#16456,10.);
#3772=VECTOR('',#16459,10.);
#3773=VECTOR('',#16462,10.);
#3774=VECTOR('',#16465,10.);
#3775=VECTOR('',#16468,10.);
#3776=VECTOR('',#16471,10.);
#3777=VECTOR('',#16474,10.);
#3778=VECTOR('',#16477,10.);
#3779=VECTOR('',#16480,10.);
#3780=VECTOR('',#16493,10.);
#3781=VECTOR('',#16504,10.);
#3782=VECTOR('',#16505,10.);
#3783=VECTOR('',#16508,10.);
#3784=VECTOR('',#16513,2.49999999999999);
#3785=VECTOR('',#16516,2.5);
#3786=VECTOR('',#16519,2.5);
#3787=VECTOR('',#16522,2.5);
#3788=VECTOR('',#16525,10.);
#3789=VECTOR('',#16528,10.);
#3790=VECTOR('',#16531,10.);
#3791=VECTOR('',#16534,10.);
#3792=VECTOR('',#16537,10.);
#3793=VECTOR('',#16540,10.);
#3794=VECTOR('',#16543,10.);
#3795=VECTOR('',#16546,10.);
#3796=VECTOR('',#16549,10.);
#3797=VECTOR('',#16552,10.);
#3798=VECTOR('',#16555,10.);
#3799=VECTOR('',#16558,10.);
#3800=VECTOR('',#16561,10.);
#3801=VECTOR('',#16564,10.);
#3802=CIRCLE('',#11662,0.5);
#3803=CIRCLE('',#11663,0.5);
#3804=CIRCLE('',#11665,1.5);
#3805=CIRCLE('',#11666,2.);
#3806=CIRCLE('',#11668,0.5);
#3807=CIRCLE('',#11669,0.5);
#3808=CIRCLE('',#11670,0.499999999999999);
#3809=CIRCLE('',#11671,0.5);
#3810=CIRCLE('',#11672,1.);
#3811=CIRCLE('',#11674,0.5);
#3812=CIRCLE('',#11676,0.499999999999922);
#3813=CIRCLE('',#11677,1.5);
#3814=CIRCLE('',#11678,2.);
#3815=CIRCLE('',#11680,0.5);
#3816=CIRCLE('',#11682,0.499999999999903);
#3817=CIRCLE('',#11683,1.5);
#3818=CIRCLE('',#11684,2.);
#3819=CIRCLE('',#11686,0.5);
#3820=CIRCLE('',#11687,0.5);
#3821=CIRCLE('',#11688,0.5);
#3822=CIRCLE('',#11689,1.);
#3823=CIRCLE('',#11691,0.5);
#3824=CIRCLE('',#11693,0.499999999999971);
#3825=CIRCLE('',#11694,1.5);
#3826=CIRCLE('',#11695,2.);
#3827=CIRCLE('',#11697,0.5);
#3828=CIRCLE('',#11699,0.500000000000001);
#3829=CIRCLE('',#11701,0.500000000000001);
#3830=CIRCLE('',#11704,0.5);
#3831=CIRCLE('',#11706,2.10000000000001);
#3832=CIRCLE('',#11707,2.1);
#3833=CIRCLE('',#11708,2.10000000000015);
#3834=CIRCLE('',#11709,2.1);
#3835=CIRCLE('',#11710,2.10000000000004);
#3836=CIRCLE('',#11711,2.09999999999998);
#3837=CIRCLE('',#11712,2.1);
#3838=CIRCLE('',#11713,2.1);
#3839=CIRCLE('',#11714,2.09999999999999);
#3840=CIRCLE('',#11715,2.1);
#3841=CIRCLE('',#11716,0.999999999999999);
#3842=CIRCLE('',#11717,1.1);
#3843=CIRCLE('',#11718,1.09999999999999);
#3844=CIRCLE('',#11719,1.1);
#3845=CIRCLE('',#11720,1.1);
#3846=CIRCLE('',#11721,1.09999999999999);
#3847=CIRCLE('',#11722,1.10000000000004);
#3848=CIRCLE('',#11723,1.1);
#3849=CIRCLE('',#11724,1.10000000000014);
#3850=CIRCLE('',#11725,1.09999999999999);
#3851=CIRCLE('',#11726,1.10000000000001);
#3852=CIRCLE('',#11728,1.);
#3853=CIRCLE('',#11731,1.);
#3854=CIRCLE('',#11733,1.1);
#3855=CIRCLE('',#11734,2.1);
#3856=CIRCLE('',#11736,0.5);
#3857=CIRCLE('',#11739,0.5);
#3858=CIRCLE('',#11740,0.5);
#3859=CIRCLE('',#11742,1.5);
#3860=CIRCLE('',#11743,2.);
#3861=CIRCLE('',#11745,0.499999999999998);
#3862=CIRCLE('',#11746,0.499999999999998);
#3863=CIRCLE('',#11748,2.);
#3864=CIRCLE('',#11749,0.5);
#3865=CIRCLE('',#11750,1.5);
#3866=CIRCLE('',#11752,0.499999999999996);
#3867=CIRCLE('',#11754,0.5);
#3868=CIRCLE('',#11755,1.5);
#3869=CIRCLE('',#11756,2.);
#3870=CIRCLE('',#11758,0.5);
#3871=CIRCLE('',#11759,0.5);
#3872=CIRCLE('',#11760,0.5);
#3873=CIRCLE('',#11761,1.);
#3874=CIRCLE('',#11763,0.5);
#3875=CIRCLE('',#11765,0.500000000000001);
#3876=CIRCLE('',#11766,0.500000000000002);
#3877=CIRCLE('',#11767,0.499999999999998);
#3878=CIRCLE('',#11769,0.500000000000003);
#3879=CIRCLE('',#11771,0.499999999999998);
#3880=CIRCLE('',#11772,0.5);
#3881=CIRCLE('',#11774,2.);
#3882=CIRCLE('',#11775,1.5);
#3883=CIRCLE('',#11777,0.500000000000001);
#3884=CIRCLE('',#11780,0.5);
#3885=CIRCLE('',#11782,1.);
#3886=CIRCLE('',#11785,3.1);
#3887=CIRCLE('',#11786,3.1);
#3888=CIRCLE('',#11788,0.999999999999998);
#3889=CIRCLE('',#11789,1.);
#3890=CIRCLE('',#11793,3.1);
#3891=CIRCLE('',#11796,1.);
#3892=CIRCLE('',#11799,1.);
#3893=CIRCLE('',#11802,1.);
#3894=CIRCLE('',#11805,1.);
#3895=CIRCLE('',#11808,1.);
#3896=CIRCLE('',#11809,3.09999999999999);
#3897=CIRCLE('',#11812,1.);
#3898=CIRCLE('',#11813,3.1);
#3899=CIRCLE('',#11815,1.);
#3900=CIRCLE('',#11817,3.1);
#3901=CIRCLE('',#11819,1.);
#3902=CIRCLE('',#11820,3.09999999999998);
#3903=CIRCLE('',#11823,1.);
#3904=CIRCLE('',#11824,3.10000000000004);
#3905=CIRCLE('',#11826,1.);
#3906=CIRCLE('',#11828,1.);
#3907=CIRCLE('',#11829,3.1);
#3908=CIRCLE('',#11832,1.);
#3909=CIRCLE('',#11833,3.10000000000015);
#3910=CIRCLE('',#11836,1.);
#3911=CIRCLE('',#11837,3.1);
#3912=CIRCLE('',#11839,1.);
#3913=CIRCLE('',#11841,3.10000000000001);
#3914=CIRCLE('',#11844,0.600000000000003);
#3915=CIRCLE('',#11846,0.399999999999987);
#3916=CIRCLE('',#11848,0.400000000000007);
#3917=CIRCLE('',#11851,0.400000000000001);
#3918=CIRCLE('',#11854,0.400000000000009);
#3919=CIRCLE('',#11857,0.399999999999968);
#3920=CIRCLE('',#11860,0.400000000000036);
#3921=CIRCLE('',#11863,0.399999999999714);
#3922=CIRCLE('',#11867,0.5);
#3923=CIRCLE('',#11868,0.600000000000012);
#3924=CIRCLE('',#11870,0.5);
#3925=CIRCLE('',#11872,0.5);
#3926=CIRCLE('',#11873,0.599999999999994);
#3927=CIRCLE('',#11876,0.5);
#3928=CIRCLE('',#11878,0.5);
#3929=CIRCLE('',#11879,0.600000000000138);
#3930=CIRCLE('',#11882,0.5);
#3931=CIRCLE('',#11884,0.5);
#3932=CIRCLE('',#11885,0.599999999999996);
#3933=CIRCLE('',#11887,0.5);
#3934=CIRCLE('',#11889,0.5);
#3935=CIRCLE('',#11890,0.600000000000035);
#3936=CIRCLE('',#11893,0.5);
#3937=CIRCLE('',#11895,0.5);
#3938=CIRCLE('',#11896,0.599999999999987);
#3939=CIRCLE('',#11899,0.5);
#3940=CIRCLE('',#11901,0.5);
#3941=CIRCLE('',#11902,0.600000000000005);
#3942=CIRCLE('',#11904,0.5);
#3943=CIRCLE('',#11906,0.5);
#3944=CIRCLE('',#11907,0.599999999999998);
#3945=CIRCLE('',#11910,0.5);
#3946=CIRCLE('',#11912,0.5);
#3947=CIRCLE('',#11913,0.59999999999999);
#3948=CIRCLE('',#11916,0.5);
#3949=CIRCLE('',#11918,0.5);
#3950=CIRCLE('',#11919,0.600000000000004);
#3951=CIRCLE('',#11922,0.600000000000004);
#3952=CIRCLE('',#11925,0.399999999999997);
#3953=CIRCLE('',#11926,0.399999999999997);
#3954=CIRCLE('',#11930,3.09999999999998);
#3955=CIRCLE('',#11934,3.10000000000004);
#3956=CIRCLE('',#11937,3.1);
#3957=CIRCLE('',#11941,3.10000000000015);
#3958=CIRCLE('',#11945,3.1);
#3959=CIRCLE('',#11948,3.10000000000001);
#3960=CIRCLE('',#11951,0.600000000000012);
#3961=CIRCLE('',#11954,0.599999999999994);
#3962=CIRCLE('',#11957,0.399999999999725);
#3963=CIRCLE('',#11960,0.600000000000138);
#3964=CIRCLE('',#11963,0.400000000000036);
#3965=CIRCLE('',#11966,0.599999999999996);
#3966=CIRCLE('',#11969,0.600000000000003);
#3967=CIRCLE('',#11971,2.60000000000001);
#3968=CIRCLE('',#11972,3.1);
#3969=CIRCLE('',#11975,3.1);
#3970=CIRCLE('',#11976,2.6);
#3971=CIRCLE('',#11979,3.09999999999999);
#3972=CIRCLE('',#11980,2.59999999999999);
#3973=CIRCLE('',#11983,2.6);
#3974=CIRCLE('',#11986,3.1);
#3975=CIRCLE('',#11987,2.6);
#3976=CIRCLE('',#11990,2.60000000000001);
#3977=CIRCLE('',#11993,2.6);
#3978=CIRCLE('',#11997,2.60000000000015);
#3979=CIRCLE('',#12001,2.6);
#3980=CIRCLE('',#12004,2.60000000000004);
#3981=CIRCLE('',#12008,2.59999999999999);
#3982=CIRCLE('',#12012,2.5);
#3983=CIRCLE('',#12013,2.5);
#3984=CIRCLE('',#12014,4.);
#3985=CIRCLE('',#12015,2.);
#3986=CIRCLE('',#12016,4.50000000000012);
#3987=CIRCLE('',#12017,4.50000000000008);
#3988=CIRCLE('',#12018,4.50000000000006);
#3989=CIRCLE('',#12019,2.);
#3990=CIRCLE('',#12020,4.);
#3991=CIRCLE('',#12021,2.);
#3992=CIRCLE('',#12022,4.49999999999998);
#3993=CIRCLE('',#12023,4.50000000000008);
#3994=CIRCLE('',#12024,4.49999999999996);
#3995=CIRCLE('',#12025,2.);
#3996=CIRCLE('',#12026,4.);
#3997=CIRCLE('',#12027,2.);
#3998=CIRCLE('',#12028,4.50000000000005);
#3999=CIRCLE('',#12029,4.50000000000014);
#4000=CIRCLE('',#12030,4.50000000000002);
#4001=CIRCLE('',#12031,4.50000000000001);
#4002=CIRCLE('',#12032,4.5000000000001);
#4003=CIRCLE('',#12033,4.50000000000005);
#4004=CIRCLE('',#12034,2.);
#4005=CIRCLE('',#12035,2.00000000000001);
#4006=CIRCLE('',#12036,4.50000000000006);
#4007=CIRCLE('',#12037,4.49999999999997);
#4008=CIRCLE('',#12038,2.);
#4009=CIRCLE('',#12039,4.50000000000014);
#4010=CIRCLE('',#12040,4.50000000000005);
#4011=CIRCLE('',#12041,4.49999999999998);
#4012=CIRCLE('',#12042,4.50000000000008);
#4013=CIRCLE('',#12043,4.49999999999996);
#4014=CIRCLE('',#12044,4.50000000000012);
#4015=CIRCLE('',#12045,4.50000000000006);
#4016=CIRCLE('',#12046,4.49999999999997);
#4017=CIRCLE('',#12047,4.49999999999999);
#4018=CIRCLE('',#12048,4.50000000000003);
#4019=CIRCLE('',#12049,4.49999999999999);
#4020=CIRCLE('',#12050,4.50000000000008);
#4021=CIRCLE('',#12051,4.50000000000002);
#4022=CIRCLE('',#12052,4.50000000000001);
#4023=CIRCLE('',#12053,4.5000000000001);
#4024=CIRCLE('',#12054,4.50000000000005);
#4025=CIRCLE('',#12055,4.50000000000005);
#4026=CIRCLE('',#12056,4.50000000000014);
#4027=CIRCLE('',#12057,4.49999999999997);
#4028=CIRCLE('',#12058,4.49999999999999);
#4029=CIRCLE('',#12059,2.);
#4030=CIRCLE('',#12060,2.);
#4031=CIRCLE('',#12061,4.50000000000008);
#4032=CIRCLE('',#12062,4.50000000000006);
#4033=CIRCLE('',#12063,2.5);
#4034=CIRCLE('',#12064,2.5);
#4035=CIRCLE('',#12065,2.49999999999999);
#4036=CIRCLE('',#12066,0.199999999999992);
#4037=CIRCLE('',#12067,0.199999999999978);
#4038=CIRCLE('',#12068,2.10000000000002);
#4039=CIRCLE('',#12069,2.10000000000005);
#4040=CIRCLE('',#12070,9.);
#4041=CIRCLE('',#12071,9.);
#4042=CIRCLE('',#12072,4.50000000000006);
#4043=CIRCLE('',#12073,4.49999999999997);
#4044=CIRCLE('',#12074,4.49999999999999);
#4045=CIRCLE('',#12075,4.50000000000003);
#4046=CIRCLE('',#12076,4.49999999999999);
#4047=CIRCLE('',#12077,4.50000000000008);
#4048=CIRCLE('',#12078,4.49999999999997);
#4049=CIRCLE('',#12079,4.49999999999999);
#4050=CIRCLE('',#12080,4.50000000000003);
#4051=CIRCLE('',#12081,4.49999999999999);
#4052=CIRCLE('',#12082,4.50000000000008);
#4053=CIRCLE('',#12083,4.50000000000006);
#4054=CIRCLE('',#12084,4.50000000000008);
#4055=CIRCLE('',#12085,4.50000000000006);
#4056=CIRCLE('',#12086,4.49999999999997);
#4057=CIRCLE('',#12087,2.);
#4058=CIRCLE('',#12088,3.99999999999999);
#4059=CIRCLE('',#12089,2.);
#4060=CIRCLE('',#12090,4.50000000000003);
#4061=CIRCLE('',#12091,4.49999999999999);
#4062=CIRCLE('',#12092,1.99999999999999);
#4063=CIRCLE('',#12093,10.5);
#4064=CIRCLE('',#12094,2.00000000000001);
#4065=CIRCLE('',#12095,4.);
#4066=CIRCLE('',#12096,2.);
#4067=CIRCLE('',#12097,4.50000000000003);
#4068=CIRCLE('',#12098,4.50000000000002);
#4069=CIRCLE('',#12099,4.50000000000008);
#4070=CIRCLE('',#12100,2.);
#4071=CIRCLE('',#12101,3.99999999999999);
#4072=CIRCLE('',#12102,2.);
#4073=CIRCLE('',#12103,4.49999999999996);
#4074=CIRCLE('',#12104,4.50000000000012);
#4075=CIRCLE('',#12105,4.50000000000008);
#4076=CIRCLE('',#12106,4.50000000000005);
#4077=CIRCLE('',#12107,4.49999999999998);
#4078=CIRCLE('',#12108,10.5);
#4079=CIRCLE('',#12109,2.);
#4080=CIRCLE('',#12110,4.50000000000006);
#4081=CIRCLE('',#12111,4.49999999999997);
#4082=CIRCLE('',#12112,4.49999999999999);
#4083=CIRCLE('',#12113,1.99999999999999);
#4084=CIRCLE('',#12114,2.40000000000002);
#4085=CIRCLE('',#12115,2.);
#4086=CIRCLE('',#12116,2.);
#4087=CIRCLE('',#12117,2.);
#4088=CIRCLE('',#12118,4.49999999999997);
#4089=CIRCLE('',#12119,4.49999999999999);
#4090=CIRCLE('',#12120,4.50000000000003);
#4091=CIRCLE('',#12121,2.);
#4092=CIRCLE('',#12122,4.50000000000005);
#4093=CIRCLE('',#12123,4.50000000000005);
#4094=CIRCLE('',#12124,4.50000000000014);
#4095=CIRCLE('',#12125,4.50000000000002);
#4096=CIRCLE('',#12126,4.50000000000001);
#4097=CIRCLE('',#12127,4.5000000000001);
#4098=CIRCLE('',#12128,4.49999999999997);
#4099=CIRCLE('',#12129,4.49999999999999);
#4100=CIRCLE('',#12130,4.50000000000003);
#4101=CIRCLE('',#12131,4.49999999999999);
#4102=CIRCLE('',#12132,4.50000000000008);
#4103=CIRCLE('',#12133,2.);
#4104=CIRCLE('',#12134,4.);
#4105=CIRCLE('',#12135,2.);
#4106=CIRCLE('',#12136,4.50000000000005);
#4107=CIRCLE('',#12137,4.50000000000005);
#4108=CIRCLE('',#12138,4.50000000000014);
#4109=CIRCLE('',#12139,4.50000000000003);
#4110=CIRCLE('',#12140,4.50000000000002);
#4111=CIRCLE('',#12141,4.5000000000001);
#4112=CIRCLE('',#12142,4.49999999999997);
#4113=CIRCLE('',#12143,4.49999999999999);
#4114=CIRCLE('',#12144,4.50000000000003);
#4115=CIRCLE('',#12145,4.49999999999999);
#4116=CIRCLE('',#12146,4.50000000000008);
#4117=CIRCLE('',#12147,4.50000000000006);
#4118=CIRCLE('',#12148,4.50000000000006);
#4119=CIRCLE('',#12149,2.);
#4120=CIRCLE('',#12150,4.);
#4121=CIRCLE('',#12151,2.);
#4122=CIRCLE('',#12152,4.49999999999998);
#4123=CIRCLE('',#12153,4.50000000000009);
#4124=CIRCLE('',#12154,4.49999999999996);
#4125=CIRCLE('',#12155,4.50000000000012);
#4126=CIRCLE('',#12156,4.50000000000009);
#4127=CIRCLE('',#12157,4.50000000000003);
#4128=CIRCLE('',#12158,4.50000000000002);
#4129=CIRCLE('',#12159,4.5000000000001);
#4130=CIRCLE('',#12160,4.50000000000005);
#4131=CIRCLE('',#12161,4.50000000000005);
#4132=CIRCLE('',#12162,4.50000000000014);
#4133=CIRCLE('',#12163,4.50000000000014);
#4134=CIRCLE('',#12164,4.50000000000002);
#4135=CIRCLE('',#12165,4.50000000000001);
#4136=CIRCLE('',#12166,4.5000000000001);
#4137=CIRCLE('',#12167,4.50000000000005);
#4138=CIRCLE('',#12168,4.50000000000005);
#4139=CIRCLE('',#12169,4.50000000000005);
#4140=CIRCLE('',#12170,2.);
#4141=CIRCLE('',#12171,2.);
#4142=CIRCLE('',#12172,4.50000000000013);
#4143=CIRCLE('',#12173,4.50000000000002);
#4144=CIRCLE('',#12174,4.50000000000001);
#4145=CIRCLE('',#12175,4.5000000000001);
#4146=CIRCLE('',#12176,2.00000000000001);
#4147=CIRCLE('',#12177,4.50000000000003);
#4148=CIRCLE('',#12178,4.49999999999999);
#4149=CIRCLE('',#12179,2.);
#4150=CIRCLE('',#12180,10.5);
#4151=CIRCLE('',#12181,1.99999999999999);
#4152=CIRCLE('',#12182,2.39999999999934);
#4153=CIRCLE('',#12183,3.99999999999999);
#4154=CIRCLE('',#12184,2.);
#4155=CIRCLE('',#12185,4.49999999999999);
#4156=CIRCLE('',#12186,4.50000000000008);
#4157=CIRCLE('',#12187,4.50000000000006);
#4158=CIRCLE('',#12188,4.49999999999997);
#4159=CIRCLE('',#12189,2.);
#4160=CIRCLE('',#12190,4.50000000000006);
#4161=CIRCLE('',#12191,2.);
#4162=CIRCLE('',#12192,2.);
#4163=CIRCLE('',#12193,4.49999999999999);
#4164=CIRCLE('',#12194,4.50000000000008);
#4165=CIRCLE('',#12195,4.50000000000003);
#4166=CIRCLE('',#12196,2.);
#4167=CIRCLE('',#12197,2.);
#4168=CIRCLE('',#12198,4.49999999999997);
#4169=CIRCLE('',#12199,4.49999999999999);
#4170=CIRCLE('',#12200,4.50000000000003);
#4171=CIRCLE('',#12201,2.);
#4172=CIRCLE('',#12202,2.);
#4173=CIRCLE('',#12203,4.49999999999997);
#4174=CIRCLE('',#12204,4.49999999999999);
#4175=CIRCLE('',#12205,4.50000000000006);
#4176=CIRCLE('',#12206,2.);
#4177=CIRCLE('',#12207,2.);
#4178=CIRCLE('',#12208,4.49999999999999);
#4179=CIRCLE('',#12209,4.50000000000008);
#4180=CIRCLE('',#12210,1.99999999999999);
#4181=CIRCLE('',#12211,4.50000000000003);
#4182=CIRCLE('',#12212,4.49999999999999);
#4183=CIRCLE('',#12213,2.00000000000001);
#4184=CIRCLE('',#12214,4.50000000000005);
#4185=CIRCLE('',#12215,4.50000000000014);
#4186=CIRCLE('',#12216,4.50000000000003);
#4187=CIRCLE('',#12217,4.50000000000002);
#4188=CIRCLE('',#12218,4.5000000000001);
#4189=CIRCLE('',#12219,4.50000000000005);
#4190=CIRCLE('',#12220,4.50000000000008);
#4191=CIRCLE('',#12221,4.50000000000006);
#4192=CIRCLE('',#12222,4.49999999999997);
#4193=CIRCLE('',#12223,4.49999999999999);
#4194=CIRCLE('',#12224,4.50000000000003);
#4195=CIRCLE('',#12225,4.49999999999999);
#4196=CIRCLE('',#12227,1.05);
#4197=CIRCLE('',#12229,1.05);
#4198=CIRCLE('',#12231,1.05);
#4199=CIRCLE('',#12233,1.05);
#4200=CIRCLE('',#12235,1.05);
#4201=CIRCLE('',#12237,2.);
#4202=CIRCLE('',#12239,4.50000000000006);
#4203=CIRCLE('',#12242,4.50000000000008);
#4204=CIRCLE('',#12245,4.50000000000012);
#4205=CIRCLE('',#12247,2.);
#4206=CIRCLE('',#12249,4.);
#4207=CIRCLE('',#12251,4.50000000000002);
#4208=CIRCLE('',#12254,4.50000000000014);
#4209=CIRCLE('',#12257,4.50000000000005);
#4210=CIRCLE('',#12259,2.);
#4211=CIRCLE('',#12261,4.);
#4212=CIRCLE('',#12264,2.00000000000001);
#4213=CIRCLE('',#12268,4.49999999999998);
#4214=CIRCLE('',#12271,4.50000000000005);
#4215=CIRCLE('',#12274,4.50000000000014);
#4216=CIRCLE('',#12277,4.49999999999999);
#4217=CIRCLE('',#12280,4.49999999999997);
#4218=CIRCLE('',#12283,4.50000000000006);
#4219=CIRCLE('',#12286,4.5000000000001);
#4220=CIRCLE('',#12289,4.50000000000001);
#4221=CIRCLE('',#12292,4.50000000000002);
#4222=CIRCLE('',#12295,2.);
#4223=CIRCLE('',#12298,4.49999999999999);
#4224=CIRCLE('',#12301,4.49999999999997);
#4225=CIRCLE('',#12305,0.199999999999978);
#4226=CIRCLE('',#12309,0.199999999999992);
#4227=CIRCLE('',#12311,4.49999999999999);
#4228=CIRCLE('',#12314,4.49999999999997);
#4229=CIRCLE('',#12317,4.50000000000006);
#4230=CIRCLE('',#12320,4.50000000000003);
#4231=CIRCLE('',#12323,4.49999999999999);
#4232=CIRCLE('',#12326,4.49999999999997);
#4233=CIRCLE('',#12330,4.49999999999997);
#4234=CIRCLE('',#12333,4.50000000000006);
#4235=CIRCLE('',#12336,4.50000000000008);
#4236=CIRCLE('',#12339,2.);
#4237=CIRCLE('',#12341,4.);
#4238=CIRCLE('',#12343,2.00000000000001);
#4239=CIRCLE('',#12345,10.5);
#4240=CIRCLE('',#12347,1.99999999999999);
#4241=CIRCLE('',#12349,4.50000000000012);
#4242=CIRCLE('',#12352,4.49999999999996);
#4243=CIRCLE('',#12354,2.);
#4244=CIRCLE('',#12356,3.99999999999999);
#4245=CIRCLE('',#12358,2.);
#4246=CIRCLE('',#12361,4.50000000000008);
#4247=CIRCLE('',#12363,4.49999999999997);
#4248=CIRCLE('',#12366,4.50000000000006);
#4249=CIRCLE('',#12368,2.);
#4250=CIRCLE('',#12370,10.5);
#4251=CIRCLE('',#12373,4.49999999999997);
#4252=CIRCLE('',#12375,2.);
#4253=CIRCLE('',#12378,2.);
#4254=CIRCLE('',#12381,4.50000000000014);
#4255=CIRCLE('',#12384,4.50000000000005);
#4256=CIRCLE('',#12387,4.50000000000005);
#4257=CIRCLE('',#12391,4.50000000000003);
#4258=CIRCLE('',#12394,4.49999999999999);
#4259=CIRCLE('',#12397,4.49999999999997);
#4260=CIRCLE('',#12400,4.50000000000014);
#4261=CIRCLE('',#12403,4.50000000000005);
#4262=CIRCLE('',#12406,4.50000000000005);
#4263=CIRCLE('',#12409,4.50000000000003);
#4264=CIRCLE('',#12412,4.49999999999999);
#4265=CIRCLE('',#12415,4.49999999999997);
#4266=CIRCLE('',#12419,4.49999999999998);
#4267=CIRCLE('',#12421,2.);
#4268=CIRCLE('',#12423,4.);
#4269=CIRCLE('',#12425,2.);
#4270=CIRCLE('',#12427,4.50000000000006);
#4271=CIRCLE('',#12430,4.5000000000001);
#4272=CIRCLE('',#12433,4.50000000000002);
#4273=CIRCLE('',#12436,4.50000000000003);
#4274=CIRCLE('',#12439,4.50000000000001);
#4275=CIRCLE('',#12442,4.50000000000002);
#4276=CIRCLE('',#12445,4.50000000000014);
#4277=CIRCLE('',#12448,4.50000000000013);
#4278=CIRCLE('',#12451,2.);
#4279=CIRCLE('',#12453,2.);
#4280=CIRCLE('',#12455,4.50000000000005);
#4281=CIRCLE('',#12458,4.49999999999999);
#4282=CIRCLE('',#12461,4.50000000000003);
#4283=CIRCLE('',#12464,2.00000000000001);
#4284=CIRCLE('',#12467,4.50000000000008);
#4285=CIRCLE('',#12470,4.49999999999999);
#4286=CIRCLE('',#12473,2.);
#4287=CIRCLE('',#12475,3.99999999999999);
#4288=CIRCLE('',#12478,2.);
#4289=CIRCLE('',#12481,4.50000000000006);
#4290=CIRCLE('',#12485,2.);
#4291=CIRCLE('',#12488,4.50000000000003);
#4292=CIRCLE('',#12492,2.);
#4293=CIRCLE('',#12495,4.50000000000003);
#4294=CIRCLE('',#12499,2.);
#4295=CIRCLE('',#12502,4.50000000000006);
#4296=CIRCLE('',#12506,4.50000000000003);
#4297=CIRCLE('',#12509,1.99999999999999);
#4298=CIRCLE('',#12512,4.50000000000003);
#4299=CIRCLE('',#12515,4.50000000000014);
#4300=CIRCLE('',#12518,4.50000000000005);
#4301=CIRCLE('',#12520,4.49999999999997);
#4302=CIRCLE('',#12523,4.50000000000006);
#4303=CIRCLE('',#12526,4.50000000000008);
#4304=CIRCLE('',#12535,2.10000000000005);
#4305=CIRCLE('',#12536,2.10000000000002);
#4306=CIRCLE('',#12538,2.5);
#4307=CIRCLE('',#12540,2.49999999999999);
#4308=CIRCLE('',#12542,2.5);
#4309=CIRCLE('',#12544,2.5);
#4310=CIRCLE('',#12546,2.5);
#4311=CIRCLE('',#12548,9.);
#4312=CIRCLE('',#12550,9.);
#4313=CIRCLE('',#12552,2.);
#4314=CIRCLE('',#12556,2.);
#4315=CIRCLE('',#12557,2.);
#4316=CIRCLE('',#12563,2.3);
#4317=CIRCLE('',#12564,2.5);
#4318=CIRCLE('',#12566,1.25);
#4319=CIRCLE('',#12568,2.5);
#4320=CIRCLE('',#12570,1.05);
#4321=CIRCLE('',#12573,2.3);
#4322=CIRCLE('',#12574,2.5);
#4323=CIRCLE('',#12576,1.25);
#4324=CIRCLE('',#12578,2.5);
#4325=CIRCLE('',#12580,1.05);
#4326=CIRCLE('',#12583,2.3);
#4327=CIRCLE('',#12584,2.5);
#4328=CIRCLE('',#12586,1.25);
#4329=CIRCLE('',#12588,2.5);
#4330=CIRCLE('',#12590,1.05);
#4331=CIRCLE('',#12593,1.25);
#4332=CIRCLE('',#12594,1.05);
#4333=CIRCLE('',#12596,2.3);
#4334=CIRCLE('',#12599,2.5);
#4335=CIRCLE('',#12601,2.5);
#4336=CIRCLE('',#12603,2.3);
#4337=CIRCLE('',#12604,2.5);
#4338=CIRCLE('',#12606,1.25);
#4339=CIRCLE('',#12608,2.5);
#4340=CIRCLE('',#12610,1.05);
#4341=CIRCLE('',#12613,0.5);
#4342=CIRCLE('',#12614,0.5);
#4343=CIRCLE('',#12616,2.);
#4344=CIRCLE('',#12619,2.);
#4345=CIRCLE('',#12620,2.);
#4346=CIRCLE('',#12623,2.40000000000002);
#4347=CIRCLE('',#12626,2.);
#4348=CIRCLE('',#12629,2.);
#4349=CIRCLE('',#12631,4.);
#4350=CIRCLE('',#12633,2.);
#4351=CIRCLE('',#12635,2.);
#4352=CIRCLE('',#12637,2.);
#4353=CIRCLE('',#12639,2.);
#4354=CIRCLE('',#12641,2.00000000000001);
#4355=CIRCLE('',#12644,2.);
#4356=CIRCLE('',#12646,4.50000000000003);
#4357=CIRCLE('',#12648,2.);
#4358=CIRCLE('',#12650,1.99999999999999);
#4359=CIRCLE('',#12652,4.49999999999999);
#4360=CIRCLE('',#12654,2.);
#4361=CIRCLE('',#12656,10.5);
#4362=CIRCLE('',#12658,1.99999999999999);
#4363=CIRCLE('',#12661,2.);
#4364=CIRCLE('',#12663,4.50000000000008);
#4365=CIRCLE('',#12665,2.);
#4366=CIRCLE('',#12668,2.);
#4367=CIRCLE('',#12671,2.);
#4368=CIRCLE('',#12673,2.);
#4369=CIRCLE('',#12676,4.50000000000003);
#4370=CIRCLE('',#12677,4.49999999999999);
#4371=CIRCLE('',#12678,2.39999999999934);
#4372=CIRCLE('',#12679,4.5000000000001);
#4373=CIRCLE('',#12680,4.50000000000001);
#4374=CIRCLE('',#12681,4.50000000000002);
#4375=CIRCLE('',#12682,2.40000000000005);
#4376=CIRCLE('',#12683,4.49999999999999);
#4377=CIRCLE('',#12684,4.49999999999997);
#4378=CIRCLE('',#12685,4.50000000000006);
#4379=CIRCLE('',#12686,2.4);
#4380=CIRCLE('',#12687,2.39999999999999);
#4381=CIRCLE('',#12688,4.50000000000006);
#4382=CIRCLE('',#12689,4.50000000000008);
#4383=CIRCLE('',#12690,2.40000000000002);
#4384=CIRCLE('',#12691,2.40000000000002);
#4385=CIRCLE('',#12692,4.50000000000002);
#4386=CIRCLE('',#12693,4.50000000000003);
#4387=CIRCLE('',#12694,4.49999999999996);
#4388=CIRCLE('',#12695,4.50000000000008);
#4389=CIRCLE('',#12696,4.49999999999998);
#4390=CIRCLE('',#12697,4.50000000000014);
#4391=CIRCLE('',#12698,4.50000000000005);
#4392=CIRCLE('',#12699,4.50000000000005);
#4393=CIRCLE('',#12700,4.49999999999999);
#4394=CIRCLE('',#12701,4.50000000000003);
#4395=CIRCLE('',#12702,4.49999999999999);
#4396=CIRCLE('',#12703,4.50000000000005);
#4397=CIRCLE('',#12704,4.5000000000001);
#4398=CIRCLE('',#12705,4.50000000000002);
#4399=CIRCLE('',#12706,4.50000000000008);
#4400=CIRCLE('',#12707,4.49999999999999);
#4401=CIRCLE('',#12708,4.49999999999999);
#4402=CIRCLE('',#12709,4.49999999999997);
#4403=CIRCLE('',#12710,4.49999999999999);
#4404=CIRCLE('',#12711,4.49999999999997);
#4405=CIRCLE('',#12712,4.50000000000008);
#4406=CIRCLE('',#12713,4.49999999999999);
#4407=CIRCLE('',#12714,4.49999999999997);
#4408=CIRCLE('',#12715,4.50000000000006);
#4409=CIRCLE('',#12716,4.50000000000005);
#4410=CIRCLE('',#12717,4.50000000000005);
#4411=CIRCLE('',#12718,4.5000000000001);
#4412=CIRCLE('',#12719,4.50000000000014);
#4413=CIRCLE('',#12720,4.50000000000005);
#4414=CIRCLE('',#12721,4.50000000000005);
#4415=CIRCLE('',#12722,4.5000000000001);
#4416=CIRCLE('',#12723,4.50000000000001);
#4417=CIRCLE('',#12724,4.50000000000005);
#4418=CIRCLE('',#12725,4.50000000000009);
#4419=CIRCLE('',#12726,4.50000000000012);
#4420=CIRCLE('',#12727,4.49999999999996);
#4421=CIRCLE('',#12728,4.50000000000009);
#4422=CIRCLE('',#12729,4.50000000000006);
#4423=CIRCLE('',#12730,4.50000000000008);
#4424=CIRCLE('',#12731,4.49999999999999);
#4425=CIRCLE('',#12732,4.5000000000001);
#4426=CIRCLE('',#12733,4.50000000000002);
#4427=CIRCLE('',#12734,4.50000000000003);
#4428=CIRCLE('',#12735,4.);
#4429=CIRCLE('',#12736,4.49999999999999);
#4430=CIRCLE('',#12737,4.5000000000001);
#4431=CIRCLE('',#12738,4.50000000000001);
#4432=CIRCLE('',#12739,4.50000000000002);
#4433=CIRCLE('',#12740,4.50000000000012);
#4434=CIRCLE('',#12741,4.49999999999996);
#4435=CIRCLE('',#12742,4.50000000000008);
#4436=CIRCLE('',#12743,4.49999999999998);
#4437=CIRCLE('',#12744,4.50000000000005);
#4438=CIRCLE('',#12745,4.50000000000008);
#4439=CIRCLE('',#12746,4.49999999999999);
#4440=CIRCLE('',#12747,3.99999999999999);
#4441=CIRCLE('',#12748,4.50000000000006);
#4442=CIRCLE('',#12749,4.50000000000008);
#4443=CIRCLE('',#12750,4.49999999999999);
#4444=CIRCLE('',#12751,4.50000000000008);
#4445=CIRCLE('',#12752,4.49999999999999);
#4446=CIRCLE('',#12753,4.50000000000003);
#4447=CIRCLE('',#12754,4.50000000000008);
#4448=CIRCLE('',#12755,4.49999999999999);
#4449=CIRCLE('',#12756,4.50000000000003);
#4450=CIRCLE('',#12758,2.40000000000005);
#4451=CIRCLE('',#12759,2.39999999999934);
#4452=CIRCLE('',#12872,2.40000000000002);
#4453=CIRCLE('',#12916,0.600000000000035);
#4454=CIRCLE('',#12917,0.399999999999986);
#4455=CIRCLE('',#12918,0.599999999999987);
#4456=CIRCLE('',#12919,0.400000000000009);
#4457=CIRCLE('',#12920,0.600000000000005);
#4458=CIRCLE('',#12921,0.599999999999998);
#4459=CIRCLE('',#12922,0.400000000000006);
#4460=CIRCLE('',#12923,0.59999999999999);
#4461=CIRCLE('',#12924,0.400000000000007);
#4462=CIRCLE('',#12925,2.40000000000002);
#4463=CIRCLE('',#12926,2.40000000000002);
#4464=CIRCLE('',#12927,2.39999999999999);
#4465=CIRCLE('',#12928,2.4);
#4466=VERTEX_POINT('',#16569);
#4467=VERTEX_POINT('',#16570);
#4468=VERTEX_POINT('',#16572);
#4469=VERTEX_POINT('',#16574);
#4470=VERTEX_POINT('',#16578);
#4471=VERTEX_POINT('',#16579);
#4472=VERTEX_POINT('',#16587);
#4473=VERTEX_POINT('',#16588);
#4474=VERTEX_POINT('',#16590);
#4475=VERTEX_POINT('',#16592);
#4476=VERTEX_POINT('',#16604);
#4477=VERTEX_POINT('',#16605);
#4478=VERTEX_POINT('',#16610);
#4479=VERTEX_POINT('',#16611);
#4480=VERTEX_POINT('',#16616);
#4481=VERTEX_POINT('',#16617);
#4482=VERTEX_POINT('',#16622);
#4483=VERTEX_POINT('',#16623);
#4484=VERTEX_POINT('',#16628);
#4485=VERTEX_POINT('',#16629);
#4486=VERTEX_POINT('',#16634);
#4487=VERTEX_POINT('',#16635);
#4488=VERTEX_POINT('',#16648);
#4489=VERTEX_POINT('',#16649);
#4490=VERTEX_POINT('',#16654);
#4491=VERTEX_POINT('',#16659);
#4492=VERTEX_POINT('',#16660);
#4493=VERTEX_POINT('',#16662);
#4494=VERTEX_POINT('',#16664);
#4495=VERTEX_POINT('',#16671);
#4496=VERTEX_POINT('',#16680);
#4497=VERTEX_POINT('',#16682);
#4498=VERTEX_POINT('',#16684);
#4499=VERTEX_POINT('',#16686);
#4500=VERTEX_POINT('',#16690);
#4501=VERTEX_POINT('',#16694);
#4502=VERTEX_POINT('',#16696);
#4503=VERTEX_POINT('',#16698);
#4504=VERTEX_POINT('',#16700);
#4505=VERTEX_POINT('',#16702);
#4506=VERTEX_POINT('',#16704);
#4507=VERTEX_POINT('',#16706);
#4508=VERTEX_POINT('',#16708);
#4509=VERTEX_POINT('',#16710);
#4510=VERTEX_POINT('',#16712);
#4511=VERTEX_POINT('',#16714);
#4512=VERTEX_POINT('',#16716);
#4513=VERTEX_POINT('',#16718);
#4514=VERTEX_POINT('',#16720);
#4515=VERTEX_POINT('',#16722);
#4516=VERTEX_POINT('',#16724);
#4517=VERTEX_POINT('',#16726);
#4518=VERTEX_POINT('',#16728);
#4519=VERTEX_POINT('',#16730);
#4520=VERTEX_POINT('',#16732);
#4521=VERTEX_POINT('',#16734);
#4522=VERTEX_POINT('',#16736);
#4523=VERTEX_POINT('',#16738);
#4524=VERTEX_POINT('',#16740);
#4525=VERTEX_POINT('',#16742);
#4526=VERTEX_POINT('',#16744);
#4527=VERTEX_POINT('',#16746);
#4528=VERTEX_POINT('',#16748);
#4529=VERTEX_POINT('',#16750);
#4530=VERTEX_POINT('',#16752);
#4531=VERTEX_POINT('',#16754);
#4532=VERTEX_POINT('',#16756);
#4533=VERTEX_POINT('',#16758);
#4534=VERTEX_POINT('',#16760);
#4535=VERTEX_POINT('',#16762);
#4536=VERTEX_POINT('',#16764);
#4537=VERTEX_POINT('',#16766);
#4538=VERTEX_POINT('',#16768);
#4539=VERTEX_POINT('',#16770);
#4540=VERTEX_POINT('',#16772);
#4541=VERTEX_POINT('',#16774);
#4542=VERTEX_POINT('',#16776);
#4543=VERTEX_POINT('',#16778);
#4544=VERTEX_POINT('',#16780);
#4545=VERTEX_POINT('',#16782);
#4546=VERTEX_POINT('',#16784);
#4547=VERTEX_POINT('',#16786);
#4548=VERTEX_POINT('',#16788);
#4549=VERTEX_POINT('',#16790);
#4550=VERTEX_POINT('',#16792);
#4551=VERTEX_POINT('',#16794);
#4552=VERTEX_POINT('',#16798);
#4553=VERTEX_POINT('',#16802);
#4554=VERTEX_POINT('',#16804);
#4555=VERTEX_POINT('',#16806);
#4556=VERTEX_POINT('',#16810);
#4557=VERTEX_POINT('',#16814);
#4558=VERTEX_POINT('',#16816);
#4559=VERTEX_POINT('',#16818);
#4560=VERTEX_POINT('',#16820);
#4561=VERTEX_POINT('',#16822);
#4562=VERTEX_POINT('',#16826);
#4563=VERTEX_POINT('',#16830);
#4564=VERTEX_POINT('',#16834);
#4565=VERTEX_POINT('',#16835);
#4566=VERTEX_POINT('',#16837);
#4567=VERTEX_POINT('',#16839);
#4568=VERTEX_POINT('',#16843);
#4569=VERTEX_POINT('',#16844);
#4570=VERTEX_POINT('',#16852);
#4571=VERTEX_POINT('',#16853);
#4572=VERTEX_POINT('',#16855);
#4573=VERTEX_POINT('',#16857);
#4574=VERTEX_POINT('',#16876);
#4575=VERTEX_POINT('',#16881);
#4576=VERTEX_POINT('',#16886);
#4577=VERTEX_POINT('',#16908);
#4578=VERTEX_POINT('',#16909);
#4579=VERTEX_POINT('',#16911);
#4580=VERTEX_POINT('',#16925);
#4581=VERTEX_POINT('',#16926);
#4582=VERTEX_POINT('',#16931);
#4583=VERTEX_POINT('',#16932);
#4584=VERTEX_POINT('',#16937);
#4585=VERTEX_POINT('',#16938);
#4586=VERTEX_POINT('',#16951);
#4587=VERTEX_POINT('',#16985);
#4588=VERTEX_POINT('',#16986);
#4589=VERTEX_POINT('',#16988);
#4590=VERTEX_POINT('',#17001);
#4591=VERTEX_POINT('',#17029);
#4592=VERTEX_POINT('',#17030);
#4593=VERTEX_POINT('',#17032);
#4594=VERTEX_POINT('',#17037);
#4595=VERTEX_POINT('',#17038);
#4596=VERTEX_POINT('',#17048);
#4597=VERTEX_POINT('',#17050);
#4598=VERTEX_POINT('',#17056);
#4599=VERTEX_POINT('',#17060);
#4600=VERTEX_POINT('',#17062);
#4601=VERTEX_POINT('',#17066);
#4602=VERTEX_POINT('',#17068);
#4603=VERTEX_POINT('',#17084);
#4604=VERTEX_POINT('',#17092);
#4605=VERTEX_POINT('',#17094);
#4606=VERTEX_POINT('',#17098);
#4607=VERTEX_POINT('',#17100);
#4608=VERTEX_POINT('',#17104);
#4609=VERTEX_POINT('',#17106);
#4610=VERTEX_POINT('',#17110);
#4611=VERTEX_POINT('',#17112);
#4612=VERTEX_POINT('',#17129);
#4613=VERTEX_POINT('',#17146);
#4614=VERTEX_POINT('',#17150);
#4615=VERTEX_POINT('',#17167);
#4616=VERTEX_POINT('',#17171);
#4617=VERTEX_POINT('',#17177);
#4618=VERTEX_POINT('',#17183);
#4619=VERTEX_POINT('',#17187);
#4620=VERTEX_POINT('',#17191);
#4621=VERTEX_POINT('',#17197);
#4622=VERTEX_POINT('',#17203);
#4623=VERTEX_POINT('',#17207);
#4624=VERTEX_POINT('',#17243);
#4625=VERTEX_POINT('',#17271);
#4626=VERTEX_POINT('',#17272);
#4627=VERTEX_POINT('',#17301);
#4628=VERTEX_POINT('',#17302);
#4629=VERTEX_POINT('',#17331);
#4630=VERTEX_POINT('',#17332);
#4631=VERTEX_POINT('',#17361);
#4632=VERTEX_POINT('',#17362);
#4633=VERTEX_POINT('',#17386);
#4634=VERTEX_POINT('',#17387);
#4635=VERTEX_POINT('',#17407);
#4636=VERTEX_POINT('',#17408);
#4637=VERTEX_POINT('',#17413);
#4638=VERTEX_POINT('',#17417);
#4639=VERTEX_POINT('',#17421);
#4640=VERTEX_POINT('',#17427);
#4641=VERTEX_POINT('',#17431);
#4642=VERTEX_POINT('',#17437);
#4643=VERTEX_POINT('',#17441);
#4644=VERTEX_POINT('',#17445);
#4645=VERTEX_POINT('',#17449);
#4646=VERTEX_POINT('',#17455);
#4647=VERTEX_POINT('',#17459);
#4648=VERTEX_POINT('',#17465);
#4649=VERTEX_POINT('',#17469);
#4650=VERTEX_POINT('',#17473);
#4651=VERTEX_POINT('',#17477);
#4652=VERTEX_POINT('',#17483);
#4653=VERTEX_POINT('',#17487);
#4654=VERTEX_POINT('',#17493);
#4655=VERTEX_POINT('',#17497);
#4656=VERTEX_POINT('',#17503);
#4657=VERTEX_POINT('',#17505);
#4658=VERTEX_POINT('',#17509);
#4659=VERTEX_POINT('',#17513);
#4660=VERTEX_POINT('',#17515);
#4661=VERTEX_POINT('',#17517);
#4662=VERTEX_POINT('',#17523);
#4663=VERTEX_POINT('',#17525);
#4664=VERTEX_POINT('',#17529);
#4665=VERTEX_POINT('',#17533);
#4666=VERTEX_POINT('',#17537);
#4667=VERTEX_POINT('',#17541);
#4668=VERTEX_POINT('',#17545);
#4669=VERTEX_POINT('',#17549);
#4670=VERTEX_POINT('',#17553);
#4671=VERTEX_POINT('',#17557);
#4672=VERTEX_POINT('',#17561);
#4673=VERTEX_POINT('',#17565);
#4674=VERTEX_POINT('',#17569);
#4675=VERTEX_POINT('',#17573);
#4676=VERTEX_POINT('',#17577);
#4677=VERTEX_POINT('',#17585);
#4678=VERTEX_POINT('',#17589);
#4679=VERTEX_POINT('',#17593);
#4680=VERTEX_POINT('',#17597);
#4681=VERTEX_POINT('',#17601);
#4682=VERTEX_POINT('',#17605);
#4683=VERTEX_POINT('',#17609);
#4684=VERTEX_POINT('',#17613);
#4685=VERTEX_POINT('',#17617);
#4686=VERTEX_POINT('',#17621);
#4687=VERTEX_POINT('',#17625);
#4688=VERTEX_POINT('',#17629);
#4689=VERTEX_POINT('',#17631);
#4690=VERTEX_POINT('',#17633);
#4691=VERTEX_POINT('',#17635);
#4692=VERTEX_POINT('',#17637);
#4693=VERTEX_POINT('',#17643);
#4694=VERTEX_POINT('',#17644);
#4695=VERTEX_POINT('',#17646);
#4696=VERTEX_POINT('',#17654);
#4697=VERTEX_POINT('',#17655);
#4698=VERTEX_POINT('',#17660);
#4699=VERTEX_POINT('',#17662);
#4700=VERTEX_POINT('',#17669);
#4701=VERTEX_POINT('',#17671);
#4702=VERTEX_POINT('',#17675);
#4703=VERTEX_POINT('',#17677);
#4704=VERTEX_POINT('',#17684);
#4705=VERTEX_POINT('',#17689);
#4706=VERTEX_POINT('',#17696);
#4707=VERTEX_POINT('',#17700);
#4708=VERTEX_POINT('',#17705);
#4709=VERTEX_POINT('',#17709);
#4710=VERTEX_POINT('',#17713);
#4711=VERTEX_POINT('',#17717);
#4712=VERTEX_POINT('',#17721);
#4713=VERTEX_POINT('',#17725);
#4714=VERTEX_POINT('',#17729);
#4715=VERTEX_POINT('',#17733);
#4716=VERTEX_POINT('',#17737);
#4717=VERTEX_POINT('',#17741);
#4718=VERTEX_POINT('',#17745);
#4719=VERTEX_POINT('',#17749);
#4720=VERTEX_POINT('',#17753);
#4721=VERTEX_POINT('',#17757);
#4722=VERTEX_POINT('',#17761);
#4723=VERTEX_POINT('',#17769);
#4724=VERTEX_POINT('',#17771);
#4725=VERTEX_POINT('',#17773);
#4726=VERTEX_POINT('',#17774);
#4727=VERTEX_POINT('',#17776);
#4728=VERTEX_POINT('',#17778);
#4729=VERTEX_POINT('',#17780);
#4730=VERTEX_POINT('',#17782);
#4731=VERTEX_POINT('',#17784);
#4732=VERTEX_POINT('',#17786);
#4733=VERTEX_POINT('',#17788);
#4734=VERTEX_POINT('',#17790);
#4735=VERTEX_POINT('',#17792);
#4736=VERTEX_POINT('',#17794);
#4737=VERTEX_POINT('',#17796);
#4738=VERTEX_POINT('',#17798);
#4739=VERTEX_POINT('',#17800);
#4740=VERTEX_POINT('',#17802);
#4741=VERTEX_POINT('',#17805);
#4742=VERTEX_POINT('',#17806);
#4743=VERTEX_POINT('',#17808);
#4744=VERTEX_POINT('',#17810);
#4745=VERTEX_POINT('',#17812);
#4746=VERTEX_POINT('',#17814);
#4747=VERTEX_POINT('',#17816);
#4748=VERTEX_POINT('',#17818);
#4749=VERTEX_POINT('',#17820);
#4750=VERTEX_POINT('',#17822);
#4751=VERTEX_POINT('',#17824);
#4752=VERTEX_POINT('',#17826);
#4753=VERTEX_POINT('',#17828);
#4754=VERTEX_POINT('',#17830);
#4755=VERTEX_POINT('',#17833);
#4756=VERTEX_POINT('',#17834);
#4757=VERTEX_POINT('',#17836);
#4758=VERTEX_POINT('',#17838);
#4759=VERTEX_POINT('',#17840);
#4760=VERTEX_POINT('',#17842);
#4761=VERTEX_POINT('',#17844);
#4762=VERTEX_POINT('',#17846);
#4763=VERTEX_POINT('',#17848);
#4764=VERTEX_POINT('',#17851);
#4765=VERTEX_POINT('',#17852);
#4766=VERTEX_POINT('',#17854);
#4767=VERTEX_POINT('',#17856);
#4768=VERTEX_POINT('',#17858);
#4769=VERTEX_POINT('',#17860);
#4770=VERTEX_POINT('',#17862);
#4771=VERTEX_POINT('',#17864);
#4772=VERTEX_POINT('',#17866);
#4773=VERTEX_POINT('',#17868);
#4774=VERTEX_POINT('',#17870);
#4775=VERTEX_POINT('',#17872);
#4776=VERTEX_POINT('',#17875);
#4777=VERTEX_POINT('',#17876);
#4778=VERTEX_POINT('',#17878);
#4779=VERTEX_POINT('',#17880);
#4780=VERTEX_POINT('',#17882);
#4781=VERTEX_POINT('',#17884);
#4782=VERTEX_POINT('',#17886);
#4783=VERTEX_POINT('',#17888);
#4784=VERTEX_POINT('',#17890);
#4785=VERTEX_POINT('',#17892);
#4786=VERTEX_POINT('',#17894);
#4787=VERTEX_POINT('',#17896);
#4788=VERTEX_POINT('',#17899);
#4789=VERTEX_POINT('',#17900);
#4790=VERTEX_POINT('',#17902);
#4791=VERTEX_POINT('',#17904);
#4792=VERTEX_POINT('',#17906);
#4793=VERTEX_POINT('',#17908);
#4794=VERTEX_POINT('',#17910);
#4795=VERTEX_POINT('',#17912);
#4796=VERTEX_POINT('',#17914);
#4797=VERTEX_POINT('',#17916);
#4798=VERTEX_POINT('',#17918);
#4799=VERTEX_POINT('',#17920);
#4800=VERTEX_POINT('',#17923);
#4801=VERTEX_POINT('',#17924);
#4802=VERTEX_POINT('',#17926);
#4803=VERTEX_POINT('',#17928);
#4804=VERTEX_POINT('',#17930);
#4805=VERTEX_POINT('',#17932);
#4806=VERTEX_POINT('',#17934);
#4807=VERTEX_POINT('',#17936);
#4808=VERTEX_POINT('',#17938);
#4809=VERTEX_POINT('',#17940);
#4810=VERTEX_POINT('',#17942);
#4811=VERTEX_POINT('',#17944);
#4812=VERTEX_POINT('',#17947);
#4813=VERTEX_POINT('',#17949);
#4814=VERTEX_POINT('',#17951);
#4815=VERTEX_POINT('',#17953);
#4816=VERTEX_POINT('',#17954);
#4817=VERTEX_POINT('',#17956);
#4818=VERTEX_POINT('',#17958);
#4819=VERTEX_POINT('',#17960);
#4820=VERTEX_POINT('',#17962);
#4821=VERTEX_POINT('',#17964);
#4822=VERTEX_POINT('',#17966);
#4823=VERTEX_POINT('',#17968);
#4824=VERTEX_POINT('',#17971);
#4825=VERTEX_POINT('',#17973);
#4826=VERTEX_POINT('',#17975);
#4827=VERTEX_POINT('',#17976);
#4828=VERTEX_POINT('',#17978);
#4829=VERTEX_POINT('',#17980);
#4830=VERTEX_POINT('',#17982);
#4831=VERTEX_POINT('',#17984);
#4832=VERTEX_POINT('',#17986);
#4833=VERTEX_POINT('',#17988);
#4834=VERTEX_POINT('',#17990);
#4835=VERTEX_POINT('',#17992);
#4836=VERTEX_POINT('',#17994);
#4837=VERTEX_POINT('',#17996);
#4838=VERTEX_POINT('',#17999);
#4839=VERTEX_POINT('',#18000);
#4840=VERTEX_POINT('',#18002);
#4841=VERTEX_POINT('',#18004);
#4842=VERTEX_POINT('',#18006);
#4843=VERTEX_POINT('',#18008);
#4844=VERTEX_POINT('',#18010);
#4845=VERTEX_POINT('',#18012);
#4846=VERTEX_POINT('',#18014);
#4847=VERTEX_POINT('',#18016);
#4848=VERTEX_POINT('',#18018);
#4849=VERTEX_POINT('',#18020);
#4850=VERTEX_POINT('',#18023);
#4851=VERTEX_POINT('',#18024);
#4852=VERTEX_POINT('',#18026);
#4853=VERTEX_POINT('',#18028);
#4854=VERTEX_POINT('',#18030);
#4855=VERTEX_POINT('',#18032);
#4856=VERTEX_POINT('',#18034);
#4857=VERTEX_POINT('',#18036);
#4858=VERTEX_POINT('',#18038);
#4859=VERTEX_POINT('',#18040);
#4860=VERTEX_POINT('',#18042);
#4861=VERTEX_POINT('',#18044);
#4862=VERTEX_POINT('',#18046);
#4863=VERTEX_POINT('',#18049);
#4864=VERTEX_POINT('',#18050);
#4865=VERTEX_POINT('',#18052);
#4866=VERTEX_POINT('',#18054);
#4867=VERTEX_POINT('',#18056);
#4868=VERTEX_POINT('',#18058);
#4869=VERTEX_POINT('',#18060);
#4870=VERTEX_POINT('',#18062);
#4871=VERTEX_POINT('',#18064);
#4872=VERTEX_POINT('',#18067);
#4873=VERTEX_POINT('',#18068);
#4874=VERTEX_POINT('',#18070);
#4875=VERTEX_POINT('',#18072);
#4876=VERTEX_POINT('',#18074);
#4877=VERTEX_POINT('',#18076);
#4878=VERTEX_POINT('',#18078);
#4879=VERTEX_POINT('',#18080);
#4880=VERTEX_POINT('',#18082);
#4881=VERTEX_POINT('',#18084);
#4882=VERTEX_POINT('',#18086);
#4883=VERTEX_POINT('',#18088);
#4884=VERTEX_POINT('',#18090);
#4885=VERTEX_POINT('',#18092);
#4886=VERTEX_POINT('',#18094);
#4887=VERTEX_POINT('',#18097);
#4888=VERTEX_POINT('',#18098);
#4889=VERTEX_POINT('',#18100);
#4890=VERTEX_POINT('',#18102);
#4891=VERTEX_POINT('',#18104);
#4892=VERTEX_POINT('',#18106);
#4893=VERTEX_POINT('',#18108);
#4894=VERTEX_POINT('',#18110);
#4895=VERTEX_POINT('',#18112);
#4896=VERTEX_POINT('',#18114);
#4897=VERTEX_POINT('',#18116);
#4898=VERTEX_POINT('',#18119);
#4899=VERTEX_POINT('',#18120);
#4900=VERTEX_POINT('',#18122);
#4901=VERTEX_POINT('',#18124);
#4902=VERTEX_POINT('',#18126);
#4903=VERTEX_POINT('',#18128);
#4904=VERTEX_POINT('',#18130);
#4905=VERTEX_POINT('',#18132);
#4906=VERTEX_POINT('',#18134);
#4907=VERTEX_POINT('',#18136);
#4908=VERTEX_POINT('',#18138);
#4909=VERTEX_POINT('',#18141);
#4910=VERTEX_POINT('',#18142);
#4911=VERTEX_POINT('',#18144);
#4912=VERTEX_POINT('',#18146);
#4913=VERTEX_POINT('',#18148);
#4914=VERTEX_POINT('',#18150);
#4915=VERTEX_POINT('',#18152);
#4916=VERTEX_POINT('',#18154);
#4917=VERTEX_POINT('',#18156);
#4918=VERTEX_POINT('',#18158);
#4919=VERTEX_POINT('',#18160);
#4920=VERTEX_POINT('',#18162);
#4921=VERTEX_POINT('',#18165);
#4922=VERTEX_POINT('',#18166);
#4923=VERTEX_POINT('',#18168);
#4924=VERTEX_POINT('',#18170);
#4925=VERTEX_POINT('',#18172);
#4926=VERTEX_POINT('',#18174);
#4927=VERTEX_POINT('',#18176);
#4928=VERTEX_POINT('',#18178);
#4929=VERTEX_POINT('',#18180);
#4930=VERTEX_POINT('',#18182);
#4931=VERTEX_POINT('',#18184);
#4932=VERTEX_POINT('',#18186);
#4933=VERTEX_POINT('',#18188);
#4934=VERTEX_POINT('',#18191);
#4935=VERTEX_POINT('',#18192);
#4936=VERTEX_POINT('',#18194);
#4937=VERTEX_POINT('',#18196);
#4938=VERTEX_POINT('',#18198);
#4939=VERTEX_POINT('',#18200);
#4940=VERTEX_POINT('',#18202);
#4941=VERTEX_POINT('',#18204);
#4942=VERTEX_POINT('',#18206);
#4943=VERTEX_POINT('',#18208);
#4944=VERTEX_POINT('',#18210);
#4945=VERTEX_POINT('',#18212);
#4946=VERTEX_POINT('',#18215);
#4947=VERTEX_POINT('',#18216);
#4948=VERTEX_POINT('',#18218);
#4949=VERTEX_POINT('',#18220);
#4950=VERTEX_POINT('',#18222);
#4951=VERTEX_POINT('',#18224);
#4952=VERTEX_POINT('',#18226);
#4953=VERTEX_POINT('',#18228);
#4954=VERTEX_POINT('',#18230);
#4955=VERTEX_POINT('',#18232);
#4956=VERTEX_POINT('',#18234);
#4957=VERTEX_POINT('',#18236);
#4958=VERTEX_POINT('',#18239);
#4959=VERTEX_POINT('',#18240);
#4960=VERTEX_POINT('',#18242);
#4961=VERTEX_POINT('',#18244);
#4962=VERTEX_POINT('',#18246);
#4963=VERTEX_POINT('',#18248);
#4964=VERTEX_POINT('',#18250);
#4965=VERTEX_POINT('',#18252);
#4966=VERTEX_POINT('',#18254);
#4967=VERTEX_POINT('',#18256);
#4968=VERTEX_POINT('',#18258);
#4969=VERTEX_POINT('',#18260);
#4970=VERTEX_POINT('',#18262);
#4971=VERTEX_POINT('',#18264);
#4972=VERTEX_POINT('',#18267);
#4973=VERTEX_POINT('',#18268);
#4974=VERTEX_POINT('',#18270);
#4975=VERTEX_POINT('',#18272);
#4976=VERTEX_POINT('',#18274);
#4977=VERTEX_POINT('',#18276);
#4978=VERTEX_POINT('',#18278);
#4979=VERTEX_POINT('',#18280);
#4980=VERTEX_POINT('',#18282);
#4981=VERTEX_POINT('',#18284);
#4982=VERTEX_POINT('',#18286);
#4983=VERTEX_POINT('',#18288);
#4984=VERTEX_POINT('',#18291);
#4985=VERTEX_POINT('',#18292);
#4986=VERTEX_POINT('',#18294);
#4987=VERTEX_POINT('',#18296);
#4988=VERTEX_POINT('',#18298);
#4989=VERTEX_POINT('',#18300);
#4990=VERTEX_POINT('',#18302);
#4991=VERTEX_POINT('',#18304);
#4992=VERTEX_POINT('',#18306);
#4993=VERTEX_POINT('',#18308);
#4994=VERTEX_POINT('',#18310);
#4995=VERTEX_POINT('',#18312);
#4996=VERTEX_POINT('',#18315);
#4997=VERTEX_POINT('',#18316);
#4998=VERTEX_POINT('',#18318);
#4999=VERTEX_POINT('',#18320);
#5000=VERTEX_POINT('',#18322);
#5001=VERTEX_POINT('',#18324);
#5002=VERTEX_POINT('',#18326);
#5003=VERTEX_POINT('',#18328);
#5004=VERTEX_POINT('',#18330);
#5005=VERTEX_POINT('',#18332);
#5006=VERTEX_POINT('',#18334);
#5007=VERTEX_POINT('',#18336);
#5008=VERTEX_POINT('',#18338);
#5009=VERTEX_POINT('',#18341);
#5010=VERTEX_POINT('',#18342);
#5011=VERTEX_POINT('',#18344);
#5012=VERTEX_POINT('',#18346);
#5013=VERTEX_POINT('',#18348);
#5014=VERTEX_POINT('',#18350);
#5015=VERTEX_POINT('',#18352);
#5016=VERTEX_POINT('',#18354);
#5017=VERTEX_POINT('',#18356);
#5018=VERTEX_POINT('',#18358);
#5019=VERTEX_POINT('',#18361);
#5020=VERTEX_POINT('',#18362);
#5021=VERTEX_POINT('',#18364);
#5022=VERTEX_POINT('',#18366);
#5023=VERTEX_POINT('',#18368);
#5024=VERTEX_POINT('',#18370);
#5025=VERTEX_POINT('',#18372);
#5026=VERTEX_POINT('',#18374);
#5027=VERTEX_POINT('',#18376);
#5028=VERTEX_POINT('',#18378);
#5029=VERTEX_POINT('',#18380);
#5030=VERTEX_POINT('',#18382);
#5031=VERTEX_POINT('',#18385);
#5032=VERTEX_POINT('',#18386);
#5033=VERTEX_POINT('',#18388);
#5034=VERTEX_POINT('',#18390);
#5035=VERTEX_POINT('',#18392);
#5036=VERTEX_POINT('',#18394);
#5037=VERTEX_POINT('',#18396);
#5038=VERTEX_POINT('',#18398);
#5039=VERTEX_POINT('',#18400);
#5040=VERTEX_POINT('',#18402);
#5041=VERTEX_POINT('',#18405);
#5042=VERTEX_POINT('',#18406);
#5043=VERTEX_POINT('',#18408);
#5044=VERTEX_POINT('',#18410);
#5045=VERTEX_POINT('',#18412);
#5046=VERTEX_POINT('',#18414);
#5047=VERTEX_POINT('',#18416);
#5048=VERTEX_POINT('',#18418);
#5049=VERTEX_POINT('',#18420);
#5050=VERTEX_POINT('',#18422);
#5051=VERTEX_POINT('',#18425);
#5052=VERTEX_POINT('',#18426);
#5053=VERTEX_POINT('',#18428);
#5054=VERTEX_POINT('',#18430);
#5055=VERTEX_POINT('',#18432);
#5056=VERTEX_POINT('',#18434);
#5057=VERTEX_POINT('',#18436);
#5058=VERTEX_POINT('',#18438);
#5059=VERTEX_POINT('',#18440);
#5060=VERTEX_POINT('',#18442);
#5061=VERTEX_POINT('',#18445);
#5062=VERTEX_POINT('',#18446);
#5063=VERTEX_POINT('',#18448);
#5064=VERTEX_POINT('',#18450);
#5065=VERTEX_POINT('',#18452);
#5066=VERTEX_POINT('',#18454);
#5067=VERTEX_POINT('',#18456);
#5068=VERTEX_POINT('',#18458);
#5069=VERTEX_POINT('',#18460);
#5070=VERTEX_POINT('',#18462);
#5071=VERTEX_POINT('',#18465);
#5072=VERTEX_POINT('',#18466);
#5073=VERTEX_POINT('',#18468);
#5074=VERTEX_POINT('',#18470);
#5075=VERTEX_POINT('',#18472);
#5076=VERTEX_POINT('',#18474);
#5077=VERTEX_POINT('',#18476);
#5078=VERTEX_POINT('',#18478);
#5079=VERTEX_POINT('',#18481);
#5080=VERTEX_POINT('',#18482);
#5081=VERTEX_POINT('',#18484);
#5082=VERTEX_POINT('',#18486);
#5083=VERTEX_POINT('',#18488);
#5084=VERTEX_POINT('',#18490);
#5085=VERTEX_POINT('',#18492);
#5086=VERTEX_POINT('',#18494);
#5087=VERTEX_POINT('',#18496);
#5088=VERTEX_POINT('',#18498);
#5089=VERTEX_POINT('',#18500);
#5090=VERTEX_POINT('',#18502);
#5091=VERTEX_POINT('',#18505);
#5092=VERTEX_POINT('',#18506);
#5093=VERTEX_POINT('',#18508);
#5094=VERTEX_POINT('',#18510);
#5095=VERTEX_POINT('',#18512);
#5096=VERTEX_POINT('',#18514);
#5097=VERTEX_POINT('',#18516);
#5098=VERTEX_POINT('',#18518);
#5099=VERTEX_POINT('',#18520);
#5100=VERTEX_POINT('',#18522);
#5101=VERTEX_POINT('',#18524);
#5102=VERTEX_POINT('',#18526);
#5103=VERTEX_POINT('',#18530);
#5104=VERTEX_POINT('',#18533);
#5105=VERTEX_POINT('',#18536);
#5106=VERTEX_POINT('',#18539);
#5107=VERTEX_POINT('',#18542);
#5108=VERTEX_POINT('',#18545);
#5109=VERTEX_POINT('',#18547);
#5110=VERTEX_POINT('',#18551);
#5111=VERTEX_POINT('',#18555);
#5112=VERTEX_POINT('',#18559);
#5113=VERTEX_POINT('',#18563);
#5114=VERTEX_POINT('',#18567);
#5115=VERTEX_POINT('',#18571);
#5116=VERTEX_POINT('',#18575);
#5117=VERTEX_POINT('',#18579);
#5118=VERTEX_POINT('',#18581);
#5119=VERTEX_POINT('',#18585);
#5120=VERTEX_POINT('',#18589);
#5121=VERTEX_POINT('',#18593);
#5122=VERTEX_POINT('',#18597);
#5123=VERTEX_POINT('',#18601);
#5124=VERTEX_POINT('',#18605);
#5125=VERTEX_POINT('',#18609);
#5126=VERTEX_POINT('',#18611);
#5127=VERTEX_POINT('',#18615);
#5128=VERTEX_POINT('',#18619);
#5129=VERTEX_POINT('',#18623);
#5130=VERTEX_POINT('',#18626);
#5131=VERTEX_POINT('',#18630);
#5132=VERTEX_POINT('',#18632);
#5133=VERTEX_POINT('',#18636);
#5134=VERTEX_POINT('',#18640);
#5135=VERTEX_POINT('',#18644);
#5136=VERTEX_POINT('',#18648);
#5137=VERTEX_POINT('',#18652);
#5138=VERTEX_POINT('',#18656);
#5139=VERTEX_POINT('',#18658);
#5140=VERTEX_POINT('',#18662);
#5141=VERTEX_POINT('',#18666);
#5142=VERTEX_POINT('',#18670);
#5143=VERTEX_POINT('',#18674);
#5144=VERTEX_POINT('',#18678);
#5145=VERTEX_POINT('',#18682);
#5146=VERTEX_POINT('',#18684);
#5147=VERTEX_POINT('',#18688);
#5148=VERTEX_POINT('',#18692);
#5149=VERTEX_POINT('',#18696);
#5150=VERTEX_POINT('',#18700);
#5151=VERTEX_POINT('',#18704);
#5152=VERTEX_POINT('',#18708);
#5153=VERTEX_POINT('',#18710);
#5154=VERTEX_POINT('',#18714);
#5155=VERTEX_POINT('',#18718);
#5156=VERTEX_POINT('',#18722);
#5157=VERTEX_POINT('',#18726);
#5158=VERTEX_POINT('',#18730);
#5159=VERTEX_POINT('',#18734);
#5160=VERTEX_POINT('',#18736);
#5161=VERTEX_POINT('',#18740);
#5162=VERTEX_POINT('',#18744);
#5163=VERTEX_POINT('',#18748);
#5164=VERTEX_POINT('',#18752);
#5165=VERTEX_POINT('',#18756);
#5166=VERTEX_POINT('',#18758);
#5167=VERTEX_POINT('',#18762);
#5168=VERTEX_POINT('',#18766);
#5169=VERTEX_POINT('',#18770);
#5170=VERTEX_POINT('',#18774);
#5171=VERTEX_POINT('',#18778);
#5172=VERTEX_POINT('',#18782);
#5173=VERTEX_POINT('',#18784);
#5174=VERTEX_POINT('',#18788);
#5175=VERTEX_POINT('',#18792);
#5176=VERTEX_POINT('',#18796);
#5177=VERTEX_POINT('',#18800);
#5178=VERTEX_POINT('',#18804);
#5179=VERTEX_POINT('',#18808);
#5180=VERTEX_POINT('',#18810);
#5181=VERTEX_POINT('',#18814);
#5182=VERTEX_POINT('',#18818);
#5183=VERTEX_POINT('',#18822);
#5184=VERTEX_POINT('',#18826);
#5185=VERTEX_POINT('',#18830);
#5186=VERTEX_POINT('',#18834);
#5187=VERTEX_POINT('',#18838);
#5188=VERTEX_POINT('',#18840);
#5189=VERTEX_POINT('',#18844);
#5190=VERTEX_POINT('',#18848);
#5191=VERTEX_POINT('',#18852);
#5192=VERTEX_POINT('',#18856);
#5193=VERTEX_POINT('',#18860);
#5194=VERTEX_POINT('',#18862);
#5195=VERTEX_POINT('',#18866);
#5196=VERTEX_POINT('',#18870);
#5197=VERTEX_POINT('',#18874);
#5198=VERTEX_POINT('',#18878);
#5199=VERTEX_POINT('',#18882);
#5200=VERTEX_POINT('',#18886);
#5201=VERTEX_POINT('',#18890);
#5202=VERTEX_POINT('',#18894);
#5203=VERTEX_POINT('',#18896);
#5204=VERTEX_POINT('',#18900);
#5205=VERTEX_POINT('',#18904);
#5206=VERTEX_POINT('',#18908);
#5207=VERTEX_POINT('',#18912);
#5208=VERTEX_POINT('',#18916);
#5209=VERTEX_POINT('',#18918);
#5210=VERTEX_POINT('',#18922);
#5211=VERTEX_POINT('',#18926);
#5212=VERTEX_POINT('',#18930);
#5213=VERTEX_POINT('',#18933);
#5214=VERTEX_POINT('',#18935);
#5215=VERTEX_POINT('',#18939);
#5216=VERTEX_POINT('',#18943);
#5217=VERTEX_POINT('',#18947);
#5218=VERTEX_POINT('',#18949);
#5219=VERTEX_POINT('',#18953);
#5220=VERTEX_POINT('',#18957);
#5221=VERTEX_POINT('',#18961);
#5222=VERTEX_POINT('',#18965);
#5223=VERTEX_POINT('',#18969);
#5224=VERTEX_POINT('',#18973);
#5225=VERTEX_POINT('',#18975);
#5226=VERTEX_POINT('',#18979);
#5227=VERTEX_POINT('',#18983);
#5228=VERTEX_POINT('',#18987);
#5229=VERTEX_POINT('',#18991);
#5230=VERTEX_POINT('',#18995);
#5231=VERTEX_POINT('',#18999);
#5232=VERTEX_POINT('',#19003);
#5233=VERTEX_POINT('',#19005);
#5234=VERTEX_POINT('',#19009);
#5235=VERTEX_POINT('',#19013);
#5236=VERTEX_POINT('',#19017);
#5237=VERTEX_POINT('',#19021);
#5238=VERTEX_POINT('',#19025);
#5239=VERTEX_POINT('',#19029);
#5240=VERTEX_POINT('',#19031);
#5241=VERTEX_POINT('',#19035);
#5242=VERTEX_POINT('',#19039);
#5243=VERTEX_POINT('',#19043);
#5244=VERTEX_POINT('',#19047);
#5245=VERTEX_POINT('',#19051);
#5246=VERTEX_POINT('',#19055);
#5247=VERTEX_POINT('',#19057);
#5248=VERTEX_POINT('',#19061);
#5249=VERTEX_POINT('',#19065);
#5250=VERTEX_POINT('',#19069);
#5251=VERTEX_POINT('',#19073);
#5252=VERTEX_POINT('',#19077);
#5253=VERTEX_POINT('',#19081);
#5254=VERTEX_POINT('',#19085);
#5255=VERTEX_POINT('',#19087);
#5256=VERTEX_POINT('',#19091);
#5257=VERTEX_POINT('',#19095);
#5258=VERTEX_POINT('',#19099);
#5259=VERTEX_POINT('',#19103);
#5260=VERTEX_POINT('',#19107);
#5261=VERTEX_POINT('',#19111);
#5262=VERTEX_POINT('',#19113);
#5263=VERTEX_POINT('',#19117);
#5264=VERTEX_POINT('',#19121);
#5265=VERTEX_POINT('',#19125);
#5266=VERTEX_POINT('',#19129);
#5267=VERTEX_POINT('',#19133);
#5268=VERTEX_POINT('',#19137);
#5269=VERTEX_POINT('',#19139);
#5270=VERTEX_POINT('',#19143);
#5271=VERTEX_POINT('',#19147);
#5272=VERTEX_POINT('',#19151);
#5273=VERTEX_POINT('',#19153);
#5274=VERTEX_POINT('',#19157);
#5275=VERTEX_POINT('',#19161);
#5276=VERTEX_POINT('',#19165);
#5277=VERTEX_POINT('',#19167);
#5278=VERTEX_POINT('',#19171);
#5279=VERTEX_POINT('',#19175);
#5280=VERTEX_POINT('',#19179);
#5281=VERTEX_POINT('',#19183);
#5282=VERTEX_POINT('',#19188);
#5283=VERTEX_POINT('',#19190);
#5284=VERTEX_POINT('',#19192);
#5285=VERTEX_POINT('',#19196);
#5286=VERTEX_POINT('',#19198);
#5287=VERTEX_POINT('',#19202);
#5288=VERTEX_POINT('',#19206);
#5289=VERTEX_POINT('',#19210);
#5290=VERTEX_POINT('',#19214);
#5291=VERTEX_POINT('',#19218);
#5292=VERTEX_POINT('',#19222);
#5293=VERTEX_POINT('',#19224);
#5294=VERTEX_POINT('',#19228);
#5295=VERTEX_POINT('',#19232);
#5296=VERTEX_POINT('',#19236);
#5297=VERTEX_POINT('',#19240);
#5298=VERTEX_POINT('',#19244);
#5299=VERTEX_POINT('',#19246);
#5300=VERTEX_POINT('',#19250);
#5301=VERTEX_POINT('',#19254);
#5302=VERTEX_POINT('',#19258);
#5303=VERTEX_POINT('',#19262);
#5304=VERTEX_POINT('',#19266);
#5305=VERTEX_POINT('',#19268);
#5306=VERTEX_POINT('',#19272);
#5307=VERTEX_POINT('',#19276);
#5308=VERTEX_POINT('',#19280);
#5309=VERTEX_POINT('',#19284);
#5310=VERTEX_POINT('',#19288);
#5311=VERTEX_POINT('',#19290);
#5312=VERTEX_POINT('',#19294);
#5313=VERTEX_POINT('',#19298);
#5314=VERTEX_POINT('',#19302);
#5315=VERTEX_POINT('',#19306);
#5316=VERTEX_POINT('',#19310);
#5317=VERTEX_POINT('',#19312);
#5318=VERTEX_POINT('',#19316);
#5319=VERTEX_POINT('',#19320);
#5320=VERTEX_POINT('',#19324);
#5321=VERTEX_POINT('',#19328);
#5322=VERTEX_POINT('',#19330);
#5323=VERTEX_POINT('',#19334);
#5324=VERTEX_POINT('',#19338);
#5325=VERTEX_POINT('',#19342);
#5326=VERTEX_POINT('',#19346);
#5327=VERTEX_POINT('',#19350);
#5328=VERTEX_POINT('',#19354);
#5329=VERTEX_POINT('',#19356);
#5330=VERTEX_POINT('',#19360);
#5331=VERTEX_POINT('',#19364);
#5332=VERTEX_POINT('',#19368);
#5333=VERTEX_POINT('',#19372);
#5334=VERTEX_POINT('',#19376);
#5335=VERTEX_POINT('',#19390);
#5336=VERTEX_POINT('',#19392);
#5337=VERTEX_POINT('',#19394);
#5338=VERTEX_POINT('',#19398);
#5339=VERTEX_POINT('',#19401);
#5340=VERTEX_POINT('',#19404);
#5341=VERTEX_POINT('',#19407);
#5342=VERTEX_POINT('',#19410);
#5343=VERTEX_POINT('',#19413);
#5344=VERTEX_POINT('',#19416);
#5345=VERTEX_POINT('',#19419);
#5346=VERTEX_POINT('',#19423);
#5347=VERTEX_POINT('',#19428);
#5348=VERTEX_POINT('',#19429);
#5349=VERTEX_POINT('',#19431);
#5350=VERTEX_POINT('',#19433);
#5351=VERTEX_POINT('',#19437);
#5352=VERTEX_POINT('',#19439);
#5353=VERTEX_POINT('',#19443);
#5354=VERTEX_POINT('',#19445);
#5355=VERTEX_POINT('',#19449);
#5356=VERTEX_POINT('',#19450);
#5357=VERTEX_POINT('',#19452);
#5358=VERTEX_POINT('',#19454);
#5359=VERTEX_POINT('',#19458);
#5360=VERTEX_POINT('',#19459);
#5361=VERTEX_POINT('',#19461);
#5362=VERTEX_POINT('',#19463);
#5363=VERTEX_POINT('',#19467);
#5364=VERTEX_POINT('',#19469);
#5365=VERTEX_POINT('',#19471);
#5366=VERTEX_POINT('',#19476);
#5367=VERTEX_POINT('',#19478);
#5368=VERTEX_POINT('',#19482);
#5369=VERTEX_POINT('',#19485);
#5370=VERTEX_POINT('',#19489);
#5371=VERTEX_POINT('',#19495);
#5372=VERTEX_POINT('',#19497);
#5373=VERTEX_POINT('',#19501);
#5374=VERTEX_POINT('',#19504);
#5375=VERTEX_POINT('',#19508);
#5376=VERTEX_POINT('',#19514);
#5377=VERTEX_POINT('',#19516);
#5378=VERTEX_POINT('',#19520);
#5379=VERTEX_POINT('',#19523);
#5380=VERTEX_POINT('',#19527);
#5381=VERTEX_POINT('',#19533);
#5382=VERTEX_POINT('',#19535);
#5383=VERTEX_POINT('',#19539);
#5384=VERTEX_POINT('',#19544);
#5385=VERTEX_POINT('',#19548);
#5386=VERTEX_POINT('',#19552);
#5387=VERTEX_POINT('',#19554);
#5388=VERTEX_POINT('',#19558);
#5389=VERTEX_POINT('',#19561);
#5390=VERTEX_POINT('',#19565);
#5391=VERTEX_POINT('',#19574);
#5392=VERTEX_POINT('',#19578);
#5393=VERTEX_POINT('',#19582);
#5394=VERTEX_POINT('',#19584);
#5395=VERTEX_POINT('',#19586);
#5396=VERTEX_POINT('',#19590);
#5397=VERTEX_POINT('',#19592);
#5398=VERTEX_POINT('',#19598);
#5399=VERTEX_POINT('',#19600);
#5400=VERTEX_POINT('',#19602);
#5401=VERTEX_POINT('',#19604);
#5402=VERTEX_POINT('',#19608);
#5403=VERTEX_POINT('',#19612);
#5404=VERTEX_POINT('',#19616);
#5405=VERTEX_POINT('',#19620);
#5406=VERTEX_POINT('',#19624);
#5407=VERTEX_POINT('',#19628);
#5408=VERTEX_POINT('',#19632);
#5409=VERTEX_POINT('',#19636);
#5410=VERTEX_POINT('',#19640);
#5411=VERTEX_POINT('',#19644);
#5412=VERTEX_POINT('',#19648);
#5413=VERTEX_POINT('',#19650);
#5414=VERTEX_POINT('',#19654);
#5415=VERTEX_POINT('',#19658);
#5416=VERTEX_POINT('',#19662);
#5417=VERTEX_POINT('',#19664);
#5418=VERTEX_POINT('',#19668);
#5419=VERTEX_POINT('',#19672);
#5420=VERTEX_POINT('',#19676);
#5421=VERTEX_POINT('',#19680);
#5422=VERTEX_POINT('',#19684);
#5423=VERTEX_POINT('',#19686);
#5424=VERTEX_POINT('',#19690);
#5425=VERTEX_POINT('',#19692);
#5426=VERTEX_POINT('',#19696);
#5427=VERTEX_POINT('',#19700);
#5428=VERTEX_POINT('',#19704);
#5429=VERTEX_POINT('',#19708);
#5430=VERTEX_POINT('',#19712);
#5431=VERTEX_POINT('',#19716);
#5432=VERTEX_POINT('',#19720);
#5433=VERTEX_POINT('',#19726);
#5434=VERTEX_POINT('',#19728);
#5435=VERTEX_POINT('',#19732);
#5436=VERTEX_POINT('',#19734);
#5437=VERTEX_POINT('',#19736);
#5438=VERTEX_POINT('',#19738);
#5439=VERTEX_POINT('',#19740);
#5440=VERTEX_POINT('',#19745);
#5441=VERTEX_POINT('',#19747);
#5442=VERTEX_POINT('',#19752);
#5443=VERTEX_POINT('',#19754);
#5444=VERTEX_POINT('',#19758);
#5445=VERTEX_POINT('',#19765);
#5446=VERTEX_POINT('',#19767);
#5447=VERTEX_POINT('',#19770);
#5448=VERTEX_POINT('',#19772);
#5449=VERTEX_POINT('',#19774);
#5450=VERTEX_POINT('',#19776);
#5451=VERTEX_POINT('',#19779);
#5452=VERTEX_POINT('',#19781);
#5453=VERTEX_POINT('',#19783);
#5454=VERTEX_POINT('',#19785);
#5455=VERTEX_POINT('',#19787);
#5456=VERTEX_POINT('',#19790);
#5457=VERTEX_POINT('',#19792);
#5458=VERTEX_POINT('',#19794);
#5459=VERTEX_POINT('',#19796);
#5460=VERTEX_POINT('',#19798);
#5461=VERTEX_POINT('',#19801);
#5462=VERTEX_POINT('',#19803);
#5463=VERTEX_POINT('',#19805);
#5464=VERTEX_POINT('',#19807);
#5465=VERTEX_POINT('',#19809);
#5466=VERTEX_POINT('',#19812);
#5467=VERTEX_POINT('',#19814);
#5468=VERTEX_POINT('',#19816);
#5469=VERTEX_POINT('',#19819);
#5470=VERTEX_POINT('',#19821);
#5471=VERTEX_POINT('',#19823);
#5472=VERTEX_POINT('',#19826);
#5473=VERTEX_POINT('',#19828);
#5474=VERTEX_POINT('',#19830);
#5475=VERTEX_POINT('',#19833);
#5476=VERTEX_POINT('',#19835);
#5477=VERTEX_POINT('',#19837);
#5478=VERTEX_POINT('',#19840);
#5479=VERTEX_POINT('',#19842);
#5480=VERTEX_POINT('',#19844);
#5481=VERTEX_POINT('',#19847);
#5482=VERTEX_POINT('',#19849);
#5483=VERTEX_POINT('',#19851);
#5484=VERTEX_POINT('',#19853);
#5485=VERTEX_POINT('',#19855);
#5486=VERTEX_POINT('',#19858);
#5487=VERTEX_POINT('',#19860);
#5488=VERTEX_POINT('',#19862);
#5489=VERTEX_POINT('',#19864);
#5490=VERTEX_POINT('',#19866);
#5491=VERTEX_POINT('',#19869);
#5492=VERTEX_POINT('',#19870);
#5493=VERTEX_POINT('',#19872);
#5494=VERTEX_POINT('',#19874);
#5495=VERTEX_POINT('',#19876);
#5496=VERTEX_POINT('',#19880);
#5497=VERTEX_POINT('',#19882);
#5498=VERTEX_POINT('',#19884);
#5499=VERTEX_POINT('',#19886);
#5500=VERTEX_POINT('',#19888);
#5501=VERTEX_POINT('',#19890);
#5502=VERTEX_POINT('',#19893);
#5503=VERTEX_POINT('',#19895);
#5504=VERTEX_POINT('',#19897);
#5505=VERTEX_POINT('',#19899);
#5506=VERTEX_POINT('',#19901);
#5507=VERTEX_POINT('',#19904);
#5508=VERTEX_POINT('',#19906);
#5509=VERTEX_POINT('',#19908);
#5510=VERTEX_POINT('',#19910);
#5511=VERTEX_POINT('',#19912);
#5512=VERTEX_POINT('',#19916);
#5513=VERTEX_POINT('',#19919);
#5514=VERTEX_POINT('',#19921);
#5515=VERTEX_POINT('',#19923);
#5516=VERTEX_POINT('',#19925);
#5517=VERTEX_POINT('',#19927);
#5518=VERTEX_POINT('',#19930);
#5519=VERTEX_POINT('',#19932);
#5520=VERTEX_POINT('',#19934);
#5521=VERTEX_POINT('',#19936);
#5522=VERTEX_POINT('',#19938);
#5523=VERTEX_POINT('',#19941);
#5524=VERTEX_POINT('',#19943);
#5525=VERTEX_POINT('',#19945);
#5526=VERTEX_POINT('',#19947);
#5527=VERTEX_POINT('',#19949);
#5528=VERTEX_POINT('',#19951);
#5529=VERTEX_POINT('',#19954);
#5530=VERTEX_POINT('',#19958);
#5531=VERTEX_POINT('',#19960);
#5532=VERTEX_POINT('',#19962);
#5533=VERTEX_POINT('',#19964);
#5534=VERTEX_POINT('',#19966);
#5535=VERTEX_POINT('',#19969);
#5536=VERTEX_POINT('',#19971);
#5537=VERTEX_POINT('',#19973);
#5538=VERTEX_POINT('',#19975);
#5539=VERTEX_POINT('',#19977);
#5540=VERTEX_POINT('',#19980);
#5541=VERTEX_POINT('',#19982);
#5542=VERTEX_POINT('',#19984);
#5543=VERTEX_POINT('',#19986);
#5544=VERTEX_POINT('',#19988);
#5545=VERTEX_POINT('',#20267);
#5546=VERTEX_POINT('',#20269);
#5547=VERTEX_POINT('',#20271);
#5548=VERTEX_POINT('',#20273);
#5549=VERTEX_POINT('',#20275);
#5550=VERTEX_POINT('',#20277);
#5551=VERTEX_POINT('',#20279);
#5552=VERTEX_POINT('',#20281);
#5553=VERTEX_POINT('',#20283);
#5554=VERTEX_POINT('',#20285);
#5555=VERTEX_POINT('',#20287);
#5556=VERTEX_POINT('',#20289);
#5557=VERTEX_POINT('',#20291);
#5558=VERTEX_POINT('',#20293);
#5559=VERTEX_POINT('',#20295);
#5560=VERTEX_POINT('',#20297);
#5561=VERTEX_POINT('',#20299);
#5562=VERTEX_POINT('',#20302);
#5563=EDGE_CURVE('',#4466,#4467,#3802,.T.);
#5564=EDGE_CURVE('',#4467,#4468,#1776,.T.);
#5565=EDGE_CURVE('',#4468,#4469,#3803,.T.);
#5566=EDGE_CURVE('',#4469,#4466,#1777,.T.);
#5567=EDGE_CURVE('',#4470,#4471,#393,.F.);
#5568=EDGE_CURVE('',#4471,#4469,#3804,.T.);
#5569=EDGE_CURVE('',#4468,#4470,#3805,.T.);
#5570=EDGE_CURVE('',#4472,#4473,#3806,.T.);
#5571=EDGE_CURVE('',#4473,#4474,#1778,.T.);
#5572=EDGE_CURVE('',#4474,#4475,#3807,.T.);
#5573=EDGE_CURVE('',#4475,#4472,#1779,.T.);
#5574=EDGE_CURVE('',#4476,#4477,#3808,.T.);
#5575=EDGE_CURVE('',#4477,#4475,#3809,.T.);
#5576=EDGE_CURVE('',#4474,#4476,#3810,.T.);
#5577=EDGE_CURVE('',#4478,#4479,#3811,.T.);
#5578=EDGE_CURVE('',#4479,#4477,#1780,.T.);
#5579=EDGE_CURVE('',#4476,#4478,#1781,.T.);
#5580=EDGE_CURVE('',#4480,#4481,#3812,.T.);
#5581=EDGE_CURVE('',#4481,#4479,#3813,.T.);
#5582=EDGE_CURVE('',#4478,#4480,#3814,.T.);
#5583=EDGE_CURVE('',#4482,#4483,#3815,.T.);
#5584=EDGE_CURVE('',#4483,#4481,#1782,.T.);
#5585=EDGE_CURVE('',#4480,#4482,#1783,.T.);
#5586=EDGE_CURVE('',#4484,#4485,#3816,.T.);
#5587=EDGE_CURVE('',#4485,#4483,#3817,.T.);
#5588=EDGE_CURVE('',#4482,#4484,#3818,.T.);
#5589=EDGE_CURVE('',#4486,#4487,#3819,.T.);
#5590=EDGE_CURVE('',#4487,#4485,#1784,.T.);
#5591=EDGE_CURVE('',#4484,#4486,#1785,.T.);
#5592=EDGE_CURVE('',#4488,#4489,#3820,.T.);
#5593=EDGE_CURVE('',#4489,#4487,#3821,.T.);
#5594=EDGE_CURVE('',#4486,#4488,#3822,.T.);
#5595=EDGE_CURVE('',#4490,#4466,#3823,.T.);
#5596=EDGE_CURVE('',#4466,#4489,#1786,.T.);
#5597=EDGE_CURVE('',#4488,#4490,#1787,.T.);
#5598=EDGE_CURVE('',#4491,#4492,#3824,.T.);
#5599=EDGE_CURVE('',#4492,#4493,#3825,.T.);
#5600=EDGE_CURVE('',#4493,#4494,#394,.F.);
#5601=EDGE_CURVE('',#4494,#4491,#3826,.T.);
#5602=EDGE_CURVE('',#4495,#4472,#3827,.T.);
#5603=EDGE_CURVE('',#4472,#4492,#1788,.T.);
#5604=EDGE_CURVE('',#4491,#4495,#1789,.T.);
#5605=EDGE_CURVE('',#4495,#4473,#3828,.T.);
#5606=EDGE_CURVE('',#4490,#4467,#3829,.T.);
#5607=EDGE_CURVE('',#4496,#4467,#1790,.T.);
#5608=EDGE_CURVE('',#4497,#4496,#1791,.T.);
#5609=EDGE_CURVE('',#4497,#4498,#1792,.T.);
#5610=EDGE_CURVE('',#4498,#4499,#1793,.T.);
#5611=EDGE_CURVE('',#4499,#4470,#1794,.T.);
#5612=EDGE_CURVE('',#4490,#4500,#1795,.T.);
#5613=EDGE_CURVE('',#4500,#4496,#3830,.T.);
#5614=EDGE_CURVE('',#4501,#4488,#1796,.T.);
#5615=EDGE_CURVE('',#4502,#4501,#3831,.T.);
#5616=EDGE_CURVE('',#4503,#4502,#1797,.T.);
#5617=EDGE_CURVE('',#4504,#4503,#3832,.T.);
#5618=EDGE_CURVE('',#4505,#4504,#1798,.T.);
#5619=EDGE_CURVE('',#4506,#4505,#1799,.T.);
#5620=EDGE_CURVE('',#4507,#4506,#3833,.T.);
#5621=EDGE_CURVE('',#4508,#4507,#1800,.T.);
#5622=EDGE_CURVE('',#4509,#4508,#1801,.T.);
#5623=EDGE_CURVE('',#4510,#4509,#3834,.T.);
#5624=EDGE_CURVE('',#4511,#4510,#1802,.T.);
#5625=EDGE_CURVE('',#4512,#4511,#3835,.T.);
#5626=EDGE_CURVE('',#4513,#4512,#1803,.T.);
#5627=EDGE_CURVE('',#4514,#4513,#1804,.T.);
#5628=EDGE_CURVE('',#4515,#4514,#3836,.T.);
#5629=EDGE_CURVE('',#4516,#4515,#1805,.T.);
#5630=EDGE_CURVE('',#4517,#4516,#3837,.T.);
#5631=EDGE_CURVE('',#4518,#4517,#1806,.T.);
#5632=EDGE_CURVE('',#4519,#4518,#3838,.T.);
#5633=EDGE_CURVE('',#4520,#4519,#1807,.T.);
#5634=EDGE_CURVE('',#4521,#4520,#3839,.T.);
#5635=EDGE_CURVE('',#4522,#4521,#1808,.T.);
#5636=EDGE_CURVE('',#4523,#4522,#3840,.T.);
#5637=EDGE_CURVE('',#4524,#4523,#3841,.T.);
#5638=EDGE_CURVE('',#4525,#4524,#1809,.T.);
#5639=EDGE_CURVE('',#4526,#4525,#1810,.T.);
#5640=EDGE_CURVE('',#4527,#4526,#1811,.T.);
#5641=EDGE_CURVE('',#4528,#4527,#3842,.T.);
#5642=EDGE_CURVE('',#4529,#4528,#1812,.T.);
#5643=EDGE_CURVE('',#4530,#4529,#1813,.T.);
#5644=EDGE_CURVE('',#4531,#4530,#3843,.T.);
#5645=EDGE_CURVE('',#4532,#4531,#1814,.T.);
#5646=EDGE_CURVE('',#4533,#4532,#1815,.T.);
#5647=EDGE_CURVE('',#4534,#4533,#3844,.T.);
#5648=EDGE_CURVE('',#4535,#4534,#1816,.T.);
#5649=EDGE_CURVE('',#4536,#4535,#3845,.T.);
#5650=EDGE_CURVE('',#4537,#4536,#1817,.T.);
#5651=EDGE_CURVE('',#4538,#4537,#1818,.T.);
#5652=EDGE_CURVE('',#4539,#4538,#3846,.T.);
#5653=EDGE_CURVE('',#4540,#4539,#1819,.T.);
#5654=EDGE_CURVE('',#4541,#4540,#1820,.T.);
#5655=EDGE_CURVE('',#4542,#4541,#3847,.T.);
#5656=EDGE_CURVE('',#4543,#4542,#1821,.T.);
#5657=EDGE_CURVE('',#4544,#4543,#3848,.T.);
#5658=EDGE_CURVE('',#4545,#4544,#1822,.T.);
#5659=EDGE_CURVE('',#4546,#4545,#1823,.T.);
#5660=EDGE_CURVE('',#4547,#4546,#3849,.T.);
#5661=EDGE_CURVE('',#4548,#4547,#1824,.T.);
#5662=EDGE_CURVE('',#4549,#4548,#1825,.T.);
#5663=EDGE_CURVE('',#4550,#4549,#3850,.T.);
#5664=EDGE_CURVE('',#4551,#4550,#1826,.T.);
#5665=EDGE_CURVE('',#4500,#4551,#3851,.T.);
#5666=EDGE_CURVE('',#4486,#4552,#1827,.T.);
#5667=EDGE_CURVE('',#4501,#4552,#3852,.T.);
#5668=EDGE_CURVE('',#4553,#4476,#1828,.T.);
#5669=EDGE_CURVE('',#4554,#4553,#1829,.T.);
#5670=EDGE_CURVE('',#4555,#4554,#1830,.T.);
#5671=EDGE_CURVE('',#4555,#4552,#1831,.T.);
#5672=EDGE_CURVE('',#4474,#4556,#1832,.T.);
#5673=EDGE_CURVE('',#4556,#4553,#3853,.T.);
#5674=EDGE_CURVE('',#4557,#4473,#1833,.T.);
#5675=EDGE_CURVE('',#4558,#4557,#3854,.T.);
#5676=EDGE_CURVE('',#4559,#4558,#1834,.T.);
#5677=EDGE_CURVE('',#4560,#4559,#1835,.T.);
#5678=EDGE_CURVE('',#4561,#4560,#1836,.T.);
#5679=EDGE_CURVE('',#4556,#4561,#3855,.T.);
#5680=EDGE_CURVE('',#4495,#4562,#1837,.T.);
#5681=EDGE_CURVE('',#4557,#4562,#3856,.T.);
#5682=EDGE_CURVE('',#4494,#4563,#1838,.T.);
#5683=EDGE_CURVE('',#4562,#4563,#1839,.T.);
#5684=EDGE_CURVE('',#4564,#4565,#3857,.T.);
#5685=EDGE_CURVE('',#4565,#4566,#1840,.T.);
#5686=EDGE_CURVE('',#4566,#4567,#3858,.T.);
#5687=EDGE_CURVE('',#4567,#4564,#1841,.T.);
#5688=EDGE_CURVE('',#4568,#4569,#395,.F.);
#5689=EDGE_CURVE('',#4569,#4567,#3859,.T.);
#5690=EDGE_CURVE('',#4566,#4568,#3860,.T.);
#5691=EDGE_CURVE('',#4570,#4571,#3861,.T.);
#5692=EDGE_CURVE('',#4571,#4572,#1842,.T.);
#5693=EDGE_CURVE('',#4572,#4573,#3862,.T.);
#5694=EDGE_CURVE('',#4573,#4570,#1843,.T.);
#5695=EDGE_CURVE('',#4574,#4573,#396,.T.);
#5696=EDGE_CURVE('',#4572,#4575,#397,.T.);
#5697=EDGE_CURVE('',#4575,#4576,#398,.T.);
#5698=EDGE_CURVE('',#4576,#4574,#399,.T.);
#5699=EDGE_CURVE('',#4577,#4578,#3863,.T.);
#5700=EDGE_CURVE('',#4578,#4579,#3864,.T.);
#5701=EDGE_CURVE('',#4579,#4574,#3865,.T.);
#5702=EDGE_CURVE('',#4576,#4577,#400,.T.);
#5703=EDGE_CURVE('',#4580,#4581,#3866,.T.);
#5704=EDGE_CURVE('',#4581,#4579,#1844,.T.);
#5705=EDGE_CURVE('',#4578,#4580,#1845,.T.);
#5706=EDGE_CURVE('',#4582,#4583,#3867,.T.);
#5707=EDGE_CURVE('',#4583,#4581,#3868,.T.);
#5708=EDGE_CURVE('',#4580,#4582,#3869,.T.);
#5709=EDGE_CURVE('',#4584,#4585,#3870,.T.);
#5710=EDGE_CURVE('',#4585,#4583,#1846,.T.);
#5711=EDGE_CURVE('',#4582,#4584,#1847,.T.);
#5712=EDGE_CURVE('',#4560,#4586,#3871,.T.);
#5713=EDGE_CURVE('',#4586,#4585,#3872,.T.);
#5714=EDGE_CURVE('',#4584,#4560,#3873,.T.);
#5715=EDGE_CURVE('',#4559,#4564,#3874,.T.);
#5716=EDGE_CURVE('',#4564,#4586,#1848,.T.);
#5717=EDGE_CURVE('',#4559,#4565,#3875,.T.);
#5718=EDGE_CURVE('',#4587,#4588,#3876,.T.);
#5719=EDGE_CURVE('',#4588,#4589,#401,.T.);
#5720=EDGE_CURVE('',#4589,#4524,#3877,.T.);
#5721=EDGE_CURVE('',#4524,#4587,#402,.T.);
#5722=EDGE_CURVE('',#4590,#4525,#3878,.T.);
#5723=EDGE_CURVE('',#4589,#4590,#1849,.T.);
#5724=EDGE_CURVE('',#4587,#4571,#403,.T.);
#5725=EDGE_CURVE('',#4570,#4588,#404,.T.);
#5726=EDGE_CURVE('',#4591,#4592,#3879,.T.);
#5727=EDGE_CURVE('',#4592,#4593,#1850,.T.);
#5728=EDGE_CURVE('',#4593,#4590,#3880,.T.);
#5729=EDGE_CURVE('',#4590,#4591,#1851,.T.);
#5730=EDGE_CURVE('',#4594,#4595,#405,.F.);
#5731=EDGE_CURVE('',#4595,#4592,#3881,.T.);
#5732=EDGE_CURVE('',#4591,#4594,#3882,.T.);
#5733=EDGE_CURVE('',#4593,#4525,#3883,.T.);
#5734=EDGE_CURVE('',#4596,#4565,#1852,.T.);
#5735=EDGE_CURVE('',#4597,#4596,#1853,.T.);
#5736=EDGE_CURVE('',#4597,#4568,#1854,.T.);
#5737=EDGE_CURVE('',#4558,#4596,#3884,.T.);
#5738=EDGE_CURVE('',#4584,#4598,#1855,.T.);
#5739=EDGE_CURVE('',#4561,#4598,#3885,.T.);
#5740=EDGE_CURVE('',#4599,#4577,#1856,.T.);
#5741=EDGE_CURVE('',#4600,#4599,#1857,.T.);
#5742=EDGE_CURVE('',#4598,#4600,#1858,.T.);
#5743=EDGE_CURVE('',#4601,#4571,#3886,.T.);
#5744=EDGE_CURVE('',#4602,#4601,#1859,.T.);
#5745=EDGE_CURVE('',#4599,#4602,#3887,.T.);
#5746=EDGE_CURVE('',#4587,#4523,#3888,.T.);
#5747=EDGE_CURVE('',#4522,#4601,#3889,.T.);
#5748=EDGE_CURVE('',#4593,#4603,#1860,.T.);
#5749=EDGE_CURVE('',#4526,#4603,#109,.T.);
#5750=EDGE_CURVE('',#4598,#4553,#3890,.T.);
#5751=EDGE_CURVE('',#4492,#4479,#1861,.T.);
#5752=EDGE_CURVE('',#4504,#4604,#3891,.T.);
#5753=EDGE_CURVE('',#4604,#4605,#1862,.T.);
#5754=EDGE_CURVE('',#4605,#4505,#110,.T.);
#5755=EDGE_CURVE('',#4507,#4606,#3892,.T.);
#5756=EDGE_CURVE('',#4606,#4607,#1863,.T.);
#5757=EDGE_CURVE('',#4607,#4508,#111,.T.);
#5758=EDGE_CURVE('',#4512,#4608,#3893,.T.);
#5759=EDGE_CURVE('',#4608,#4609,#1864,.T.);
#5760=EDGE_CURVE('',#4609,#4513,#112,.T.);
#5761=EDGE_CURVE('',#4515,#4610,#3894,.T.);
#5762=EDGE_CURVE('',#4610,#4611,#1865,.T.);
#5763=EDGE_CURVE('',#4611,#4516,#406,.T.);
#5764=EDGE_CURVE('',#4612,#4601,#1866,.T.);
#5765=EDGE_CURVE('',#4521,#4612,#407,.T.);
#5766=EDGE_CURVE('',#4520,#4613,#3895,.T.);
#5767=EDGE_CURVE('',#4613,#4612,#3896,.T.);
#5768=EDGE_CURVE('',#4614,#4613,#1867,.T.);
#5769=EDGE_CURVE('',#4519,#4614,#408,.T.);
#5770=EDGE_CURVE('',#4518,#4615,#3897,.T.);
#5771=EDGE_CURVE('',#4615,#4614,#3898,.T.);
#5772=EDGE_CURVE('',#4517,#4616,#3899,.T.);
#5773=EDGE_CURVE('',#4616,#4615,#1868,.T.);
#5774=EDGE_CURVE('',#4611,#4616,#3900,.T.);
#5775=EDGE_CURVE('',#4514,#4617,#3901,.T.);
#5776=EDGE_CURVE('',#4617,#4610,#3902,.T.);
#5777=EDGE_CURVE('',#4609,#4617,#1869,.T.);
#5778=EDGE_CURVE('',#4511,#4618,#3903,.T.);
#5779=EDGE_CURVE('',#4618,#4608,#3904,.T.);
#5780=EDGE_CURVE('',#4510,#4619,#3905,.T.);
#5781=EDGE_CURVE('',#4619,#4618,#1870,.T.);
#5782=EDGE_CURVE('',#4509,#4620,#3906,.T.);
#5783=EDGE_CURVE('',#4620,#4619,#3907,.T.);
#5784=EDGE_CURVE('',#4607,#4620,#1871,.T.);
#5785=EDGE_CURVE('',#4506,#4621,#3908,.T.);
#5786=EDGE_CURVE('',#4621,#4606,#3909,.T.);
#5787=EDGE_CURVE('',#4605,#4621,#1872,.T.);
#5788=EDGE_CURVE('',#4503,#4622,#3910,.T.);
#5789=EDGE_CURVE('',#4622,#4604,#3911,.T.);
#5790=EDGE_CURVE('',#4502,#4623,#3912,.T.);
#5791=EDGE_CURVE('',#4623,#4622,#1873,.T.);
#5792=EDGE_CURVE('',#4552,#4623,#3913,.T.);
#5793=EDGE_CURVE('',#4591,#4573,#1874,.T.);
#5794=EDGE_CURVE('',#4562,#4596,#3914,.T.);
#5795=EDGE_CURVE('',#4583,#4567,#1875,.T.);
#5796=EDGE_CURVE('',#4603,#4624,#3915,.T.);
#5797=EDGE_CURVE('',#4624,#4526,#113,.T.);
#5798=EDGE_CURVE('',#4625,#4626,#3916,.T.);
#5799=EDGE_CURVE('',#4626,#4529,#114,.T.);
#5800=EDGE_CURVE('',#4529,#4625,#115,.T.);
#5801=EDGE_CURVE('',#4627,#4628,#3917,.T.);
#5802=EDGE_CURVE('',#4628,#4532,#116,.T.);
#5803=EDGE_CURVE('',#4532,#4627,#117,.T.);
#5804=EDGE_CURVE('',#4629,#4630,#3918,.T.);
#5805=EDGE_CURVE('',#4630,#4537,#118,.T.);
#5806=EDGE_CURVE('',#4537,#4629,#119,.T.);
#5807=EDGE_CURVE('',#4631,#4632,#3919,.T.);
#5808=EDGE_CURVE('',#4632,#4540,#120,.T.);
#5809=EDGE_CURVE('',#4540,#4631,#121,.T.);
#5810=EDGE_CURVE('',#4633,#4634,#3920,.T.);
#5811=EDGE_CURVE('',#4634,#4545,#122,.T.);
#5812=EDGE_CURVE('',#4545,#4633,#123,.T.);
#5813=EDGE_CURVE('',#4635,#4636,#3921,.T.);
#5814=EDGE_CURVE('',#4636,#4548,#124,.T.);
#5815=EDGE_CURVE('',#4548,#4635,#125,.T.);
#5816=EDGE_CURVE('',#4551,#4637,#3922,.T.);
#5817=EDGE_CURVE('',#4637,#4496,#3923,.T.);
#5818=EDGE_CURVE('',#4550,#4638,#3924,.T.);
#5819=EDGE_CURVE('',#4638,#4637,#1876,.T.);
#5820=EDGE_CURVE('',#4549,#4639,#3925,.T.);
#5821=EDGE_CURVE('',#4639,#4638,#3926,.T.);
#5822=EDGE_CURVE('',#4636,#4639,#1877,.T.);
#5823=EDGE_CURVE('',#4547,#4640,#3927,.T.);
#5824=EDGE_CURVE('',#4640,#4635,#1878,.T.);
#5825=EDGE_CURVE('',#4546,#4641,#3928,.T.);
#5826=EDGE_CURVE('',#4641,#4640,#3929,.T.);
#5827=EDGE_CURVE('',#4634,#4641,#1879,.T.);
#5828=EDGE_CURVE('',#4544,#4642,#3930,.T.);
#5829=EDGE_CURVE('',#4642,#4633,#1880,.T.);
#5830=EDGE_CURVE('',#4543,#4643,#3931,.T.);
#5831=EDGE_CURVE('',#4643,#4642,#3932,.T.);
#5832=EDGE_CURVE('',#4542,#4644,#3933,.T.);
#5833=EDGE_CURVE('',#4644,#4643,#1881,.T.);
#5834=EDGE_CURVE('',#4541,#4645,#3934,.T.);
#5835=EDGE_CURVE('',#4645,#4644,#3935,.T.);
#5836=EDGE_CURVE('',#4632,#4645,#1882,.T.);
#5837=EDGE_CURVE('',#4539,#4646,#3936,.T.);
#5838=EDGE_CURVE('',#4646,#4631,#1883,.T.);
#5839=EDGE_CURVE('',#4538,#4647,#3937,.T.);
#5840=EDGE_CURVE('',#4647,#4646,#3938,.T.);
#5841=EDGE_CURVE('',#4630,#4647,#1884,.T.);
#5842=EDGE_CURVE('',#4536,#4648,#3939,.T.);
#5843=EDGE_CURVE('',#4648,#4629,#1885,.T.);
#5844=EDGE_CURVE('',#4535,#4649,#3940,.T.);
#5845=EDGE_CURVE('',#4649,#4648,#3941,.T.);
#5846=EDGE_CURVE('',#4534,#4650,#3942,.T.);
#5847=EDGE_CURVE('',#4650,#4649,#1886,.T.);
#5848=EDGE_CURVE('',#4533,#4651,#3943,.T.);
#5849=EDGE_CURVE('',#4651,#4650,#3944,.T.);
#5850=EDGE_CURVE('',#4628,#4651,#1887,.T.);
#5851=EDGE_CURVE('',#4531,#4652,#3945,.T.);
#5852=EDGE_CURVE('',#4652,#4627,#1888,.T.);
#5853=EDGE_CURVE('',#4530,#4653,#3946,.T.);
#5854=EDGE_CURVE('',#4653,#4652,#3947,.T.);
#5855=EDGE_CURVE('',#4626,#4653,#1889,.T.);
#5856=EDGE_CURVE('',#4528,#4654,#3948,.T.);
#5857=EDGE_CURVE('',#4654,#4625,#1890,.T.);
#5858=EDGE_CURVE('',#4527,#4655,#3949,.T.);
#5859=EDGE_CURVE('',#4655,#4654,#3950,.T.);
#5860=EDGE_CURVE('',#4624,#4655,#1891,.T.);
#5861=EDGE_CURVE('',#4656,#4655,#1892,.T.);
#5862=EDGE_CURVE('',#4656,#4657,#3951,.T.);
#5863=EDGE_CURVE('',#4657,#4654,#1893,.T.);
#5864=EDGE_CURVE('',#4658,#4624,#1894,.T.);
#5865=EDGE_CURVE('',#4658,#4656,#1895,.T.);
#5866=EDGE_CURVE('',#4659,#4603,#1896,.T.);
#5867=EDGE_CURVE('',#4659,#4660,#3952,.T.);
#5868=EDGE_CURVE('',#4661,#4660,#1897,.T.);
#5869=EDGE_CURVE('',#4661,#4658,#3953,.T.);
#5870=EDGE_CURVE('',#4595,#4659,#1898,.T.);
#5871=EDGE_CURVE('',#4662,#4610,#1899,.T.);
#5872=EDGE_CURVE('',#4663,#4662,#1900,.T.);
#5873=EDGE_CURVE('',#4663,#4611,#1901,.T.);
#5874=EDGE_CURVE('',#4664,#4617,#1902,.T.);
#5875=EDGE_CURVE('',#4662,#4664,#3954,.T.);
#5876=EDGE_CURVE('',#4665,#4609,#1903,.T.);
#5877=EDGE_CURVE('',#4664,#4665,#1904,.T.);
#5878=EDGE_CURVE('',#4666,#4608,#1905,.T.);
#5879=EDGE_CURVE('',#4665,#4666,#1906,.T.);
#5880=EDGE_CURVE('',#4667,#4618,#1907,.T.);
#5881=EDGE_CURVE('',#4666,#4667,#3955,.T.);
#5882=EDGE_CURVE('',#4668,#4619,#1908,.T.);
#5883=EDGE_CURVE('',#4667,#4668,#1909,.T.);
#5884=EDGE_CURVE('',#4669,#4620,#1910,.T.);
#5885=EDGE_CURVE('',#4668,#4669,#3956,.T.);
#5886=EDGE_CURVE('',#4670,#4607,#1911,.T.);
#5887=EDGE_CURVE('',#4669,#4670,#1912,.T.);
#5888=EDGE_CURVE('',#4671,#4606,#1913,.T.);
#5889=EDGE_CURVE('',#4670,#4671,#1914,.T.);
#5890=EDGE_CURVE('',#4672,#4621,#1915,.T.);
#5891=EDGE_CURVE('',#4671,#4672,#3957,.T.);
#5892=EDGE_CURVE('',#4673,#4605,#1916,.T.);
#5893=EDGE_CURVE('',#4672,#4673,#1917,.T.);
#5894=EDGE_CURVE('',#4674,#4604,#1918,.T.);
#5895=EDGE_CURVE('',#4673,#4674,#1919,.T.);
#5896=EDGE_CURVE('',#4675,#4622,#1920,.T.);
#5897=EDGE_CURVE('',#4674,#4675,#3958,.T.);
#5898=EDGE_CURVE('',#4676,#4623,#1921,.T.);
#5899=EDGE_CURVE('',#4675,#4676,#1922,.T.);
#5900=EDGE_CURVE('',#4676,#4555,#3959,.T.);
#5901=EDGE_CURVE('',#4485,#4469,#1923,.T.);
#5902=EDGE_CURVE('',#4677,#4637,#1924,.T.);
#5903=EDGE_CURVE('',#4677,#4497,#3960,.T.);
#5904=EDGE_CURVE('',#4678,#4638,#1925,.T.);
#5905=EDGE_CURVE('',#4678,#4677,#1926,.T.);
#5906=EDGE_CURVE('',#4679,#4639,#1927,.T.);
#5907=EDGE_CURVE('',#4679,#4678,#3961,.T.);
#5908=EDGE_CURVE('',#4680,#4636,#1928,.T.);
#5909=EDGE_CURVE('',#4680,#4679,#1929,.T.);
#5910=EDGE_CURVE('',#4681,#4635,#1930,.T.);
#5911=EDGE_CURVE('',#4681,#4680,#3962,.T.);
#5912=EDGE_CURVE('',#4682,#4640,#1931,.T.);
#5913=EDGE_CURVE('',#4682,#4681,#1932,.T.);
#5914=EDGE_CURVE('',#4683,#4641,#1933,.T.);
#5915=EDGE_CURVE('',#4683,#4682,#3963,.T.);
#5916=EDGE_CURVE('',#4684,#4634,#1934,.T.);
#5917=EDGE_CURVE('',#4684,#4683,#1935,.T.);
#5918=EDGE_CURVE('',#4685,#4633,#1936,.T.);
#5919=EDGE_CURVE('',#4685,#4684,#3964,.T.);
#5920=EDGE_CURVE('',#4686,#4642,#1937,.T.);
#5921=EDGE_CURVE('',#4686,#4685,#1938,.T.);
#5922=EDGE_CURVE('',#4687,#4643,#1939,.T.);
#5923=EDGE_CURVE('',#4687,#4686,#3965,.T.);
#5924=EDGE_CURVE('',#4688,#4644,#1940,.T.);
#5925=EDGE_CURVE('',#4688,#4689,#1941,.T.);
#5926=EDGE_CURVE('',#4689,#4690,#1942,.T.);
#5927=EDGE_CURVE('',#4690,#4691,#1943,.T.);
#5928=EDGE_CURVE('',#4692,#4691,#1944,.T.);
#5929=EDGE_CURVE('',#4692,#4687,#1945,.T.);
#5930=EDGE_CURVE('',#4563,#4597,#3966,.T.);
#5931=EDGE_CURVE('',#4693,#4694,#3967,.T.);
#5932=EDGE_CURVE('',#4694,#4695,#1946,.T.);
#5933=EDGE_CURVE('',#4695,#4663,#3968,.T.);
#5934=EDGE_CURVE('',#4693,#4663,#409,.T.);
#5935=EDGE_CURVE('',#4696,#4697,#1947,.T.);
#5936=EDGE_CURVE('',#4697,#4695,#1948,.T.);
#5937=EDGE_CURVE('',#4694,#4696,#1949,.T.);
#5938=EDGE_CURVE('',#4698,#4697,#3969,.T.);
#5939=EDGE_CURVE('',#4696,#4699,#3970,.T.);
#5940=EDGE_CURVE('',#4699,#4698,#410,.T.);
#5941=EDGE_CURVE('',#4699,#4700,#1950,.T.);
#5942=EDGE_CURVE('',#4700,#4701,#1951,.T.);
#5943=EDGE_CURVE('',#4701,#4698,#1952,.T.);
#5944=EDGE_CURVE('',#4702,#4701,#3971,.T.);
#5945=EDGE_CURVE('',#4700,#4703,#3972,.T.);
#5946=EDGE_CURVE('',#4703,#4702,#411,.T.);
#5947=EDGE_CURVE('',#4703,#4704,#1953,.T.);
#5948=EDGE_CURVE('',#4704,#4602,#1954,.T.);
#5949=EDGE_CURVE('',#4602,#4702,#1955,.T.);
#5950=EDGE_CURVE('',#4704,#4705,#3973,.T.);
#5951=EDGE_CURVE('',#4705,#4599,#412,.T.);
#5952=EDGE_CURVE('',#4705,#4706,#1956,.T.);
#5953=EDGE_CURVE('',#4706,#4600,#1957,.T.);
#5954=EDGE_CURVE('',#4707,#4554,#1958,.T.);
#5955=EDGE_CURVE('',#4554,#4600,#3974,.T.);
#5956=EDGE_CURVE('',#4706,#4707,#3975,.T.);
#5957=EDGE_CURVE('',#4708,#4555,#1959,.T.);
#5958=EDGE_CURVE('',#4707,#4708,#1960,.T.);
#5959=EDGE_CURVE('',#4709,#4676,#1961,.T.);
#5960=EDGE_CURVE('',#4708,#4709,#3976,.T.);
#5961=EDGE_CURVE('',#4710,#4675,#1962,.T.);
#5962=EDGE_CURVE('',#4709,#4710,#1963,.T.);
#5963=EDGE_CURVE('',#4711,#4674,#1964,.T.);
#5964=EDGE_CURVE('',#4710,#4711,#3977,.T.);
#5965=EDGE_CURVE('',#4711,#4712,#1965,.T.);
#5966=EDGE_CURVE('',#4712,#4673,#1966,.T.);
#5967=EDGE_CURVE('',#4712,#4713,#1967,.T.);
#5968=EDGE_CURVE('',#4713,#4672,#1968,.T.);
#5969=EDGE_CURVE('',#4714,#4671,#1969,.T.);
#5970=EDGE_CURVE('',#4713,#4714,#3978,.T.);
#5971=EDGE_CURVE('',#4714,#4715,#1970,.T.);
#5972=EDGE_CURVE('',#4715,#4670,#1971,.T.);
#5973=EDGE_CURVE('',#4715,#4716,#1972,.T.);
#5974=EDGE_CURVE('',#4716,#4669,#1973,.T.);
#5975=EDGE_CURVE('',#4717,#4668,#1974,.T.);
#5976=EDGE_CURVE('',#4716,#4717,#3979,.T.);
#5977=EDGE_CURVE('',#4718,#4667,#1975,.T.);
#5978=EDGE_CURVE('',#4717,#4718,#1976,.T.);
#5979=EDGE_CURVE('',#4719,#4666,#1977,.T.);
#5980=EDGE_CURVE('',#4718,#4719,#3980,.T.);
#5981=EDGE_CURVE('',#4719,#4720,#1978,.T.);
#5982=EDGE_CURVE('',#4720,#4665,#1979,.T.);
#5983=EDGE_CURVE('',#4720,#4721,#1980,.T.);
#5984=EDGE_CURVE('',#4721,#4664,#1981,.T.);
#5985=EDGE_CURVE('',#4722,#4662,#1982,.T.);
#5986=EDGE_CURVE('',#4721,#4722,#3981,.T.);
#5987=EDGE_CURVE('',#4722,#4693,#1983,.T.);
#5988=EDGE_CURVE('',#4695,#4616,#1984,.T.);
#5989=EDGE_CURVE('',#4723,#4723,#3982,.T.);
#5990=EDGE_CURVE('',#4724,#4724,#3983,.T.);
#5991=EDGE_CURVE('',#4725,#4726,#3984,.T.);
#5992=EDGE_CURVE('',#4727,#4725,#3985,.T.);
#5993=EDGE_CURVE('',#4728,#4727,#3986,.T.);
#5994=EDGE_CURVE('',#4729,#4728,#1985,.T.);
#5995=EDGE_CURVE('',#4730,#4729,#3987,.T.);
#5996=EDGE_CURVE('',#4731,#4730,#1986,.T.);
#5997=EDGE_CURVE('',#4732,#4731,#3988,.T.);
#5998=EDGE_CURVE('',#4733,#4732,#3989,.T.);
#5999=EDGE_CURVE('',#4734,#4733,#3990,.T.);
#6000=EDGE_CURVE('',#4735,#4734,#3991,.T.);
#6001=EDGE_CURVE('',#4736,#4735,#3992,.T.);
#6002=EDGE_CURVE('',#4737,#4736,#1987,.T.);
#6003=EDGE_CURVE('',#4738,#4737,#3993,.T.);
#6004=EDGE_CURVE('',#4739,#4738,#1988,.T.);
#6005=EDGE_CURVE('',#4740,#4739,#3994,.T.);
#6006=EDGE_CURVE('',#4726,#4740,#3995,.T.);
#6007=EDGE_CURVE('',#4741,#4742,#3996,.T.);
#6008=EDGE_CURVE('',#4743,#4741,#3997,.T.);
#6009=EDGE_CURVE('',#4744,#4743,#3998,.T.);
#6010=EDGE_CURVE('',#4745,#4744,#1989,.T.);
#6011=EDGE_CURVE('',#4746,#4745,#3999,.T.);
#6012=EDGE_CURVE('',#4747,#4746,#1990,.T.);
#6013=EDGE_CURVE('',#4748,#4747,#4000,.T.);
#6014=EDGE_CURVE('',#4749,#4748,#1991,.T.);
#6015=EDGE_CURVE('',#4750,#4749,#4001,.T.);
#6016=EDGE_CURVE('',#4751,#4750,#1992,.T.);
#6017=EDGE_CURVE('',#4752,#4751,#4002,.T.);
#6018=EDGE_CURVE('',#4753,#4752,#1993,.T.);
#6019=EDGE_CURVE('',#4754,#4753,#4003,.T.);
#6020=EDGE_CURVE('',#4742,#4754,#4004,.T.);
#6021=EDGE_CURVE('',#4755,#4756,#1994,.T.);
#6022=EDGE_CURVE('',#4757,#4755,#1995,.T.);
#6023=EDGE_CURVE('',#4758,#4757,#4005,.T.);
#6024=EDGE_CURVE('',#4759,#4758,#1996,.T.);
#6025=EDGE_CURVE('',#4760,#4759,#4006,.T.);
#6026=EDGE_CURVE('',#4761,#4760,#1997,.T.);
#6027=EDGE_CURVE('',#4762,#4761,#4007,.T.);
#6028=EDGE_CURVE('',#4763,#4762,#1998,.T.);
#6029=EDGE_CURVE('',#4756,#4763,#4008,.T.);
#6030=EDGE_CURVE('',#4764,#4765,#1999,.T.);
#6031=EDGE_CURVE('',#4766,#4764,#4009,.T.);
#6032=EDGE_CURVE('',#4767,#4766,#2000,.T.);
#6033=EDGE_CURVE('',#4768,#4767,#4010,.T.);
#6034=EDGE_CURVE('',#4769,#4768,#2001,.T.);
#6035=EDGE_CURVE('',#4770,#4769,#4011,.T.);
#6036=EDGE_CURVE('',#4771,#4770,#2002,.T.);
#6037=EDGE_CURVE('',#4772,#4771,#4012,.T.);
#6038=EDGE_CURVE('',#4773,#4772,#2003,.T.);
#6039=EDGE_CURVE('',#4774,#4773,#4013,.T.);
#6040=EDGE_CURVE('',#4775,#4774,#2004,.T.);
#6041=EDGE_CURVE('',#4765,#4775,#4014,.T.);
#6042=EDGE_CURVE('',#4776,#4777,#2005,.T.);
#6043=EDGE_CURVE('',#4778,#4776,#4015,.T.);
#6044=EDGE_CURVE('',#4779,#4778,#2006,.T.);
#6045=EDGE_CURVE('',#4780,#4779,#4016,.T.);
#6046=EDGE_CURVE('',#4781,#4780,#2007,.T.);
#6047=EDGE_CURVE('',#4782,#4781,#4017,.T.);
#6048=EDGE_CURVE('',#4783,#4782,#2008,.T.);
#6049=EDGE_CURVE('',#4784,#4783,#4018,.T.);
#6050=EDGE_CURVE('',#4785,#4784,#2009,.T.);
#6051=EDGE_CURVE('',#4786,#4785,#4019,.T.);
#6052=EDGE_CURVE('',#4787,#4786,#2010,.T.);
#6053=EDGE_CURVE('',#4777,#4787,#4020,.T.);
#6054=EDGE_CURVE('',#4788,#4789,#2011,.T.);
#6055=EDGE_CURVE('',#4790,#4788,#4021,.T.);
#6056=EDGE_CURVE('',#4791,#4790,#2012,.T.);
#6057=EDGE_CURVE('',#4792,#4791,#4022,.T.);
#6058=EDGE_CURVE('',#4793,#4792,#2013,.T.);
#6059=EDGE_CURVE('',#4794,#4793,#4023,.T.);
#6060=EDGE_CURVE('',#4795,#4794,#2014,.T.);
#6061=EDGE_CURVE('',#4796,#4795,#4024,.T.);
#6062=EDGE_CURVE('',#4797,#4796,#2015,.T.);
#6063=EDGE_CURVE('',#4798,#4797,#4025,.T.);
#6064=EDGE_CURVE('',#4799,#4798,#2016,.T.);
#6065=EDGE_CURVE('',#4789,#4799,#4026,.T.);
#6066=EDGE_CURVE('',#4800,#4801,#2017,.T.);
#6067=EDGE_CURVE('',#4802,#4800,#4027,.T.);
#6068=EDGE_CURVE('',#4803,#4802,#2018,.T.);
#6069=EDGE_CURVE('',#4804,#4803,#4028,.T.);
#6070=EDGE_CURVE('',#4805,#4804,#2019,.T.);
#6071=EDGE_CURVE('',#4806,#4805,#4029,.T.);
#6072=EDGE_CURVE('',#4807,#4806,#2020,.T.);
#6073=EDGE_CURVE('',#4808,#4807,#4030,.T.);
#6074=EDGE_CURVE('',#4809,#4808,#2021,.T.);
#6075=EDGE_CURVE('',#4810,#4809,#4031,.T.);
#6076=EDGE_CURVE('',#4811,#4810,#2022,.T.);
#6077=EDGE_CURVE('',#4801,#4811,#4032,.T.);
#6078=EDGE_CURVE('',#4812,#4812,#4033,.T.);
#6079=EDGE_CURVE('',#4813,#4813,#4034,.T.);
#6080=EDGE_CURVE('',#4814,#4814,#4035,.T.);
#6081=EDGE_CURVE('',#4815,#4816,#4036,.T.);
#6082=EDGE_CURVE('',#4817,#4815,#2023,.T.);
#6083=EDGE_CURVE('',#4818,#4817,#2024,.T.);
#6084=EDGE_CURVE('',#4819,#4818,#4037,.T.);
#6085=EDGE_CURVE('',#4820,#4819,#2025,.T.);
#6086=EDGE_CURVE('',#4821,#4820,#4038,.T.);
#6087=EDGE_CURVE('',#4822,#4821,#2026,.T.);
#6088=EDGE_CURVE('',#4823,#4822,#4039,.T.);
#6089=EDGE_CURVE('',#4816,#4823,#2027,.T.);
#6090=EDGE_CURVE('',#4824,#4824,#4040,.T.);
#6091=EDGE_CURVE('',#4825,#4825,#4041,.T.);
#6092=EDGE_CURVE('',#4826,#4827,#2028,.T.);
#6093=EDGE_CURVE('',#4828,#4826,#4042,.T.);
#6094=EDGE_CURVE('',#4829,#4828,#2029,.T.);
#6095=EDGE_CURVE('',#4830,#4829,#4043,.T.);
#6096=EDGE_CURVE('',#4831,#4830,#2030,.T.);
#6097=EDGE_CURVE('',#4832,#4831,#4044,.T.);
#6098=EDGE_CURVE('',#4833,#4832,#2031,.T.);
#6099=EDGE_CURVE('',#4834,#4833,#4045,.T.);
#6100=EDGE_CURVE('',#4835,#4834,#2032,.T.);
#6101=EDGE_CURVE('',#4836,#4835,#4046,.T.);
#6102=EDGE_CURVE('',#4837,#4836,#2033,.T.);
#6103=EDGE_CURVE('',#4827,#4837,#4047,.T.);
#6104=EDGE_CURVE('',#4838,#4839,#2034,.T.);
#6105=EDGE_CURVE('',#4840,#4838,#4048,.T.);
#6106=EDGE_CURVE('',#4841,#4840,#2035,.T.);
#6107=EDGE_CURVE('',#4842,#4841,#4049,.T.);
#6108=EDGE_CURVE('',#4843,#4842,#2036,.T.);
#6109=EDGE_CURVE('',#4844,#4843,#4050,.T.);
#6110=EDGE_CURVE('',#4845,#4844,#2037,.T.);
#6111=EDGE_CURVE('',#4846,#4845,#4051,.T.);
#6112=EDGE_CURVE('',#4847,#4846,#2038,.T.);
#6113=EDGE_CURVE('',#4848,#4847,#4052,.T.);
#6114=EDGE_CURVE('',#4849,#4848,#2039,.T.);
#6115=EDGE_CURVE('',#4839,#4849,#4053,.T.);
#6116=EDGE_CURVE('',#4850,#4851,#2040,.T.);
#6117=EDGE_CURVE('',#4852,#4850,#4054,.T.);
#6118=EDGE_CURVE('',#4853,#4852,#2041,.T.);
#6119=EDGE_CURVE('',#4854,#4853,#4055,.T.);
#6120=EDGE_CURVE('',#4855,#4854,#2042,.T.);
#6121=EDGE_CURVE('',#4856,#4855,#4056,.T.);
#6122=EDGE_CURVE('',#4857,#4856,#2043,.T.);
#6123=EDGE_CURVE('',#4858,#4857,#4057,.T.);
#6124=EDGE_CURVE('',#4859,#4858,#4058,.T.);
#6125=EDGE_CURVE('',#4860,#4859,#4059,.T.);
#6126=EDGE_CURVE('',#4861,#4860,#4060,.T.);
#6127=EDGE_CURVE('',#4862,#4861,#2044,.T.);
#6128=EDGE_CURVE('',#4851,#4862,#4061,.T.);
#6129=EDGE_CURVE('',#4863,#4864,#4062,.T.);
#6130=EDGE_CURVE('',#4865,#4863,#4063,.T.);
#6131=EDGE_CURVE('',#4866,#4865,#4064,.T.);
#6132=EDGE_CURVE('',#4867,#4866,#4065,.T.);
#6133=EDGE_CURVE('',#4868,#4867,#4066,.T.);
#6134=EDGE_CURVE('',#4869,#4868,#4067,.T.);
#6135=EDGE_CURVE('',#4870,#4869,#2045,.T.);
#6136=EDGE_CURVE('',#4871,#4870,#4068,.T.);
#6137=EDGE_CURVE('',#4864,#4871,#2046,.T.);
#6138=EDGE_CURVE('',#4872,#4873,#4069,.T.);
#6139=EDGE_CURVE('',#4874,#4872,#2047,.T.);
#6140=EDGE_CURVE('',#4875,#4874,#4070,.T.);
#6141=EDGE_CURVE('',#4876,#4875,#4071,.T.);
#6142=EDGE_CURVE('',#4877,#4876,#4072,.T.);
#6143=EDGE_CURVE('',#4878,#4877,#4073,.T.);
#6144=EDGE_CURVE('',#4879,#4878,#2048,.T.);
#6145=EDGE_CURVE('',#4880,#4879,#4074,.T.);
#6146=EDGE_CURVE('',#4881,#4880,#2049,.T.);
#6147=EDGE_CURVE('',#4882,#4881,#4075,.T.);
#6148=EDGE_CURVE('',#4883,#4882,#2050,.T.);
#6149=EDGE_CURVE('',#4884,#4883,#4076,.T.);
#6150=EDGE_CURVE('',#4885,#4884,#2051,.T.);
#6151=EDGE_CURVE('',#4886,#4885,#4077,.T.);
#6152=EDGE_CURVE('',#4873,#4886,#2052,.T.);
#6153=EDGE_CURVE('',#4887,#4888,#4078,.T.);
#6154=EDGE_CURVE('',#4889,#4887,#4079,.T.);
#6155=EDGE_CURVE('',#4890,#4889,#4080,.T.);
#6156=EDGE_CURVE('',#4891,#4890,#2053,.T.);
#6157=EDGE_CURVE('',#4892,#4891,#4081,.T.);
#6158=EDGE_CURVE('',#4893,#4892,#2054,.T.);
#6159=EDGE_CURVE('',#4894,#4893,#4082,.T.);
#6160=EDGE_CURVE('',#4895,#4894,#4083,.T.);
#6161=EDGE_CURVE('',#4896,#4895,#4084,.T.);
#6162=EDGE_CURVE('',#4897,#4896,#2055,.T.);
#6163=EDGE_CURVE('',#4888,#4897,#4085,.T.);
#6164=EDGE_CURVE('',#4898,#4899,#2056,.T.);
#6165=EDGE_CURVE('',#4900,#4898,#4086,.T.);
#6166=EDGE_CURVE('',#4901,#4900,#2057,.T.);
#6167=EDGE_CURVE('',#4902,#4901,#4087,.T.);
#6168=EDGE_CURVE('',#4903,#4902,#4088,.T.);
#6169=EDGE_CURVE('',#4904,#4903,#2058,.T.);
#6170=EDGE_CURVE('',#4905,#4904,#4089,.T.);
#6171=EDGE_CURVE('',#4906,#4905,#2059,.T.);
#6172=EDGE_CURVE('',#4907,#4906,#4090,.T.);
#6173=EDGE_CURVE('',#4908,#4907,#2060,.T.);
#6174=EDGE_CURVE('',#4899,#4908,#4091,.T.);
#6175=EDGE_CURVE('',#4909,#4910,#2061,.T.);
#6176=EDGE_CURVE('',#4911,#4909,#4092,.T.);
#6177=EDGE_CURVE('',#4912,#4911,#2062,.T.);
#6178=EDGE_CURVE('',#4913,#4912,#4093,.T.);
#6179=EDGE_CURVE('',#4914,#4913,#2063,.T.);
#6180=EDGE_CURVE('',#4915,#4914,#4094,.T.);
#6181=EDGE_CURVE('',#4916,#4915,#2064,.T.);
#6182=EDGE_CURVE('',#4917,#4916,#4095,.T.);
#6183=EDGE_CURVE('',#4918,#4917,#2065,.T.);
#6184=EDGE_CURVE('',#4919,#4918,#4096,.T.);
#6185=EDGE_CURVE('',#4920,#4919,#2066,.T.);
#6186=EDGE_CURVE('',#4910,#4920,#4097,.T.);
#6187=EDGE_CURVE('',#4921,#4922,#2067,.T.);
#6188=EDGE_CURVE('',#4923,#4921,#4098,.T.);
#6189=EDGE_CURVE('',#4924,#4923,#2068,.T.);
#6190=EDGE_CURVE('',#4925,#4924,#4099,.T.);
#6191=EDGE_CURVE('',#4926,#4925,#2069,.T.);
#6192=EDGE_CURVE('',#4927,#4926,#4100,.T.);
#6193=EDGE_CURVE('',#4928,#4927,#2070,.T.);
#6194=EDGE_CURVE('',#4929,#4928,#4101,.T.);
#6195=EDGE_CURVE('',#4930,#4929,#2071,.T.);
#6196=EDGE_CURVE('',#4931,#4930,#4102,.T.);
#6197=EDGE_CURVE('',#4932,#4931,#4103,.T.);
#6198=EDGE_CURVE('',#4933,#4932,#4104,.T.);
#6199=EDGE_CURVE('',#4922,#4933,#4105,.T.);
#6200=EDGE_CURVE('',#4934,#4935,#2072,.T.);
#6201=EDGE_CURVE('',#4936,#4934,#4106,.T.);
#6202=EDGE_CURVE('',#4937,#4936,#2073,.T.);
#6203=EDGE_CURVE('',#4938,#4937,#4107,.T.);
#6204=EDGE_CURVE('',#4939,#4938,#2074,.T.);
#6205=EDGE_CURVE('',#4940,#4939,#4108,.T.);
#6206=EDGE_CURVE('',#4941,#4940,#2075,.T.);
#6207=EDGE_CURVE('',#4942,#4941,#4109,.T.);
#6208=EDGE_CURVE('',#4943,#4942,#2076,.T.);
#6209=EDGE_CURVE('',#4944,#4943,#4110,.T.);
#6210=EDGE_CURVE('',#4945,#4944,#2077,.T.);
#6211=EDGE_CURVE('',#4935,#4945,#4111,.T.);
#6212=EDGE_CURVE('',#4946,#4947,#2078,.T.);
#6213=EDGE_CURVE('',#4948,#4946,#4112,.T.);
#6214=EDGE_CURVE('',#4949,#4948,#2079,.T.);
#6215=EDGE_CURVE('',#4950,#4949,#4113,.T.);
#6216=EDGE_CURVE('',#4951,#4950,#2080,.T.);
#6217=EDGE_CURVE('',#4952,#4951,#4114,.T.);
#6218=EDGE_CURVE('',#4953,#4952,#2081,.T.);
#6219=EDGE_CURVE('',#4954,#4953,#4115,.T.);
#6220=EDGE_CURVE('',#4955,#4954,#2082,.T.);
#6221=EDGE_CURVE('',#4956,#4955,#4116,.T.);
#6222=EDGE_CURVE('',#4957,#4956,#2083,.T.);
#6223=EDGE_CURVE('',#4947,#4957,#4117,.T.);
#6224=EDGE_CURVE('',#4958,#4959,#2084,.T.);
#6225=EDGE_CURVE('',#4960,#4958,#4118,.T.);
#6226=EDGE_CURVE('',#4961,#4960,#4119,.T.);
#6227=EDGE_CURVE('',#4962,#4961,#4120,.T.);
#6228=EDGE_CURVE('',#4963,#4962,#4121,.T.);
#6229=EDGE_CURVE('',#4964,#4963,#4122,.T.);
#6230=EDGE_CURVE('',#4965,#4964,#2085,.T.);
#6231=EDGE_CURVE('',#4966,#4965,#4123,.T.);
#6232=EDGE_CURVE('',#4967,#4966,#2086,.T.);
#6233=EDGE_CURVE('',#4968,#4967,#4124,.T.);
#6234=EDGE_CURVE('',#4969,#4968,#2087,.T.);
#6235=EDGE_CURVE('',#4970,#4969,#4125,.T.);
#6236=EDGE_CURVE('',#4971,#4970,#2088,.T.);
#6237=EDGE_CURVE('',#4959,#4971,#4126,.T.);
#6238=EDGE_CURVE('',#4972,#4973,#2089,.T.);
#6239=EDGE_CURVE('',#4974,#4972,#4127,.T.);
#6240=EDGE_CURVE('',#4975,#4974,#2090,.T.);
#6241=EDGE_CURVE('',#4976,#4975,#4128,.T.);
#6242=EDGE_CURVE('',#4977,#4976,#2091,.T.);
#6243=EDGE_CURVE('',#4978,#4977,#4129,.T.);
#6244=EDGE_CURVE('',#4979,#4978,#2092,.T.);
#6245=EDGE_CURVE('',#4980,#4979,#4130,.T.);
#6246=EDGE_CURVE('',#4981,#4980,#2093,.T.);
#6247=EDGE_CURVE('',#4982,#4981,#4131,.T.);
#6248=EDGE_CURVE('',#4983,#4982,#2094,.T.);
#6249=EDGE_CURVE('',#4973,#4983,#4132,.T.);
#6250=EDGE_CURVE('',#4984,#4985,#2095,.T.);
#6251=EDGE_CURVE('',#4986,#4984,#4133,.T.);
#6252=EDGE_CURVE('',#4987,#4986,#2096,.T.);
#6253=EDGE_CURVE('',#4988,#4987,#4134,.T.);
#6254=EDGE_CURVE('',#4989,#4988,#2097,.T.);
#6255=EDGE_CURVE('',#4990,#4989,#4135,.T.);
#6256=EDGE_CURVE('',#4991,#4990,#2098,.T.);
#6257=EDGE_CURVE('',#4992,#4991,#4136,.T.);
#6258=EDGE_CURVE('',#4993,#4992,#2099,.T.);
#6259=EDGE_CURVE('',#4994,#4993,#4137,.T.);
#6260=EDGE_CURVE('',#4995,#4994,#2100,.T.);
#6261=EDGE_CURVE('',#4985,#4995,#4138,.T.);
#6262=EDGE_CURVE('',#4996,#4997,#2101,.T.);
#6263=EDGE_CURVE('',#4998,#4996,#4139,.T.);
#6264=EDGE_CURVE('',#4999,#4998,#4140,.T.);
#6265=EDGE_CURVE('',#5000,#4999,#2102,.T.);
#6266=EDGE_CURVE('',#5001,#5000,#4141,.T.);
#6267=EDGE_CURVE('',#5002,#5001,#2103,.T.);
#6268=EDGE_CURVE('',#5003,#5002,#4142,.T.);
#6269=EDGE_CURVE('',#5004,#5003,#2104,.T.);
#6270=EDGE_CURVE('',#5005,#5004,#4143,.T.);
#6271=EDGE_CURVE('',#5006,#5005,#2105,.T.);
#6272=EDGE_CURVE('',#5007,#5006,#4144,.T.);
#6273=EDGE_CURVE('',#5008,#5007,#2106,.T.);
#6274=EDGE_CURVE('',#4997,#5008,#4145,.T.);
#6275=EDGE_CURVE('',#5009,#5010,#4146,.T.);
#6276=EDGE_CURVE('',#5011,#5009,#2107,.T.);
#6277=EDGE_CURVE('',#5012,#5011,#4147,.T.);
#6278=EDGE_CURVE('',#5013,#5012,#2108,.T.);
#6279=EDGE_CURVE('',#5014,#5013,#4148,.T.);
#6280=EDGE_CURVE('',#5015,#5014,#4149,.T.);
#6281=EDGE_CURVE('',#5016,#5015,#4150,.T.);
#6282=EDGE_CURVE('',#5017,#5016,#4151,.T.);
#6283=EDGE_CURVE('',#5018,#5017,#4152,.T.);
#6284=EDGE_CURVE('',#5010,#5018,#2109,.T.);
#6285=EDGE_CURVE('',#5019,#5020,#4153,.T.);
#6286=EDGE_CURVE('',#5021,#5019,#4154,.T.);
#6287=EDGE_CURVE('',#5022,#5021,#2110,.T.);
#6288=EDGE_CURVE('',#5023,#5022,#4155,.T.);
#6289=EDGE_CURVE('',#5024,#5023,#2111,.T.);
#6290=EDGE_CURVE('',#5025,#5024,#4156,.T.);
#6291=EDGE_CURVE('',#5026,#5025,#2112,.T.);
#6292=EDGE_CURVE('',#5027,#5026,#4157,.T.);
#6293=EDGE_CURVE('',#5028,#5027,#2113,.T.);
#6294=EDGE_CURVE('',#5029,#5028,#4158,.T.);
#6295=EDGE_CURVE('',#5030,#5029,#2114,.T.);
#6296=EDGE_CURVE('',#5020,#5030,#4159,.T.);
#6297=EDGE_CURVE('',#5031,#5032,#2115,.T.);
#6298=EDGE_CURVE('',#5033,#5031,#4160,.T.);
#6299=EDGE_CURVE('',#5034,#5033,#2116,.T.);
#6300=EDGE_CURVE('',#5035,#5034,#4161,.T.);
#6301=EDGE_CURVE('',#5036,#5035,#2117,.T.);
#6302=EDGE_CURVE('',#5037,#5036,#4162,.T.);
#6303=EDGE_CURVE('',#5038,#5037,#2118,.T.);
#6304=EDGE_CURVE('',#5039,#5038,#4163,.T.);
#6305=EDGE_CURVE('',#5040,#5039,#2119,.T.);
#6306=EDGE_CURVE('',#5032,#5040,#4164,.T.);
#6307=EDGE_CURVE('',#5041,#5042,#2120,.T.);
#6308=EDGE_CURVE('',#5043,#5041,#4165,.T.);
#6309=EDGE_CURVE('',#5044,#5043,#2121,.T.);
#6310=EDGE_CURVE('',#5045,#5044,#4166,.T.);
#6311=EDGE_CURVE('',#5046,#5045,#2122,.T.);
#6312=EDGE_CURVE('',#5047,#5046,#4167,.T.);
#6313=EDGE_CURVE('',#5048,#5047,#2123,.T.);
#6314=EDGE_CURVE('',#5049,#5048,#4168,.T.);
#6315=EDGE_CURVE('',#5050,#5049,#2124,.T.);
#6316=EDGE_CURVE('',#5042,#5050,#4169,.T.);
#6317=EDGE_CURVE('',#5051,#5052,#2125,.T.);
#6318=EDGE_CURVE('',#5053,#5051,#4170,.T.);
#6319=EDGE_CURVE('',#5054,#5053,#2126,.T.);
#6320=EDGE_CURVE('',#5055,#5054,#4171,.T.);
#6321=EDGE_CURVE('',#5056,#5055,#2127,.T.);
#6322=EDGE_CURVE('',#5057,#5056,#4172,.T.);
#6323=EDGE_CURVE('',#5058,#5057,#2128,.T.);
#6324=EDGE_CURVE('',#5059,#5058,#4173,.T.);
#6325=EDGE_CURVE('',#5060,#5059,#2129,.T.);
#6326=EDGE_CURVE('',#5052,#5060,#4174,.T.);
#6327=EDGE_CURVE('',#5061,#5062,#2130,.T.);
#6328=EDGE_CURVE('',#5063,#5061,#4175,.T.);
#6329=EDGE_CURVE('',#5064,#5063,#2131,.T.);
#6330=EDGE_CURVE('',#5065,#5064,#4176,.T.);
#6331=EDGE_CURVE('',#5066,#5065,#2132,.T.);
#6332=EDGE_CURVE('',#5067,#5066,#4177,.T.);
#6333=EDGE_CURVE('',#5068,#5067,#2133,.T.);
#6334=EDGE_CURVE('',#5069,#5068,#4178,.T.);
#6335=EDGE_CURVE('',#5070,#5069,#2134,.T.);
#6336=EDGE_CURVE('',#5062,#5070,#4179,.T.);
#6337=EDGE_CURVE('',#5071,#5072,#4180,.T.);
#6338=EDGE_CURVE('',#5073,#5071,#2135,.T.);
#6339=EDGE_CURVE('',#5074,#5073,#4181,.T.);
#6340=EDGE_CURVE('',#5075,#5074,#2136,.T.);
#6341=EDGE_CURVE('',#5076,#5075,#4182,.T.);
#6342=EDGE_CURVE('',#5077,#5076,#2137,.T.);
#6343=EDGE_CURVE('',#5078,#5077,#4183,.T.);
#6344=EDGE_CURVE('',#5072,#5078,#2138,.T.);
#6345=EDGE_CURVE('',#5079,#5080,#4184,.T.);
#6346=EDGE_CURVE('',#5081,#5079,#2139,.T.);
#6347=EDGE_CURVE('',#5082,#5081,#4185,.T.);
#6348=EDGE_CURVE('',#5083,#5082,#2140,.T.);
#6349=EDGE_CURVE('',#5084,#5083,#4186,.T.);
#6350=EDGE_CURVE('',#5085,#5084,#2141,.T.);
#6351=EDGE_CURVE('',#5086,#5085,#4187,.T.);
#6352=EDGE_CURVE('',#5087,#5086,#2142,.T.);
#6353=EDGE_CURVE('',#5088,#5087,#4188,.T.);
#6354=EDGE_CURVE('',#5089,#5088,#2143,.T.);
#6355=EDGE_CURVE('',#5090,#5089,#4189,.T.);
#6356=EDGE_CURVE('',#5080,#5090,#2144,.T.);
#6357=EDGE_CURVE('',#5091,#5092,#2145,.T.);
#6358=EDGE_CURVE('',#5093,#5091,#4190,.T.);
#6359=EDGE_CURVE('',#5094,#5093,#2146,.T.);
#6360=EDGE_CURVE('',#5095,#5094,#4191,.T.);
#6361=EDGE_CURVE('',#5096,#5095,#2147,.T.);
#6362=EDGE_CURVE('',#5097,#5096,#4192,.T.);
#6363=EDGE_CURVE('',#5098,#5097,#2148,.T.);
#6364=EDGE_CURVE('',#5099,#5098,#4193,.T.);
#6365=EDGE_CURVE('',#5100,#5099,#2149,.T.);
#6366=EDGE_CURVE('',#5101,#5100,#4194,.T.);
#6367=EDGE_CURVE('',#5102,#5101,#2150,.T.);
#6368=EDGE_CURVE('',#5092,#5102,#4195,.T.);
#6369=EDGE_CURVE('',#5103,#5103,#4196,.T.);
#6370=EDGE_CURVE('',#5104,#5104,#4197,.T.);
#6371=EDGE_CURVE('',#5105,#5105,#4198,.T.);
#6372=EDGE_CURVE('',#5106,#5106,#4199,.T.);
#6373=EDGE_CURVE('',#5107,#5107,#4200,.T.);
#6374=EDGE_CURVE('',#4732,#5108,#2151,.T.);
#6375=EDGE_CURVE('',#5108,#5109,#4201,.T.);
#6376=EDGE_CURVE('',#5109,#4733,#2152,.T.);
#6377=EDGE_CURVE('',#4731,#5110,#2153,.T.);
#6378=EDGE_CURVE('',#5108,#5110,#4202,.T.);
#6379=EDGE_CURVE('',#4730,#5111,#2154,.T.);
#6380=EDGE_CURVE('',#5110,#5111,#2155,.T.);
#6381=EDGE_CURVE('',#4729,#5112,#2156,.T.);
#6382=EDGE_CURVE('',#5111,#5112,#4203,.T.);
#6383=EDGE_CURVE('',#4728,#5113,#2157,.T.);
#6384=EDGE_CURVE('',#5112,#5113,#2158,.T.);
#6385=EDGE_CURVE('',#5114,#4727,#2159,.T.);
#6386=EDGE_CURVE('',#5113,#5114,#4204,.T.);
#6387=EDGE_CURVE('',#4725,#5115,#2160,.T.);
#6388=EDGE_CURVE('',#5115,#5114,#4205,.T.);
#6389=EDGE_CURVE('',#5116,#4726,#2161,.T.);
#6390=EDGE_CURVE('',#5115,#5116,#4206,.T.);
#6391=EDGE_CURVE('',#4747,#5117,#2162,.T.);
#6392=EDGE_CURVE('',#5118,#5117,#4207,.T.);
#6393=EDGE_CURVE('',#4748,#5118,#2163,.T.);
#6394=EDGE_CURVE('',#4746,#5119,#2164,.T.);
#6395=EDGE_CURVE('',#5117,#5119,#2165,.T.);
#6396=EDGE_CURVE('',#4745,#5120,#2166,.T.);
#6397=EDGE_CURVE('',#5119,#5120,#4208,.T.);
#6398=EDGE_CURVE('',#4744,#5121,#2167,.T.);
#6399=EDGE_CURVE('',#5120,#5121,#2168,.T.);
#6400=EDGE_CURVE('',#5122,#4743,#2169,.T.);
#6401=EDGE_CURVE('',#5121,#5122,#4209,.T.);
#6402=EDGE_CURVE('',#4741,#5123,#2170,.T.);
#6403=EDGE_CURVE('',#5123,#5122,#4210,.T.);
#6404=EDGE_CURVE('',#5124,#4742,#2171,.T.);
#6405=EDGE_CURVE('',#5123,#5124,#4211,.T.);
#6406=EDGE_CURVE('',#5125,#4758,#2172,.T.);
#6407=EDGE_CURVE('',#5126,#5125,#2173,.T.);
#6408=EDGE_CURVE('',#4759,#5126,#2174,.T.);
#6409=EDGE_CURVE('',#4757,#5127,#2175,.T.);
#6410=EDGE_CURVE('',#5127,#5125,#4212,.T.);
#6411=EDGE_CURVE('',#5128,#4755,#2176,.T.);
#6412=EDGE_CURVE('',#5127,#5128,#2177,.T.);
#6413=EDGE_CURVE('',#5129,#4756,#2178,.T.);
#6414=EDGE_CURVE('',#5129,#4690,#2179,.T.);
#6415=EDGE_CURVE('',#5130,#4689,#2180,.T.);
#6416=EDGE_CURVE('',#5130,#5128,#2181,.T.);
#6417=EDGE_CURVE('',#4769,#5131,#2182,.T.);
#6418=EDGE_CURVE('',#5132,#5131,#4213,.T.);
#6419=EDGE_CURVE('',#4770,#5132,#2183,.T.);
#6420=EDGE_CURVE('',#4768,#5133,#2184,.T.);
#6421=EDGE_CURVE('',#5131,#5133,#2185,.T.);
#6422=EDGE_CURVE('',#4767,#5134,#2186,.T.);
#6423=EDGE_CURVE('',#5133,#5134,#4214,.T.);
#6424=EDGE_CURVE('',#4766,#5135,#2187,.T.);
#6425=EDGE_CURVE('',#5134,#5135,#2188,.T.);
#6426=EDGE_CURVE('',#4764,#5136,#2189,.T.);
#6427=EDGE_CURVE('',#5135,#5136,#4215,.T.);
#6428=EDGE_CURVE('',#4765,#5137,#2190,.T.);
#6429=EDGE_CURVE('',#5136,#5137,#2191,.T.);
#6430=EDGE_CURVE('',#4781,#5138,#2192,.T.);
#6431=EDGE_CURVE('',#5139,#5138,#4216,.T.);
#6432=EDGE_CURVE('',#4782,#5139,#2193,.T.);
#6433=EDGE_CURVE('',#4780,#5140,#2194,.T.);
#6434=EDGE_CURVE('',#5138,#5140,#2195,.T.);
#6435=EDGE_CURVE('',#4779,#5141,#2196,.T.);
#6436=EDGE_CURVE('',#5140,#5141,#4217,.T.);
#6437=EDGE_CURVE('',#4778,#5142,#2197,.T.);
#6438=EDGE_CURVE('',#5141,#5142,#2198,.T.);
#6439=EDGE_CURVE('',#4776,#5143,#2199,.T.);
#6440=EDGE_CURVE('',#5142,#5143,#4218,.T.);
#6441=EDGE_CURVE('',#4777,#5144,#2200,.T.);
#6442=EDGE_CURVE('',#5143,#5144,#2201,.T.);
#6443=EDGE_CURVE('',#4793,#5145,#2202,.T.);
#6444=EDGE_CURVE('',#5146,#5145,#4219,.T.);
#6445=EDGE_CURVE('',#4794,#5146,#2203,.T.);
#6446=EDGE_CURVE('',#4792,#5147,#2204,.T.);
#6447=EDGE_CURVE('',#5145,#5147,#2205,.T.);
#6448=EDGE_CURVE('',#4791,#5148,#2206,.T.);
#6449=EDGE_CURVE('',#5147,#5148,#4220,.T.);
#6450=EDGE_CURVE('',#4790,#5149,#2207,.T.);
#6451=EDGE_CURVE('',#5148,#5149,#2208,.T.);
#6452=EDGE_CURVE('',#4788,#5150,#2209,.T.);
#6453=EDGE_CURVE('',#5149,#5150,#4221,.T.);
#6454=EDGE_CURVE('',#4789,#5151,#2210,.T.);
#6455=EDGE_CURVE('',#5150,#5151,#2211,.T.);
#6456=EDGE_CURVE('',#4805,#5152,#2212,.T.);
#6457=EDGE_CURVE('',#5152,#5153,#4222,.T.);
#6458=EDGE_CURVE('',#5153,#4806,#2213,.T.);
#6459=EDGE_CURVE('',#4804,#5154,#2214,.T.);
#6460=EDGE_CURVE('',#5152,#5154,#2215,.T.);
#6461=EDGE_CURVE('',#4803,#5155,#2216,.T.);
#6462=EDGE_CURVE('',#5154,#5155,#4223,.T.);
#6463=EDGE_CURVE('',#4802,#5156,#2217,.T.);
#6464=EDGE_CURVE('',#5155,#5156,#2218,.T.);
#6465=EDGE_CURVE('',#4800,#5157,#2219,.T.);
#6466=EDGE_CURVE('',#5156,#5157,#4224,.T.);
#6467=EDGE_CURVE('',#4801,#5158,#2220,.T.);
#6468=EDGE_CURVE('',#5157,#5158,#2221,.T.);
#6469=EDGE_CURVE('',#4819,#5159,#2222,.T.);
#6470=EDGE_CURVE('',#5159,#5160,#2223,.T.);
#6471=EDGE_CURVE('',#4820,#5160,#2224,.T.);
#6472=EDGE_CURVE('',#4818,#5161,#2225,.T.);
#6473=EDGE_CURVE('',#5161,#5159,#4225,.T.);
#6474=EDGE_CURVE('',#4817,#5162,#2226,.T.);
#6475=EDGE_CURVE('',#5162,#5161,#2227,.T.);
#6476=EDGE_CURVE('',#4815,#5163,#2228,.T.);
#6477=EDGE_CURVE('',#5163,#5162,#2229,.T.);
#6478=EDGE_CURVE('',#4816,#5164,#2230,.T.);
#6479=EDGE_CURVE('',#5164,#5163,#4226,.T.);
#6480=EDGE_CURVE('',#4831,#5165,#2231,.T.);
#6481=EDGE_CURVE('',#5166,#5165,#4227,.T.);
#6482=EDGE_CURVE('',#4832,#5166,#2232,.T.);
#6483=EDGE_CURVE('',#4830,#5167,#2233,.T.);
#6484=EDGE_CURVE('',#5165,#5167,#2234,.T.);
#6485=EDGE_CURVE('',#4829,#5168,#2235,.T.);
#6486=EDGE_CURVE('',#5167,#5168,#4228,.T.);
#6487=EDGE_CURVE('',#4828,#5169,#2236,.T.);
#6488=EDGE_CURVE('',#5168,#5169,#2237,.T.);
#6489=EDGE_CURVE('',#4826,#5170,#2238,.T.);
#6490=EDGE_CURVE('',#5169,#5170,#4229,.T.);
#6491=EDGE_CURVE('',#4827,#5171,#2239,.T.);
#6492=EDGE_CURVE('',#5170,#5171,#2240,.T.);
#6493=EDGE_CURVE('',#4843,#5172,#2241,.T.);
#6494=EDGE_CURVE('',#5173,#5172,#4230,.T.);
#6495=EDGE_CURVE('',#4844,#5173,#2242,.T.);
#6496=EDGE_CURVE('',#4842,#5174,#2243,.T.);
#6497=EDGE_CURVE('',#5172,#5174,#2244,.T.);
#6498=EDGE_CURVE('',#4841,#5175,#2245,.T.);
#6499=EDGE_CURVE('',#5174,#5175,#4231,.T.);
#6500=EDGE_CURVE('',#4840,#5176,#2246,.T.);
#6501=EDGE_CURVE('',#5175,#5176,#2247,.T.);
#6502=EDGE_CURVE('',#4838,#5177,#2248,.T.);
#6503=EDGE_CURVE('',#5176,#5177,#4232,.T.);
#6504=EDGE_CURVE('',#4839,#5178,#2249,.T.);
#6505=EDGE_CURVE('',#5177,#5178,#2250,.T.);
#6506=EDGE_CURVE('',#4856,#5179,#2251,.T.);
#6507=EDGE_CURVE('',#5180,#5179,#2252,.T.);
#6508=EDGE_CURVE('',#4857,#5180,#2253,.T.);
#6509=EDGE_CURVE('',#4855,#5181,#2254,.T.);
#6510=EDGE_CURVE('',#5179,#5181,#4233,.T.);
#6511=EDGE_CURVE('',#4854,#5182,#2255,.T.);
#6512=EDGE_CURVE('',#5181,#5182,#2256,.T.);
#6513=EDGE_CURVE('',#4853,#5183,#2257,.T.);
#6514=EDGE_CURVE('',#5182,#5183,#4234,.T.);
#6515=EDGE_CURVE('',#4852,#5184,#2258,.T.);
#6516=EDGE_CURVE('',#5183,#5184,#2259,.T.);
#6517=EDGE_CURVE('',#4850,#5185,#2260,.T.);
#6518=EDGE_CURVE('',#5184,#5185,#4235,.T.);
#6519=EDGE_CURVE('',#4851,#5186,#2261,.T.);
#6520=EDGE_CURVE('',#5185,#5186,#2262,.T.);
#6521=EDGE_CURVE('',#4867,#5187,#2263,.T.);
#6522=EDGE_CURVE('',#5187,#5188,#4236,.T.);
#6523=EDGE_CURVE('',#5188,#4868,#2264,.T.);
#6524=EDGE_CURVE('',#5189,#4866,#2265,.T.);
#6525=EDGE_CURVE('',#5187,#5189,#4237,.T.);
#6526=EDGE_CURVE('',#4865,#5190,#2266,.T.);
#6527=EDGE_CURVE('',#5189,#5190,#4238,.F.);
#6528=EDGE_CURVE('',#5191,#4863,#2267,.T.);
#6529=EDGE_CURVE('',#5190,#5191,#4239,.T.);
#6530=EDGE_CURVE('',#4864,#5192,#2268,.T.);
#6531=EDGE_CURVE('',#5192,#5191,#4240,.T.);
#6532=EDGE_CURVE('',#4879,#5193,#2269,.T.);
#6533=EDGE_CURVE('',#5194,#5193,#4241,.T.);
#6534=EDGE_CURVE('',#4880,#5194,#2270,.T.);
#6535=EDGE_CURVE('',#4878,#5195,#2271,.T.);
#6536=EDGE_CURVE('',#5193,#5195,#2272,.T.);
#6537=EDGE_CURVE('',#5196,#4877,#2273,.T.);
#6538=EDGE_CURVE('',#5195,#5196,#4242,.T.);
#6539=EDGE_CURVE('',#4876,#5197,#2274,.T.);
#6540=EDGE_CURVE('',#5197,#5196,#4243,.T.);
#6541=EDGE_CURVE('',#5198,#4875,#2275,.T.);
#6542=EDGE_CURVE('',#5197,#5198,#4244,.T.);
#6543=EDGE_CURVE('',#4874,#5199,#2276,.T.);
#6544=EDGE_CURVE('',#5199,#5198,#4245,.T.);
#6545=EDGE_CURVE('',#4872,#5200,#2277,.T.);
#6546=EDGE_CURVE('',#5199,#5200,#2278,.T.);
#6547=EDGE_CURVE('',#4873,#5201,#2279,.T.);
#6548=EDGE_CURVE('',#5200,#5201,#4246,.T.);
#6549=EDGE_CURVE('',#4891,#5202,#2280,.T.);
#6550=EDGE_CURVE('',#5203,#5202,#4247,.T.);
#6551=EDGE_CURVE('',#4892,#5203,#2281,.T.);
#6552=EDGE_CURVE('',#4890,#5204,#2282,.T.);
#6553=EDGE_CURVE('',#5202,#5204,#2283,.T.);
#6554=EDGE_CURVE('',#5205,#4889,#2284,.T.);
#6555=EDGE_CURVE('',#5204,#5205,#4248,.T.);
#6556=EDGE_CURVE('',#4887,#5206,#2285,.T.);
#6557=EDGE_CURVE('',#5206,#5205,#4249,.T.);
#6558=EDGE_CURVE('',#5207,#4888,#2286,.T.);
#6559=EDGE_CURVE('',#5206,#5207,#4250,.T.);
#6560=EDGE_CURVE('',#4903,#5208,#2287,.T.);
#6561=EDGE_CURVE('',#5209,#5208,#2288,.T.);
#6562=EDGE_CURVE('',#4904,#5209,#2289,.T.);
#6563=EDGE_CURVE('',#5210,#4902,#2290,.T.);
#6564=EDGE_CURVE('',#5208,#5210,#4251,.T.);
#6565=EDGE_CURVE('',#4901,#5211,#2291,.T.);
#6566=EDGE_CURVE('',#5211,#5210,#4252,.T.);
#6567=EDGE_CURVE('',#5212,#4900,#2292,.T.);
#6568=EDGE_CURVE('',#5212,#4499,#2293,.T.);
#6569=EDGE_CURVE('',#5213,#4498,#2294,.T.);
#6570=EDGE_CURVE('',#5213,#5214,#2295,.T.);
#6571=EDGE_CURVE('',#5214,#5211,#2296,.T.);
#6572=EDGE_CURVE('',#4898,#5215,#2297,.T.);
#6573=EDGE_CURVE('',#5215,#5212,#4253,.T.);
#6574=EDGE_CURVE('',#5216,#4899,#2298,.T.);
#6575=EDGE_CURVE('',#5215,#5216,#2299,.T.);
#6576=EDGE_CURVE('',#4914,#5217,#2300,.T.);
#6577=EDGE_CURVE('',#5218,#5217,#4254,.T.);
#6578=EDGE_CURVE('',#4915,#5218,#2301,.T.);
#6579=EDGE_CURVE('',#4913,#5219,#2302,.T.);
#6580=EDGE_CURVE('',#5217,#5219,#2303,.T.);
#6581=EDGE_CURVE('',#4912,#5220,#2304,.T.);
#6582=EDGE_CURVE('',#5219,#5220,#4255,.T.);
#6583=EDGE_CURVE('',#4911,#5221,#2305,.T.);
#6584=EDGE_CURVE('',#5220,#5221,#2306,.T.);
#6585=EDGE_CURVE('',#4909,#5222,#2307,.T.);
#6586=EDGE_CURVE('',#5221,#5222,#4256,.T.);
#6587=EDGE_CURVE('',#4910,#5223,#2308,.T.);
#6588=EDGE_CURVE('',#5222,#5223,#2309,.T.);
#6589=EDGE_CURVE('',#4927,#5224,#2310,.T.);
#6590=EDGE_CURVE('',#5225,#5224,#2311,.T.);
#6591=EDGE_CURVE('',#4928,#5225,#2312,.T.);
#6592=EDGE_CURVE('',#4926,#5226,#2313,.T.);
#6593=EDGE_CURVE('',#5224,#5226,#4257,.T.);
#6594=EDGE_CURVE('',#4925,#5227,#2314,.T.);
#6595=EDGE_CURVE('',#5226,#5227,#2315,.T.);
#6596=EDGE_CURVE('',#4924,#5228,#2316,.T.);
#6597=EDGE_CURVE('',#5227,#5228,#4258,.T.);
#6598=EDGE_CURVE('',#4923,#5229,#2317,.T.);
#6599=EDGE_CURVE('',#5228,#5229,#2318,.T.);
#6600=EDGE_CURVE('',#4921,#5230,#2319,.T.);
#6601=EDGE_CURVE('',#5229,#5230,#4259,.T.);
#6602=EDGE_CURVE('',#5231,#4922,#2320,.T.);
#6603=EDGE_CURVE('',#5230,#5231,#2321,.T.);
#6604=EDGE_CURVE('',#4939,#5232,#2322,.T.);
#6605=EDGE_CURVE('',#5233,#5232,#4260,.T.);
#6606=EDGE_CURVE('',#4940,#5233,#2323,.T.);
#6607=EDGE_CURVE('',#4938,#5234,#2324,.T.);
#6608=EDGE_CURVE('',#5232,#5234,#2325,.T.);
#6609=EDGE_CURVE('',#4937,#5235,#2326,.T.);
#6610=EDGE_CURVE('',#5234,#5235,#4261,.T.);
#6611=EDGE_CURVE('',#4936,#5236,#2327,.T.);
#6612=EDGE_CURVE('',#5235,#5236,#2328,.T.);
#6613=EDGE_CURVE('',#4934,#5237,#2329,.T.);
#6614=EDGE_CURVE('',#5236,#5237,#4262,.T.);
#6615=EDGE_CURVE('',#4935,#5238,#2330,.T.);
#6616=EDGE_CURVE('',#5237,#5238,#2331,.T.);
#6617=EDGE_CURVE('',#4951,#5239,#2332,.T.);
#6618=EDGE_CURVE('',#5240,#5239,#4263,.T.);
#6619=EDGE_CURVE('',#4952,#5240,#2333,.T.);
#6620=EDGE_CURVE('',#4950,#5241,#2334,.T.);
#6621=EDGE_CURVE('',#5239,#5241,#2335,.T.);
#6622=EDGE_CURVE('',#4949,#5242,#2336,.T.);
#6623=EDGE_CURVE('',#5241,#5242,#4264,.T.);
#6624=EDGE_CURVE('',#4948,#5243,#2337,.T.);
#6625=EDGE_CURVE('',#5242,#5243,#2338,.T.);
#6626=EDGE_CURVE('',#4946,#5244,#2339,.T.);
#6627=EDGE_CURVE('',#5243,#5244,#4265,.T.);
#6628=EDGE_CURVE('',#4947,#5245,#2340,.T.);
#6629=EDGE_CURVE('',#5244,#5245,#2341,.T.);
#6630=EDGE_CURVE('',#4964,#5246,#2342,.T.);
#6631=EDGE_CURVE('',#5247,#5246,#2343,.T.);
#6632=EDGE_CURVE('',#4965,#5247,#2344,.T.);
#6633=EDGE_CURVE('',#5248,#4963,#2345,.T.);
#6634=EDGE_CURVE('',#5246,#5248,#4266,.T.);
#6635=EDGE_CURVE('',#4962,#5249,#2346,.T.);
#6636=EDGE_CURVE('',#5249,#5248,#4267,.T.);
#6637=EDGE_CURVE('',#5250,#4961,#2347,.T.);
#6638=EDGE_CURVE('',#5249,#5250,#4268,.T.);
#6639=EDGE_CURVE('',#4960,#5251,#2348,.T.);
#6640=EDGE_CURVE('',#5251,#5250,#4269,.T.);
#6641=EDGE_CURVE('',#4958,#5252,#2349,.T.);
#6642=EDGE_CURVE('',#5251,#5252,#4270,.T.);
#6643=EDGE_CURVE('',#4959,#5253,#2350,.T.);
#6644=EDGE_CURVE('',#5252,#5253,#2351,.T.);
#6645=EDGE_CURVE('',#4977,#5254,#2352,.T.);
#6646=EDGE_CURVE('',#5255,#5254,#4271,.T.);
#6647=EDGE_CURVE('',#4978,#5255,#2353,.T.);
#6648=EDGE_CURVE('',#4976,#5256,#2354,.T.);
#6649=EDGE_CURVE('',#5254,#5256,#2355,.T.);
#6650=EDGE_CURVE('',#4975,#5257,#2356,.T.);
#6651=EDGE_CURVE('',#5256,#5257,#4272,.T.);
#6652=EDGE_CURVE('',#4974,#5258,#2357,.T.);
#6653=EDGE_CURVE('',#5257,#5258,#2358,.T.);
#6654=EDGE_CURVE('',#4972,#5259,#2359,.T.);
#6655=EDGE_CURVE('',#5258,#5259,#4273,.T.);
#6656=EDGE_CURVE('',#4973,#5260,#2360,.T.);
#6657=EDGE_CURVE('',#5259,#5260,#2361,.T.);
#6658=EDGE_CURVE('',#4989,#5261,#2362,.T.);
#6659=EDGE_CURVE('',#5262,#5261,#4274,.T.);
#6660=EDGE_CURVE('',#4990,#5262,#2363,.T.);
#6661=EDGE_CURVE('',#4988,#5263,#2364,.T.);
#6662=EDGE_CURVE('',#5261,#5263,#2365,.T.);
#6663=EDGE_CURVE('',#4987,#5264,#2366,.T.);
#6664=EDGE_CURVE('',#5263,#5264,#4275,.T.);
#6665=EDGE_CURVE('',#4986,#5265,#2367,.T.);
#6666=EDGE_CURVE('',#5264,#5265,#2368,.T.);
#6667=EDGE_CURVE('',#4984,#5266,#2369,.T.);
#6668=EDGE_CURVE('',#5265,#5266,#4276,.T.);
#6669=EDGE_CURVE('',#4985,#5267,#2370,.T.);
#6670=EDGE_CURVE('',#5266,#5267,#2371,.T.);
#6671=EDGE_CURVE('',#5002,#5268,#2372,.T.);
#6672=EDGE_CURVE('',#5269,#5268,#4277,.T.);
#6673=EDGE_CURVE('',#5003,#5269,#2373,.T.);
#6674=EDGE_CURVE('',#5270,#5001,#2374,.T.);
#6675=EDGE_CURVE('',#5268,#5270,#2375,.T.);
#6676=EDGE_CURVE('',#5000,#5271,#2376,.T.);
#6677=EDGE_CURVE('',#5271,#5270,#4278,.T.);
#6678=EDGE_CURVE('',#4998,#5272,#2377,.T.);
#6679=EDGE_CURVE('',#5272,#5273,#4279,.T.);
#6680=EDGE_CURVE('',#5273,#4999,#2378,.T.);
#6681=EDGE_CURVE('',#4996,#5274,#2379,.T.);
#6682=EDGE_CURVE('',#5272,#5274,#4280,.T.);
#6683=EDGE_CURVE('',#4997,#5275,#2380,.T.);
#6684=EDGE_CURVE('',#5274,#5275,#2381,.T.);
#6685=EDGE_CURVE('',#5013,#5276,#2382,.T.);
#6686=EDGE_CURVE('',#5277,#5276,#4281,.T.);
#6687=EDGE_CURVE('',#5014,#5277,#2383,.T.);
#6688=EDGE_CURVE('',#5012,#5278,#2384,.T.);
#6689=EDGE_CURVE('',#5276,#5278,#2385,.T.);
#6690=EDGE_CURVE('',#5011,#5279,#2386,.T.);
#6691=EDGE_CURVE('',#5278,#5279,#4282,.T.);
#6692=EDGE_CURVE('',#5280,#5009,#2387,.T.);
#6693=EDGE_CURVE('',#5279,#5280,#2388,.T.);
#6694=EDGE_CURVE('',#5010,#5281,#2389,.T.);
#6695=EDGE_CURVE('',#5281,#5280,#4283,.T.);
#6696=EDGE_CURVE('',#5273,#5281,#2390,.T.);
#6697=EDGE_CURVE('',#5282,#5018,#2391,.T.);
#6698=EDGE_CURVE('',#5283,#5282,#2392,.T.);
#6699=EDGE_CURVE('',#5284,#5283,#2393,.T.);
#6700=EDGE_CURVE('',#5284,#5271,#2394,.T.);
#6701=EDGE_CURVE('',#5024,#5285,#2395,.T.);
#6702=EDGE_CURVE('',#5286,#5285,#4284,.T.);
#6703=EDGE_CURVE('',#5025,#5286,#2396,.T.);
#6704=EDGE_CURVE('',#5023,#5287,#2397,.T.);
#6705=EDGE_CURVE('',#5285,#5287,#2398,.T.);
#6706=EDGE_CURVE('',#5022,#5288,#2399,.T.);
#6707=EDGE_CURVE('',#5287,#5288,#4285,.T.);
#6708=EDGE_CURVE('',#5289,#5021,#2400,.T.);
#6709=EDGE_CURVE('',#5288,#5289,#2401,.T.);
#6710=EDGE_CURVE('',#5019,#5290,#2402,.T.);
#6711=EDGE_CURVE('',#5290,#5289,#4286,.T.);
#6712=EDGE_CURVE('',#5291,#5020,#2403,.T.);
#6713=EDGE_CURVE('',#5290,#5291,#4287,.T.);
#6714=EDGE_CURVE('',#5292,#5035,#2404,.T.);
#6715=EDGE_CURVE('',#5293,#5292,#2405,.T.);
#6716=EDGE_CURVE('',#5036,#5293,#2406,.T.);
#6717=EDGE_CURVE('',#5034,#5294,#2407,.T.);
#6718=EDGE_CURVE('',#5294,#5292,#4288,.T.);
#6719=EDGE_CURVE('',#5033,#5295,#2408,.T.);
#6720=EDGE_CURVE('',#5294,#5295,#2409,.T.);
#6721=EDGE_CURVE('',#5031,#5296,#2410,.T.);
#6722=EDGE_CURVE('',#5295,#5296,#4289,.T.);
#6723=EDGE_CURVE('',#5032,#5297,#2411,.T.);
#6724=EDGE_CURVE('',#5296,#5297,#2412,.T.);
#6725=EDGE_CURVE('',#5298,#5045,#2413,.T.);
#6726=EDGE_CURVE('',#5299,#5298,#2414,.T.);
#6727=EDGE_CURVE('',#5046,#5299,#2415,.T.);
#6728=EDGE_CURVE('',#5044,#5300,#2416,.T.);
#6729=EDGE_CURVE('',#5300,#5298,#4290,.T.);
#6730=EDGE_CURVE('',#5043,#5301,#2417,.T.);
#6731=EDGE_CURVE('',#5300,#5301,#2418,.T.);
#6732=EDGE_CURVE('',#5041,#5302,#2419,.T.);
#6733=EDGE_CURVE('',#5301,#5302,#4291,.T.);
#6734=EDGE_CURVE('',#5042,#5303,#2420,.T.);
#6735=EDGE_CURVE('',#5302,#5303,#2421,.T.);
#6736=EDGE_CURVE('',#5304,#5055,#2422,.T.);
#6737=EDGE_CURVE('',#5305,#5304,#2423,.T.);
#6738=EDGE_CURVE('',#5056,#5305,#2424,.T.);
#6739=EDGE_CURVE('',#5054,#5306,#2425,.T.);
#6740=EDGE_CURVE('',#5306,#5304,#4292,.T.);
#6741=EDGE_CURVE('',#5053,#5307,#2426,.T.);
#6742=EDGE_CURVE('',#5306,#5307,#2427,.T.);
#6743=EDGE_CURVE('',#5051,#5308,#2428,.T.);
#6744=EDGE_CURVE('',#5307,#5308,#4293,.T.);
#6745=EDGE_CURVE('',#5052,#5309,#2429,.T.);
#6746=EDGE_CURVE('',#5308,#5309,#2430,.T.);
#6747=EDGE_CURVE('',#5310,#5065,#2431,.T.);
#6748=EDGE_CURVE('',#5311,#5310,#2432,.T.);
#6749=EDGE_CURVE('',#5066,#5311,#2433,.T.);
#6750=EDGE_CURVE('',#5064,#5312,#2434,.T.);
#6751=EDGE_CURVE('',#5312,#5310,#4294,.T.);
#6752=EDGE_CURVE('',#5063,#5313,#2435,.T.);
#6753=EDGE_CURVE('',#5312,#5313,#2436,.T.);
#6754=EDGE_CURVE('',#5061,#5314,#2437,.T.);
#6755=EDGE_CURVE('',#5313,#5314,#4295,.T.);
#6756=EDGE_CURVE('',#5062,#5315,#2438,.T.);
#6757=EDGE_CURVE('',#5314,#5315,#2439,.T.);
#6758=EDGE_CURVE('',#5074,#5316,#2440,.T.);
#6759=EDGE_CURVE('',#5317,#5316,#2441,.T.);
#6760=EDGE_CURVE('',#5075,#5317,#2442,.T.);
#6761=EDGE_CURVE('',#5073,#5318,#2443,.T.);
#6762=EDGE_CURVE('',#5316,#5318,#4296,.T.);
#6763=EDGE_CURVE('',#5319,#5071,#2444,.T.);
#6764=EDGE_CURVE('',#5318,#5319,#2445,.T.);
#6765=EDGE_CURVE('',#5072,#5320,#2446,.T.);
#6766=EDGE_CURVE('',#5320,#5319,#4297,.T.);
#6767=EDGE_CURVE('',#5084,#5321,#2447,.T.);
#6768=EDGE_CURVE('',#5322,#5321,#2448,.T.);
#6769=EDGE_CURVE('',#5085,#5322,#2449,.T.);
#6770=EDGE_CURVE('',#5083,#5323,#2450,.T.);
#6771=EDGE_CURVE('',#5321,#5323,#4298,.T.);
#6772=EDGE_CURVE('',#5082,#5324,#2451,.T.);
#6773=EDGE_CURVE('',#5323,#5324,#2452,.T.);
#6774=EDGE_CURVE('',#5081,#5325,#2453,.T.);
#6775=EDGE_CURVE('',#5324,#5325,#4299,.T.);
#6776=EDGE_CURVE('',#5079,#5326,#2454,.T.);
#6777=EDGE_CURVE('',#5325,#5326,#2455,.T.);
#6778=EDGE_CURVE('',#5080,#5327,#2456,.T.);
#6779=EDGE_CURVE('',#5326,#5327,#4300,.T.);
#6780=EDGE_CURVE('',#5096,#5328,#2457,.T.);
#6781=EDGE_CURVE('',#5329,#5328,#4301,.T.);
#6782=EDGE_CURVE('',#5097,#5329,#2458,.T.);
#6783=EDGE_CURVE('',#5095,#5330,#2459,.T.);
#6784=EDGE_CURVE('',#5328,#5330,#2460,.T.);
#6785=EDGE_CURVE('',#5094,#5331,#2461,.T.);
#6786=EDGE_CURVE('',#5330,#5331,#4302,.T.);
#6787=EDGE_CURVE('',#5093,#5332,#2462,.T.);
#6788=EDGE_CURVE('',#5331,#5332,#2463,.T.);
#6789=EDGE_CURVE('',#5091,#5333,#2464,.T.);
#6790=EDGE_CURVE('',#5332,#5333,#4303,.T.);
#6791=EDGE_CURVE('',#5092,#5334,#2465,.T.);
#6792=EDGE_CURVE('',#5333,#5334,#2466,.T.);
#6793=EDGE_CURVE('',#4697,#4615,#2467,.T.);
#6794=EDGE_CURVE('',#4698,#4614,#2468,.T.);
#6795=EDGE_CURVE('',#4701,#4613,#2469,.T.);
#6796=EDGE_CURVE('',#4702,#4612,#2470,.T.);
#6797=EDGE_CURVE('',#5335,#5164,#2471,.T.);
#6798=EDGE_CURVE('',#5336,#5335,#4304,.T.);
#6799=EDGE_CURVE('',#5337,#5336,#2472,.T.);
#6800=EDGE_CURVE('',#5160,#5337,#4305,.T.);
#6801=EDGE_CURVE('',#5338,#5338,#4306,.T.);
#6802=EDGE_CURVE('',#5339,#5339,#4307,.T.);
#6803=EDGE_CURVE('',#5340,#5340,#4308,.T.);
#6804=EDGE_CURVE('',#5341,#5341,#4309,.T.);
#6805=EDGE_CURVE('',#5342,#5342,#4310,.T.);
#6806=EDGE_CURVE('',#5343,#5343,#4311,.T.);
#6807=EDGE_CURVE('',#5344,#5344,#4312,.T.);
#6808=EDGE_CURVE('',#4897,#5345,#2473,.T.);
#6809=EDGE_CURVE('',#5345,#5207,#4313,.T.);
#6810=EDGE_CURVE('',#5346,#4896,#2474,.T.);
#6811=EDGE_CURVE('',#4661,#5346,#2475,.T.);
#6812=EDGE_CURVE('',#4660,#5345,#2476,.T.);
#6813=EDGE_CURVE('',#5347,#5348,#2477,.T.);
#6814=EDGE_CURVE('',#5349,#5348,#2478,.T.);
#6815=EDGE_CURVE('',#5350,#5349,#2479,.T.);
#6816=EDGE_CURVE('',#5350,#5347,#2480,.T.);
#6817=EDGE_CURVE('',#5348,#5351,#4314,.T.);
#6818=EDGE_CURVE('',#5351,#5352,#2481,.T.);
#6819=EDGE_CURVE('',#5352,#5349,#4315,.T.);
#6820=EDGE_CURVE('',#5351,#5353,#2482,.T.);
#6821=EDGE_CURVE('',#5354,#5353,#2483,.T.);
#6822=EDGE_CURVE('',#5352,#5354,#2484,.T.);
#6823=EDGE_CURVE('',#5355,#5356,#2485,.T.);
#6824=EDGE_CURVE('',#5357,#5356,#2486,.T.);
#6825=EDGE_CURVE('',#5358,#5357,#2487,.T.);
#6826=EDGE_CURVE('',#5358,#5355,#2488,.T.);
#6827=EDGE_CURVE('',#5359,#5360,#2489,.T.);
#6828=EDGE_CURVE('',#5361,#5360,#2490,.T.);
#6829=EDGE_CURVE('',#5362,#5361,#2491,.T.);
#6830=EDGE_CURVE('',#5362,#5359,#2492,.T.);
#6831=EDGE_CURVE('',#5363,#5078,#2493,.T.);
#6832=EDGE_CURVE('',#5363,#5364,#2494,.T.);
#6833=EDGE_CURVE('',#5365,#5364,#2495,.T.);
#6834=EDGE_CURVE('',#4692,#5365,#2496,.T.);
#6835=EDGE_CURVE('',#4691,#5320,#2497,.T.);
#6836=EDGE_CURVE('',#5366,#5366,#4316,.T.);
#6837=EDGE_CURVE('',#5366,#5367,#2498,.T.);
#6838=EDGE_CURVE('',#5367,#5367,#4317,.T.);
#6839=EDGE_CURVE('',#5368,#5368,#4318,.T.);
#6840=EDGE_CURVE('',#5367,#5369,#2499,.T.);
#6841=EDGE_CURVE('',#5369,#5369,#4319,.T.);
#6842=EDGE_CURVE('',#5368,#5370,#2500,.T.);
#6843=EDGE_CURVE('',#5370,#5370,#4320,.T.);
#6844=EDGE_CURVE('',#5370,#5106,#2501,.T.);
#6845=EDGE_CURVE('',#5371,#5371,#4321,.T.);
#6846=EDGE_CURVE('',#5371,#5372,#2502,.T.);
#6847=EDGE_CURVE('',#5372,#5372,#4322,.T.);
#6848=EDGE_CURVE('',#5373,#5373,#4323,.T.);
#6849=EDGE_CURVE('',#5372,#5374,#2503,.T.);
#6850=EDGE_CURVE('',#5374,#5374,#4324,.T.);
#6851=EDGE_CURVE('',#5373,#5375,#2504,.T.);
#6852=EDGE_CURVE('',#5375,#5375,#4325,.T.);
#6853=EDGE_CURVE('',#5375,#5107,#2505,.T.);
#6854=EDGE_CURVE('',#5376,#5376,#4326,.T.);
#6855=EDGE_CURVE('',#5376,#5377,#2506,.T.);
#6856=EDGE_CURVE('',#5377,#5377,#4327,.T.);
#6857=EDGE_CURVE('',#5378,#5378,#4328,.T.);
#6858=EDGE_CURVE('',#5377,#5379,#2507,.T.);
#6859=EDGE_CURVE('',#5379,#5379,#4329,.T.);
#6860=EDGE_CURVE('',#5378,#5380,#2508,.T.);
#6861=EDGE_CURVE('',#5380,#5380,#4330,.T.);
#6862=EDGE_CURVE('',#5380,#5105,#2509,.T.);
#6863=EDGE_CURVE('',#5381,#5381,#4331,.T.);
#6864=EDGE_CURVE('',#5381,#5382,#2510,.T.);
#6865=EDGE_CURVE('',#5382,#5382,#4332,.T.);
#6866=EDGE_CURVE('',#5383,#5383,#4333,.T.);
#6867=EDGE_CURVE('',#5382,#5104,#2511,.T.);
#6868=EDGE_CURVE('',#5383,#5384,#2512,.T.);
#6869=EDGE_CURVE('',#5384,#5384,#4334,.T.);
#6870=EDGE_CURVE('',#5384,#5385,#2513,.T.);
#6871=EDGE_CURVE('',#5385,#5385,#4335,.T.);
#6872=EDGE_CURVE('',#5386,#5386,#4336,.T.);
#6873=EDGE_CURVE('',#5386,#5387,#2514,.T.);
#6874=EDGE_CURVE('',#5387,#5387,#4337,.T.);
#6875=EDGE_CURVE('',#5388,#5388,#4338,.T.);
#6876=EDGE_CURVE('',#5387,#5389,#2515,.T.);
#6877=EDGE_CURVE('',#5389,#5389,#4339,.T.);
#6878=EDGE_CURVE('',#5388,#5390,#2516,.T.);
#6879=EDGE_CURVE('',#5390,#5390,#4340,.T.);
#6880=EDGE_CURVE('',#5390,#5103,#2517,.T.);
#6881=EDGE_CURVE('',#5360,#5284,#4341,.T.);
#6882=EDGE_CURVE('',#5283,#5361,#4342,.T.);
#6883=EDGE_CURVE('',#5030,#5391,#2518,.T.);
#6884=EDGE_CURVE('',#5391,#5291,#4343,.T.);
#6885=EDGE_CURVE('',#5029,#5392,#2519,.T.);
#6886=EDGE_CURVE('',#5391,#5392,#2520,.T.);
#6887=EDGE_CURVE('',#4807,#5393,#2521,.T.);
#6888=EDGE_CURVE('',#5393,#5394,#4344,.T.);
#6889=EDGE_CURVE('',#5395,#5394,#4345,.T.);
#6890=EDGE_CURVE('',#5395,#4808,#2522,.T.);
#6891=EDGE_CURVE('',#5395,#5396,#2523,.T.);
#6892=EDGE_CURVE('',#5397,#5396,#2524,.T.);
#6893=EDGE_CURVE('',#4809,#5397,#2525,.T.);
#6894=EDGE_CURVE('',#5396,#5394,#4346,.T.);
#6895=EDGE_CURVE('',#5153,#5398,#2526,.T.);
#6896=EDGE_CURVE('',#5399,#5398,#2527,.T.);
#6897=EDGE_CURVE('',#5400,#5399,#2528,.T.);
#6898=EDGE_CURVE('',#5400,#5401,#2529,.T.);
#6899=EDGE_CURVE('',#5401,#5393,#2530,.T.);
#6900=EDGE_CURVE('',#4763,#5402,#2531,.T.);
#6901=EDGE_CURVE('',#5129,#5402,#4347,.F.);
#6902=EDGE_CURVE('',#4762,#5403,#2532,.T.);
#6903=EDGE_CURVE('',#5402,#5403,#2533,.T.);
#6904=EDGE_CURVE('',#4740,#5404,#2534,.T.);
#6905=EDGE_CURVE('',#5404,#5116,#4348,.T.);
#6906=EDGE_CURVE('',#5405,#5109,#4349,.T.);
#6907=EDGE_CURVE('',#4734,#5405,#2535,.T.);
#6908=EDGE_CURVE('',#5405,#5406,#4350,.T.);
#6909=EDGE_CURVE('',#5406,#4735,#2536,.T.);
#6910=EDGE_CURVE('',#4754,#5407,#2537,.T.);
#6911=EDGE_CURVE('',#5407,#5124,#4351,.T.);
#6912=EDGE_CURVE('',#5311,#5408,#4352,.T.);
#6913=EDGE_CURVE('',#5408,#5067,#2538,.T.);
#6914=EDGE_CURVE('',#5293,#5409,#4353,.T.);
#6915=EDGE_CURVE('',#5409,#5037,#2539,.T.);
#6916=EDGE_CURVE('',#5077,#5410,#2540,.T.);
#6917=EDGE_CURVE('',#5363,#5410,#4354,.F.);
#6918=EDGE_CURVE('',#5076,#5411,#2541,.T.);
#6919=EDGE_CURVE('',#5410,#5411,#2542,.T.);
#6920=EDGE_CURVE('',#4859,#5412,#2543,.T.);
#6921=EDGE_CURVE('',#5412,#5413,#4355,.T.);
#6922=EDGE_CURVE('',#5413,#4860,#2544,.T.);
#6923=EDGE_CURVE('',#5414,#5413,#4356,.T.);
#6924=EDGE_CURVE('',#4861,#5414,#2545,.T.);
#6925=EDGE_CURVE('',#5180,#5415,#4357,.T.);
#6926=EDGE_CURVE('',#5415,#4858,#2546,.T.);
#6927=EDGE_CURVE('',#4894,#5416,#2547,.T.);
#6928=EDGE_CURVE('',#5417,#5416,#4358,.F.);
#6929=EDGE_CURVE('',#5417,#4895,#2548,.T.);
#6930=EDGE_CURVE('',#4893,#5418,#2549,.T.);
#6931=EDGE_CURVE('',#5416,#5418,#4359,.T.);
#6932=EDGE_CURVE('',#5277,#5419,#4360,.T.);
#6933=EDGE_CURVE('',#5419,#5015,#2550,.T.);
#6934=EDGE_CURVE('',#5420,#5419,#4361,.T.);
#6935=EDGE_CURVE('',#5016,#5420,#2551,.T.);
#6936=EDGE_CURVE('',#5421,#5420,#4362,.F.);
#6937=EDGE_CURVE('',#5421,#5017,#2552,.T.);
#6938=EDGE_CURVE('',#5422,#5214,#2553,.T.);
#6939=EDGE_CURVE('',#5423,#5213,#2554,.T.);
#6940=EDGE_CURVE('',#5423,#5422,#2555,.T.);
#6941=EDGE_CURVE('',#4931,#5424,#2556,.T.);
#6942=EDGE_CURVE('',#5424,#5425,#4363,.T.);
#6943=EDGE_CURVE('',#5425,#4932,#2557,.T.);
#6944=EDGE_CURVE('',#4930,#5426,#2558,.T.);
#6945=EDGE_CURVE('',#5424,#5426,#4364,.T.);
#6946=EDGE_CURVE('',#4933,#5427,#2559,.T.);
#6947=EDGE_CURVE('',#5427,#5231,#4365,.T.);
#6948=EDGE_CURVE('',#4871,#5428,#2560,.T.);
#6949=EDGE_CURVE('',#5192,#5428,#2561,.T.);
#6950=EDGE_CURVE('',#4908,#5429,#2562,.T.);
#6951=EDGE_CURVE('',#5429,#5216,#4366,.T.);
#6952=EDGE_CURVE('',#4907,#5430,#2563,.T.);
#6953=EDGE_CURVE('',#5429,#5430,#2564,.T.);
#6954=EDGE_CURVE('',#5305,#5431,#4367,.T.);
#6955=EDGE_CURVE('',#5431,#5057,#2565,.T.);
#6956=EDGE_CURVE('',#5299,#5432,#4368,.T.);
#6957=EDGE_CURVE('',#5432,#5047,#2566,.T.);
#6958=EDGE_CURVE('',#4471,#4483,#2567,.T.);
#6959=EDGE_CURVE('',#5430,#5433,#4369,.T.);
#6960=EDGE_CURVE('',#5433,#5434,#2568,.T.);
#6961=EDGE_CURVE('',#5434,#5209,#4370,.T.);
#6962=EDGE_CURVE('',#5421,#5422,#4371,.T.);
#6963=EDGE_CURVE('',#5275,#5435,#4372,.T.);
#6964=EDGE_CURVE('',#5435,#5436,#2569,.T.);
#6965=EDGE_CURVE('',#5436,#5437,#4373,.T.);
#6966=EDGE_CURVE('',#5437,#5438,#2570,.T.);
#6967=EDGE_CURVE('',#5438,#5439,#4374,.T.);
#6968=EDGE_CURVE('',#5439,#5269,#2571,.T.);
#6969=EDGE_CURVE('',#5364,#5359,#4375,.T.);
#6970=EDGE_CURVE('',#5411,#5317,#4376,.T.);
#6971=EDGE_CURVE('',#5403,#5440,#4377,.T.);
#6972=EDGE_CURVE('',#5440,#5441,#2572,.T.);
#6973=EDGE_CURVE('',#5441,#5126,#4378,.T.);
#6974=EDGE_CURVE('',#5353,#5128,#4379,.T.);
#6975=EDGE_CURVE('',#5398,#5347,#4380,.T.);
#6976=EDGE_CURVE('',#5158,#5442,#4381,.T.);
#6977=EDGE_CURVE('',#5442,#5443,#2573,.T.);
#6978=EDGE_CURVE('',#5443,#5397,#4382,.T.);
#6979=EDGE_CURVE('',#5356,#5396,#4383,.T.);
#6980=EDGE_CURVE('',#5444,#5355,#2574,.T.);
#6981=EDGE_CURVE('',#5417,#5444,#4384,.T.);
#6982=EDGE_CURVE('',#5418,#5203,#2575,.T.);
#6983=EDGE_CURVE('',#4579,#4594,#2576,.T.);
#6984=EDGE_CURVE('',#4569,#4581,#2577,.T.);
#6985=EDGE_CURVE('',#4481,#4493,#2578,.T.);
#6986=EDGE_CURVE('',#5428,#5445,#4385,.T.);
#6987=EDGE_CURVE('',#5445,#5446,#2579,.T.);
#6988=EDGE_CURVE('',#5446,#5188,#4386,.T.);
#6989=EDGE_CURVE('',#5404,#5447,#4387,.T.);
#6990=EDGE_CURVE('',#5447,#5448,#2580,.T.);
#6991=EDGE_CURVE('',#5448,#5449,#4388,.T.);
#6992=EDGE_CURVE('',#5449,#5450,#2581,.T.);
#6993=EDGE_CURVE('',#5450,#5406,#4389,.T.);
#6994=EDGE_CURVE('',#5151,#5451,#4390,.T.);
#6995=EDGE_CURVE('',#5451,#5452,#2582,.T.);
#6996=EDGE_CURVE('',#5452,#5453,#4391,.T.);
#6997=EDGE_CURVE('',#5453,#5454,#2583,.T.);
#6998=EDGE_CURVE('',#5454,#5455,#4392,.T.);
#6999=EDGE_CURVE('',#5455,#5146,#2584,.T.);
#7000=EDGE_CURVE('',#5334,#5456,#4393,.T.);
#7001=EDGE_CURVE('',#5456,#5457,#2585,.T.);
#7002=EDGE_CURVE('',#5457,#5458,#4394,.T.);
#7003=EDGE_CURVE('',#5458,#5459,#2586,.T.);
#7004=EDGE_CURVE('',#5459,#5460,#4395,.T.);
#7005=EDGE_CURVE('',#5460,#5329,#2587,.T.);
#7006=EDGE_CURVE('',#5327,#5461,#2588,.T.);
#7007=EDGE_CURVE('',#5461,#5462,#4396,.T.);
#7008=EDGE_CURVE('',#5462,#5463,#2589,.T.);
#7009=EDGE_CURVE('',#5463,#5464,#4397,.T.);
#7010=EDGE_CURVE('',#5464,#5465,#2590,.T.);
#7011=EDGE_CURVE('',#5465,#5322,#4398,.T.);
#7012=EDGE_CURVE('',#5315,#5466,#4399,.T.);
#7013=EDGE_CURVE('',#5466,#5467,#2591,.T.);
#7014=EDGE_CURVE('',#5467,#5468,#4400,.T.);
#7015=EDGE_CURVE('',#5468,#5408,#2592,.T.);
#7016=EDGE_CURVE('',#5309,#5469,#4401,.T.);
#7017=EDGE_CURVE('',#5469,#5470,#2593,.T.);
#7018=EDGE_CURVE('',#5470,#5471,#4402,.T.);
#7019=EDGE_CURVE('',#5471,#5431,#2594,.T.);
#7020=EDGE_CURVE('',#5303,#5472,#4403,.T.);
#7021=EDGE_CURVE('',#5472,#5473,#2595,.T.);
#7022=EDGE_CURVE('',#5473,#5474,#4404,.T.);
#7023=EDGE_CURVE('',#5474,#5432,#2596,.T.);
#7024=EDGE_CURVE('',#5297,#5475,#4405,.T.);
#7025=EDGE_CURVE('',#5475,#5476,#2597,.T.);
#7026=EDGE_CURVE('',#5476,#5477,#4406,.T.);
#7027=EDGE_CURVE('',#5477,#5409,#2598,.T.);
#7028=EDGE_CURVE('',#5392,#5478,#4407,.T.);
#7029=EDGE_CURVE('',#5478,#5479,#2599,.T.);
#7030=EDGE_CURVE('',#5479,#5480,#4408,.T.);
#7031=EDGE_CURVE('',#5480,#5286,#2600,.T.);
#7032=EDGE_CURVE('',#5267,#5481,#4409,.T.);
#7033=EDGE_CURVE('',#5481,#5482,#2601,.T.);
#7034=EDGE_CURVE('',#5482,#5483,#4410,.T.);
#7035=EDGE_CURVE('',#5483,#5484,#2602,.T.);
#7036=EDGE_CURVE('',#5484,#5485,#4411,.T.);
#7037=EDGE_CURVE('',#5485,#5262,#2603,.T.);
#7038=EDGE_CURVE('',#5260,#5486,#4412,.T.);
#7039=EDGE_CURVE('',#5486,#5487,#2604,.T.);
#7040=EDGE_CURVE('',#5487,#5488,#4413,.T.);
#7041=EDGE_CURVE('',#5488,#5489,#2605,.T.);
#7042=EDGE_CURVE('',#5489,#5490,#4414,.T.);
#7043=EDGE_CURVE('',#5490,#5255,#2606,.T.);
#7044=EDGE_CURVE('',#5491,#5492,#2607,.T.);
#7045=EDGE_CURVE('',#5492,#5493,#4415,.T.);
#7046=EDGE_CURVE('',#5493,#5494,#2608,.T.);
#7047=EDGE_CURVE('',#5494,#5495,#4416,.T.);
#7048=EDGE_CURVE('',#5495,#5118,#2609,.T.);
#7049=EDGE_CURVE('',#5407,#5491,#4417,.T.);
#7050=EDGE_CURVE('',#5253,#5496,#4418,.T.);
#7051=EDGE_CURVE('',#5496,#5497,#2610,.T.);
#7052=EDGE_CURVE('',#5497,#5498,#4419,.T.);
#7053=EDGE_CURVE('',#5498,#5499,#2611,.T.);
#7054=EDGE_CURVE('',#5499,#5500,#4420,.T.);
#7055=EDGE_CURVE('',#5500,#5501,#2612,.T.);
#7056=EDGE_CURVE('',#5501,#5247,#4421,.T.);
#7057=EDGE_CURVE('',#5245,#5502,#4422,.T.);
#7058=EDGE_CURVE('',#5502,#5503,#2613,.T.);
#7059=EDGE_CURVE('',#5503,#5504,#4423,.T.);
#7060=EDGE_CURVE('',#5504,#5505,#2614,.T.);
#7061=EDGE_CURVE('',#5505,#5506,#4424,.T.);
#7062=EDGE_CURVE('',#5506,#5240,#2615,.T.);
#7063=EDGE_CURVE('',#5238,#5507,#4425,.T.);
#7064=EDGE_CURVE('',#5507,#5508,#2616,.T.);
#7065=EDGE_CURVE('',#5508,#5509,#4426,.T.);
#7066=EDGE_CURVE('',#5509,#5510,#2617,.T.);
#7067=EDGE_CURVE('',#5510,#5511,#4427,.T.);
#7068=EDGE_CURVE('',#5511,#5233,#2618,.T.);
#7069=EDGE_CURVE('',#5427,#5425,#4428,.T.);
#7070=EDGE_CURVE('',#5426,#5512,#2619,.T.);
#7071=EDGE_CURVE('',#5512,#5225,#4429,.T.);
#7072=EDGE_CURVE('',#5223,#5513,#4430,.T.);
#7073=EDGE_CURVE('',#5513,#5514,#2620,.T.);
#7074=EDGE_CURVE('',#5514,#5515,#4431,.T.);
#7075=EDGE_CURVE('',#5515,#5516,#2621,.T.);
#7076=EDGE_CURVE('',#5516,#5517,#4432,.T.);
#7077=EDGE_CURVE('',#5517,#5218,#2622,.T.);
#7078=EDGE_CURVE('',#5137,#5518,#4433,.T.);
#7079=EDGE_CURVE('',#5518,#5519,#2623,.T.);
#7080=EDGE_CURVE('',#5519,#5520,#4434,.T.);
#7081=EDGE_CURVE('',#5520,#5521,#2624,.T.);
#7082=EDGE_CURVE('',#5521,#5522,#4435,.T.);
#7083=EDGE_CURVE('',#5522,#5132,#2625,.T.);
#7084=EDGE_CURVE('',#5201,#5523,#2626,.T.);
#7085=EDGE_CURVE('',#5523,#5524,#4436,.T.);
#7086=EDGE_CURVE('',#5524,#5525,#2627,.T.);
#7087=EDGE_CURVE('',#5525,#5526,#4437,.T.);
#7088=EDGE_CURVE('',#5526,#5527,#2628,.T.);
#7089=EDGE_CURVE('',#5527,#5528,#4438,.T.);
#7090=EDGE_CURVE('',#5528,#5194,#2629,.T.);
#7091=EDGE_CURVE('',#5186,#5529,#4439,.T.);
#7092=EDGE_CURVE('',#5529,#5414,#2630,.T.);
#7093=EDGE_CURVE('',#5412,#5415,#4440,.T.);
#7094=EDGE_CURVE('',#5178,#5530,#4441,.T.);
#7095=EDGE_CURVE('',#5530,#5531,#2631,.T.);
#7096=EDGE_CURVE('',#5531,#5532,#4442,.T.);
#7097=EDGE_CURVE('',#5532,#5533,#2632,.T.);
#7098=EDGE_CURVE('',#5533,#5534,#4443,.T.);
#7099=EDGE_CURVE('',#5534,#5173,#2633,.T.);
#7100=EDGE_CURVE('',#5171,#5535,#4444,.T.);
#7101=EDGE_CURVE('',#5535,#5536,#2634,.T.);
#7102=EDGE_CURVE('',#5536,#5537,#4445,.T.);
#7103=EDGE_CURVE('',#5537,#5538,#2635,.T.);
#7104=EDGE_CURVE('',#5538,#5539,#4446,.T.);
#7105=EDGE_CURVE('',#5539,#5166,#2636,.T.);
#7106=EDGE_CURVE('',#5144,#5540,#4447,.T.);
#7107=EDGE_CURVE('',#5540,#5541,#2637,.T.);
#7108=EDGE_CURVE('',#5541,#5542,#4448,.T.);
#7109=EDGE_CURVE('',#5542,#5543,#2638,.T.);
#7110=EDGE_CURVE('',#5543,#5544,#4449,.T.);
#7111=EDGE_CURVE('',#5544,#5139,#2639,.T.);
#7112=EDGE_CURVE('',#5365,#5362,#4450,.T.);
#7113=EDGE_CURVE('',#5282,#5423,#4451,.T.);
#7114=EDGE_CURVE('',#4736,#5450,#2640,.T.);
#7115=EDGE_CURVE('',#5102,#5456,#2641,.T.);
#7116=EDGE_CURVE('',#5101,#5457,#2642,.T.);
#7117=EDGE_CURVE('',#5100,#5458,#2643,.T.);
#7118=EDGE_CURVE('',#5099,#5459,#2644,.T.);
#7119=EDGE_CURVE('',#5098,#5460,#2645,.T.);
#7120=EDGE_CURVE('',#5090,#5461,#2646,.T.);
#7121=EDGE_CURVE('',#5089,#5462,#2647,.T.);
#7122=EDGE_CURVE('',#5088,#5463,#2648,.T.);
#7123=EDGE_CURVE('',#5087,#5464,#2649,.T.);
#7124=EDGE_CURVE('',#5086,#5465,#2650,.T.);
#7125=EDGE_CURVE('',#5070,#5466,#2651,.T.);
#7126=EDGE_CURVE('',#5069,#5467,#2652,.T.);
#7127=EDGE_CURVE('',#5068,#5468,#2653,.T.);
#7128=EDGE_CURVE('',#5060,#5469,#2654,.T.);
#7129=EDGE_CURVE('',#5059,#5470,#2655,.T.);
#7130=EDGE_CURVE('',#5058,#5471,#2656,.T.);
#7131=EDGE_CURVE('',#5050,#5472,#2657,.T.);
#7132=EDGE_CURVE('',#5049,#5473,#2658,.T.);
#7133=EDGE_CURVE('',#5048,#5474,#2659,.T.);
#7134=EDGE_CURVE('',#5040,#5475,#2660,.T.);
#7135=EDGE_CURVE('',#5039,#5476,#2661,.T.);
#7136=EDGE_CURVE('',#5038,#5477,#2662,.T.);
#7137=EDGE_CURVE('',#5028,#5478,#2663,.T.);
#7138=EDGE_CURVE('',#5027,#5479,#2664,.T.);
#7139=EDGE_CURVE('',#5026,#5480,#2665,.T.);
#7140=EDGE_CURVE('',#5008,#5435,#2666,.T.);
#7141=EDGE_CURVE('',#5007,#5436,#2667,.T.);
#7142=EDGE_CURVE('',#5006,#5437,#2668,.T.);
#7143=EDGE_CURVE('',#5005,#5438,#2669,.T.);
#7144=EDGE_CURVE('',#5004,#5439,#2670,.T.);
#7145=EDGE_CURVE('',#4995,#5481,#2671,.T.);
#7146=EDGE_CURVE('',#4994,#5482,#2672,.T.);
#7147=EDGE_CURVE('',#4993,#5483,#2673,.T.);
#7148=EDGE_CURVE('',#4992,#5484,#2674,.T.);
#7149=EDGE_CURVE('',#4991,#5485,#2675,.T.);
#7150=EDGE_CURVE('',#4983,#5486,#2676,.T.);
#7151=EDGE_CURVE('',#4982,#5487,#2677,.T.);
#7152=EDGE_CURVE('',#4981,#5488,#2678,.T.);
#7153=EDGE_CURVE('',#4980,#5489,#2679,.T.);
#7154=EDGE_CURVE('',#4979,#5490,#2680,.T.);
#7155=EDGE_CURVE('',#4971,#5496,#2681,.T.);
#7156=EDGE_CURVE('',#4970,#5497,#2682,.T.);
#7157=EDGE_CURVE('',#4969,#5498,#2683,.T.);
#7158=EDGE_CURVE('',#4968,#5499,#2684,.T.);
#7159=EDGE_CURVE('',#4967,#5500,#2685,.T.);
#7160=EDGE_CURVE('',#4966,#5501,#2686,.T.);
#7161=EDGE_CURVE('',#4957,#5502,#2687,.T.);
#7162=EDGE_CURVE('',#4956,#5503,#2688,.T.);
#7163=EDGE_CURVE('',#4955,#5504,#2689,.T.);
#7164=EDGE_CURVE('',#4954,#5505,#2690,.T.);
#7165=EDGE_CURVE('',#4953,#5506,#2691,.T.);
#7166=EDGE_CURVE('',#4945,#5507,#2692,.T.);
#7167=EDGE_CURVE('',#4944,#5508,#2693,.T.);
#7168=EDGE_CURVE('',#4943,#5509,#2694,.T.);
#7169=EDGE_CURVE('',#4942,#5510,#2695,.T.);
#7170=EDGE_CURVE('',#4941,#5511,#2696,.T.);
#7171=EDGE_CURVE('',#4929,#5512,#2697,.T.);
#7172=EDGE_CURVE('',#4920,#5513,#2698,.T.);
#7173=EDGE_CURVE('',#4919,#5514,#2699,.T.);
#7174=EDGE_CURVE('',#4918,#5515,#2700,.T.);
#7175=EDGE_CURVE('',#4917,#5516,#2701,.T.);
#7176=EDGE_CURVE('',#4916,#5517,#2702,.T.);
#7177=EDGE_CURVE('',#4905,#5434,#2703,.T.);
#7178=EDGE_CURVE('',#4906,#5433,#2704,.T.);
#7179=EDGE_CURVE('',#4886,#5523,#2705,.T.);
#7180=EDGE_CURVE('',#4885,#5524,#2706,.T.);
#7181=EDGE_CURVE('',#4884,#5525,#2707,.T.);
#7182=EDGE_CURVE('',#4883,#5526,#2708,.T.);
#7183=EDGE_CURVE('',#4882,#5527,#2709,.T.);
#7184=EDGE_CURVE('',#4881,#5528,#2710,.T.);
#7185=EDGE_CURVE('',#4870,#5445,#2711,.T.);
#7186=EDGE_CURVE('',#4869,#5446,#2712,.T.);
#7187=EDGE_CURVE('',#4862,#5529,#2713,.T.);
#7188=EDGE_CURVE('',#4849,#5530,#2714,.T.);
#7189=EDGE_CURVE('',#4848,#5531,#2715,.T.);
#7190=EDGE_CURVE('',#4847,#5532,#2716,.T.);
#7191=EDGE_CURVE('',#4846,#5533,#2717,.T.);
#7192=EDGE_CURVE('',#4845,#5534,#2718,.T.);
#7193=EDGE_CURVE('',#4837,#5535,#2719,.T.);
#7194=EDGE_CURVE('',#4836,#5536,#2720,.T.);
#7195=EDGE_CURVE('',#4835,#5537,#2721,.T.);
#7196=EDGE_CURVE('',#4834,#5538,#2722,.T.);
#7197=EDGE_CURVE('',#4833,#5539,#2723,.T.);
#7198=EDGE_CURVE('',#4739,#5447,#2724,.T.);
#7199=EDGE_CURVE('',#4753,#5491,#2725,.T.);
#7200=EDGE_CURVE('',#5394,#5401,#4452,.T.);
#7201=EDGE_CURVE('',#4761,#5440,#2726,.T.);
#7202=EDGE_CURVE('',#4760,#5441,#2727,.T.);
#7203=EDGE_CURVE('',#4738,#5448,#2728,.T.);
#7204=EDGE_CURVE('',#4737,#5449,#2729,.T.);
#7205=EDGE_CURVE('',#4752,#5492,#2730,.T.);
#7206=EDGE_CURVE('',#4751,#5493,#2731,.T.);
#7207=EDGE_CURVE('',#4750,#5494,#2732,.T.);
#7208=EDGE_CURVE('',#4749,#5495,#2733,.T.);
#7209=EDGE_CURVE('',#4775,#5518,#2734,.T.);
#7210=EDGE_CURVE('',#4774,#5519,#2735,.T.);
#7211=EDGE_CURVE('',#4773,#5520,#2736,.T.);
#7212=EDGE_CURVE('',#4772,#5521,#2737,.T.);
#7213=EDGE_CURVE('',#4771,#5522,#2738,.T.);
#7214=EDGE_CURVE('',#4787,#5540,#2739,.T.);
#7215=EDGE_CURVE('',#4786,#5541,#2740,.T.);
#7216=EDGE_CURVE('',#4785,#5542,#2741,.T.);
#7217=EDGE_CURVE('',#4784,#5543,#2742,.T.);
#7218=EDGE_CURVE('',#4783,#5544,#2743,.T.);
#7219=EDGE_CURVE('',#4799,#5451,#2744,.T.);
#7220=EDGE_CURVE('',#4798,#5452,#2745,.T.);
#7221=EDGE_CURVE('',#4797,#5453,#2746,.T.);
#7222=EDGE_CURVE('',#4796,#5454,#2747,.T.);
#7223=EDGE_CURVE('',#4795,#5455,#2748,.T.);
#7224=EDGE_CURVE('',#4811,#5442,#2749,.T.);
#7225=EDGE_CURVE('',#4810,#5443,#2750,.T.);
#7226=EDGE_CURVE('',#4724,#5342,#2751,.T.);
#7227=EDGE_CURVE('',#4825,#5343,#2752,.T.);
#7228=EDGE_CURVE('',#4824,#5344,#2753,.T.);
#7229=EDGE_CURVE('',#4823,#5335,#2754,.T.);
#7230=EDGE_CURVE('',#4822,#5336,#2755,.T.);
#7231=EDGE_CURVE('',#4821,#5337,#2756,.T.);
#7232=EDGE_CURVE('',#5545,#4688,#4453,.T.);
#7233=EDGE_CURVE('',#5546,#5545,#2757,.T.);
#7234=EDGE_CURVE('',#5547,#5546,#4454,.T.);
#7235=EDGE_CURVE('',#5548,#5547,#2758,.T.);
#7236=EDGE_CURVE('',#5549,#5548,#4455,.T.);
#7237=EDGE_CURVE('',#5550,#5549,#2759,.T.);
#7238=EDGE_CURVE('',#5551,#5550,#4456,.T.);
#7239=EDGE_CURVE('',#5552,#5551,#2760,.T.);
#7240=EDGE_CURVE('',#5553,#5552,#4457,.T.);
#7241=EDGE_CURVE('',#5554,#5553,#2761,.T.);
#7242=EDGE_CURVE('',#5555,#5554,#4458,.T.);
#7243=EDGE_CURVE('',#5556,#5555,#2762,.T.);
#7244=EDGE_CURVE('',#5557,#5556,#4459,.T.);
#7245=EDGE_CURVE('',#5558,#5557,#2763,.T.);
#7246=EDGE_CURVE('',#5559,#5558,#4460,.T.);
#7247=EDGE_CURVE('',#5560,#5559,#2764,.T.);
#7248=EDGE_CURVE('',#5561,#5560,#4461,.T.);
#7249=EDGE_CURVE('',#4657,#5561,#2765,.T.);
#7250=EDGE_CURVE('',#5346,#5562,#4462,.T.);
#7251=EDGE_CURVE('',#5562,#5358,#2766,.T.);
#7252=EDGE_CURVE('',#5357,#5400,#4463,.T.);
#7253=EDGE_CURVE('',#5399,#5350,#4464,.T.);
#7254=EDGE_CURVE('',#5354,#5130,#4465,.T.);
#7255=EDGE_CURVE('',#5562,#5444,#2767,.T.);
#7256=EDGE_CURVE('',#5547,#4631,#2768,.T.);
#7257=EDGE_CURVE('',#5546,#4632,#2769,.T.);
#7258=EDGE_CURVE('',#5545,#4645,#2770,.T.);
#7259=EDGE_CURVE('',#4814,#5339,#2771,.T.);
#7260=EDGE_CURVE('',#4813,#5340,#2772,.T.);
#7261=EDGE_CURVE('',#4812,#5341,#2773,.T.);
#7262=EDGE_CURVE('',#4723,#5338,#2774,.T.);
#7263=EDGE_CURVE('',#5548,#4646,#2775,.T.);
#7264=EDGE_CURVE('',#5549,#4647,#2776,.T.);
#7265=EDGE_CURVE('',#5550,#4630,#2777,.T.);
#7266=EDGE_CURVE('',#5551,#4629,#2778,.T.);
#7267=EDGE_CURVE('',#5552,#4648,#2779,.T.);
#7268=EDGE_CURVE('',#5553,#4649,#2780,.T.);
#7269=EDGE_CURVE('',#5554,#4650,#2781,.T.);
#7270=EDGE_CURVE('',#5555,#4651,#2782,.T.);
#7271=EDGE_CURVE('',#5556,#4628,#2783,.T.);
#7272=EDGE_CURVE('',#5557,#4627,#2784,.T.);
#7273=EDGE_CURVE('',#5558,#4652,#2785,.T.);
#7274=EDGE_CURVE('',#5559,#4653,#2786,.T.);
#7275=EDGE_CURVE('',#5560,#4626,#2787,.T.);
#7276=EDGE_CURVE('',#5561,#4625,#2788,.T.);
#7277=ORIENTED_EDGE('',*,*,#5563,.T.);
#7278=ORIENTED_EDGE('',*,*,#5564,.T.);
#7279=ORIENTED_EDGE('',*,*,#5565,.T.);
#7280=ORIENTED_EDGE('',*,*,#5566,.T.);
#7281=ORIENTED_EDGE('',*,*,#5567,.T.);
#7282=ORIENTED_EDGE('',*,*,#5568,.T.);
#7283=ORIENTED_EDGE('',*,*,#5565,.F.);
#7284=ORIENTED_EDGE('',*,*,#5569,.T.);
#7285=ORIENTED_EDGE('',*,*,#5570,.T.);
#7286=ORIENTED_EDGE('',*,*,#5571,.T.);
#7287=ORIENTED_EDGE('',*,*,#5572,.T.);
#7288=ORIENTED_EDGE('',*,*,#5573,.T.);
#7289=ORIENTED_EDGE('',*,*,#5574,.T.);
#7290=ORIENTED_EDGE('',*,*,#5575,.T.);
#7291=ORIENTED_EDGE('',*,*,#5572,.F.);
#7292=ORIENTED_EDGE('',*,*,#5576,.T.);
#7293=ORIENTED_EDGE('',*,*,#5577,.T.);
#7294=ORIENTED_EDGE('',*,*,#5578,.T.);
#7295=ORIENTED_EDGE('',*,*,#5574,.F.);
#7296=ORIENTED_EDGE('',*,*,#5579,.T.);
#7297=ORIENTED_EDGE('',*,*,#5580,.T.);
#7298=ORIENTED_EDGE('',*,*,#5581,.T.);
#7299=ORIENTED_EDGE('',*,*,#5577,.F.);
#7300=ORIENTED_EDGE('',*,*,#5582,.T.);
#7301=ORIENTED_EDGE('',*,*,#5583,.T.);
#7302=ORIENTED_EDGE('',*,*,#5584,.T.);
#7303=ORIENTED_EDGE('',*,*,#5580,.F.);
#7304=ORIENTED_EDGE('',*,*,#5585,.T.);
#7305=ORIENTED_EDGE('',*,*,#5586,.T.);
#7306=ORIENTED_EDGE('',*,*,#5587,.T.);
#7307=ORIENTED_EDGE('',*,*,#5583,.F.);
#7308=ORIENTED_EDGE('',*,*,#5588,.T.);
#7309=ORIENTED_EDGE('',*,*,#5589,.T.);
#7310=ORIENTED_EDGE('',*,*,#5590,.T.);
#7311=ORIENTED_EDGE('',*,*,#5586,.F.);
#7312=ORIENTED_EDGE('',*,*,#5591,.T.);
#7313=ORIENTED_EDGE('',*,*,#5592,.T.);
#7314=ORIENTED_EDGE('',*,*,#5593,.T.);
#7315=ORIENTED_EDGE('',*,*,#5589,.F.);
#7316=ORIENTED_EDGE('',*,*,#5594,.T.);
#7317=ORIENTED_EDGE('',*,*,#5595,.T.);
#7318=ORIENTED_EDGE('',*,*,#5596,.T.);
#7319=ORIENTED_EDGE('',*,*,#5592,.F.);
#7320=ORIENTED_EDGE('',*,*,#5597,.T.);
#7321=ORIENTED_EDGE('',*,*,#5598,.T.);
#7322=ORIENTED_EDGE('',*,*,#5599,.T.);
#7323=ORIENTED_EDGE('',*,*,#5600,.T.);
#7324=ORIENTED_EDGE('',*,*,#5601,.T.);
#7325=ORIENTED_EDGE('',*,*,#5602,.T.);
#7326=ORIENTED_EDGE('',*,*,#5603,.T.);
#7327=ORIENTED_EDGE('',*,*,#5598,.F.);
#7328=ORIENTED_EDGE('',*,*,#5604,.T.);
#7329=ORIENTED_EDGE('',*,*,#5602,.F.);
#7330=ORIENTED_EDGE('',*,*,#5605,.T.);
#7331=ORIENTED_EDGE('',*,*,#5570,.F.);
#7332=ORIENTED_EDGE('',*,*,#5595,.F.);
#7333=ORIENTED_EDGE('',*,*,#5606,.T.);
#7334=ORIENTED_EDGE('',*,*,#5563,.F.);
#7335=ORIENTED_EDGE('',*,*,#5569,.F.);
#7336=ORIENTED_EDGE('',*,*,#5564,.F.);
#7337=ORIENTED_EDGE('',*,*,#5607,.F.);
#7338=ORIENTED_EDGE('',*,*,#5608,.F.);
#7339=ORIENTED_EDGE('',*,*,#5609,.T.);
#7340=ORIENTED_EDGE('',*,*,#5610,.T.);
#7341=ORIENTED_EDGE('',*,*,#5611,.T.);
#7342=ORIENTED_EDGE('',*,*,#5606,.F.);
#7343=ORIENTED_EDGE('',*,*,#5612,.T.);
#7344=ORIENTED_EDGE('',*,*,#5613,.T.);
#7345=ORIENTED_EDGE('',*,*,#5607,.T.);
#7346=ORIENTED_EDGE('',*,*,#5597,.F.);
#7347=ORIENTED_EDGE('',*,*,#5614,.F.);
#7348=ORIENTED_EDGE('',*,*,#5615,.F.);
#7349=ORIENTED_EDGE('',*,*,#5616,.F.);
#7350=ORIENTED_EDGE('',*,*,#5617,.F.);
#7351=ORIENTED_EDGE('',*,*,#5618,.F.);
#7352=ORIENTED_EDGE('',*,*,#5619,.F.);
#7353=ORIENTED_EDGE('',*,*,#5620,.F.);
#7354=ORIENTED_EDGE('',*,*,#5621,.F.);
#7355=ORIENTED_EDGE('',*,*,#5622,.F.);
#7356=ORIENTED_EDGE('',*,*,#5623,.F.);
#7357=ORIENTED_EDGE('',*,*,#5624,.F.);
#7358=ORIENTED_EDGE('',*,*,#5625,.F.);
#7359=ORIENTED_EDGE('',*,*,#5626,.F.);
#7360=ORIENTED_EDGE('',*,*,#5627,.F.);
#7361=ORIENTED_EDGE('',*,*,#5628,.F.);
#7362=ORIENTED_EDGE('',*,*,#5629,.F.);
#7363=ORIENTED_EDGE('',*,*,#5630,.F.);
#7364=ORIENTED_EDGE('',*,*,#5631,.F.);
#7365=ORIENTED_EDGE('',*,*,#5632,.F.);
#7366=ORIENTED_EDGE('',*,*,#5633,.F.);
#7367=ORIENTED_EDGE('',*,*,#5634,.F.);
#7368=ORIENTED_EDGE('',*,*,#5635,.F.);
#7369=ORIENTED_EDGE('',*,*,#5636,.F.);
#7370=ORIENTED_EDGE('',*,*,#5637,.F.);
#7371=ORIENTED_EDGE('',*,*,#5638,.F.);
#7372=ORIENTED_EDGE('',*,*,#5639,.F.);
#7373=ORIENTED_EDGE('',*,*,#5640,.F.);
#7374=ORIENTED_EDGE('',*,*,#5641,.F.);
#7375=ORIENTED_EDGE('',*,*,#5642,.F.);
#7376=ORIENTED_EDGE('',*,*,#5643,.F.);
#7377=ORIENTED_EDGE('',*,*,#5644,.F.);
#7378=ORIENTED_EDGE('',*,*,#5645,.F.);
#7379=ORIENTED_EDGE('',*,*,#5646,.F.);
#7380=ORIENTED_EDGE('',*,*,#5647,.F.);
#7381=ORIENTED_EDGE('',*,*,#5648,.F.);
#7382=ORIENTED_EDGE('',*,*,#5649,.F.);
#7383=ORIENTED_EDGE('',*,*,#5650,.F.);
#7384=ORIENTED_EDGE('',*,*,#5651,.F.);
#7385=ORIENTED_EDGE('',*,*,#5652,.F.);
#7386=ORIENTED_EDGE('',*,*,#5653,.F.);
#7387=ORIENTED_EDGE('',*,*,#5654,.F.);
#7388=ORIENTED_EDGE('',*,*,#5655,.F.);
#7389=ORIENTED_EDGE('',*,*,#5656,.F.);
#7390=ORIENTED_EDGE('',*,*,#5657,.F.);
#7391=ORIENTED_EDGE('',*,*,#5658,.F.);
#7392=ORIENTED_EDGE('',*,*,#5659,.F.);
#7393=ORIENTED_EDGE('',*,*,#5660,.F.);
#7394=ORIENTED_EDGE('',*,*,#5661,.F.);
#7395=ORIENTED_EDGE('',*,*,#5662,.F.);
#7396=ORIENTED_EDGE('',*,*,#5663,.F.);
#7397=ORIENTED_EDGE('',*,*,#5664,.F.);
#7398=ORIENTED_EDGE('',*,*,#5665,.F.);
#7399=ORIENTED_EDGE('',*,*,#5612,.F.);
#7400=ORIENTED_EDGE('',*,*,#5594,.F.);
#7401=ORIENTED_EDGE('',*,*,#5666,.T.);
#7402=ORIENTED_EDGE('',*,*,#5667,.F.);
#7403=ORIENTED_EDGE('',*,*,#5614,.T.);
#7404=ORIENTED_EDGE('',*,*,#5591,.F.);
#7405=ORIENTED_EDGE('',*,*,#5588,.F.);
#7406=ORIENTED_EDGE('',*,*,#5585,.F.);
#7407=ORIENTED_EDGE('',*,*,#5582,.F.);
#7408=ORIENTED_EDGE('',*,*,#5579,.F.);
#7409=ORIENTED_EDGE('',*,*,#5668,.F.);
#7410=ORIENTED_EDGE('',*,*,#5669,.F.);
#7411=ORIENTED_EDGE('',*,*,#5670,.F.);
#7412=ORIENTED_EDGE('',*,*,#5671,.T.);
#7413=ORIENTED_EDGE('',*,*,#5666,.F.);
#7414=ORIENTED_EDGE('',*,*,#5576,.F.);
#7415=ORIENTED_EDGE('',*,*,#5672,.T.);
#7416=ORIENTED_EDGE('',*,*,#5673,.T.);
#7417=ORIENTED_EDGE('',*,*,#5668,.T.);
#7418=ORIENTED_EDGE('',*,*,#5571,.F.);
#7419=ORIENTED_EDGE('',*,*,#5674,.F.);
#7420=ORIENTED_EDGE('',*,*,#5675,.F.);
#7421=ORIENTED_EDGE('',*,*,#5676,.F.);
#7422=ORIENTED_EDGE('',*,*,#5677,.F.);
#7423=ORIENTED_EDGE('',*,*,#5678,.F.);
#7424=ORIENTED_EDGE('',*,*,#5679,.F.);
#7425=ORIENTED_EDGE('',*,*,#5672,.F.);
#7426=ORIENTED_EDGE('',*,*,#5605,.F.);
#7427=ORIENTED_EDGE('',*,*,#5680,.T.);
#7428=ORIENTED_EDGE('',*,*,#5681,.F.);
#7429=ORIENTED_EDGE('',*,*,#5674,.T.);
#7430=ORIENTED_EDGE('',*,*,#5604,.F.);
#7431=ORIENTED_EDGE('',*,*,#5601,.F.);
#7432=ORIENTED_EDGE('',*,*,#5682,.T.);
#7433=ORIENTED_EDGE('',*,*,#5683,.F.);
#7434=ORIENTED_EDGE('',*,*,#5680,.F.);
#7435=ORIENTED_EDGE('',*,*,#5684,.T.);
#7436=ORIENTED_EDGE('',*,*,#5685,.T.);
#7437=ORIENTED_EDGE('',*,*,#5686,.T.);
#7438=ORIENTED_EDGE('',*,*,#5687,.T.);
#7439=ORIENTED_EDGE('',*,*,#5688,.T.);
#7440=ORIENTED_EDGE('',*,*,#5689,.T.);
#7441=ORIENTED_EDGE('',*,*,#5686,.F.);
#7442=ORIENTED_EDGE('',*,*,#5690,.T.);
#7443=ORIENTED_EDGE('',*,*,#5691,.T.);
#7444=ORIENTED_EDGE('',*,*,#5692,.T.);
#7445=ORIENTED_EDGE('',*,*,#5693,.T.);
#7446=ORIENTED_EDGE('',*,*,#5694,.T.);
#7447=ORIENTED_EDGE('',*,*,#5695,.T.);
#7448=ORIENTED_EDGE('',*,*,#5693,.F.);
#7449=ORIENTED_EDGE('',*,*,#5696,.T.);
#7450=ORIENTED_EDGE('',*,*,#5697,.T.);
#7451=ORIENTED_EDGE('',*,*,#5698,.T.);
#7452=ORIENTED_EDGE('',*,*,#5699,.T.);
#7453=ORIENTED_EDGE('',*,*,#5700,.T.);
#7454=ORIENTED_EDGE('',*,*,#5701,.T.);
#7455=ORIENTED_EDGE('',*,*,#5698,.F.);
#7456=ORIENTED_EDGE('',*,*,#5702,.T.);
#7457=ORIENTED_EDGE('',*,*,#5703,.T.);
#7458=ORIENTED_EDGE('',*,*,#5704,.T.);
#7459=ORIENTED_EDGE('',*,*,#5700,.F.);
#7460=ORIENTED_EDGE('',*,*,#5705,.T.);
#7461=ORIENTED_EDGE('',*,*,#5706,.T.);
#7462=ORIENTED_EDGE('',*,*,#5707,.T.);
#7463=ORIENTED_EDGE('',*,*,#5703,.F.);
#7464=ORIENTED_EDGE('',*,*,#5708,.T.);
#7465=ORIENTED_EDGE('',*,*,#5709,.T.);
#7466=ORIENTED_EDGE('',*,*,#5710,.T.);
#7467=ORIENTED_EDGE('',*,*,#5706,.F.);
#7468=ORIENTED_EDGE('',*,*,#5711,.T.);
#7469=ORIENTED_EDGE('',*,*,#5712,.T.);
#7470=ORIENTED_EDGE('',*,*,#5713,.T.);
#7471=ORIENTED_EDGE('',*,*,#5709,.F.);
#7472=ORIENTED_EDGE('',*,*,#5714,.T.);
#7473=ORIENTED_EDGE('',*,*,#5715,.T.);
#7474=ORIENTED_EDGE('',*,*,#5716,.T.);
#7475=ORIENTED_EDGE('',*,*,#5712,.F.);
#7476=ORIENTED_EDGE('',*,*,#5677,.T.);
#7477=ORIENTED_EDGE('',*,*,#5715,.F.);
#7478=ORIENTED_EDGE('',*,*,#5717,.T.);
#7479=ORIENTED_EDGE('',*,*,#5684,.F.);
#7480=ORIENTED_EDGE('',*,*,#5718,.T.);
#7481=ORIENTED_EDGE('',*,*,#5719,.T.);
#7482=ORIENTED_EDGE('',*,*,#5720,.T.);
#7483=ORIENTED_EDGE('',*,*,#5721,.T.);
#7484=ORIENTED_EDGE('',*,*,#5722,.T.);
#7485=ORIENTED_EDGE('',*,*,#5638,.T.);
#7486=ORIENTED_EDGE('',*,*,#5720,.F.);
#7487=ORIENTED_EDGE('',*,*,#5723,.T.);
#7488=ORIENTED_EDGE('',*,*,#5718,.F.);
#7489=ORIENTED_EDGE('',*,*,#5724,.T.);
#7490=ORIENTED_EDGE('',*,*,#5691,.F.);
#7491=ORIENTED_EDGE('',*,*,#5725,.T.);
#7492=ORIENTED_EDGE('',*,*,#5726,.T.);
#7493=ORIENTED_EDGE('',*,*,#5727,.T.);
#7494=ORIENTED_EDGE('',*,*,#5728,.T.);
#7495=ORIENTED_EDGE('',*,*,#5729,.T.);
#7496=ORIENTED_EDGE('',*,*,#5730,.T.);
#7497=ORIENTED_EDGE('',*,*,#5731,.T.);
#7498=ORIENTED_EDGE('',*,*,#5726,.F.);
#7499=ORIENTED_EDGE('',*,*,#5732,.T.);
#7500=ORIENTED_EDGE('',*,*,#5728,.F.);
#7501=ORIENTED_EDGE('',*,*,#5733,.T.);
#7502=ORIENTED_EDGE('',*,*,#5722,.F.);
#7503=ORIENTED_EDGE('',*,*,#5690,.F.);
#7504=ORIENTED_EDGE('',*,*,#5685,.F.);
#7505=ORIENTED_EDGE('',*,*,#5734,.F.);
#7506=ORIENTED_EDGE('',*,*,#5735,.F.);
#7507=ORIENTED_EDGE('',*,*,#5736,.T.);
#7508=ORIENTED_EDGE('',*,*,#5717,.F.);
#7509=ORIENTED_EDGE('',*,*,#5676,.T.);
#7510=ORIENTED_EDGE('',*,*,#5737,.T.);
#7511=ORIENTED_EDGE('',*,*,#5734,.T.);
#7512=ORIENTED_EDGE('',*,*,#5714,.F.);
#7513=ORIENTED_EDGE('',*,*,#5738,.T.);
#7514=ORIENTED_EDGE('',*,*,#5739,.F.);
#7515=ORIENTED_EDGE('',*,*,#5678,.T.);
#7516=ORIENTED_EDGE('',*,*,#5711,.F.);
#7517=ORIENTED_EDGE('',*,*,#5708,.F.);
#7518=ORIENTED_EDGE('',*,*,#5705,.F.);
#7519=ORIENTED_EDGE('',*,*,#5699,.F.);
#7520=ORIENTED_EDGE('',*,*,#5740,.F.);
#7521=ORIENTED_EDGE('',*,*,#5741,.F.);
#7522=ORIENTED_EDGE('',*,*,#5742,.F.);
#7523=ORIENTED_EDGE('',*,*,#5738,.F.);
#7524=ORIENTED_EDGE('',*,*,#5696,.F.);
#7525=ORIENTED_EDGE('',*,*,#5692,.F.);
#7526=ORIENTED_EDGE('',*,*,#5743,.F.);
#7527=ORIENTED_EDGE('',*,*,#5744,.F.);
#7528=ORIENTED_EDGE('',*,*,#5745,.F.);
#7529=ORIENTED_EDGE('',*,*,#5740,.T.);
#7530=ORIENTED_EDGE('',*,*,#5702,.F.);
#7531=ORIENTED_EDGE('',*,*,#5697,.F.);
#7532=ORIENTED_EDGE('',*,*,#5724,.F.);
#7533=ORIENTED_EDGE('',*,*,#5746,.T.);
#7534=ORIENTED_EDGE('',*,*,#5636,.T.);
#7535=ORIENTED_EDGE('',*,*,#5747,.T.);
#7536=ORIENTED_EDGE('',*,*,#5743,.T.);
#7537=ORIENTED_EDGE('',*,*,#5721,.F.);
#7538=ORIENTED_EDGE('',*,*,#5637,.T.);
#7539=ORIENTED_EDGE('',*,*,#5746,.F.);
#7540=ORIENTED_EDGE('',*,*,#5733,.F.);
#7541=ORIENTED_EDGE('',*,*,#5748,.T.);
#7542=ORIENTED_EDGE('',*,*,#5749,.F.);
#7543=ORIENTED_EDGE('',*,*,#5639,.T.);
#7544=ORIENTED_EDGE('',*,*,#5739,.T.);
#7545=ORIENTED_EDGE('',*,*,#5750,.T.);
#7546=ORIENTED_EDGE('',*,*,#5673,.F.);
#7547=ORIENTED_EDGE('',*,*,#5679,.T.);
#7548=ORIENTED_EDGE('',*,*,#5578,.F.);
#7549=ORIENTED_EDGE('',*,*,#5751,.F.);
#7550=ORIENTED_EDGE('',*,*,#5603,.F.);
#7551=ORIENTED_EDGE('',*,*,#5573,.F.);
#7552=ORIENTED_EDGE('',*,*,#5575,.F.);
#7553=ORIENTED_EDGE('',*,*,#5618,.T.);
#7554=ORIENTED_EDGE('',*,*,#5752,.T.);
#7555=ORIENTED_EDGE('',*,*,#5753,.T.);
#7556=ORIENTED_EDGE('',*,*,#5754,.T.);
#7557=ORIENTED_EDGE('',*,*,#5621,.T.);
#7558=ORIENTED_EDGE('',*,*,#5755,.T.);
#7559=ORIENTED_EDGE('',*,*,#5756,.T.);
#7560=ORIENTED_EDGE('',*,*,#5757,.T.);
#7561=ORIENTED_EDGE('',*,*,#5626,.T.);
#7562=ORIENTED_EDGE('',*,*,#5758,.T.);
#7563=ORIENTED_EDGE('',*,*,#5759,.T.);
#7564=ORIENTED_EDGE('',*,*,#5760,.T.);
#7565=ORIENTED_EDGE('',*,*,#5629,.T.);
#7566=ORIENTED_EDGE('',*,*,#5761,.T.);
#7567=ORIENTED_EDGE('',*,*,#5762,.T.);
#7568=ORIENTED_EDGE('',*,*,#5763,.T.);
#7569=ORIENTED_EDGE('',*,*,#5764,.T.);
#7570=ORIENTED_EDGE('',*,*,#5747,.F.);
#7571=ORIENTED_EDGE('',*,*,#5635,.T.);
#7572=ORIENTED_EDGE('',*,*,#5765,.T.);
#7573=ORIENTED_EDGE('',*,*,#5634,.T.);
#7574=ORIENTED_EDGE('',*,*,#5766,.T.);
#7575=ORIENTED_EDGE('',*,*,#5767,.T.);
#7576=ORIENTED_EDGE('',*,*,#5765,.F.);
#7577=ORIENTED_EDGE('',*,*,#5768,.T.);
#7578=ORIENTED_EDGE('',*,*,#5766,.F.);
#7579=ORIENTED_EDGE('',*,*,#5633,.T.);
#7580=ORIENTED_EDGE('',*,*,#5769,.T.);
#7581=ORIENTED_EDGE('',*,*,#5632,.T.);
#7582=ORIENTED_EDGE('',*,*,#5770,.T.);
#7583=ORIENTED_EDGE('',*,*,#5771,.T.);
#7584=ORIENTED_EDGE('',*,*,#5769,.F.);
#7585=ORIENTED_EDGE('',*,*,#5772,.T.);
#7586=ORIENTED_EDGE('',*,*,#5773,.T.);
#7587=ORIENTED_EDGE('',*,*,#5770,.F.);
#7588=ORIENTED_EDGE('',*,*,#5631,.T.);
#7589=ORIENTED_EDGE('',*,*,#5774,.T.);
#7590=ORIENTED_EDGE('',*,*,#5772,.F.);
#7591=ORIENTED_EDGE('',*,*,#5630,.T.);
#7592=ORIENTED_EDGE('',*,*,#5763,.F.);
#7593=ORIENTED_EDGE('',*,*,#5775,.T.);
#7594=ORIENTED_EDGE('',*,*,#5776,.T.);
#7595=ORIENTED_EDGE('',*,*,#5761,.F.);
#7596=ORIENTED_EDGE('',*,*,#5628,.T.);
#7597=ORIENTED_EDGE('',*,*,#5777,.T.);
#7598=ORIENTED_EDGE('',*,*,#5775,.F.);
#7599=ORIENTED_EDGE('',*,*,#5627,.T.);
#7600=ORIENTED_EDGE('',*,*,#5760,.F.);
#7601=ORIENTED_EDGE('',*,*,#5778,.T.);
#7602=ORIENTED_EDGE('',*,*,#5779,.T.);
#7603=ORIENTED_EDGE('',*,*,#5758,.F.);
#7604=ORIENTED_EDGE('',*,*,#5625,.T.);
#7605=ORIENTED_EDGE('',*,*,#5780,.T.);
#7606=ORIENTED_EDGE('',*,*,#5781,.T.);
#7607=ORIENTED_EDGE('',*,*,#5778,.F.);
#7608=ORIENTED_EDGE('',*,*,#5624,.T.);
#7609=ORIENTED_EDGE('',*,*,#5782,.T.);
#7610=ORIENTED_EDGE('',*,*,#5783,.T.);
#7611=ORIENTED_EDGE('',*,*,#5780,.F.);
#7612=ORIENTED_EDGE('',*,*,#5623,.T.);
#7613=ORIENTED_EDGE('',*,*,#5784,.T.);
#7614=ORIENTED_EDGE('',*,*,#5782,.F.);
#7615=ORIENTED_EDGE('',*,*,#5622,.T.);
#7616=ORIENTED_EDGE('',*,*,#5757,.F.);
#7617=ORIENTED_EDGE('',*,*,#5785,.T.);
#7618=ORIENTED_EDGE('',*,*,#5786,.T.);
#7619=ORIENTED_EDGE('',*,*,#5755,.F.);
#7620=ORIENTED_EDGE('',*,*,#5620,.T.);
#7621=ORIENTED_EDGE('',*,*,#5787,.T.);
#7622=ORIENTED_EDGE('',*,*,#5785,.F.);
#7623=ORIENTED_EDGE('',*,*,#5619,.T.);
#7624=ORIENTED_EDGE('',*,*,#5754,.F.);
#7625=ORIENTED_EDGE('',*,*,#5788,.T.);
#7626=ORIENTED_EDGE('',*,*,#5789,.T.);
#7627=ORIENTED_EDGE('',*,*,#5752,.F.);
#7628=ORIENTED_EDGE('',*,*,#5617,.T.);
#7629=ORIENTED_EDGE('',*,*,#5790,.T.);
#7630=ORIENTED_EDGE('',*,*,#5791,.T.);
#7631=ORIENTED_EDGE('',*,*,#5788,.F.);
#7632=ORIENTED_EDGE('',*,*,#5616,.T.);
#7633=ORIENTED_EDGE('',*,*,#5667,.T.);
#7634=ORIENTED_EDGE('',*,*,#5792,.T.);
#7635=ORIENTED_EDGE('',*,*,#5790,.F.);
#7636=ORIENTED_EDGE('',*,*,#5615,.T.);
#7637=ORIENTED_EDGE('',*,*,#5694,.F.);
#7638=ORIENTED_EDGE('',*,*,#5793,.F.);
#7639=ORIENTED_EDGE('',*,*,#5729,.F.);
#7640=ORIENTED_EDGE('',*,*,#5723,.F.);
#7641=ORIENTED_EDGE('',*,*,#5719,.F.);
#7642=ORIENTED_EDGE('',*,*,#5725,.F.);
#7643=ORIENTED_EDGE('',*,*,#5681,.T.);
#7644=ORIENTED_EDGE('',*,*,#5794,.T.);
#7645=ORIENTED_EDGE('',*,*,#5737,.F.);
#7646=ORIENTED_EDGE('',*,*,#5675,.T.);
#7647=ORIENTED_EDGE('',*,*,#5687,.F.);
#7648=ORIENTED_EDGE('',*,*,#5795,.F.);
#7649=ORIENTED_EDGE('',*,*,#5710,.F.);
#7650=ORIENTED_EDGE('',*,*,#5713,.F.);
#7651=ORIENTED_EDGE('',*,*,#5716,.F.);
#7652=ORIENTED_EDGE('',*,*,#5796,.T.);
#7653=ORIENTED_EDGE('',*,*,#5797,.T.);
#7654=ORIENTED_EDGE('',*,*,#5749,.T.);
#7655=ORIENTED_EDGE('',*,*,#5798,.T.);
#7656=ORIENTED_EDGE('',*,*,#5799,.T.);
#7657=ORIENTED_EDGE('',*,*,#5800,.T.);
#7658=ORIENTED_EDGE('',*,*,#5801,.T.);
#7659=ORIENTED_EDGE('',*,*,#5802,.T.);
#7660=ORIENTED_EDGE('',*,*,#5803,.T.);
#7661=ORIENTED_EDGE('',*,*,#5804,.T.);
#7662=ORIENTED_EDGE('',*,*,#5805,.T.);
#7663=ORIENTED_EDGE('',*,*,#5806,.T.);
#7664=ORIENTED_EDGE('',*,*,#5807,.T.);
#7665=ORIENTED_EDGE('',*,*,#5808,.T.);
#7666=ORIENTED_EDGE('',*,*,#5809,.T.);
#7667=ORIENTED_EDGE('',*,*,#5810,.T.);
#7668=ORIENTED_EDGE('',*,*,#5811,.T.);
#7669=ORIENTED_EDGE('',*,*,#5812,.T.);
#7670=ORIENTED_EDGE('',*,*,#5813,.T.);
#7671=ORIENTED_EDGE('',*,*,#5814,.T.);
#7672=ORIENTED_EDGE('',*,*,#5815,.T.);
#7673=ORIENTED_EDGE('',*,*,#5816,.T.);
#7674=ORIENTED_EDGE('',*,*,#5817,.T.);
#7675=ORIENTED_EDGE('',*,*,#5613,.F.);
#7676=ORIENTED_EDGE('',*,*,#5665,.T.);
#7677=ORIENTED_EDGE('',*,*,#5818,.T.);
#7678=ORIENTED_EDGE('',*,*,#5819,.T.);
#7679=ORIENTED_EDGE('',*,*,#5816,.F.);
#7680=ORIENTED_EDGE('',*,*,#5664,.T.);
#7681=ORIENTED_EDGE('',*,*,#5820,.T.);
#7682=ORIENTED_EDGE('',*,*,#5821,.T.);
#7683=ORIENTED_EDGE('',*,*,#5818,.F.);
#7684=ORIENTED_EDGE('',*,*,#5663,.T.);
#7685=ORIENTED_EDGE('',*,*,#5814,.F.);
#7686=ORIENTED_EDGE('',*,*,#5822,.T.);
#7687=ORIENTED_EDGE('',*,*,#5820,.F.);
#7688=ORIENTED_EDGE('',*,*,#5662,.T.);
#7689=ORIENTED_EDGE('',*,*,#5815,.F.);
#7690=ORIENTED_EDGE('',*,*,#5661,.T.);
#7691=ORIENTED_EDGE('',*,*,#5823,.T.);
#7692=ORIENTED_EDGE('',*,*,#5824,.T.);
#7693=ORIENTED_EDGE('',*,*,#5825,.T.);
#7694=ORIENTED_EDGE('',*,*,#5826,.T.);
#7695=ORIENTED_EDGE('',*,*,#5823,.F.);
#7696=ORIENTED_EDGE('',*,*,#5660,.T.);
#7697=ORIENTED_EDGE('',*,*,#5811,.F.);
#7698=ORIENTED_EDGE('',*,*,#5827,.T.);
#7699=ORIENTED_EDGE('',*,*,#5825,.F.);
#7700=ORIENTED_EDGE('',*,*,#5659,.T.);
#7701=ORIENTED_EDGE('',*,*,#5812,.F.);
#7702=ORIENTED_EDGE('',*,*,#5658,.T.);
#7703=ORIENTED_EDGE('',*,*,#5828,.T.);
#7704=ORIENTED_EDGE('',*,*,#5829,.T.);
#7705=ORIENTED_EDGE('',*,*,#5830,.T.);
#7706=ORIENTED_EDGE('',*,*,#5831,.T.);
#7707=ORIENTED_EDGE('',*,*,#5828,.F.);
#7708=ORIENTED_EDGE('',*,*,#5657,.T.);
#7709=ORIENTED_EDGE('',*,*,#5832,.T.);
#7710=ORIENTED_EDGE('',*,*,#5833,.T.);
#7711=ORIENTED_EDGE('',*,*,#5830,.F.);
#7712=ORIENTED_EDGE('',*,*,#5656,.T.);
#7713=ORIENTED_EDGE('',*,*,#5834,.T.);
#7714=ORIENTED_EDGE('',*,*,#5835,.T.);
#7715=ORIENTED_EDGE('',*,*,#5832,.F.);
#7716=ORIENTED_EDGE('',*,*,#5655,.T.);
#7717=ORIENTED_EDGE('',*,*,#5808,.F.);
#7718=ORIENTED_EDGE('',*,*,#5836,.T.);
#7719=ORIENTED_EDGE('',*,*,#5834,.F.);
#7720=ORIENTED_EDGE('',*,*,#5654,.T.);
#7721=ORIENTED_EDGE('',*,*,#5809,.F.);
#7722=ORIENTED_EDGE('',*,*,#5653,.T.);
#7723=ORIENTED_EDGE('',*,*,#5837,.T.);
#7724=ORIENTED_EDGE('',*,*,#5838,.T.);
#7725=ORIENTED_EDGE('',*,*,#5839,.T.);
#7726=ORIENTED_EDGE('',*,*,#5840,.T.);
#7727=ORIENTED_EDGE('',*,*,#5837,.F.);
#7728=ORIENTED_EDGE('',*,*,#5652,.T.);
#7729=ORIENTED_EDGE('',*,*,#5805,.F.);
#7730=ORIENTED_EDGE('',*,*,#5841,.T.);
#7731=ORIENTED_EDGE('',*,*,#5839,.F.);
#7732=ORIENTED_EDGE('',*,*,#5651,.T.);
#7733=ORIENTED_EDGE('',*,*,#5806,.F.);
#7734=ORIENTED_EDGE('',*,*,#5650,.T.);
#7735=ORIENTED_EDGE('',*,*,#5842,.T.);
#7736=ORIENTED_EDGE('',*,*,#5843,.T.);
#7737=ORIENTED_EDGE('',*,*,#5844,.T.);
#7738=ORIENTED_EDGE('',*,*,#5845,.T.);
#7739=ORIENTED_EDGE('',*,*,#5842,.F.);
#7740=ORIENTED_EDGE('',*,*,#5649,.T.);
#7741=ORIENTED_EDGE('',*,*,#5846,.T.);
#7742=ORIENTED_EDGE('',*,*,#5847,.T.);
#7743=ORIENTED_EDGE('',*,*,#5844,.F.);
#7744=ORIENTED_EDGE('',*,*,#5648,.T.);
#7745=ORIENTED_EDGE('',*,*,#5848,.T.);
#7746=ORIENTED_EDGE('',*,*,#5849,.T.);
#7747=ORIENTED_EDGE('',*,*,#5846,.F.);
#7748=ORIENTED_EDGE('',*,*,#5647,.T.);
#7749=ORIENTED_EDGE('',*,*,#5802,.F.);
#7750=ORIENTED_EDGE('',*,*,#5850,.T.);
#7751=ORIENTED_EDGE('',*,*,#5848,.F.);
#7752=ORIENTED_EDGE('',*,*,#5646,.T.);
#7753=ORIENTED_EDGE('',*,*,#5803,.F.);
#7754=ORIENTED_EDGE('',*,*,#5645,.T.);
#7755=ORIENTED_EDGE('',*,*,#5851,.T.);
#7756=ORIENTED_EDGE('',*,*,#5852,.T.);
#7757=ORIENTED_EDGE('',*,*,#5853,.T.);
#7758=ORIENTED_EDGE('',*,*,#5854,.T.);
#7759=ORIENTED_EDGE('',*,*,#5851,.F.);
#7760=ORIENTED_EDGE('',*,*,#5644,.T.);
#7761=ORIENTED_EDGE('',*,*,#5799,.F.);
#7762=ORIENTED_EDGE('',*,*,#5855,.T.);
#7763=ORIENTED_EDGE('',*,*,#5853,.F.);
#7764=ORIENTED_EDGE('',*,*,#5643,.T.);
#7765=ORIENTED_EDGE('',*,*,#5800,.F.);
#7766=ORIENTED_EDGE('',*,*,#5642,.T.);
#7767=ORIENTED_EDGE('',*,*,#5856,.T.);
#7768=ORIENTED_EDGE('',*,*,#5857,.T.);
#7769=ORIENTED_EDGE('',*,*,#5858,.T.);
#7770=ORIENTED_EDGE('',*,*,#5859,.T.);
#7771=ORIENTED_EDGE('',*,*,#5856,.F.);
#7772=ORIENTED_EDGE('',*,*,#5641,.T.);
#7773=ORIENTED_EDGE('',*,*,#5797,.F.);
#7774=ORIENTED_EDGE('',*,*,#5860,.T.);
#7775=ORIENTED_EDGE('',*,*,#5858,.F.);
#7776=ORIENTED_EDGE('',*,*,#5640,.T.);
#7777=ORIENTED_EDGE('',*,*,#5859,.F.);
#7778=ORIENTED_EDGE('',*,*,#5861,.F.);
#7779=ORIENTED_EDGE('',*,*,#5862,.T.);
#7780=ORIENTED_EDGE('',*,*,#5863,.T.);
#7781=ORIENTED_EDGE('',*,*,#5860,.F.);
#7782=ORIENTED_EDGE('',*,*,#5864,.F.);
#7783=ORIENTED_EDGE('',*,*,#5865,.T.);
#7784=ORIENTED_EDGE('',*,*,#5861,.T.);
#7785=ORIENTED_EDGE('',*,*,#5796,.F.);
#7786=ORIENTED_EDGE('',*,*,#5866,.F.);
#7787=ORIENTED_EDGE('',*,*,#5867,.T.);
#7788=ORIENTED_EDGE('',*,*,#5868,.F.);
#7789=ORIENTED_EDGE('',*,*,#5869,.T.);
#7790=ORIENTED_EDGE('',*,*,#5864,.T.);
#7791=ORIENTED_EDGE('',*,*,#5731,.F.);
#7792=ORIENTED_EDGE('',*,*,#5870,.T.);
#7793=ORIENTED_EDGE('',*,*,#5866,.T.);
#7794=ORIENTED_EDGE('',*,*,#5748,.F.);
#7795=ORIENTED_EDGE('',*,*,#5727,.F.);
#7796=ORIENTED_EDGE('',*,*,#5762,.F.);
#7797=ORIENTED_EDGE('',*,*,#5871,.F.);
#7798=ORIENTED_EDGE('',*,*,#5872,.F.);
#7799=ORIENTED_EDGE('',*,*,#5873,.T.);
#7800=ORIENTED_EDGE('',*,*,#5776,.F.);
#7801=ORIENTED_EDGE('',*,*,#5874,.F.);
#7802=ORIENTED_EDGE('',*,*,#5875,.F.);
#7803=ORIENTED_EDGE('',*,*,#5871,.T.);
#7804=ORIENTED_EDGE('',*,*,#5777,.F.);
#7805=ORIENTED_EDGE('',*,*,#5876,.F.);
#7806=ORIENTED_EDGE('',*,*,#5877,.F.);
#7807=ORIENTED_EDGE('',*,*,#5874,.T.);
#7808=ORIENTED_EDGE('',*,*,#5759,.F.);
#7809=ORIENTED_EDGE('',*,*,#5878,.F.);
#7810=ORIENTED_EDGE('',*,*,#5879,.F.);
#7811=ORIENTED_EDGE('',*,*,#5876,.T.);
#7812=ORIENTED_EDGE('',*,*,#5779,.F.);
#7813=ORIENTED_EDGE('',*,*,#5880,.F.);
#7814=ORIENTED_EDGE('',*,*,#5881,.F.);
#7815=ORIENTED_EDGE('',*,*,#5878,.T.);
#7816=ORIENTED_EDGE('',*,*,#5781,.F.);
#7817=ORIENTED_EDGE('',*,*,#5882,.F.);
#7818=ORIENTED_EDGE('',*,*,#5883,.F.);
#7819=ORIENTED_EDGE('',*,*,#5880,.T.);
#7820=ORIENTED_EDGE('',*,*,#5783,.F.);
#7821=ORIENTED_EDGE('',*,*,#5884,.F.);
#7822=ORIENTED_EDGE('',*,*,#5885,.F.);
#7823=ORIENTED_EDGE('',*,*,#5882,.T.);
#7824=ORIENTED_EDGE('',*,*,#5784,.F.);
#7825=ORIENTED_EDGE('',*,*,#5886,.F.);
#7826=ORIENTED_EDGE('',*,*,#5887,.F.);
#7827=ORIENTED_EDGE('',*,*,#5884,.T.);
#7828=ORIENTED_EDGE('',*,*,#5756,.F.);
#7829=ORIENTED_EDGE('',*,*,#5888,.F.);
#7830=ORIENTED_EDGE('',*,*,#5889,.F.);
#7831=ORIENTED_EDGE('',*,*,#5886,.T.);
#7832=ORIENTED_EDGE('',*,*,#5786,.F.);
#7833=ORIENTED_EDGE('',*,*,#5890,.F.);
#7834=ORIENTED_EDGE('',*,*,#5891,.F.);
#7835=ORIENTED_EDGE('',*,*,#5888,.T.);
#7836=ORIENTED_EDGE('',*,*,#5787,.F.);
#7837=ORIENTED_EDGE('',*,*,#5892,.F.);
#7838=ORIENTED_EDGE('',*,*,#5893,.F.);
#7839=ORIENTED_EDGE('',*,*,#5890,.T.);
#7840=ORIENTED_EDGE('',*,*,#5753,.F.);
#7841=ORIENTED_EDGE('',*,*,#5894,.F.);
#7842=ORIENTED_EDGE('',*,*,#5895,.F.);
#7843=ORIENTED_EDGE('',*,*,#5892,.T.);
#7844=ORIENTED_EDGE('',*,*,#5789,.F.);
#7845=ORIENTED_EDGE('',*,*,#5896,.F.);
#7846=ORIENTED_EDGE('',*,*,#5897,.F.);
#7847=ORIENTED_EDGE('',*,*,#5894,.T.);
#7848=ORIENTED_EDGE('',*,*,#5791,.F.);
#7849=ORIENTED_EDGE('',*,*,#5898,.F.);
#7850=ORIENTED_EDGE('',*,*,#5899,.F.);
#7851=ORIENTED_EDGE('',*,*,#5896,.T.);
#7852=ORIENTED_EDGE('',*,*,#5792,.F.);
#7853=ORIENTED_EDGE('',*,*,#5671,.F.);
#7854=ORIENTED_EDGE('',*,*,#5900,.F.);
#7855=ORIENTED_EDGE('',*,*,#5898,.T.);
#7856=ORIENTED_EDGE('',*,*,#5566,.F.);
#7857=ORIENTED_EDGE('',*,*,#5901,.F.);
#7858=ORIENTED_EDGE('',*,*,#5590,.F.);
#7859=ORIENTED_EDGE('',*,*,#5593,.F.);
#7860=ORIENTED_EDGE('',*,*,#5596,.F.);
#7861=ORIENTED_EDGE('',*,*,#5817,.F.);
#7862=ORIENTED_EDGE('',*,*,#5902,.F.);
#7863=ORIENTED_EDGE('',*,*,#5903,.T.);
#7864=ORIENTED_EDGE('',*,*,#5608,.T.);
#7865=ORIENTED_EDGE('',*,*,#5819,.F.);
#7866=ORIENTED_EDGE('',*,*,#5904,.F.);
#7867=ORIENTED_EDGE('',*,*,#5905,.T.);
#7868=ORIENTED_EDGE('',*,*,#5902,.T.);
#7869=ORIENTED_EDGE('',*,*,#5821,.F.);
#7870=ORIENTED_EDGE('',*,*,#5906,.F.);
#7871=ORIENTED_EDGE('',*,*,#5907,.T.);
#7872=ORIENTED_EDGE('',*,*,#5904,.T.);
#7873=ORIENTED_EDGE('',*,*,#5822,.F.);
#7874=ORIENTED_EDGE('',*,*,#5908,.F.);
#7875=ORIENTED_EDGE('',*,*,#5909,.T.);
#7876=ORIENTED_EDGE('',*,*,#5906,.T.);
#7877=ORIENTED_EDGE('',*,*,#5813,.F.);
#7878=ORIENTED_EDGE('',*,*,#5910,.F.);
#7879=ORIENTED_EDGE('',*,*,#5911,.T.);
#7880=ORIENTED_EDGE('',*,*,#5908,.T.);
#7881=ORIENTED_EDGE('',*,*,#5824,.F.);
#7882=ORIENTED_EDGE('',*,*,#5912,.F.);
#7883=ORIENTED_EDGE('',*,*,#5913,.T.);
#7884=ORIENTED_EDGE('',*,*,#5910,.T.);
#7885=ORIENTED_EDGE('',*,*,#5826,.F.);
#7886=ORIENTED_EDGE('',*,*,#5914,.F.);
#7887=ORIENTED_EDGE('',*,*,#5915,.T.);
#7888=ORIENTED_EDGE('',*,*,#5912,.T.);
#7889=ORIENTED_EDGE('',*,*,#5827,.F.);
#7890=ORIENTED_EDGE('',*,*,#5916,.F.);
#7891=ORIENTED_EDGE('',*,*,#5917,.T.);
#7892=ORIENTED_EDGE('',*,*,#5914,.T.);
#7893=ORIENTED_EDGE('',*,*,#5810,.F.);
#7894=ORIENTED_EDGE('',*,*,#5918,.F.);
#7895=ORIENTED_EDGE('',*,*,#5919,.T.);
#7896=ORIENTED_EDGE('',*,*,#5916,.T.);
#7897=ORIENTED_EDGE('',*,*,#5829,.F.);
#7898=ORIENTED_EDGE('',*,*,#5920,.F.);
#7899=ORIENTED_EDGE('',*,*,#5921,.T.);
#7900=ORIENTED_EDGE('',*,*,#5918,.T.);
#7901=ORIENTED_EDGE('',*,*,#5831,.F.);
#7902=ORIENTED_EDGE('',*,*,#5922,.F.);
#7903=ORIENTED_EDGE('',*,*,#5923,.T.);
#7904=ORIENTED_EDGE('',*,*,#5920,.T.);
#7905=ORIENTED_EDGE('',*,*,#5833,.F.);
#7906=ORIENTED_EDGE('',*,*,#5924,.F.);
#7907=ORIENTED_EDGE('',*,*,#5925,.T.);
#7908=ORIENTED_EDGE('',*,*,#5926,.T.);
#7909=ORIENTED_EDGE('',*,*,#5927,.T.);
#7910=ORIENTED_EDGE('',*,*,#5928,.F.);
#7911=ORIENTED_EDGE('',*,*,#5929,.T.);
#7912=ORIENTED_EDGE('',*,*,#5922,.T.);
#7913=ORIENTED_EDGE('',*,*,#5794,.F.);
#7914=ORIENTED_EDGE('',*,*,#5683,.T.);
#7915=ORIENTED_EDGE('',*,*,#5930,.T.);
#7916=ORIENTED_EDGE('',*,*,#5735,.T.);
#7917=ORIENTED_EDGE('',*,*,#5931,.T.);
#7918=ORIENTED_EDGE('',*,*,#5932,.T.);
#7919=ORIENTED_EDGE('',*,*,#5933,.T.);
#7920=ORIENTED_EDGE('',*,*,#5934,.F.);
#7921=ORIENTED_EDGE('',*,*,#5935,.T.);
#7922=ORIENTED_EDGE('',*,*,#5936,.T.);
#7923=ORIENTED_EDGE('',*,*,#5932,.F.);
#7924=ORIENTED_EDGE('',*,*,#5937,.T.);
#7925=ORIENTED_EDGE('',*,*,#5938,.T.);
#7926=ORIENTED_EDGE('',*,*,#5935,.F.);
#7927=ORIENTED_EDGE('',*,*,#5939,.T.);
#7928=ORIENTED_EDGE('',*,*,#5940,.T.);
#7929=ORIENTED_EDGE('',*,*,#5941,.T.);
#7930=ORIENTED_EDGE('',*,*,#5942,.T.);
#7931=ORIENTED_EDGE('',*,*,#5943,.T.);
#7932=ORIENTED_EDGE('',*,*,#5940,.F.);
#7933=ORIENTED_EDGE('',*,*,#5944,.T.);
#7934=ORIENTED_EDGE('',*,*,#5942,.F.);
#7935=ORIENTED_EDGE('',*,*,#5945,.T.);
#7936=ORIENTED_EDGE('',*,*,#5946,.T.);
#7937=ORIENTED_EDGE('',*,*,#5947,.T.);
#7938=ORIENTED_EDGE('',*,*,#5948,.T.);
#7939=ORIENTED_EDGE('',*,*,#5949,.T.);
#7940=ORIENTED_EDGE('',*,*,#5946,.F.);
#7941=ORIENTED_EDGE('',*,*,#5745,.T.);
#7942=ORIENTED_EDGE('',*,*,#5948,.F.);
#7943=ORIENTED_EDGE('',*,*,#5950,.T.);
#7944=ORIENTED_EDGE('',*,*,#5951,.T.);
#7945=ORIENTED_EDGE('',*,*,#5952,.T.);
#7946=ORIENTED_EDGE('',*,*,#5953,.T.);
#7947=ORIENTED_EDGE('',*,*,#5741,.T.);
#7948=ORIENTED_EDGE('',*,*,#5951,.F.);
#7949=ORIENTED_EDGE('',*,*,#5954,.T.);
#7950=ORIENTED_EDGE('',*,*,#5955,.T.);
#7951=ORIENTED_EDGE('',*,*,#5953,.F.);
#7952=ORIENTED_EDGE('',*,*,#5956,.T.);
#7953=ORIENTED_EDGE('',*,*,#5957,.T.);
#7954=ORIENTED_EDGE('',*,*,#5670,.T.);
#7955=ORIENTED_EDGE('',*,*,#5954,.F.);
#7956=ORIENTED_EDGE('',*,*,#5958,.T.);
#7957=ORIENTED_EDGE('',*,*,#5959,.T.);
#7958=ORIENTED_EDGE('',*,*,#5900,.T.);
#7959=ORIENTED_EDGE('',*,*,#5957,.F.);
#7960=ORIENTED_EDGE('',*,*,#5960,.T.);
#7961=ORIENTED_EDGE('',*,*,#5961,.T.);
#7962=ORIENTED_EDGE('',*,*,#5899,.T.);
#7963=ORIENTED_EDGE('',*,*,#5959,.F.);
#7964=ORIENTED_EDGE('',*,*,#5962,.T.);
#7965=ORIENTED_EDGE('',*,*,#5963,.T.);
#7966=ORIENTED_EDGE('',*,*,#5897,.T.);
#7967=ORIENTED_EDGE('',*,*,#5961,.F.);
#7968=ORIENTED_EDGE('',*,*,#5964,.T.);
#7969=ORIENTED_EDGE('',*,*,#5895,.T.);
#7970=ORIENTED_EDGE('',*,*,#5963,.F.);
#7971=ORIENTED_EDGE('',*,*,#5965,.T.);
#7972=ORIENTED_EDGE('',*,*,#5966,.T.);
#7973=ORIENTED_EDGE('',*,*,#5967,.T.);
#7974=ORIENTED_EDGE('',*,*,#5968,.T.);
#7975=ORIENTED_EDGE('',*,*,#5893,.T.);
#7976=ORIENTED_EDGE('',*,*,#5966,.F.);
#7977=ORIENTED_EDGE('',*,*,#5969,.T.);
#7978=ORIENTED_EDGE('',*,*,#5891,.T.);
#7979=ORIENTED_EDGE('',*,*,#5968,.F.);
#7980=ORIENTED_EDGE('',*,*,#5970,.T.);
#7981=ORIENTED_EDGE('',*,*,#5889,.T.);
#7982=ORIENTED_EDGE('',*,*,#5969,.F.);
#7983=ORIENTED_EDGE('',*,*,#5971,.T.);
#7984=ORIENTED_EDGE('',*,*,#5972,.T.);
#7985=ORIENTED_EDGE('',*,*,#5973,.T.);
#7986=ORIENTED_EDGE('',*,*,#5974,.T.);
#7987=ORIENTED_EDGE('',*,*,#5887,.T.);
#7988=ORIENTED_EDGE('',*,*,#5972,.F.);
#7989=ORIENTED_EDGE('',*,*,#5975,.T.);
#7990=ORIENTED_EDGE('',*,*,#5885,.T.);
#7991=ORIENTED_EDGE('',*,*,#5974,.F.);
#7992=ORIENTED_EDGE('',*,*,#5976,.T.);
#7993=ORIENTED_EDGE('',*,*,#5977,.T.);
#7994=ORIENTED_EDGE('',*,*,#5883,.T.);
#7995=ORIENTED_EDGE('',*,*,#5975,.F.);
#7996=ORIENTED_EDGE('',*,*,#5978,.T.);
#7997=ORIENTED_EDGE('',*,*,#5979,.T.);
#7998=ORIENTED_EDGE('',*,*,#5881,.T.);
#7999=ORIENTED_EDGE('',*,*,#5977,.F.);
#8000=ORIENTED_EDGE('',*,*,#5980,.T.);
#8001=ORIENTED_EDGE('',*,*,#5879,.T.);
#8002=ORIENTED_EDGE('',*,*,#5979,.F.);
#8003=ORIENTED_EDGE('',*,*,#5981,.T.);
#8004=ORIENTED_EDGE('',*,*,#5982,.T.);
#8005=ORIENTED_EDGE('',*,*,#5983,.T.);
#8006=ORIENTED_EDGE('',*,*,#5984,.T.);
#8007=ORIENTED_EDGE('',*,*,#5877,.T.);
#8008=ORIENTED_EDGE('',*,*,#5982,.F.);
#8009=ORIENTED_EDGE('',*,*,#5985,.T.);
#8010=ORIENTED_EDGE('',*,*,#5875,.T.);
#8011=ORIENTED_EDGE('',*,*,#5984,.F.);
#8012=ORIENTED_EDGE('',*,*,#5986,.T.);
#8013=ORIENTED_EDGE('',*,*,#5872,.T.);
#8014=ORIENTED_EDGE('',*,*,#5985,.F.);
#8015=ORIENTED_EDGE('',*,*,#5987,.T.);
#8016=ORIENTED_EDGE('',*,*,#5934,.T.);
#8017=ORIENTED_EDGE('',*,*,#5774,.F.);
#8018=ORIENTED_EDGE('',*,*,#5873,.F.);
#8019=ORIENTED_EDGE('',*,*,#5933,.F.);
#8020=ORIENTED_EDGE('',*,*,#5988,.T.);
#8021=ORIENTED_EDGE('',*,*,#5931,.F.);
#8022=ORIENTED_EDGE('',*,*,#5987,.F.);
#8023=ORIENTED_EDGE('',*,*,#5986,.F.);
#8024=ORIENTED_EDGE('',*,*,#5983,.F.);
#8025=ORIENTED_EDGE('',*,*,#5981,.F.);
#8026=ORIENTED_EDGE('',*,*,#5980,.F.);
#8027=ORIENTED_EDGE('',*,*,#5978,.F.);
#8028=ORIENTED_EDGE('',*,*,#5976,.F.);
#8029=ORIENTED_EDGE('',*,*,#5973,.F.);
#8030=ORIENTED_EDGE('',*,*,#5971,.F.);
#8031=ORIENTED_EDGE('',*,*,#5970,.F.);
#8032=ORIENTED_EDGE('',*,*,#5967,.F.);
#8033=ORIENTED_EDGE('',*,*,#5965,.F.);
#8034=ORIENTED_EDGE('',*,*,#5964,.F.);
#8035=ORIENTED_EDGE('',*,*,#5962,.F.);
#8036=ORIENTED_EDGE('',*,*,#5960,.F.);
#8037=ORIENTED_EDGE('',*,*,#5958,.F.);
#8038=ORIENTED_EDGE('',*,*,#5956,.F.);
#8039=ORIENTED_EDGE('',*,*,#5952,.F.);
#8040=ORIENTED_EDGE('',*,*,#5950,.F.);
#8041=ORIENTED_EDGE('',*,*,#5947,.F.);
#8042=ORIENTED_EDGE('',*,*,#5945,.F.);
#8043=ORIENTED_EDGE('',*,*,#5941,.F.);
#8044=ORIENTED_EDGE('',*,*,#5939,.F.);
#8045=ORIENTED_EDGE('',*,*,#5937,.F.);
#8046=ORIENTED_EDGE('',*,*,#5989,.F.);
#8047=ORIENTED_EDGE('',*,*,#5990,.F.);
#8048=ORIENTED_EDGE('',*,*,#5991,.F.);
#8049=ORIENTED_EDGE('',*,*,#5992,.F.);
#8050=ORIENTED_EDGE('',*,*,#5993,.F.);
#8051=ORIENTED_EDGE('',*,*,#5994,.F.);
#8052=ORIENTED_EDGE('',*,*,#5995,.F.);
#8053=ORIENTED_EDGE('',*,*,#5996,.F.);
#8054=ORIENTED_EDGE('',*,*,#5997,.F.);
#8055=ORIENTED_EDGE('',*,*,#5998,.F.);
#8056=ORIENTED_EDGE('',*,*,#5999,.F.);
#8057=ORIENTED_EDGE('',*,*,#6000,.F.);
#8058=ORIENTED_EDGE('',*,*,#6001,.F.);
#8059=ORIENTED_EDGE('',*,*,#6002,.F.);
#8060=ORIENTED_EDGE('',*,*,#6003,.F.);
#8061=ORIENTED_EDGE('',*,*,#6004,.F.);
#8062=ORIENTED_EDGE('',*,*,#6005,.F.);
#8063=ORIENTED_EDGE('',*,*,#6006,.F.);
#8064=ORIENTED_EDGE('',*,*,#6007,.F.);
#8065=ORIENTED_EDGE('',*,*,#6008,.F.);
#8066=ORIENTED_EDGE('',*,*,#6009,.F.);
#8067=ORIENTED_EDGE('',*,*,#6010,.F.);
#8068=ORIENTED_EDGE('',*,*,#6011,.F.);
#8069=ORIENTED_EDGE('',*,*,#6012,.F.);
#8070=ORIENTED_EDGE('',*,*,#6013,.F.);
#8071=ORIENTED_EDGE('',*,*,#6014,.F.);
#8072=ORIENTED_EDGE('',*,*,#6015,.F.);
#8073=ORIENTED_EDGE('',*,*,#6016,.F.);
#8074=ORIENTED_EDGE('',*,*,#6017,.F.);
#8075=ORIENTED_EDGE('',*,*,#6018,.F.);
#8076=ORIENTED_EDGE('',*,*,#6019,.F.);
#8077=ORIENTED_EDGE('',*,*,#6020,.F.);
#8078=ORIENTED_EDGE('',*,*,#6021,.F.);
#8079=ORIENTED_EDGE('',*,*,#6022,.F.);
#8080=ORIENTED_EDGE('',*,*,#6023,.F.);
#8081=ORIENTED_EDGE('',*,*,#6024,.F.);
#8082=ORIENTED_EDGE('',*,*,#6025,.F.);
#8083=ORIENTED_EDGE('',*,*,#6026,.F.);
#8084=ORIENTED_EDGE('',*,*,#6027,.F.);
#8085=ORIENTED_EDGE('',*,*,#6028,.F.);
#8086=ORIENTED_EDGE('',*,*,#6029,.F.);
#8087=ORIENTED_EDGE('',*,*,#6030,.F.);
#8088=ORIENTED_EDGE('',*,*,#6031,.F.);
#8089=ORIENTED_EDGE('',*,*,#6032,.F.);
#8090=ORIENTED_EDGE('',*,*,#6033,.F.);
#8091=ORIENTED_EDGE('',*,*,#6034,.F.);
#8092=ORIENTED_EDGE('',*,*,#6035,.F.);
#8093=ORIENTED_EDGE('',*,*,#6036,.F.);
#8094=ORIENTED_EDGE('',*,*,#6037,.F.);
#8095=ORIENTED_EDGE('',*,*,#6038,.F.);
#8096=ORIENTED_EDGE('',*,*,#6039,.F.);
#8097=ORIENTED_EDGE('',*,*,#6040,.F.);
#8098=ORIENTED_EDGE('',*,*,#6041,.F.);
#8099=ORIENTED_EDGE('',*,*,#6042,.F.);
#8100=ORIENTED_EDGE('',*,*,#6043,.F.);
#8101=ORIENTED_EDGE('',*,*,#6044,.F.);
#8102=ORIENTED_EDGE('',*,*,#6045,.F.);
#8103=ORIENTED_EDGE('',*,*,#6046,.F.);
#8104=ORIENTED_EDGE('',*,*,#6047,.F.);
#8105=ORIENTED_EDGE('',*,*,#6048,.F.);
#8106=ORIENTED_EDGE('',*,*,#6049,.F.);
#8107=ORIENTED_EDGE('',*,*,#6050,.F.);
#8108=ORIENTED_EDGE('',*,*,#6051,.F.);
#8109=ORIENTED_EDGE('',*,*,#6052,.F.);
#8110=ORIENTED_EDGE('',*,*,#6053,.F.);
#8111=ORIENTED_EDGE('',*,*,#6054,.F.);
#8112=ORIENTED_EDGE('',*,*,#6055,.F.);
#8113=ORIENTED_EDGE('',*,*,#6056,.F.);
#8114=ORIENTED_EDGE('',*,*,#6057,.F.);
#8115=ORIENTED_EDGE('',*,*,#6058,.F.);
#8116=ORIENTED_EDGE('',*,*,#6059,.F.);
#8117=ORIENTED_EDGE('',*,*,#6060,.F.);
#8118=ORIENTED_EDGE('',*,*,#6061,.F.);
#8119=ORIENTED_EDGE('',*,*,#6062,.F.);
#8120=ORIENTED_EDGE('',*,*,#6063,.F.);
#8121=ORIENTED_EDGE('',*,*,#6064,.F.);
#8122=ORIENTED_EDGE('',*,*,#6065,.F.);
#8123=ORIENTED_EDGE('',*,*,#6066,.F.);
#8124=ORIENTED_EDGE('',*,*,#6067,.F.);
#8125=ORIENTED_EDGE('',*,*,#6068,.F.);
#8126=ORIENTED_EDGE('',*,*,#6069,.F.);
#8127=ORIENTED_EDGE('',*,*,#6070,.F.);
#8128=ORIENTED_EDGE('',*,*,#6071,.F.);
#8129=ORIENTED_EDGE('',*,*,#6072,.F.);
#8130=ORIENTED_EDGE('',*,*,#6073,.F.);
#8131=ORIENTED_EDGE('',*,*,#6074,.F.);
#8132=ORIENTED_EDGE('',*,*,#6075,.F.);
#8133=ORIENTED_EDGE('',*,*,#6076,.F.);
#8134=ORIENTED_EDGE('',*,*,#6077,.F.);
#8135=ORIENTED_EDGE('',*,*,#6078,.F.);
#8136=ORIENTED_EDGE('',*,*,#6079,.F.);
#8137=ORIENTED_EDGE('',*,*,#6080,.F.);
#8138=ORIENTED_EDGE('',*,*,#6081,.F.);
#8139=ORIENTED_EDGE('',*,*,#6082,.F.);
#8140=ORIENTED_EDGE('',*,*,#6083,.F.);
#8141=ORIENTED_EDGE('',*,*,#6084,.F.);
#8142=ORIENTED_EDGE('',*,*,#6085,.F.);
#8143=ORIENTED_EDGE('',*,*,#6086,.F.);
#8144=ORIENTED_EDGE('',*,*,#6087,.F.);
#8145=ORIENTED_EDGE('',*,*,#6088,.F.);
#8146=ORIENTED_EDGE('',*,*,#6089,.F.);
#8147=ORIENTED_EDGE('',*,*,#6090,.F.);
#8148=ORIENTED_EDGE('',*,*,#6091,.F.);
#8149=ORIENTED_EDGE('',*,*,#6092,.F.);
#8150=ORIENTED_EDGE('',*,*,#6093,.F.);
#8151=ORIENTED_EDGE('',*,*,#6094,.F.);
#8152=ORIENTED_EDGE('',*,*,#6095,.F.);
#8153=ORIENTED_EDGE('',*,*,#6096,.F.);
#8154=ORIENTED_EDGE('',*,*,#6097,.F.);
#8155=ORIENTED_EDGE('',*,*,#6098,.F.);
#8156=ORIENTED_EDGE('',*,*,#6099,.F.);
#8157=ORIENTED_EDGE('',*,*,#6100,.F.);
#8158=ORIENTED_EDGE('',*,*,#6101,.F.);
#8159=ORIENTED_EDGE('',*,*,#6102,.F.);
#8160=ORIENTED_EDGE('',*,*,#6103,.F.);
#8161=ORIENTED_EDGE('',*,*,#6104,.F.);
#8162=ORIENTED_EDGE('',*,*,#6105,.F.);
#8163=ORIENTED_EDGE('',*,*,#6106,.F.);
#8164=ORIENTED_EDGE('',*,*,#6107,.F.);
#8165=ORIENTED_EDGE('',*,*,#6108,.F.);
#8166=ORIENTED_EDGE('',*,*,#6109,.F.);
#8167=ORIENTED_EDGE('',*,*,#6110,.F.);
#8168=ORIENTED_EDGE('',*,*,#6111,.F.);
#8169=ORIENTED_EDGE('',*,*,#6112,.F.);
#8170=ORIENTED_EDGE('',*,*,#6113,.F.);
#8171=ORIENTED_EDGE('',*,*,#6114,.F.);
#8172=ORIENTED_EDGE('',*,*,#6115,.F.);
#8173=ORIENTED_EDGE('',*,*,#6116,.F.);
#8174=ORIENTED_EDGE('',*,*,#6117,.F.);
#8175=ORIENTED_EDGE('',*,*,#6118,.F.);
#8176=ORIENTED_EDGE('',*,*,#6119,.F.);
#8177=ORIENTED_EDGE('',*,*,#6120,.F.);
#8178=ORIENTED_EDGE('',*,*,#6121,.F.);
#8179=ORIENTED_EDGE('',*,*,#6122,.F.);
#8180=ORIENTED_EDGE('',*,*,#6123,.F.);
#8181=ORIENTED_EDGE('',*,*,#6124,.F.);
#8182=ORIENTED_EDGE('',*,*,#6125,.F.);
#8183=ORIENTED_EDGE('',*,*,#6126,.F.);
#8184=ORIENTED_EDGE('',*,*,#6127,.F.);
#8185=ORIENTED_EDGE('',*,*,#6128,.F.);
#8186=ORIENTED_EDGE('',*,*,#6129,.F.);
#8187=ORIENTED_EDGE('',*,*,#6130,.F.);
#8188=ORIENTED_EDGE('',*,*,#6131,.F.);
#8189=ORIENTED_EDGE('',*,*,#6132,.F.);
#8190=ORIENTED_EDGE('',*,*,#6133,.F.);
#8191=ORIENTED_EDGE('',*,*,#6134,.F.);
#8192=ORIENTED_EDGE('',*,*,#6135,.F.);
#8193=ORIENTED_EDGE('',*,*,#6136,.F.);
#8194=ORIENTED_EDGE('',*,*,#6137,.F.);
#8195=ORIENTED_EDGE('',*,*,#6138,.F.);
#8196=ORIENTED_EDGE('',*,*,#6139,.F.);
#8197=ORIENTED_EDGE('',*,*,#6140,.F.);
#8198=ORIENTED_EDGE('',*,*,#6141,.F.);
#8199=ORIENTED_EDGE('',*,*,#6142,.F.);
#8200=ORIENTED_EDGE('',*,*,#6143,.F.);
#8201=ORIENTED_EDGE('',*,*,#6144,.F.);
#8202=ORIENTED_EDGE('',*,*,#6145,.F.);
#8203=ORIENTED_EDGE('',*,*,#6146,.F.);
#8204=ORIENTED_EDGE('',*,*,#6147,.F.);
#8205=ORIENTED_EDGE('',*,*,#6148,.F.);
#8206=ORIENTED_EDGE('',*,*,#6149,.F.);
#8207=ORIENTED_EDGE('',*,*,#6150,.F.);
#8208=ORIENTED_EDGE('',*,*,#6151,.F.);
#8209=ORIENTED_EDGE('',*,*,#6152,.F.);
#8210=ORIENTED_EDGE('',*,*,#6153,.F.);
#8211=ORIENTED_EDGE('',*,*,#6154,.F.);
#8212=ORIENTED_EDGE('',*,*,#6155,.F.);
#8213=ORIENTED_EDGE('',*,*,#6156,.F.);
#8214=ORIENTED_EDGE('',*,*,#6157,.F.);
#8215=ORIENTED_EDGE('',*,*,#6158,.F.);
#8216=ORIENTED_EDGE('',*,*,#6159,.F.);
#8217=ORIENTED_EDGE('',*,*,#6160,.F.);
#8218=ORIENTED_EDGE('',*,*,#6161,.F.);
#8219=ORIENTED_EDGE('',*,*,#6162,.F.);
#8220=ORIENTED_EDGE('',*,*,#6163,.F.);
#8221=ORIENTED_EDGE('',*,*,#6164,.F.);
#8222=ORIENTED_EDGE('',*,*,#6165,.F.);
#8223=ORIENTED_EDGE('',*,*,#6166,.F.);
#8224=ORIENTED_EDGE('',*,*,#6167,.F.);
#8225=ORIENTED_EDGE('',*,*,#6168,.F.);
#8226=ORIENTED_EDGE('',*,*,#6169,.F.);
#8227=ORIENTED_EDGE('',*,*,#6170,.F.);
#8228=ORIENTED_EDGE('',*,*,#6171,.F.);
#8229=ORIENTED_EDGE('',*,*,#6172,.F.);
#8230=ORIENTED_EDGE('',*,*,#6173,.F.);
#8231=ORIENTED_EDGE('',*,*,#6174,.F.);
#8232=ORIENTED_EDGE('',*,*,#6175,.F.);
#8233=ORIENTED_EDGE('',*,*,#6176,.F.);
#8234=ORIENTED_EDGE('',*,*,#6177,.F.);
#8235=ORIENTED_EDGE('',*,*,#6178,.F.);
#8236=ORIENTED_EDGE('',*,*,#6179,.F.);
#8237=ORIENTED_EDGE('',*,*,#6180,.F.);
#8238=ORIENTED_EDGE('',*,*,#6181,.F.);
#8239=ORIENTED_EDGE('',*,*,#6182,.F.);
#8240=ORIENTED_EDGE('',*,*,#6183,.F.);
#8241=ORIENTED_EDGE('',*,*,#6184,.F.);
#8242=ORIENTED_EDGE('',*,*,#6185,.F.);
#8243=ORIENTED_EDGE('',*,*,#6186,.F.);
#8244=ORIENTED_EDGE('',*,*,#6187,.F.);
#8245=ORIENTED_EDGE('',*,*,#6188,.F.);
#8246=ORIENTED_EDGE('',*,*,#6189,.F.);
#8247=ORIENTED_EDGE('',*,*,#6190,.F.);
#8248=ORIENTED_EDGE('',*,*,#6191,.F.);
#8249=ORIENTED_EDGE('',*,*,#6192,.F.);
#8250=ORIENTED_EDGE('',*,*,#6193,.F.);
#8251=ORIENTED_EDGE('',*,*,#6194,.F.);
#8252=ORIENTED_EDGE('',*,*,#6195,.F.);
#8253=ORIENTED_EDGE('',*,*,#6196,.F.);
#8254=ORIENTED_EDGE('',*,*,#6197,.F.);
#8255=ORIENTED_EDGE('',*,*,#6198,.F.);
#8256=ORIENTED_EDGE('',*,*,#6199,.F.);
#8257=ORIENTED_EDGE('',*,*,#6200,.F.);
#8258=ORIENTED_EDGE('',*,*,#6201,.F.);
#8259=ORIENTED_EDGE('',*,*,#6202,.F.);
#8260=ORIENTED_EDGE('',*,*,#6203,.F.);
#8261=ORIENTED_EDGE('',*,*,#6204,.F.);
#8262=ORIENTED_EDGE('',*,*,#6205,.F.);
#8263=ORIENTED_EDGE('',*,*,#6206,.F.);
#8264=ORIENTED_EDGE('',*,*,#6207,.F.);
#8265=ORIENTED_EDGE('',*,*,#6208,.F.);
#8266=ORIENTED_EDGE('',*,*,#6209,.F.);
#8267=ORIENTED_EDGE('',*,*,#6210,.F.);
#8268=ORIENTED_EDGE('',*,*,#6211,.F.);
#8269=ORIENTED_EDGE('',*,*,#6212,.F.);
#8270=ORIENTED_EDGE('',*,*,#6213,.F.);
#8271=ORIENTED_EDGE('',*,*,#6214,.F.);
#8272=ORIENTED_EDGE('',*,*,#6215,.F.);
#8273=ORIENTED_EDGE('',*,*,#6216,.F.);
#8274=ORIENTED_EDGE('',*,*,#6217,.F.);
#8275=ORIENTED_EDGE('',*,*,#6218,.F.);
#8276=ORIENTED_EDGE('',*,*,#6219,.F.);
#8277=ORIENTED_EDGE('',*,*,#6220,.F.);
#8278=ORIENTED_EDGE('',*,*,#6221,.F.);
#8279=ORIENTED_EDGE('',*,*,#6222,.F.);
#8280=ORIENTED_EDGE('',*,*,#6223,.F.);
#8281=ORIENTED_EDGE('',*,*,#6224,.F.);
#8282=ORIENTED_EDGE('',*,*,#6225,.F.);
#8283=ORIENTED_EDGE('',*,*,#6226,.F.);
#8284=ORIENTED_EDGE('',*,*,#6227,.F.);
#8285=ORIENTED_EDGE('',*,*,#6228,.F.);
#8286=ORIENTED_EDGE('',*,*,#6229,.F.);
#8287=ORIENTED_EDGE('',*,*,#6230,.F.);
#8288=ORIENTED_EDGE('',*,*,#6231,.F.);
#8289=ORIENTED_EDGE('',*,*,#6232,.F.);
#8290=ORIENTED_EDGE('',*,*,#6233,.F.);
#8291=ORIENTED_EDGE('',*,*,#6234,.F.);
#8292=ORIENTED_EDGE('',*,*,#6235,.F.);
#8293=ORIENTED_EDGE('',*,*,#6236,.F.);
#8294=ORIENTED_EDGE('',*,*,#6237,.F.);
#8295=ORIENTED_EDGE('',*,*,#6238,.F.);
#8296=ORIENTED_EDGE('',*,*,#6239,.F.);
#8297=ORIENTED_EDGE('',*,*,#6240,.F.);
#8298=ORIENTED_EDGE('',*,*,#6241,.F.);
#8299=ORIENTED_EDGE('',*,*,#6242,.F.);
#8300=ORIENTED_EDGE('',*,*,#6243,.F.);
#8301=ORIENTED_EDGE('',*,*,#6244,.F.);
#8302=ORIENTED_EDGE('',*,*,#6245,.F.);
#8303=ORIENTED_EDGE('',*,*,#6246,.F.);
#8304=ORIENTED_EDGE('',*,*,#6247,.F.);
#8305=ORIENTED_EDGE('',*,*,#6248,.F.);
#8306=ORIENTED_EDGE('',*,*,#6249,.F.);
#8307=ORIENTED_EDGE('',*,*,#6250,.F.);
#8308=ORIENTED_EDGE('',*,*,#6251,.F.);
#8309=ORIENTED_EDGE('',*,*,#6252,.F.);
#8310=ORIENTED_EDGE('',*,*,#6253,.F.);
#8311=ORIENTED_EDGE('',*,*,#6254,.F.);
#8312=ORIENTED_EDGE('',*,*,#6255,.F.);
#8313=ORIENTED_EDGE('',*,*,#6256,.F.);
#8314=ORIENTED_EDGE('',*,*,#6257,.F.);
#8315=ORIENTED_EDGE('',*,*,#6258,.F.);
#8316=ORIENTED_EDGE('',*,*,#6259,.F.);
#8317=ORIENTED_EDGE('',*,*,#6260,.F.);
#8318=ORIENTED_EDGE('',*,*,#6261,.F.);
#8319=ORIENTED_EDGE('',*,*,#6262,.F.);
#8320=ORIENTED_EDGE('',*,*,#6263,.F.);
#8321=ORIENTED_EDGE('',*,*,#6264,.F.);
#8322=ORIENTED_EDGE('',*,*,#6265,.F.);
#8323=ORIENTED_EDGE('',*,*,#6266,.F.);
#8324=ORIENTED_EDGE('',*,*,#6267,.F.);
#8325=ORIENTED_EDGE('',*,*,#6268,.F.);
#8326=ORIENTED_EDGE('',*,*,#6269,.F.);
#8327=ORIENTED_EDGE('',*,*,#6270,.F.);
#8328=ORIENTED_EDGE('',*,*,#6271,.F.);
#8329=ORIENTED_EDGE('',*,*,#6272,.F.);
#8330=ORIENTED_EDGE('',*,*,#6273,.F.);
#8331=ORIENTED_EDGE('',*,*,#6274,.F.);
#8332=ORIENTED_EDGE('',*,*,#6275,.F.);
#8333=ORIENTED_EDGE('',*,*,#6276,.F.);
#8334=ORIENTED_EDGE('',*,*,#6277,.F.);
#8335=ORIENTED_EDGE('',*,*,#6278,.F.);
#8336=ORIENTED_EDGE('',*,*,#6279,.F.);
#8337=ORIENTED_EDGE('',*,*,#6280,.F.);
#8338=ORIENTED_EDGE('',*,*,#6281,.F.);
#8339=ORIENTED_EDGE('',*,*,#6282,.F.);
#8340=ORIENTED_EDGE('',*,*,#6283,.F.);
#8341=ORIENTED_EDGE('',*,*,#6284,.F.);
#8342=ORIENTED_EDGE('',*,*,#6285,.F.);
#8343=ORIENTED_EDGE('',*,*,#6286,.F.);
#8344=ORIENTED_EDGE('',*,*,#6287,.F.);
#8345=ORIENTED_EDGE('',*,*,#6288,.F.);
#8346=ORIENTED_EDGE('',*,*,#6289,.F.);
#8347=ORIENTED_EDGE('',*,*,#6290,.F.);
#8348=ORIENTED_EDGE('',*,*,#6291,.F.);
#8349=ORIENTED_EDGE('',*,*,#6292,.F.);
#8350=ORIENTED_EDGE('',*,*,#6293,.F.);
#8351=ORIENTED_EDGE('',*,*,#6294,.F.);
#8352=ORIENTED_EDGE('',*,*,#6295,.F.);
#8353=ORIENTED_EDGE('',*,*,#6296,.F.);
#8354=ORIENTED_EDGE('',*,*,#6297,.F.);
#8355=ORIENTED_EDGE('',*,*,#6298,.F.);
#8356=ORIENTED_EDGE('',*,*,#6299,.F.);
#8357=ORIENTED_EDGE('',*,*,#6300,.F.);
#8358=ORIENTED_EDGE('',*,*,#6301,.F.);
#8359=ORIENTED_EDGE('',*,*,#6302,.F.);
#8360=ORIENTED_EDGE('',*,*,#6303,.F.);
#8361=ORIENTED_EDGE('',*,*,#6304,.F.);
#8362=ORIENTED_EDGE('',*,*,#6305,.F.);
#8363=ORIENTED_EDGE('',*,*,#6306,.F.);
#8364=ORIENTED_EDGE('',*,*,#6307,.F.);
#8365=ORIENTED_EDGE('',*,*,#6308,.F.);
#8366=ORIENTED_EDGE('',*,*,#6309,.F.);
#8367=ORIENTED_EDGE('',*,*,#6310,.F.);
#8368=ORIENTED_EDGE('',*,*,#6311,.F.);
#8369=ORIENTED_EDGE('',*,*,#6312,.F.);
#8370=ORIENTED_EDGE('',*,*,#6313,.F.);
#8371=ORIENTED_EDGE('',*,*,#6314,.F.);
#8372=ORIENTED_EDGE('',*,*,#6315,.F.);
#8373=ORIENTED_EDGE('',*,*,#6316,.F.);
#8374=ORIENTED_EDGE('',*,*,#6317,.F.);
#8375=ORIENTED_EDGE('',*,*,#6318,.F.);
#8376=ORIENTED_EDGE('',*,*,#6319,.F.);
#8377=ORIENTED_EDGE('',*,*,#6320,.F.);
#8378=ORIENTED_EDGE('',*,*,#6321,.F.);
#8379=ORIENTED_EDGE('',*,*,#6322,.F.);
#8380=ORIENTED_EDGE('',*,*,#6323,.F.);
#8381=ORIENTED_EDGE('',*,*,#6324,.F.);
#8382=ORIENTED_EDGE('',*,*,#6325,.F.);
#8383=ORIENTED_EDGE('',*,*,#6326,.F.);
#8384=ORIENTED_EDGE('',*,*,#6327,.F.);
#8385=ORIENTED_EDGE('',*,*,#6328,.F.);
#8386=ORIENTED_EDGE('',*,*,#6329,.F.);
#8387=ORIENTED_EDGE('',*,*,#6330,.F.);
#8388=ORIENTED_EDGE('',*,*,#6331,.F.);
#8389=ORIENTED_EDGE('',*,*,#6332,.F.);
#8390=ORIENTED_EDGE('',*,*,#6333,.F.);
#8391=ORIENTED_EDGE('',*,*,#6334,.F.);
#8392=ORIENTED_EDGE('',*,*,#6335,.F.);
#8393=ORIENTED_EDGE('',*,*,#6336,.F.);
#8394=ORIENTED_EDGE('',*,*,#6337,.F.);
#8395=ORIENTED_EDGE('',*,*,#6338,.F.);
#8396=ORIENTED_EDGE('',*,*,#6339,.F.);
#8397=ORIENTED_EDGE('',*,*,#6340,.F.);
#8398=ORIENTED_EDGE('',*,*,#6341,.F.);
#8399=ORIENTED_EDGE('',*,*,#6342,.F.);
#8400=ORIENTED_EDGE('',*,*,#6343,.F.);
#8401=ORIENTED_EDGE('',*,*,#6344,.F.);
#8402=ORIENTED_EDGE('',*,*,#6345,.F.);
#8403=ORIENTED_EDGE('',*,*,#6346,.F.);
#8404=ORIENTED_EDGE('',*,*,#6347,.F.);
#8405=ORIENTED_EDGE('',*,*,#6348,.F.);
#8406=ORIENTED_EDGE('',*,*,#6349,.F.);
#8407=ORIENTED_EDGE('',*,*,#6350,.F.);
#8408=ORIENTED_EDGE('',*,*,#6351,.F.);
#8409=ORIENTED_EDGE('',*,*,#6352,.F.);
#8410=ORIENTED_EDGE('',*,*,#6353,.F.);
#8411=ORIENTED_EDGE('',*,*,#6354,.F.);
#8412=ORIENTED_EDGE('',*,*,#6355,.F.);
#8413=ORIENTED_EDGE('',*,*,#6356,.F.);
#8414=ORIENTED_EDGE('',*,*,#6357,.F.);
#8415=ORIENTED_EDGE('',*,*,#6358,.F.);
#8416=ORIENTED_EDGE('',*,*,#6359,.F.);
#8417=ORIENTED_EDGE('',*,*,#6360,.F.);
#8418=ORIENTED_EDGE('',*,*,#6361,.F.);
#8419=ORIENTED_EDGE('',*,*,#6362,.F.);
#8420=ORIENTED_EDGE('',*,*,#6363,.F.);
#8421=ORIENTED_EDGE('',*,*,#6364,.F.);
#8422=ORIENTED_EDGE('',*,*,#6365,.F.);
#8423=ORIENTED_EDGE('',*,*,#6366,.F.);
#8424=ORIENTED_EDGE('',*,*,#6367,.F.);
#8425=ORIENTED_EDGE('',*,*,#6368,.F.);
#8426=ORIENTED_EDGE('',*,*,#6369,.F.);
#8427=ORIENTED_EDGE('',*,*,#6370,.F.);
#8428=ORIENTED_EDGE('',*,*,#6371,.F.);
#8429=ORIENTED_EDGE('',*,*,#6372,.F.);
#8430=ORIENTED_EDGE('',*,*,#6373,.F.);
#8431=ORIENTED_EDGE('',*,*,#5998,.T.);
#8432=ORIENTED_EDGE('',*,*,#6374,.T.);
#8433=ORIENTED_EDGE('',*,*,#6375,.T.);
#8434=ORIENTED_EDGE('',*,*,#6376,.T.);
#8435=ORIENTED_EDGE('',*,*,#5997,.T.);
#8436=ORIENTED_EDGE('',*,*,#6377,.T.);
#8437=ORIENTED_EDGE('',*,*,#6378,.F.);
#8438=ORIENTED_EDGE('',*,*,#6374,.F.);
#8439=ORIENTED_EDGE('',*,*,#5996,.T.);
#8440=ORIENTED_EDGE('',*,*,#6379,.T.);
#8441=ORIENTED_EDGE('',*,*,#6380,.F.);
#8442=ORIENTED_EDGE('',*,*,#6377,.F.);
#8443=ORIENTED_EDGE('',*,*,#5995,.T.);
#8444=ORIENTED_EDGE('',*,*,#6381,.T.);
#8445=ORIENTED_EDGE('',*,*,#6382,.F.);
#8446=ORIENTED_EDGE('',*,*,#6379,.F.);
#8447=ORIENTED_EDGE('',*,*,#5994,.T.);
#8448=ORIENTED_EDGE('',*,*,#6383,.T.);
#8449=ORIENTED_EDGE('',*,*,#6384,.F.);
#8450=ORIENTED_EDGE('',*,*,#6381,.F.);
#8451=ORIENTED_EDGE('',*,*,#5993,.T.);
#8452=ORIENTED_EDGE('',*,*,#6385,.F.);
#8453=ORIENTED_EDGE('',*,*,#6386,.F.);
#8454=ORIENTED_EDGE('',*,*,#6383,.F.);
#8455=ORIENTED_EDGE('',*,*,#5992,.T.);
#8456=ORIENTED_EDGE('',*,*,#6387,.T.);
#8457=ORIENTED_EDGE('',*,*,#6388,.T.);
#8458=ORIENTED_EDGE('',*,*,#6385,.T.);
#8459=ORIENTED_EDGE('',*,*,#5991,.T.);
#8460=ORIENTED_EDGE('',*,*,#6389,.F.);
#8461=ORIENTED_EDGE('',*,*,#6390,.F.);
#8462=ORIENTED_EDGE('',*,*,#6387,.F.);
#8463=ORIENTED_EDGE('',*,*,#6013,.T.);
#8464=ORIENTED_EDGE('',*,*,#6391,.T.);
#8465=ORIENTED_EDGE('',*,*,#6392,.F.);
#8466=ORIENTED_EDGE('',*,*,#6393,.F.);
#8467=ORIENTED_EDGE('',*,*,#6012,.T.);
#8468=ORIENTED_EDGE('',*,*,#6394,.T.);
#8469=ORIENTED_EDGE('',*,*,#6395,.F.);
#8470=ORIENTED_EDGE('',*,*,#6391,.F.);
#8471=ORIENTED_EDGE('',*,*,#6011,.T.);
#8472=ORIENTED_EDGE('',*,*,#6396,.T.);
#8473=ORIENTED_EDGE('',*,*,#6397,.F.);
#8474=ORIENTED_EDGE('',*,*,#6394,.F.);
#8475=ORIENTED_EDGE('',*,*,#6010,.T.);
#8476=ORIENTED_EDGE('',*,*,#6398,.T.);
#8477=ORIENTED_EDGE('',*,*,#6399,.F.);
#8478=ORIENTED_EDGE('',*,*,#6396,.F.);
#8479=ORIENTED_EDGE('',*,*,#6009,.T.);
#8480=ORIENTED_EDGE('',*,*,#6400,.F.);
#8481=ORIENTED_EDGE('',*,*,#6401,.F.);
#8482=ORIENTED_EDGE('',*,*,#6398,.F.);
#8483=ORIENTED_EDGE('',*,*,#6008,.T.);
#8484=ORIENTED_EDGE('',*,*,#6402,.T.);
#8485=ORIENTED_EDGE('',*,*,#6403,.T.);
#8486=ORIENTED_EDGE('',*,*,#6400,.T.);
#8487=ORIENTED_EDGE('',*,*,#6007,.T.);
#8488=ORIENTED_EDGE('',*,*,#6404,.F.);
#8489=ORIENTED_EDGE('',*,*,#6405,.F.);
#8490=ORIENTED_EDGE('',*,*,#6402,.F.);
#8491=ORIENTED_EDGE('',*,*,#6024,.T.);
#8492=ORIENTED_EDGE('',*,*,#6406,.F.);
#8493=ORIENTED_EDGE('',*,*,#6407,.F.);
#8494=ORIENTED_EDGE('',*,*,#6408,.F.);
#8495=ORIENTED_EDGE('',*,*,#6023,.T.);
#8496=ORIENTED_EDGE('',*,*,#6409,.T.);
#8497=ORIENTED_EDGE('',*,*,#6410,.T.);
#8498=ORIENTED_EDGE('',*,*,#6406,.T.);
#8499=ORIENTED_EDGE('',*,*,#6022,.T.);
#8500=ORIENTED_EDGE('',*,*,#6411,.F.);
#8501=ORIENTED_EDGE('',*,*,#6412,.F.);
#8502=ORIENTED_EDGE('',*,*,#6409,.F.);
#8503=ORIENTED_EDGE('',*,*,#6021,.T.);
#8504=ORIENTED_EDGE('',*,*,#6413,.F.);
#8505=ORIENTED_EDGE('',*,*,#6414,.T.);
#8506=ORIENTED_EDGE('',*,*,#5926,.F.);
#8507=ORIENTED_EDGE('',*,*,#6415,.F.);
#8508=ORIENTED_EDGE('',*,*,#6416,.T.);
#8509=ORIENTED_EDGE('',*,*,#6411,.T.);
#8510=ORIENTED_EDGE('',*,*,#6035,.T.);
#8511=ORIENTED_EDGE('',*,*,#6417,.T.);
#8512=ORIENTED_EDGE('',*,*,#6418,.F.);
#8513=ORIENTED_EDGE('',*,*,#6419,.F.);
#8514=ORIENTED_EDGE('',*,*,#6034,.T.);
#8515=ORIENTED_EDGE('',*,*,#6420,.T.);
#8516=ORIENTED_EDGE('',*,*,#6421,.F.);
#8517=ORIENTED_EDGE('',*,*,#6417,.F.);
#8518=ORIENTED_EDGE('',*,*,#6033,.T.);
#8519=ORIENTED_EDGE('',*,*,#6422,.T.);
#8520=ORIENTED_EDGE('',*,*,#6423,.F.);
#8521=ORIENTED_EDGE('',*,*,#6420,.F.);
#8522=ORIENTED_EDGE('',*,*,#6032,.T.);
#8523=ORIENTED_EDGE('',*,*,#6424,.T.);
#8524=ORIENTED_EDGE('',*,*,#6425,.F.);
#8525=ORIENTED_EDGE('',*,*,#6422,.F.);
#8526=ORIENTED_EDGE('',*,*,#6031,.T.);
#8527=ORIENTED_EDGE('',*,*,#6426,.T.);
#8528=ORIENTED_EDGE('',*,*,#6427,.F.);
#8529=ORIENTED_EDGE('',*,*,#6424,.F.);
#8530=ORIENTED_EDGE('',*,*,#6030,.T.);
#8531=ORIENTED_EDGE('',*,*,#6428,.T.);
#8532=ORIENTED_EDGE('',*,*,#6429,.F.);
#8533=ORIENTED_EDGE('',*,*,#6426,.F.);
#8534=ORIENTED_EDGE('',*,*,#6047,.T.);
#8535=ORIENTED_EDGE('',*,*,#6430,.T.);
#8536=ORIENTED_EDGE('',*,*,#6431,.F.);
#8537=ORIENTED_EDGE('',*,*,#6432,.F.);
#8538=ORIENTED_EDGE('',*,*,#6046,.T.);
#8539=ORIENTED_EDGE('',*,*,#6433,.T.);
#8540=ORIENTED_EDGE('',*,*,#6434,.F.);
#8541=ORIENTED_EDGE('',*,*,#6430,.F.);
#8542=ORIENTED_EDGE('',*,*,#6045,.T.);
#8543=ORIENTED_EDGE('',*,*,#6435,.T.);
#8544=ORIENTED_EDGE('',*,*,#6436,.F.);
#8545=ORIENTED_EDGE('',*,*,#6433,.F.);
#8546=ORIENTED_EDGE('',*,*,#6044,.T.);
#8547=ORIENTED_EDGE('',*,*,#6437,.T.);
#8548=ORIENTED_EDGE('',*,*,#6438,.F.);
#8549=ORIENTED_EDGE('',*,*,#6435,.F.);
#8550=ORIENTED_EDGE('',*,*,#6043,.T.);
#8551=ORIENTED_EDGE('',*,*,#6439,.T.);
#8552=ORIENTED_EDGE('',*,*,#6440,.F.);
#8553=ORIENTED_EDGE('',*,*,#6437,.F.);
#8554=ORIENTED_EDGE('',*,*,#6042,.T.);
#8555=ORIENTED_EDGE('',*,*,#6441,.T.);
#8556=ORIENTED_EDGE('',*,*,#6442,.F.);
#8557=ORIENTED_EDGE('',*,*,#6439,.F.);
#8558=ORIENTED_EDGE('',*,*,#6059,.T.);
#8559=ORIENTED_EDGE('',*,*,#6443,.T.);
#8560=ORIENTED_EDGE('',*,*,#6444,.F.);
#8561=ORIENTED_EDGE('',*,*,#6445,.F.);
#8562=ORIENTED_EDGE('',*,*,#6058,.T.);
#8563=ORIENTED_EDGE('',*,*,#6446,.T.);
#8564=ORIENTED_EDGE('',*,*,#6447,.F.);
#8565=ORIENTED_EDGE('',*,*,#6443,.F.);
#8566=ORIENTED_EDGE('',*,*,#6057,.T.);
#8567=ORIENTED_EDGE('',*,*,#6448,.T.);
#8568=ORIENTED_EDGE('',*,*,#6449,.F.);
#8569=ORIENTED_EDGE('',*,*,#6446,.F.);
#8570=ORIENTED_EDGE('',*,*,#6056,.T.);
#8571=ORIENTED_EDGE('',*,*,#6450,.T.);
#8572=ORIENTED_EDGE('',*,*,#6451,.F.);
#8573=ORIENTED_EDGE('',*,*,#6448,.F.);
#8574=ORIENTED_EDGE('',*,*,#6055,.T.);
#8575=ORIENTED_EDGE('',*,*,#6452,.T.);
#8576=ORIENTED_EDGE('',*,*,#6453,.F.);
#8577=ORIENTED_EDGE('',*,*,#6450,.F.);
#8578=ORIENTED_EDGE('',*,*,#6054,.T.);
#8579=ORIENTED_EDGE('',*,*,#6454,.T.);
#8580=ORIENTED_EDGE('',*,*,#6455,.F.);
#8581=ORIENTED_EDGE('',*,*,#6452,.F.);
#8582=ORIENTED_EDGE('',*,*,#6071,.T.);
#8583=ORIENTED_EDGE('',*,*,#6456,.T.);
#8584=ORIENTED_EDGE('',*,*,#6457,.T.);
#8585=ORIENTED_EDGE('',*,*,#6458,.T.);
#8586=ORIENTED_EDGE('',*,*,#6070,.T.);
#8587=ORIENTED_EDGE('',*,*,#6459,.T.);
#8588=ORIENTED_EDGE('',*,*,#6460,.F.);
#8589=ORIENTED_EDGE('',*,*,#6456,.F.);
#8590=ORIENTED_EDGE('',*,*,#6069,.T.);
#8591=ORIENTED_EDGE('',*,*,#6461,.T.);
#8592=ORIENTED_EDGE('',*,*,#6462,.F.);
#8593=ORIENTED_EDGE('',*,*,#6459,.F.);
#8594=ORIENTED_EDGE('',*,*,#6068,.T.);
#8595=ORIENTED_EDGE('',*,*,#6463,.T.);
#8596=ORIENTED_EDGE('',*,*,#6464,.F.);
#8597=ORIENTED_EDGE('',*,*,#6461,.F.);
#8598=ORIENTED_EDGE('',*,*,#6067,.T.);
#8599=ORIENTED_EDGE('',*,*,#6465,.T.);
#8600=ORIENTED_EDGE('',*,*,#6466,.F.);
#8601=ORIENTED_EDGE('',*,*,#6463,.F.);
#8602=ORIENTED_EDGE('',*,*,#6066,.T.);
#8603=ORIENTED_EDGE('',*,*,#6467,.T.);
#8604=ORIENTED_EDGE('',*,*,#6468,.F.);
#8605=ORIENTED_EDGE('',*,*,#6465,.F.);
#8606=ORIENTED_EDGE('',*,*,#6085,.T.);
#8607=ORIENTED_EDGE('',*,*,#6469,.T.);
#8608=ORIENTED_EDGE('',*,*,#6470,.T.);
#8609=ORIENTED_EDGE('',*,*,#6471,.F.);
#8610=ORIENTED_EDGE('',*,*,#6084,.T.);
#8611=ORIENTED_EDGE('',*,*,#6472,.T.);
#8612=ORIENTED_EDGE('',*,*,#6473,.T.);
#8613=ORIENTED_EDGE('',*,*,#6469,.F.);
#8614=ORIENTED_EDGE('',*,*,#6083,.T.);
#8615=ORIENTED_EDGE('',*,*,#6474,.T.);
#8616=ORIENTED_EDGE('',*,*,#6475,.T.);
#8617=ORIENTED_EDGE('',*,*,#6472,.F.);
#8618=ORIENTED_EDGE('',*,*,#6082,.T.);
#8619=ORIENTED_EDGE('',*,*,#6476,.T.);
#8620=ORIENTED_EDGE('',*,*,#6477,.T.);
#8621=ORIENTED_EDGE('',*,*,#6474,.F.);
#8622=ORIENTED_EDGE('',*,*,#6081,.T.);
#8623=ORIENTED_EDGE('',*,*,#6478,.T.);
#8624=ORIENTED_EDGE('',*,*,#6479,.T.);
#8625=ORIENTED_EDGE('',*,*,#6476,.F.);
#8626=ORIENTED_EDGE('',*,*,#6097,.T.);
#8627=ORIENTED_EDGE('',*,*,#6480,.T.);
#8628=ORIENTED_EDGE('',*,*,#6481,.F.);
#8629=ORIENTED_EDGE('',*,*,#6482,.F.);
#8630=ORIENTED_EDGE('',*,*,#6096,.T.);
#8631=ORIENTED_EDGE('',*,*,#6483,.T.);
#8632=ORIENTED_EDGE('',*,*,#6484,.F.);
#8633=ORIENTED_EDGE('',*,*,#6480,.F.);
#8634=ORIENTED_EDGE('',*,*,#6095,.T.);
#8635=ORIENTED_EDGE('',*,*,#6485,.T.);
#8636=ORIENTED_EDGE('',*,*,#6486,.F.);
#8637=ORIENTED_EDGE('',*,*,#6483,.F.);
#8638=ORIENTED_EDGE('',*,*,#6094,.T.);
#8639=ORIENTED_EDGE('',*,*,#6487,.T.);
#8640=ORIENTED_EDGE('',*,*,#6488,.F.);
#8641=ORIENTED_EDGE('',*,*,#6485,.F.);
#8642=ORIENTED_EDGE('',*,*,#6093,.T.);
#8643=ORIENTED_EDGE('',*,*,#6489,.T.);
#8644=ORIENTED_EDGE('',*,*,#6490,.F.);
#8645=ORIENTED_EDGE('',*,*,#6487,.F.);
#8646=ORIENTED_EDGE('',*,*,#6092,.T.);
#8647=ORIENTED_EDGE('',*,*,#6491,.T.);
#8648=ORIENTED_EDGE('',*,*,#6492,.F.);
#8649=ORIENTED_EDGE('',*,*,#6489,.F.);
#8650=ORIENTED_EDGE('',*,*,#6109,.T.);
#8651=ORIENTED_EDGE('',*,*,#6493,.T.);
#8652=ORIENTED_EDGE('',*,*,#6494,.F.);
#8653=ORIENTED_EDGE('',*,*,#6495,.F.);
#8654=ORIENTED_EDGE('',*,*,#6108,.T.);
#8655=ORIENTED_EDGE('',*,*,#6496,.T.);
#8656=ORIENTED_EDGE('',*,*,#6497,.F.);
#8657=ORIENTED_EDGE('',*,*,#6493,.F.);
#8658=ORIENTED_EDGE('',*,*,#6107,.T.);
#8659=ORIENTED_EDGE('',*,*,#6498,.T.);
#8660=ORIENTED_EDGE('',*,*,#6499,.F.);
#8661=ORIENTED_EDGE('',*,*,#6496,.F.);
#8662=ORIENTED_EDGE('',*,*,#6106,.T.);
#8663=ORIENTED_EDGE('',*,*,#6500,.T.);
#8664=ORIENTED_EDGE('',*,*,#6501,.F.);
#8665=ORIENTED_EDGE('',*,*,#6498,.F.);
#8666=ORIENTED_EDGE('',*,*,#6105,.T.);
#8667=ORIENTED_EDGE('',*,*,#6502,.T.);
#8668=ORIENTED_EDGE('',*,*,#6503,.F.);
#8669=ORIENTED_EDGE('',*,*,#6500,.F.);
#8670=ORIENTED_EDGE('',*,*,#6104,.T.);
#8671=ORIENTED_EDGE('',*,*,#6504,.T.);
#8672=ORIENTED_EDGE('',*,*,#6505,.F.);
#8673=ORIENTED_EDGE('',*,*,#6502,.F.);
#8674=ORIENTED_EDGE('',*,*,#6122,.T.);
#8675=ORIENTED_EDGE('',*,*,#6506,.T.);
#8676=ORIENTED_EDGE('',*,*,#6507,.F.);
#8677=ORIENTED_EDGE('',*,*,#6508,.F.);
#8678=ORIENTED_EDGE('',*,*,#6121,.T.);
#8679=ORIENTED_EDGE('',*,*,#6509,.T.);
#8680=ORIENTED_EDGE('',*,*,#6510,.F.);
#8681=ORIENTED_EDGE('',*,*,#6506,.F.);
#8682=ORIENTED_EDGE('',*,*,#6120,.T.);
#8683=ORIENTED_EDGE('',*,*,#6511,.T.);
#8684=ORIENTED_EDGE('',*,*,#6512,.F.);
#8685=ORIENTED_EDGE('',*,*,#6509,.F.);
#8686=ORIENTED_EDGE('',*,*,#6119,.T.);
#8687=ORIENTED_EDGE('',*,*,#6513,.T.);
#8688=ORIENTED_EDGE('',*,*,#6514,.F.);
#8689=ORIENTED_EDGE('',*,*,#6511,.F.);
#8690=ORIENTED_EDGE('',*,*,#6118,.T.);
#8691=ORIENTED_EDGE('',*,*,#6515,.T.);
#8692=ORIENTED_EDGE('',*,*,#6516,.F.);
#8693=ORIENTED_EDGE('',*,*,#6513,.F.);
#8694=ORIENTED_EDGE('',*,*,#6117,.T.);
#8695=ORIENTED_EDGE('',*,*,#6517,.T.);
#8696=ORIENTED_EDGE('',*,*,#6518,.F.);
#8697=ORIENTED_EDGE('',*,*,#6515,.F.);
#8698=ORIENTED_EDGE('',*,*,#6116,.T.);
#8699=ORIENTED_EDGE('',*,*,#6519,.T.);
#8700=ORIENTED_EDGE('',*,*,#6520,.F.);
#8701=ORIENTED_EDGE('',*,*,#6517,.F.);
#8702=ORIENTED_EDGE('',*,*,#6133,.T.);
#8703=ORIENTED_EDGE('',*,*,#6521,.T.);
#8704=ORIENTED_EDGE('',*,*,#6522,.T.);
#8705=ORIENTED_EDGE('',*,*,#6523,.T.);
#8706=ORIENTED_EDGE('',*,*,#6132,.T.);
#8707=ORIENTED_EDGE('',*,*,#6524,.F.);
#8708=ORIENTED_EDGE('',*,*,#6525,.F.);
#8709=ORIENTED_EDGE('',*,*,#6521,.F.);
#8710=ORIENTED_EDGE('',*,*,#6131,.T.);
#8711=ORIENTED_EDGE('',*,*,#6526,.T.);
#8712=ORIENTED_EDGE('',*,*,#6527,.F.);
#8713=ORIENTED_EDGE('',*,*,#6524,.T.);
#8714=ORIENTED_EDGE('',*,*,#6130,.T.);
#8715=ORIENTED_EDGE('',*,*,#6528,.F.);
#8716=ORIENTED_EDGE('',*,*,#6529,.F.);
#8717=ORIENTED_EDGE('',*,*,#6526,.F.);
#8718=ORIENTED_EDGE('',*,*,#6129,.T.);
#8719=ORIENTED_EDGE('',*,*,#6530,.T.);
#8720=ORIENTED_EDGE('',*,*,#6531,.T.);
#8721=ORIENTED_EDGE('',*,*,#6528,.T.);
#8722=ORIENTED_EDGE('',*,*,#6145,.T.);
#8723=ORIENTED_EDGE('',*,*,#6532,.T.);
#8724=ORIENTED_EDGE('',*,*,#6533,.F.);
#8725=ORIENTED_EDGE('',*,*,#6534,.F.);
#8726=ORIENTED_EDGE('',*,*,#6144,.T.);
#8727=ORIENTED_EDGE('',*,*,#6535,.T.);
#8728=ORIENTED_EDGE('',*,*,#6536,.F.);
#8729=ORIENTED_EDGE('',*,*,#6532,.F.);
#8730=ORIENTED_EDGE('',*,*,#6143,.T.);
#8731=ORIENTED_EDGE('',*,*,#6537,.F.);
#8732=ORIENTED_EDGE('',*,*,#6538,.F.);
#8733=ORIENTED_EDGE('',*,*,#6535,.F.);
#8734=ORIENTED_EDGE('',*,*,#6142,.T.);
#8735=ORIENTED_EDGE('',*,*,#6539,.T.);
#8736=ORIENTED_EDGE('',*,*,#6540,.T.);
#8737=ORIENTED_EDGE('',*,*,#6537,.T.);
#8738=ORIENTED_EDGE('',*,*,#6141,.T.);
#8739=ORIENTED_EDGE('',*,*,#6541,.F.);
#8740=ORIENTED_EDGE('',*,*,#6542,.F.);
#8741=ORIENTED_EDGE('',*,*,#6539,.F.);
#8742=ORIENTED_EDGE('',*,*,#6140,.T.);
#8743=ORIENTED_EDGE('',*,*,#6543,.T.);
#8744=ORIENTED_EDGE('',*,*,#6544,.T.);
#8745=ORIENTED_EDGE('',*,*,#6541,.T.);
#8746=ORIENTED_EDGE('',*,*,#6139,.T.);
#8747=ORIENTED_EDGE('',*,*,#6545,.T.);
#8748=ORIENTED_EDGE('',*,*,#6546,.F.);
#8749=ORIENTED_EDGE('',*,*,#6543,.F.);
#8750=ORIENTED_EDGE('',*,*,#6138,.T.);
#8751=ORIENTED_EDGE('',*,*,#6547,.T.);
#8752=ORIENTED_EDGE('',*,*,#6548,.F.);
#8753=ORIENTED_EDGE('',*,*,#6545,.F.);
#8754=ORIENTED_EDGE('',*,*,#6157,.T.);
#8755=ORIENTED_EDGE('',*,*,#6549,.T.);
#8756=ORIENTED_EDGE('',*,*,#6550,.F.);
#8757=ORIENTED_EDGE('',*,*,#6551,.F.);
#8758=ORIENTED_EDGE('',*,*,#6156,.T.);
#8759=ORIENTED_EDGE('',*,*,#6552,.T.);
#8760=ORIENTED_EDGE('',*,*,#6553,.F.);
#8761=ORIENTED_EDGE('',*,*,#6549,.F.);
#8762=ORIENTED_EDGE('',*,*,#6155,.T.);
#8763=ORIENTED_EDGE('',*,*,#6554,.F.);
#8764=ORIENTED_EDGE('',*,*,#6555,.F.);
#8765=ORIENTED_EDGE('',*,*,#6552,.F.);
#8766=ORIENTED_EDGE('',*,*,#6154,.T.);
#8767=ORIENTED_EDGE('',*,*,#6556,.T.);
#8768=ORIENTED_EDGE('',*,*,#6557,.T.);
#8769=ORIENTED_EDGE('',*,*,#6554,.T.);
#8770=ORIENTED_EDGE('',*,*,#6153,.T.);
#8771=ORIENTED_EDGE('',*,*,#6558,.F.);
#8772=ORIENTED_EDGE('',*,*,#6559,.F.);
#8773=ORIENTED_EDGE('',*,*,#6556,.F.);
#8774=ORIENTED_EDGE('',*,*,#6169,.T.);
#8775=ORIENTED_EDGE('',*,*,#6560,.T.);
#8776=ORIENTED_EDGE('',*,*,#6561,.F.);
#8777=ORIENTED_EDGE('',*,*,#6562,.F.);
#8778=ORIENTED_EDGE('',*,*,#6168,.T.);
#8779=ORIENTED_EDGE('',*,*,#6563,.F.);
#8780=ORIENTED_EDGE('',*,*,#6564,.F.);
#8781=ORIENTED_EDGE('',*,*,#6560,.F.);
#8782=ORIENTED_EDGE('',*,*,#6167,.T.);
#8783=ORIENTED_EDGE('',*,*,#6565,.T.);
#8784=ORIENTED_EDGE('',*,*,#6566,.T.);
#8785=ORIENTED_EDGE('',*,*,#6563,.T.);
#8786=ORIENTED_EDGE('',*,*,#6166,.T.);
#8787=ORIENTED_EDGE('',*,*,#6567,.F.);
#8788=ORIENTED_EDGE('',*,*,#6568,.T.);
#8789=ORIENTED_EDGE('',*,*,#5610,.F.);
#8790=ORIENTED_EDGE('',*,*,#6569,.F.);
#8791=ORIENTED_EDGE('',*,*,#6570,.T.);
#8792=ORIENTED_EDGE('',*,*,#6571,.T.);
#8793=ORIENTED_EDGE('',*,*,#6565,.F.);
#8794=ORIENTED_EDGE('',*,*,#6165,.T.);
#8795=ORIENTED_EDGE('',*,*,#6572,.T.);
#8796=ORIENTED_EDGE('',*,*,#6573,.T.);
#8797=ORIENTED_EDGE('',*,*,#6567,.T.);
#8798=ORIENTED_EDGE('',*,*,#6164,.T.);
#8799=ORIENTED_EDGE('',*,*,#6574,.F.);
#8800=ORIENTED_EDGE('',*,*,#6575,.F.);
#8801=ORIENTED_EDGE('',*,*,#6572,.F.);
#8802=ORIENTED_EDGE('',*,*,#6180,.T.);
#8803=ORIENTED_EDGE('',*,*,#6576,.T.);
#8804=ORIENTED_EDGE('',*,*,#6577,.F.);
#8805=ORIENTED_EDGE('',*,*,#6578,.F.);
#8806=ORIENTED_EDGE('',*,*,#6179,.T.);
#8807=ORIENTED_EDGE('',*,*,#6579,.T.);
#8808=ORIENTED_EDGE('',*,*,#6580,.F.);
#8809=ORIENTED_EDGE('',*,*,#6576,.F.);
#8810=ORIENTED_EDGE('',*,*,#6178,.T.);
#8811=ORIENTED_EDGE('',*,*,#6581,.T.);
#8812=ORIENTED_EDGE('',*,*,#6582,.F.);
#8813=ORIENTED_EDGE('',*,*,#6579,.F.);
#8814=ORIENTED_EDGE('',*,*,#6177,.T.);
#8815=ORIENTED_EDGE('',*,*,#6583,.T.);
#8816=ORIENTED_EDGE('',*,*,#6584,.F.);
#8817=ORIENTED_EDGE('',*,*,#6581,.F.);
#8818=ORIENTED_EDGE('',*,*,#6176,.T.);
#8819=ORIENTED_EDGE('',*,*,#6585,.T.);
#8820=ORIENTED_EDGE('',*,*,#6586,.F.);
#8821=ORIENTED_EDGE('',*,*,#6583,.F.);
#8822=ORIENTED_EDGE('',*,*,#6175,.T.);
#8823=ORIENTED_EDGE('',*,*,#6587,.T.);
#8824=ORIENTED_EDGE('',*,*,#6588,.F.);
#8825=ORIENTED_EDGE('',*,*,#6585,.F.);
#8826=ORIENTED_EDGE('',*,*,#6193,.T.);
#8827=ORIENTED_EDGE('',*,*,#6589,.T.);
#8828=ORIENTED_EDGE('',*,*,#6590,.F.);
#8829=ORIENTED_EDGE('',*,*,#6591,.F.);
#8830=ORIENTED_EDGE('',*,*,#6192,.T.);
#8831=ORIENTED_EDGE('',*,*,#6592,.T.);
#8832=ORIENTED_EDGE('',*,*,#6593,.F.);
#8833=ORIENTED_EDGE('',*,*,#6589,.F.);
#8834=ORIENTED_EDGE('',*,*,#6191,.T.);
#8835=ORIENTED_EDGE('',*,*,#6594,.T.);
#8836=ORIENTED_EDGE('',*,*,#6595,.F.);
#8837=ORIENTED_EDGE('',*,*,#6592,.F.);
#8838=ORIENTED_EDGE('',*,*,#6190,.T.);
#8839=ORIENTED_EDGE('',*,*,#6596,.T.);
#8840=ORIENTED_EDGE('',*,*,#6597,.F.);
#8841=ORIENTED_EDGE('',*,*,#6594,.F.);
#8842=ORIENTED_EDGE('',*,*,#6189,.T.);
#8843=ORIENTED_EDGE('',*,*,#6598,.T.);
#8844=ORIENTED_EDGE('',*,*,#6599,.F.);
#8845=ORIENTED_EDGE('',*,*,#6596,.F.);
#8846=ORIENTED_EDGE('',*,*,#6188,.T.);
#8847=ORIENTED_EDGE('',*,*,#6600,.T.);
#8848=ORIENTED_EDGE('',*,*,#6601,.F.);
#8849=ORIENTED_EDGE('',*,*,#6598,.F.);
#8850=ORIENTED_EDGE('',*,*,#6187,.T.);
#8851=ORIENTED_EDGE('',*,*,#6602,.F.);
#8852=ORIENTED_EDGE('',*,*,#6603,.F.);
#8853=ORIENTED_EDGE('',*,*,#6600,.F.);
#8854=ORIENTED_EDGE('',*,*,#6205,.T.);
#8855=ORIENTED_EDGE('',*,*,#6604,.T.);
#8856=ORIENTED_EDGE('',*,*,#6605,.F.);
#8857=ORIENTED_EDGE('',*,*,#6606,.F.);
#8858=ORIENTED_EDGE('',*,*,#6204,.T.);
#8859=ORIENTED_EDGE('',*,*,#6607,.T.);
#8860=ORIENTED_EDGE('',*,*,#6608,.F.);
#8861=ORIENTED_EDGE('',*,*,#6604,.F.);
#8862=ORIENTED_EDGE('',*,*,#6203,.T.);
#8863=ORIENTED_EDGE('',*,*,#6609,.T.);
#8864=ORIENTED_EDGE('',*,*,#6610,.F.);
#8865=ORIENTED_EDGE('',*,*,#6607,.F.);
#8866=ORIENTED_EDGE('',*,*,#6202,.T.);
#8867=ORIENTED_EDGE('',*,*,#6611,.T.);
#8868=ORIENTED_EDGE('',*,*,#6612,.F.);
#8869=ORIENTED_EDGE('',*,*,#6609,.F.);
#8870=ORIENTED_EDGE('',*,*,#6201,.T.);
#8871=ORIENTED_EDGE('',*,*,#6613,.T.);
#8872=ORIENTED_EDGE('',*,*,#6614,.F.);
#8873=ORIENTED_EDGE('',*,*,#6611,.F.);
#8874=ORIENTED_EDGE('',*,*,#6200,.T.);
#8875=ORIENTED_EDGE('',*,*,#6615,.T.);
#8876=ORIENTED_EDGE('',*,*,#6616,.F.);
#8877=ORIENTED_EDGE('',*,*,#6613,.F.);
#8878=ORIENTED_EDGE('',*,*,#6217,.T.);
#8879=ORIENTED_EDGE('',*,*,#6617,.T.);
#8880=ORIENTED_EDGE('',*,*,#6618,.F.);
#8881=ORIENTED_EDGE('',*,*,#6619,.F.);
#8882=ORIENTED_EDGE('',*,*,#6216,.T.);
#8883=ORIENTED_EDGE('',*,*,#6620,.T.);
#8884=ORIENTED_EDGE('',*,*,#6621,.F.);
#8885=ORIENTED_EDGE('',*,*,#6617,.F.);
#8886=ORIENTED_EDGE('',*,*,#6215,.T.);
#8887=ORIENTED_EDGE('',*,*,#6622,.T.);
#8888=ORIENTED_EDGE('',*,*,#6623,.F.);
#8889=ORIENTED_EDGE('',*,*,#6620,.F.);
#8890=ORIENTED_EDGE('',*,*,#6214,.T.);
#8891=ORIENTED_EDGE('',*,*,#6624,.T.);
#8892=ORIENTED_EDGE('',*,*,#6625,.F.);
#8893=ORIENTED_EDGE('',*,*,#6622,.F.);
#8894=ORIENTED_EDGE('',*,*,#6213,.T.);
#8895=ORIENTED_EDGE('',*,*,#6626,.T.);
#8896=ORIENTED_EDGE('',*,*,#6627,.F.);
#8897=ORIENTED_EDGE('',*,*,#6624,.F.);
#8898=ORIENTED_EDGE('',*,*,#6212,.T.);
#8899=ORIENTED_EDGE('',*,*,#6628,.T.);
#8900=ORIENTED_EDGE('',*,*,#6629,.F.);
#8901=ORIENTED_EDGE('',*,*,#6626,.F.);
#8902=ORIENTED_EDGE('',*,*,#6230,.T.);
#8903=ORIENTED_EDGE('',*,*,#6630,.T.);
#8904=ORIENTED_EDGE('',*,*,#6631,.F.);
#8905=ORIENTED_EDGE('',*,*,#6632,.F.);
#8906=ORIENTED_EDGE('',*,*,#6229,.T.);
#8907=ORIENTED_EDGE('',*,*,#6633,.F.);
#8908=ORIENTED_EDGE('',*,*,#6634,.F.);
#8909=ORIENTED_EDGE('',*,*,#6630,.F.);
#8910=ORIENTED_EDGE('',*,*,#6228,.T.);
#8911=ORIENTED_EDGE('',*,*,#6635,.T.);
#8912=ORIENTED_EDGE('',*,*,#6636,.T.);
#8913=ORIENTED_EDGE('',*,*,#6633,.T.);
#8914=ORIENTED_EDGE('',*,*,#6227,.T.);
#8915=ORIENTED_EDGE('',*,*,#6637,.F.);
#8916=ORIENTED_EDGE('',*,*,#6638,.F.);
#8917=ORIENTED_EDGE('',*,*,#6635,.F.);
#8918=ORIENTED_EDGE('',*,*,#6226,.T.);
#8919=ORIENTED_EDGE('',*,*,#6639,.T.);
#8920=ORIENTED_EDGE('',*,*,#6640,.T.);
#8921=ORIENTED_EDGE('',*,*,#6637,.T.);
#8922=ORIENTED_EDGE('',*,*,#6225,.T.);
#8923=ORIENTED_EDGE('',*,*,#6641,.T.);
#8924=ORIENTED_EDGE('',*,*,#6642,.F.);
#8925=ORIENTED_EDGE('',*,*,#6639,.F.);
#8926=ORIENTED_EDGE('',*,*,#6224,.T.);
#8927=ORIENTED_EDGE('',*,*,#6643,.T.);
#8928=ORIENTED_EDGE('',*,*,#6644,.F.);
#8929=ORIENTED_EDGE('',*,*,#6641,.F.);
#8930=ORIENTED_EDGE('',*,*,#6243,.T.);
#8931=ORIENTED_EDGE('',*,*,#6645,.T.);
#8932=ORIENTED_EDGE('',*,*,#6646,.F.);
#8933=ORIENTED_EDGE('',*,*,#6647,.F.);
#8934=ORIENTED_EDGE('',*,*,#6242,.T.);
#8935=ORIENTED_EDGE('',*,*,#6648,.T.);
#8936=ORIENTED_EDGE('',*,*,#6649,.F.);
#8937=ORIENTED_EDGE('',*,*,#6645,.F.);
#8938=ORIENTED_EDGE('',*,*,#6241,.T.);
#8939=ORIENTED_EDGE('',*,*,#6650,.T.);
#8940=ORIENTED_EDGE('',*,*,#6651,.F.);
#8941=ORIENTED_EDGE('',*,*,#6648,.F.);
#8942=ORIENTED_EDGE('',*,*,#6240,.T.);
#8943=ORIENTED_EDGE('',*,*,#6652,.T.);
#8944=ORIENTED_EDGE('',*,*,#6653,.F.);
#8945=ORIENTED_EDGE('',*,*,#6650,.F.);
#8946=ORIENTED_EDGE('',*,*,#6239,.T.);
#8947=ORIENTED_EDGE('',*,*,#6654,.T.);
#8948=ORIENTED_EDGE('',*,*,#6655,.F.);
#8949=ORIENTED_EDGE('',*,*,#6652,.F.);
#8950=ORIENTED_EDGE('',*,*,#6238,.T.);
#8951=ORIENTED_EDGE('',*,*,#6656,.T.);
#8952=ORIENTED_EDGE('',*,*,#6657,.F.);
#8953=ORIENTED_EDGE('',*,*,#6654,.F.);
#8954=ORIENTED_EDGE('',*,*,#6255,.T.);
#8955=ORIENTED_EDGE('',*,*,#6658,.T.);
#8956=ORIENTED_EDGE('',*,*,#6659,.F.);
#8957=ORIENTED_EDGE('',*,*,#6660,.F.);
#8958=ORIENTED_EDGE('',*,*,#6254,.T.);
#8959=ORIENTED_EDGE('',*,*,#6661,.T.);
#8960=ORIENTED_EDGE('',*,*,#6662,.F.);
#8961=ORIENTED_EDGE('',*,*,#6658,.F.);
#8962=ORIENTED_EDGE('',*,*,#6253,.T.);
#8963=ORIENTED_EDGE('',*,*,#6663,.T.);
#8964=ORIENTED_EDGE('',*,*,#6664,.F.);
#8965=ORIENTED_EDGE('',*,*,#6661,.F.);
#8966=ORIENTED_EDGE('',*,*,#6252,.T.);
#8967=ORIENTED_EDGE('',*,*,#6665,.T.);
#8968=ORIENTED_EDGE('',*,*,#6666,.F.);
#8969=ORIENTED_EDGE('',*,*,#6663,.F.);
#8970=ORIENTED_EDGE('',*,*,#6251,.T.);
#8971=ORIENTED_EDGE('',*,*,#6667,.T.);
#8972=ORIENTED_EDGE('',*,*,#6668,.F.);
#8973=ORIENTED_EDGE('',*,*,#6665,.F.);
#8974=ORIENTED_EDGE('',*,*,#6250,.T.);
#8975=ORIENTED_EDGE('',*,*,#6669,.T.);
#8976=ORIENTED_EDGE('',*,*,#6670,.F.);
#8977=ORIENTED_EDGE('',*,*,#6667,.F.);
#8978=ORIENTED_EDGE('',*,*,#6268,.T.);
#8979=ORIENTED_EDGE('',*,*,#6671,.T.);
#8980=ORIENTED_EDGE('',*,*,#6672,.F.);
#8981=ORIENTED_EDGE('',*,*,#6673,.F.);
#8982=ORIENTED_EDGE('',*,*,#6267,.T.);
#8983=ORIENTED_EDGE('',*,*,#6674,.F.);
#8984=ORIENTED_EDGE('',*,*,#6675,.F.);
#8985=ORIENTED_EDGE('',*,*,#6671,.F.);
#8986=ORIENTED_EDGE('',*,*,#6266,.T.);
#8987=ORIENTED_EDGE('',*,*,#6676,.T.);
#8988=ORIENTED_EDGE('',*,*,#6677,.T.);
#8989=ORIENTED_EDGE('',*,*,#6674,.T.);
#8990=ORIENTED_EDGE('',*,*,#6264,.T.);
#8991=ORIENTED_EDGE('',*,*,#6678,.T.);
#8992=ORIENTED_EDGE('',*,*,#6679,.T.);
#8993=ORIENTED_EDGE('',*,*,#6680,.T.);
#8994=ORIENTED_EDGE('',*,*,#6263,.T.);
#8995=ORIENTED_EDGE('',*,*,#6681,.T.);
#8996=ORIENTED_EDGE('',*,*,#6682,.F.);
#8997=ORIENTED_EDGE('',*,*,#6678,.F.);
#8998=ORIENTED_EDGE('',*,*,#6262,.T.);
#8999=ORIENTED_EDGE('',*,*,#6683,.T.);
#9000=ORIENTED_EDGE('',*,*,#6684,.F.);
#9001=ORIENTED_EDGE('',*,*,#6681,.F.);
#9002=ORIENTED_EDGE('',*,*,#6279,.T.);
#9003=ORIENTED_EDGE('',*,*,#6685,.T.);
#9004=ORIENTED_EDGE('',*,*,#6686,.F.);
#9005=ORIENTED_EDGE('',*,*,#6687,.F.);
#9006=ORIENTED_EDGE('',*,*,#6278,.T.);
#9007=ORIENTED_EDGE('',*,*,#6688,.T.);
#9008=ORIENTED_EDGE('',*,*,#6689,.F.);
#9009=ORIENTED_EDGE('',*,*,#6685,.F.);
#9010=ORIENTED_EDGE('',*,*,#6277,.T.);
#9011=ORIENTED_EDGE('',*,*,#6690,.T.);
#9012=ORIENTED_EDGE('',*,*,#6691,.F.);
#9013=ORIENTED_EDGE('',*,*,#6688,.F.);
#9014=ORIENTED_EDGE('',*,*,#6276,.T.);
#9015=ORIENTED_EDGE('',*,*,#6692,.F.);
#9016=ORIENTED_EDGE('',*,*,#6693,.F.);
#9017=ORIENTED_EDGE('',*,*,#6690,.F.);
#9018=ORIENTED_EDGE('',*,*,#6275,.T.);
#9019=ORIENTED_EDGE('',*,*,#6694,.T.);
#9020=ORIENTED_EDGE('',*,*,#6695,.T.);
#9021=ORIENTED_EDGE('',*,*,#6692,.T.);
#9022=ORIENTED_EDGE('',*,*,#6265,.T.);
#9023=ORIENTED_EDGE('',*,*,#6680,.F.);
#9024=ORIENTED_EDGE('',*,*,#6696,.T.);
#9025=ORIENTED_EDGE('',*,*,#6694,.F.);
#9026=ORIENTED_EDGE('',*,*,#6284,.T.);
#9027=ORIENTED_EDGE('',*,*,#6697,.F.);
#9028=ORIENTED_EDGE('',*,*,#6698,.F.);
#9029=ORIENTED_EDGE('',*,*,#6699,.F.);
#9030=ORIENTED_EDGE('',*,*,#6700,.T.);
#9031=ORIENTED_EDGE('',*,*,#6676,.F.);
#9032=ORIENTED_EDGE('',*,*,#6290,.T.);
#9033=ORIENTED_EDGE('',*,*,#6701,.T.);
#9034=ORIENTED_EDGE('',*,*,#6702,.F.);
#9035=ORIENTED_EDGE('',*,*,#6703,.F.);
#9036=ORIENTED_EDGE('',*,*,#6289,.T.);
#9037=ORIENTED_EDGE('',*,*,#6704,.T.);
#9038=ORIENTED_EDGE('',*,*,#6705,.F.);
#9039=ORIENTED_EDGE('',*,*,#6701,.F.);
#9040=ORIENTED_EDGE('',*,*,#6288,.T.);
#9041=ORIENTED_EDGE('',*,*,#6706,.T.);
#9042=ORIENTED_EDGE('',*,*,#6707,.F.);
#9043=ORIENTED_EDGE('',*,*,#6704,.F.);
#9044=ORIENTED_EDGE('',*,*,#6287,.T.);
#9045=ORIENTED_EDGE('',*,*,#6708,.F.);
#9046=ORIENTED_EDGE('',*,*,#6709,.F.);
#9047=ORIENTED_EDGE('',*,*,#6706,.F.);
#9048=ORIENTED_EDGE('',*,*,#6286,.T.);
#9049=ORIENTED_EDGE('',*,*,#6710,.T.);
#9050=ORIENTED_EDGE('',*,*,#6711,.T.);
#9051=ORIENTED_EDGE('',*,*,#6708,.T.);
#9052=ORIENTED_EDGE('',*,*,#6285,.T.);
#9053=ORIENTED_EDGE('',*,*,#6712,.F.);
#9054=ORIENTED_EDGE('',*,*,#6713,.F.);
#9055=ORIENTED_EDGE('',*,*,#6710,.F.);
#9056=ORIENTED_EDGE('',*,*,#6301,.T.);
#9057=ORIENTED_EDGE('',*,*,#6714,.F.);
#9058=ORIENTED_EDGE('',*,*,#6715,.F.);
#9059=ORIENTED_EDGE('',*,*,#6716,.F.);
#9060=ORIENTED_EDGE('',*,*,#6300,.T.);
#9061=ORIENTED_EDGE('',*,*,#6717,.T.);
#9062=ORIENTED_EDGE('',*,*,#6718,.T.);
#9063=ORIENTED_EDGE('',*,*,#6714,.T.);
#9064=ORIENTED_EDGE('',*,*,#6299,.T.);
#9065=ORIENTED_EDGE('',*,*,#6719,.T.);
#9066=ORIENTED_EDGE('',*,*,#6720,.F.);
#9067=ORIENTED_EDGE('',*,*,#6717,.F.);
#9068=ORIENTED_EDGE('',*,*,#6298,.T.);
#9069=ORIENTED_EDGE('',*,*,#6721,.T.);
#9070=ORIENTED_EDGE('',*,*,#6722,.F.);
#9071=ORIENTED_EDGE('',*,*,#6719,.F.);
#9072=ORIENTED_EDGE('',*,*,#6297,.T.);
#9073=ORIENTED_EDGE('',*,*,#6723,.T.);
#9074=ORIENTED_EDGE('',*,*,#6724,.F.);
#9075=ORIENTED_EDGE('',*,*,#6721,.F.);
#9076=ORIENTED_EDGE('',*,*,#6311,.T.);
#9077=ORIENTED_EDGE('',*,*,#6725,.F.);
#9078=ORIENTED_EDGE('',*,*,#6726,.F.);
#9079=ORIENTED_EDGE('',*,*,#6727,.F.);
#9080=ORIENTED_EDGE('',*,*,#6310,.T.);
#9081=ORIENTED_EDGE('',*,*,#6728,.T.);
#9082=ORIENTED_EDGE('',*,*,#6729,.T.);
#9083=ORIENTED_EDGE('',*,*,#6725,.T.);
#9084=ORIENTED_EDGE('',*,*,#6309,.T.);
#9085=ORIENTED_EDGE('',*,*,#6730,.T.);
#9086=ORIENTED_EDGE('',*,*,#6731,.F.);
#9087=ORIENTED_EDGE('',*,*,#6728,.F.);
#9088=ORIENTED_EDGE('',*,*,#6308,.T.);
#9089=ORIENTED_EDGE('',*,*,#6732,.T.);
#9090=ORIENTED_EDGE('',*,*,#6733,.F.);
#9091=ORIENTED_EDGE('',*,*,#6730,.F.);
#9092=ORIENTED_EDGE('',*,*,#6307,.T.);
#9093=ORIENTED_EDGE('',*,*,#6734,.T.);
#9094=ORIENTED_EDGE('',*,*,#6735,.F.);
#9095=ORIENTED_EDGE('',*,*,#6732,.F.);
#9096=ORIENTED_EDGE('',*,*,#6321,.T.);
#9097=ORIENTED_EDGE('',*,*,#6736,.F.);
#9098=ORIENTED_EDGE('',*,*,#6737,.F.);
#9099=ORIENTED_EDGE('',*,*,#6738,.F.);
#9100=ORIENTED_EDGE('',*,*,#6320,.T.);
#9101=ORIENTED_EDGE('',*,*,#6739,.T.);
#9102=ORIENTED_EDGE('',*,*,#6740,.T.);
#9103=ORIENTED_EDGE('',*,*,#6736,.T.);
#9104=ORIENTED_EDGE('',*,*,#6319,.T.);
#9105=ORIENTED_EDGE('',*,*,#6741,.T.);
#9106=ORIENTED_EDGE('',*,*,#6742,.F.);
#9107=ORIENTED_EDGE('',*,*,#6739,.F.);
#9108=ORIENTED_EDGE('',*,*,#6318,.T.);
#9109=ORIENTED_EDGE('',*,*,#6743,.T.);
#9110=ORIENTED_EDGE('',*,*,#6744,.F.);
#9111=ORIENTED_EDGE('',*,*,#6741,.F.);
#9112=ORIENTED_EDGE('',*,*,#6317,.T.);
#9113=ORIENTED_EDGE('',*,*,#6745,.T.);
#9114=ORIENTED_EDGE('',*,*,#6746,.F.);
#9115=ORIENTED_EDGE('',*,*,#6743,.F.);
#9116=ORIENTED_EDGE('',*,*,#6331,.T.);
#9117=ORIENTED_EDGE('',*,*,#6747,.F.);
#9118=ORIENTED_EDGE('',*,*,#6748,.F.);
#9119=ORIENTED_EDGE('',*,*,#6749,.F.);
#9120=ORIENTED_EDGE('',*,*,#6330,.T.);
#9121=ORIENTED_EDGE('',*,*,#6750,.T.);
#9122=ORIENTED_EDGE('',*,*,#6751,.T.);
#9123=ORIENTED_EDGE('',*,*,#6747,.T.);
#9124=ORIENTED_EDGE('',*,*,#6329,.T.);
#9125=ORIENTED_EDGE('',*,*,#6752,.T.);
#9126=ORIENTED_EDGE('',*,*,#6753,.F.);
#9127=ORIENTED_EDGE('',*,*,#6750,.F.);
#9128=ORIENTED_EDGE('',*,*,#6328,.T.);
#9129=ORIENTED_EDGE('',*,*,#6754,.T.);
#9130=ORIENTED_EDGE('',*,*,#6755,.F.);
#9131=ORIENTED_EDGE('',*,*,#6752,.F.);
#9132=ORIENTED_EDGE('',*,*,#6327,.T.);
#9133=ORIENTED_EDGE('',*,*,#6756,.T.);
#9134=ORIENTED_EDGE('',*,*,#6757,.F.);
#9135=ORIENTED_EDGE('',*,*,#6754,.F.);
#9136=ORIENTED_EDGE('',*,*,#6340,.T.);
#9137=ORIENTED_EDGE('',*,*,#6758,.T.);
#9138=ORIENTED_EDGE('',*,*,#6759,.F.);
#9139=ORIENTED_EDGE('',*,*,#6760,.F.);
#9140=ORIENTED_EDGE('',*,*,#6339,.T.);
#9141=ORIENTED_EDGE('',*,*,#6761,.T.);
#9142=ORIENTED_EDGE('',*,*,#6762,.F.);
#9143=ORIENTED_EDGE('',*,*,#6758,.F.);
#9144=ORIENTED_EDGE('',*,*,#6338,.T.);
#9145=ORIENTED_EDGE('',*,*,#6763,.F.);
#9146=ORIENTED_EDGE('',*,*,#6764,.F.);
#9147=ORIENTED_EDGE('',*,*,#6761,.F.);
#9148=ORIENTED_EDGE('',*,*,#6337,.T.);
#9149=ORIENTED_EDGE('',*,*,#6765,.T.);
#9150=ORIENTED_EDGE('',*,*,#6766,.T.);
#9151=ORIENTED_EDGE('',*,*,#6763,.T.);
#9152=ORIENTED_EDGE('',*,*,#6350,.T.);
#9153=ORIENTED_EDGE('',*,*,#6767,.T.);
#9154=ORIENTED_EDGE('',*,*,#6768,.F.);
#9155=ORIENTED_EDGE('',*,*,#6769,.F.);
#9156=ORIENTED_EDGE('',*,*,#6349,.T.);
#9157=ORIENTED_EDGE('',*,*,#6770,.T.);
#9158=ORIENTED_EDGE('',*,*,#6771,.F.);
#9159=ORIENTED_EDGE('',*,*,#6767,.F.);
#9160=ORIENTED_EDGE('',*,*,#6348,.T.);
#9161=ORIENTED_EDGE('',*,*,#6772,.T.);
#9162=ORIENTED_EDGE('',*,*,#6773,.F.);
#9163=ORIENTED_EDGE('',*,*,#6770,.F.);
#9164=ORIENTED_EDGE('',*,*,#6347,.T.);
#9165=ORIENTED_EDGE('',*,*,#6774,.T.);
#9166=ORIENTED_EDGE('',*,*,#6775,.F.);
#9167=ORIENTED_EDGE('',*,*,#6772,.F.);
#9168=ORIENTED_EDGE('',*,*,#6346,.T.);
#9169=ORIENTED_EDGE('',*,*,#6776,.T.);
#9170=ORIENTED_EDGE('',*,*,#6777,.F.);
#9171=ORIENTED_EDGE('',*,*,#6774,.F.);
#9172=ORIENTED_EDGE('',*,*,#6345,.T.);
#9173=ORIENTED_EDGE('',*,*,#6778,.T.);
#9174=ORIENTED_EDGE('',*,*,#6779,.F.);
#9175=ORIENTED_EDGE('',*,*,#6776,.F.);
#9176=ORIENTED_EDGE('',*,*,#6362,.T.);
#9177=ORIENTED_EDGE('',*,*,#6780,.T.);
#9178=ORIENTED_EDGE('',*,*,#6781,.F.);
#9179=ORIENTED_EDGE('',*,*,#6782,.F.);
#9180=ORIENTED_EDGE('',*,*,#6361,.T.);
#9181=ORIENTED_EDGE('',*,*,#6783,.T.);
#9182=ORIENTED_EDGE('',*,*,#6784,.F.);
#9183=ORIENTED_EDGE('',*,*,#6780,.F.);
#9184=ORIENTED_EDGE('',*,*,#6360,.T.);
#9185=ORIENTED_EDGE('',*,*,#6785,.T.);
#9186=ORIENTED_EDGE('',*,*,#6786,.F.);
#9187=ORIENTED_EDGE('',*,*,#6783,.F.);
#9188=ORIENTED_EDGE('',*,*,#6359,.T.);
#9189=ORIENTED_EDGE('',*,*,#6787,.T.);
#9190=ORIENTED_EDGE('',*,*,#6788,.F.);
#9191=ORIENTED_EDGE('',*,*,#6785,.F.);
#9192=ORIENTED_EDGE('',*,*,#6358,.T.);
#9193=ORIENTED_EDGE('',*,*,#6789,.T.);
#9194=ORIENTED_EDGE('',*,*,#6790,.F.);
#9195=ORIENTED_EDGE('',*,*,#6787,.F.);
#9196=ORIENTED_EDGE('',*,*,#6357,.T.);
#9197=ORIENTED_EDGE('',*,*,#6791,.T.);
#9198=ORIENTED_EDGE('',*,*,#6792,.F.);
#9199=ORIENTED_EDGE('',*,*,#6789,.F.);
#9200=ORIENTED_EDGE('',*,*,#5773,.F.);
#9201=ORIENTED_EDGE('',*,*,#5988,.F.);
#9202=ORIENTED_EDGE('',*,*,#5936,.F.);
#9203=ORIENTED_EDGE('',*,*,#6793,.T.);
#9204=ORIENTED_EDGE('',*,*,#5771,.F.);
#9205=ORIENTED_EDGE('',*,*,#6793,.F.);
#9206=ORIENTED_EDGE('',*,*,#5938,.F.);
#9207=ORIENTED_EDGE('',*,*,#6794,.T.);
#9208=ORIENTED_EDGE('',*,*,#5768,.F.);
#9209=ORIENTED_EDGE('',*,*,#6794,.F.);
#9210=ORIENTED_EDGE('',*,*,#5943,.F.);
#9211=ORIENTED_EDGE('',*,*,#6795,.T.);
#9212=ORIENTED_EDGE('',*,*,#5767,.F.);
#9213=ORIENTED_EDGE('',*,*,#6795,.F.);
#9214=ORIENTED_EDGE('',*,*,#5944,.F.);
#9215=ORIENTED_EDGE('',*,*,#6796,.T.);
#9216=ORIENTED_EDGE('',*,*,#5764,.F.);
#9217=ORIENTED_EDGE('',*,*,#6796,.F.);
#9218=ORIENTED_EDGE('',*,*,#5949,.F.);
#9219=ORIENTED_EDGE('',*,*,#5744,.T.);
#9220=ORIENTED_EDGE('',*,*,#5750,.F.);
#9221=ORIENTED_EDGE('',*,*,#5742,.T.);
#9222=ORIENTED_EDGE('',*,*,#5955,.F.);
#9223=ORIENTED_EDGE('',*,*,#5669,.T.);
#9224=ORIENTED_EDGE('',*,*,#6477,.F.);
#9225=ORIENTED_EDGE('',*,*,#6479,.F.);
#9226=ORIENTED_EDGE('',*,*,#6797,.F.);
#9227=ORIENTED_EDGE('',*,*,#6798,.F.);
#9228=ORIENTED_EDGE('',*,*,#6799,.F.);
#9229=ORIENTED_EDGE('',*,*,#6800,.F.);
#9230=ORIENTED_EDGE('',*,*,#6470,.F.);
#9231=ORIENTED_EDGE('',*,*,#6473,.F.);
#9232=ORIENTED_EDGE('',*,*,#6475,.F.);
#9233=ORIENTED_EDGE('',*,*,#6801,.F.);
#9234=ORIENTED_EDGE('',*,*,#6802,.F.);
#9235=ORIENTED_EDGE('',*,*,#6803,.F.);
#9236=ORIENTED_EDGE('',*,*,#6804,.F.);
#9237=ORIENTED_EDGE('',*,*,#6805,.F.);
#9238=ORIENTED_EDGE('',*,*,#6806,.F.);
#9239=ORIENTED_EDGE('',*,*,#6807,.F.);
#9240=ORIENTED_EDGE('',*,*,#6163,.T.);
#9241=ORIENTED_EDGE('',*,*,#6808,.T.);
#9242=ORIENTED_EDGE('',*,*,#6809,.T.);
#9243=ORIENTED_EDGE('',*,*,#6558,.T.);
#9244=ORIENTED_EDGE('',*,*,#6162,.T.);
#9245=ORIENTED_EDGE('',*,*,#6810,.F.);
#9246=ORIENTED_EDGE('',*,*,#6811,.F.);
#9247=ORIENTED_EDGE('',*,*,#5868,.T.);
#9248=ORIENTED_EDGE('',*,*,#6812,.T.);
#9249=ORIENTED_EDGE('',*,*,#6808,.F.);
#9250=ORIENTED_EDGE('',*,*,#6813,.T.);
#9251=ORIENTED_EDGE('',*,*,#6814,.F.);
#9252=ORIENTED_EDGE('',*,*,#6815,.F.);
#9253=ORIENTED_EDGE('',*,*,#6816,.T.);
#9254=ORIENTED_EDGE('',*,*,#6817,.T.);
#9255=ORIENTED_EDGE('',*,*,#6818,.T.);
#9256=ORIENTED_EDGE('',*,*,#6819,.T.);
#9257=ORIENTED_EDGE('',*,*,#6814,.T.);
#9258=ORIENTED_EDGE('',*,*,#6820,.T.);
#9259=ORIENTED_EDGE('',*,*,#6821,.F.);
#9260=ORIENTED_EDGE('',*,*,#6822,.F.);
#9261=ORIENTED_EDGE('',*,*,#6818,.F.);
#9262=ORIENTED_EDGE('',*,*,#6823,.T.);
#9263=ORIENTED_EDGE('',*,*,#6824,.F.);
#9264=ORIENTED_EDGE('',*,*,#6825,.F.);
#9265=ORIENTED_EDGE('',*,*,#6826,.T.);
#9266=ORIENTED_EDGE('',*,*,#6827,.T.);
#9267=ORIENTED_EDGE('',*,*,#6828,.F.);
#9268=ORIENTED_EDGE('',*,*,#6829,.F.);
#9269=ORIENTED_EDGE('',*,*,#6830,.T.);
#9270=ORIENTED_EDGE('',*,*,#6344,.T.);
#9271=ORIENTED_EDGE('',*,*,#6831,.F.);
#9272=ORIENTED_EDGE('',*,*,#6832,.T.);
#9273=ORIENTED_EDGE('',*,*,#6833,.F.);
#9274=ORIENTED_EDGE('',*,*,#6834,.F.);
#9275=ORIENTED_EDGE('',*,*,#5928,.T.);
#9276=ORIENTED_EDGE('',*,*,#6835,.T.);
#9277=ORIENTED_EDGE('',*,*,#6765,.F.);
#9278=ORIENTED_EDGE('',*,*,#6836,.T.);
#9279=ORIENTED_EDGE('',*,*,#6837,.T.);
#9280=ORIENTED_EDGE('',*,*,#6838,.T.);
#9281=ORIENTED_EDGE('',*,*,#6837,.F.);
#9282=ORIENTED_EDGE('',*,*,#6836,.F.);
#9283=ORIENTED_EDGE('',*,*,#6839,.F.);
#9284=ORIENTED_EDGE('',*,*,#6838,.F.);
#9285=ORIENTED_EDGE('',*,*,#6840,.T.);
#9286=ORIENTED_EDGE('',*,*,#6841,.T.);
#9287=ORIENTED_EDGE('',*,*,#6840,.F.);
#9288=ORIENTED_EDGE('',*,*,#6839,.T.);
#9289=ORIENTED_EDGE('',*,*,#6842,.T.);
#9290=ORIENTED_EDGE('',*,*,#6843,.T.);
#9291=ORIENTED_EDGE('',*,*,#6842,.F.);
#9292=ORIENTED_EDGE('',*,*,#6843,.F.);
#9293=ORIENTED_EDGE('',*,*,#6844,.T.);
#9294=ORIENTED_EDGE('',*,*,#6372,.T.);
#9295=ORIENTED_EDGE('',*,*,#6844,.F.);
#9296=ORIENTED_EDGE('',*,*,#6845,.T.);
#9297=ORIENTED_EDGE('',*,*,#6846,.T.);
#9298=ORIENTED_EDGE('',*,*,#6847,.T.);
#9299=ORIENTED_EDGE('',*,*,#6846,.F.);
#9300=ORIENTED_EDGE('',*,*,#6845,.F.);
#9301=ORIENTED_EDGE('',*,*,#6848,.F.);
#9302=ORIENTED_EDGE('',*,*,#6847,.F.);
#9303=ORIENTED_EDGE('',*,*,#6849,.T.);
#9304=ORIENTED_EDGE('',*,*,#6850,.T.);
#9305=ORIENTED_EDGE('',*,*,#6849,.F.);
#9306=ORIENTED_EDGE('',*,*,#6848,.T.);
#9307=ORIENTED_EDGE('',*,*,#6851,.T.);
#9308=ORIENTED_EDGE('',*,*,#6852,.T.);
#9309=ORIENTED_EDGE('',*,*,#6851,.F.);
#9310=ORIENTED_EDGE('',*,*,#6852,.F.);
#9311=ORIENTED_EDGE('',*,*,#6853,.T.);
#9312=ORIENTED_EDGE('',*,*,#6373,.T.);
#9313=ORIENTED_EDGE('',*,*,#6853,.F.);
#9314=ORIENTED_EDGE('',*,*,#6854,.T.);
#9315=ORIENTED_EDGE('',*,*,#6855,.T.);
#9316=ORIENTED_EDGE('',*,*,#6856,.T.);
#9317=ORIENTED_EDGE('',*,*,#6855,.F.);
#9318=ORIENTED_EDGE('',*,*,#6854,.F.);
#9319=ORIENTED_EDGE('',*,*,#6857,.F.);
#9320=ORIENTED_EDGE('',*,*,#6856,.F.);
#9321=ORIENTED_EDGE('',*,*,#6858,.T.);
#9322=ORIENTED_EDGE('',*,*,#6859,.T.);
#9323=ORIENTED_EDGE('',*,*,#6858,.F.);
#9324=ORIENTED_EDGE('',*,*,#6857,.T.);
#9325=ORIENTED_EDGE('',*,*,#6860,.T.);
#9326=ORIENTED_EDGE('',*,*,#6861,.T.);
#9327=ORIENTED_EDGE('',*,*,#6860,.F.);
#9328=ORIENTED_EDGE('',*,*,#6861,.F.);
#9329=ORIENTED_EDGE('',*,*,#6862,.T.);
#9330=ORIENTED_EDGE('',*,*,#6371,.T.);
#9331=ORIENTED_EDGE('',*,*,#6862,.F.);
#9332=ORIENTED_EDGE('',*,*,#6863,.T.);
#9333=ORIENTED_EDGE('',*,*,#6864,.T.);
#9334=ORIENTED_EDGE('',*,*,#6865,.T.);
#9335=ORIENTED_EDGE('',*,*,#6864,.F.);
#9336=ORIENTED_EDGE('',*,*,#6866,.F.);
#9337=ORIENTED_EDGE('',*,*,#6863,.F.);
#9338=ORIENTED_EDGE('',*,*,#6865,.F.);
#9339=ORIENTED_EDGE('',*,*,#6867,.T.);
#9340=ORIENTED_EDGE('',*,*,#6370,.T.);
#9341=ORIENTED_EDGE('',*,*,#6867,.F.);
#9342=ORIENTED_EDGE('',*,*,#6866,.T.);
#9343=ORIENTED_EDGE('',*,*,#6868,.T.);
#9344=ORIENTED_EDGE('',*,*,#6869,.T.);
#9345=ORIENTED_EDGE('',*,*,#6868,.F.);
#9346=ORIENTED_EDGE('',*,*,#6869,.F.);
#9347=ORIENTED_EDGE('',*,*,#6870,.T.);
#9348=ORIENTED_EDGE('',*,*,#6871,.T.);
#9349=ORIENTED_EDGE('',*,*,#6870,.F.);
#9350=ORIENTED_EDGE('',*,*,#6872,.T.);
#9351=ORIENTED_EDGE('',*,*,#6873,.T.);
#9352=ORIENTED_EDGE('',*,*,#6874,.T.);
#9353=ORIENTED_EDGE('',*,*,#6873,.F.);
#9354=ORIENTED_EDGE('',*,*,#6872,.F.);
#9355=ORIENTED_EDGE('',*,*,#6875,.F.);
#9356=ORIENTED_EDGE('',*,*,#6874,.F.);
#9357=ORIENTED_EDGE('',*,*,#6876,.T.);
#9358=ORIENTED_EDGE('',*,*,#6877,.T.);
#9359=ORIENTED_EDGE('',*,*,#6876,.F.);
#9360=ORIENTED_EDGE('',*,*,#6875,.T.);
#9361=ORIENTED_EDGE('',*,*,#6878,.T.);
#9362=ORIENTED_EDGE('',*,*,#6879,.T.);
#9363=ORIENTED_EDGE('',*,*,#6878,.F.);
#9364=ORIENTED_EDGE('',*,*,#6879,.F.);
#9365=ORIENTED_EDGE('',*,*,#6880,.T.);
#9366=ORIENTED_EDGE('',*,*,#6369,.T.);
#9367=ORIENTED_EDGE('',*,*,#6880,.F.);
#9368=ORIENTED_EDGE('',*,*,#6881,.T.);
#9369=ORIENTED_EDGE('',*,*,#6699,.T.);
#9370=ORIENTED_EDGE('',*,*,#6882,.T.);
#9371=ORIENTED_EDGE('',*,*,#6828,.T.);
#9372=ORIENTED_EDGE('',*,*,#6296,.T.);
#9373=ORIENTED_EDGE('',*,*,#6883,.T.);
#9374=ORIENTED_EDGE('',*,*,#6884,.T.);
#9375=ORIENTED_EDGE('',*,*,#6712,.T.);
#9376=ORIENTED_EDGE('',*,*,#6295,.T.);
#9377=ORIENTED_EDGE('',*,*,#6885,.T.);
#9378=ORIENTED_EDGE('',*,*,#6886,.F.);
#9379=ORIENTED_EDGE('',*,*,#6883,.F.);
#9380=ORIENTED_EDGE('',*,*,#6073,.T.);
#9381=ORIENTED_EDGE('',*,*,#6887,.T.);
#9382=ORIENTED_EDGE('',*,*,#6888,.T.);
#9383=ORIENTED_EDGE('',*,*,#6889,.F.);
#9384=ORIENTED_EDGE('',*,*,#6890,.T.);
#9385=ORIENTED_EDGE('',*,*,#6074,.T.);
#9386=ORIENTED_EDGE('',*,*,#6890,.F.);
#9387=ORIENTED_EDGE('',*,*,#6891,.T.);
#9388=ORIENTED_EDGE('',*,*,#6892,.F.);
#9389=ORIENTED_EDGE('',*,*,#6893,.F.);
#9390=ORIENTED_EDGE('',*,*,#6889,.T.);
#9391=ORIENTED_EDGE('',*,*,#6894,.F.);
#9392=ORIENTED_EDGE('',*,*,#6891,.F.);
#9393=ORIENTED_EDGE('',*,*,#6072,.T.);
#9394=ORIENTED_EDGE('',*,*,#6458,.F.);
#9395=ORIENTED_EDGE('',*,*,#6895,.T.);
#9396=ORIENTED_EDGE('',*,*,#6896,.F.);
#9397=ORIENTED_EDGE('',*,*,#6897,.F.);
#9398=ORIENTED_EDGE('',*,*,#6898,.T.);
#9399=ORIENTED_EDGE('',*,*,#6899,.T.);
#9400=ORIENTED_EDGE('',*,*,#6887,.F.);
#9401=ORIENTED_EDGE('',*,*,#6029,.T.);
#9402=ORIENTED_EDGE('',*,*,#6900,.T.);
#9403=ORIENTED_EDGE('',*,*,#6901,.F.);
#9404=ORIENTED_EDGE('',*,*,#6413,.T.);
#9405=ORIENTED_EDGE('',*,*,#6028,.T.);
#9406=ORIENTED_EDGE('',*,*,#6902,.T.);
#9407=ORIENTED_EDGE('',*,*,#6903,.F.);
#9408=ORIENTED_EDGE('',*,*,#6900,.F.);
#9409=ORIENTED_EDGE('',*,*,#6006,.T.);
#9410=ORIENTED_EDGE('',*,*,#6904,.T.);
#9411=ORIENTED_EDGE('',*,*,#6905,.T.);
#9412=ORIENTED_EDGE('',*,*,#6389,.T.);
#9413=ORIENTED_EDGE('',*,*,#5999,.T.);
#9414=ORIENTED_EDGE('',*,*,#6376,.F.);
#9415=ORIENTED_EDGE('',*,*,#6906,.F.);
#9416=ORIENTED_EDGE('',*,*,#6907,.F.);
#9417=ORIENTED_EDGE('',*,*,#6000,.T.);
#9418=ORIENTED_EDGE('',*,*,#6907,.T.);
#9419=ORIENTED_EDGE('',*,*,#6908,.T.);
#9420=ORIENTED_EDGE('',*,*,#6909,.T.);
#9421=ORIENTED_EDGE('',*,*,#6020,.T.);
#9422=ORIENTED_EDGE('',*,*,#6910,.T.);
#9423=ORIENTED_EDGE('',*,*,#6911,.T.);
#9424=ORIENTED_EDGE('',*,*,#6404,.T.);
#9425=ORIENTED_EDGE('',*,*,#6332,.T.);
#9426=ORIENTED_EDGE('',*,*,#6749,.T.);
#9427=ORIENTED_EDGE('',*,*,#6912,.T.);
#9428=ORIENTED_EDGE('',*,*,#6913,.T.);
#9429=ORIENTED_EDGE('',*,*,#6302,.T.);
#9430=ORIENTED_EDGE('',*,*,#6716,.T.);
#9431=ORIENTED_EDGE('',*,*,#6914,.T.);
#9432=ORIENTED_EDGE('',*,*,#6915,.T.);
#9433=ORIENTED_EDGE('',*,*,#6343,.T.);
#9434=ORIENTED_EDGE('',*,*,#6916,.T.);
#9435=ORIENTED_EDGE('',*,*,#6917,.F.);
#9436=ORIENTED_EDGE('',*,*,#6831,.T.);
#9437=ORIENTED_EDGE('',*,*,#6342,.T.);
#9438=ORIENTED_EDGE('',*,*,#6918,.T.);
#9439=ORIENTED_EDGE('',*,*,#6919,.F.);
#9440=ORIENTED_EDGE('',*,*,#6916,.F.);
#9441=ORIENTED_EDGE('',*,*,#6125,.T.);
#9442=ORIENTED_EDGE('',*,*,#6920,.T.);
#9443=ORIENTED_EDGE('',*,*,#6921,.T.);
#9444=ORIENTED_EDGE('',*,*,#6922,.T.);
#9445=ORIENTED_EDGE('',*,*,#6126,.T.);
#9446=ORIENTED_EDGE('',*,*,#6922,.F.);
#9447=ORIENTED_EDGE('',*,*,#6923,.F.);
#9448=ORIENTED_EDGE('',*,*,#6924,.F.);
#9449=ORIENTED_EDGE('',*,*,#6123,.T.);
#9450=ORIENTED_EDGE('',*,*,#6508,.T.);
#9451=ORIENTED_EDGE('',*,*,#6925,.T.);
#9452=ORIENTED_EDGE('',*,*,#6926,.T.);
#9453=ORIENTED_EDGE('',*,*,#6160,.T.);
#9454=ORIENTED_EDGE('',*,*,#6927,.T.);
#9455=ORIENTED_EDGE('',*,*,#6928,.F.);
#9456=ORIENTED_EDGE('',*,*,#6929,.T.);
#9457=ORIENTED_EDGE('',*,*,#6159,.T.);
#9458=ORIENTED_EDGE('',*,*,#6930,.T.);
#9459=ORIENTED_EDGE('',*,*,#6931,.F.);
#9460=ORIENTED_EDGE('',*,*,#6927,.F.);
#9461=ORIENTED_EDGE('',*,*,#6280,.T.);
#9462=ORIENTED_EDGE('',*,*,#6687,.T.);
#9463=ORIENTED_EDGE('',*,*,#6932,.T.);
#9464=ORIENTED_EDGE('',*,*,#6933,.T.);
#9465=ORIENTED_EDGE('',*,*,#6281,.T.);
#9466=ORIENTED_EDGE('',*,*,#6933,.F.);
#9467=ORIENTED_EDGE('',*,*,#6934,.F.);
#9468=ORIENTED_EDGE('',*,*,#6935,.F.);
#9469=ORIENTED_EDGE('',*,*,#6282,.T.);
#9470=ORIENTED_EDGE('',*,*,#6935,.T.);
#9471=ORIENTED_EDGE('',*,*,#6936,.F.);
#9472=ORIENTED_EDGE('',*,*,#6937,.T.);
#9473=ORIENTED_EDGE('',*,*,#6938,.T.);
#9474=ORIENTED_EDGE('',*,*,#6570,.F.);
#9475=ORIENTED_EDGE('',*,*,#6939,.F.);
#9476=ORIENTED_EDGE('',*,*,#6940,.T.);
#9477=ORIENTED_EDGE('',*,*,#6197,.T.);
#9478=ORIENTED_EDGE('',*,*,#6941,.T.);
#9479=ORIENTED_EDGE('',*,*,#6942,.T.);
#9480=ORIENTED_EDGE('',*,*,#6943,.T.);
#9481=ORIENTED_EDGE('',*,*,#6196,.T.);
#9482=ORIENTED_EDGE('',*,*,#6944,.T.);
#9483=ORIENTED_EDGE('',*,*,#6945,.F.);
#9484=ORIENTED_EDGE('',*,*,#6941,.F.);
#9485=ORIENTED_EDGE('',*,*,#6199,.T.);
#9486=ORIENTED_EDGE('',*,*,#6946,.T.);
#9487=ORIENTED_EDGE('',*,*,#6947,.T.);
#9488=ORIENTED_EDGE('',*,*,#6602,.T.);
#9489=ORIENTED_EDGE('',*,*,#6137,.T.);
#9490=ORIENTED_EDGE('',*,*,#6948,.T.);
#9491=ORIENTED_EDGE('',*,*,#6949,.F.);
#9492=ORIENTED_EDGE('',*,*,#6530,.F.);
#9493=ORIENTED_EDGE('',*,*,#6174,.T.);
#9494=ORIENTED_EDGE('',*,*,#6950,.T.);
#9495=ORIENTED_EDGE('',*,*,#6951,.T.);
#9496=ORIENTED_EDGE('',*,*,#6574,.T.);
#9497=ORIENTED_EDGE('',*,*,#6173,.T.);
#9498=ORIENTED_EDGE('',*,*,#6952,.T.);
#9499=ORIENTED_EDGE('',*,*,#6953,.F.);
#9500=ORIENTED_EDGE('',*,*,#6950,.F.);
#9501=ORIENTED_EDGE('',*,*,#6322,.T.);
#9502=ORIENTED_EDGE('',*,*,#6738,.T.);
#9503=ORIENTED_EDGE('',*,*,#6954,.T.);
#9504=ORIENTED_EDGE('',*,*,#6955,.T.);
#9505=ORIENTED_EDGE('',*,*,#6312,.T.);
#9506=ORIENTED_EDGE('',*,*,#6727,.T.);
#9507=ORIENTED_EDGE('',*,*,#6956,.T.);
#9508=ORIENTED_EDGE('',*,*,#6957,.T.);
#9509=ORIENTED_EDGE('',*,*,#5568,.F.);
#9510=ORIENTED_EDGE('',*,*,#6958,.T.);
#9511=ORIENTED_EDGE('',*,*,#5587,.F.);
#9512=ORIENTED_EDGE('',*,*,#5901,.T.);
#9513=ORIENTED_EDGE('',*,*,#5584,.F.);
#9514=ORIENTED_EDGE('',*,*,#6958,.F.);
#9515=ORIENTED_EDGE('',*,*,#5567,.F.);
#9516=ORIENTED_EDGE('',*,*,#5611,.F.);
#9517=ORIENTED_EDGE('',*,*,#6568,.F.);
#9518=ORIENTED_EDGE('',*,*,#6573,.F.);
#9519=ORIENTED_EDGE('',*,*,#6575,.T.);
#9520=ORIENTED_EDGE('',*,*,#6951,.F.);
#9521=ORIENTED_EDGE('',*,*,#6953,.T.);
#9522=ORIENTED_EDGE('',*,*,#6959,.T.);
#9523=ORIENTED_EDGE('',*,*,#6960,.T.);
#9524=ORIENTED_EDGE('',*,*,#6961,.T.);
#9525=ORIENTED_EDGE('',*,*,#6561,.T.);
#9526=ORIENTED_EDGE('',*,*,#6564,.T.);
#9527=ORIENTED_EDGE('',*,*,#6566,.F.);
#9528=ORIENTED_EDGE('',*,*,#6571,.F.);
#9529=ORIENTED_EDGE('',*,*,#6938,.F.);
#9530=ORIENTED_EDGE('',*,*,#6962,.F.);
#9531=ORIENTED_EDGE('',*,*,#6936,.T.);
#9532=ORIENTED_EDGE('',*,*,#6934,.T.);
#9533=ORIENTED_EDGE('',*,*,#6932,.F.);
#9534=ORIENTED_EDGE('',*,*,#6686,.T.);
#9535=ORIENTED_EDGE('',*,*,#6689,.T.);
#9536=ORIENTED_EDGE('',*,*,#6691,.T.);
#9537=ORIENTED_EDGE('',*,*,#6693,.T.);
#9538=ORIENTED_EDGE('',*,*,#6695,.F.);
#9539=ORIENTED_EDGE('',*,*,#6696,.F.);
#9540=ORIENTED_EDGE('',*,*,#6679,.F.);
#9541=ORIENTED_EDGE('',*,*,#6682,.T.);
#9542=ORIENTED_EDGE('',*,*,#6684,.T.);
#9543=ORIENTED_EDGE('',*,*,#6963,.T.);
#9544=ORIENTED_EDGE('',*,*,#6964,.T.);
#9545=ORIENTED_EDGE('',*,*,#6965,.T.);
#9546=ORIENTED_EDGE('',*,*,#6966,.T.);
#9547=ORIENTED_EDGE('',*,*,#6967,.T.);
#9548=ORIENTED_EDGE('',*,*,#6968,.T.);
#9549=ORIENTED_EDGE('',*,*,#6672,.T.);
#9550=ORIENTED_EDGE('',*,*,#6675,.T.);
#9551=ORIENTED_EDGE('',*,*,#6677,.F.);
#9552=ORIENTED_EDGE('',*,*,#6700,.F.);
#9553=ORIENTED_EDGE('',*,*,#6881,.F.);
#9554=ORIENTED_EDGE('',*,*,#6827,.F.);
#9555=ORIENTED_EDGE('',*,*,#6969,.F.);
#9556=ORIENTED_EDGE('',*,*,#6832,.F.);
#9557=ORIENTED_EDGE('',*,*,#6917,.T.);
#9558=ORIENTED_EDGE('',*,*,#6919,.T.);
#9559=ORIENTED_EDGE('',*,*,#6970,.T.);
#9560=ORIENTED_EDGE('',*,*,#6759,.T.);
#9561=ORIENTED_EDGE('',*,*,#6762,.T.);
#9562=ORIENTED_EDGE('',*,*,#6764,.T.);
#9563=ORIENTED_EDGE('',*,*,#6766,.F.);
#9564=ORIENTED_EDGE('',*,*,#6835,.F.);
#9565=ORIENTED_EDGE('',*,*,#5927,.F.);
#9566=ORIENTED_EDGE('',*,*,#6414,.F.);
#9567=ORIENTED_EDGE('',*,*,#6901,.T.);
#9568=ORIENTED_EDGE('',*,*,#6903,.T.);
#9569=ORIENTED_EDGE('',*,*,#6971,.T.);
#9570=ORIENTED_EDGE('',*,*,#6972,.T.);
#9571=ORIENTED_EDGE('',*,*,#6973,.T.);
#9572=ORIENTED_EDGE('',*,*,#6407,.T.);
#9573=ORIENTED_EDGE('',*,*,#6410,.F.);
#9574=ORIENTED_EDGE('',*,*,#6412,.T.);
#9575=ORIENTED_EDGE('',*,*,#6974,.F.);
#9576=ORIENTED_EDGE('',*,*,#6820,.F.);
#9577=ORIENTED_EDGE('',*,*,#6817,.F.);
#9578=ORIENTED_EDGE('',*,*,#6813,.F.);
#9579=ORIENTED_EDGE('',*,*,#6975,.F.);
#9580=ORIENTED_EDGE('',*,*,#6895,.F.);
#9581=ORIENTED_EDGE('',*,*,#6457,.F.);
#9582=ORIENTED_EDGE('',*,*,#6460,.T.);
#9583=ORIENTED_EDGE('',*,*,#6462,.T.);
#9584=ORIENTED_EDGE('',*,*,#6464,.T.);
#9585=ORIENTED_EDGE('',*,*,#6466,.T.);
#9586=ORIENTED_EDGE('',*,*,#6468,.T.);
#9587=ORIENTED_EDGE('',*,*,#6976,.T.);
#9588=ORIENTED_EDGE('',*,*,#6977,.T.);
#9589=ORIENTED_EDGE('',*,*,#6978,.T.);
#9590=ORIENTED_EDGE('',*,*,#6892,.T.);
#9591=ORIENTED_EDGE('',*,*,#6979,.F.);
#9592=ORIENTED_EDGE('',*,*,#6823,.F.);
#9593=ORIENTED_EDGE('',*,*,#6980,.F.);
#9594=ORIENTED_EDGE('',*,*,#6981,.F.);
#9595=ORIENTED_EDGE('',*,*,#6928,.T.);
#9596=ORIENTED_EDGE('',*,*,#6931,.T.);
#9597=ORIENTED_EDGE('',*,*,#6982,.T.);
#9598=ORIENTED_EDGE('',*,*,#6550,.T.);
#9599=ORIENTED_EDGE('',*,*,#6553,.T.);
#9600=ORIENTED_EDGE('',*,*,#6555,.T.);
#9601=ORIENTED_EDGE('',*,*,#6557,.F.);
#9602=ORIENTED_EDGE('',*,*,#6559,.T.);
#9603=ORIENTED_EDGE('',*,*,#6809,.F.);
#9604=ORIENTED_EDGE('',*,*,#6812,.F.);
#9605=ORIENTED_EDGE('',*,*,#5867,.F.);
#9606=ORIENTED_EDGE('',*,*,#5870,.F.);
#9607=ORIENTED_EDGE('',*,*,#5730,.F.);
#9608=ORIENTED_EDGE('',*,*,#6983,.F.);
#9609=ORIENTED_EDGE('',*,*,#5704,.F.);
#9610=ORIENTED_EDGE('',*,*,#6984,.F.);
#9611=ORIENTED_EDGE('',*,*,#5688,.F.);
#9612=ORIENTED_EDGE('',*,*,#5736,.F.);
#9613=ORIENTED_EDGE('',*,*,#5930,.F.);
#9614=ORIENTED_EDGE('',*,*,#5682,.F.);
#9615=ORIENTED_EDGE('',*,*,#5600,.F.);
#9616=ORIENTED_EDGE('',*,*,#6985,.F.);
#9617=ORIENTED_EDGE('',*,*,#6529,.T.);
#9618=ORIENTED_EDGE('',*,*,#6531,.F.);
#9619=ORIENTED_EDGE('',*,*,#6949,.T.);
#9620=ORIENTED_EDGE('',*,*,#6986,.T.);
#9621=ORIENTED_EDGE('',*,*,#6987,.T.);
#9622=ORIENTED_EDGE('',*,*,#6988,.T.);
#9623=ORIENTED_EDGE('',*,*,#6522,.F.);
#9624=ORIENTED_EDGE('',*,*,#6525,.T.);
#9625=ORIENTED_EDGE('',*,*,#6527,.T.);
#9626=ORIENTED_EDGE('',*,*,#6380,.T.);
#9627=ORIENTED_EDGE('',*,*,#6382,.T.);
#9628=ORIENTED_EDGE('',*,*,#6384,.T.);
#9629=ORIENTED_EDGE('',*,*,#6386,.T.);
#9630=ORIENTED_EDGE('',*,*,#6388,.F.);
#9631=ORIENTED_EDGE('',*,*,#6390,.T.);
#9632=ORIENTED_EDGE('',*,*,#6905,.F.);
#9633=ORIENTED_EDGE('',*,*,#6989,.T.);
#9634=ORIENTED_EDGE('',*,*,#6990,.T.);
#9635=ORIENTED_EDGE('',*,*,#6991,.T.);
#9636=ORIENTED_EDGE('',*,*,#6992,.T.);
#9637=ORIENTED_EDGE('',*,*,#6993,.T.);
#9638=ORIENTED_EDGE('',*,*,#6908,.F.);
#9639=ORIENTED_EDGE('',*,*,#6906,.T.);
#9640=ORIENTED_EDGE('',*,*,#6375,.F.);
#9641=ORIENTED_EDGE('',*,*,#6378,.T.);
#9642=ORIENTED_EDGE('',*,*,#6455,.T.);
#9643=ORIENTED_EDGE('',*,*,#6994,.T.);
#9644=ORIENTED_EDGE('',*,*,#6995,.T.);
#9645=ORIENTED_EDGE('',*,*,#6996,.T.);
#9646=ORIENTED_EDGE('',*,*,#6997,.T.);
#9647=ORIENTED_EDGE('',*,*,#6998,.T.);
#9648=ORIENTED_EDGE('',*,*,#6999,.T.);
#9649=ORIENTED_EDGE('',*,*,#6444,.T.);
#9650=ORIENTED_EDGE('',*,*,#6447,.T.);
#9651=ORIENTED_EDGE('',*,*,#6449,.T.);
#9652=ORIENTED_EDGE('',*,*,#6451,.T.);
#9653=ORIENTED_EDGE('',*,*,#6453,.T.);
#9654=ORIENTED_EDGE('',*,*,#6792,.T.);
#9655=ORIENTED_EDGE('',*,*,#7000,.T.);
#9656=ORIENTED_EDGE('',*,*,#7001,.T.);
#9657=ORIENTED_EDGE('',*,*,#7002,.T.);
#9658=ORIENTED_EDGE('',*,*,#7003,.T.);
#9659=ORIENTED_EDGE('',*,*,#7004,.T.);
#9660=ORIENTED_EDGE('',*,*,#7005,.T.);
#9661=ORIENTED_EDGE('',*,*,#6781,.T.);
#9662=ORIENTED_EDGE('',*,*,#6784,.T.);
#9663=ORIENTED_EDGE('',*,*,#6786,.T.);
#9664=ORIENTED_EDGE('',*,*,#6788,.T.);
#9665=ORIENTED_EDGE('',*,*,#6790,.T.);
#9666=ORIENTED_EDGE('',*,*,#6779,.T.);
#9667=ORIENTED_EDGE('',*,*,#7006,.T.);
#9668=ORIENTED_EDGE('',*,*,#7007,.T.);
#9669=ORIENTED_EDGE('',*,*,#7008,.T.);
#9670=ORIENTED_EDGE('',*,*,#7009,.T.);
#9671=ORIENTED_EDGE('',*,*,#7010,.T.);
#9672=ORIENTED_EDGE('',*,*,#7011,.T.);
#9673=ORIENTED_EDGE('',*,*,#6768,.T.);
#9674=ORIENTED_EDGE('',*,*,#6771,.T.);
#9675=ORIENTED_EDGE('',*,*,#6773,.T.);
#9676=ORIENTED_EDGE('',*,*,#6775,.T.);
#9677=ORIENTED_EDGE('',*,*,#6777,.T.);
#9678=ORIENTED_EDGE('',*,*,#6757,.T.);
#9679=ORIENTED_EDGE('',*,*,#7012,.T.);
#9680=ORIENTED_EDGE('',*,*,#7013,.T.);
#9681=ORIENTED_EDGE('',*,*,#7014,.T.);
#9682=ORIENTED_EDGE('',*,*,#7015,.T.);
#9683=ORIENTED_EDGE('',*,*,#6912,.F.);
#9684=ORIENTED_EDGE('',*,*,#6748,.T.);
#9685=ORIENTED_EDGE('',*,*,#6751,.F.);
#9686=ORIENTED_EDGE('',*,*,#6753,.T.);
#9687=ORIENTED_EDGE('',*,*,#6755,.T.);
#9688=ORIENTED_EDGE('',*,*,#6746,.T.);
#9689=ORIENTED_EDGE('',*,*,#7016,.T.);
#9690=ORIENTED_EDGE('',*,*,#7017,.T.);
#9691=ORIENTED_EDGE('',*,*,#7018,.T.);
#9692=ORIENTED_EDGE('',*,*,#7019,.T.);
#9693=ORIENTED_EDGE('',*,*,#6954,.F.);
#9694=ORIENTED_EDGE('',*,*,#6737,.T.);
#9695=ORIENTED_EDGE('',*,*,#6740,.F.);
#9696=ORIENTED_EDGE('',*,*,#6742,.T.);
#9697=ORIENTED_EDGE('',*,*,#6744,.T.);
#9698=ORIENTED_EDGE('',*,*,#6735,.T.);
#9699=ORIENTED_EDGE('',*,*,#7020,.T.);
#9700=ORIENTED_EDGE('',*,*,#7021,.T.);
#9701=ORIENTED_EDGE('',*,*,#7022,.T.);
#9702=ORIENTED_EDGE('',*,*,#7023,.T.);
#9703=ORIENTED_EDGE('',*,*,#6956,.F.);
#9704=ORIENTED_EDGE('',*,*,#6726,.T.);
#9705=ORIENTED_EDGE('',*,*,#6729,.F.);
#9706=ORIENTED_EDGE('',*,*,#6731,.T.);
#9707=ORIENTED_EDGE('',*,*,#6733,.T.);
#9708=ORIENTED_EDGE('',*,*,#6724,.T.);
#9709=ORIENTED_EDGE('',*,*,#7024,.T.);
#9710=ORIENTED_EDGE('',*,*,#7025,.T.);
#9711=ORIENTED_EDGE('',*,*,#7026,.T.);
#9712=ORIENTED_EDGE('',*,*,#7027,.T.);
#9713=ORIENTED_EDGE('',*,*,#6914,.F.);
#9714=ORIENTED_EDGE('',*,*,#6715,.T.);
#9715=ORIENTED_EDGE('',*,*,#6718,.F.);
#9716=ORIENTED_EDGE('',*,*,#6720,.T.);
#9717=ORIENTED_EDGE('',*,*,#6722,.T.);
#9718=ORIENTED_EDGE('',*,*,#6713,.T.);
#9719=ORIENTED_EDGE('',*,*,#6884,.F.);
#9720=ORIENTED_EDGE('',*,*,#6886,.T.);
#9721=ORIENTED_EDGE('',*,*,#7028,.T.);
#9722=ORIENTED_EDGE('',*,*,#7029,.T.);
#9723=ORIENTED_EDGE('',*,*,#7030,.T.);
#9724=ORIENTED_EDGE('',*,*,#7031,.T.);
#9725=ORIENTED_EDGE('',*,*,#6702,.T.);
#9726=ORIENTED_EDGE('',*,*,#6705,.T.);
#9727=ORIENTED_EDGE('',*,*,#6707,.T.);
#9728=ORIENTED_EDGE('',*,*,#6709,.T.);
#9729=ORIENTED_EDGE('',*,*,#6711,.F.);
#9730=ORIENTED_EDGE('',*,*,#6670,.T.);
#9731=ORIENTED_EDGE('',*,*,#7032,.T.);
#9732=ORIENTED_EDGE('',*,*,#7033,.T.);
#9733=ORIENTED_EDGE('',*,*,#7034,.T.);
#9734=ORIENTED_EDGE('',*,*,#7035,.T.);
#9735=ORIENTED_EDGE('',*,*,#7036,.T.);
#9736=ORIENTED_EDGE('',*,*,#7037,.T.);
#9737=ORIENTED_EDGE('',*,*,#6659,.T.);
#9738=ORIENTED_EDGE('',*,*,#6662,.T.);
#9739=ORIENTED_EDGE('',*,*,#6664,.T.);
#9740=ORIENTED_EDGE('',*,*,#6666,.T.);
#9741=ORIENTED_EDGE('',*,*,#6668,.T.);
#9742=ORIENTED_EDGE('',*,*,#6657,.T.);
#9743=ORIENTED_EDGE('',*,*,#7038,.T.);
#9744=ORIENTED_EDGE('',*,*,#7039,.T.);
#9745=ORIENTED_EDGE('',*,*,#7040,.T.);
#9746=ORIENTED_EDGE('',*,*,#7041,.T.);
#9747=ORIENTED_EDGE('',*,*,#7042,.T.);
#9748=ORIENTED_EDGE('',*,*,#7043,.T.);
#9749=ORIENTED_EDGE('',*,*,#6646,.T.);
#9750=ORIENTED_EDGE('',*,*,#6649,.T.);
#9751=ORIENTED_EDGE('',*,*,#6651,.T.);
#9752=ORIENTED_EDGE('',*,*,#6653,.T.);
#9753=ORIENTED_EDGE('',*,*,#6655,.T.);
#9754=ORIENTED_EDGE('',*,*,#7044,.T.);
#9755=ORIENTED_EDGE('',*,*,#7045,.T.);
#9756=ORIENTED_EDGE('',*,*,#7046,.T.);
#9757=ORIENTED_EDGE('',*,*,#7047,.T.);
#9758=ORIENTED_EDGE('',*,*,#7048,.T.);
#9759=ORIENTED_EDGE('',*,*,#6392,.T.);
#9760=ORIENTED_EDGE('',*,*,#6395,.T.);
#9761=ORIENTED_EDGE('',*,*,#6397,.T.);
#9762=ORIENTED_EDGE('',*,*,#6399,.T.);
#9763=ORIENTED_EDGE('',*,*,#6401,.T.);
#9764=ORIENTED_EDGE('',*,*,#6403,.F.);
#9765=ORIENTED_EDGE('',*,*,#6405,.T.);
#9766=ORIENTED_EDGE('',*,*,#6911,.F.);
#9767=ORIENTED_EDGE('',*,*,#7049,.T.);
#9768=ORIENTED_EDGE('',*,*,#6644,.T.);
#9769=ORIENTED_EDGE('',*,*,#7050,.T.);
#9770=ORIENTED_EDGE('',*,*,#7051,.T.);
#9771=ORIENTED_EDGE('',*,*,#7052,.T.);
#9772=ORIENTED_EDGE('',*,*,#7053,.T.);
#9773=ORIENTED_EDGE('',*,*,#7054,.T.);
#9774=ORIENTED_EDGE('',*,*,#7055,.T.);
#9775=ORIENTED_EDGE('',*,*,#7056,.T.);
#9776=ORIENTED_EDGE('',*,*,#6631,.T.);
#9777=ORIENTED_EDGE('',*,*,#6634,.T.);
#9778=ORIENTED_EDGE('',*,*,#6636,.F.);
#9779=ORIENTED_EDGE('',*,*,#6638,.T.);
#9780=ORIENTED_EDGE('',*,*,#6640,.F.);
#9781=ORIENTED_EDGE('',*,*,#6642,.T.);
#9782=ORIENTED_EDGE('',*,*,#6629,.T.);
#9783=ORIENTED_EDGE('',*,*,#7057,.T.);
#9784=ORIENTED_EDGE('',*,*,#7058,.T.);
#9785=ORIENTED_EDGE('',*,*,#7059,.T.);
#9786=ORIENTED_EDGE('',*,*,#7060,.T.);
#9787=ORIENTED_EDGE('',*,*,#7061,.T.);
#9788=ORIENTED_EDGE('',*,*,#7062,.T.);
#9789=ORIENTED_EDGE('',*,*,#6618,.T.);
#9790=ORIENTED_EDGE('',*,*,#6621,.T.);
#9791=ORIENTED_EDGE('',*,*,#6623,.T.);
#9792=ORIENTED_EDGE('',*,*,#6625,.T.);
#9793=ORIENTED_EDGE('',*,*,#6627,.T.);
#9794=ORIENTED_EDGE('',*,*,#6616,.T.);
#9795=ORIENTED_EDGE('',*,*,#7063,.T.);
#9796=ORIENTED_EDGE('',*,*,#7064,.T.);
#9797=ORIENTED_EDGE('',*,*,#7065,.T.);
#9798=ORIENTED_EDGE('',*,*,#7066,.T.);
#9799=ORIENTED_EDGE('',*,*,#7067,.T.);
#9800=ORIENTED_EDGE('',*,*,#7068,.T.);
#9801=ORIENTED_EDGE('',*,*,#6605,.T.);
#9802=ORIENTED_EDGE('',*,*,#6608,.T.);
#9803=ORIENTED_EDGE('',*,*,#6610,.T.);
#9804=ORIENTED_EDGE('',*,*,#6612,.T.);
#9805=ORIENTED_EDGE('',*,*,#6614,.T.);
#9806=ORIENTED_EDGE('',*,*,#6603,.T.);
#9807=ORIENTED_EDGE('',*,*,#6947,.F.);
#9808=ORIENTED_EDGE('',*,*,#7069,.T.);
#9809=ORIENTED_EDGE('',*,*,#6942,.F.);
#9810=ORIENTED_EDGE('',*,*,#6945,.T.);
#9811=ORIENTED_EDGE('',*,*,#7070,.T.);
#9812=ORIENTED_EDGE('',*,*,#7071,.T.);
#9813=ORIENTED_EDGE('',*,*,#6590,.T.);
#9814=ORIENTED_EDGE('',*,*,#6593,.T.);
#9815=ORIENTED_EDGE('',*,*,#6595,.T.);
#9816=ORIENTED_EDGE('',*,*,#6597,.T.);
#9817=ORIENTED_EDGE('',*,*,#6599,.T.);
#9818=ORIENTED_EDGE('',*,*,#6601,.T.);
#9819=ORIENTED_EDGE('',*,*,#6588,.T.);
#9820=ORIENTED_EDGE('',*,*,#7072,.T.);
#9821=ORIENTED_EDGE('',*,*,#7073,.T.);
#9822=ORIENTED_EDGE('',*,*,#7074,.T.);
#9823=ORIENTED_EDGE('',*,*,#7075,.T.);
#9824=ORIENTED_EDGE('',*,*,#7076,.T.);
#9825=ORIENTED_EDGE('',*,*,#7077,.T.);
#9826=ORIENTED_EDGE('',*,*,#6577,.T.);
#9827=ORIENTED_EDGE('',*,*,#6580,.T.);
#9828=ORIENTED_EDGE('',*,*,#6582,.T.);
#9829=ORIENTED_EDGE('',*,*,#6584,.T.);
#9830=ORIENTED_EDGE('',*,*,#6586,.T.);
#9831=ORIENTED_EDGE('',*,*,#6429,.T.);
#9832=ORIENTED_EDGE('',*,*,#7078,.T.);
#9833=ORIENTED_EDGE('',*,*,#7079,.T.);
#9834=ORIENTED_EDGE('',*,*,#7080,.T.);
#9835=ORIENTED_EDGE('',*,*,#7081,.T.);
#9836=ORIENTED_EDGE('',*,*,#7082,.T.);
#9837=ORIENTED_EDGE('',*,*,#7083,.T.);
#9838=ORIENTED_EDGE('',*,*,#6418,.T.);
#9839=ORIENTED_EDGE('',*,*,#6421,.T.);
#9840=ORIENTED_EDGE('',*,*,#6423,.T.);
#9841=ORIENTED_EDGE('',*,*,#6425,.T.);
#9842=ORIENTED_EDGE('',*,*,#6427,.T.);
#9843=ORIENTED_EDGE('',*,*,#6548,.T.);
#9844=ORIENTED_EDGE('',*,*,#7084,.T.);
#9845=ORIENTED_EDGE('',*,*,#7085,.T.);
#9846=ORIENTED_EDGE('',*,*,#7086,.T.);
#9847=ORIENTED_EDGE('',*,*,#7087,.T.);
#9848=ORIENTED_EDGE('',*,*,#7088,.T.);
#9849=ORIENTED_EDGE('',*,*,#7089,.T.);
#9850=ORIENTED_EDGE('',*,*,#7090,.T.);
#9851=ORIENTED_EDGE('',*,*,#6533,.T.);
#9852=ORIENTED_EDGE('',*,*,#6536,.T.);
#9853=ORIENTED_EDGE('',*,*,#6538,.T.);
#9854=ORIENTED_EDGE('',*,*,#6540,.F.);
#9855=ORIENTED_EDGE('',*,*,#6542,.T.);
#9856=ORIENTED_EDGE('',*,*,#6544,.F.);
#9857=ORIENTED_EDGE('',*,*,#6546,.T.);
#9858=ORIENTED_EDGE('',*,*,#6520,.T.);
#9859=ORIENTED_EDGE('',*,*,#7091,.T.);
#9860=ORIENTED_EDGE('',*,*,#7092,.T.);
#9861=ORIENTED_EDGE('',*,*,#6923,.T.);
#9862=ORIENTED_EDGE('',*,*,#6921,.F.);
#9863=ORIENTED_EDGE('',*,*,#7093,.T.);
#9864=ORIENTED_EDGE('',*,*,#6925,.F.);
#9865=ORIENTED_EDGE('',*,*,#6507,.T.);
#9866=ORIENTED_EDGE('',*,*,#6510,.T.);
#9867=ORIENTED_EDGE('',*,*,#6512,.T.);
#9868=ORIENTED_EDGE('',*,*,#6514,.T.);
#9869=ORIENTED_EDGE('',*,*,#6516,.T.);
#9870=ORIENTED_EDGE('',*,*,#6518,.T.);
#9871=ORIENTED_EDGE('',*,*,#6505,.T.);
#9872=ORIENTED_EDGE('',*,*,#7094,.T.);
#9873=ORIENTED_EDGE('',*,*,#7095,.T.);
#9874=ORIENTED_EDGE('',*,*,#7096,.T.);
#9875=ORIENTED_EDGE('',*,*,#7097,.T.);
#9876=ORIENTED_EDGE('',*,*,#7098,.T.);
#9877=ORIENTED_EDGE('',*,*,#7099,.T.);
#9878=ORIENTED_EDGE('',*,*,#6494,.T.);
#9879=ORIENTED_EDGE('',*,*,#6497,.T.);
#9880=ORIENTED_EDGE('',*,*,#6499,.T.);
#9881=ORIENTED_EDGE('',*,*,#6501,.T.);
#9882=ORIENTED_EDGE('',*,*,#6503,.T.);
#9883=ORIENTED_EDGE('',*,*,#6492,.T.);
#9884=ORIENTED_EDGE('',*,*,#7100,.T.);
#9885=ORIENTED_EDGE('',*,*,#7101,.T.);
#9886=ORIENTED_EDGE('',*,*,#7102,.T.);
#9887=ORIENTED_EDGE('',*,*,#7103,.T.);
#9888=ORIENTED_EDGE('',*,*,#7104,.T.);
#9889=ORIENTED_EDGE('',*,*,#7105,.T.);
#9890=ORIENTED_EDGE('',*,*,#6481,.T.);
#9891=ORIENTED_EDGE('',*,*,#6484,.T.);
#9892=ORIENTED_EDGE('',*,*,#6486,.T.);
#9893=ORIENTED_EDGE('',*,*,#6488,.T.);
#9894=ORIENTED_EDGE('',*,*,#6490,.T.);
#9895=ORIENTED_EDGE('',*,*,#6442,.T.);
#9896=ORIENTED_EDGE('',*,*,#7106,.T.);
#9897=ORIENTED_EDGE('',*,*,#7107,.T.);
#9898=ORIENTED_EDGE('',*,*,#7108,.T.);
#9899=ORIENTED_EDGE('',*,*,#7109,.T.);
#9900=ORIENTED_EDGE('',*,*,#7110,.T.);
#9901=ORIENTED_EDGE('',*,*,#7111,.T.);
#9902=ORIENTED_EDGE('',*,*,#6431,.T.);
#9903=ORIENTED_EDGE('',*,*,#6434,.T.);
#9904=ORIENTED_EDGE('',*,*,#6436,.T.);
#9905=ORIENTED_EDGE('',*,*,#6438,.T.);
#9906=ORIENTED_EDGE('',*,*,#6440,.T.);
#9907=ORIENTED_EDGE('',*,*,#6859,.F.);
#9908=ORIENTED_EDGE('',*,*,#6871,.F.);
#9909=ORIENTED_EDGE('',*,*,#6841,.F.);
#9910=ORIENTED_EDGE('',*,*,#6877,.F.);
#9911=ORIENTED_EDGE('',*,*,#6850,.F.);
#9912=ORIENTED_EDGE('',*,*,#6569,.T.);
#9913=ORIENTED_EDGE('',*,*,#5609,.F.);
#9914=ORIENTED_EDGE('',*,*,#5903,.F.);
#9915=ORIENTED_EDGE('',*,*,#5905,.F.);
#9916=ORIENTED_EDGE('',*,*,#5907,.F.);
#9917=ORIENTED_EDGE('',*,*,#5909,.F.);
#9918=ORIENTED_EDGE('',*,*,#5911,.F.);
#9919=ORIENTED_EDGE('',*,*,#5913,.F.);
#9920=ORIENTED_EDGE('',*,*,#5915,.F.);
#9921=ORIENTED_EDGE('',*,*,#5917,.F.);
#9922=ORIENTED_EDGE('',*,*,#5919,.F.);
#9923=ORIENTED_EDGE('',*,*,#5921,.F.);
#9924=ORIENTED_EDGE('',*,*,#5923,.F.);
#9925=ORIENTED_EDGE('',*,*,#5929,.F.);
#9926=ORIENTED_EDGE('',*,*,#6834,.T.);
#9927=ORIENTED_EDGE('',*,*,#7112,.T.);
#9928=ORIENTED_EDGE('',*,*,#6829,.T.);
#9929=ORIENTED_EDGE('',*,*,#6882,.F.);
#9930=ORIENTED_EDGE('',*,*,#6698,.T.);
#9931=ORIENTED_EDGE('',*,*,#7113,.T.);
#9932=ORIENTED_EDGE('',*,*,#6939,.T.);
#9933=ORIENTED_EDGE('',*,*,#6001,.T.);
#9934=ORIENTED_EDGE('',*,*,#6909,.F.);
#9935=ORIENTED_EDGE('',*,*,#6993,.F.);
#9936=ORIENTED_EDGE('',*,*,#7114,.F.);
#9937=ORIENTED_EDGE('',*,*,#6368,.T.);
#9938=ORIENTED_EDGE('',*,*,#7115,.T.);
#9939=ORIENTED_EDGE('',*,*,#7000,.F.);
#9940=ORIENTED_EDGE('',*,*,#6791,.F.);
#9941=ORIENTED_EDGE('',*,*,#6367,.T.);
#9942=ORIENTED_EDGE('',*,*,#7116,.T.);
#9943=ORIENTED_EDGE('',*,*,#7001,.F.);
#9944=ORIENTED_EDGE('',*,*,#7115,.F.);
#9945=ORIENTED_EDGE('',*,*,#6366,.T.);
#9946=ORIENTED_EDGE('',*,*,#7117,.T.);
#9947=ORIENTED_EDGE('',*,*,#7002,.F.);
#9948=ORIENTED_EDGE('',*,*,#7116,.F.);
#9949=ORIENTED_EDGE('',*,*,#6365,.T.);
#9950=ORIENTED_EDGE('',*,*,#7118,.T.);
#9951=ORIENTED_EDGE('',*,*,#7003,.F.);
#9952=ORIENTED_EDGE('',*,*,#7117,.F.);
#9953=ORIENTED_EDGE('',*,*,#6364,.T.);
#9954=ORIENTED_EDGE('',*,*,#7119,.T.);
#9955=ORIENTED_EDGE('',*,*,#7004,.F.);
#9956=ORIENTED_EDGE('',*,*,#7118,.F.);
#9957=ORIENTED_EDGE('',*,*,#6363,.T.);
#9958=ORIENTED_EDGE('',*,*,#6782,.T.);
#9959=ORIENTED_EDGE('',*,*,#7005,.F.);
#9960=ORIENTED_EDGE('',*,*,#7119,.F.);
#9961=ORIENTED_EDGE('',*,*,#6356,.T.);
#9962=ORIENTED_EDGE('',*,*,#7120,.T.);
#9963=ORIENTED_EDGE('',*,*,#7006,.F.);
#9964=ORIENTED_EDGE('',*,*,#6778,.F.);
#9965=ORIENTED_EDGE('',*,*,#6355,.T.);
#9966=ORIENTED_EDGE('',*,*,#7121,.T.);
#9967=ORIENTED_EDGE('',*,*,#7007,.F.);
#9968=ORIENTED_EDGE('',*,*,#7120,.F.);
#9969=ORIENTED_EDGE('',*,*,#6354,.T.);
#9970=ORIENTED_EDGE('',*,*,#7122,.T.);
#9971=ORIENTED_EDGE('',*,*,#7008,.F.);
#9972=ORIENTED_EDGE('',*,*,#7121,.F.);
#9973=ORIENTED_EDGE('',*,*,#6353,.T.);
#9974=ORIENTED_EDGE('',*,*,#7123,.T.);
#9975=ORIENTED_EDGE('',*,*,#7009,.F.);
#9976=ORIENTED_EDGE('',*,*,#7122,.F.);
#9977=ORIENTED_EDGE('',*,*,#6352,.T.);
#9978=ORIENTED_EDGE('',*,*,#7124,.T.);
#9979=ORIENTED_EDGE('',*,*,#7010,.F.);
#9980=ORIENTED_EDGE('',*,*,#7123,.F.);
#9981=ORIENTED_EDGE('',*,*,#6351,.T.);
#9982=ORIENTED_EDGE('',*,*,#6769,.T.);
#9983=ORIENTED_EDGE('',*,*,#7011,.F.);
#9984=ORIENTED_EDGE('',*,*,#7124,.F.);
#9985=ORIENTED_EDGE('',*,*,#6341,.T.);
#9986=ORIENTED_EDGE('',*,*,#6760,.T.);
#9987=ORIENTED_EDGE('',*,*,#6970,.F.);
#9988=ORIENTED_EDGE('',*,*,#6918,.F.);
#9989=ORIENTED_EDGE('',*,*,#6336,.T.);
#9990=ORIENTED_EDGE('',*,*,#7125,.T.);
#9991=ORIENTED_EDGE('',*,*,#7012,.F.);
#9992=ORIENTED_EDGE('',*,*,#6756,.F.);
#9993=ORIENTED_EDGE('',*,*,#6335,.T.);
#9994=ORIENTED_EDGE('',*,*,#7126,.T.);
#9995=ORIENTED_EDGE('',*,*,#7013,.F.);
#9996=ORIENTED_EDGE('',*,*,#7125,.F.);
#9997=ORIENTED_EDGE('',*,*,#6334,.T.);
#9998=ORIENTED_EDGE('',*,*,#7127,.T.);
#9999=ORIENTED_EDGE('',*,*,#7014,.F.);
#10000=ORIENTED_EDGE('',*,*,#7126,.F.);
#10001=ORIENTED_EDGE('',*,*,#6333,.T.);
#10002=ORIENTED_EDGE('',*,*,#6913,.F.);
#10003=ORIENTED_EDGE('',*,*,#7015,.F.);
#10004=ORIENTED_EDGE('',*,*,#7127,.F.);
#10005=ORIENTED_EDGE('',*,*,#6326,.T.);
#10006=ORIENTED_EDGE('',*,*,#7128,.T.);
#10007=ORIENTED_EDGE('',*,*,#7016,.F.);
#10008=ORIENTED_EDGE('',*,*,#6745,.F.);
#10009=ORIENTED_EDGE('',*,*,#6325,.T.);
#10010=ORIENTED_EDGE('',*,*,#7129,.T.);
#10011=ORIENTED_EDGE('',*,*,#7017,.F.);
#10012=ORIENTED_EDGE('',*,*,#7128,.F.);
#10013=ORIENTED_EDGE('',*,*,#6324,.T.);
#10014=ORIENTED_EDGE('',*,*,#7130,.T.);
#10015=ORIENTED_EDGE('',*,*,#7018,.F.);
#10016=ORIENTED_EDGE('',*,*,#7129,.F.);
#10017=ORIENTED_EDGE('',*,*,#6323,.T.);
#10018=ORIENTED_EDGE('',*,*,#6955,.F.);
#10019=ORIENTED_EDGE('',*,*,#7019,.F.);
#10020=ORIENTED_EDGE('',*,*,#7130,.F.);
#10021=ORIENTED_EDGE('',*,*,#6316,.T.);
#10022=ORIENTED_EDGE('',*,*,#7131,.T.);
#10023=ORIENTED_EDGE('',*,*,#7020,.F.);
#10024=ORIENTED_EDGE('',*,*,#6734,.F.);
#10025=ORIENTED_EDGE('',*,*,#6315,.T.);
#10026=ORIENTED_EDGE('',*,*,#7132,.T.);
#10027=ORIENTED_EDGE('',*,*,#7021,.F.);
#10028=ORIENTED_EDGE('',*,*,#7131,.F.);
#10029=ORIENTED_EDGE('',*,*,#6314,.T.);
#10030=ORIENTED_EDGE('',*,*,#7133,.T.);
#10031=ORIENTED_EDGE('',*,*,#7022,.F.);
#10032=ORIENTED_EDGE('',*,*,#7132,.F.);
#10033=ORIENTED_EDGE('',*,*,#6313,.T.);
#10034=ORIENTED_EDGE('',*,*,#6957,.F.);
#10035=ORIENTED_EDGE('',*,*,#7023,.F.);
#10036=ORIENTED_EDGE('',*,*,#7133,.F.);
#10037=ORIENTED_EDGE('',*,*,#6306,.T.);
#10038=ORIENTED_EDGE('',*,*,#7134,.T.);
#10039=ORIENTED_EDGE('',*,*,#7024,.F.);
#10040=ORIENTED_EDGE('',*,*,#6723,.F.);
#10041=ORIENTED_EDGE('',*,*,#6305,.T.);
#10042=ORIENTED_EDGE('',*,*,#7135,.T.);
#10043=ORIENTED_EDGE('',*,*,#7025,.F.);
#10044=ORIENTED_EDGE('',*,*,#7134,.F.);
#10045=ORIENTED_EDGE('',*,*,#6304,.T.);
#10046=ORIENTED_EDGE('',*,*,#7136,.T.);
#10047=ORIENTED_EDGE('',*,*,#7026,.F.);
#10048=ORIENTED_EDGE('',*,*,#7135,.F.);
#10049=ORIENTED_EDGE('',*,*,#6303,.T.);
#10050=ORIENTED_EDGE('',*,*,#6915,.F.);
#10051=ORIENTED_EDGE('',*,*,#7027,.F.);
#10052=ORIENTED_EDGE('',*,*,#7136,.F.);
#10053=ORIENTED_EDGE('',*,*,#6294,.T.);
#10054=ORIENTED_EDGE('',*,*,#7137,.T.);
#10055=ORIENTED_EDGE('',*,*,#7028,.F.);
#10056=ORIENTED_EDGE('',*,*,#6885,.F.);
#10057=ORIENTED_EDGE('',*,*,#6293,.T.);
#10058=ORIENTED_EDGE('',*,*,#7138,.T.);
#10059=ORIENTED_EDGE('',*,*,#7029,.F.);
#10060=ORIENTED_EDGE('',*,*,#7137,.F.);
#10061=ORIENTED_EDGE('',*,*,#6292,.T.);
#10062=ORIENTED_EDGE('',*,*,#7139,.T.);
#10063=ORIENTED_EDGE('',*,*,#7030,.F.);
#10064=ORIENTED_EDGE('',*,*,#7138,.F.);
#10065=ORIENTED_EDGE('',*,*,#6291,.T.);
#10066=ORIENTED_EDGE('',*,*,#6703,.T.);
#10067=ORIENTED_EDGE('',*,*,#7031,.F.);
#10068=ORIENTED_EDGE('',*,*,#7139,.F.);
#10069=ORIENTED_EDGE('',*,*,#6274,.T.);
#10070=ORIENTED_EDGE('',*,*,#7140,.T.);
#10071=ORIENTED_EDGE('',*,*,#6963,.F.);
#10072=ORIENTED_EDGE('',*,*,#6683,.F.);
#10073=ORIENTED_EDGE('',*,*,#6273,.T.);
#10074=ORIENTED_EDGE('',*,*,#7141,.T.);
#10075=ORIENTED_EDGE('',*,*,#6964,.F.);
#10076=ORIENTED_EDGE('',*,*,#7140,.F.);
#10077=ORIENTED_EDGE('',*,*,#6272,.T.);
#10078=ORIENTED_EDGE('',*,*,#7142,.T.);
#10079=ORIENTED_EDGE('',*,*,#6965,.F.);
#10080=ORIENTED_EDGE('',*,*,#7141,.F.);
#10081=ORIENTED_EDGE('',*,*,#6271,.T.);
#10082=ORIENTED_EDGE('',*,*,#7143,.T.);
#10083=ORIENTED_EDGE('',*,*,#6966,.F.);
#10084=ORIENTED_EDGE('',*,*,#7142,.F.);
#10085=ORIENTED_EDGE('',*,*,#6270,.T.);
#10086=ORIENTED_EDGE('',*,*,#7144,.T.);
#10087=ORIENTED_EDGE('',*,*,#6967,.F.);
#10088=ORIENTED_EDGE('',*,*,#7143,.F.);
#10089=ORIENTED_EDGE('',*,*,#6269,.T.);
#10090=ORIENTED_EDGE('',*,*,#6673,.T.);
#10091=ORIENTED_EDGE('',*,*,#6968,.F.);
#10092=ORIENTED_EDGE('',*,*,#7144,.F.);
#10093=ORIENTED_EDGE('',*,*,#6261,.T.);
#10094=ORIENTED_EDGE('',*,*,#7145,.T.);
#10095=ORIENTED_EDGE('',*,*,#7032,.F.);
#10096=ORIENTED_EDGE('',*,*,#6669,.F.);
#10097=ORIENTED_EDGE('',*,*,#6260,.T.);
#10098=ORIENTED_EDGE('',*,*,#7146,.T.);
#10099=ORIENTED_EDGE('',*,*,#7033,.F.);
#10100=ORIENTED_EDGE('',*,*,#7145,.F.);
#10101=ORIENTED_EDGE('',*,*,#6259,.T.);
#10102=ORIENTED_EDGE('',*,*,#7147,.T.);
#10103=ORIENTED_EDGE('',*,*,#7034,.F.);
#10104=ORIENTED_EDGE('',*,*,#7146,.F.);
#10105=ORIENTED_EDGE('',*,*,#6258,.T.);
#10106=ORIENTED_EDGE('',*,*,#7148,.T.);
#10107=ORIENTED_EDGE('',*,*,#7035,.F.);
#10108=ORIENTED_EDGE('',*,*,#7147,.F.);
#10109=ORIENTED_EDGE('',*,*,#6257,.T.);
#10110=ORIENTED_EDGE('',*,*,#7149,.T.);
#10111=ORIENTED_EDGE('',*,*,#7036,.F.);
#10112=ORIENTED_EDGE('',*,*,#7148,.F.);
#10113=ORIENTED_EDGE('',*,*,#6256,.T.);
#10114=ORIENTED_EDGE('',*,*,#6660,.T.);
#10115=ORIENTED_EDGE('',*,*,#7037,.F.);
#10116=ORIENTED_EDGE('',*,*,#7149,.F.);
#10117=ORIENTED_EDGE('',*,*,#6249,.T.);
#10118=ORIENTED_EDGE('',*,*,#7150,.T.);
#10119=ORIENTED_EDGE('',*,*,#7038,.F.);
#10120=ORIENTED_EDGE('',*,*,#6656,.F.);
#10121=ORIENTED_EDGE('',*,*,#6248,.T.);
#10122=ORIENTED_EDGE('',*,*,#7151,.T.);
#10123=ORIENTED_EDGE('',*,*,#7039,.F.);
#10124=ORIENTED_EDGE('',*,*,#7150,.F.);
#10125=ORIENTED_EDGE('',*,*,#6247,.T.);
#10126=ORIENTED_EDGE('',*,*,#7152,.T.);
#10127=ORIENTED_EDGE('',*,*,#7040,.F.);
#10128=ORIENTED_EDGE('',*,*,#7151,.F.);
#10129=ORIENTED_EDGE('',*,*,#6246,.T.);
#10130=ORIENTED_EDGE('',*,*,#7153,.T.);
#10131=ORIENTED_EDGE('',*,*,#7041,.F.);
#10132=ORIENTED_EDGE('',*,*,#7152,.F.);
#10133=ORIENTED_EDGE('',*,*,#6245,.T.);
#10134=ORIENTED_EDGE('',*,*,#7154,.T.);
#10135=ORIENTED_EDGE('',*,*,#7042,.F.);
#10136=ORIENTED_EDGE('',*,*,#7153,.F.);
#10137=ORIENTED_EDGE('',*,*,#6244,.T.);
#10138=ORIENTED_EDGE('',*,*,#6647,.T.);
#10139=ORIENTED_EDGE('',*,*,#7043,.F.);
#10140=ORIENTED_EDGE('',*,*,#7154,.F.);
#10141=ORIENTED_EDGE('',*,*,#6237,.T.);
#10142=ORIENTED_EDGE('',*,*,#7155,.T.);
#10143=ORIENTED_EDGE('',*,*,#7050,.F.);
#10144=ORIENTED_EDGE('',*,*,#6643,.F.);
#10145=ORIENTED_EDGE('',*,*,#6236,.T.);
#10146=ORIENTED_EDGE('',*,*,#7156,.T.);
#10147=ORIENTED_EDGE('',*,*,#7051,.F.);
#10148=ORIENTED_EDGE('',*,*,#7155,.F.);
#10149=ORIENTED_EDGE('',*,*,#6235,.T.);
#10150=ORIENTED_EDGE('',*,*,#7157,.T.);
#10151=ORIENTED_EDGE('',*,*,#7052,.F.);
#10152=ORIENTED_EDGE('',*,*,#7156,.F.);
#10153=ORIENTED_EDGE('',*,*,#6234,.T.);
#10154=ORIENTED_EDGE('',*,*,#7158,.T.);
#10155=ORIENTED_EDGE('',*,*,#7053,.F.);
#10156=ORIENTED_EDGE('',*,*,#7157,.F.);
#10157=ORIENTED_EDGE('',*,*,#6233,.T.);
#10158=ORIENTED_EDGE('',*,*,#7159,.T.);
#10159=ORIENTED_EDGE('',*,*,#7054,.F.);
#10160=ORIENTED_EDGE('',*,*,#7158,.F.);
#10161=ORIENTED_EDGE('',*,*,#6232,.T.);
#10162=ORIENTED_EDGE('',*,*,#7160,.T.);
#10163=ORIENTED_EDGE('',*,*,#7055,.F.);
#10164=ORIENTED_EDGE('',*,*,#7159,.F.);
#10165=ORIENTED_EDGE('',*,*,#6231,.T.);
#10166=ORIENTED_EDGE('',*,*,#6632,.T.);
#10167=ORIENTED_EDGE('',*,*,#7056,.F.);
#10168=ORIENTED_EDGE('',*,*,#7160,.F.);
#10169=ORIENTED_EDGE('',*,*,#6223,.T.);
#10170=ORIENTED_EDGE('',*,*,#7161,.T.);
#10171=ORIENTED_EDGE('',*,*,#7057,.F.);
#10172=ORIENTED_EDGE('',*,*,#6628,.F.);
#10173=ORIENTED_EDGE('',*,*,#6222,.T.);
#10174=ORIENTED_EDGE('',*,*,#7162,.T.);
#10175=ORIENTED_EDGE('',*,*,#7058,.F.);
#10176=ORIENTED_EDGE('',*,*,#7161,.F.);
#10177=ORIENTED_EDGE('',*,*,#6221,.T.);
#10178=ORIENTED_EDGE('',*,*,#7163,.T.);
#10179=ORIENTED_EDGE('',*,*,#7059,.F.);
#10180=ORIENTED_EDGE('',*,*,#7162,.F.);
#10181=ORIENTED_EDGE('',*,*,#6220,.T.);
#10182=ORIENTED_EDGE('',*,*,#7164,.T.);
#10183=ORIENTED_EDGE('',*,*,#7060,.F.);
#10184=ORIENTED_EDGE('',*,*,#7163,.F.);
#10185=ORIENTED_EDGE('',*,*,#6219,.T.);
#10186=ORIENTED_EDGE('',*,*,#7165,.T.);
#10187=ORIENTED_EDGE('',*,*,#7061,.F.);
#10188=ORIENTED_EDGE('',*,*,#7164,.F.);
#10189=ORIENTED_EDGE('',*,*,#6218,.T.);
#10190=ORIENTED_EDGE('',*,*,#6619,.T.);
#10191=ORIENTED_EDGE('',*,*,#7062,.F.);
#10192=ORIENTED_EDGE('',*,*,#7165,.F.);
#10193=ORIENTED_EDGE('',*,*,#6211,.T.);
#10194=ORIENTED_EDGE('',*,*,#7166,.T.);
#10195=ORIENTED_EDGE('',*,*,#7063,.F.);
#10196=ORIENTED_EDGE('',*,*,#6615,.F.);
#10197=ORIENTED_EDGE('',*,*,#6210,.T.);
#10198=ORIENTED_EDGE('',*,*,#7167,.T.);
#10199=ORIENTED_EDGE('',*,*,#7064,.F.);
#10200=ORIENTED_EDGE('',*,*,#7166,.F.);
#10201=ORIENTED_EDGE('',*,*,#6209,.T.);
#10202=ORIENTED_EDGE('',*,*,#7168,.T.);
#10203=ORIENTED_EDGE('',*,*,#7065,.F.);
#10204=ORIENTED_EDGE('',*,*,#7167,.F.);
#10205=ORIENTED_EDGE('',*,*,#6208,.T.);
#10206=ORIENTED_EDGE('',*,*,#7169,.T.);
#10207=ORIENTED_EDGE('',*,*,#7066,.F.);
#10208=ORIENTED_EDGE('',*,*,#7168,.F.);
#10209=ORIENTED_EDGE('',*,*,#6207,.T.);
#10210=ORIENTED_EDGE('',*,*,#7170,.T.);
#10211=ORIENTED_EDGE('',*,*,#7067,.F.);
#10212=ORIENTED_EDGE('',*,*,#7169,.F.);
#10213=ORIENTED_EDGE('',*,*,#6206,.T.);
#10214=ORIENTED_EDGE('',*,*,#6606,.T.);
#10215=ORIENTED_EDGE('',*,*,#7068,.F.);
#10216=ORIENTED_EDGE('',*,*,#7170,.F.);
#10217=ORIENTED_EDGE('',*,*,#6198,.T.);
#10218=ORIENTED_EDGE('',*,*,#6943,.F.);
#10219=ORIENTED_EDGE('',*,*,#7069,.F.);
#10220=ORIENTED_EDGE('',*,*,#6946,.F.);
#10221=ORIENTED_EDGE('',*,*,#6195,.T.);
#10222=ORIENTED_EDGE('',*,*,#7171,.T.);
#10223=ORIENTED_EDGE('',*,*,#7070,.F.);
#10224=ORIENTED_EDGE('',*,*,#6944,.F.);
#10225=ORIENTED_EDGE('',*,*,#6194,.T.);
#10226=ORIENTED_EDGE('',*,*,#6591,.T.);
#10227=ORIENTED_EDGE('',*,*,#7071,.F.);
#10228=ORIENTED_EDGE('',*,*,#7171,.F.);
#10229=ORIENTED_EDGE('',*,*,#6186,.T.);
#10230=ORIENTED_EDGE('',*,*,#7172,.T.);
#10231=ORIENTED_EDGE('',*,*,#7072,.F.);
#10232=ORIENTED_EDGE('',*,*,#6587,.F.);
#10233=ORIENTED_EDGE('',*,*,#6185,.T.);
#10234=ORIENTED_EDGE('',*,*,#7173,.T.);
#10235=ORIENTED_EDGE('',*,*,#7073,.F.);
#10236=ORIENTED_EDGE('',*,*,#7172,.F.);
#10237=ORIENTED_EDGE('',*,*,#6184,.T.);
#10238=ORIENTED_EDGE('',*,*,#7174,.T.);
#10239=ORIENTED_EDGE('',*,*,#7074,.F.);
#10240=ORIENTED_EDGE('',*,*,#7173,.F.);
#10241=ORIENTED_EDGE('',*,*,#6183,.T.);
#10242=ORIENTED_EDGE('',*,*,#7175,.T.);
#10243=ORIENTED_EDGE('',*,*,#7075,.F.);
#10244=ORIENTED_EDGE('',*,*,#7174,.F.);
#10245=ORIENTED_EDGE('',*,*,#6182,.T.);
#10246=ORIENTED_EDGE('',*,*,#7176,.T.);
#10247=ORIENTED_EDGE('',*,*,#7076,.F.);
#10248=ORIENTED_EDGE('',*,*,#7175,.F.);
#10249=ORIENTED_EDGE('',*,*,#6181,.T.);
#10250=ORIENTED_EDGE('',*,*,#6578,.T.);
#10251=ORIENTED_EDGE('',*,*,#7077,.F.);
#10252=ORIENTED_EDGE('',*,*,#7176,.F.);
#10253=ORIENTED_EDGE('',*,*,#6171,.T.);
#10254=ORIENTED_EDGE('',*,*,#7177,.T.);
#10255=ORIENTED_EDGE('',*,*,#6960,.F.);
#10256=ORIENTED_EDGE('',*,*,#7178,.F.);
#10257=ORIENTED_EDGE('',*,*,#6170,.T.);
#10258=ORIENTED_EDGE('',*,*,#6562,.T.);
#10259=ORIENTED_EDGE('',*,*,#6961,.F.);
#10260=ORIENTED_EDGE('',*,*,#7177,.F.);
#10261=ORIENTED_EDGE('',*,*,#6172,.T.);
#10262=ORIENTED_EDGE('',*,*,#7178,.T.);
#10263=ORIENTED_EDGE('',*,*,#6959,.F.);
#10264=ORIENTED_EDGE('',*,*,#6952,.F.);
#10265=ORIENTED_EDGE('',*,*,#6158,.T.);
#10266=ORIENTED_EDGE('',*,*,#6551,.T.);
#10267=ORIENTED_EDGE('',*,*,#6982,.F.);
#10268=ORIENTED_EDGE('',*,*,#6930,.F.);
#10269=ORIENTED_EDGE('',*,*,#6152,.T.);
#10270=ORIENTED_EDGE('',*,*,#7179,.T.);
#10271=ORIENTED_EDGE('',*,*,#7084,.F.);
#10272=ORIENTED_EDGE('',*,*,#6547,.F.);
#10273=ORIENTED_EDGE('',*,*,#6151,.T.);
#10274=ORIENTED_EDGE('',*,*,#7180,.T.);
#10275=ORIENTED_EDGE('',*,*,#7085,.F.);
#10276=ORIENTED_EDGE('',*,*,#7179,.F.);
#10277=ORIENTED_EDGE('',*,*,#6150,.T.);
#10278=ORIENTED_EDGE('',*,*,#7181,.T.);
#10279=ORIENTED_EDGE('',*,*,#7086,.F.);
#10280=ORIENTED_EDGE('',*,*,#7180,.F.);
#10281=ORIENTED_EDGE('',*,*,#6149,.T.);
#10282=ORIENTED_EDGE('',*,*,#7182,.T.);
#10283=ORIENTED_EDGE('',*,*,#7087,.F.);
#10284=ORIENTED_EDGE('',*,*,#7181,.F.);
#10285=ORIENTED_EDGE('',*,*,#6148,.T.);
#10286=ORIENTED_EDGE('',*,*,#7183,.T.);
#10287=ORIENTED_EDGE('',*,*,#7088,.F.);
#10288=ORIENTED_EDGE('',*,*,#7182,.F.);
#10289=ORIENTED_EDGE('',*,*,#6147,.T.);
#10290=ORIENTED_EDGE('',*,*,#7184,.T.);
#10291=ORIENTED_EDGE('',*,*,#7089,.F.);
#10292=ORIENTED_EDGE('',*,*,#7183,.F.);
#10293=ORIENTED_EDGE('',*,*,#6146,.T.);
#10294=ORIENTED_EDGE('',*,*,#6534,.T.);
#10295=ORIENTED_EDGE('',*,*,#7090,.F.);
#10296=ORIENTED_EDGE('',*,*,#7184,.F.);
#10297=ORIENTED_EDGE('',*,*,#6136,.T.);
#10298=ORIENTED_EDGE('',*,*,#7185,.T.);
#10299=ORIENTED_EDGE('',*,*,#6986,.F.);
#10300=ORIENTED_EDGE('',*,*,#6948,.F.);
#10301=ORIENTED_EDGE('',*,*,#6135,.T.);
#10302=ORIENTED_EDGE('',*,*,#7186,.T.);
#10303=ORIENTED_EDGE('',*,*,#6987,.F.);
#10304=ORIENTED_EDGE('',*,*,#7185,.F.);
#10305=ORIENTED_EDGE('',*,*,#6134,.T.);
#10306=ORIENTED_EDGE('',*,*,#6523,.F.);
#10307=ORIENTED_EDGE('',*,*,#6988,.F.);
#10308=ORIENTED_EDGE('',*,*,#7186,.F.);
#10309=ORIENTED_EDGE('',*,*,#6128,.T.);
#10310=ORIENTED_EDGE('',*,*,#7187,.T.);
#10311=ORIENTED_EDGE('',*,*,#7091,.F.);
#10312=ORIENTED_EDGE('',*,*,#6519,.F.);
#10313=ORIENTED_EDGE('',*,*,#6127,.T.);
#10314=ORIENTED_EDGE('',*,*,#6924,.T.);
#10315=ORIENTED_EDGE('',*,*,#7092,.F.);
#10316=ORIENTED_EDGE('',*,*,#7187,.F.);
#10317=ORIENTED_EDGE('',*,*,#6124,.T.);
#10318=ORIENTED_EDGE('',*,*,#6926,.F.);
#10319=ORIENTED_EDGE('',*,*,#7093,.F.);
#10320=ORIENTED_EDGE('',*,*,#6920,.F.);
#10321=ORIENTED_EDGE('',*,*,#6115,.T.);
#10322=ORIENTED_EDGE('',*,*,#7188,.T.);
#10323=ORIENTED_EDGE('',*,*,#7094,.F.);
#10324=ORIENTED_EDGE('',*,*,#6504,.F.);
#10325=ORIENTED_EDGE('',*,*,#6114,.T.);
#10326=ORIENTED_EDGE('',*,*,#7189,.T.);
#10327=ORIENTED_EDGE('',*,*,#7095,.F.);
#10328=ORIENTED_EDGE('',*,*,#7188,.F.);
#10329=ORIENTED_EDGE('',*,*,#6113,.T.);
#10330=ORIENTED_EDGE('',*,*,#7190,.T.);
#10331=ORIENTED_EDGE('',*,*,#7096,.F.);
#10332=ORIENTED_EDGE('',*,*,#7189,.F.);
#10333=ORIENTED_EDGE('',*,*,#6112,.T.);
#10334=ORIENTED_EDGE('',*,*,#7191,.T.);
#10335=ORIENTED_EDGE('',*,*,#7097,.F.);
#10336=ORIENTED_EDGE('',*,*,#7190,.F.);
#10337=ORIENTED_EDGE('',*,*,#6111,.T.);
#10338=ORIENTED_EDGE('',*,*,#7192,.T.);
#10339=ORIENTED_EDGE('',*,*,#7098,.F.);
#10340=ORIENTED_EDGE('',*,*,#7191,.F.);
#10341=ORIENTED_EDGE('',*,*,#6110,.T.);
#10342=ORIENTED_EDGE('',*,*,#6495,.T.);
#10343=ORIENTED_EDGE('',*,*,#7099,.F.);
#10344=ORIENTED_EDGE('',*,*,#7192,.F.);
#10345=ORIENTED_EDGE('',*,*,#6103,.T.);
#10346=ORIENTED_EDGE('',*,*,#7193,.T.);
#10347=ORIENTED_EDGE('',*,*,#7100,.F.);
#10348=ORIENTED_EDGE('',*,*,#6491,.F.);
#10349=ORIENTED_EDGE('',*,*,#6102,.T.);
#10350=ORIENTED_EDGE('',*,*,#7194,.T.);
#10351=ORIENTED_EDGE('',*,*,#7101,.F.);
#10352=ORIENTED_EDGE('',*,*,#7193,.F.);
#10353=ORIENTED_EDGE('',*,*,#6101,.T.);
#10354=ORIENTED_EDGE('',*,*,#7195,.T.);
#10355=ORIENTED_EDGE('',*,*,#7102,.F.);
#10356=ORIENTED_EDGE('',*,*,#7194,.F.);
#10357=ORIENTED_EDGE('',*,*,#6100,.T.);
#10358=ORIENTED_EDGE('',*,*,#7196,.T.);
#10359=ORIENTED_EDGE('',*,*,#7103,.F.);
#10360=ORIENTED_EDGE('',*,*,#7195,.F.);
#10361=ORIENTED_EDGE('',*,*,#6099,.T.);
#10362=ORIENTED_EDGE('',*,*,#7197,.T.);
#10363=ORIENTED_EDGE('',*,*,#7104,.F.);
#10364=ORIENTED_EDGE('',*,*,#7196,.F.);
#10365=ORIENTED_EDGE('',*,*,#6098,.T.);
#10366=ORIENTED_EDGE('',*,*,#6482,.T.);
#10367=ORIENTED_EDGE('',*,*,#7105,.F.);
#10368=ORIENTED_EDGE('',*,*,#7197,.F.);
#10369=ORIENTED_EDGE('',*,*,#6005,.T.);
#10370=ORIENTED_EDGE('',*,*,#7198,.T.);
#10371=ORIENTED_EDGE('',*,*,#6989,.F.);
#10372=ORIENTED_EDGE('',*,*,#6904,.F.);
#10373=ORIENTED_EDGE('',*,*,#6019,.T.);
#10374=ORIENTED_EDGE('',*,*,#7199,.T.);
#10375=ORIENTED_EDGE('',*,*,#7049,.F.);
#10376=ORIENTED_EDGE('',*,*,#6910,.F.);
#10377=ORIENTED_EDGE('',*,*,#6899,.F.);
#10378=ORIENTED_EDGE('',*,*,#7200,.F.);
#10379=ORIENTED_EDGE('',*,*,#6888,.F.);
#10380=ORIENTED_EDGE('',*,*,#6027,.T.);
#10381=ORIENTED_EDGE('',*,*,#7201,.T.);
#10382=ORIENTED_EDGE('',*,*,#6971,.F.);
#10383=ORIENTED_EDGE('',*,*,#6902,.F.);
#10384=ORIENTED_EDGE('',*,*,#6026,.T.);
#10385=ORIENTED_EDGE('',*,*,#7202,.T.);
#10386=ORIENTED_EDGE('',*,*,#6972,.F.);
#10387=ORIENTED_EDGE('',*,*,#7201,.F.);
#10388=ORIENTED_EDGE('',*,*,#6025,.T.);
#10389=ORIENTED_EDGE('',*,*,#6408,.T.);
#10390=ORIENTED_EDGE('',*,*,#6973,.F.);
#10391=ORIENTED_EDGE('',*,*,#7202,.F.);
#10392=ORIENTED_EDGE('',*,*,#6004,.T.);
#10393=ORIENTED_EDGE('',*,*,#7203,.T.);
#10394=ORIENTED_EDGE('',*,*,#6990,.F.);
#10395=ORIENTED_EDGE('',*,*,#7198,.F.);
#10396=ORIENTED_EDGE('',*,*,#6003,.T.);
#10397=ORIENTED_EDGE('',*,*,#7204,.T.);
#10398=ORIENTED_EDGE('',*,*,#6991,.F.);
#10399=ORIENTED_EDGE('',*,*,#7203,.F.);
#10400=ORIENTED_EDGE('',*,*,#6002,.T.);
#10401=ORIENTED_EDGE('',*,*,#7114,.T.);
#10402=ORIENTED_EDGE('',*,*,#6992,.F.);
#10403=ORIENTED_EDGE('',*,*,#7204,.F.);
#10404=ORIENTED_EDGE('',*,*,#6018,.T.);
#10405=ORIENTED_EDGE('',*,*,#7205,.T.);
#10406=ORIENTED_EDGE('',*,*,#7044,.F.);
#10407=ORIENTED_EDGE('',*,*,#7199,.F.);
#10408=ORIENTED_EDGE('',*,*,#6017,.T.);
#10409=ORIENTED_EDGE('',*,*,#7206,.T.);
#10410=ORIENTED_EDGE('',*,*,#7045,.F.);
#10411=ORIENTED_EDGE('',*,*,#7205,.F.);
#10412=ORIENTED_EDGE('',*,*,#6016,.T.);
#10413=ORIENTED_EDGE('',*,*,#7207,.T.);
#10414=ORIENTED_EDGE('',*,*,#7046,.F.);
#10415=ORIENTED_EDGE('',*,*,#7206,.F.);
#10416=ORIENTED_EDGE('',*,*,#6015,.T.);
#10417=ORIENTED_EDGE('',*,*,#7208,.T.);
#10418=ORIENTED_EDGE('',*,*,#7047,.F.);
#10419=ORIENTED_EDGE('',*,*,#7207,.F.);
#10420=ORIENTED_EDGE('',*,*,#6014,.T.);
#10421=ORIENTED_EDGE('',*,*,#6393,.T.);
#10422=ORIENTED_EDGE('',*,*,#7048,.F.);
#10423=ORIENTED_EDGE('',*,*,#7208,.F.);
#10424=ORIENTED_EDGE('',*,*,#6041,.T.);
#10425=ORIENTED_EDGE('',*,*,#7209,.T.);
#10426=ORIENTED_EDGE('',*,*,#7078,.F.);
#10427=ORIENTED_EDGE('',*,*,#6428,.F.);
#10428=ORIENTED_EDGE('',*,*,#6040,.T.);
#10429=ORIENTED_EDGE('',*,*,#7210,.T.);
#10430=ORIENTED_EDGE('',*,*,#7079,.F.);
#10431=ORIENTED_EDGE('',*,*,#7209,.F.);
#10432=ORIENTED_EDGE('',*,*,#6039,.T.);
#10433=ORIENTED_EDGE('',*,*,#7211,.T.);
#10434=ORIENTED_EDGE('',*,*,#7080,.F.);
#10435=ORIENTED_EDGE('',*,*,#7210,.F.);
#10436=ORIENTED_EDGE('',*,*,#6038,.T.);
#10437=ORIENTED_EDGE('',*,*,#7212,.T.);
#10438=ORIENTED_EDGE('',*,*,#7081,.F.);
#10439=ORIENTED_EDGE('',*,*,#7211,.F.);
#10440=ORIENTED_EDGE('',*,*,#6037,.T.);
#10441=ORIENTED_EDGE('',*,*,#7213,.T.);
#10442=ORIENTED_EDGE('',*,*,#7082,.F.);
#10443=ORIENTED_EDGE('',*,*,#7212,.F.);
#10444=ORIENTED_EDGE('',*,*,#6036,.T.);
#10445=ORIENTED_EDGE('',*,*,#6419,.T.);
#10446=ORIENTED_EDGE('',*,*,#7083,.F.);
#10447=ORIENTED_EDGE('',*,*,#7213,.F.);
#10448=ORIENTED_EDGE('',*,*,#6053,.T.);
#10449=ORIENTED_EDGE('',*,*,#7214,.T.);
#10450=ORIENTED_EDGE('',*,*,#7106,.F.);
#10451=ORIENTED_EDGE('',*,*,#6441,.F.);
#10452=ORIENTED_EDGE('',*,*,#6052,.T.);
#10453=ORIENTED_EDGE('',*,*,#7215,.T.);
#10454=ORIENTED_EDGE('',*,*,#7107,.F.);
#10455=ORIENTED_EDGE('',*,*,#7214,.F.);
#10456=ORIENTED_EDGE('',*,*,#6051,.T.);
#10457=ORIENTED_EDGE('',*,*,#7216,.T.);
#10458=ORIENTED_EDGE('',*,*,#7108,.F.);
#10459=ORIENTED_EDGE('',*,*,#7215,.F.);
#10460=ORIENTED_EDGE('',*,*,#6050,.T.);
#10461=ORIENTED_EDGE('',*,*,#7217,.T.);
#10462=ORIENTED_EDGE('',*,*,#7109,.F.);
#10463=ORIENTED_EDGE('',*,*,#7216,.F.);
#10464=ORIENTED_EDGE('',*,*,#6049,.T.);
#10465=ORIENTED_EDGE('',*,*,#7218,.T.);
#10466=ORIENTED_EDGE('',*,*,#7110,.F.);
#10467=ORIENTED_EDGE('',*,*,#7217,.F.);
#10468=ORIENTED_EDGE('',*,*,#6048,.T.);
#10469=ORIENTED_EDGE('',*,*,#6432,.T.);
#10470=ORIENTED_EDGE('',*,*,#7111,.F.);
#10471=ORIENTED_EDGE('',*,*,#7218,.F.);
#10472=ORIENTED_EDGE('',*,*,#6065,.T.);
#10473=ORIENTED_EDGE('',*,*,#7219,.T.);
#10474=ORIENTED_EDGE('',*,*,#6994,.F.);
#10475=ORIENTED_EDGE('',*,*,#6454,.F.);
#10476=ORIENTED_EDGE('',*,*,#6064,.T.);
#10477=ORIENTED_EDGE('',*,*,#7220,.T.);
#10478=ORIENTED_EDGE('',*,*,#6995,.F.);
#10479=ORIENTED_EDGE('',*,*,#7219,.F.);
#10480=ORIENTED_EDGE('',*,*,#6063,.T.);
#10481=ORIENTED_EDGE('',*,*,#7221,.T.);
#10482=ORIENTED_EDGE('',*,*,#6996,.F.);
#10483=ORIENTED_EDGE('',*,*,#7220,.F.);
#10484=ORIENTED_EDGE('',*,*,#6062,.T.);
#10485=ORIENTED_EDGE('',*,*,#7222,.T.);
#10486=ORIENTED_EDGE('',*,*,#6997,.F.);
#10487=ORIENTED_EDGE('',*,*,#7221,.F.);
#10488=ORIENTED_EDGE('',*,*,#6061,.T.);
#10489=ORIENTED_EDGE('',*,*,#7223,.T.);
#10490=ORIENTED_EDGE('',*,*,#6998,.F.);
#10491=ORIENTED_EDGE('',*,*,#7222,.F.);
#10492=ORIENTED_EDGE('',*,*,#6060,.T.);
#10493=ORIENTED_EDGE('',*,*,#6445,.T.);
#10494=ORIENTED_EDGE('',*,*,#6999,.F.);
#10495=ORIENTED_EDGE('',*,*,#7223,.F.);
#10496=ORIENTED_EDGE('',*,*,#6077,.T.);
#10497=ORIENTED_EDGE('',*,*,#7224,.T.);
#10498=ORIENTED_EDGE('',*,*,#6976,.F.);
#10499=ORIENTED_EDGE('',*,*,#6467,.F.);
#10500=ORIENTED_EDGE('',*,*,#6076,.T.);
#10501=ORIENTED_EDGE('',*,*,#7225,.T.);
#10502=ORIENTED_EDGE('',*,*,#6977,.F.);
#10503=ORIENTED_EDGE('',*,*,#7224,.F.);
#10504=ORIENTED_EDGE('',*,*,#6075,.T.);
#10505=ORIENTED_EDGE('',*,*,#6893,.T.);
#10506=ORIENTED_EDGE('',*,*,#6978,.F.);
#10507=ORIENTED_EDGE('',*,*,#7225,.F.);
#10508=ORIENTED_EDGE('',*,*,#5990,.T.);
#10509=ORIENTED_EDGE('',*,*,#7226,.T.);
#10510=ORIENTED_EDGE('',*,*,#6805,.T.);
#10511=ORIENTED_EDGE('',*,*,#7226,.F.);
#10512=ORIENTED_EDGE('',*,*,#6091,.T.);
#10513=ORIENTED_EDGE('',*,*,#7227,.T.);
#10514=ORIENTED_EDGE('',*,*,#6806,.T.);
#10515=ORIENTED_EDGE('',*,*,#7227,.F.);
#10516=ORIENTED_EDGE('',*,*,#6090,.T.);
#10517=ORIENTED_EDGE('',*,*,#7228,.T.);
#10518=ORIENTED_EDGE('',*,*,#6807,.T.);
#10519=ORIENTED_EDGE('',*,*,#7228,.F.);
#10520=ORIENTED_EDGE('',*,*,#6089,.T.);
#10521=ORIENTED_EDGE('',*,*,#7229,.T.);
#10522=ORIENTED_EDGE('',*,*,#6797,.T.);
#10523=ORIENTED_EDGE('',*,*,#6478,.F.);
#10524=ORIENTED_EDGE('',*,*,#6088,.T.);
#10525=ORIENTED_EDGE('',*,*,#7230,.T.);
#10526=ORIENTED_EDGE('',*,*,#6798,.T.);
#10527=ORIENTED_EDGE('',*,*,#7229,.F.);
#10528=ORIENTED_EDGE('',*,*,#6087,.T.);
#10529=ORIENTED_EDGE('',*,*,#7231,.T.);
#10530=ORIENTED_EDGE('',*,*,#6799,.T.);
#10531=ORIENTED_EDGE('',*,*,#7230,.F.);
#10532=ORIENTED_EDGE('',*,*,#6086,.T.);
#10533=ORIENTED_EDGE('',*,*,#6471,.T.);
#10534=ORIENTED_EDGE('',*,*,#6800,.T.);
#10535=ORIENTED_EDGE('',*,*,#7231,.F.);
#10536=ORIENTED_EDGE('',*,*,#5581,.F.);
#10537=ORIENTED_EDGE('',*,*,#6985,.T.);
#10538=ORIENTED_EDGE('',*,*,#5599,.F.);
#10539=ORIENTED_EDGE('',*,*,#5751,.T.);
#10540=ORIENTED_EDGE('',*,*,#5689,.F.);
#10541=ORIENTED_EDGE('',*,*,#6984,.T.);
#10542=ORIENTED_EDGE('',*,*,#5707,.F.);
#10543=ORIENTED_EDGE('',*,*,#5795,.T.);
#10544=ORIENTED_EDGE('',*,*,#5701,.F.);
#10545=ORIENTED_EDGE('',*,*,#6983,.T.);
#10546=ORIENTED_EDGE('',*,*,#5732,.F.);
#10547=ORIENTED_EDGE('',*,*,#5793,.T.);
#10548=ORIENTED_EDGE('',*,*,#5695,.F.);
#10549=ORIENTED_EDGE('',*,*,#6415,.T.);
#10550=ORIENTED_EDGE('',*,*,#5925,.F.);
#10551=ORIENTED_EDGE('',*,*,#7232,.F.);
#10552=ORIENTED_EDGE('',*,*,#7233,.F.);
#10553=ORIENTED_EDGE('',*,*,#7234,.F.);
#10554=ORIENTED_EDGE('',*,*,#7235,.F.);
#10555=ORIENTED_EDGE('',*,*,#7236,.F.);
#10556=ORIENTED_EDGE('',*,*,#7237,.F.);
#10557=ORIENTED_EDGE('',*,*,#7238,.F.);
#10558=ORIENTED_EDGE('',*,*,#7239,.F.);
#10559=ORIENTED_EDGE('',*,*,#7240,.F.);
#10560=ORIENTED_EDGE('',*,*,#7241,.F.);
#10561=ORIENTED_EDGE('',*,*,#7242,.F.);
#10562=ORIENTED_EDGE('',*,*,#7243,.F.);
#10563=ORIENTED_EDGE('',*,*,#7244,.F.);
#10564=ORIENTED_EDGE('',*,*,#7245,.F.);
#10565=ORIENTED_EDGE('',*,*,#7246,.F.);
#10566=ORIENTED_EDGE('',*,*,#7247,.F.);
#10567=ORIENTED_EDGE('',*,*,#7248,.F.);
#10568=ORIENTED_EDGE('',*,*,#7249,.F.);
#10569=ORIENTED_EDGE('',*,*,#5862,.F.);
#10570=ORIENTED_EDGE('',*,*,#5865,.F.);
#10571=ORIENTED_EDGE('',*,*,#5869,.F.);
#10572=ORIENTED_EDGE('',*,*,#6811,.T.);
#10573=ORIENTED_EDGE('',*,*,#7250,.T.);
#10574=ORIENTED_EDGE('',*,*,#7251,.T.);
#10575=ORIENTED_EDGE('',*,*,#6825,.T.);
#10576=ORIENTED_EDGE('',*,*,#7252,.T.);
#10577=ORIENTED_EDGE('',*,*,#6897,.T.);
#10578=ORIENTED_EDGE('',*,*,#7253,.T.);
#10579=ORIENTED_EDGE('',*,*,#6815,.T.);
#10580=ORIENTED_EDGE('',*,*,#6819,.F.);
#10581=ORIENTED_EDGE('',*,*,#6822,.T.);
#10582=ORIENTED_EDGE('',*,*,#7254,.T.);
#10583=ORIENTED_EDGE('',*,*,#6975,.T.);
#10584=ORIENTED_EDGE('',*,*,#6816,.F.);
#10585=ORIENTED_EDGE('',*,*,#7253,.F.);
#10586=ORIENTED_EDGE('',*,*,#6896,.T.);
#10587=ORIENTED_EDGE('',*,*,#6898,.F.);
#10588=ORIENTED_EDGE('',*,*,#7252,.F.);
#10589=ORIENTED_EDGE('',*,*,#6824,.T.);
#10590=ORIENTED_EDGE('',*,*,#6979,.T.);
#10591=ORIENTED_EDGE('',*,*,#6894,.T.);
#10592=ORIENTED_EDGE('',*,*,#7200,.T.);
#10593=ORIENTED_EDGE('',*,*,#6826,.F.);
#10594=ORIENTED_EDGE('',*,*,#7251,.F.);
#10595=ORIENTED_EDGE('',*,*,#7255,.T.);
#10596=ORIENTED_EDGE('',*,*,#6980,.T.);
#10597=ORIENTED_EDGE('',*,*,#6161,.T.);
#10598=ORIENTED_EDGE('',*,*,#6929,.F.);
#10599=ORIENTED_EDGE('',*,*,#6981,.T.);
#10600=ORIENTED_EDGE('',*,*,#7255,.F.);
#10601=ORIENTED_EDGE('',*,*,#7250,.F.);
#10602=ORIENTED_EDGE('',*,*,#6810,.T.);
#10603=ORIENTED_EDGE('',*,*,#6283,.T.);
#10604=ORIENTED_EDGE('',*,*,#6937,.F.);
#10605=ORIENTED_EDGE('',*,*,#6962,.T.);
#10606=ORIENTED_EDGE('',*,*,#6940,.F.);
#10607=ORIENTED_EDGE('',*,*,#7113,.F.);
#10608=ORIENTED_EDGE('',*,*,#6697,.T.);
#10609=ORIENTED_EDGE('',*,*,#6830,.F.);
#10610=ORIENTED_EDGE('',*,*,#7112,.F.);
#10611=ORIENTED_EDGE('',*,*,#6833,.T.);
#10612=ORIENTED_EDGE('',*,*,#6969,.T.);
#10613=ORIENTED_EDGE('',*,*,#6974,.T.);
#10614=ORIENTED_EDGE('',*,*,#6416,.F.);
#10615=ORIENTED_EDGE('',*,*,#7254,.F.);
#10616=ORIENTED_EDGE('',*,*,#6821,.T.);
#10617=ORIENTED_EDGE('',*,*,#5807,.F.);
#10618=ORIENTED_EDGE('',*,*,#7256,.F.);
#10619=ORIENTED_EDGE('',*,*,#7234,.T.);
#10620=ORIENTED_EDGE('',*,*,#7257,.T.);
#10621=ORIENTED_EDGE('',*,*,#5836,.F.);
#10622=ORIENTED_EDGE('',*,*,#7257,.F.);
#10623=ORIENTED_EDGE('',*,*,#7233,.T.);
#10624=ORIENTED_EDGE('',*,*,#7258,.T.);
#10625=ORIENTED_EDGE('',*,*,#5835,.F.);
#10626=ORIENTED_EDGE('',*,*,#7258,.F.);
#10627=ORIENTED_EDGE('',*,*,#7232,.T.);
#10628=ORIENTED_EDGE('',*,*,#5924,.T.);
#10629=ORIENTED_EDGE('',*,*,#6080,.T.);
#10630=ORIENTED_EDGE('',*,*,#7259,.T.);
#10631=ORIENTED_EDGE('',*,*,#6802,.T.);
#10632=ORIENTED_EDGE('',*,*,#7259,.F.);
#10633=ORIENTED_EDGE('',*,*,#6079,.T.);
#10634=ORIENTED_EDGE('',*,*,#7260,.T.);
#10635=ORIENTED_EDGE('',*,*,#6803,.T.);
#10636=ORIENTED_EDGE('',*,*,#7260,.F.);
#10637=ORIENTED_EDGE('',*,*,#6078,.T.);
#10638=ORIENTED_EDGE('',*,*,#7261,.T.);
#10639=ORIENTED_EDGE('',*,*,#6804,.T.);
#10640=ORIENTED_EDGE('',*,*,#7261,.F.);
#10641=ORIENTED_EDGE('',*,*,#5989,.T.);
#10642=ORIENTED_EDGE('',*,*,#7262,.T.);
#10643=ORIENTED_EDGE('',*,*,#6801,.T.);
#10644=ORIENTED_EDGE('',*,*,#7262,.F.);
#10645=ORIENTED_EDGE('',*,*,#5838,.F.);
#10646=ORIENTED_EDGE('',*,*,#7263,.F.);
#10647=ORIENTED_EDGE('',*,*,#7235,.T.);
#10648=ORIENTED_EDGE('',*,*,#7256,.T.);
#10649=ORIENTED_EDGE('',*,*,#5840,.F.);
#10650=ORIENTED_EDGE('',*,*,#7264,.F.);
#10651=ORIENTED_EDGE('',*,*,#7236,.T.);
#10652=ORIENTED_EDGE('',*,*,#7263,.T.);
#10653=ORIENTED_EDGE('',*,*,#5841,.F.);
#10654=ORIENTED_EDGE('',*,*,#7265,.F.);
#10655=ORIENTED_EDGE('',*,*,#7237,.T.);
#10656=ORIENTED_EDGE('',*,*,#7264,.T.);
#10657=ORIENTED_EDGE('',*,*,#5804,.F.);
#10658=ORIENTED_EDGE('',*,*,#7266,.F.);
#10659=ORIENTED_EDGE('',*,*,#7238,.T.);
#10660=ORIENTED_EDGE('',*,*,#7265,.T.);
#10661=ORIENTED_EDGE('',*,*,#5843,.F.);
#10662=ORIENTED_EDGE('',*,*,#7267,.F.);
#10663=ORIENTED_EDGE('',*,*,#7239,.T.);
#10664=ORIENTED_EDGE('',*,*,#7266,.T.);
#10665=ORIENTED_EDGE('',*,*,#5845,.F.);
#10666=ORIENTED_EDGE('',*,*,#7268,.F.);
#10667=ORIENTED_EDGE('',*,*,#7240,.T.);
#10668=ORIENTED_EDGE('',*,*,#7267,.T.);
#10669=ORIENTED_EDGE('',*,*,#5847,.F.);
#10670=ORIENTED_EDGE('',*,*,#7269,.F.);
#10671=ORIENTED_EDGE('',*,*,#7241,.T.);
#10672=ORIENTED_EDGE('',*,*,#7268,.T.);
#10673=ORIENTED_EDGE('',*,*,#5849,.F.);
#10674=ORIENTED_EDGE('',*,*,#7270,.F.);
#10675=ORIENTED_EDGE('',*,*,#7242,.T.);
#10676=ORIENTED_EDGE('',*,*,#7269,.T.);
#10677=ORIENTED_EDGE('',*,*,#5850,.F.);
#10678=ORIENTED_EDGE('',*,*,#7271,.F.);
#10679=ORIENTED_EDGE('',*,*,#7243,.T.);
#10680=ORIENTED_EDGE('',*,*,#7270,.T.);
#10681=ORIENTED_EDGE('',*,*,#5801,.F.);
#10682=ORIENTED_EDGE('',*,*,#7272,.F.);
#10683=ORIENTED_EDGE('',*,*,#7244,.T.);
#10684=ORIENTED_EDGE('',*,*,#7271,.T.);
#10685=ORIENTED_EDGE('',*,*,#5852,.F.);
#10686=ORIENTED_EDGE('',*,*,#7273,.F.);
#10687=ORIENTED_EDGE('',*,*,#7245,.T.);
#10688=ORIENTED_EDGE('',*,*,#7272,.T.);
#10689=ORIENTED_EDGE('',*,*,#5854,.F.);
#10690=ORIENTED_EDGE('',*,*,#7274,.F.);
#10691=ORIENTED_EDGE('',*,*,#7246,.T.);
#10692=ORIENTED_EDGE('',*,*,#7273,.T.);
#10693=ORIENTED_EDGE('',*,*,#5855,.F.);
#10694=ORIENTED_EDGE('',*,*,#7275,.F.);
#10695=ORIENTED_EDGE('',*,*,#7247,.T.);
#10696=ORIENTED_EDGE('',*,*,#7274,.T.);
#10697=ORIENTED_EDGE('',*,*,#5798,.F.);
#10698=ORIENTED_EDGE('',*,*,#7276,.F.);
#10699=ORIENTED_EDGE('',*,*,#7248,.T.);
#10700=ORIENTED_EDGE('',*,*,#7275,.T.);
#10701=ORIENTED_EDGE('',*,*,#5857,.F.);
#10702=ORIENTED_EDGE('',*,*,#5863,.F.);
#10703=ORIENTED_EDGE('',*,*,#7249,.T.);
#10704=ORIENTED_EDGE('',*,*,#7276,.T.);
#10705=CYLINDRICAL_SURFACE('',#11661,0.5);
#10706=CYLINDRICAL_SURFACE('',#11667,0.5);
#10707=CYLINDRICAL_SURFACE('',#11673,0.5);
#10708=CYLINDRICAL_SURFACE('',#11679,0.5);
#10709=CYLINDRICAL_SURFACE('',#11685,0.5);
#10710=CYLINDRICAL_SURFACE('',#11690,0.5);
#10711=CYLINDRICAL_SURFACE('',#11696,0.5);
#10712=CYLINDRICAL_SURFACE('',#11703,0.5);
#10713=CYLINDRICAL_SURFACE('',#11727,1.);
#10714=CYLINDRICAL_SURFACE('',#11730,1.);
#10715=CYLINDRICAL_SURFACE('',#11735,0.5);
#10716=CYLINDRICAL_SURFACE('',#11738,0.5);
#10717=CYLINDRICAL_SURFACE('',#11744,0.5);
#10718=CYLINDRICAL_SURFACE('',#11751,0.5);
#10719=CYLINDRICAL_SURFACE('',#11757,0.5);
#10720=CYLINDRICAL_SURFACE('',#11762,0.5);
#10721=CYLINDRICAL_SURFACE('',#11768,0.5);
#10722=CYLINDRICAL_SURFACE('',#11770,0.5);
#10723=CYLINDRICAL_SURFACE('',#11779,0.5);
#10724=CYLINDRICAL_SURFACE('',#11781,1.);
#10725=CYLINDRICAL_SURFACE('',#11784,3.1);
#10726=CYLINDRICAL_SURFACE('',#11790,0.5);
#10727=CYLINDRICAL_SURFACE('',#11795,1.);
#10728=CYLINDRICAL_SURFACE('',#11798,1.);
#10729=CYLINDRICAL_SURFACE('',#11801,1.);
#10730=CYLINDRICAL_SURFACE('',#11804,1.);
#10731=CYLINDRICAL_SURFACE('',#11806,1.);
#10732=CYLINDRICAL_SURFACE('',#11810,1.);
#10733=CYLINDRICAL_SURFACE('',#11814,1.);
#10734=CYLINDRICAL_SURFACE('',#11821,1.);
#10735=CYLINDRICAL_SURFACE('',#11825,1.);
#10736=CYLINDRICAL_SURFACE('',#11830,1.);
#10737=CYLINDRICAL_SURFACE('',#11834,1.);
#10738=CYLINDRICAL_SURFACE('',#11838,1.);
#10739=CYLINDRICAL_SURFACE('',#11869,0.5);
#10740=CYLINDRICAL_SURFACE('',#11874,0.5);
#10741=CYLINDRICAL_SURFACE('',#11875,0.5);
#10742=CYLINDRICAL_SURFACE('',#11880,0.5);
#10743=CYLINDRICAL_SURFACE('',#11881,0.5);
#10744=CYLINDRICAL_SURFACE('',#11886,0.5);
#10745=CYLINDRICAL_SURFACE('',#11891,0.5);
#10746=CYLINDRICAL_SURFACE('',#11892,0.5);
#10747=CYLINDRICAL_SURFACE('',#11897,0.5);
#10748=CYLINDRICAL_SURFACE('',#11898,0.5);
#10749=CYLINDRICAL_SURFACE('',#11903,0.5);
#10750=CYLINDRICAL_SURFACE('',#11908,0.5);
#10751=CYLINDRICAL_SURFACE('',#11909,0.5);
#10752=CYLINDRICAL_SURFACE('',#11914,0.5);
#10753=CYLINDRICAL_SURFACE('',#11915,0.5);
#10754=CYLINDRICAL_SURFACE('',#11920,0.5);
#10755=CYLINDRICAL_SURFACE('',#11921,0.600000000000004);
#10756=CYLINDRICAL_SURFACE('',#11924,0.399999999999997);
#10757=CYLINDRICAL_SURFACE('',#11929,3.09999999999998);
#10758=CYLINDRICAL_SURFACE('',#11933,3.10000000000004);
#10759=CYLINDRICAL_SURFACE('',#11936,3.1);
#10760=CYLINDRICAL_SURFACE('',#11940,3.10000000000015);
#10761=CYLINDRICAL_SURFACE('',#11944,3.1);
#10762=CYLINDRICAL_SURFACE('',#11947,3.10000000000001);
#10763=CYLINDRICAL_SURFACE('',#11950,0.600000000000012);
#10764=CYLINDRICAL_SURFACE('',#11953,0.599999999999994);
#10765=CYLINDRICAL_SURFACE('',#11956,0.399999999999725);
#10766=CYLINDRICAL_SURFACE('',#11959,0.600000000000138);
#10767=CYLINDRICAL_SURFACE('',#11962,0.400000000000036);
#10768=CYLINDRICAL_SURFACE('',#11965,0.599999999999996);
#10769=CYLINDRICAL_SURFACE('',#11968,0.600000000000003);
#10770=CYLINDRICAL_SURFACE('',#12010,3.1);
#10771=CYLINDRICAL_SURFACE('',#12236,2.);
#10772=CYLINDRICAL_SURFACE('',#12238,4.50000000000006);
#10773=CYLINDRICAL_SURFACE('',#12241,4.50000000000008);
#10774=CYLINDRICAL_SURFACE('',#12244,4.50000000000012);
#10775=CYLINDRICAL_SURFACE('',#12246,2.);
#10776=CYLINDRICAL_SURFACE('',#12248,4.);
#10777=CYLINDRICAL_SURFACE('',#12250,4.50000000000002);
#10778=CYLINDRICAL_SURFACE('',#12253,4.50000000000014);
#10779=CYLINDRICAL_SURFACE('',#12256,4.50000000000005);
#10780=CYLINDRICAL_SURFACE('',#12258,2.);
#10781=CYLINDRICAL_SURFACE('',#12260,4.);
#10782=CYLINDRICAL_SURFACE('',#12263,2.00000000000001);
#10783=CYLINDRICAL_SURFACE('',#12267,4.49999999999998);
#10784=CYLINDRICAL_SURFACE('',#12270,4.50000000000005);
#10785=CYLINDRICAL_SURFACE('',#12273,4.50000000000014);
#10786=CYLINDRICAL_SURFACE('',#12276,4.49999999999999);
#10787=CYLINDRICAL_SURFACE('',#12279,4.49999999999997);
#10788=CYLINDRICAL_SURFACE('',#12282,4.50000000000006);
#10789=CYLINDRICAL_SURFACE('',#12285,4.5000000000001);
#10790=CYLINDRICAL_SURFACE('',#12288,4.50000000000001);
#10791=CYLINDRICAL_SURFACE('',#12291,4.50000000000002);
#10792=CYLINDRICAL_SURFACE('',#12294,2.);
#10793=CYLINDRICAL_SURFACE('',#12297,4.49999999999999);
#10794=CYLINDRICAL_SURFACE('',#12300,4.49999999999997);
#10795=CYLINDRICAL_SURFACE('',#12304,0.199999999999978);
#10796=CYLINDRICAL_SURFACE('',#12308,0.199999999999992);
#10797=CYLINDRICAL_SURFACE('',#12310,4.49999999999999);
#10798=CYLINDRICAL_SURFACE('',#12313,4.49999999999997);
#10799=CYLINDRICAL_SURFACE('',#12316,4.50000000000006);
#10800=CYLINDRICAL_SURFACE('',#12319,4.50000000000003);
#10801=CYLINDRICAL_SURFACE('',#12322,4.49999999999999);
#10802=CYLINDRICAL_SURFACE('',#12325,4.49999999999997);
#10803=CYLINDRICAL_SURFACE('',#12329,4.49999999999997);
#10804=CYLINDRICAL_SURFACE('',#12332,4.50000000000006);
#10805=CYLINDRICAL_SURFACE('',#12335,4.50000000000008);
#10806=CYLINDRICAL_SURFACE('',#12338,2.);
#10807=CYLINDRICAL_SURFACE('',#12340,4.);
#10808=CYLINDRICAL_SURFACE('',#12342,2.00000000000001);
#10809=CYLINDRICAL_SURFACE('',#12344,10.5);
#10810=CYLINDRICAL_SURFACE('',#12346,1.99999999999999);
#10811=CYLINDRICAL_SURFACE('',#12348,4.50000000000012);
#10812=CYLINDRICAL_SURFACE('',#12351,4.49999999999996);
#10813=CYLINDRICAL_SURFACE('',#12353,2.);
#10814=CYLINDRICAL_SURFACE('',#12355,3.99999999999999);
#10815=CYLINDRICAL_SURFACE('',#12357,2.);
#10816=CYLINDRICAL_SURFACE('',#12360,4.50000000000008);
#10817=CYLINDRICAL_SURFACE('',#12362,4.49999999999997);
#10818=CYLINDRICAL_SURFACE('',#12365,4.50000000000006);
#10819=CYLINDRICAL_SURFACE('',#12367,2.);
#10820=CYLINDRICAL_SURFACE('',#12369,10.5);
#10821=CYLINDRICAL_SURFACE('',#12372,4.49999999999997);
#10822=CYLINDRICAL_SURFACE('',#12374,2.);
#10823=CYLINDRICAL_SURFACE('',#12377,2.);
#10824=CYLINDRICAL_SURFACE('',#12380,4.50000000000014);
#10825=CYLINDRICAL_SURFACE('',#12383,4.50000000000005);
#10826=CYLINDRICAL_SURFACE('',#12386,4.50000000000005);
#10827=CYLINDRICAL_SURFACE('',#12390,4.50000000000003);
#10828=CYLINDRICAL_SURFACE('',#12393,4.49999999999999);
#10829=CYLINDRICAL_SURFACE('',#12396,4.49999999999997);
#10830=CYLINDRICAL_SURFACE('',#12399,4.50000000000014);
#10831=CYLINDRICAL_SURFACE('',#12402,4.50000000000005);
#10832=CYLINDRICAL_SURFACE('',#12405,4.50000000000005);
#10833=CYLINDRICAL_SURFACE('',#12408,4.50000000000003);
#10834=CYLINDRICAL_SURFACE('',#12411,4.49999999999999);
#10835=CYLINDRICAL_SURFACE('',#12414,4.49999999999997);
#10836=CYLINDRICAL_SURFACE('',#12418,4.49999999999998);
#10837=CYLINDRICAL_SURFACE('',#12420,2.);
#10838=CYLINDRICAL_SURFACE('',#12422,4.);
#10839=CYLINDRICAL_SURFACE('',#12424,2.);
#10840=CYLINDRICAL_SURFACE('',#12426,4.50000000000006);
#10841=CYLINDRICAL_SURFACE('',#12429,4.5000000000001);
#10842=CYLINDRICAL_SURFACE('',#12432,4.50000000000002);
#10843=CYLINDRICAL_SURFACE('',#12435,4.50000000000003);
#10844=CYLINDRICAL_SURFACE('',#12438,4.50000000000001);
#10845=CYLINDRICAL_SURFACE('',#12441,4.50000000000002);
#10846=CYLINDRICAL_SURFACE('',#12444,4.50000000000014);
#10847=CYLINDRICAL_SURFACE('',#12447,4.50000000000013);
#10848=CYLINDRICAL_SURFACE('',#12450,2.);
#10849=CYLINDRICAL_SURFACE('',#12452,2.);
#10850=CYLINDRICAL_SURFACE('',#12454,4.50000000000005);
#10851=CYLINDRICAL_SURFACE('',#12457,4.49999999999999);
#10852=CYLINDRICAL_SURFACE('',#12460,4.50000000000003);
#10853=CYLINDRICAL_SURFACE('',#12463,2.00000000000001);
#10854=CYLINDRICAL_SURFACE('',#12466,4.50000000000008);
#10855=CYLINDRICAL_SURFACE('',#12469,4.49999999999999);
#10856=CYLINDRICAL_SURFACE('',#12472,2.);
#10857=CYLINDRICAL_SURFACE('',#12474,3.99999999999999);
#10858=CYLINDRICAL_SURFACE('',#12477,2.);
#10859=CYLINDRICAL_SURFACE('',#12480,4.50000000000006);
#10860=CYLINDRICAL_SURFACE('',#12484,2.);
#10861=CYLINDRICAL_SURFACE('',#12487,4.50000000000003);
#10862=CYLINDRICAL_SURFACE('',#12491,2.);
#10863=CYLINDRICAL_SURFACE('',#12494,4.50000000000003);
#10864=CYLINDRICAL_SURFACE('',#12498,2.);
#10865=CYLINDRICAL_SURFACE('',#12501,4.50000000000006);
#10866=CYLINDRICAL_SURFACE('',#12505,4.50000000000003);
#10867=CYLINDRICAL_SURFACE('',#12508,1.99999999999999);
#10868=CYLINDRICAL_SURFACE('',#12511,4.50000000000003);
#10869=CYLINDRICAL_SURFACE('',#12514,4.50000000000014);
#10870=CYLINDRICAL_SURFACE('',#12517,4.50000000000005);
#10871=CYLINDRICAL_SURFACE('',#12519,4.49999999999997);
#10872=CYLINDRICAL_SURFACE('',#12522,4.50000000000006);
#10873=CYLINDRICAL_SURFACE('',#12525,4.50000000000008);
#10874=CYLINDRICAL_SURFACE('',#12529,3.1);
#10875=CYLINDRICAL_SURFACE('',#12531,3.09999999999999);
#10876=CYLINDRICAL_SURFACE('',#12533,3.1);
#10877=CYLINDRICAL_SURFACE('',#12551,2.);
#10878=CYLINDRICAL_SURFACE('',#12555,2.);
#10879=CYLINDRICAL_SURFACE('',#12567,2.5);
#10880=CYLINDRICAL_SURFACE('',#12571,1.05);
#10881=CYLINDRICAL_SURFACE('',#12577,2.5);
#10882=CYLINDRICAL_SURFACE('',#12581,1.05);
#10883=CYLINDRICAL_SURFACE('',#12587,2.5);
#10884=CYLINDRICAL_SURFACE('',#12591,1.05);
#10885=CYLINDRICAL_SURFACE('',#12597,1.05);
#10886=CYLINDRICAL_SURFACE('',#12600,2.5);
#10887=CYLINDRICAL_SURFACE('',#12607,2.5);
#10888=CYLINDRICAL_SURFACE('',#12611,1.05);
#10889=CYLINDRICAL_SURFACE('',#12612,0.5);
#10890=CYLINDRICAL_SURFACE('',#12615,2.);
#10891=CYLINDRICAL_SURFACE('',#12618,2.);
#10892=CYLINDRICAL_SURFACE('',#12625,2.);
#10893=CYLINDRICAL_SURFACE('',#12628,2.);
#10894=CYLINDRICAL_SURFACE('',#12630,4.);
#10895=CYLINDRICAL_SURFACE('',#12632,2.);
#10896=CYLINDRICAL_SURFACE('',#12634,2.);
#10897=CYLINDRICAL_SURFACE('',#12636,2.);
#10898=CYLINDRICAL_SURFACE('',#12638,2.);
#10899=CYLINDRICAL_SURFACE('',#12640,2.00000000000001);
#10900=CYLINDRICAL_SURFACE('',#12643,2.);
#10901=CYLINDRICAL_SURFACE('',#12645,4.50000000000003);
#10902=CYLINDRICAL_SURFACE('',#12647,2.);
#10903=CYLINDRICAL_SURFACE('',#12649,1.99999999999999);
#10904=CYLINDRICAL_SURFACE('',#12651,4.49999999999999);
#10905=CYLINDRICAL_SURFACE('',#12653,2.);
#10906=CYLINDRICAL_SURFACE('',#12655,10.5);
#10907=CYLINDRICAL_SURFACE('',#12657,1.99999999999999);
#10908=CYLINDRICAL_SURFACE('',#12660,2.);
#10909=CYLINDRICAL_SURFACE('',#12662,4.50000000000008);
#10910=CYLINDRICAL_SURFACE('',#12664,2.);
#10911=CYLINDRICAL_SURFACE('',#12667,2.);
#10912=CYLINDRICAL_SURFACE('',#12670,2.);
#10913=CYLINDRICAL_SURFACE('',#12672,2.);
#10914=CYLINDRICAL_SURFACE('',#12674,1.5);
#10915=CYLINDRICAL_SURFACE('',#12760,4.49999999999998);
#10916=CYLINDRICAL_SURFACE('',#12761,4.49999999999999);
#10917=CYLINDRICAL_SURFACE('',#12763,4.50000000000003);
#10918=CYLINDRICAL_SURFACE('',#12765,4.49999999999999);
#10919=CYLINDRICAL_SURFACE('',#12768,4.50000000000005);
#10920=CYLINDRICAL_SURFACE('',#12770,4.5000000000001);
#10921=CYLINDRICAL_SURFACE('',#12772,4.50000000000002);
#10922=CYLINDRICAL_SURFACE('',#12773,4.49999999999999);
#10923=CYLINDRICAL_SURFACE('',#12774,4.50000000000008);
#10924=CYLINDRICAL_SURFACE('',#12776,4.49999999999999);
#10925=CYLINDRICAL_SURFACE('',#12778,4.49999999999999);
#10926=CYLINDRICAL_SURFACE('',#12780,4.49999999999997);
#10927=CYLINDRICAL_SURFACE('',#12782,4.49999999999999);
#10928=CYLINDRICAL_SURFACE('',#12784,4.49999999999997);
#10929=CYLINDRICAL_SURFACE('',#12786,4.50000000000008);
#10930=CYLINDRICAL_SURFACE('',#12788,4.49999999999999);
#10931=CYLINDRICAL_SURFACE('',#12790,4.49999999999997);
#10932=CYLINDRICAL_SURFACE('',#12792,4.50000000000006);
#10933=CYLINDRICAL_SURFACE('',#12794,4.5000000000001);
#10934=CYLINDRICAL_SURFACE('',#12796,4.50000000000001);
#10935=CYLINDRICAL_SURFACE('',#12798,4.50000000000002);
#10936=CYLINDRICAL_SURFACE('',#12800,4.50000000000005);
#10937=CYLINDRICAL_SURFACE('',#12802,4.50000000000005);
#10938=CYLINDRICAL_SURFACE('',#12804,4.5000000000001);
#10939=CYLINDRICAL_SURFACE('',#12806,4.50000000000014);
#10940=CYLINDRICAL_SURFACE('',#12808,4.50000000000005);
#10941=CYLINDRICAL_SURFACE('',#12810,4.50000000000005);
#10942=CYLINDRICAL_SURFACE('',#12812,4.50000000000009);
#10943=CYLINDRICAL_SURFACE('',#12814,4.50000000000012);
#10944=CYLINDRICAL_SURFACE('',#12816,4.49999999999996);
#10945=CYLINDRICAL_SURFACE('',#12818,4.50000000000009);
#10946=CYLINDRICAL_SURFACE('',#12819,4.50000000000006);
#10947=CYLINDRICAL_SURFACE('',#12821,4.50000000000008);
#10948=CYLINDRICAL_SURFACE('',#12823,4.49999999999999);
#10949=CYLINDRICAL_SURFACE('',#12825,4.5000000000001);
#10950=CYLINDRICAL_SURFACE('',#12827,4.50000000000002);
#10951=CYLINDRICAL_SURFACE('',#12829,4.50000000000003);
#10952=CYLINDRICAL_SURFACE('',#12831,4.);
#10953=CYLINDRICAL_SURFACE('',#12833,4.49999999999999);
#10954=CYLINDRICAL_SURFACE('',#12834,4.5000000000001);
#10955=CYLINDRICAL_SURFACE('',#12836,4.50000000000001);
#10956=CYLINDRICAL_SURFACE('',#12838,4.50000000000002);
#10957=CYLINDRICAL_SURFACE('',#12841,4.49999999999999);
#10958=CYLINDRICAL_SURFACE('',#12842,4.50000000000003);
#10959=CYLINDRICAL_SURFACE('',#12845,4.49999999999998);
#10960=CYLINDRICAL_SURFACE('',#12847,4.50000000000005);
#10961=CYLINDRICAL_SURFACE('',#12849,4.50000000000008);
#10962=CYLINDRICAL_SURFACE('',#12851,4.50000000000002);
#10963=CYLINDRICAL_SURFACE('',#12853,4.50000000000003);
#10964=CYLINDRICAL_SURFACE('',#12854,4.49999999999999);
#10965=CYLINDRICAL_SURFACE('',#12856,3.99999999999999);
#10966=CYLINDRICAL_SURFACE('',#12857,4.50000000000006);
#10967=CYLINDRICAL_SURFACE('',#12859,4.50000000000008);
#10968=CYLINDRICAL_SURFACE('',#12861,4.49999999999999);
#10969=CYLINDRICAL_SURFACE('',#12863,4.50000000000008);
#10970=CYLINDRICAL_SURFACE('',#12865,4.49999999999999);
#10971=CYLINDRICAL_SURFACE('',#12867,4.50000000000003);
#10972=CYLINDRICAL_SURFACE('',#12869,4.49999999999996);
#10973=CYLINDRICAL_SURFACE('',#12870,4.50000000000005);
#10974=CYLINDRICAL_SURFACE('',#12873,4.49999999999997);
#10975=CYLINDRICAL_SURFACE('',#12875,4.50000000000006);
#10976=CYLINDRICAL_SURFACE('',#12877,4.50000000000008);
#10977=CYLINDRICAL_SURFACE('',#12880,4.5000000000001);
#10978=CYLINDRICAL_SURFACE('',#12882,4.50000000000001);
#10979=CYLINDRICAL_SURFACE('',#12884,4.50000000000012);
#10980=CYLINDRICAL_SURFACE('',#12886,4.49999999999996);
#10981=CYLINDRICAL_SURFACE('',#12888,4.50000000000008);
#10982=CYLINDRICAL_SURFACE('',#12890,4.50000000000008);
#10983=CYLINDRICAL_SURFACE('',#12892,4.49999999999999);
#10984=CYLINDRICAL_SURFACE('',#12894,4.50000000000003);
#10985=CYLINDRICAL_SURFACE('',#12896,4.50000000000014);
#10986=CYLINDRICAL_SURFACE('',#12898,4.50000000000005);
#10987=CYLINDRICAL_SURFACE('',#12900,4.50000000000005);
#10988=CYLINDRICAL_SURFACE('',#12902,4.50000000000006);
#10989=CYLINDRICAL_SURFACE('',#12904,4.50000000000008);
#10990=CYLINDRICAL_SURFACE('',#12905,2.5);
#10991=CYLINDRICAL_SURFACE('',#12906,9.);
#10992=CYLINDRICAL_SURFACE('',#12907,9.);
#10993=CYLINDRICAL_SURFACE('',#12909,2.10000000000005);
#10994=CYLINDRICAL_SURFACE('',#12911,2.10000000000002);
#10995=CYLINDRICAL_SURFACE('',#12912,1.5);
#10996=CYLINDRICAL_SURFACE('',#12913,1.5);
#10997=CYLINDRICAL_SURFACE('',#12914,1.5);
#10998=CYLINDRICAL_SURFACE('',#12929,2.39999999999999);
#10999=CYLINDRICAL_SURFACE('',#12930,2.40000000000002);
#11000=CYLINDRICAL_SURFACE('',#12932,2.40000000000002);
#11001=CYLINDRICAL_SURFACE('',#12933,2.39999999999934);
#11002=CYLINDRICAL_SURFACE('',#12934,2.40000000000005);
#11003=CYLINDRICAL_SURFACE('',#12935,2.4);
#11004=CYLINDRICAL_SURFACE('',#12936,0.399999999999986);
#11005=CYLINDRICAL_SURFACE('',#12938,0.600000000000035);
#11006=CYLINDRICAL_SURFACE('',#12939,2.49999999999999);
#11007=CYLINDRICAL_SURFACE('',#12940,2.5);
#11008=CYLINDRICAL_SURFACE('',#12941,2.5);
#11009=CYLINDRICAL_SURFACE('',#12942,2.5);
#11010=CYLINDRICAL_SURFACE('',#12944,0.599999999999987);
#11011=CYLINDRICAL_SURFACE('',#12946,0.400000000000009);
#11012=CYLINDRICAL_SURFACE('',#12948,0.600000000000005);
#11013=CYLINDRICAL_SURFACE('',#12950,0.599999999999998);
#11014=CYLINDRICAL_SURFACE('',#12952,0.400000000000006);
#11015=CYLINDRICAL_SURFACE('',#12954,0.59999999999999);
#11016=CYLINDRICAL_SURFACE('',#12956,0.400000000000007);
#11017=ADVANCED_FACE('',(#443),#10705,.T.);
#11018=ADVANCED_FACE('',(#444),#413,.T.);
#11019=ADVANCED_FACE('',(#445),#10706,.T.);
#11020=ADVANCED_FACE('',(#446),#389,.F.);
#11021=ADVANCED_FACE('',(#447),#10707,.T.);
#11022=ADVANCED_FACE('',(#448),#414,.T.);
#11023=ADVANCED_FACE('',(#449),#10708,.T.);
#11024=ADVANCED_FACE('',(#450),#415,.T.);
#11025=ADVANCED_FACE('',(#451),#10709,.T.);
#11026=ADVANCED_FACE('',(#452),#390,.F.);
#11027=ADVANCED_FACE('',(#453),#10710,.T.);
#11028=ADVANCED_FACE('',(#454),#416,.T.);
#11029=ADVANCED_FACE('',(#455),#10711,.T.);
#11030=ADVANCED_FACE('',(#456),#385,.T.);
#11031=ADVANCED_FACE('',(#457),#386,.T.);
#11032=ADVANCED_FACE('',(#458),#136,.T.);
#11033=ADVANCED_FACE('',(#459),#10712,.T.);
#11034=ADVANCED_FACE('',(#460),#137,.T.);
#11035=ADVANCED_FACE('',(#461),#10713,.T.);
#11036=ADVANCED_FACE('',(#462),#138,.T.);
#11037=ADVANCED_FACE('',(#463),#10714,.T.);
#11038=ADVANCED_FACE('',(#464),#139,.T.);
#11039=ADVANCED_FACE('',(#465),#10715,.T.);
#11040=ADVANCED_FACE('',(#466),#140,.T.);
#11041=ADVANCED_FACE('',(#467),#10716,.T.);
#11042=ADVANCED_FACE('',(#468),#417,.T.);
#11043=ADVANCED_FACE('',(#469),#10717,.T.);
#11044=ADVANCED_FACE('',(#470),#126,.F.);
#11045=ADVANCED_FACE('',(#471),#418,.T.);
#11046=ADVANCED_FACE('',(#472),#10718,.T.);
#11047=ADVANCED_FACE('',(#473),#419,.T.);
#11048=ADVANCED_FACE('',(#474),#10719,.T.);
#11049=ADVANCED_FACE('',(#475),#391,.F.);
#11050=ADVANCED_FACE('',(#476),#10720,.T.);
#11051=ADVANCED_FACE('',(#477),#387,.T.);
#11052=ADVANCED_FACE('',(#478),#127,.F.);
#11053=ADVANCED_FACE('',(#479),#10721,.T.);
#11054=ADVANCED_FACE('',(#480),#128,.F.);
#11055=ADVANCED_FACE('',(#481),#10722,.T.);
#11056=ADVANCED_FACE('',(#482),#420,.T.);
#11057=ADVANCED_FACE('',(#483),#388,.T.);
#11058=ADVANCED_FACE('',(#484),#141,.T.);
#11059=ADVANCED_FACE('',(#485),#10723,.T.);
#11060=ADVANCED_FACE('',(#486),#10724,.T.);
#11061=ADVANCED_FACE('',(#487),#142,.T.);
#11062=ADVANCED_FACE('',(#488),#10725,.T.);
#11063=ADVANCED_FACE('',(#489),#421,.T.);
#11064=ADVANCED_FACE('',(#490),#392,.T.);
#11065=ADVANCED_FACE('',(#491),#10726,.T.);
#11066=ADVANCED_FACE('',(#492),#422,.T.);
#11067=ADVANCED_FACE('',(#493),#143,.F.);
#11068=ADVANCED_FACE('',(#494),#10727,.T.);
#11069=ADVANCED_FACE('',(#495),#10728,.T.);
#11070=ADVANCED_FACE('',(#496),#10729,.T.);
#11071=ADVANCED_FACE('',(#497),#10730,.T.);
#11072=ADVANCED_FACE('',(#498),#10731,.T.);
#11073=ADVANCED_FACE('',(#499),#423,.T.);
#11074=ADVANCED_FACE('',(#500),#10732,.T.);
#11075=ADVANCED_FACE('',(#501),#424,.T.);
#11076=ADVANCED_FACE('',(#502),#10733,.T.);
#11077=ADVANCED_FACE('',(#503),#425,.T.);
#11078=ADVANCED_FACE('',(#504),#426,.T.);
#11079=ADVANCED_FACE('',(#505),#10734,.T.);
#11080=ADVANCED_FACE('',(#506),#427,.T.);
#11081=ADVANCED_FACE('',(#507),#10735,.T.);
#11082=ADVANCED_FACE('',(#508),#428,.T.);
#11083=ADVANCED_FACE('',(#509),#10736,.T.);
#11084=ADVANCED_FACE('',(#510),#429,.T.);
#11085=ADVANCED_FACE('',(#511),#10737,.T.);
#11086=ADVANCED_FACE('',(#512),#430,.T.);
#11087=ADVANCED_FACE('',(#513),#10738,.T.);
#11088=ADVANCED_FACE('',(#514),#431,.T.);
#11089=ADVANCED_FACE('',(#515),#144,.F.);
#11090=ADVANCED_FACE('',(#516),#432,.T.);
#11091=ADVANCED_FACE('',(#517),#145,.F.);
#11092=ADVANCED_FACE('',(#518),#129,.F.);
#11093=ADVANCED_FACE('',(#519),#130,.F.);
#11094=ADVANCED_FACE('',(#520),#131,.F.);
#11095=ADVANCED_FACE('',(#521),#132,.F.);
#11096=ADVANCED_FACE('',(#522),#133,.F.);
#11097=ADVANCED_FACE('',(#523),#134,.F.);
#11098=ADVANCED_FACE('',(#524),#135,.F.);
#11099=ADVANCED_FACE('',(#525),#433,.T.);
#11100=ADVANCED_FACE('',(#526),#10739,.T.);
#11101=ADVANCED_FACE('',(#527),#434,.T.);
#11102=ADVANCED_FACE('',(#528),#10740,.T.);
#11103=ADVANCED_FACE('',(#529),#10741,.T.);
#11104=ADVANCED_FACE('',(#530),#435,.T.);
#11105=ADVANCED_FACE('',(#531),#10742,.T.);
#11106=ADVANCED_FACE('',(#532),#10743,.T.);
#11107=ADVANCED_FACE('',(#533),#436,.T.);
#11108=ADVANCED_FACE('',(#534),#10744,.T.);
#11109=ADVANCED_FACE('',(#535),#437,.T.);
#11110=ADVANCED_FACE('',(#536),#10745,.T.);
#11111=ADVANCED_FACE('',(#537),#10746,.T.);
#11112=ADVANCED_FACE('',(#538),#438,.T.);
#11113=ADVANCED_FACE('',(#539),#10747,.T.);
#11114=ADVANCED_FACE('',(#540),#10748,.T.);
#11115=ADVANCED_FACE('',(#541),#439,.T.);
#11116=ADVANCED_FACE('',(#542),#10749,.T.);
#11117=ADVANCED_FACE('',(#543),#440,.T.);
#11118=ADVANCED_FACE('',(#544),#10750,.T.);
#11119=ADVANCED_FACE('',(#545),#10751,.T.);
#11120=ADVANCED_FACE('',(#546),#441,.T.);
#11121=ADVANCED_FACE('',(#547),#10752,.T.);
#11122=ADVANCED_FACE('',(#548),#10753,.T.);
#11123=ADVANCED_FACE('',(#549),#442,.T.);
#11124=ADVANCED_FACE('',(#550),#10754,.T.);
#11125=ADVANCED_FACE('',(#551),#10755,.F.);
#11126=ADVANCED_FACE('',(#552),#146,.T.);
#11127=ADVANCED_FACE('',(#553),#10756,.T.);
#11128=ADVANCED_FACE('',(#554),#147,.T.);
#11129=ADVANCED_FACE('',(#555),#148,.T.);
#11130=ADVANCED_FACE('',(#556),#10757,.T.);
#11131=ADVANCED_FACE('',(#557),#149,.T.);
#11132=ADVANCED_FACE('',(#558),#150,.T.);
#11133=ADVANCED_FACE('',(#559),#10758,.T.);
#11134=ADVANCED_FACE('',(#560),#151,.T.);
#11135=ADVANCED_FACE('',(#561),#10759,.T.);
#11136=ADVANCED_FACE('',(#562),#152,.T.);
#11137=ADVANCED_FACE('',(#563),#153,.T.);
#11138=ADVANCED_FACE('',(#564),#10760,.T.);
#11139=ADVANCED_FACE('',(#565),#154,.T.);
#11140=ADVANCED_FACE('',(#566),#155,.T.);
#11141=ADVANCED_FACE('',(#567),#10761,.T.);
#11142=ADVANCED_FACE('',(#568),#156,.T.);
#11143=ADVANCED_FACE('',(#569),#10762,.T.);
#11144=ADVANCED_FACE('',(#570),#157,.F.);
#11145=ADVANCED_FACE('',(#571),#10763,.F.);
#11146=ADVANCED_FACE('',(#572),#158,.T.);
#11147=ADVANCED_FACE('',(#573),#10764,.F.);
#11148=ADVANCED_FACE('',(#574),#159,.T.);
#11149=ADVANCED_FACE('',(#575),#10765,.T.);
#11150=ADVANCED_FACE('',(#576),#160,.T.);
#11151=ADVANCED_FACE('',(#577),#10766,.F.);
#11152=ADVANCED_FACE('',(#578),#161,.T.);
#11153=ADVANCED_FACE('',(#579),#10767,.T.);
#11154=ADVANCED_FACE('',(#580),#162,.T.);
#11155=ADVANCED_FACE('',(#581),#10768,.F.);
#11156=ADVANCED_FACE('',(#582),#163,.T.);
#11157=ADVANCED_FACE('',(#583),#10769,.F.);
#11158=ADVANCED_FACE('',(#584),#88,.T.);
#11159=ADVANCED_FACE('',(#585),#164,.T.);
#11160=ADVANCED_FACE('',(#586),#89,.T.);
#11161=ADVANCED_FACE('',(#587),#165,.T.);
#11162=ADVANCED_FACE('',(#588),#90,.T.);
#11163=ADVANCED_FACE('',(#589),#166,.T.);
#11164=ADVANCED_FACE('',(#590),#91,.T.);
#11165=ADVANCED_FACE('',(#591),#167,.T.);
#11166=ADVANCED_FACE('',(#592),#92,.T.);
#11167=ADVANCED_FACE('',(#593),#168,.T.);
#11168=ADVANCED_FACE('',(#594),#93,.T.);
#11169=ADVANCED_FACE('',(#595),#169,.T.);
#11170=ADVANCED_FACE('',(#596),#94,.T.);
#11171=ADVANCED_FACE('',(#597),#170,.T.);
#11172=ADVANCED_FACE('',(#598),#171,.T.);
#11173=ADVANCED_FACE('',(#599),#95,.T.);
#11174=ADVANCED_FACE('',(#600),#172,.T.);
#11175=ADVANCED_FACE('',(#601),#173,.T.);
#11176=ADVANCED_FACE('',(#602),#96,.T.);
#11177=ADVANCED_FACE('',(#603),#174,.T.);
#11178=ADVANCED_FACE('',(#604),#97,.T.);
#11179=ADVANCED_FACE('',(#605),#175,.T.);
#11180=ADVANCED_FACE('',(#606),#176,.T.);
#11181=ADVANCED_FACE('',(#607),#98,.T.);
#11182=ADVANCED_FACE('',(#608),#177,.T.);
#11183=ADVANCED_FACE('',(#609),#10770,.T.);
#11184=ADVANCED_FACE('',(#610,#15,#16,#17,#18,#19,#20,#21,#22,#23,#24,#25,
#26,#27,#28,#29,#30,#31,#32,#33,#34,#35,#36,#37,#38,#39,#40,#41,#42,#43,
#44,#45,#46,#47,#48,#49,#50,#51,#52,#53),#178,.T.);
#11185=ADVANCED_FACE('',(#611),#179,.F.);
#11186=ADVANCED_FACE('',(#612),#180,.F.);
#11187=ADVANCED_FACE('',(#613),#181,.F.);
#11188=ADVANCED_FACE('',(#614),#182,.F.);
#11189=ADVANCED_FACE('',(#615),#183,.F.);
#11190=ADVANCED_FACE('',(#616),#10771,.F.);
#11191=ADVANCED_FACE('',(#617),#10772,.F.);
#11192=ADVANCED_FACE('',(#618),#184,.F.);
#11193=ADVANCED_FACE('',(#619),#10773,.F.);
#11194=ADVANCED_FACE('',(#620),#185,.F.);
#11195=ADVANCED_FACE('',(#621),#10774,.F.);
#11196=ADVANCED_FACE('',(#622),#10775,.F.);
#11197=ADVANCED_FACE('',(#623),#10776,.T.);
#11198=ADVANCED_FACE('',(#624),#10777,.F.);
#11199=ADVANCED_FACE('',(#625),#186,.F.);
#11200=ADVANCED_FACE('',(#626),#10778,.F.);
#11201=ADVANCED_FACE('',(#627),#187,.F.);
#11202=ADVANCED_FACE('',(#628),#10779,.F.);
#11203=ADVANCED_FACE('',(#629),#10780,.F.);
#11204=ADVANCED_FACE('',(#630),#10781,.T.);
#11205=ADVANCED_FACE('',(#631),#188,.F.);
#11206=ADVANCED_FACE('',(#632),#10782,.F.);
#11207=ADVANCED_FACE('',(#633),#189,.T.);
#11208=ADVANCED_FACE('',(#634),#190,.T.);
#11209=ADVANCED_FACE('',(#635),#10783,.F.);
#11210=ADVANCED_FACE('',(#636),#191,.F.);
#11211=ADVANCED_FACE('',(#637),#10784,.F.);
#11212=ADVANCED_FACE('',(#638),#192,.F.);
#11213=ADVANCED_FACE('',(#639),#10785,.F.);
#11214=ADVANCED_FACE('',(#640),#193,.F.);
#11215=ADVANCED_FACE('',(#641),#10786,.F.);
#11216=ADVANCED_FACE('',(#642),#194,.F.);
#11217=ADVANCED_FACE('',(#643),#10787,.F.);
#11218=ADVANCED_FACE('',(#644),#195,.F.);
#11219=ADVANCED_FACE('',(#645),#10788,.F.);
#11220=ADVANCED_FACE('',(#646),#196,.F.);
#11221=ADVANCED_FACE('',(#647),#10789,.F.);
#11222=ADVANCED_FACE('',(#648),#197,.F.);
#11223=ADVANCED_FACE('',(#649),#10790,.F.);
#11224=ADVANCED_FACE('',(#650),#198,.F.);
#11225=ADVANCED_FACE('',(#651),#10791,.F.);
#11226=ADVANCED_FACE('',(#652),#199,.F.);
#11227=ADVANCED_FACE('',(#653),#10792,.F.);
#11228=ADVANCED_FACE('',(#654),#200,.F.);
#11229=ADVANCED_FACE('',(#655),#10793,.F.);
#11230=ADVANCED_FACE('',(#656),#201,.F.);
#11231=ADVANCED_FACE('',(#657),#10794,.F.);
#11232=ADVANCED_FACE('',(#658),#202,.F.);
#11233=ADVANCED_FACE('',(#659),#203,.F.);
#11234=ADVANCED_FACE('',(#660),#10795,.F.);
#11235=ADVANCED_FACE('',(#661),#204,.F.);
#11236=ADVANCED_FACE('',(#662),#205,.F.);
#11237=ADVANCED_FACE('',(#663),#10796,.F.);
#11238=ADVANCED_FACE('',(#664),#10797,.F.);
#11239=ADVANCED_FACE('',(#665),#206,.F.);
#11240=ADVANCED_FACE('',(#666),#10798,.F.);
#11241=ADVANCED_FACE('',(#667),#207,.F.);
#11242=ADVANCED_FACE('',(#668),#10799,.F.);
#11243=ADVANCED_FACE('',(#669),#208,.F.);
#11244=ADVANCED_FACE('',(#670),#10800,.F.);
#11245=ADVANCED_FACE('',(#671),#209,.F.);
#11246=ADVANCED_FACE('',(#672),#10801,.F.);
#11247=ADVANCED_FACE('',(#673),#210,.F.);
#11248=ADVANCED_FACE('',(#674),#10802,.F.);
#11249=ADVANCED_FACE('',(#675),#211,.F.);
#11250=ADVANCED_FACE('',(#676),#212,.F.);
#11251=ADVANCED_FACE('',(#677),#10803,.F.);
#11252=ADVANCED_FACE('',(#678),#213,.F.);
#11253=ADVANCED_FACE('',(#679),#10804,.F.);
#11254=ADVANCED_FACE('',(#680),#214,.F.);
#11255=ADVANCED_FACE('',(#681),#10805,.F.);
#11256=ADVANCED_FACE('',(#682),#215,.F.);
#11257=ADVANCED_FACE('',(#683),#10806,.F.);
#11258=ADVANCED_FACE('',(#684),#10807,.T.);
#11259=ADVANCED_FACE('',(#685),#10808,.F.);
#11260=ADVANCED_FACE('',(#686),#10809,.T.);
#11261=ADVANCED_FACE('',(#687),#10810,.F.);
#11262=ADVANCED_FACE('',(#688),#10811,.F.);
#11263=ADVANCED_FACE('',(#689),#216,.F.);
#11264=ADVANCED_FACE('',(#690),#10812,.F.);
#11265=ADVANCED_FACE('',(#691),#10813,.F.);
#11266=ADVANCED_FACE('',(#692),#10814,.T.);
#11267=ADVANCED_FACE('',(#693),#10815,.F.);
#11268=ADVANCED_FACE('',(#694),#217,.F.);
#11269=ADVANCED_FACE('',(#695),#10816,.F.);
#11270=ADVANCED_FACE('',(#696),#10817,.F.);
#11271=ADVANCED_FACE('',(#697),#218,.F.);
#11272=ADVANCED_FACE('',(#698),#10818,.F.);
#11273=ADVANCED_FACE('',(#699),#10819,.F.);
#11274=ADVANCED_FACE('',(#700),#10820,.T.);
#11275=ADVANCED_FACE('',(#701),#219,.F.);
#11276=ADVANCED_FACE('',(#702),#10821,.F.);
#11277=ADVANCED_FACE('',(#703),#10822,.F.);
#11278=ADVANCED_FACE('',(#704),#220,.T.);
#11279=ADVANCED_FACE('',(#705),#10823,.F.);
#11280=ADVANCED_FACE('',(#706),#221,.F.);
#11281=ADVANCED_FACE('',(#707),#10824,.F.);
#11282=ADVANCED_FACE('',(#708),#222,.F.);
#11283=ADVANCED_FACE('',(#709),#10825,.F.);
#11284=ADVANCED_FACE('',(#710),#223,.F.);
#11285=ADVANCED_FACE('',(#711),#10826,.F.);
#11286=ADVANCED_FACE('',(#712),#224,.F.);
#11287=ADVANCED_FACE('',(#713),#225,.F.);
#11288=ADVANCED_FACE('',(#714),#10827,.F.);
#11289=ADVANCED_FACE('',(#715),#226,.F.);
#11290=ADVANCED_FACE('',(#716),#10828,.F.);
#11291=ADVANCED_FACE('',(#717),#227,.F.);
#11292=ADVANCED_FACE('',(#718),#10829,.F.);
#11293=ADVANCED_FACE('',(#719),#228,.F.);
#11294=ADVANCED_FACE('',(#720),#10830,.F.);
#11295=ADVANCED_FACE('',(#721),#229,.F.);
#11296=ADVANCED_FACE('',(#722),#10831,.F.);
#11297=ADVANCED_FACE('',(#723),#230,.F.);
#11298=ADVANCED_FACE('',(#724),#10832,.F.);
#11299=ADVANCED_FACE('',(#725),#231,.F.);
#11300=ADVANCED_FACE('',(#726),#10833,.F.);
#11301=ADVANCED_FACE('',(#727),#232,.F.);
#11302=ADVANCED_FACE('',(#728),#10834,.F.);
#11303=ADVANCED_FACE('',(#729),#233,.F.);
#11304=ADVANCED_FACE('',(#730),#10835,.F.);
#11305=ADVANCED_FACE('',(#731),#234,.F.);
#11306=ADVANCED_FACE('',(#732),#235,.F.);
#11307=ADVANCED_FACE('',(#733),#10836,.F.);
#11308=ADVANCED_FACE('',(#734),#10837,.F.);
#11309=ADVANCED_FACE('',(#735),#10838,.T.);
#11310=ADVANCED_FACE('',(#736),#10839,.F.);
#11311=ADVANCED_FACE('',(#737),#10840,.F.);
#11312=ADVANCED_FACE('',(#738),#236,.F.);
#11313=ADVANCED_FACE('',(#739),#10841,.F.);
#11314=ADVANCED_FACE('',(#740),#237,.F.);
#11315=ADVANCED_FACE('',(#741),#10842,.F.);
#11316=ADVANCED_FACE('',(#742),#238,.F.);
#11317=ADVANCED_FACE('',(#743),#10843,.F.);
#11318=ADVANCED_FACE('',(#744),#239,.F.);
#11319=ADVANCED_FACE('',(#745),#10844,.F.);
#11320=ADVANCED_FACE('',(#746),#240,.F.);
#11321=ADVANCED_FACE('',(#747),#10845,.F.);
#11322=ADVANCED_FACE('',(#748),#241,.F.);
#11323=ADVANCED_FACE('',(#749),#10846,.F.);
#11324=ADVANCED_FACE('',(#750),#242,.F.);
#11325=ADVANCED_FACE('',(#751),#10847,.F.);
#11326=ADVANCED_FACE('',(#752),#243,.F.);
#11327=ADVANCED_FACE('',(#753),#10848,.F.);
#11328=ADVANCED_FACE('',(#754),#10849,.F.);
#11329=ADVANCED_FACE('',(#755),#10850,.F.);
#11330=ADVANCED_FACE('',(#756),#244,.F.);
#11331=ADVANCED_FACE('',(#757),#10851,.F.);
#11332=ADVANCED_FACE('',(#758),#245,.F.);
#11333=ADVANCED_FACE('',(#759),#10852,.F.);
#11334=ADVANCED_FACE('',(#760),#246,.F.);
#11335=ADVANCED_FACE('',(#761),#10853,.F.);
#11336=ADVANCED_FACE('',(#762),#247,.T.);
#11337=ADVANCED_FACE('',(#763),#10854,.F.);
#11338=ADVANCED_FACE('',(#764),#248,.F.);
#11339=ADVANCED_FACE('',(#765),#10855,.F.);
#11340=ADVANCED_FACE('',(#766),#249,.F.);
#11341=ADVANCED_FACE('',(#767),#10856,.F.);
#11342=ADVANCED_FACE('',(#768),#10857,.T.);
#11343=ADVANCED_FACE('',(#769),#250,.F.);
#11344=ADVANCED_FACE('',(#770),#10858,.F.);
#11345=ADVANCED_FACE('',(#771),#251,.F.);
#11346=ADVANCED_FACE('',(#772),#10859,.F.);
#11347=ADVANCED_FACE('',(#773),#252,.F.);
#11348=ADVANCED_FACE('',(#774),#253,.F.);
#11349=ADVANCED_FACE('',(#775),#10860,.F.);
#11350=ADVANCED_FACE('',(#776),#254,.F.);
#11351=ADVANCED_FACE('',(#777),#10861,.F.);
#11352=ADVANCED_FACE('',(#778),#255,.F.);
#11353=ADVANCED_FACE('',(#779),#256,.F.);
#11354=ADVANCED_FACE('',(#780),#10862,.F.);
#11355=ADVANCED_FACE('',(#781),#257,.F.);
#11356=ADVANCED_FACE('',(#782),#10863,.F.);
#11357=ADVANCED_FACE('',(#783),#258,.F.);
#11358=ADVANCED_FACE('',(#784),#259,.F.);
#11359=ADVANCED_FACE('',(#785),#10864,.F.);
#11360=ADVANCED_FACE('',(#786),#260,.F.);
#11361=ADVANCED_FACE('',(#787),#10865,.F.);
#11362=ADVANCED_FACE('',(#788),#261,.F.);
#11363=ADVANCED_FACE('',(#789),#262,.F.);
#11364=ADVANCED_FACE('',(#790),#10866,.F.);
#11365=ADVANCED_FACE('',(#791),#263,.F.);
#11366=ADVANCED_FACE('',(#792),#10867,.F.);
#11367=ADVANCED_FACE('',(#793),#264,.F.);
#11368=ADVANCED_FACE('',(#794),#10868,.F.);
#11369=ADVANCED_FACE('',(#795),#265,.F.);
#11370=ADVANCED_FACE('',(#796),#10869,.F.);
#11371=ADVANCED_FACE('',(#797),#266,.F.);
#11372=ADVANCED_FACE('',(#798),#10870,.F.);
#11373=ADVANCED_FACE('',(#799),#10871,.F.);
#11374=ADVANCED_FACE('',(#800),#267,.F.);
#11375=ADVANCED_FACE('',(#801),#10872,.F.);
#11376=ADVANCED_FACE('',(#802),#268,.F.);
#11377=ADVANCED_FACE('',(#803),#10873,.F.);
#11378=ADVANCED_FACE('',(#804),#269,.F.);
#11379=ADVANCED_FACE('',(#805),#270,.T.);
#11380=ADVANCED_FACE('',(#806),#10874,.T.);
#11381=ADVANCED_FACE('',(#807),#271,.T.);
#11382=ADVANCED_FACE('',(#808),#10875,.T.);
#11383=ADVANCED_FACE('',(#809),#272,.T.);
#11384=ADVANCED_FACE('',(#810),#10876,.T.);
#11385=ADVANCED_FACE('',(#811),#273,.T.);
#11386=ADVANCED_FACE('',(#812),#274,.T.);
#11387=ADVANCED_FACE('',(#813),#275,.T.);
#11388=ADVANCED_FACE('',(#814),#276,.T.);
#11389=ADVANCED_FACE('',(#815),#277,.T.);
#11390=ADVANCED_FACE('',(#816),#278,.T.);
#11391=ADVANCED_FACE('',(#817),#279,.T.);
#11392=ADVANCED_FACE('',(#818),#280,.T.);
#11393=ADVANCED_FACE('',(#819),#10877,.F.);
#11394=ADVANCED_FACE('',(#820),#281,.T.);
#11395=ADVANCED_FACE('',(#821),#282,.T.);
#11396=ADVANCED_FACE('',(#822),#10878,.F.);
#11397=ADVANCED_FACE('',(#823),#283,.T.);
#11398=ADVANCED_FACE('',(#824),#284,.T.);
#11399=ADVANCED_FACE('',(#825),#285,.T.);
#11400=ADVANCED_FACE('',(#826),#286,.T.);
#11401=ADVANCED_FACE('',(#827),#99,.T.);
#11402=ADVANCED_FACE('',(#828,#54),#287,.T.);
#11403=ADVANCED_FACE('',(#829),#10879,.T.);
#11404=ADVANCED_FACE('',(#830),#100,.F.);
#11405=ADVANCED_FACE('',(#831),#10880,.F.);
#11406=ADVANCED_FACE('',(#832),#101,.T.);
#11407=ADVANCED_FACE('',(#833,#55),#288,.T.);
#11408=ADVANCED_FACE('',(#834),#10881,.T.);
#11409=ADVANCED_FACE('',(#835),#102,.F.);
#11410=ADVANCED_FACE('',(#836),#10882,.F.);
#11411=ADVANCED_FACE('',(#837),#103,.T.);
#11412=ADVANCED_FACE('',(#838,#56),#289,.T.);
#11413=ADVANCED_FACE('',(#839),#10883,.T.);
#11414=ADVANCED_FACE('',(#840),#104,.F.);
#11415=ADVANCED_FACE('',(#841),#10884,.F.);
#11416=ADVANCED_FACE('',(#842),#105,.F.);
#11417=ADVANCED_FACE('',(#843,#57),#290,.T.);
#11418=ADVANCED_FACE('',(#844),#10885,.F.);
#11419=ADVANCED_FACE('',(#845),#106,.T.);
#11420=ADVANCED_FACE('',(#846),#10886,.T.);
#11421=ADVANCED_FACE('',(#847),#107,.T.);
#11422=ADVANCED_FACE('',(#848,#58),#291,.T.);
#11423=ADVANCED_FACE('',(#849),#10887,.T.);
#11424=ADVANCED_FACE('',(#850),#108,.F.);
#11425=ADVANCED_FACE('',(#851),#10888,.F.);
#11426=ADVANCED_FACE('',(#852),#10889,.F.);
#11427=ADVANCED_FACE('',(#853),#10890,.F.);
#11428=ADVANCED_FACE('',(#854),#292,.F.);
#11429=ADVANCED_FACE('',(#855),#10891,.F.);
#11430=ADVANCED_FACE('',(#856),#293,.F.);
#11431=ADVANCED_FACE('',(#857),#294,.T.);
#11432=ADVANCED_FACE('',(#858),#295,.T.);
#11433=ADVANCED_FACE('',(#859),#10892,.F.);
#11434=ADVANCED_FACE('',(#860),#296,.F.);
#11435=ADVANCED_FACE('',(#861),#10893,.F.);
#11436=ADVANCED_FACE('',(#862),#10894,.T.);
#11437=ADVANCED_FACE('',(#863),#10895,.F.);
#11438=ADVANCED_FACE('',(#864),#10896,.F.);
#11439=ADVANCED_FACE('',(#865),#10897,.F.);
#11440=ADVANCED_FACE('',(#866),#10898,.F.);
#11441=ADVANCED_FACE('',(#867),#10899,.F.);
#11442=ADVANCED_FACE('',(#868),#297,.F.);
#11443=ADVANCED_FACE('',(#869),#10900,.F.);
#11444=ADVANCED_FACE('',(#870),#10901,.F.);
#11445=ADVANCED_FACE('',(#871),#10902,.F.);
#11446=ADVANCED_FACE('',(#872),#10903,.F.);
#11447=ADVANCED_FACE('',(#873),#10904,.F.);
#11448=ADVANCED_FACE('',(#874),#10905,.F.);
#11449=ADVANCED_FACE('',(#875),#10906,.T.);
#11450=ADVANCED_FACE('',(#876),#10907,.F.);
#11451=ADVANCED_FACE('',(#877),#298,.T.);
#11452=ADVANCED_FACE('',(#878),#10908,.F.);
#11453=ADVANCED_FACE('',(#879),#10909,.F.);
#11454=ADVANCED_FACE('',(#880),#10910,.F.);
#11455=ADVANCED_FACE('',(#881),#299,.F.);
#11456=ADVANCED_FACE('',(#882),#10911,.F.);
#11457=ADVANCED_FACE('',(#883),#300,.F.);
#11458=ADVANCED_FACE('',(#884),#10912,.F.);
#11459=ADVANCED_FACE('',(#885),#10913,.F.);
#11460=ADVANCED_FACE('',(#886),#10914,.F.);
#11461=ADVANCED_FACE('',(#887,#59,#60,#61,#62,#63,#64,#65,#66,#67,#68,#69,
#70,#71,#72,#73,#74,#75,#76,#77,#78,#79,#80,#81,#82,#83,#84,#85,#86,#87),
#301,.F.);
#11462=ADVANCED_FACE('',(#888),#302,.T.);
#11463=ADVANCED_FACE('',(#889),#10915,.F.);
#11464=ADVANCED_FACE('',(#890),#10916,.F.);
#11465=ADVANCED_FACE('',(#891),#303,.F.);
#11466=ADVANCED_FACE('',(#892),#10917,.F.);
#11467=ADVANCED_FACE('',(#893),#304,.F.);
#11468=ADVANCED_FACE('',(#894),#10918,.F.);
#11469=ADVANCED_FACE('',(#895),#305,.F.);
#11470=ADVANCED_FACE('',(#896),#306,.F.);
#11471=ADVANCED_FACE('',(#897),#10919,.F.);
#11472=ADVANCED_FACE('',(#898),#307,.F.);
#11473=ADVANCED_FACE('',(#899),#10920,.F.);
#11474=ADVANCED_FACE('',(#900),#308,.F.);
#11475=ADVANCED_FACE('',(#901),#10921,.F.);
#11476=ADVANCED_FACE('',(#902),#10922,.F.);
#11477=ADVANCED_FACE('',(#903),#10923,.F.);
#11478=ADVANCED_FACE('',(#904),#309,.F.);
#11479=ADVANCED_FACE('',(#905),#10924,.F.);
#11480=ADVANCED_FACE('',(#906),#310,.F.);
#11481=ADVANCED_FACE('',(#907),#10925,.F.);
#11482=ADVANCED_FACE('',(#908),#311,.F.);
#11483=ADVANCED_FACE('',(#909),#10926,.F.);
#11484=ADVANCED_FACE('',(#910),#312,.F.);
#11485=ADVANCED_FACE('',(#911),#10927,.F.);
#11486=ADVANCED_FACE('',(#912),#313,.F.);
#11487=ADVANCED_FACE('',(#913),#10928,.F.);
#11488=ADVANCED_FACE('',(#914),#314,.F.);
#11489=ADVANCED_FACE('',(#915),#10929,.F.);
#11490=ADVANCED_FACE('',(#916),#315,.F.);
#11491=ADVANCED_FACE('',(#917),#10930,.F.);
#11492=ADVANCED_FACE('',(#918),#316,.F.);
#11493=ADVANCED_FACE('',(#919),#10931,.F.);
#11494=ADVANCED_FACE('',(#920),#317,.F.);
#11495=ADVANCED_FACE('',(#921),#10932,.F.);
#11496=ADVANCED_FACE('',(#922),#318,.F.);
#11497=ADVANCED_FACE('',(#923),#10933,.F.);
#11498=ADVANCED_FACE('',(#924),#319,.F.);
#11499=ADVANCED_FACE('',(#925),#10934,.F.);
#11500=ADVANCED_FACE('',(#926),#320,.F.);
#11501=ADVANCED_FACE('',(#927),#10935,.F.);
#11502=ADVANCED_FACE('',(#928),#321,.F.);
#11503=ADVANCED_FACE('',(#929),#10936,.F.);
#11504=ADVANCED_FACE('',(#930),#322,.F.);
#11505=ADVANCED_FACE('',(#931),#10937,.F.);
#11506=ADVANCED_FACE('',(#932),#323,.F.);
#11507=ADVANCED_FACE('',(#933),#10938,.F.);
#11508=ADVANCED_FACE('',(#934),#324,.F.);
#11509=ADVANCED_FACE('',(#935),#10939,.F.);
#11510=ADVANCED_FACE('',(#936),#325,.F.);
#11511=ADVANCED_FACE('',(#937),#10940,.F.);
#11512=ADVANCED_FACE('',(#938),#326,.F.);
#11513=ADVANCED_FACE('',(#939),#10941,.F.);
#11514=ADVANCED_FACE('',(#940),#327,.F.);
#11515=ADVANCED_FACE('',(#941),#10942,.F.);
#11516=ADVANCED_FACE('',(#942),#328,.F.);
#11517=ADVANCED_FACE('',(#943),#10943,.F.);
#11518=ADVANCED_FACE('',(#944),#329,.F.);
#11519=ADVANCED_FACE('',(#945),#10944,.F.);
#11520=ADVANCED_FACE('',(#946),#330,.F.);
#11521=ADVANCED_FACE('',(#947),#10945,.F.);
#11522=ADVANCED_FACE('',(#948),#10946,.F.);
#11523=ADVANCED_FACE('',(#949),#331,.F.);
#11524=ADVANCED_FACE('',(#950),#10947,.F.);
#11525=ADVANCED_FACE('',(#951),#332,.F.);
#11526=ADVANCED_FACE('',(#952),#10948,.F.);
#11527=ADVANCED_FACE('',(#953),#333,.F.);
#11528=ADVANCED_FACE('',(#954),#10949,.F.);
#11529=ADVANCED_FACE('',(#955),#334,.F.);
#11530=ADVANCED_FACE('',(#956),#10950,.F.);
#11531=ADVANCED_FACE('',(#957),#335,.F.);
#11532=ADVANCED_FACE('',(#958),#10951,.F.);
#11533=ADVANCED_FACE('',(#959),#336,.F.);
#11534=ADVANCED_FACE('',(#960),#10952,.T.);
#11535=ADVANCED_FACE('',(#961),#337,.F.);
#11536=ADVANCED_FACE('',(#962),#10953,.F.);
#11537=ADVANCED_FACE('',(#963),#10954,.F.);
#11538=ADVANCED_FACE('',(#964),#338,.F.);
#11539=ADVANCED_FACE('',(#965),#10955,.F.);
#11540=ADVANCED_FACE('',(#966),#339,.F.);
#11541=ADVANCED_FACE('',(#967),#10956,.F.);
#11542=ADVANCED_FACE('',(#968),#340,.F.);
#11543=ADVANCED_FACE('',(#969),#341,.F.);
#11544=ADVANCED_FACE('',(#970),#10957,.F.);
#11545=ADVANCED_FACE('',(#971),#10958,.F.);
#11546=ADVANCED_FACE('',(#972),#342,.F.);
#11547=ADVANCED_FACE('',(#973),#343,.F.);
#11548=ADVANCED_FACE('',(#974),#10959,.F.);
#11549=ADVANCED_FACE('',(#975),#344,.F.);
#11550=ADVANCED_FACE('',(#976),#10960,.F.);
#11551=ADVANCED_FACE('',(#977),#345,.F.);
#11552=ADVANCED_FACE('',(#978),#10961,.F.);
#11553=ADVANCED_FACE('',(#979),#346,.F.);
#11554=ADVANCED_FACE('',(#980),#10962,.F.);
#11555=ADVANCED_FACE('',(#981),#347,.F.);
#11556=ADVANCED_FACE('',(#982),#10963,.F.);
#11557=ADVANCED_FACE('',(#983),#10964,.F.);
#11558=ADVANCED_FACE('',(#984),#348,.F.);
#11559=ADVANCED_FACE('',(#985),#10965,.T.);
#11560=ADVANCED_FACE('',(#986),#10966,.F.);
#11561=ADVANCED_FACE('',(#987),#349,.F.);
#11562=ADVANCED_FACE('',(#988),#10967,.F.);
#11563=ADVANCED_FACE('',(#989),#350,.F.);
#11564=ADVANCED_FACE('',(#990),#10968,.F.);
#11565=ADVANCED_FACE('',(#991),#351,.F.);
#11566=ADVANCED_FACE('',(#992),#10969,.F.);
#11567=ADVANCED_FACE('',(#993),#352,.F.);
#11568=ADVANCED_FACE('',(#994),#10970,.F.);
#11569=ADVANCED_FACE('',(#995),#353,.F.);
#11570=ADVANCED_FACE('',(#996),#10971,.F.);
#11571=ADVANCED_FACE('',(#997),#354,.F.);
#11572=ADVANCED_FACE('',(#998),#10972,.F.);
#11573=ADVANCED_FACE('',(#999),#10973,.F.);
#11574=ADVANCED_FACE('',(#1000),#355,.F.);
#11575=ADVANCED_FACE('',(#1001),#10974,.F.);
#11576=ADVANCED_FACE('',(#1002),#356,.F.);
#11577=ADVANCED_FACE('',(#1003),#10975,.F.);
#11578=ADVANCED_FACE('',(#1004),#357,.F.);
#11579=ADVANCED_FACE('',(#1005),#10976,.F.);
#11580=ADVANCED_FACE('',(#1006),#358,.F.);
#11581=ADVANCED_FACE('',(#1007),#359,.F.);
#11582=ADVANCED_FACE('',(#1008),#10977,.F.);
#11583=ADVANCED_FACE('',(#1009),#360,.F.);
#11584=ADVANCED_FACE('',(#1010),#10978,.F.);
#11585=ADVANCED_FACE('',(#1011),#361,.F.);
#11586=ADVANCED_FACE('',(#1012),#10979,.F.);
#11587=ADVANCED_FACE('',(#1013),#362,.F.);
#11588=ADVANCED_FACE('',(#1014),#10980,.F.);
#11589=ADVANCED_FACE('',(#1015),#363,.F.);
#11590=ADVANCED_FACE('',(#1016),#10981,.F.);
#11591=ADVANCED_FACE('',(#1017),#364,.F.);
#11592=ADVANCED_FACE('',(#1018),#10982,.F.);
#11593=ADVANCED_FACE('',(#1019),#365,.F.);
#11594=ADVANCED_FACE('',(#1020),#10983,.F.);
#11595=ADVANCED_FACE('',(#1021),#366,.F.);
#11596=ADVANCED_FACE('',(#1022),#10984,.F.);
#11597=ADVANCED_FACE('',(#1023),#367,.F.);
#11598=ADVANCED_FACE('',(#1024),#10985,.F.);
#11599=ADVANCED_FACE('',(#1025),#368,.F.);
#11600=ADVANCED_FACE('',(#1026),#10986,.F.);
#11601=ADVANCED_FACE('',(#1027),#369,.F.);
#11602=ADVANCED_FACE('',(#1028),#10987,.F.);
#11603=ADVANCED_FACE('',(#1029),#370,.F.);
#11604=ADVANCED_FACE('',(#1030),#10988,.F.);
#11605=ADVANCED_FACE('',(#1031),#371,.F.);
#11606=ADVANCED_FACE('',(#1032),#10989,.F.);
#11607=ADVANCED_FACE('',(#1033),#10990,.F.);
#11608=ADVANCED_FACE('',(#1034),#10991,.F.);
#11609=ADVANCED_FACE('',(#1035),#10992,.F.);
#11610=ADVANCED_FACE('',(#1036),#372,.F.);
#11611=ADVANCED_FACE('',(#1037),#10993,.F.);
#11612=ADVANCED_FACE('',(#1038),#373,.F.);
#11613=ADVANCED_FACE('',(#1039),#10994,.F.);
#11614=ADVANCED_FACE('',(#1040),#10995,.F.);
#11615=ADVANCED_FACE('',(#1041),#10996,.F.);
#11616=ADVANCED_FACE('',(#1042),#10997,.F.);
#11617=ADVANCED_FACE('',(#1043),#374,.T.);
#11618=ADVANCED_FACE('',(#1044),#10998,.T.);
#11619=ADVANCED_FACE('',(#1045),#10999,.T.);
#11620=ADVANCED_FACE('',(#1046),#375,.T.);
#11621=ADVANCED_FACE('',(#1047),#11000,.T.);
#11622=ADVANCED_FACE('',(#1048),#11001,.T.);
#11623=ADVANCED_FACE('',(#1049),#11002,.T.);
#11624=ADVANCED_FACE('',(#1050),#11003,.T.);
#11625=ADVANCED_FACE('',(#1051),#11004,.T.);
#11626=ADVANCED_FACE('',(#1052),#376,.T.);
#11627=ADVANCED_FACE('',(#1053),#11005,.F.);
#11628=ADVANCED_FACE('',(#1054),#11006,.F.);
#11629=ADVANCED_FACE('',(#1055),#11007,.F.);
#11630=ADVANCED_FACE('',(#1056),#11008,.F.);
#11631=ADVANCED_FACE('',(#1057),#11009,.F.);
#11632=ADVANCED_FACE('',(#1058),#377,.T.);
#11633=ADVANCED_FACE('',(#1059),#11010,.F.);
#11634=ADVANCED_FACE('',(#1060),#378,.T.);
#11635=ADVANCED_FACE('',(#1061),#11011,.T.);
#11636=ADVANCED_FACE('',(#1062),#379,.T.);
#11637=ADVANCED_FACE('',(#1063),#11012,.F.);
#11638=ADVANCED_FACE('',(#1064),#380,.T.);
#11639=ADVANCED_FACE('',(#1065),#11013,.F.);
#11640=ADVANCED_FACE('',(#1066),#381,.T.);
#11641=ADVANCED_FACE('',(#1067),#11014,.T.);
#11642=ADVANCED_FACE('',(#1068),#382,.T.);
#11643=ADVANCED_FACE('',(#1069),#11015,.F.);
#11644=ADVANCED_FACE('',(#1070),#383,.T.);
#11645=ADVANCED_FACE('',(#1071),#11016,.T.);
#11646=ADVANCED_FACE('',(#1072),#384,.T.);
#11647=CLOSED_SHELL('',(#11017,#11018,#11019,#11020,#11021,#11022,#11023,
#11024,#11025,#11026,#11027,#11028,#11029,#11030,#11031,#11032,#11033,#11034,
#11035,#11036,#11037,#11038,#11039,#11040,#11041,#11042,#11043,#11044,#11045,
#11046,#11047,#11048,#11049,#11050,#11051,#11052,#11053,#11054,#11055,#11056,
#11057,#11058,#11059,#11060,#11061,#11062,#11063,#11064,#11065,#11066,#11067,
#11068,#11069,#11070,#11071,#11072,#11073,#11074,#11075,#11076,#11077,#11078,
#11079,#11080,#11081,#11082,#11083,#11084,#11085,#11086,#11087,#11088,#11089,
#11090,#11091,#11092,#11093,#11094,#11095,#11096,#11097,#11098,#11099,#11100,
#11101,#11102,#11103,#11104,#11105,#11106,#11107,#11108,#11109,#11110,#11111,
#11112,#11113,#11114,#11115,#11116,#11117,#11118,#11119,#11120,#11121,#11122,
#11123,#11124,#11125,#11126,#11127,#11128,#11129,#11130,#11131,#11132,#11133,
#11134,#11135,#11136,#11137,#11138,#11139,#11140,#11141,#11142,#11143,#11144,
#11145,#11146,#11147,#11148,#11149,#11150,#11151,#11152,#11153,#11154,#11155,
#11156,#11157,#11158,#11159,#11160,#11161,#11162,#11163,#11164,#11165,#11166,
#11167,#11168,#11169,#11170,#11171,#11172,#11173,#11174,#11175,#11176,#11177,
#11178,#11179,#11180,#11181,#11182,#11183,#11184,#11185,#11186,#11187,#11188,
#11189,#11190,#11191,#11192,#11193,#11194,#11195,#11196,#11197,#11198,#11199,
#11200,#11201,#11202,#11203,#11204,#11205,#11206,#11207,#11208,#11209,#11210,
#11211,#11212,#11213,#11214,#11215,#11216,#11217,#11218,#11219,#11220,#11221,
#11222,#11223,#11224,#11225,#11226,#11227,#11228,#11229,#11230,#11231,#11232,
#11233,#11234,#11235,#11236,#11237,#11238,#11239,#11240,#11241,#11242,#11243,
#11244,#11245,#11246,#11247,#11248,#11249,#11250,#11251,#11252,#11253,#11254,
#11255,#11256,#11257,#11258,#11259,#11260,#11261,#11262,#11263,#11264,#11265,
#11266,#11267,#11268,#11269,#11270,#11271,#11272,#11273,#11274,#11275,#11276,
#11277,#11278,#11279,#11280,#11281,#11282,#11283,#11284,#11285,#11286,#11287,
#11288,#11289,#11290,#11291,#11292,#11293,#11294,#11295,#11296,#11297,#11298,
#11299,#11300,#11301,#11302,#11303,#11304,#11305,#11306,#11307,#11308,#11309,
#11310,#11311,#11312,#11313,#11314,#11315,#11316,#11317,#11318,#11319,#11320,
#11321,#11322,#11323,#11324,#11325,#11326,#11327,#11328,#11329,#11330,#11331,
#11332,#11333,#11334,#11335,#11336,#11337,#11338,#11339,#11340,#11341,#11342,
#11343,#11344,#11345,#11346,#11347,#11348,#11349,#11350,#11351,#11352,#11353,
#11354,#11355,#11356,#11357,#11358,#11359,#11360,#11361,#11362,#11363,#11364,
#11365,#11366,#11367,#11368,#11369,#11370,#11371,#11372,#11373,#11374,#11375,
#11376,#11377,#11378,#11379,#11380,#11381,#11382,#11383,#11384,#11385,#11386,
#11387,#11388,#11389,#11390,#11391,#11392,#11393,#11394,#11395,#11396,#11397,
#11398,#11399,#11400,#11401,#11402,#11403,#11404,#11405,#11406,#11407,#11408,
#11409,#11410,#11411,#11412,#11413,#11414,#11415,#11416,#11417,#11418,#11419,
#11420,#11421,#11422,#11423,#11424,#11425,#11426,#11427,#11428,#11429,#11430,
#11431,#11432,#11433,#11434,#11435,#11436,#11437,#11438,#11439,#11440,#11441,
#11442,#11443,#11444,#11445,#11446,#11447,#11448,#11449,#11450,#11451,#11452,
#11453,#11454,#11455,#11456,#11457,#11458,#11459,#11460,#11461,#11462,#11463,
#11464,#11465,#11466,#11467,#11468,#11469,#11470,#11471,#11472,#11473,#11474,
#11475,#11476,#11477,#11478,#11479,#11480,#11481,#11482,#11483,#11484,#11485,
#11486,#11487,#11488,#11489,#11490,#11491,#11492,#11493,#11494,#11495,#11496,
#11497,#11498,#11499,#11500,#11501,#11502,#11503,#11504,#11505,#11506,#11507,
#11508,#11509,#11510,#11511,#11512,#11513,#11514,#11515,#11516,#11517,#11518,
#11519,#11520,#11521,#11522,#11523,#11524,#11525,#11526,#11527,#11528,#11529,
#11530,#11531,#11532,#11533,#11534,#11535,#11536,#11537,#11538,#11539,#11540,
#11541,#11542,#11543,#11544,#11545,#11546,#11547,#11548,#11549,#11550,#11551,
#11552,#11553,#11554,#11555,#11556,#11557,#11558,#11559,#11560,#11561,#11562,
#11563,#11564,#11565,#11566,#11567,#11568,#11569,#11570,#11571,#11572,#11573,
#11574,#11575,#11576,#11577,#11578,#11579,#11580,#11581,#11582,#11583,#11584,
#11585,#11586,#11587,#11588,#11589,#11590,#11591,#11592,#11593,#11594,#11595,
#11596,#11597,#11598,#11599,#11600,#11601,#11602,#11603,#11604,#11605,#11606,
#11607,#11608,#11609,#11610,#11611,#11612,#11613,#11614,#11615,#11616,#11617,
#11618,#11619,#11620,#11621,#11622,#11623,#11624,#11625,#11626,#11627,#11628,
#11629,#11630,#11631,#11632,#11633,#11634,#11635,#11636,#11637,#11638,#11639,
#11640,#11641,#11642,#11643,#11644,#11645,#11646));
#11648=DERIVED_UNIT_ELEMENT(#11650,1.);
#11649=DERIVED_UNIT_ELEMENT(#20364,-3.);
#11650=(
MASS_UNIT()
NAMED_UNIT(*)
SI_UNIT(.KILO.,.GRAM.)
);
#11651=DERIVED_UNIT((#11648,#11649));
#11652=MEASURE_REPRESENTATION_ITEM('density measure',
POSITIVE_RATIO_MEASURE(7850.),#11651);
#11653=PROPERTY_DEFINITION_REPRESENTATION(#11658,#11655);
#11654=PROPERTY_DEFINITION_REPRESENTATION(#11659,#11656);
#11655=REPRESENTATION('material name',(#11657),#20361);
#11656=REPRESENTATION('density',(#11652),#20361);
#11657=DESCRIPTIVE_REPRESENTATION_ITEM('Steel','Steel');
#11658=PROPERTY_DEFINITION('material property','material name',#20371);
#11659=PROPERTY_DEFINITION('material property','density of part',#20371);
#11660=AXIS2_PLACEMENT_3D('',#16567,#12958,#12959);
#11661=AXIS2_PLACEMENT_3D('',#16568,#12960,#12961);
#11662=AXIS2_PLACEMENT_3D('',#16571,#12962,#12963);
#11663=AXIS2_PLACEMENT_3D('',#16575,#12965,#12966);
#11664=AXIS2_PLACEMENT_3D('',#16577,#12968,#12969);
#11665=AXIS2_PLACEMENT_3D('',#16584,#12970,#12971);
#11666=AXIS2_PLACEMENT_3D('',#16585,#12972,#12973);
#11667=AXIS2_PLACEMENT_3D('',#16586,#12974,#12975);
#11668=AXIS2_PLACEMENT_3D('',#16589,#12976,#12977);
#11669=AXIS2_PLACEMENT_3D('',#16593,#12979,#12980);
#11670=AXIS2_PLACEMENT_3D('',#16606,#12982,#12983);
#11671=AXIS2_PLACEMENT_3D('',#16607,#12984,#12985);
#11672=AXIS2_PLACEMENT_3D('',#16608,#12986,#12987);
#11673=AXIS2_PLACEMENT_3D('',#16609,#12988,#12989);
#11674=AXIS2_PLACEMENT_3D('',#16612,#12990,#12991);
#11675=AXIS2_PLACEMENT_3D('',#16615,#12994,#12995);
#11676=AXIS2_PLACEMENT_3D('',#16618,#12996,#12997);
#11677=AXIS2_PLACEMENT_3D('',#16619,#12998,#12999);
#11678=AXIS2_PLACEMENT_3D('',#16620,#13000,#13001);
#11679=AXIS2_PLACEMENT_3D('',#16621,#13002,#13003);
#11680=AXIS2_PLACEMENT_3D('',#16624,#13004,#13005);
#11681=AXIS2_PLACEMENT_3D('',#16627,#13008,#13009);
#11682=AXIS2_PLACEMENT_3D('',#16630,#13010,#13011);
#11683=AXIS2_PLACEMENT_3D('',#16631,#13012,#13013);
#11684=AXIS2_PLACEMENT_3D('',#16632,#13014,#13015);
#11685=AXIS2_PLACEMENT_3D('',#16633,#13016,#13017);
#11686=AXIS2_PLACEMENT_3D('',#16636,#13018,#13019);
#11687=AXIS2_PLACEMENT_3D('',#16650,#13022,#13023);
#11688=AXIS2_PLACEMENT_3D('',#16651,#13024,#13025);
#11689=AXIS2_PLACEMENT_3D('',#16652,#13026,#13027);
#11690=AXIS2_PLACEMENT_3D('',#16653,#13028,#13029);
#11691=AXIS2_PLACEMENT_3D('',#16655,#13030,#13031);
#11692=AXIS2_PLACEMENT_3D('',#16658,#13034,#13035);
#11693=AXIS2_PLACEMENT_3D('',#16661,#13036,#13037);
#11694=AXIS2_PLACEMENT_3D('',#16663,#13038,#13039);
#11695=AXIS2_PLACEMENT_3D('',#16669,#13040,#13041);
#11696=AXIS2_PLACEMENT_3D('',#16670,#13042,#13043);
#11697=AXIS2_PLACEMENT_3D('',#16672,#13044,#13045);
#11698=AXIS2_PLACEMENT_3D('',#16675,#13048,#13049);
#11699=AXIS2_PLACEMENT_3D('',#16676,#13050,#13051);
#11700=AXIS2_PLACEMENT_3D('',#16677,#13052,#13053);
#11701=AXIS2_PLACEMENT_3D('',#16678,#13054,#13055);
#11702=AXIS2_PLACEMENT_3D('',#16679,#13056,#13057);
#11703=AXIS2_PLACEMENT_3D('',#16689,#13063,#13064);
#11704=AXIS2_PLACEMENT_3D('',#16692,#13066,#13067);
#11705=AXIS2_PLACEMENT_3D('',#16693,#13068,#13069);
#11706=AXIS2_PLACEMENT_3D('',#16697,#13071,#13072);
#11707=AXIS2_PLACEMENT_3D('',#16701,#13074,#13075);
#11708=AXIS2_PLACEMENT_3D('',#16707,#13078,#13079);
#11709=AXIS2_PLACEMENT_3D('',#16713,#13082,#13083);
#11710=AXIS2_PLACEMENT_3D('',#16717,#13085,#13086);
#11711=AXIS2_PLACEMENT_3D('',#16723,#13089,#13090);
#11712=AXIS2_PLACEMENT_3D('',#16727,#13092,#13093);
#11713=AXIS2_PLACEMENT_3D('',#16731,#13095,#13096);
#11714=AXIS2_PLACEMENT_3D('',#16735,#13098,#13099);
#11715=AXIS2_PLACEMENT_3D('',#16739,#13101,#13102);
#11716=AXIS2_PLACEMENT_3D('',#16741,#13103,#13104);
#11717=AXIS2_PLACEMENT_3D('',#16749,#13108,#13109);
#11718=AXIS2_PLACEMENT_3D('',#16755,#13112,#13113);
#11719=AXIS2_PLACEMENT_3D('',#16761,#13116,#13117);
#11720=AXIS2_PLACEMENT_3D('',#16765,#13119,#13120);
#11721=AXIS2_PLACEMENT_3D('',#16771,#13123,#13124);
#11722=AXIS2_PLACEMENT_3D('',#16777,#13127,#13128);
#11723=AXIS2_PLACEMENT_3D('',#16781,#13130,#13131);
#11724=AXIS2_PLACEMENT_3D('',#16787,#13134,#13135);
#11725=AXIS2_PLACEMENT_3D('',#16793,#13138,#13139);
#11726=AXIS2_PLACEMENT_3D('',#16796,#13141,#13142);
#11727=AXIS2_PLACEMENT_3D('',#16797,#13143,#13144);
#11728=AXIS2_PLACEMENT_3D('',#16800,#13146,#13147);
#11729=AXIS2_PLACEMENT_3D('',#16801,#13148,#13149);
#11730=AXIS2_PLACEMENT_3D('',#16809,#13154,#13155);
#11731=AXIS2_PLACEMENT_3D('',#16812,#13157,#13158);
#11732=AXIS2_PLACEMENT_3D('',#16813,#13159,#13160);
#11733=AXIS2_PLACEMENT_3D('',#16817,#13162,#13163);
#11734=AXIS2_PLACEMENT_3D('',#16824,#13167,#13168);
#11735=AXIS2_PLACEMENT_3D('',#16825,#13169,#13170);
#11736=AXIS2_PLACEMENT_3D('',#16828,#13172,#13173);
#11737=AXIS2_PLACEMENT_3D('',#16829,#13174,#13175);
#11738=AXIS2_PLACEMENT_3D('',#16833,#13178,#13179);
#11739=AXIS2_PLACEMENT_3D('',#16836,#13180,#13181);
#11740=AXIS2_PLACEMENT_3D('',#16840,#13183,#13184);
#11741=AXIS2_PLACEMENT_3D('',#16842,#13186,#13187);
#11742=AXIS2_PLACEMENT_3D('',#16849,#13188,#13189);
#11743=AXIS2_PLACEMENT_3D('',#16850,#13190,#13191);
#11744=AXIS2_PLACEMENT_3D('',#16851,#13192,#13193);
#11745=AXIS2_PLACEMENT_3D('',#16854,#13194,#13195);
#11746=AXIS2_PLACEMENT_3D('',#16858,#13197,#13198);
#11747=AXIS2_PLACEMENT_3D('',#16907,#13200,#13201);
#11748=AXIS2_PLACEMENT_3D('',#16910,#13202,#13203);
#11749=AXIS2_PLACEMENT_3D('',#16912,#13204,#13205);
#11750=AXIS2_PLACEMENT_3D('',#16913,#13206,#13207);
#11751=AXIS2_PLACEMENT_3D('',#16924,#13208,#13209);
#11752=AXIS2_PLACEMENT_3D('',#16927,#13210,#13211);
#11753=AXIS2_PLACEMENT_3D('',#16930,#13214,#13215);
#11754=AXIS2_PLACEMENT_3D('',#16933,#13216,#13217);
#11755=AXIS2_PLACEMENT_3D('',#16934,#13218,#13219);
#11756=AXIS2_PLACEMENT_3D('',#16935,#13220,#13221);
#11757=AXIS2_PLACEMENT_3D('',#16936,#13222,#13223);
#11758=AXIS2_PLACEMENT_3D('',#16939,#13224,#13225);
#11759=AXIS2_PLACEMENT_3D('',#16952,#13228,#13229);
#11760=AXIS2_PLACEMENT_3D('',#16953,#13230,#13231);
#11761=AXIS2_PLACEMENT_3D('',#16954,#13232,#13233);
#11762=AXIS2_PLACEMENT_3D('',#16955,#13234,#13235);
#11763=AXIS2_PLACEMENT_3D('',#16956,#13236,#13237);
#11764=AXIS2_PLACEMENT_3D('',#16958,#13239,#13240);
#11765=AXIS2_PLACEMENT_3D('',#16959,#13241,#13242);
#11766=AXIS2_PLACEMENT_3D('',#16987,#13243,#13244);
#11767=AXIS2_PLACEMENT_3D('',#16994,#13245,#13246);
#11768=AXIS2_PLACEMENT_3D('',#17000,#13247,#13248);
#11769=AXIS2_PLACEMENT_3D('',#17002,#13249,#13250);
#11770=AXIS2_PLACEMENT_3D('',#17028,#13252,#13253);
#11771=AXIS2_PLACEMENT_3D('',#17031,#13254,#13255);
#11772=AXIS2_PLACEMENT_3D('',#17034,#13257,#13258);
#11773=AXIS2_PLACEMENT_3D('',#17036,#13260,#13261);
#11774=AXIS2_PLACEMENT_3D('',#17043,#13262,#13263);
#11775=AXIS2_PLACEMENT_3D('',#17044,#13264,#13265);
#11776=AXIS2_PLACEMENT_3D('',#17045,#13266,#13267);
#11777=AXIS2_PLACEMENT_3D('',#17046,#13268,#13269);
#11778=AXIS2_PLACEMENT_3D('',#17047,#13270,#13271);
#11779=AXIS2_PLACEMENT_3D('',#17053,#13275,#13276);
#11780=AXIS2_PLACEMENT_3D('',#17054,#13277,#13278);
#11781=AXIS2_PLACEMENT_3D('',#17055,#13279,#13280);
#11782=AXIS2_PLACEMENT_3D('',#17058,#13282,#13283);
#11783=AXIS2_PLACEMENT_3D('',#17059,#13284,#13285);
#11784=AXIS2_PLACEMENT_3D('',#17065,#13289,#13290);
#11785=AXIS2_PLACEMENT_3D('',#17067,#13291,#13292);
#11786=AXIS2_PLACEMENT_3D('',#17070,#13294,#13295);
#11787=AXIS2_PLACEMENT_3D('',#17071,#13296,#13297);
#11788=AXIS2_PLACEMENT_3D('',#17072,#13298,#13299);
#11789=AXIS2_PLACEMENT_3D('',#17073,#13300,#13301);
#11790=AXIS2_PLACEMENT_3D('',#17083,#13302,#13303);
#11791=AXIS2_PLACEMENT_3D('',#17086,#13305,#13306);
#11792=AXIS2_PLACEMENT_3D('',#17087,#13307,#13308);
#11793=AXIS2_PLACEMENT_3D('',#17088,#13309,#13310);
#11794=AXIS2_PLACEMENT_3D('',#17089,#13311,#13312);
#11795=AXIS2_PLACEMENT_3D('',#17091,#13314,#13315);
#11796=AXIS2_PLACEMENT_3D('',#17093,#13316,#13317);
#11797=AXIS2_PLACEMENT_3D('',#17096,#13319,#13320);
#11798=AXIS2_PLACEMENT_3D('',#17097,#13321,#13322);
#11799=AXIS2_PLACEMENT_3D('',#17099,#13323,#13324);
#11800=AXIS2_PLACEMENT_3D('',#17102,#13326,#13327);
#11801=AXIS2_PLACEMENT_3D('',#17103,#13328,#13329);
#11802=AXIS2_PLACEMENT_3D('',#17105,#13330,#13331);
#11803=AXIS2_PLACEMENT_3D('',#17108,#13333,#13334);
#11804=AXIS2_PLACEMENT_3D('',#17109,#13335,#13336);
#11805=AXIS2_PLACEMENT_3D('',#17111,#13337,#13338);
#11806=AXIS2_PLACEMENT_3D('',#17128,#13340,#13341);
#11807=AXIS2_PLACEMENT_3D('',#17145,#13343,#13344);
#11808=AXIS2_PLACEMENT_3D('',#17147,#13345,#13346);
#11809=AXIS2_PLACEMENT_3D('',#17148,#13347,#13348);
#11810=AXIS2_PLACEMENT_3D('',#17149,#13349,#13350);
#11811=AXIS2_PLACEMENT_3D('',#17166,#13352,#13353);
#11812=AXIS2_PLACEMENT_3D('',#17168,#13354,#13355);
#11813=AXIS2_PLACEMENT_3D('',#17169,#13356,#13357);
#11814=AXIS2_PLACEMENT_3D('',#17170,#13358,#13359);
#11815=AXIS2_PLACEMENT_3D('',#17172,#13360,#13361);
#11816=AXIS2_PLACEMENT_3D('',#17174,#13363,#13364);
#11817=AXIS2_PLACEMENT_3D('',#17175,#13365,#13366);
#11818=AXIS2_PLACEMENT_3D('',#17176,#13367,#13368);
#11819=AXIS2_PLACEMENT_3D('',#17178,#13369,#13370);
#11820=AXIS2_PLACEMENT_3D('',#17179,#13371,#13372);
#11821=AXIS2_PLACEMENT_3D('',#17180,#13373,#13374);
#11822=AXIS2_PLACEMENT_3D('',#17182,#13376,#13377);
#11823=AXIS2_PLACEMENT_3D('',#17184,#13378,#13379);
#11824=AXIS2_PLACEMENT_3D('',#17185,#13380,#13381);
#11825=AXIS2_PLACEMENT_3D('',#17186,#13382,#13383);
#11826=AXIS2_PLACEMENT_3D('',#17188,#13384,#13385);
#11827=AXIS2_PLACEMENT_3D('',#17190,#13387,#13388);
#11828=AXIS2_PLACEMENT_3D('',#17192,#13389,#13390);
#11829=AXIS2_PLACEMENT_3D('',#17193,#13391,#13392);
#11830=AXIS2_PLACEMENT_3D('',#17194,#13393,#13394);
#11831=AXIS2_PLACEMENT_3D('',#17196,#13396,#13397);
#11832=AXIS2_PLACEMENT_3D('',#17198,#13398,#13399);
#11833=AXIS2_PLACEMENT_3D('',#17199,#13400,#13401);
#11834=AXIS2_PLACEMENT_3D('',#17200,#13402,#13403);
#11835=AXIS2_PLACEMENT_3D('',#17202,#13405,#13406);
#11836=AXIS2_PLACEMENT_3D('',#17204,#13407,#13408);
#11837=AXIS2_PLACEMENT_3D('',#17205,#13409,#13410);
#11838=AXIS2_PLACEMENT_3D('',#17206,#13411,#13412);
#11839=AXIS2_PLACEMENT_3D('',#17208,#13413,#13414);
#11840=AXIS2_PLACEMENT_3D('',#17210,#13416,#13417);
#11841=AXIS2_PLACEMENT_3D('',#17211,#13418,#13419);
#11842=AXIS2_PLACEMENT_3D('',#17212,#13420,#13421);
#11843=AXIS2_PLACEMENT_3D('',#17214,#13423,#13424);
#11844=AXIS2_PLACEMENT_3D('',#17215,#13425,#13426);
#11845=AXIS2_PLACEMENT_3D('',#17216,#13427,#13428);
#11846=AXIS2_PLACEMENT_3D('',#17244,#13430,#13431);
#11847=AXIS2_PLACEMENT_3D('',#17245,#13432,#13433);
#11848=AXIS2_PLACEMENT_3D('',#17273,#13434,#13435);
#11849=AXIS2_PLACEMENT_3D('',#17274,#13436,#13437);
#11850=AXIS2_PLACEMENT_3D('',#17275,#13438,#13439);
#11851=AXIS2_PLACEMENT_3D('',#17303,#13440,#13441);
#11852=AXIS2_PLACEMENT_3D('',#17304,#13442,#13443);
#11853=AXIS2_PLACEMENT_3D('',#17305,#13444,#13445);
#11854=AXIS2_PLACEMENT_3D('',#17333,#13446,#13447);
#11855=AXIS2_PLACEMENT_3D('',#17334,#13448,#13449);
#11856=AXIS2_PLACEMENT_3D('',#17335,#13450,#13451);
#11857=AXIS2_PLACEMENT_3D('',#17363,#13452,#13453);
#11858=AXIS2_PLACEMENT_3D('',#17364,#13454,#13455);
#11859=AXIS2_PLACEMENT_3D('',#17365,#13456,#13457);
#11860=AXIS2_PLACEMENT_3D('',#17388,#13458,#13459);
#11861=AXIS2_PLACEMENT_3D('',#17389,#13460,#13461);
#11862=AXIS2_PLACEMENT_3D('',#17390,#13462,#13463);
#11863=AXIS2_PLACEMENT_3D('',#17409,#13464,#13465);
#11864=AXIS2_PLACEMENT_3D('',#17410,#13466,#13467);
#11865=AXIS2_PLACEMENT_3D('',#17411,#13468,#13469);
#11866=AXIS2_PLACEMENT_3D('',#17412,#13470,#13471);
#11867=AXIS2_PLACEMENT_3D('',#17414,#13472,#13473);
#11868=AXIS2_PLACEMENT_3D('',#17415,#13474,#13475);
#11869=AXIS2_PLACEMENT_3D('',#17416,#13476,#13477);
#11870=AXIS2_PLACEMENT_3D('',#17418,#13478,#13479);
#11871=AXIS2_PLACEMENT_3D('',#17420,#13481,#13482);
#11872=AXIS2_PLACEMENT_3D('',#17422,#13483,#13484);
#11873=AXIS2_PLACEMENT_3D('',#17423,#13485,#13486);
#11874=AXIS2_PLACEMENT_3D('',#17424,#13487,#13488);
#11875=AXIS2_PLACEMENT_3D('',#17426,#13490,#13491);
#11876=AXIS2_PLACEMENT_3D('',#17428,#13492,#13493);
#11877=AXIS2_PLACEMENT_3D('',#17430,#13495,#13496);
#11878=AXIS2_PLACEMENT_3D('',#17432,#13497,#13498);
#11879=AXIS2_PLACEMENT_3D('',#17433,#13499,#13500);
#11880=AXIS2_PLACEMENT_3D('',#17434,#13501,#13502);
#11881=AXIS2_PLACEMENT_3D('',#17436,#13504,#13505);
#11882=AXIS2_PLACEMENT_3D('',#17438,#13506,#13507);
#11883=AXIS2_PLACEMENT_3D('',#17440,#13509,#13510);
#11884=AXIS2_PLACEMENT_3D('',#17442,#13511,#13512);
#11885=AXIS2_PLACEMENT_3D('',#17443,#13513,#13514);
#11886=AXIS2_PLACEMENT_3D('',#17444,#13515,#13516);
#11887=AXIS2_PLACEMENT_3D('',#17446,#13517,#13518);
#11888=AXIS2_PLACEMENT_3D('',#17448,#13520,#13521);
#11889=AXIS2_PLACEMENT_3D('',#17450,#13522,#13523);
#11890=AXIS2_PLACEMENT_3D('',#17451,#13524,#13525);
#11891=AXIS2_PLACEMENT_3D('',#17452,#13526,#13527);
#11892=AXIS2_PLACEMENT_3D('',#17454,#13529,#13530);
#11893=AXIS2_PLACEMENT_3D('',#17456,#13531,#13532);
#11894=AXIS2_PLACEMENT_3D('',#17458,#13534,#13535);
#11895=AXIS2_PLACEMENT_3D('',#17460,#13536,#13537);
#11896=AXIS2_PLACEMENT_3D('',#17461,#13538,#13539);
#11897=AXIS2_PLACEMENT_3D('',#17462,#13540,#13541);
#11898=AXIS2_PLACEMENT_3D('',#17464,#13543,#13544);
#11899=AXIS2_PLACEMENT_3D('',#17466,#13545,#13546);
#11900=AXIS2_PLACEMENT_3D('',#17468,#13548,#13549);
#11901=AXIS2_PLACEMENT_3D('',#17470,#13550,#13551);
#11902=AXIS2_PLACEMENT_3D('',#17471,#13552,#13553);
#11903=AXIS2_PLACEMENT_3D('',#17472,#13554,#13555);
#11904=AXIS2_PLACEMENT_3D('',#17474,#13556,#13557);
#11905=AXIS2_PLACEMENT_3D('',#17476,#13559,#13560);
#11906=AXIS2_PLACEMENT_3D('',#17478,#13561,#13562);
#11907=AXIS2_PLACEMENT_3D('',#17479,#13563,#13564);
#11908=AXIS2_PLACEMENT_3D('',#17480,#13565,#13566);
#11909=AXIS2_PLACEMENT_3D('',#17482,#13568,#13569);
#11910=AXIS2_PLACEMENT_3D('',#17484,#13570,#13571);
#11911=AXIS2_PLACEMENT_3D('',#17486,#13573,#13574);
#11912=AXIS2_PLACEMENT_3D('',#17488,#13575,#13576);
#11913=AXIS2_PLACEMENT_3D('',#17489,#13577,#13578);
#11914=AXIS2_PLACEMENT_3D('',#17490,#13579,#13580);
#11915=AXIS2_PLACEMENT_3D('',#17492,#13582,#13583);
#11916=AXIS2_PLACEMENT_3D('',#17494,#13584,#13585);
#11917=AXIS2_PLACEMENT_3D('',#17496,#13587,#13588);
#11918=AXIS2_PLACEMENT_3D('',#17498,#13589,#13590);
#11919=AXIS2_PLACEMENT_3D('',#17499,#13591,#13592);
#11920=AXIS2_PLACEMENT_3D('',#17500,#13593,#13594);
#11921=AXIS2_PLACEMENT_3D('',#17502,#13596,#13597);
#11922=AXIS2_PLACEMENT_3D('',#17506,#13599,#13600);
#11923=AXIS2_PLACEMENT_3D('',#17508,#13602,#13603);
#11924=AXIS2_PLACEMENT_3D('',#17512,#13606,#13607);
#11925=AXIS2_PLACEMENT_3D('',#17516,#13609,#13610);
#11926=AXIS2_PLACEMENT_3D('',#17519,#13612,#13613);
#11927=AXIS2_PLACEMENT_3D('',#17520,#13614,#13615);
#11928=AXIS2_PLACEMENT_3D('',#17522,#13617,#13618);
#11929=AXIS2_PLACEMENT_3D('',#17528,#13622,#13623);
#11930=AXIS2_PLACEMENT_3D('',#17531,#13625,#13626);
#11931=AXIS2_PLACEMENT_3D('',#17532,#13627,#13628);
#11932=AXIS2_PLACEMENT_3D('',#17536,#13631,#13632);
#11933=AXIS2_PLACEMENT_3D('',#17540,#13635,#13636);
#11934=AXIS2_PLACEMENT_3D('',#17543,#13638,#13639);
#11935=AXIS2_PLACEMENT_3D('',#17544,#13640,#13641);
#11936=AXIS2_PLACEMENT_3D('',#17548,#13644,#13645);
#11937=AXIS2_PLACEMENT_3D('',#17551,#13647,#13648);
#11938=AXIS2_PLACEMENT_3D('',#17552,#13649,#13650);
#11939=AXIS2_PLACEMENT_3D('',#17556,#13653,#13654);
#11940=AXIS2_PLACEMENT_3D('',#17560,#13657,#13658);
#11941=AXIS2_PLACEMENT_3D('',#17563,#13660,#13661);
#11942=AXIS2_PLACEMENT_3D('',#17564,#13662,#13663);
#11943=AXIS2_PLACEMENT_3D('',#17568,#13666,#13667);
#11944=AXIS2_PLACEMENT_3D('',#17572,#13670,#13671);
#11945=AXIS2_PLACEMENT_3D('',#17575,#13673,#13674);
#11946=AXIS2_PLACEMENT_3D('',#17576,#13675,#13676);
#11947=AXIS2_PLACEMENT_3D('',#17580,#13679,#13680);
#11948=AXIS2_PLACEMENT_3D('',#17581,#13681,#13682);
#11949=AXIS2_PLACEMENT_3D('',#17582,#13683,#13684);
#11950=AXIS2_PLACEMENT_3D('',#17584,#13686,#13687);
#11951=AXIS2_PLACEMENT_3D('',#17587,#13689,#13690);
#11952=AXIS2_PLACEMENT_3D('',#17588,#13691,#13692);
#11953=AXIS2_PLACEMENT_3D('',#17592,#13695,#13696);
#11954=AXIS2_PLACEMENT_3D('',#17595,#13698,#13699);
#11955=AXIS2_PLACEMENT_3D('',#17596,#13700,#13701);
#11956=AXIS2_PLACEMENT_3D('',#17600,#13704,#13705);
#11957=AXIS2_PLACEMENT_3D('',#17603,#13707,#13708);
#11958=AXIS2_PLACEMENT_3D('',#17604,#13709,#13710);
#11959=AXIS2_PLACEMENT_3D('',#17608,#13713,#13714);
#11960=AXIS2_PLACEMENT_3D('',#17611,#13716,#13717);
#11961=AXIS2_PLACEMENT_3D('',#17612,#13718,#13719);
#11962=AXIS2_PLACEMENT_3D('',#17616,#13722,#13723);
#11963=AXIS2_PLACEMENT_3D('',#17619,#13725,#13726);
#11964=AXIS2_PLACEMENT_3D('',#17620,#13727,#13728);
#11965=AXIS2_PLACEMENT_3D('',#17624,#13731,#13732);
#11966=AXIS2_PLACEMENT_3D('',#17627,#13734,#13735);
#11967=AXIS2_PLACEMENT_3D('',#17628,#13736,#13737);
#11968=AXIS2_PLACEMENT_3D('',#17640,#13744,#13745);
#11969=AXIS2_PLACEMENT_3D('',#17641,#13746,#13747);
#11970=AXIS2_PLACEMENT_3D('',#17642,#13748,#13749);
#11971=AXIS2_PLACEMENT_3D('',#17645,#13750,#13751);
#11972=AXIS2_PLACEMENT_3D('',#17648,#13753,#13754);
#11973=AXIS2_PLACEMENT_3D('',#17653,#13755,#13756);
#11974=AXIS2_PLACEMENT_3D('',#17659,#13760,#13761);
#11975=AXIS2_PLACEMENT_3D('',#17661,#13762,#13763);
#11976=AXIS2_PLACEMENT_3D('',#17663,#13764,#13765);
#11977=AXIS2_PLACEMENT_3D('',#17668,#13766,#13767);
#11978=AXIS2_PLACEMENT_3D('',#17674,#13771,#13772);
#11979=AXIS2_PLACEMENT_3D('',#17676,#13773,#13774);
#11980=AXIS2_PLACEMENT_3D('',#17678,#13775,#13776);
#11981=AXIS2_PLACEMENT_3D('',#17683,#13777,#13778);
#11982=AXIS2_PLACEMENT_3D('',#17688,#13782,#13783);
#11983=AXIS2_PLACEMENT_3D('',#17690,#13784,#13785);
#11984=AXIS2_PLACEMENT_3D('',#17695,#13786,#13787);
#11985=AXIS2_PLACEMENT_3D('',#17699,#13790,#13791);
#11986=AXIS2_PLACEMENT_3D('',#17702,#13793,#13794);
#11987=AXIS2_PLACEMENT_3D('',#17703,#13795,#13796);
#11988=AXIS2_PLACEMENT_3D('',#17704,#13797,#13798);
#11989=AXIS2_PLACEMENT_3D('',#17708,#13801,#13802);
#11990=AXIS2_PLACEMENT_3D('',#17711,#13804,#13805);
#11991=AXIS2_PLACEMENT_3D('',#17712,#13806,#13807);
#11992=AXIS2_PLACEMENT_3D('',#17716,#13810,#13811);
#11993=AXIS2_PLACEMENT_3D('',#17719,#13813,#13814);
#11994=AXIS2_PLACEMENT_3D('',#17720,#13815,#13816);
#11995=AXIS2_PLACEMENT_3D('',#17724,#13819,#13820);
#11996=AXIS2_PLACEMENT_3D('',#17728,#13823,#13824);
#11997=AXIS2_PLACEMENT_3D('',#17731,#13826,#13827);
#11998=AXIS2_PLACEMENT_3D('',#17732,#13828,#13829);
#11999=AXIS2_PLACEMENT_3D('',#17736,#13832,#13833);
#12000=AXIS2_PLACEMENT_3D('',#17740,#13836,#13837);
#12001=AXIS2_PLACEMENT_3D('',#17743,#13839,#13840);
#12002=AXIS2_PLACEMENT_3D('',#17744,#13841,#13842);
#12003=AXIS2_PLACEMENT_3D('',#17748,#13845,#13846);
#12004=AXIS2_PLACEMENT_3D('',#17751,#13848,#13849);
#12005=AXIS2_PLACEMENT_3D('',#17752,#13850,#13851);
#12006=AXIS2_PLACEMENT_3D('',#17756,#13854,#13855);
#12007=AXIS2_PLACEMENT_3D('',#17760,#13858,#13859);
#12008=AXIS2_PLACEMENT_3D('',#17763,#13861,#13862);
#12009=AXIS2_PLACEMENT_3D('',#17764,#13863,#13864);
#12010=AXIS2_PLACEMENT_3D('',#17766,#13866,#13867);
#12011=AXIS2_PLACEMENT_3D('',#17768,#13869,#13870);
#12012=AXIS2_PLACEMENT_3D('',#17770,#13871,#13872);
#12013=AXIS2_PLACEMENT_3D('',#17772,#13873,#13874);
#12014=AXIS2_PLACEMENT_3D('',#17775,#13875,#13876);
#12015=AXIS2_PLACEMENT_3D('',#17777,#13877,#13878);
#12016=AXIS2_PLACEMENT_3D('',#17779,#13879,#13880);
#12017=AXIS2_PLACEMENT_3D('',#17783,#13882,#13883);
#12018=AXIS2_PLACEMENT_3D('',#17787,#13885,#13886);
#12019=AXIS2_PLACEMENT_3D('',#17789,#13887,#13888);
#12020=AXIS2_PLACEMENT_3D('',#17791,#13889,#13890);
#12021=AXIS2_PLACEMENT_3D('',#17793,#13891,#13892);
#12022=AXIS2_PLACEMENT_3D('',#17795,#13893,#13894);
#12023=AXIS2_PLACEMENT_3D('',#17799,#13896,#13897);
#12024=AXIS2_PLACEMENT_3D('',#17803,#13899,#13900);
#12025=AXIS2_PLACEMENT_3D('',#17804,#13901,#13902);
#12026=AXIS2_PLACEMENT_3D('',#17807,#13903,#13904);
#12027=AXIS2_PLACEMENT_3D('',#17809,#13905,#13906);
#12028=AXIS2_PLACEMENT_3D('',#17811,#13907,#13908);
#12029=AXIS2_PLACEMENT_3D('',#17815,#13910,#13911);
#12030=AXIS2_PLACEMENT_3D('',#17819,#13913,#13914);
#12031=AXIS2_PLACEMENT_3D('',#17823,#13916,#13917);
#12032=AXIS2_PLACEMENT_3D('',#17827,#13919,#13920);
#12033=AXIS2_PLACEMENT_3D('',#17831,#13922,#13923);
#12034=AXIS2_PLACEMENT_3D('',#17832,#13924,#13925);
#12035=AXIS2_PLACEMENT_3D('',#17839,#13928,#13929);
#12036=AXIS2_PLACEMENT_3D('',#17843,#13931,#13932);
#12037=AXIS2_PLACEMENT_3D('',#17847,#13934,#13935);
#12038=AXIS2_PLACEMENT_3D('',#17850,#13937,#13938);
#12039=AXIS2_PLACEMENT_3D('',#17855,#13940,#13941);
#12040=AXIS2_PLACEMENT_3D('',#17859,#13943,#13944);
#12041=AXIS2_PLACEMENT_3D('',#17863,#13946,#13947);
#12042=AXIS2_PLACEMENT_3D('',#17867,#13949,#13950);
#12043=AXIS2_PLACEMENT_3D('',#17871,#13952,#13953);
#12044=AXIS2_PLACEMENT_3D('',#17874,#13955,#13956);
#12045=AXIS2_PLACEMENT_3D('',#17879,#13958,#13959);
#12046=AXIS2_PLACEMENT_3D('',#17883,#13961,#13962);
#12047=AXIS2_PLACEMENT_3D('',#17887,#13964,#13965);
#12048=AXIS2_PLACEMENT_3D('',#17891,#13967,#13968);
#12049=AXIS2_PLACEMENT_3D('',#17895,#13970,#13971);
#12050=AXIS2_PLACEMENT_3D('',#17898,#13973,#13974);
#12051=AXIS2_PLACEMENT_3D('',#17903,#13976,#13977);
#12052=AXIS2_PLACEMENT_3D('',#17907,#13979,#13980);
#12053=AXIS2_PLACEMENT_3D('',#17911,#13982,#13983);
#12054=AXIS2_PLACEMENT_3D('',#17915,#13985,#13986);
#12055=AXIS2_PLACEMENT_3D('',#17919,#13988,#13989);
#12056=AXIS2_PLACEMENT_3D('',#17922,#13991,#13992);
#12057=AXIS2_PLACEMENT_3D('',#17927,#13994,#13995);
#12058=AXIS2_PLACEMENT_3D('',#17931,#13997,#13998);
#12059=AXIS2_PLACEMENT_3D('',#17935,#14000,#14001);
#12060=AXIS2_PLACEMENT_3D('',#17939,#14003,#14004);
#12061=AXIS2_PLACEMENT_3D('',#17943,#14006,#14007);
#12062=AXIS2_PLACEMENT_3D('',#17946,#14009,#14010);
#12063=AXIS2_PLACEMENT_3D('',#17948,#14011,#14012);
#12064=AXIS2_PLACEMENT_3D('',#17950,#14013,#14014);
#12065=AXIS2_PLACEMENT_3D('',#17952,#14015,#14016);
#12066=AXIS2_PLACEMENT_3D('',#17955,#14017,#14018);
#12067=AXIS2_PLACEMENT_3D('',#17961,#14021,#14022);
#12068=AXIS2_PLACEMENT_3D('',#17965,#14024,#14025);
#12069=AXIS2_PLACEMENT_3D('',#17969,#14027,#14028);
#12070=AXIS2_PLACEMENT_3D('',#17972,#14030,#14031);
#12071=AXIS2_PLACEMENT_3D('',#17974,#14032,#14033);
#12072=AXIS2_PLACEMENT_3D('',#17979,#14035,#14036);
#12073=AXIS2_PLACEMENT_3D('',#17983,#14038,#14039);
#12074=AXIS2_PLACEMENT_3D('',#17987,#14041,#14042);
#12075=AXIS2_PLACEMENT_3D('',#17991,#14044,#14045);
#12076=AXIS2_PLACEMENT_3D('',#17995,#14047,#14048);
#12077=AXIS2_PLACEMENT_3D('',#17998,#14050,#14051);
#12078=AXIS2_PLACEMENT_3D('',#18003,#14053,#14054);
#12079=AXIS2_PLACEMENT_3D('',#18007,#14056,#14057);
#12080=AXIS2_PLACEMENT_3D('',#18011,#14059,#14060);
#12081=AXIS2_PLACEMENT_3D('',#18015,#14062,#14063);
#12082=AXIS2_PLACEMENT_3D('',#18019,#14065,#14066);
#12083=AXIS2_PLACEMENT_3D('',#18022,#14068,#14069);
#12084=AXIS2_PLACEMENT_3D('',#18027,#14071,#14072);
#12085=AXIS2_PLACEMENT_3D('',#18031,#14074,#14075);
#12086=AXIS2_PLACEMENT_3D('',#18035,#14077,#14078);
#12087=AXIS2_PLACEMENT_3D('',#18039,#14080,#14081);
#12088=AXIS2_PLACEMENT_3D('',#18041,#14082,#14083);
#12089=AXIS2_PLACEMENT_3D('',#18043,#14084,#14085);
#12090=AXIS2_PLACEMENT_3D('',#18045,#14086,#14087);
#12091=AXIS2_PLACEMENT_3D('',#18048,#14089,#14090);
#12092=AXIS2_PLACEMENT_3D('',#18051,#14091,#14092);
#12093=AXIS2_PLACEMENT_3D('',#18053,#14093,#14094);
#12094=AXIS2_PLACEMENT_3D('',#18055,#14095,#14096);
#12095=AXIS2_PLACEMENT_3D('',#18057,#14097,#14098);
#12096=AXIS2_PLACEMENT_3D('',#18059,#14099,#14100);
#12097=AXIS2_PLACEMENT_3D('',#18061,#14101,#14102);
#12098=AXIS2_PLACEMENT_3D('',#18065,#14104,#14105);
#12099=AXIS2_PLACEMENT_3D('',#18069,#14107,#14108);
#12100=AXIS2_PLACEMENT_3D('',#18073,#14110,#14111);
#12101=AXIS2_PLACEMENT_3D('',#18075,#14112,#14113);
#12102=AXIS2_PLACEMENT_3D('',#18077,#14114,#14115);
#12103=AXIS2_PLACEMENT_3D('',#18079,#14116,#14117);
#12104=AXIS2_PLACEMENT_3D('',#18083,#14119,#14120);
#12105=AXIS2_PLACEMENT_3D('',#18087,#14122,#14123);
#12106=AXIS2_PLACEMENT_3D('',#18091,#14125,#14126);
#12107=AXIS2_PLACEMENT_3D('',#18095,#14128,#14129);
#12108=AXIS2_PLACEMENT_3D('',#18099,#14131,#14132);
#12109=AXIS2_PLACEMENT_3D('',#18101,#14133,#14134);
#12110=AXIS2_PLACEMENT_3D('',#18103,#14135,#14136);
#12111=AXIS2_PLACEMENT_3D('',#18107,#14138,#14139);
#12112=AXIS2_PLACEMENT_3D('',#18111,#14141,#14142);
#12113=AXIS2_PLACEMENT_3D('',#18113,#14143,#14144);
#12114=AXIS2_PLACEMENT_3D('',#18115,#14145,#14146);
#12115=AXIS2_PLACEMENT_3D('',#18118,#14148,#14149);
#12116=AXIS2_PLACEMENT_3D('',#18123,#14151,#14152);
#12117=AXIS2_PLACEMENT_3D('',#18127,#14154,#14155);
#12118=AXIS2_PLACEMENT_3D('',#18129,#14156,#14157);
#12119=AXIS2_PLACEMENT_3D('',#18133,#14159,#14160);
#12120=AXIS2_PLACEMENT_3D('',#18137,#14162,#14163);
#12121=AXIS2_PLACEMENT_3D('',#18140,#14165,#14166);
#12122=AXIS2_PLACEMENT_3D('',#18145,#14168,#14169);
#12123=AXIS2_PLACEMENT_3D('',#18149,#14171,#14172);
#12124=AXIS2_PLACEMENT_3D('',#18153,#14174,#14175);
#12125=AXIS2_PLACEMENT_3D('',#18157,#14177,#14178);
#12126=AXIS2_PLACEMENT_3D('',#18161,#14180,#14181);
#12127=AXIS2_PLACEMENT_3D('',#18164,#14183,#14184);
#12128=AXIS2_PLACEMENT_3D('',#18169,#14186,#14187);
#12129=AXIS2_PLACEMENT_3D('',#18173,#14189,#14190);
#12130=AXIS2_PLACEMENT_3D('',#18177,#14192,#14193);
#12131=AXIS2_PLACEMENT_3D('',#18181,#14195,#14196);
#12132=AXIS2_PLACEMENT_3D('',#18185,#14198,#14199);
#12133=AXIS2_PLACEMENT_3D('',#18187,#14200,#14201);
#12134=AXIS2_PLACEMENT_3D('',#18189,#14202,#14203);
#12135=AXIS2_PLACEMENT_3D('',#18190,#14204,#14205);
#12136=AXIS2_PLACEMENT_3D('',#18195,#14207,#14208);
#12137=AXIS2_PLACEMENT_3D('',#18199,#14210,#14211);
#12138=AXIS2_PLACEMENT_3D('',#18203,#14213,#14214);
#12139=AXIS2_PLACEMENT_3D('',#18207,#14216,#14217);
#12140=AXIS2_PLACEMENT_3D('',#18211,#14219,#14220);
#12141=AXIS2_PLACEMENT_3D('',#18214,#14222,#14223);
#12142=AXIS2_PLACEMENT_3D('',#18219,#14225,#14226);
#12143=AXIS2_PLACEMENT_3D('',#18223,#14228,#14229);
#12144=AXIS2_PLACEMENT_3D('',#18227,#14231,#14232);
#12145=AXIS2_PLACEMENT_3D('',#18231,#14234,#14235);
#12146=AXIS2_PLACEMENT_3D('',#18235,#14237,#14238);
#12147=AXIS2_PLACEMENT_3D('',#18238,#14240,#14241);
#12148=AXIS2_PLACEMENT_3D('',#18243,#14243,#14244);
#12149=AXIS2_PLACEMENT_3D('',#18245,#14245,#14246);
#12150=AXIS2_PLACEMENT_3D('',#18247,#14247,#14248);
#12151=AXIS2_PLACEMENT_3D('',#18249,#14249,#14250);
#12152=AXIS2_PLACEMENT_3D('',#18251,#14251,#14252);
#12153=AXIS2_PLACEMENT_3D('',#18255,#14254,#14255);
#12154=AXIS2_PLACEMENT_3D('',#18259,#14257,#14258);
#12155=AXIS2_PLACEMENT_3D('',#18263,#14260,#14261);
#12156=AXIS2_PLACEMENT_3D('',#18266,#14263,#14264);
#12157=AXIS2_PLACEMENT_3D('',#18271,#14266,#14267);
#12158=AXIS2_PLACEMENT_3D('',#18275,#14269,#14270);
#12159=AXIS2_PLACEMENT_3D('',#18279,#14272,#14273);
#12160=AXIS2_PLACEMENT_3D('',#18283,#14275,#14276);
#12161=AXIS2_PLACEMENT_3D('',#18287,#14278,#14279);
#12162=AXIS2_PLACEMENT_3D('',#18290,#14281,#14282);
#12163=AXIS2_PLACEMENT_3D('',#18295,#14284,#14285);
#12164=AXIS2_PLACEMENT_3D('',#18299,#14287,#14288);
#12165=AXIS2_PLACEMENT_3D('',#18303,#14290,#14291);
#12166=AXIS2_PLACEMENT_3D('',#18307,#14293,#14294);
#12167=AXIS2_PLACEMENT_3D('',#18311,#14296,#14297);
#12168=AXIS2_PLACEMENT_3D('',#18314,#14299,#14300);
#12169=AXIS2_PLACEMENT_3D('',#18319,#14302,#14303);
#12170=AXIS2_PLACEMENT_3D('',#18321,#14304,#14305);
#12171=AXIS2_PLACEMENT_3D('',#18325,#14307,#14308);
#12172=AXIS2_PLACEMENT_3D('',#18329,#14310,#14311);
#12173=AXIS2_PLACEMENT_3D('',#18333,#14313,#14314);
#12174=AXIS2_PLACEMENT_3D('',#18337,#14316,#14317);
#12175=AXIS2_PLACEMENT_3D('',#18340,#14319,#14320);
#12176=AXIS2_PLACEMENT_3D('',#18343,#14321,#14322);
#12177=AXIS2_PLACEMENT_3D('',#18347,#14324,#14325);
#12178=AXIS2_PLACEMENT_3D('',#18351,#14327,#14328);
#12179=AXIS2_PLACEMENT_3D('',#18353,#14329,#14330);
#12180=AXIS2_PLACEMENT_3D('',#18355,#14331,#14332);
#12181=AXIS2_PLACEMENT_3D('',#18357,#14333,#14334);
#12182=AXIS2_PLACEMENT_3D('',#18359,#14335,#14336);
#12183=AXIS2_PLACEMENT_3D('',#18363,#14338,#14339);
#12184=AXIS2_PLACEMENT_3D('',#18365,#14340,#14341);
#12185=AXIS2_PLACEMENT_3D('',#18369,#14343,#14344);
#12186=AXIS2_PLACEMENT_3D('',#18373,#14346,#14347);
#12187=AXIS2_PLACEMENT_3D('',#18377,#14349,#14350);
#12188=AXIS2_PLACEMENT_3D('',#18381,#14352,#14353);
#12189=AXIS2_PLACEMENT_3D('',#18384,#14355,#14356);
#12190=AXIS2_PLACEMENT_3D('',#18389,#14358,#14359);
#12191=AXIS2_PLACEMENT_3D('',#18393,#14361,#14362);
#12192=AXIS2_PLACEMENT_3D('',#18397,#14364,#14365);
#12193=AXIS2_PLACEMENT_3D('',#18401,#14367,#14368);
#12194=AXIS2_PLACEMENT_3D('',#18404,#14370,#14371);
#12195=AXIS2_PLACEMENT_3D('',#18409,#14373,#14374);
#12196=AXIS2_PLACEMENT_3D('',#18413,#14376,#14377);
#12197=AXIS2_PLACEMENT_3D('',#18417,#14379,#14380);
#12198=AXIS2_PLACEMENT_3D('',#18421,#14382,#14383);
#12199=AXIS2_PLACEMENT_3D('',#18424,#14385,#14386);
#12200=AXIS2_PLACEMENT_3D('',#18429,#14388,#14389);
#12201=AXIS2_PLACEMENT_3D('',#18433,#14391,#14392);
#12202=AXIS2_PLACEMENT_3D('',#18437,#14394,#14395);
#12203=AXIS2_PLACEMENT_3D('',#18441,#14397,#14398);
#12204=AXIS2_PLACEMENT_3D('',#18444,#14400,#14401);
#12205=AXIS2_PLACEMENT_3D('',#18449,#14403,#14404);
#12206=AXIS2_PLACEMENT_3D('',#18453,#14406,#14407);
#12207=AXIS2_PLACEMENT_3D('',#18457,#14409,#14410);
#12208=AXIS2_PLACEMENT_3D('',#18461,#14412,#14413);
#12209=AXIS2_PLACEMENT_3D('',#18464,#14415,#14416);
#12210=AXIS2_PLACEMENT_3D('',#18467,#14417,#14418);
#12211=AXIS2_PLACEMENT_3D('',#18471,#14420,#14421);
#12212=AXIS2_PLACEMENT_3D('',#18475,#14423,#14424);
#12213=AXIS2_PLACEMENT_3D('',#18479,#14426,#14427);
#12214=AXIS2_PLACEMENT_3D('',#18483,#14429,#14430);
#12215=AXIS2_PLACEMENT_3D('',#18487,#14432,#14433);
#12216=AXIS2_PLACEMENT_3D('',#18491,#14435,#14436);
#12217=AXIS2_PLACEMENT_3D('',#18495,#14438,#14439);
#12218=AXIS2_PLACEMENT_3D('',#18499,#14441,#14442);
#12219=AXIS2_PLACEMENT_3D('',#18503,#14444,#14445);
#12220=AXIS2_PLACEMENT_3D('',#18509,#14448,#14449);
#12221=AXIS2_PLACEMENT_3D('',#18513,#14451,#14452);
#12222=AXIS2_PLACEMENT_3D('',#18517,#14454,#14455);
#12223=AXIS2_PLACEMENT_3D('',#18521,#14457,#14458);
#12224=AXIS2_PLACEMENT_3D('',#18525,#14460,#14461);
#12225=AXIS2_PLACEMENT_3D('',#18528,#14463,#14464);
#12226=AXIS2_PLACEMENT_3D('',#18529,#14465,#14466);
#12227=AXIS2_PLACEMENT_3D('',#18531,#14467,#14468);
#12228=AXIS2_PLACEMENT_3D('',#18532,#14469,#14470);
#12229=AXIS2_PLACEMENT_3D('',#18534,#14471,#14472);
#12230=AXIS2_PLACEMENT_3D('',#18535,#14473,#14474);
#12231=AXIS2_PLACEMENT_3D('',#18537,#14475,#14476);
#12232=AXIS2_PLACEMENT_3D('',#18538,#14477,#14478);
#12233=AXIS2_PLACEMENT_3D('',#18540,#14479,#14480);
#12234=AXIS2_PLACEMENT_3D('',#18541,#14481,#14482);
#12235=AXIS2_PLACEMENT_3D('',#18543,#14483,#14484);
#12236=AXIS2_PLACEMENT_3D('',#18544,#14485,#14486);
#12237=AXIS2_PLACEMENT_3D('',#18548,#14488,#14489);
#12238=AXIS2_PLACEMENT_3D('',#18550,#14491,#14492);
#12239=AXIS2_PLACEMENT_3D('',#18553,#14494,#14495);
#12240=AXIS2_PLACEMENT_3D('',#18554,#14496,#14497);
#12241=AXIS2_PLACEMENT_3D('',#18558,#14500,#14501);
#12242=AXIS2_PLACEMENT_3D('',#18561,#14503,#14504);
#12243=AXIS2_PLACEMENT_3D('',#18562,#14505,#14506);
#12244=AXIS2_PLACEMENT_3D('',#18566,#14509,#14510);
#12245=AXIS2_PLACEMENT_3D('',#18569,#14512,#14513);
#12246=AXIS2_PLACEMENT_3D('',#18570,#14514,#14515);
#12247=AXIS2_PLACEMENT_3D('',#18573,#14517,#14518);
#12248=AXIS2_PLACEMENT_3D('',#18574,#14519,#14520);
#12249=AXIS2_PLACEMENT_3D('',#18577,#14522,#14523);
#12250=AXIS2_PLACEMENT_3D('',#18578,#14524,#14525);
#12251=AXIS2_PLACEMENT_3D('',#18582,#14527,#14528);
#12252=AXIS2_PLACEMENT_3D('',#18584,#14530,#14531);
#12253=AXIS2_PLACEMENT_3D('',#18588,#14534,#14535);
#12254=AXIS2_PLACEMENT_3D('',#18591,#14537,#14538);
#12255=AXIS2_PLACEMENT_3D('',#18592,#14539,#14540);
#12256=AXIS2_PLACEMENT_3D('',#18596,#14543,#14544);
#12257=AXIS2_PLACEMENT_3D('',#18599,#14546,#14547);
#12258=AXIS2_PLACEMENT_3D('',#18600,#14548,#14549);
#12259=AXIS2_PLACEMENT_3D('',#18603,#14551,#14552);
#12260=AXIS2_PLACEMENT_3D('',#18604,#14553,#14554);
#12261=AXIS2_PLACEMENT_3D('',#18607,#14556,#14557);
#12262=AXIS2_PLACEMENT_3D('',#18608,#14558,#14559);
#12263=AXIS2_PLACEMENT_3D('',#18614,#14563,#14564);
#12264=AXIS2_PLACEMENT_3D('',#18617,#14566,#14567);
#12265=AXIS2_PLACEMENT_3D('',#18618,#14568,#14569);
#12266=AXIS2_PLACEMENT_3D('',#18622,#14572,#14573);
#12267=AXIS2_PLACEMENT_3D('',#18629,#14578,#14579);
#12268=AXIS2_PLACEMENT_3D('',#18633,#14581,#14582);
#12269=AXIS2_PLACEMENT_3D('',#18635,#14584,#14585);
#12270=AXIS2_PLACEMENT_3D('',#18639,#14588,#14589);
#12271=AXIS2_PLACEMENT_3D('',#18642,#14591,#14592);
#12272=AXIS2_PLACEMENT_3D('',#18643,#14593,#14594);
#12273=AXIS2_PLACEMENT_3D('',#18647,#14597,#14598);
#12274=AXIS2_PLACEMENT_3D('',#18650,#14600,#14601);
#12275=AXIS2_PLACEMENT_3D('',#18651,#14602,#14603);
#12276=AXIS2_PLACEMENT_3D('',#18655,#14606,#14607);
#12277=AXIS2_PLACEMENT_3D('',#18659,#14609,#14610);
#12278=AXIS2_PLACEMENT_3D('',#18661,#14612,#14613);
#12279=AXIS2_PLACEMENT_3D('',#18665,#14616,#14617);
#12280=AXIS2_PLACEMENT_3D('',#18668,#14619,#14620);
#12281=AXIS2_PLACEMENT_3D('',#18669,#14621,#14622);
#12282=AXIS2_PLACEMENT_3D('',#18673,#14625,#14626);
#12283=AXIS2_PLACEMENT_3D('',#18676,#14628,#14629);
#12284=AXIS2_PLACEMENT_3D('',#18677,#14630,#14631);
#12285=AXIS2_PLACEMENT_3D('',#18681,#14634,#14635);
#12286=AXIS2_PLACEMENT_3D('',#18685,#14637,#14638);
#12287=AXIS2_PLACEMENT_3D('',#18687,#14640,#14641);
#12288=AXIS2_PLACEMENT_3D('',#18691,#14644,#14645);
#12289=AXIS2_PLACEMENT_3D('',#18694,#14647,#14648);
#12290=AXIS2_PLACEMENT_3D('',#18695,#14649,#14650);
#12291=AXIS2_PLACEMENT_3D('',#18699,#14653,#14654);
#12292=AXIS2_PLACEMENT_3D('',#18702,#14656,#14657);
#12293=AXIS2_PLACEMENT_3D('',#18703,#14658,#14659);
#12294=AXIS2_PLACEMENT_3D('',#18707,#14662,#14663);
#12295=AXIS2_PLACEMENT_3D('',#18711,#14665,#14666);
#12296=AXIS2_PLACEMENT_3D('',#18713,#14668,#14669);
#12297=AXIS2_PLACEMENT_3D('',#18717,#14672,#14673);
#12298=AXIS2_PLACEMENT_3D('',#18720,#14675,#14676);
#12299=AXIS2_PLACEMENT_3D('',#18721,#14677,#14678);
#12300=AXIS2_PLACEMENT_3D('',#18725,#14681,#14682);
#12301=AXIS2_PLACEMENT_3D('',#18728,#14684,#14685);
#12302=AXIS2_PLACEMENT_3D('',#18729,#14686,#14687);
#12303=AXIS2_PLACEMENT_3D('',#18733,#14690,#14691);
#12304=AXIS2_PLACEMENT_3D('',#18739,#14695,#14696);
#12305=AXIS2_PLACEMENT_3D('',#18742,#14698,#14699);
#12306=AXIS2_PLACEMENT_3D('',#18743,#14700,#14701);
#12307=AXIS2_PLACEMENT_3D('',#18747,#14704,#14705);
#12308=AXIS2_PLACEMENT_3D('',#18751,#14708,#14709);
#12309=AXIS2_PLACEMENT_3D('',#18754,#14711,#14712);
#12310=AXIS2_PLACEMENT_3D('',#18755,#14713,#14714);
#12311=AXIS2_PLACEMENT_3D('',#18759,#14716,#14717);
#12312=AXIS2_PLACEMENT_3D('',#18761,#14719,#14720);
#12313=AXIS2_PLACEMENT_3D('',#18765,#14723,#14724);
#12314=AXIS2_PLACEMENT_3D('',#18768,#14726,#14727);
#12315=AXIS2_PLACEMENT_3D('',#18769,#14728,#14729);
#12316=AXIS2_PLACEMENT_3D('',#18773,#14732,#14733);
#12317=AXIS2_PLACEMENT_3D('',#18776,#14735,#14736);
#12318=AXIS2_PLACEMENT_3D('',#18777,#14737,#14738);
#12319=AXIS2_PLACEMENT_3D('',#18781,#14741,#14742);
#12320=AXIS2_PLACEMENT_3D('',#18785,#14744,#14745);
#12321=AXIS2_PLACEMENT_3D('',#18787,#14747,#14748);
#12322=AXIS2_PLACEMENT_3D('',#18791,#14751,#14752);
#12323=AXIS2_PLACEMENT_3D('',#18794,#14754,#14755);
#12324=AXIS2_PLACEMENT_3D('',#18795,#14756,#14757);
#12325=AXIS2_PLACEMENT_3D('',#18799,#14760,#14761);
#12326=AXIS2_PLACEMENT_3D('',#18802,#14763,#14764);
#12327=AXIS2_PLACEMENT_3D('',#18803,#14765,#14766);
#12328=AXIS2_PLACEMENT_3D('',#18807,#14769,#14770);
#12329=AXIS2_PLACEMENT_3D('',#18813,#14774,#14775);
#12330=AXIS2_PLACEMENT_3D('',#18816,#14777,#14778);
#12331=AXIS2_PLACEMENT_3D('',#18817,#14779,#14780);
#12332=AXIS2_PLACEMENT_3D('',#18821,#14783,#14784);
#12333=AXIS2_PLACEMENT_3D('',#18824,#14786,#14787);
#12334=AXIS2_PLACEMENT_3D('',#18825,#14788,#14789);
#12335=AXIS2_PLACEMENT_3D('',#18829,#14792,#14793);
#12336=AXIS2_PLACEMENT_3D('',#18832,#14795,#14796);
#12337=AXIS2_PLACEMENT_3D('',#18833,#14797,#14798);
#12338=AXIS2_PLACEMENT_3D('',#18837,#14801,#14802);
#12339=AXIS2_PLACEMENT_3D('',#18841,#14804,#14805);
#12340=AXIS2_PLACEMENT_3D('',#18843,#14807,#14808);
#12341=AXIS2_PLACEMENT_3D('',#18846,#14810,#14811);
#12342=AXIS2_PLACEMENT_3D('',#18847,#14812,#14813);
#12343=AXIS2_PLACEMENT_3D('',#18850,#14815,#14816);
#12344=AXIS2_PLACEMENT_3D('',#18851,#14817,#14818);
#12345=AXIS2_PLACEMENT_3D('',#18854,#14820,#14821);
#12346=AXIS2_PLACEMENT_3D('',#18855,#14822,#14823);
#12347=AXIS2_PLACEMENT_3D('',#18858,#14825,#14826);
#12348=AXIS2_PLACEMENT_3D('',#18859,#14827,#14828);
#12349=AXIS2_PLACEMENT_3D('',#18863,#14830,#14831);
#12350=AXIS2_PLACEMENT_3D('',#18865,#14833,#14834);
#12351=AXIS2_PLACEMENT_3D('',#18869,#14837,#14838);
#12352=AXIS2_PLACEMENT_3D('',#18872,#14840,#14841);
#12353=AXIS2_PLACEMENT_3D('',#18873,#14842,#14843);
#12354=AXIS2_PLACEMENT_3D('',#18876,#14845,#14846);
#12355=AXIS2_PLACEMENT_3D('',#18877,#14847,#14848);
#12356=AXIS2_PLACEMENT_3D('',#18880,#14850,#14851);
#12357=AXIS2_PLACEMENT_3D('',#18881,#14852,#14853);
#12358=AXIS2_PLACEMENT_3D('',#18884,#14855,#14856);
#12359=AXIS2_PLACEMENT_3D('',#18885,#14857,#14858);
#12360=AXIS2_PLACEMENT_3D('',#18889,#14861,#14862);
#12361=AXIS2_PLACEMENT_3D('',#18892,#14864,#14865);
#12362=AXIS2_PLACEMENT_3D('',#18893,#14866,#14867);
#12363=AXIS2_PLACEMENT_3D('',#18897,#14869,#14870);
#12364=AXIS2_PLACEMENT_3D('',#18899,#14872,#14873);
#12365=AXIS2_PLACEMENT_3D('',#18903,#14876,#14877);
#12366=AXIS2_PLACEMENT_3D('',#18906,#14879,#14880);
#12367=AXIS2_PLACEMENT_3D('',#18907,#14881,#14882);
#12368=AXIS2_PLACEMENT_3D('',#18910,#14884,#14885);
#12369=AXIS2_PLACEMENT_3D('',#18911,#14886,#14887);
#12370=AXIS2_PLACEMENT_3D('',#18914,#14889,#14890);
#12371=AXIS2_PLACEMENT_3D('',#18915,#14891,#14892);
#12372=AXIS2_PLACEMENT_3D('',#18921,#14896,#14897);
#12373=AXIS2_PLACEMENT_3D('',#18924,#14899,#14900);
#12374=AXIS2_PLACEMENT_3D('',#18925,#14901,#14902);
#12375=AXIS2_PLACEMENT_3D('',#18928,#14904,#14905);
#12376=AXIS2_PLACEMENT_3D('',#18929,#14906,#14907);
#12377=AXIS2_PLACEMENT_3D('',#18938,#14913,#14914);
#12378=AXIS2_PLACEMENT_3D('',#18941,#14916,#14917);
#12379=AXIS2_PLACEMENT_3D('',#18942,#14918,#14919);
#12380=AXIS2_PLACEMENT_3D('',#18946,#14922,#14923);
#12381=AXIS2_PLACEMENT_3D('',#18950,#14925,#14926);
#12382=AXIS2_PLACEMENT_3D('',#18952,#14928,#14929);
#12383=AXIS2_PLACEMENT_3D('',#18956,#14932,#14933);
#12384=AXIS2_PLACEMENT_3D('',#18959,#14935,#14936);
#12385=AXIS2_PLACEMENT_3D('',#18960,#14937,#14938);
#12386=AXIS2_PLACEMENT_3D('',#18964,#14941,#14942);
#12387=AXIS2_PLACEMENT_3D('',#18967,#14944,#14945);
#12388=AXIS2_PLACEMENT_3D('',#18968,#14946,#14947);
#12389=AXIS2_PLACEMENT_3D('',#18972,#14950,#14951);
#12390=AXIS2_PLACEMENT_3D('',#18978,#14955,#14956);
#12391=AXIS2_PLACEMENT_3D('',#18981,#14958,#14959);
#12392=AXIS2_PLACEMENT_3D('',#18982,#14960,#14961);
#12393=AXIS2_PLACEMENT_3D('',#18986,#14964,#14965);
#12394=AXIS2_PLACEMENT_3D('',#18989,#14967,#14968);
#12395=AXIS2_PLACEMENT_3D('',#18990,#14969,#14970);
#12396=AXIS2_PLACEMENT_3D('',#18994,#14973,#14974);
#12397=AXIS2_PLACEMENT_3D('',#18997,#14976,#14977);
#12398=AXIS2_PLACEMENT_3D('',#18998,#14978,#14979);
#12399=AXIS2_PLACEMENT_3D('',#19002,#14982,#14983);
#12400=AXIS2_PLACEMENT_3D('',#19006,#14985,#14986);
#12401=AXIS2_PLACEMENT_3D('',#19008,#14988,#14989);
#12402=AXIS2_PLACEMENT_3D('',#19012,#14992,#14993);
#12403=AXIS2_PLACEMENT_3D('',#19015,#14995,#14996);
#12404=AXIS2_PLACEMENT_3D('',#19016,#14997,#14998);
#12405=AXIS2_PLACEMENT_3D('',#19020,#15001,#15002);
#12406=AXIS2_PLACEMENT_3D('',#19023,#15004,#15005);
#12407=AXIS2_PLACEMENT_3D('',#19024,#15006,#15007);
#12408=AXIS2_PLACEMENT_3D('',#19028,#15010,#15011);
#12409=AXIS2_PLACEMENT_3D('',#19032,#15013,#15014);
#12410=AXIS2_PLACEMENT_3D('',#19034,#15016,#15017);
#12411=AXIS2_PLACEMENT_3D('',#19038,#15020,#15021);
#12412=AXIS2_PLACEMENT_3D('',#19041,#15023,#15024);
#12413=AXIS2_PLACEMENT_3D('',#19042,#15025,#15026);
#12414=AXIS2_PLACEMENT_3D('',#19046,#15029,#15030);
#12415=AXIS2_PLACEMENT_3D('',#19049,#15032,#15033);
#12416=AXIS2_PLACEMENT_3D('',#19050,#15034,#15035);
#12417=AXIS2_PLACEMENT_3D('',#19054,#15038,#15039);
#12418=AXIS2_PLACEMENT_3D('',#19060,#15043,#15044);
#12419=AXIS2_PLACEMENT_3D('',#19063,#15046,#15047);
#12420=AXIS2_PLACEMENT_3D('',#19064,#15048,#15049);
#12421=AXIS2_PLACEMENT_3D('',#19067,#15051,#15052);
#12422=AXIS2_PLACEMENT_3D('',#19068,#15053,#15054);
#12423=AXIS2_PLACEMENT_3D('',#19071,#15056,#15057);
#12424=AXIS2_PLACEMENT_3D('',#19072,#15058,#15059);
#12425=AXIS2_PLACEMENT_3D('',#19075,#15061,#15062);
#12426=AXIS2_PLACEMENT_3D('',#19076,#15063,#15064);
#12427=AXIS2_PLACEMENT_3D('',#19079,#15066,#15067);
#12428=AXIS2_PLACEMENT_3D('',#19080,#15068,#15069);
#12429=AXIS2_PLACEMENT_3D('',#19084,#15072,#15073);
#12430=AXIS2_PLACEMENT_3D('',#19088,#15075,#15076);
#12431=AXIS2_PLACEMENT_3D('',#19090,#15078,#15079);
#12432=AXIS2_PLACEMENT_3D('',#19094,#15082,#15083);
#12433=AXIS2_PLACEMENT_3D('',#19097,#15085,#15086);
#12434=AXIS2_PLACEMENT_3D('',#19098,#15087,#15088);
#12435=AXIS2_PLACEMENT_3D('',#19102,#15091,#15092);
#12436=AXIS2_PLACEMENT_3D('',#19105,#15094,#15095);
#12437=AXIS2_PLACEMENT_3D('',#19106,#15096,#15097);
#12438=AXIS2_PLACEMENT_3D('',#19110,#15100,#15101);
#12439=AXIS2_PLACEMENT_3D('',#19114,#15103,#15104);
#12440=AXIS2_PLACEMENT_3D('',#19116,#15106,#15107);
#12441=AXIS2_PLACEMENT_3D('',#19120,#15110,#15111);
#12442=AXIS2_PLACEMENT_3D('',#19123,#15113,#15114);
#12443=AXIS2_PLACEMENT_3D('',#19124,#15115,#15116);
#12444=AXIS2_PLACEMENT_3D('',#19128,#15119,#15120);
#12445=AXIS2_PLACEMENT_3D('',#19131,#15122,#15123);
#12446=AXIS2_PLACEMENT_3D('',#19132,#15124,#15125);
#12447=AXIS2_PLACEMENT_3D('',#19136,#15128,#15129);
#12448=AXIS2_PLACEMENT_3D('',#19140,#15131,#15132);
#12449=AXIS2_PLACEMENT_3D('',#19142,#15134,#15135);
#12450=AXIS2_PLACEMENT_3D('',#19146,#15138,#15139);
#12451=AXIS2_PLACEMENT_3D('',#19149,#15141,#15142);
#12452=AXIS2_PLACEMENT_3D('',#19150,#15143,#15144);
#12453=AXIS2_PLACEMENT_3D('',#19154,#15146,#15147);
#12454=AXIS2_PLACEMENT_3D('',#19156,#15149,#15150);
#12455=AXIS2_PLACEMENT_3D('',#19159,#15152,#15153);
#12456=AXIS2_PLACEMENT_3D('',#19160,#15154,#15155);
#12457=AXIS2_PLACEMENT_3D('',#19164,#15158,#15159);
#12458=AXIS2_PLACEMENT_3D('',#19168,#15161,#15162);
#12459=AXIS2_PLACEMENT_3D('',#19170,#15164,#15165);
#12460=AXIS2_PLACEMENT_3D('',#19174,#15168,#15169);
#12461=AXIS2_PLACEMENT_3D('',#19177,#15171,#15172);
#12462=AXIS2_PLACEMENT_3D('',#19178,#15173,#15174);
#12463=AXIS2_PLACEMENT_3D('',#19182,#15177,#15178);
#12464=AXIS2_PLACEMENT_3D('',#19185,#15180,#15181);
#12465=AXIS2_PLACEMENT_3D('',#19186,#15182,#15183);
#12466=AXIS2_PLACEMENT_3D('',#19195,#15189,#15190);
#12467=AXIS2_PLACEMENT_3D('',#19199,#15192,#15193);
#12468=AXIS2_PLACEMENT_3D('',#19201,#15195,#15196);
#12469=AXIS2_PLACEMENT_3D('',#19205,#15199,#15200);
#12470=AXIS2_PLACEMENT_3D('',#19208,#15202,#15203);
#12471=AXIS2_PLACEMENT_3D('',#19209,#15204,#15205);
#12472=AXIS2_PLACEMENT_3D('',#19213,#15208,#15209);
#12473=AXIS2_PLACEMENT_3D('',#19216,#15211,#15212);
#12474=AXIS2_PLACEMENT_3D('',#19217,#15213,#15214);
#12475=AXIS2_PLACEMENT_3D('',#19220,#15216,#15217);
#12476=AXIS2_PLACEMENT_3D('',#19221,#15218,#15219);
#12477=AXIS2_PLACEMENT_3D('',#19227,#15223,#15224);
#12478=AXIS2_PLACEMENT_3D('',#19230,#15226,#15227);
#12479=AXIS2_PLACEMENT_3D('',#19231,#15228,#15229);
#12480=AXIS2_PLACEMENT_3D('',#19235,#15232,#15233);
#12481=AXIS2_PLACEMENT_3D('',#19238,#15235,#15236);
#12482=AXIS2_PLACEMENT_3D('',#19239,#15237,#15238);
#12483=AXIS2_PLACEMENT_3D('',#19243,#15241,#15242);
#12484=AXIS2_PLACEMENT_3D('',#19249,#15246,#15247);
#12485=AXIS2_PLACEMENT_3D('',#19252,#15249,#15250);
#12486=AXIS2_PLACEMENT_3D('',#19253,#15251,#15252);
#12487=AXIS2_PLACEMENT_3D('',#19257,#15255,#15256);
#12488=AXIS2_PLACEMENT_3D('',#19260,#15258,#15259);
#12489=AXIS2_PLACEMENT_3D('',#19261,#15260,#15261);
#12490=AXIS2_PLACEMENT_3D('',#19265,#15264,#15265);
#12491=AXIS2_PLACEMENT_3D('',#19271,#15269,#15270);
#12492=AXIS2_PLACEMENT_3D('',#19274,#15272,#15273);
#12493=AXIS2_PLACEMENT_3D('',#19275,#15274,#15275);
#12494=AXIS2_PLACEMENT_3D('',#19279,#15278,#15279);
#12495=AXIS2_PLACEMENT_3D('',#19282,#15281,#15282);
#12496=AXIS2_PLACEMENT_3D('',#19283,#15283,#15284);
#12497=AXIS2_PLACEMENT_3D('',#19287,#15287,#15288);
#12498=AXIS2_PLACEMENT_3D('',#19293,#15292,#15293);
#12499=AXIS2_PLACEMENT_3D('',#19296,#15295,#15296);
#12500=AXIS2_PLACEMENT_3D('',#19297,#15297,#15298);
#12501=AXIS2_PLACEMENT_3D('',#19301,#15301,#15302);
#12502=AXIS2_PLACEMENT_3D('',#19304,#15304,#15305);
#12503=AXIS2_PLACEMENT_3D('',#19305,#15306,#15307);
#12504=AXIS2_PLACEMENT_3D('',#19309,#15310,#15311);
#12505=AXIS2_PLACEMENT_3D('',#19315,#15315,#15316);
#12506=AXIS2_PLACEMENT_3D('',#19318,#15318,#15319);
#12507=AXIS2_PLACEMENT_3D('',#19319,#15320,#15321);
#12508=AXIS2_PLACEMENT_3D('',#19323,#15324,#15325);
#12509=AXIS2_PLACEMENT_3D('',#19326,#15327,#15328);
#12510=AXIS2_PLACEMENT_3D('',#19327,#15329,#15330);
#12511=AXIS2_PLACEMENT_3D('',#19333,#15334,#15335);
#12512=AXIS2_PLACEMENT_3D('',#19336,#15337,#15338);
#12513=AXIS2_PLACEMENT_3D('',#19337,#15339,#15340);
#12514=AXIS2_PLACEMENT_3D('',#19341,#15343,#15344);
#12515=AXIS2_PLACEMENT_3D('',#19344,#15346,#15347);
#12516=AXIS2_PLACEMENT_3D('',#19345,#15348,#15349);
#12517=AXIS2_PLACEMENT_3D('',#19349,#15352,#15353);
#12518=AXIS2_PLACEMENT_3D('',#19352,#15355,#15356);
#12519=AXIS2_PLACEMENT_3D('',#19353,#15357,#15358);
#12520=AXIS2_PLACEMENT_3D('',#19357,#15360,#15361);
#12521=AXIS2_PLACEMENT_3D('',#19359,#15363,#15364);
#12522=AXIS2_PLACEMENT_3D('',#19363,#15367,#15368);
#12523=AXIS2_PLACEMENT_3D('',#19366,#15370,#15371);
#12524=AXIS2_PLACEMENT_3D('',#19367,#15372,#15373);
#12525=AXIS2_PLACEMENT_3D('',#19371,#15376,#15377);
#12526=AXIS2_PLACEMENT_3D('',#19374,#15379,#15380);
#12527=AXIS2_PLACEMENT_3D('',#19375,#15381,#15382);
#12528=AXIS2_PLACEMENT_3D('',#19379,#15385,#15386);
#12529=AXIS2_PLACEMENT_3D('',#19381,#15388,#15389);
#12530=AXIS2_PLACEMENT_3D('',#19383,#15391,#15392);
#12531=AXIS2_PLACEMENT_3D('',#19385,#15394,#15395);
#12532=AXIS2_PLACEMENT_3D('',#19387,#15397,#15398);
#12533=AXIS2_PLACEMENT_3D('',#19388,#15399,#15400);
#12534=AXIS2_PLACEMENT_3D('',#19389,#15401,#15402);
#12535=AXIS2_PLACEMENT_3D('',#19393,#15404,#15405);
#12536=AXIS2_PLACEMENT_3D('',#19396,#15407,#15408);
#12537=AXIS2_PLACEMENT_3D('',#19397,#15409,#15410);
#12538=AXIS2_PLACEMENT_3D('',#19399,#15411,#15412);
#12539=AXIS2_PLACEMENT_3D('',#19400,#15413,#15414);
#12540=AXIS2_PLACEMENT_3D('',#19402,#15415,#15416);
#12541=AXIS2_PLACEMENT_3D('',#19403,#15417,#15418);
#12542=AXIS2_PLACEMENT_3D('',#19405,#15419,#15420);
#12543=AXIS2_PLACEMENT_3D('',#19406,#15421,#15422);
#12544=AXIS2_PLACEMENT_3D('',#19408,#15423,#15424);
#12545=AXIS2_PLACEMENT_3D('',#19409,#15425,#15426);
#12546=AXIS2_PLACEMENT_3D('',#19411,#15427,#15428);
#12547=AXIS2_PLACEMENT_3D('',#19412,#15429,#15430);
#12548=AXIS2_PLACEMENT_3D('',#19414,#15431,#15432);
#12549=AXIS2_PLACEMENT_3D('',#19415,#15433,#15434);
#12550=AXIS2_PLACEMENT_3D('',#19417,#15435,#15436);
#12551=AXIS2_PLACEMENT_3D('',#19418,#15437,#15438);
#12552=AXIS2_PLACEMENT_3D('',#19421,#15440,#15441);
#12553=AXIS2_PLACEMENT_3D('',#19422,#15442,#15443);
#12554=AXIS2_PLACEMENT_3D('',#19427,#15447,#15448);
#12555=AXIS2_PLACEMENT_3D('',#19436,#15453,#15454);
#12556=AXIS2_PLACEMENT_3D('',#19438,#15455,#15456);
#12557=AXIS2_PLACEMENT_3D('',#19441,#15458,#15459);
#12558=AXIS2_PLACEMENT_3D('',#19442,#15460,#15461);
#12559=AXIS2_PLACEMENT_3D('',#19448,#15465,#15466);
#12560=AXIS2_PLACEMENT_3D('',#19457,#15471,#15472);
#12561=AXIS2_PLACEMENT_3D('',#19466,#15477,#15478);
#12562=AXIS2_PLACEMENT_3D('',#19475,#15484,#15485);
#12563=AXIS2_PLACEMENT_3D('',#19477,#15486,#15487);
#12564=AXIS2_PLACEMENT_3D('',#19480,#15489,#15490);
#12565=AXIS2_PLACEMENT_3D('',#19481,#15491,#15492);
#12566=AXIS2_PLACEMENT_3D('',#19483,#15493,#15494);
#12567=AXIS2_PLACEMENT_3D('',#19484,#15495,#15496);
#12568=AXIS2_PLACEMENT_3D('',#19487,#15498,#15499);
#12569=AXIS2_PLACEMENT_3D('',#19488,#15500,#15501);
#12570=AXIS2_PLACEMENT_3D('',#19491,#15503,#15504);
#12571=AXIS2_PLACEMENT_3D('',#19492,#15505,#15506);
#12572=AXIS2_PLACEMENT_3D('',#19494,#15508,#15509);
#12573=AXIS2_PLACEMENT_3D('',#19496,#15510,#15511);
#12574=AXIS2_PLACEMENT_3D('',#19499,#15513,#15514);
#12575=AXIS2_PLACEMENT_3D('',#19500,#15515,#15516);
#12576=AXIS2_PLACEMENT_3D('',#19502,#15517,#15518);
#12577=AXIS2_PLACEMENT_3D('',#19503,#15519,#15520);
#12578=AXIS2_PLACEMENT_3D('',#19506,#15522,#15523);
#12579=AXIS2_PLACEMENT_3D('',#19507,#15524,#15525);
#12580=AXIS2_PLACEMENT_3D('',#19510,#15527,#15528);
#12581=AXIS2_PLACEMENT_3D('',#19511,#15529,#15530);
#12582=AXIS2_PLACEMENT_3D('',#19513,#15532,#15533);
#12583=AXIS2_PLACEMENT_3D('',#19515,#15534,#15535);
#12584=AXIS2_PLACEMENT_3D('',#19518,#15537,#15538);
#12585=AXIS2_PLACEMENT_3D('',#19519,#15539,#15540);
#12586=AXIS2_PLACEMENT_3D('',#19521,#15541,#15542);
#12587=AXIS2_PLACEMENT_3D('',#19522,#15543,#15544);
#12588=AXIS2_PLACEMENT_3D('',#19525,#15546,#15547);
#12589=AXIS2_PLACEMENT_3D('',#19526,#15548,#15549);
#12590=AXIS2_PLACEMENT_3D('',#19529,#15551,#15552);
#12591=AXIS2_PLACEMENT_3D('',#19530,#15553,#15554);
#12592=AXIS2_PLACEMENT_3D('',#19532,#15556,#15557);
#12593=AXIS2_PLACEMENT_3D('',#19534,#15558,#15559);
#12594=AXIS2_PLACEMENT_3D('',#19537,#15561,#15562);
#12595=AXIS2_PLACEMENT_3D('',#19538,#15563,#15564);
#12596=AXIS2_PLACEMENT_3D('',#19540,#15565,#15566);
#12597=AXIS2_PLACEMENT_3D('',#19541,#15567,#15568);
#12598=AXIS2_PLACEMENT_3D('',#19543,#15570,#15571);
#12599=AXIS2_PLACEMENT_3D('',#19546,#15573,#15574);
#12600=AXIS2_PLACEMENT_3D('',#19547,#15575,#15576);
#12601=AXIS2_PLACEMENT_3D('',#19550,#15578,#15579);
#12602=AXIS2_PLACEMENT_3D('',#19551,#15580,#15581);
#12603=AXIS2_PLACEMENT_3D('',#19553,#15582,#15583);
#12604=AXIS2_PLACEMENT_3D('',#19556,#15585,#15586);
#12605=AXIS2_PLACEMENT_3D('',#19557,#15587,#15588);
#12606=AXIS2_PLACEMENT_3D('',#19559,#15589,#15590);
#12607=AXIS2_PLACEMENT_3D('',#19560,#15591,#15592);
#12608=AXIS2_PLACEMENT_3D('',#19563,#15594,#15595);
#12609=AXIS2_PLACEMENT_3D('',#19564,#15596,#15597);
#12610=AXIS2_PLACEMENT_3D('',#19567,#15599,#15600);
#12611=AXIS2_PLACEMENT_3D('',#19568,#15601,#15602);
#12612=AXIS2_PLACEMENT_3D('',#19570,#15604,#15605);
#12613=AXIS2_PLACEMENT_3D('',#19571,#15606,#15607);
#12614=AXIS2_PLACEMENT_3D('',#19572,#15608,#15609);
#12615=AXIS2_PLACEMENT_3D('',#19573,#15610,#15611);
#12616=AXIS2_PLACEMENT_3D('',#19576,#15613,#15614);
#12617=AXIS2_PLACEMENT_3D('',#19577,#15615,#15616);
#12618=AXIS2_PLACEMENT_3D('',#19581,#15619,#15620);
#12619=AXIS2_PLACEMENT_3D('',#19585,#15622,#15623);
#12620=AXIS2_PLACEMENT_3D('',#19587,#15624,#15625);
#12621=AXIS2_PLACEMENT_3D('',#19589,#15627,#15628);
#12622=AXIS2_PLACEMENT_3D('',#19595,#15632,#15633);
#12623=AXIS2_PLACEMENT_3D('',#19596,#15634,#15635);
#12624=AXIS2_PLACEMENT_3D('',#19597,#15636,#15637);
#12625=AXIS2_PLACEMENT_3D('',#19607,#15643,#15644);
#12626=AXIS2_PLACEMENT_3D('',#19610,#15646,#15647);
#12627=AXIS2_PLACEMENT_3D('',#19611,#15648,#15649);
#12628=AXIS2_PLACEMENT_3D('',#19615,#15652,#15653);
#12629=AXIS2_PLACEMENT_3D('',#19618,#15655,#15656);
#12630=AXIS2_PLACEMENT_3D('',#19619,#15657,#15658);
#12631=AXIS2_PLACEMENT_3D('',#19621,#15659,#15660);
#12632=AXIS2_PLACEMENT_3D('',#19623,#15662,#15663);
#12633=AXIS2_PLACEMENT_3D('',#19625,#15664,#15665);
#12634=AXIS2_PLACEMENT_3D('',#19627,#15667,#15668);
#12635=AXIS2_PLACEMENT_3D('',#19630,#15670,#15671);
#12636=AXIS2_PLACEMENT_3D('',#19631,#15672,#15673);
#12637=AXIS2_PLACEMENT_3D('',#19633,#15674,#15675);
#12638=AXIS2_PLACEMENT_3D('',#19635,#15677,#15678);
#12639=AXIS2_PLACEMENT_3D('',#19637,#15679,#15680);
#12640=AXIS2_PLACEMENT_3D('',#19639,#15682,#15683);
#12641=AXIS2_PLACEMENT_3D('',#19642,#15685,#15686);
#12642=AXIS2_PLACEMENT_3D('',#19643,#15687,#15688);
#12643=AXIS2_PLACEMENT_3D('',#19647,#15691,#15692);
#12644=AXIS2_PLACEMENT_3D('',#19651,#15694,#15695);
#12645=AXIS2_PLACEMENT_3D('',#19653,#15697,#15698);
#12646=AXIS2_PLACEMENT_3D('',#19655,#15699,#15700);
#12647=AXIS2_PLACEMENT_3D('',#19657,#15702,#15703);
#12648=AXIS2_PLACEMENT_3D('',#19659,#15704,#15705);
#12649=AXIS2_PLACEMENT_3D('',#19661,#15707,#15708);
#12650=AXIS2_PLACEMENT_3D('',#19665,#15710,#15711);
#12651=AXIS2_PLACEMENT_3D('',#19667,#15713,#15714);
#12652=AXIS2_PLACEMENT_3D('',#19670,#15716,#15717);
#12653=AXIS2_PLACEMENT_3D('',#19671,#15718,#15719);
#12654=AXIS2_PLACEMENT_3D('',#19673,#15720,#15721);
#12655=AXIS2_PLACEMENT_3D('',#19675,#15723,#15724);
#12656=AXIS2_PLACEMENT_3D('',#19677,#15725,#15726);
#12657=AXIS2_PLACEMENT_3D('',#19679,#15728,#15729);
#12658=AXIS2_PLACEMENT_3D('',#19681,#15730,#15731);
#12659=AXIS2_PLACEMENT_3D('',#19683,#15733,#15734);
#12660=AXIS2_PLACEMENT_3D('',#19689,#15738,#15739);
#12661=AXIS2_PLACEMENT_3D('',#19693,#15741,#15742);
#12662=AXIS2_PLACEMENT_3D('',#19695,#15744,#15745);
#12663=AXIS2_PLACEMENT_3D('',#19698,#15747,#15748);
#12664=AXIS2_PLACEMENT_3D('',#19699,#15749,#15750);
#12665=AXIS2_PLACEMENT_3D('',#19702,#15752,#15753);
#12666=AXIS2_PLACEMENT_3D('',#19703,#15754,#15755);
#12667=AXIS2_PLACEMENT_3D('',#19707,#15758,#15759);
#12668=AXIS2_PLACEMENT_3D('',#19710,#15761,#15762);
#12669=AXIS2_PLACEMENT_3D('',#19711,#15763,#15764);
#12670=AXIS2_PLACEMENT_3D('',#19715,#15767,#15768);
#12671=AXIS2_PLACEMENT_3D('',#19717,#15769,#15770);
#12672=AXIS2_PLACEMENT_3D('',#19719,#15772,#15773);
#12673=AXIS2_PLACEMENT_3D('',#19721,#15774,#15775);
#12674=AXIS2_PLACEMENT_3D('',#19723,#15777,#15778);
#12675=AXIS2_PLACEMENT_3D('',#19725,#15780,#15781);
#12676=AXIS2_PLACEMENT_3D('',#19727,#15782,#15783);
#12677=AXIS2_PLACEMENT_3D('',#19730,#15785,#15786);
#12678=AXIS2_PLACEMENT_3D('',#19731,#15787,#15788);
#12679=AXIS2_PLACEMENT_3D('',#19733,#15789,#15790);
#12680=AXIS2_PLACEMENT_3D('',#19737,#15792,#15793);
#12681=AXIS2_PLACEMENT_3D('',#19741,#15795,#15796);
#12682=AXIS2_PLACEMENT_3D('',#19743,#15798,#15799);
#12683=AXIS2_PLACEMENT_3D('',#19744,#15800,#15801);
#12684=AXIS2_PLACEMENT_3D('',#19746,#15802,#15803);
#12685=AXIS2_PLACEMENT_3D('',#19749,#15805,#15806);
#12686=AXIS2_PLACEMENT_3D('',#19750,#15807,#15808);
#12687=AXIS2_PLACEMENT_3D('',#19751,#15809,#15810);
#12688=AXIS2_PLACEMENT_3D('',#19753,#15811,#15812);
#12689=AXIS2_PLACEMENT_3D('',#19756,#15814,#15815);
#12690=AXIS2_PLACEMENT_3D('',#19757,#15816,#15817);
#12691=AXIS2_PLACEMENT_3D('',#19760,#15819,#15820);
#12692=AXIS2_PLACEMENT_3D('',#19766,#15825,#15826);
#12693=AXIS2_PLACEMENT_3D('',#19769,#15828,#15829);
#12694=AXIS2_PLACEMENT_3D('',#19771,#15830,#15831);
#12695=AXIS2_PLACEMENT_3D('',#19775,#15833,#15834);
#12696=AXIS2_PLACEMENT_3D('',#19778,#15836,#15837);
#12697=AXIS2_PLACEMENT_3D('',#19780,#15838,#15839);
#12698=AXIS2_PLACEMENT_3D('',#19784,#15841,#15842);
#12699=AXIS2_PLACEMENT_3D('',#19788,#15844,#15845);
#12700=AXIS2_PLACEMENT_3D('',#19791,#15847,#15848);
#12701=AXIS2_PLACEMENT_3D('',#19795,#15850,#15851);
#12702=AXIS2_PLACEMENT_3D('',#19799,#15853,#15854);
#12703=AXIS2_PLACEMENT_3D('',#19804,#15857,#15858);
#12704=AXIS2_PLACEMENT_3D('',#19808,#15860,#15861);
#12705=AXIS2_PLACEMENT_3D('',#19811,#15863,#15864);
#12706=AXIS2_PLACEMENT_3D('',#19813,#15865,#15866);
#12707=AXIS2_PLACEMENT_3D('',#19817,#15868,#15869);
#12708=AXIS2_PLACEMENT_3D('',#19820,#15871,#15872);
#12709=AXIS2_PLACEMENT_3D('',#19824,#15874,#15875);
#12710=AXIS2_PLACEMENT_3D('',#19827,#15877,#15878);
#12711=AXIS2_PLACEMENT_3D('',#19831,#15880,#15881);
#12712=AXIS2_PLACEMENT_3D('',#19834,#15883,#15884);
#12713=AXIS2_PLACEMENT_3D('',#19838,#15886,#15887);
#12714=AXIS2_PLACEMENT_3D('',#19841,#15889,#15890);
#12715=AXIS2_PLACEMENT_3D('',#19845,#15892,#15893);
#12716=AXIS2_PLACEMENT_3D('',#19848,#15895,#15896);
#12717=AXIS2_PLACEMENT_3D('',#19852,#15898,#15899);
#12718=AXIS2_PLACEMENT_3D('',#19856,#15901,#15902);
#12719=AXIS2_PLACEMENT_3D('',#19859,#15904,#15905);
#12720=AXIS2_PLACEMENT_3D('',#19863,#15907,#15908);
#12721=AXIS2_PLACEMENT_3D('',#19867,#15910,#15911);
#12722=AXIS2_PLACEMENT_3D('',#19873,#15914,#15915);
#12723=AXIS2_PLACEMENT_3D('',#19877,#15917,#15918);
#12724=AXIS2_PLACEMENT_3D('',#19879,#15920,#15921);
#12725=AXIS2_PLACEMENT_3D('',#19881,#15922,#15923);
#12726=AXIS2_PLACEMENT_3D('',#19885,#15925,#15926);
#12727=AXIS2_PLACEMENT_3D('',#19889,#15928,#15929);
#12728=AXIS2_PLACEMENT_3D('',#19892,#15931,#15932);
#12729=AXIS2_PLACEMENT_3D('',#19894,#15933,#15934);
#12730=AXIS2_PLACEMENT_3D('',#19898,#15936,#15937);
#12731=AXIS2_PLACEMENT_3D('',#19902,#15939,#15940);
#12732=AXIS2_PLACEMENT_3D('',#19905,#15942,#15943);
#12733=AXIS2_PLACEMENT_3D('',#19909,#15945,#15946);
#12734=AXIS2_PLACEMENT_3D('',#19913,#15948,#15949);
#12735=AXIS2_PLACEMENT_3D('',#19915,#15951,#15952);
#12736=AXIS2_PLACEMENT_3D('',#19918,#15954,#15955);
#12737=AXIS2_PLACEMENT_3D('',#19920,#15956,#15957);
#12738=AXIS2_PLACEMENT_3D('',#19924,#15959,#15960);
#12739=AXIS2_PLACEMENT_3D('',#19928,#15962,#15963);
#12740=AXIS2_PLACEMENT_3D('',#19931,#15965,#15966);
#12741=AXIS2_PLACEMENT_3D('',#19935,#15968,#15969);
#12742=AXIS2_PLACEMENT_3D('',#19939,#15971,#15972);
#12743=AXIS2_PLACEMENT_3D('',#19944,#15975,#15976);
#12744=AXIS2_PLACEMENT_3D('',#19948,#15978,#15979);
#12745=AXIS2_PLACEMENT_3D('',#19952,#15981,#15982);
#12746=AXIS2_PLACEMENT_3D('',#19955,#15984,#15985);
#12747=AXIS2_PLACEMENT_3D('',#19957,#15987,#15988);
#12748=AXIS2_PLACEMENT_3D('',#19959,#15989,#15990);
#12749=AXIS2_PLACEMENT_3D('',#19963,#15992,#15993);
#12750=AXIS2_PLACEMENT_3D('',#19967,#15995,#15996);
#12751=AXIS2_PLACEMENT_3D('',#19970,#15998,#15999);
#12752=AXIS2_PLACEMENT_3D('',#19974,#16001,#16002);
#12753=AXIS2_PLACEMENT_3D('',#19978,#16004,#16005);
#12754=AXIS2_PLACEMENT_3D('',#19981,#16007,#16008);
#12755=AXIS2_PLACEMENT_3D('',#19985,#16010,#16011);
#12756=AXIS2_PLACEMENT_3D('',#19989,#16013,#16014);
#12757=AXIS2_PLACEMENT_3D('',#19991,#16016,#16017);
#12758=AXIS2_PLACEMENT_3D('',#19992,#16018,#16019);
#12759=AXIS2_PLACEMENT_3D('',#19993,#16020,#16021);
#12760=AXIS2_PLACEMENT_3D('',#19994,#16022,#16023);
#12761=AXIS2_PLACEMENT_3D('',#19996,#16025,#16026);
#12762=AXIS2_PLACEMENT_3D('',#19998,#16028,#16029);
#12763=AXIS2_PLACEMENT_3D('',#20000,#16031,#16032);
#12764=AXIS2_PLACEMENT_3D('',#20002,#16034,#16035);
#12765=AXIS2_PLACEMENT_3D('',#20004,#16037,#16038);
#12766=AXIS2_PLACEMENT_3D('',#20006,#16040,#16041);
#12767=AXIS2_PLACEMENT_3D('',#20007,#16042,#16043);
#12768=AXIS2_PLACEMENT_3D('',#20009,#16045,#16046);
#12769=AXIS2_PLACEMENT_3D('',#20011,#16048,#16049);
#12770=AXIS2_PLACEMENT_3D('',#20013,#16051,#16052);
#12771=AXIS2_PLACEMENT_3D('',#20015,#16054,#16055);
#12772=AXIS2_PLACEMENT_3D('',#20017,#16057,#16058);
#12773=AXIS2_PLACEMENT_3D('',#20018,#16059,#16060);
#12774=AXIS2_PLACEMENT_3D('',#20019,#16061,#16062);
#12775=AXIS2_PLACEMENT_3D('',#20021,#16064,#16065);
#12776=AXIS2_PLACEMENT_3D('',#20023,#16067,#16068);
#12777=AXIS2_PLACEMENT_3D('',#20025,#16070,#16071);
#12778=AXIS2_PLACEMENT_3D('',#20026,#16072,#16073);
#12779=AXIS2_PLACEMENT_3D('',#20028,#16075,#16076);
#12780=AXIS2_PLACEMENT_3D('',#20030,#16078,#16079);
#12781=AXIS2_PLACEMENT_3D('',#20032,#16081,#16082);
#12782=AXIS2_PLACEMENT_3D('',#20033,#16083,#16084);
#12783=AXIS2_PLACEMENT_3D('',#20035,#16086,#16087);
#12784=AXIS2_PLACEMENT_3D('',#20037,#16089,#16090);
#12785=AXIS2_PLACEMENT_3D('',#20039,#16092,#16093);
#12786=AXIS2_PLACEMENT_3D('',#20040,#16094,#16095);
#12787=AXIS2_PLACEMENT_3D('',#20042,#16097,#16098);
#12788=AXIS2_PLACEMENT_3D('',#20044,#16100,#16101);
#12789=AXIS2_PLACEMENT_3D('',#20046,#16103,#16104);
#12790=AXIS2_PLACEMENT_3D('',#20047,#16105,#16106);
#12791=AXIS2_PLACEMENT_3D('',#20049,#16108,#16109);
#12792=AXIS2_PLACEMENT_3D('',#20051,#16111,#16112);
#12793=AXIS2_PLACEMENT_3D('',#20053,#16114,#16115);
#12794=AXIS2_PLACEMENT_3D('',#20054,#16116,#16117);
#12795=AXIS2_PLACEMENT_3D('',#20056,#16119,#16120);
#12796=AXIS2_PLACEMENT_3D('',#20058,#16122,#16123);
#12797=AXIS2_PLACEMENT_3D('',#20060,#16125,#16126);
#12798=AXIS2_PLACEMENT_3D('',#20062,#16128,#16129);
#12799=AXIS2_PLACEMENT_3D('',#20064,#16131,#16132);
#12800=AXIS2_PLACEMENT_3D('',#20065,#16133,#16134);
#12801=AXIS2_PLACEMENT_3D('',#20067,#16136,#16137);
#12802=AXIS2_PLACEMENT_3D('',#20069,#16139,#16140);
#12803=AXIS2_PLACEMENT_3D('',#20071,#16142,#16143);
#12804=AXIS2_PLACEMENT_3D('',#20073,#16145,#16146);
#12805=AXIS2_PLACEMENT_3D('',#20075,#16148,#16149);
#12806=AXIS2_PLACEMENT_3D('',#20076,#16150,#16151);
#12807=AXIS2_PLACEMENT_3D('',#20078,#16153,#16154);
#12808=AXIS2_PLACEMENT_3D('',#20080,#16156,#16157);
#12809=AXIS2_PLACEMENT_3D('',#20082,#16159,#16160);
#12810=AXIS2_PLACEMENT_3D('',#20084,#16162,#16163);
#12811=AXIS2_PLACEMENT_3D('',#20086,#16165,#16166);
#12812=AXIS2_PLACEMENT_3D('',#20087,#16167,#16168);
#12813=AXIS2_PLACEMENT_3D('',#20089,#16170,#16171);
#12814=AXIS2_PLACEMENT_3D('',#20091,#16173,#16174);
#12815=AXIS2_PLACEMENT_3D('',#20093,#16176,#16177);
#12816=AXIS2_PLACEMENT_3D('',#20095,#16179,#16180);
#12817=AXIS2_PLACEMENT_3D('',#20097,#16182,#16183);
#12818=AXIS2_PLACEMENT_3D('',#20099,#16185,#16186);
#12819=AXIS2_PLACEMENT_3D('',#20100,#16187,#16188);
#12820=AXIS2_PLACEMENT_3D('',#20102,#16190,#16191);
#12821=AXIS2_PLACEMENT_3D('',#20104,#16193,#16194);
#12822=AXIS2_PLACEMENT_3D('',#20106,#16196,#16197);
#12823=AXIS2_PLACEMENT_3D('',#20108,#16199,#16200);
#12824=AXIS2_PLACEMENT_3D('',#20110,#16202,#16203);
#12825=AXIS2_PLACEMENT_3D('',#20111,#16204,#16205);
#12826=AXIS2_PLACEMENT_3D('',#20113,#16207,#16208);
#12827=AXIS2_PLACEMENT_3D('',#20115,#16210,#16211);
#12828=AXIS2_PLACEMENT_3D('',#20117,#16213,#16214);
#12829=AXIS2_PLACEMENT_3D('',#20119,#16216,#16217);
#12830=AXIS2_PLACEMENT_3D('',#20121,#16219,#16220);
#12831=AXIS2_PLACEMENT_3D('',#20122,#16221,#16222);
#12832=AXIS2_PLACEMENT_3D('',#20123,#16223,#16224);
#12833=AXIS2_PLACEMENT_3D('',#20125,#16226,#16227);
#12834=AXIS2_PLACEMENT_3D('',#20126,#16228,#16229);
#12835=AXIS2_PLACEMENT_3D('',#20128,#16231,#16232);
#12836=AXIS2_PLACEMENT_3D('',#20130,#16234,#16235);
#12837=AXIS2_PLACEMENT_3D('',#20132,#16237,#16238);
#12838=AXIS2_PLACEMENT_3D('',#20134,#16240,#16241);
#12839=AXIS2_PLACEMENT_3D('',#20136,#16243,#16244);
#12840=AXIS2_PLACEMENT_3D('',#20137,#16245,#16246);
#12841=AXIS2_PLACEMENT_3D('',#20140,#16249,#16250);
#12842=AXIS2_PLACEMENT_3D('',#20141,#16251,#16252);
#12843=AXIS2_PLACEMENT_3D('',#20142,#16253,#16254);
#12844=AXIS2_PLACEMENT_3D('',#20143,#16255,#16256);
#12845=AXIS2_PLACEMENT_3D('',#20145,#16258,#16259);
#12846=AXIS2_PLACEMENT_3D('',#20147,#16261,#16262);
#12847=AXIS2_PLACEMENT_3D('',#20149,#16264,#16265);
#12848=AXIS2_PLACEMENT_3D('',#20151,#16267,#16268);
#12849=AXIS2_PLACEMENT_3D('',#20153,#16270,#16271);
#12850=AXIS2_PLACEMENT_3D('',#20155,#16273,#16274);
#12851=AXIS2_PLACEMENT_3D('',#20156,#16275,#16276);
#12852=AXIS2_PLACEMENT_3D('',#20158,#16278,#16279);
#12853=AXIS2_PLACEMENT_3D('',#20160,#16281,#16282);
#12854=AXIS2_PLACEMENT_3D('',#20161,#16283,#16284);
#12855=AXIS2_PLACEMENT_3D('',#20163,#16286,#16287);
#12856=AXIS2_PLACEMENT_3D('',#20164,#16288,#16289);
#12857=AXIS2_PLACEMENT_3D('',#20165,#16290,#16291);
#12858=AXIS2_PLACEMENT_3D('',#20167,#16293,#16294);
#12859=AXIS2_PLACEMENT_3D('',#20169,#16296,#16297);
#12860=AXIS2_PLACEMENT_3D('',#20171,#16299,#16300);
#12861=AXIS2_PLACEMENT_3D('',#20173,#16302,#16303);
#12862=AXIS2_PLACEMENT_3D('',#20175,#16305,#16306);
#12863=AXIS2_PLACEMENT_3D('',#20176,#16307,#16308);
#12864=AXIS2_PLACEMENT_3D('',#20178,#16310,#16311);
#12865=AXIS2_PLACEMENT_3D('',#20180,#16313,#16314);
#12866=AXIS2_PLACEMENT_3D('',#20182,#16316,#16317);
#12867=AXIS2_PLACEMENT_3D('',#20184,#16319,#16320);
#12868=AXIS2_PLACEMENT_3D('',#20186,#16322,#16323);
#12869=AXIS2_PLACEMENT_3D('',#20187,#16324,#16325);
#12870=AXIS2_PLACEMENT_3D('',#20189,#16327,#16328);
#12871=AXIS2_PLACEMENT_3D('',#20191,#16330,#16331);
#12872=AXIS2_PLACEMENT_3D('',#20192,#16332,#16333);
#12873=AXIS2_PLACEMENT_3D('',#20193,#16334,#16335);
#12874=AXIS2_PLACEMENT_3D('',#20195,#16337,#16338);
#12875=AXIS2_PLACEMENT_3D('',#20197,#16340,#16341);
#12876=AXIS2_PLACEMENT_3D('',#20198,#16342,#16343);
#12877=AXIS2_PLACEMENT_3D('',#20200,#16345,#16346);
#12878=AXIS2_PLACEMENT_3D('',#20202,#16348,#16349);
#12879=AXIS2_PLACEMENT_3D('',#20203,#16350,#16351);
#12880=AXIS2_PLACEMENT_3D('',#20205,#16353,#16354);
#12881=AXIS2_PLACEMENT_3D('',#20207,#16356,#16357);
#12882=AXIS2_PLACEMENT_3D('',#20209,#16359,#16360);
#12883=AXIS2_PLACEMENT_3D('',#20211,#16362,#16363);
#12884=AXIS2_PLACEMENT_3D('',#20212,#16364,#16365);
#12885=AXIS2_PLACEMENT_3D('',#20214,#16367,#16368);
#12886=AXIS2_PLACEMENT_3D('',#20216,#16370,#16371);
#12887=AXIS2_PLACEMENT_3D('',#20218,#16373,#16374);
#12888=AXIS2_PLACEMENT_3D('',#20220,#16376,#16377);
#12889=AXIS2_PLACEMENT_3D('',#20222,#16379,#16380);
#12890=AXIS2_PLACEMENT_3D('',#20223,#16381,#16382);
#12891=AXIS2_PLACEMENT_3D('',#20225,#16384,#16385);
#12892=AXIS2_PLACEMENT_3D('',#20227,#16387,#16388);
#12893=AXIS2_PLACEMENT_3D('',#20229,#16390,#16391);
#12894=AXIS2_PLACEMENT_3D('',#20231,#16393,#16394);
#12895=AXIS2_PLACEMENT_3D('',#20233,#16396,#16397);
#12896=AXIS2_PLACEMENT_3D('',#20234,#16398,#16399);
#12897=AXIS2_PLACEMENT_3D('',#20236,#16401,#16402);
#12898=AXIS2_PLACEMENT_3D('',#20238,#16404,#16405);
#12899=AXIS2_PLACEMENT_3D('',#20240,#16407,#16408);
#12900=AXIS2_PLACEMENT_3D('',#20242,#16410,#16411);
#12901=AXIS2_PLACEMENT_3D('',#20244,#16413,#16414);
#12902=AXIS2_PLACEMENT_3D('',#20245,#16415,#16416);
#12903=AXIS2_PLACEMENT_3D('',#20247,#16418,#16419);
#12904=AXIS2_PLACEMENT_3D('',#20249,#16421,#16422);
#12905=AXIS2_PLACEMENT_3D('',#20250,#16423,#16424);
#12906=AXIS2_PLACEMENT_3D('',#20252,#16426,#16427);
#12907=AXIS2_PLACEMENT_3D('',#20254,#16429,#16430);
#12908=AXIS2_PLACEMENT_3D('',#20256,#16432,#16433);
#12909=AXIS2_PLACEMENT_3D('',#20258,#16435,#16436);
#12910=AXIS2_PLACEMENT_3D('',#20260,#16438,#16439);
#12911=AXIS2_PLACEMENT_3D('',#20262,#16441,#16442);
#12912=AXIS2_PLACEMENT_3D('',#20263,#16443,#16444);
#12913=AXIS2_PLACEMENT_3D('',#20264,#16445,#16446);
#12914=AXIS2_PLACEMENT_3D('',#20265,#16447,#16448);
#12915=AXIS2_PLACEMENT_3D('',#20266,#16449,#16450);
#12916=AXIS2_PLACEMENT_3D('',#20268,#16451,#16452);
#12917=AXIS2_PLACEMENT_3D('',#20272,#16454,#16455);
#12918=AXIS2_PLACEMENT_3D('',#20276,#16457,#16458);
#12919=AXIS2_PLACEMENT_3D('',#20280,#16460,#16461);
#12920=AXIS2_PLACEMENT_3D('',#20284,#16463,#16464);
#12921=AXIS2_PLACEMENT_3D('',#20288,#16466,#16467);
#12922=AXIS2_PLACEMENT_3D('',#20292,#16469,#16470);
#12923=AXIS2_PLACEMENT_3D('',#20296,#16472,#16473);
#12924=AXIS2_PLACEMENT_3D('',#20300,#16475,#16476);
#12925=AXIS2_PLACEMENT_3D('',#20303,#16478,#16479);
#12926=AXIS2_PLACEMENT_3D('',#20305,#16481,#16482);
#12927=AXIS2_PLACEMENT_3D('',#20306,#16483,#16484);
#12928=AXIS2_PLACEMENT_3D('',#20307,#16485,#16486);
#12929=AXIS2_PLACEMENT_3D('',#20308,#16487,#16488);
#12930=AXIS2_PLACEMENT_3D('',#20309,#16489,#16490);
#12931=AXIS2_PLACEMENT_3D('',#20310,#16491,#16492);
#12932=AXIS2_PLACEMENT_3D('',#20312,#16494,#16495);
#12933=AXIS2_PLACEMENT_3D('',#20313,#16496,#16497);
#12934=AXIS2_PLACEMENT_3D('',#20314,#16498,#16499);
#12935=AXIS2_PLACEMENT_3D('',#20315,#16500,#16501);
#12936=AXIS2_PLACEMENT_3D('',#20316,#16502,#16503);
#12937=AXIS2_PLACEMENT_3D('',#20319,#16506,#16507);
#12938=AXIS2_PLACEMENT_3D('',#20321,#16509,#16510);
#12939=AXIS2_PLACEMENT_3D('',#20322,#16511,#16512);
#12940=AXIS2_PLACEMENT_3D('',#20324,#16514,#16515);
#12941=AXIS2_PLACEMENT_3D('',#20326,#16517,#16518);
#12942=AXIS2_PLACEMENT_3D('',#20328,#16520,#16521);
#12943=AXIS2_PLACEMENT_3D('',#20330,#16523,#16524);
#12944=AXIS2_PLACEMENT_3D('',#20332,#16526,#16527);
#12945=AXIS2_PLACEMENT_3D('',#20334,#16529,#16530);
#12946=AXIS2_PLACEMENT_3D('',#20336,#16532,#16533);
#12947=AXIS2_PLACEMENT_3D('',#20338,#16535,#16536);
#12948=AXIS2_PLACEMENT_3D('',#20340,#16538,#16539);
#12949=AXIS2_PLACEMENT_3D('',#20342,#16541,#16542);
#12950=AXIS2_PLACEMENT_3D('',#20344,#16544,#16545);
#12951=AXIS2_PLACEMENT_3D('',#20346,#16547,#16548);
#12952=AXIS2_PLACEMENT_3D('',#20348,#16550,#16551);
#12953=AXIS2_PLACEMENT_3D('',#20350,#16553,#16554);
#12954=AXIS2_PLACEMENT_3D('',#20352,#16556,#16557);
#12955=AXIS2_PLACEMENT_3D('',#20354,#16559,#16560);
#12956=AXIS2_PLACEMENT_3D('',#20356,#16562,#16563);
#12957=AXIS2_PLACEMENT_3D('',#20358,#16565,#16566);
#12958=DIRECTION('axis',(0.,0.,1.));
#12959=DIRECTION('refdir',(1.,0.,0.));
#12960=DIRECTION('center_axis',(0.,0.,-1.));
#12961=DIRECTION('ref_axis',(0.707102318272367,0.70711124407256,0.));
#12962=DIRECTION('center_axis',(0.,0.,-1.));
#12963=DIRECTION('ref_axis',(-6.31149385199591E-6,0.999999999980083,0.));
#12964=DIRECTION('',(0.,0.,-1.));
#12965=DIRECTION('center_axis',(0.,0.,1.));
#12966=DIRECTION('ref_axis',(0.999999999980082,6.31149385199592E-6,0.));
#12967=DIRECTION('',(0.,0.,1.));
#12968=DIRECTION('center_axis',(0.999999999980083,6.31149385372292E-6,0.));
#12969=DIRECTION('ref_axis',(0.,0.,-1.));
#12970=DIRECTION('center_axis',(-0.999999999980083,-6.31149385372292E-6,
0.));
#12971=DIRECTION('ref_axis',(4.46290010331732E-6,-0.707106781172465,-0.707106781186546));
#12972=DIRECTION('center_axis',(0.999999999980083,6.31149385372292E-6,0.));
#12973=DIRECTION('ref_axis',(4.4629001033847E-6,-0.707106781172465,-0.707106781186546));
#12974=DIRECTION('center_axis',(-0.999999999980083,-6.31149385199592E-6,
0.));
#12975=DIRECTION('ref_axis',(4.4629001021635E-6,-0.707106781172462,0.707106781186549));
#12976=DIRECTION('center_axis',(-0.999999999980083,-6.31149385199592E-6,
1.11033513925575E-15));
#12977=DIRECTION('ref_axis',(6.31149385199591E-6,-0.999999999980083,0.));
#12978=DIRECTION('',(-0.999999999980082,-6.31149385199592E-6,0.));
#12979=DIRECTION('center_axis',(0.999999999980083,6.31149385199592E-6,3.88578058611065E-15));
#12980=DIRECTION('ref_axis',(-3.88578058618804E-15,0.,1.));
#12981=DIRECTION('',(0.999999999980082,6.31149385199592E-6,0.));
#12982=DIRECTION('center_axis',(0.,0.,1.));
#12983=DIRECTION('ref_axis',(-0.999999999980083,-6.31149385199593E-6,0.));
#12984=DIRECTION('center_axis',(-6.31149385199592E-6,0.999999999980083,
0.));
#12985=DIRECTION('ref_axis',(-0.707106781172461,-4.4629001021635E-6,0.707106781186551));
#12986=DIRECTION('center_axis',(6.31149385199592E-6,-0.999999999980083,
0.));
#12987=DIRECTION('ref_axis',(-0.707106781172461,-4.4629001020452E-6,0.70710678118655));
#12988=DIRECTION('center_axis',(0.,0.,1.));
#12989=DIRECTION('ref_axis',(-0.707102318272355,-0.707111244072573,0.));
#12990=DIRECTION('center_axis',(0.,0.,1.));
#12991=DIRECTION('ref_axis',(-0.999999999980083,-6.31149385199592E-6,0.));
#12992=DIRECTION('',(0.,0.,1.));
#12993=DIRECTION('',(0.,0.,-1.));
#12994=DIRECTION('center_axis',(-0.999999999980083,-6.31149385372292E-6,
0.));
#12995=DIRECTION('ref_axis',(0.,0.,1.));
#12996=DIRECTION('center_axis',(-6.31149385199691E-6,0.999999999980083,
5.60573263541367E-20));
#12997=DIRECTION('ref_axis',(-0.999999999980083,-6.31149385199691E-6,0.));
#12998=DIRECTION('center_axis',(0.999999999980083,6.31149385372292E-6,0.));
#12999=DIRECTION('ref_axis',(-4.46290010331732E-6,0.707106781172465,-0.707106781186546));
#13000=DIRECTION('center_axis',(-0.999999999980083,-6.31149385372292E-6,
0.));
#13001=DIRECTION('ref_axis',(-4.4629001033847E-6,0.707106781172465,-0.707106781186546));
#13002=DIRECTION('center_axis',(-6.31149385372292E-6,0.999999999980083,
0.));
#13003=DIRECTION('ref_axis',(-0.707106781172463,-4.46290010216352E-6,0.707106781186548));
#13004=DIRECTION('center_axis',(-6.31149386975949E-6,0.999999999980083,
1.75179145349687E-20));
#13005=DIRECTION('ref_axis',(-0.999999999980083,-6.31149386975949E-6,0.));
#13006=DIRECTION('',(-6.31149385372292E-6,0.999999999980082,0.));
#13007=DIRECTION('',(6.31149385372292E-6,-0.999999999980082,0.));
#13008=DIRECTION('center_axis',(-0.999999999980083,-6.31149385372292E-6,
0.));
#13009=DIRECTION('ref_axis',(0.,0.,1.));
#13010=DIRECTION('center_axis',(0.,0.,-1.));
#13011=DIRECTION('ref_axis',(-0.999999999980083,-6.31149385199714E-6,0.));
#13012=DIRECTION('center_axis',(0.999999999980083,6.31149385372292E-6,0.));
#13013=DIRECTION('ref_axis',(4.46290010345609E-6,-0.707106781172463,-0.707106781186548));
#13014=DIRECTION('center_axis',(-0.999999999980083,-6.31149385372292E-6,
0.));
#13015=DIRECTION('ref_axis',(4.46290010338469E-6,-0.707106781172463,-0.707106781186548));
#13016=DIRECTION('center_axis',(0.,0.,1.));
#13017=DIRECTION('ref_axis',(-0.707111244072572,0.707102318272355,0.));
#13018=DIRECTION('center_axis',(0.,0.,-1.));
#13019=DIRECTION('ref_axis',(-0.999999999980082,-6.31149385199591E-6,0.));
#13020=DIRECTION('',(0.,0.,-1.));
#13021=DIRECTION('',(0.,0.,1.));
#13022=DIRECTION('center_axis',(-0.999999999980083,-6.3114938519958E-6,
0.));
#13023=DIRECTION('ref_axis',(0.,0.,1.));
#13024=DIRECTION('center_axis',(6.31149385199592E-6,-0.999999999980083,
0.));
#13025=DIRECTION('ref_axis',(-0.707106781172461,-4.4629001021635E-6,0.70710678118655));
#13026=DIRECTION('center_axis',(-6.31149385199592E-6,0.999999999980083,
0.));
#13027=DIRECTION('ref_axis',(-0.707106781172461,-4.46290010225336E-6,0.70710678118655));
#13028=DIRECTION('center_axis',(0.999999999980083,6.31149385199592E-6,0.));
#13029=DIRECTION('ref_axis',(-4.46290010216342E-6,0.707106781172475,0.707106781186537));
#13030=DIRECTION('center_axis',(-0.999999999980083,-6.3114938519958E-6,
-2.22044604920609E-15));
#13031=DIRECTION('ref_axis',(-2.22044604925031E-15,0.,1.));
#13032=DIRECTION('',(-0.999999999980082,-6.31149385199592E-6,0.));
#13033=DIRECTION('',(0.999999999980082,6.31149385199592E-6,0.));
#13034=DIRECTION('center_axis',(0.999999999980083,6.31149385372292E-6,0.));
#13035=DIRECTION('ref_axis',(0.,0.,-1.));
#13036=DIRECTION('center_axis',(0.,0.,-1.));
#13037=DIRECTION('ref_axis',(0.999999999980083,6.31149385199629E-6,0.));
#13038=DIRECTION('center_axis',(-0.999999999980083,-6.31149385372292E-6,
0.));
#13039=DIRECTION('ref_axis',(-4.4629001034561E-6,0.707106781172464,-0.707106781186547));
#13040=DIRECTION('center_axis',(0.999999999980083,6.31149385372292E-6,0.));
#13041=DIRECTION('ref_axis',(-4.4629001033847E-6,0.707106781172464,-0.707106781186547));
#13042=DIRECTION('center_axis',(0.,0.,1.));
#13043=DIRECTION('ref_axis',(0.707111244072559,-0.707102318272369,0.));
#13044=DIRECTION('center_axis',(0.,0.,-1.));
#13045=DIRECTION('ref_axis',(0.999999999980083,6.31149385199591E-6,0.));
#13046=DIRECTION('',(0.,0.,-1.));
#13047=DIRECTION('',(0.,0.,1.));
#13048=DIRECTION('center_axis',(0.408250867112294,-0.40824571379916,-0.816496580927731));
#13049=DIRECTION('ref_axis',(0.577353913120799,-0.577346625235464,0.577350269189616));
#13050=DIRECTION('center_axis',(6.31149385372292E-6,-0.999999999980083,
0.));
#13051=DIRECTION('ref_axis',(0.707106781172466,4.46290009392668E-6,0.707106781186545));
#13052=DIRECTION('center_axis',(-0.816499157580231,0.408247002109163,0.408244425485093));
#13053=DIRECTION('ref_axis',(0.577346625235454,0.577353913120815,0.57735026918961));
#13054=DIRECTION('center_axis',(-6.31149385372292E-6,0.999999999980083,
0.));
#13055=DIRECTION('ref_axis',(0.707106781172466,4.46290011169025E-6,0.707106781186545));
#13056=DIRECTION('center_axis',(0.999999999980083,6.31149385372292E-6,0.));
#13057=DIRECTION('ref_axis',(-6.31149385372292E-6,0.999999999980082,0.));
#13058=DIRECTION('',(-6.31149385372292E-6,0.999999999980082,0.));
#13059=DIRECTION('',(0.,0.,1.));
#13060=DIRECTION('',(-6.31149385372292E-6,0.999999999980082,0.));
#13061=DIRECTION('',(0.,0.,-1.));
#13062=DIRECTION('',(-6.31149385208843E-6,0.999999999980082,0.));
#13063=DIRECTION('center_axis',(6.31149385372292E-6,-0.999999999980083,
0.));
#13064=DIRECTION('ref_axis',(0.707106781172467,4.46290008960273E-6,0.707106781186544));
#13065=DIRECTION('',(6.31149385372292E-6,-0.999999999980082,0.));
#13066=DIRECTION('center_axis',(-6.31149385199583E-6,0.999999999980083,
0.));
#13067=DIRECTION('ref_axis',(0.,0.,1.));
#13068=DIRECTION('center_axis',(0.,0.,1.));
#13069=DIRECTION('ref_axis',(-1.,0.,0.));
#13070=DIRECTION('',(-6.31149385372292E-6,0.999999999980082,0.));
#13071=DIRECTION('center_axis',(0.,0.,-1.));
#13072=DIRECTION('ref_axis',(-0.965990093526152,-0.258579077284563,0.));
#13073=DIRECTION('',(-0.499564186608798,0.86627687459489,0.));
#13074=DIRECTION('center_axis',(0.,0.,-1.));
#13075=DIRECTION('ref_axis',(-0.258849464781092,-0.965917674847366,0.));
#13076=DIRECTION('',(-0.865805232347815,-0.500381154360499,0.));
#13077=DIRECTION('',(-0.991644500991827,-0.129000711830093,0.));
#13078=DIRECTION('center_axis',(0.,0.,-1.));
#13079=DIRECTION('ref_axis',(0.509868091837099,-0.860252596000962,0.));
#13080=DIRECTION('',(-0.589221225957567,-0.807971748813696,0.));
#13081=DIRECTION('',(-1.,0.,0.));
#13082=DIRECTION('center_axis',(0.,0.,-1.));
#13083=DIRECTION('ref_axis',(0.707062757396328,-0.707150802236059,0.));
#13084=DIRECTION('',(-0.000124514206197479,-0.999999992248106,0.));
#13085=DIRECTION('center_axis',(0.,0.,-1.));
#13086=DIRECTION('ref_axis',(0.707150803513635,0.707062756118593,0.));
#13087=DIRECTION('',(1.,-3.61383071100612E-9,0.));
#13088=DIRECTION('',(-4.80017902750613E-5,-0.999999998847914,0.));
#13089=DIRECTION('center_axis',(0.,0.,-1.));
#13090=DIRECTION('ref_axis',(0.707123752178603,0.707089809787168,0.));
#13091=DIRECTION('',(1.,-6.93080328277294E-17,0.));
#13092=DIRECTION('center_axis',(0.,0.,-1.));
#13093=DIRECTION('ref_axis',(0.602439140201138,0.798164821546098,0.));
#13094=DIRECTION('',(1.,5.84343308173005E-17,0.));
#13095=DIRECTION('center_axis',(0.,0.,-1.));
#13096=DIRECTION('ref_axis',(-0.600851761283804,0.799360469977188,0.));
#13097=DIRECTION('',(0.999999812665027,0.000612102859639904,0.));
#13098=DIRECTION('center_axis',(0.,0.,-1.));
#13099=DIRECTION('ref_axis',(-0.633062404552014,0.774100763429944,0.));
#13100=DIRECTION('',(0.999999479482026,0.00102031155886384,0.));
#13101=DIRECTION('center_axis',(0.,0.,-1.));
#13102=DIRECTION('ref_axis',(-0.603190635346679,0.797597052044496,0.));
#13103=DIRECTION('center_axis',(0.,0.,1.));
#13104=DIRECTION('ref_axis',(-0.961927790899592,0.273303723163501,0.));
#13105=DIRECTION('',(0.,1.,0.));
#13106=DIRECTION('',(-1.,0.,0.));
#13107=DIRECTION('',(-0.000113001932868826,-0.999999993615282,0.));
#13108=DIRECTION('center_axis',(0.,0.,1.));
#13109=DIRECTION('ref_axis',(-0.707427490870377,0.706785925978187,0.));
#13110=DIRECTION('',(-0.999999479482026,-0.00102031155886383,0.));
#13111=DIRECTION('',(-0.000138947884906196,-0.999999990346743,0.));
#13112=DIRECTION('center_axis',(0.,0.,1.));
#13113=DIRECTION('ref_axis',(-0.707274046955936,0.706939475841159,0.));
#13114=DIRECTION('',(-0.999999812665027,-0.000612102859639933,0.));
#13115=DIRECTION('',(0.,-1.,0.));
#13116=DIRECTION('center_axis',(0.,0.,1.));
#13117=DIRECTION('ref_axis',(-0.707106781186547,0.707106781186548,0.));
#13118=DIRECTION('',(-1.,-5.84343308173005E-17,0.));
#13119=DIRECTION('center_axis',(0.,0.,1.));
#13120=DIRECTION('ref_axis',(0.707106781186548,0.707106781186548,0.));
#13121=DIRECTION('',(0.,1.,0.));
#13122=DIRECTION('',(-1.,6.16793276323767E-17,0.));
#13123=DIRECTION('center_axis',(0.,0.,1.));
#13124=DIRECTION('ref_axis',(0.707123752178599,0.707089809787172,0.));
#13125=DIRECTION('',(4.80017902753198E-5,0.999999998847914,0.));
#13126=DIRECTION('',(-1.,3.61383072016875E-9,0.));
#13127=DIRECTION('center_axis',(0.,0.,1.));
#13128=DIRECTION('ref_axis',(0.707150803513655,0.707062756118573,0.));
#13129=DIRECTION('',(0.000124514206197479,0.999999992248106,0.));
#13130=DIRECTION('center_axis',(0.,0.,1.));
#13131=DIRECTION('ref_axis',(0.707062757396321,-0.707150802236066,0.));
#13132=DIRECTION('',(1.,0.,0.));
#13133=DIRECTION('',(0.589221225957567,0.807971748813696,0.));
#13134=DIRECTION('center_axis',(0.,0.,1.));
#13135=DIRECTION('ref_axis',(0.509868091837043,-0.860252596000996,0.));
#13136=DIRECTION('',(0.991644500991827,0.129000711830094,0.));
#13137=DIRECTION('',(0.865805232347815,0.5003811543605,0.));
#13138=DIRECTION('center_axis',(0.,0.,1.));
#13139=DIRECTION('ref_axis',(-0.258849464781085,-0.965917674847368,0.));
#13140=DIRECTION('',(0.499564186608798,-0.866276874594889,0.));
#13141=DIRECTION('center_axis',(0.,0.,1.));
#13142=DIRECTION('ref_axis',(-0.965990093526151,-0.258579077284566,0.));
#13143=DIRECTION('center_axis',(-6.31149385372292E-6,0.999999999980083,
0.));
#13144=DIRECTION('ref_axis',(-0.707106781172463,-4.46290010216352E-6,0.707106781186548));
#13145=DIRECTION('',(6.31149385372292E-6,-0.999999999980082,0.));
#13146=DIRECTION('center_axis',(6.31149387864127E-6,-0.999999999980083,
0.));
#13147=DIRECTION('ref_axis',(0.,0.,1.));
#13148=DIRECTION('center_axis',(-0.999999999980083,-6.31149385372292E-6,
0.));
#13149=DIRECTION('ref_axis',(6.31149385372292E-6,-0.999999999980082,0.));
#13150=DIRECTION('',(6.31149385372292E-6,-0.999999999980082,0.));
#13151=DIRECTION('',(0.,0.,1.));
#13152=DIRECTION('',(-6.31149385372292E-6,0.999999999980082,0.));
#13153=DIRECTION('',(0.,0.,1.));
#13154=DIRECTION('center_axis',(-6.31149385372292E-6,0.999999999980083,
0.));
#13155=DIRECTION('ref_axis',(-0.707106781172463,-4.46290010216352E-6,0.707106781186548));
#13156=DIRECTION('',(-6.31149385372292E-6,0.999999999980082,0.));
#13157=DIRECTION('center_axis',(6.31149385643682E-6,-0.999999999980083,
0.));
#13158=DIRECTION('ref_axis',(0.,0.,1.));
#13159=DIRECTION('center_axis',(0.,0.,1.));
#13160=DIRECTION('ref_axis',(-1.,0.,0.));
#13161=DIRECTION('',(6.31149385372292E-6,-0.999999999980082,0.));
#13162=DIRECTION('center_axis',(0.,0.,1.));
#13163=DIRECTION('ref_axis',(-0.707109012633078,0.707104549732975,0.));
#13164=DIRECTION('',(-1.,0.,0.));
#13165=DIRECTION('',(0.,-1.,0.));
#13166=DIRECTION('',(1.,0.,0.));
#13167=DIRECTION('center_axis',(0.,0.,-1.));
#13168=DIRECTION('ref_axis',(-0.70710901263308,0.707104549732973,0.));
#13169=DIRECTION('center_axis',(6.31149385372292E-6,-0.999999999980083,
0.));
#13170=DIRECTION('ref_axis',(0.707106781172467,4.46290008960273E-6,0.707106781186544));
#13171=DIRECTION('',(-6.31149385372292E-6,0.999999999980082,0.));
#13172=DIRECTION('center_axis',(-6.31149385199586E-6,0.999999999980083,
0.));
#13173=DIRECTION('ref_axis',(0.,0.,1.));
#13174=DIRECTION('center_axis',(0.999999999980083,6.31149385372292E-6,0.));
#13175=DIRECTION('ref_axis',(-6.31149385372292E-6,0.999999999980082,0.));
#13176=DIRECTION('',(-6.31149385372292E-6,0.999999999980082,0.));
#13177=DIRECTION('',(0.,0.,-1.));
#13178=DIRECTION('center_axis',(0.,0.,-1.));
#13179=DIRECTION('ref_axis',(0.707106781186548,-0.707106781186548,0.));
#13180=DIRECTION('center_axis',(0.,0.,-1.));
#13181=DIRECTION('ref_axis',(1.,0.,0.));
#13182=DIRECTION('',(0.,0.,-1.));
#13183=DIRECTION('center_axis',(0.,0.,1.));
#13184=DIRECTION('ref_axis',(0.,-1.,0.));
#13185=DIRECTION('',(0.,0.,1.));
#13186=DIRECTION('center_axis',(0.,-1.,0.));
#13187=DIRECTION('ref_axis',(0.,0.,-1.));
#13188=DIRECTION('center_axis',(0.,1.,0.));
#13189=DIRECTION('ref_axis',(-0.707106781186547,0.,-0.707106781186548));
#13190=DIRECTION('center_axis',(0.,-1.,0.));
#13191=DIRECTION('ref_axis',(-0.707106781186547,0.,-0.707106781186548));
#13192=DIRECTION('center_axis',(0.,0.,1.));
#13193=DIRECTION('ref_axis',(-0.988586418131069,0.150654883381796,0.));
#13194=DIRECTION('center_axis',(0.,0.,-1.));
#13195=DIRECTION('ref_axis',(-1.,0.,0.));
#13196=DIRECTION('',(0.,0.,-1.));
#13197=DIRECTION('center_axis',(0.,0.,1.));
#13198=DIRECTION('ref_axis',(-0.954606212226436,0.297870743072725,0.));
#13199=DIRECTION('',(0.,0.,1.));
#13200=DIRECTION('center_axis',(0.,-1.,0.));
#13201=DIRECTION('ref_axis',(0.,0.,-1.));
#13202=DIRECTION('center_axis',(0.,1.,0.));
#13203=DIRECTION('ref_axis',(0.707106781186548,0.,-0.707106781186547));
#13204=DIRECTION('center_axis',(1.,0.,0.));
#13205=DIRECTION('ref_axis',(0.,1.,0.));
#13206=DIRECTION('center_axis',(0.,-1.,0.));
#13207=DIRECTION('ref_axis',(0.707106781186548,0.,-0.707106781186547));
#13208=DIRECTION('center_axis',(1.,0.,0.));
#13209=DIRECTION('ref_axis',(0.,0.707106781186544,0.707106781186551));
#13210=DIRECTION('center_axis',(1.,0.,0.));
#13211=DIRECTION('ref_axis',(0.,1.,0.));
#13212=DIRECTION('',(1.,0.,0.));
#13213=DIRECTION('',(-1.,0.,0.));
#13214=DIRECTION('center_axis',(0.,1.,0.));
#13215=DIRECTION('ref_axis',(0.,0.,1.));
#13216=DIRECTION('center_axis',(0.,0.,-1.));
#13217=DIRECTION('ref_axis',(0.,1.,0.));
#13218=DIRECTION('center_axis',(0.,-1.,0.));
#13219=DIRECTION('ref_axis',(-0.707106781186547,0.,-0.707106781186548));
#13220=DIRECTION('center_axis',(0.,1.,0.));
#13221=DIRECTION('ref_axis',(-0.707106781186547,0.,-0.707106781186548));
#13222=DIRECTION('center_axis',(0.,0.,-1.));
#13223=DIRECTION('ref_axis',(0.707106781186548,0.707106781186548,0.));
#13224=DIRECTION('center_axis',(0.,0.,-1.));
#13225=DIRECTION('ref_axis',(-4.44089209850062E-15,1.,0.));
#13226=DIRECTION('',(0.,0.,-1.));
#13227=DIRECTION('',(0.,0.,1.));
#13228=DIRECTION('center_axis',(0.,1.,0.));
#13229=DIRECTION('ref_axis',(0.,0.,1.));
#13230=DIRECTION('center_axis',(-1.,0.,0.));
#13231=DIRECTION('ref_axis',(0.,0.707106781186548,0.707106781186547));
#13232=DIRECTION('center_axis',(1.,0.,0.));
#13233=DIRECTION('ref_axis',(0.,0.707106781186548,0.707106781186547));
#13234=DIRECTION('center_axis',(0.,-1.,0.));
#13235=DIRECTION('ref_axis',(0.707106781186548,0.,0.707106781186548));
#13236=DIRECTION('center_axis',(0.,1.,0.));
#13237=DIRECTION('ref_axis',(0.,0.,1.));
#13238=DIRECTION('',(0.,1.,0.));
#13239=DIRECTION('center_axis',(0.408248290463864,-0.40824829046386,-0.816496580927727));
#13240=DIRECTION('ref_axis',(0.577350269189632,-0.577350269189623,0.577350269189623));
#13241=DIRECTION('center_axis',(1.,0.,0.));
#13242=DIRECTION('ref_axis',(0.,-0.707106781186545,0.70710678118655));
#13243=DIRECTION('center_axis',(0.,-0.727783486804648,0.685806967254247));
#13244=DIRECTION('ref_axis',(-0.923855581799146,0.262486615481831,0.278552761019263));
#13245=DIRECTION('center_axis',(0.,1.,0.));
#13246=DIRECTION('ref_axis',(-1.,0.,0.));
#13247=DIRECTION('center_axis',(0.,1.,0.));
#13248=DIRECTION('ref_axis',(-0.707106781186551,0.,0.707106781186544));
#13249=DIRECTION('center_axis',(0.,1.,0.));
#13250=DIRECTION('ref_axis',(-1.,0.,0.));
#13251=DIRECTION('',(0.,-1.,0.));
#13252=DIRECTION('center_axis',(0.,0.,1.));
#13253=DIRECTION('ref_axis',(-0.707106781186546,-0.707106781186549,0.));
#13254=DIRECTION('center_axis',(0.,0.,1.));
#13255=DIRECTION('ref_axis',(-1.,0.,0.));
#13256=DIRECTION('',(0.,0.,1.));
#13257=DIRECTION('center_axis',(0.,0.,-1.));
#13258=DIRECTION('ref_axis',(0.,-1.,0.));
#13259=DIRECTION('',(0.,0.,-1.));
#13260=DIRECTION('center_axis',(0.,-1.,0.));
#13261=DIRECTION('ref_axis',(0.,0.,-1.));
#13262=DIRECTION('center_axis',(0.,-1.,0.));
#13263=DIRECTION('ref_axis',(0.707106781186548,0.,-0.707106781186547));
#13264=DIRECTION('center_axis',(0.,1.,0.));
#13265=DIRECTION('ref_axis',(0.707106781186548,0.,-0.707106781186547));
#13266=DIRECTION('center_axis',(-0.408248290463867,-0.408248290463859,-0.816496580927726));
#13267=DIRECTION('ref_axis',(-0.577350269189631,-0.577350269189623,0.577350269189623));
#13268=DIRECTION('center_axis',(-1.,0.,0.));
#13269=DIRECTION('ref_axis',(0.,-0.707106781186545,0.70710678118655));
#13270=DIRECTION('center_axis',(0.,-1.,0.));
#13271=DIRECTION('ref_axis',(1.,0.,0.));
#13272=DIRECTION('',(1.,0.,0.));
#13273=DIRECTION('',(0.,0.,1.));
#13274=DIRECTION('',(1.,8.02156194854187E-16,0.));
#13275=DIRECTION('center_axis',(-1.,0.,0.));
#13276=DIRECTION('ref_axis',(0.,-0.707106781186546,0.707106781186549));
#13277=DIRECTION('center_axis',(1.,-1.11022302462516E-15,0.));
#13278=DIRECTION('ref_axis',(0.,0.,1.));
#13279=DIRECTION('center_axis',(1.,0.,0.));
#13280=DIRECTION('ref_axis',(0.,0.707106781186548,0.707106781186547));
#13281=DIRECTION('',(-1.,0.,0.));
#13282=DIRECTION('center_axis',(-1.,-3.33066907387547E-15,0.));
#13283=DIRECTION('ref_axis',(0.,0.,1.));
#13284=DIRECTION('center_axis',(0.,1.,0.));
#13285=DIRECTION('ref_axis',(-1.,0.,0.));
#13286=DIRECTION('',(0.,0.,1.));
#13287=DIRECTION('',(1.,0.,0.));
#13288=DIRECTION('',(0.,0.,-1.));
#13289=DIRECTION('center_axis',(0.,0.,1.));
#13290=DIRECTION('ref_axis',(-0.00102031155887866,0.999999479482026,0.));
#13291=DIRECTION('center_axis',(0.,0.,1.));
#13292=DIRECTION('ref_axis',(-0.603190635346679,0.797597052044496,0.));
#13293=DIRECTION('',(0.,0.,1.));
#13294=DIRECTION('center_axis',(0.,0.,-1.));
#13295=DIRECTION('ref_axis',(-0.00102031155887866,0.999999479482026,0.));
#13296=DIRECTION('center_axis',(0.,0.,-1.));
#13297=DIRECTION('ref_axis',(-1.,0.,0.));
#13298=DIRECTION('center_axis',(0.2733037231635,0.961927790899592,0.));
#13299=DIRECTION('ref_axis',(-0.961927790899592,0.2733037231635,0.));
#13300=DIRECTION('center_axis',(-0.999999479482026,-0.00102031155887694,
0.));
#13301=DIRECTION('ref_axis',(0.,0.,1.));
#13302=DIRECTION('center_axis',(-1.,0.,0.));
#13303=DIRECTION('ref_axis',(0.,-0.707106781186546,0.707106781186549));
#13304=DIRECTION('',(1.,0.,0.));
#13305=DIRECTION('center_axis',(0.98058493706453,0.196094827066274,-8.70835968075463E-15));
#13306=DIRECTION('ref_axis',(0.196094827066274,-0.98058493706453,0.));
#13307=DIRECTION('center_axis',(0.,0.,-1.));
#13308=DIRECTION('ref_axis',(-1.,0.,0.));
#13309=DIRECTION('center_axis',(0.,0.,1.));
#13310=DIRECTION('ref_axis',(-0.70710901263308,0.707104549732974,0.));
#13311=DIRECTION('center_axis',(-6.31149385199592E-6,0.999999999980083,
0.));
#13312=DIRECTION('ref_axis',(0.,0.,1.));
#13313=DIRECTION('',(-0.999999999980082,-6.31149385199592E-6,0.));
#13314=DIRECTION('center_axis',(-0.865805232347815,-0.500381154360499,0.));
#13315=DIRECTION('ref_axis',(0.353822907426269,-0.612216750979925,0.707106781186552));
#13316=DIRECTION('center_axis',(0.865805232347815,0.500381154360499,0.));
#13317=DIRECTION('ref_axis',(0.,0.,1.));
#13318=DIRECTION('',(0.865805232347815,0.500381154360499,0.));
#13319=DIRECTION('center_axis',(-0.94710650733927,-0.320919403831569,4.20599780488149E-15));
#13320=DIRECTION('ref_axis',(-0.320919403831569,0.94710650733927,2.10361898646966E-14));
#13321=DIRECTION('center_axis',(-0.589221225957567,-0.807971748813696,0.));
#13322=DIRECTION('ref_axis',(0.571322302593316,-0.416642324493637,0.707106781186555));
#13323=DIRECTION('center_axis',(0.589221225957568,0.807971748813695,0.));
#13324=DIRECTION('ref_axis',(0.,0.,1.));
#13325=DIRECTION('',(0.589221225957566,0.807971748813696,0.));
#13326=DIRECTION('center_axis',(-0.891409340863546,-0.45319905893682,0.));
#13327=DIRECTION('ref_axis',(-0.45319905893682,0.891409340863546,0.));
#13328=DIRECTION('center_axis',(1.,-3.61383071100612E-9,0.));
#13329=DIRECTION('ref_axis',(2.55538199983636E-9,0.707106781186546,0.707106781186549));
#13330=DIRECTION('center_axis',(-1.,3.61383811764428E-9,0.));
#13331=DIRECTION('ref_axis',(0.,0.,1.));
#13332=DIRECTION('',(-1.,3.61383071100612E-9,0.));
#13333=DIRECTION('center_axis',(0.707089808509462,-0.707123753456248,-7.85065072346489E-16));
#13334=DIRECTION('ref_axis',(-0.707123753456248,-0.707089808509462,-7.85027391558909E-16));
#13335=DIRECTION('center_axis',(1.,-6.93080328277294E-17,0.));
#13336=DIRECTION('ref_axis',(0.,0.707106781186548,0.707106781186547));
#13337=DIRECTION('center_axis',(-1.,0.,0.));
#13338=DIRECTION('ref_axis',(0.,0.,1.));
#13339=DIRECTION('',(-1.,6.93080328277294E-17,0.));
#13340=DIRECTION('center_axis',(0.999999479482026,0.00102031155886384,0.));
#13341=DIRECTION('ref_axis',(-0.000721469222198622,0.707106413124758,0.707106781186548));
#13342=DIRECTION('',(-0.999999479482026,-0.00102031155886384,0.));
#13343=DIRECTION('center_axis',(0.,0.,-1.));
#13344=DIRECTION('ref_axis',(-1.,0.,0.));
#13345=DIRECTION('center_axis',(-0.999999812665027,-0.000612102859616215,
0.));
#13346=DIRECTION('ref_axis',(0.,0.,1.));
#13347=DIRECTION('center_axis',(0.,0.,1.));
#13348=DIRECTION('ref_axis',(-0.633062404552014,0.774100763429944,0.));
#13349=DIRECTION('center_axis',(0.999999812665027,0.000612102859639904,
0.));
#13350=DIRECTION('ref_axis',(-0.000432822082830864,0.707106648720716,0.70710678118655));
#13351=DIRECTION('',(-0.999999812665027,-0.000612102859639904,0.));
#13352=DIRECTION('center_axis',(0.,0.,-1.));
#13353=DIRECTION('ref_axis',(-1.,0.,0.));
#13354=DIRECTION('center_axis',(-1.,0.,0.));
#13355=DIRECTION('ref_axis',(0.,0.,1.));
#13356=DIRECTION('center_axis',(0.,0.,1.));
#13357=DIRECTION('ref_axis',(-0.600851761283804,0.799360469977188,0.));
#13358=DIRECTION('center_axis',(1.,5.84343308173005E-17,0.));
#13359=DIRECTION('ref_axis',(0.,0.707106781186548,0.707106781186547));
#13360=DIRECTION('center_axis',(-1.,0.,0.));
#13361=DIRECTION('ref_axis',(0.,0.,1.));
#13362=DIRECTION('',(-1.,-5.84343308173005E-17,0.));
#13363=DIRECTION('center_axis',(0.,0.,-1.));
#13364=DIRECTION('ref_axis',(0.731954996243258,0.681352980087805,0.));
#13365=DIRECTION('center_axis',(0.,0.,1.));
#13366=DIRECTION('ref_axis',(0.602439140201138,0.798164821546098,0.));
#13367=DIRECTION('center_axis',(0.,0.,-1.));
#13368=DIRECTION('ref_axis',(0.707123752178605,0.707089809787166,0.));
#13369=DIRECTION('center_axis',(4.80017902981796E-5,0.999999998847914,0.));
#13370=DIRECTION('ref_axis',(0.,0.,1.));
#13371=DIRECTION('center_axis',(0.,0.,1.));
#13372=DIRECTION('ref_axis',(0.707123752178603,0.707089809787168,0.));
#13373=DIRECTION('center_axis',(-4.80017902750613E-5,-0.999999998847914,
0.));
#13374=DIRECTION('ref_axis',(0.707106780371896,-3.39423914132369E-5,0.707106781186551));
#13375=DIRECTION('',(4.80017902750613E-5,0.999999998847914,0.));
#13376=DIRECTION('center_axis',(0.,0.,-1.));
#13377=DIRECTION('ref_axis',(0.707150803513632,0.707062756118596,0.));
#13378=DIRECTION('center_axis',(0.00012451420612347,0.999999992248106,0.));
#13379=DIRECTION('ref_axis',(0.,0.,1.));
#13380=DIRECTION('center_axis',(0.,0.,1.));
#13381=DIRECTION('ref_axis',(0.707150803513635,0.707062756118593,0.));
#13382=DIRECTION('center_axis',(-0.000124514206197479,-0.999999992248106,
0.));
#13383=DIRECTION('ref_axis',(0.707106775705141,-8.80448395573482E-5,0.707106781186538));
#13384=DIRECTION('center_axis',(0.000124514206198965,0.999999992248106,
0.));
#13385=DIRECTION('ref_axis',(0.,0.,1.));
#13386=DIRECTION('',(0.000124514206197479,0.999999992248106,0.));
#13387=DIRECTION('center_axis',(0.,0.,-1.));
#13388=DIRECTION('ref_axis',(-1.,0.,0.));
#13389=DIRECTION('center_axis',(1.,0.,0.));
#13390=DIRECTION('ref_axis',(0.,0.,1.));
#13391=DIRECTION('center_axis',(0.,0.,1.));
#13392=DIRECTION('ref_axis',(0.707062757396328,-0.707150802236059,0.));
#13393=DIRECTION('center_axis',(-1.,0.,0.));
#13394=DIRECTION('ref_axis',(0.,-0.70710678118654,0.707106781186555));
#13395=DIRECTION('',(1.,0.,0.));
#13396=DIRECTION('center_axis',(0.,0.,-1.));
#13397=DIRECTION('ref_axis',(-1.,0.,0.));
#13398=DIRECTION('center_axis',(0.991644500991808,0.12900071183024,0.));
#13399=DIRECTION('ref_axis',(0.,0.,1.));
#13400=DIRECTION('center_axis',(0.,0.,1.));
#13401=DIRECTION('ref_axis',(0.509868091837099,-0.860252596000962,0.));
#13402=DIRECTION('center_axis',(-0.991644500991827,-0.129000711830093,0.));
#13403=DIRECTION('ref_axis',(0.0912172781129409,-0.701198551177678,0.707106781186542));
#13404=DIRECTION('',(0.991644500991827,0.129000711830093,0.));
#13405=DIRECTION('center_axis',(0.,0.,-1.));
#13406=DIRECTION('ref_axis',(-1.,0.,0.));
#13407=DIRECTION('center_axis',(0.499564186608817,-0.866276874594878,0.));
#13408=DIRECTION('ref_axis',(0.,0.,1.));
#13409=DIRECTION('center_axis',(0.,0.,1.));
#13410=DIRECTION('ref_axis',(-0.258849464781092,-0.965917674847366,0.));
#13411=DIRECTION('center_axis',(-0.499564186608798,0.86627687459489,0.));
#13412=DIRECTION('ref_axis',(-0.61255025241113,-0.353245223989026,0.70710678118655));
#13413=DIRECTION('center_axis',(0.499564186608797,-0.86627687459489,0.));
#13414=DIRECTION('ref_axis',(0.,0.,1.));
#13415=DIRECTION('',(0.499564186608798,-0.86627687459489,0.));
#13416=DIRECTION('center_axis',(0.,0.,-1.));
#13417=DIRECTION('ref_axis',(-1.,0.,0.));
#13418=DIRECTION('center_axis',(0.,0.,1.));
#13419=DIRECTION('ref_axis',(-0.965990093526152,-0.258579077284563,0.));
#13420=DIRECTION('center_axis',(1.,0.,0.));
#13421=DIRECTION('ref_axis',(0.,-1.,0.));
#13422=DIRECTION('',(0.,1.,0.));
#13423=DIRECTION('center_axis',(0.,0.,1.));
#13424=DIRECTION('ref_axis',(-0.707109012633078,0.707104549732975,0.));
#13425=DIRECTION('center_axis',(0.,0.,-1.));
#13426=DIRECTION('ref_axis',(-0.707109012633078,0.707104549732975,0.));
#13427=DIRECTION('center_axis',(-1.,0.,0.));
#13428=DIRECTION('ref_axis',(0.,1.,0.));
#13429=DIRECTION('',(0.,-1.,0.));
#13430=DIRECTION('center_axis',(0.,0.,1.));
#13431=DIRECTION('ref_axis',(0.,-1.,0.));
#13432=DIRECTION('center_axis',(-0.196205633807497,-0.980562771709287,-2.6119173672536E-15));
#13433=DIRECTION('ref_axis',(0.980562771709287,-0.196205633807497,0.));
#13434=DIRECTION('center_axis',(0.,0.,1.));
#13435=DIRECTION('ref_axis',(0.0010203115588636,-0.999999479482026,0.));
#13436=DIRECTION('center_axis',(-0.196033895635308,-0.980597120004972,-4.35472600204255E-15));
#13437=DIRECTION('ref_axis',(0.980597120004972,-0.196033895635308,0.));
#13438=DIRECTION('center_axis',(0.980423961973253,0.196898082237157,-6.99522510093532E-15));
#13439=DIRECTION('ref_axis',(0.196898082237157,-0.980423961973253,0.));
#13440=DIRECTION('center_axis',(0.,0.,1.));
#13441=DIRECTION('ref_axis',(0.000612102859642859,-0.999999812665027,0.));
#13442=DIRECTION('center_axis',(-0.196000740170792,-0.980603747623117,0.));
#13443=DIRECTION('ref_axis',(0.980603747623117,-0.196000740170792,0.));
#13444=DIRECTION('center_axis',(0.98048359130819,0.196600933811096,-7.63948091829599E-15));
#13445=DIRECTION('ref_axis',(0.196600933811096,-0.98048359130819,0.));
#13446=DIRECTION('center_axis',(0.,0.,1.));
#13447=DIRECTION('ref_axis',(-1.,-5.55111512312565E-15,0.));
#13448=DIRECTION('center_axis',(-0.980580675690921,0.19611613513818,0.));
#13449=DIRECTION('ref_axis',(-0.19611613513818,-0.980580675690921,0.));
#13450=DIRECTION('center_axis',(0.196116135138165,-0.980580675690924,-4.35465297461823E-15));
#13451=DIRECTION('ref_axis',(-0.980580675690924,-0.196116135138165,0.));
#13452=DIRECTION('center_axis',(0.,0.,1.));
#13453=DIRECTION('ref_axis',(-0.999999998847914,4.8001790284306E-5,0.));
#13454=DIRECTION('center_axis',(-0.980578864666263,0.196125190044072,4.35485403391827E-16));
#13455=DIRECTION('ref_axis',(-0.196125190044072,-0.980578864666263,0.));
#13456=DIRECTION('center_axis',(0.196078116733433,-0.980588278605384,-6.96609407432308E-15));
#13457=DIRECTION('ref_axis',(-0.980588278605384,-0.196078116733433,0.));
#13458=DIRECTION('center_axis',(0.,0.,1.));
#13459=DIRECTION('ref_axis',(0.,1.,0.));
#13460=DIRECTION('center_axis',(0.667932940132441,0.744221464005193,0.));
#13461=DIRECTION('ref_axis',(-0.744221464005193,0.667932940132441,0.));
#13462=DIRECTION('center_axis',(-0.994870183619247,-0.101159862323974,8.98480066559895E-15));
#13463=DIRECTION('ref_axis',(-0.101159862323974,0.994870183619247,0.));
#13464=DIRECTION('center_axis',(0.,0.,1.));
#13465=DIRECTION('ref_axis',(-0.129000711830089,0.991644500991827,0.));
#13466=DIRECTION('center_axis',(0.885107192929416,0.46538721192638,0.));
#13467=DIRECTION('ref_axis',(-0.46538721192638,0.885107192929416,0.));
#13468=DIRECTION('center_axis',(-0.985698214587708,-0.168520116777213,0.));
#13469=DIRECTION('ref_axis',(-0.168520116777213,0.985698214587708,0.));
#13470=DIRECTION('center_axis',(0.,0.,1.));
#13471=DIRECTION('ref_axis',(1.,0.,0.));
#13472=DIRECTION('center_axis',(-0.499564186608817,0.866276874594879,0.));
#13473=DIRECTION('ref_axis',(0.,0.,1.));
#13474=DIRECTION('center_axis',(0.,0.,-1.));
#13475=DIRECTION('ref_axis',(-0.965990093526151,-0.258579077284566,0.));
#13476=DIRECTION('center_axis',(0.499564186608798,-0.866276874594889,0.));
#13477=DIRECTION('ref_axis',(0.612550252411133,0.353245223989044,0.707106781186539));
#13478=DIRECTION('center_axis',(-0.499564186608797,0.86627687459489,0.));
#13479=DIRECTION('ref_axis',(0.,0.,1.));
#13480=DIRECTION('',(-0.499564186608798,0.866276874594889,0.));
#13481=DIRECTION('center_axis',(0.,0.,1.));
#13482=DIRECTION('ref_axis',(1.,0.,0.));
#13483=DIRECTION('center_axis',(-0.865805232347799,-0.500381154360527,0.));
#13484=DIRECTION('ref_axis',(0.,0.,1.));
#13485=DIRECTION('center_axis',(0.,0.,-1.));
#13486=DIRECTION('ref_axis',(-0.258849464781085,-0.965917674847368,0.));
#13487=DIRECTION('center_axis',(0.865805232347815,0.5003811543605,0.));
#13488=DIRECTION('ref_axis',(-0.353822907426274,0.612216750979936,0.70710678118654));
#13489=DIRECTION('',(-0.865805232347815,-0.5003811543605,0.));
#13490=DIRECTION('center_axis',(0.991644500991827,0.129000711830094,0.));
#13491=DIRECTION('ref_axis',(-0.0912172781129672,0.701198551177662,0.707106781186554));
#13492=DIRECTION('center_axis',(-0.991644500991826,-0.1290007118301,0.));
#13493=DIRECTION('ref_axis',(0.,0.,1.));
#13494=DIRECTION('',(-0.991644500991827,-0.129000711830094,0.));
#13495=DIRECTION('center_axis',(0.,0.,1.));
#13496=DIRECTION('ref_axis',(1.,0.,0.));
#13497=DIRECTION('center_axis',(-0.589221225957675,-0.807971748813617,0.));
#13498=DIRECTION('ref_axis',(0.,0.,1.));
#13499=DIRECTION('center_axis',(0.,0.,-1.));
#13500=DIRECTION('ref_axis',(0.509868091837043,-0.860252596000996,0.));
#13501=DIRECTION('center_axis',(0.589221225957567,0.807971748813696,0.));
#13502=DIRECTION('ref_axis',(-0.571322302593312,0.416642324493647,0.707106781186553));
#13503=DIRECTION('',(-0.589221225957567,-0.807971748813696,0.));
#13504=DIRECTION('center_axis',(1.,0.,0.));
#13505=DIRECTION('ref_axis',(0.,0.707106781186551,0.707106781186544));
#13506=DIRECTION('center_axis',(-1.,0.,0.));
#13507=DIRECTION('ref_axis',(0.,0.,1.));
#13508=DIRECTION('',(-1.,0.,0.));
#13509=DIRECTION('center_axis',(0.,0.,1.));
#13510=DIRECTION('ref_axis',(1.,0.,0.));
#13511=DIRECTION('center_axis',(-0.000124514206234495,-0.999999992248106,
0.));
#13512=DIRECTION('ref_axis',(0.,0.,1.));
#13513=DIRECTION('center_axis',(0.,0.,-1.));
#13514=DIRECTION('ref_axis',(0.707062757396321,-0.707150802236066,0.));
#13515=DIRECTION('center_axis',(0.000124514206197479,0.999999992248106,
0.));
#13516=DIRECTION('ref_axis',(-0.707106775705114,8.80448395573511E-5,0.707106781186564));
#13517=DIRECTION('center_axis',(-0.000124514206194531,-0.999999992248106,
0.));
#13518=DIRECTION('ref_axis',(0.,0.,1.));
#13519=DIRECTION('',(-0.000124514206197479,-0.999999992248106,0.));
#13520=DIRECTION('center_axis',(0.,0.,1.));
#13521=DIRECTION('ref_axis',(1.,0.,0.));
#13522=DIRECTION('center_axis',(1.,-3.61389140834946E-9,0.));
#13523=DIRECTION('ref_axis',(0.,0.,1.));
#13524=DIRECTION('center_axis',(0.,0.,-1.));
#13525=DIRECTION('ref_axis',(0.707150803513655,0.707062756118573,0.));
#13526=DIRECTION('center_axis',(-1.,3.61383072016875E-9,0.));
#13527=DIRECTION('ref_axis',(-2.555356878357E-9,-0.707106781186548,0.707106781186548));
#13528=DIRECTION('',(1.,-3.61383072016875E-9,0.));
#13529=DIRECTION('center_axis',(4.80017902753198E-5,0.999999998847914,0.));
#13530=DIRECTION('ref_axis',(-0.707106780371907,3.39423914132362E-5,0.70710678118654));
#13531=DIRECTION('center_axis',(-4.80017902693129E-5,-0.999999998847914,
0.));
#13532=DIRECTION('ref_axis',(0.,0.,1.));
#13533=DIRECTION('',(-4.80017902753198E-5,-0.999999998847914,0.));
#13534=DIRECTION('center_axis',(0.,0.,1.));
#13535=DIRECTION('ref_axis',(1.,0.,0.));
#13536=DIRECTION('center_axis',(1.,0.,0.));
#13537=DIRECTION('ref_axis',(0.,0.,1.));
#13538=DIRECTION('center_axis',(0.,0.,-1.));
#13539=DIRECTION('ref_axis',(0.707123752178599,0.707089809787172,0.));
#13540=DIRECTION('center_axis',(-1.,6.16793276323767E-17,0.));
#13541=DIRECTION('ref_axis',(0.,-0.707106781186546,0.707106781186549));
#13542=DIRECTION('',(1.,-6.16793276323767E-17,0.));
#13543=DIRECTION('center_axis',(0.,1.,0.));
#13544=DIRECTION('ref_axis',(-0.707106781186551,0.,0.707106781186544));
#13545=DIRECTION('center_axis',(2.22044604925028E-15,-1.,0.));
#13546=DIRECTION('ref_axis',(0.,0.,1.));
#13547=DIRECTION('',(0.,-1.,0.));
#13548=DIRECTION('center_axis',(0.,0.,1.));
#13549=DIRECTION('ref_axis',(1.,0.,0.));
#13550=DIRECTION('center_axis',(1.,0.,0.));
#13551=DIRECTION('ref_axis',(0.,0.,1.));
#13552=DIRECTION('center_axis',(0.,0.,-1.));
#13553=DIRECTION('ref_axis',(0.707106781186547,0.707106781186547,0.));
#13554=DIRECTION('center_axis',(-1.,-5.84343308173005E-17,0.));
#13555=DIRECTION('ref_axis',(0.,-0.707106781186548,0.707106781186548));
#13556=DIRECTION('center_axis',(1.,0.,0.));
#13557=DIRECTION('ref_axis',(0.,0.,1.));
#13558=DIRECTION('',(1.,5.84343308173005E-17,0.));
#13559=DIRECTION('center_axis',(0.,0.,1.));
#13560=DIRECTION('ref_axis',(1.,0.,0.));
#13561=DIRECTION('center_axis',(-1.11022302462516E-15,1.,0.));
#13562=DIRECTION('ref_axis',(0.,0.,1.));
#13563=DIRECTION('center_axis',(0.,0.,-1.));
#13564=DIRECTION('ref_axis',(-0.707106781186547,0.707106781186548,0.));
#13565=DIRECTION('center_axis',(0.,-1.,0.));
#13566=DIRECTION('ref_axis',(0.707106781186551,0.,0.707106781186544));
#13567=DIRECTION('',(0.,1.,0.));
#13568=DIRECTION('center_axis',(-0.999999812665027,-0.000612102859639934,
0.));
#13569=DIRECTION('ref_axis',(0.000432822082830859,-0.707106648720721,0.707106781186544));
#13570=DIRECTION('center_axis',(0.999999812665027,0.000612102859633969,
0.));
#13571=DIRECTION('ref_axis',(0.,0.,1.));
#13572=DIRECTION('',(0.999999812665027,0.000612102859639933,0.));
#13573=DIRECTION('center_axis',(0.,0.,1.));
#13574=DIRECTION('ref_axis',(1.,0.,0.));
#13575=DIRECTION('center_axis',(0.000138947884888996,0.999999990346743,
0.));
#13576=DIRECTION('ref_axis',(0.,0.,1.));
#13577=DIRECTION('center_axis',(0.,0.,-1.));
#13578=DIRECTION('ref_axis',(-0.707274046955936,0.706939475841159,0.));
#13579=DIRECTION('center_axis',(-0.000138947884906196,-0.999999990346743,
0.));
#13580=DIRECTION('ref_axis',(0.707106774360667,-9.82509916538067E-5,0.707106781186544));
#13581=DIRECTION('',(0.000138947884906196,0.999999990346743,0.));
#13582=DIRECTION('center_axis',(-0.999999479482026,-0.00102031155886383,
0.));
#13583=DIRECTION('ref_axis',(0.000721469222198623,-0.707106413124753,0.707106781186553));
#13584=DIRECTION('center_axis',(0.999999479482026,0.00102031155888583,0.));
#13585=DIRECTION('ref_axis',(0.,0.,1.));
#13586=DIRECTION('',(0.999999479482026,0.00102031155886383,0.));
#13587=DIRECTION('center_axis',(0.,0.,1.));
#13588=DIRECTION('ref_axis',(1.,0.,0.));
#13589=DIRECTION('center_axis',(0.000113001932875445,0.999999993615282,
0.));
#13590=DIRECTION('ref_axis',(0.,0.,1.));
#13591=DIRECTION('center_axis',(0.,0.,-1.));
#13592=DIRECTION('ref_axis',(-0.707427490870377,0.706785925978187,0.));
#13593=DIRECTION('center_axis',(-0.000113001932868826,-0.999999993615282,
0.));
#13594=DIRECTION('ref_axis',(0.707106776671877,-7.99044330249831E-5,0.70710678118654));
#13595=DIRECTION('',(0.000113001932868826,0.999999993615282,0.));
#13596=DIRECTION('center_axis',(0.,0.,1.));
#13597=DIRECTION('ref_axis',(-0.00102031155887841,0.999999479482026,0.));
#13598=DIRECTION('',(0.,0.,1.));
#13599=DIRECTION('center_axis',(0.,0.,-1.));
#13600=DIRECTION('ref_axis',(-0.00102031155887841,0.999999479482026,0.));
#13601=DIRECTION('',(0.,0.,1.));
#13602=DIRECTION('center_axis',(0.999999993615282,-0.000113001932868826,
0.));
#13603=DIRECTION('ref_axis',(0.000113001932868826,0.999999993615282,0.));
#13604=DIRECTION('',(0.,0.,1.));
#13605=DIRECTION('',(0.000113001932868826,0.999999993615282,0.));
#13606=DIRECTION('center_axis',(0.,0.,1.));
#13607=DIRECTION('ref_axis',(-2.22044604925033E-14,-1.,0.));
#13608=DIRECTION('',(0.,0.,1.));
#13609=DIRECTION('center_axis',(0.,0.,1.));
#13610=DIRECTION('ref_axis',(-3.33066907387549E-14,-1.,0.));
#13611=DIRECTION('',(0.,0.,-1.));
#13612=DIRECTION('center_axis',(0.,0.,1.));
#13613=DIRECTION('ref_axis',(-2.22044604925033E-14,-1.,0.));
#13614=DIRECTION('center_axis',(0.,-1.,0.));
#13615=DIRECTION('ref_axis',(1.,0.,0.));
#13616=DIRECTION('',(1.,-1.12039928570667E-15,0.));
#13617=DIRECTION('center_axis',(6.93080328277294E-17,1.,0.));
#13618=DIRECTION('ref_axis',(-1.,6.93080328277294E-17,0.));
#13619=DIRECTION('',(0.,0.,1.));
#13620=DIRECTION('',(1.,-6.93080328277294E-17,0.));
#13621=DIRECTION('',(0.,0.,1.));
#13622=DIRECTION('center_axis',(0.,0.,1.));
#13623=DIRECTION('ref_axis',(0.999999998847914,-4.80017902981803E-5,0.));
#13624=DIRECTION('',(0.,0.,1.));
#13625=DIRECTION('center_axis',(0.,0.,-1.));
#13626=DIRECTION('ref_axis',(0.999999998847914,-4.80017902981803E-5,0.));
#13627=DIRECTION('center_axis',(0.999999998847914,-4.80017902750613E-5,
0.));
#13628=DIRECTION('ref_axis',(4.80017902750613E-5,0.999999998847914,0.));
#13629=DIRECTION('',(0.,0.,1.));
#13630=DIRECTION('',(-4.80017902750613E-5,-0.999999998847914,0.));
#13631=DIRECTION('center_axis',(3.61383071100612E-9,1.,0.));
#13632=DIRECTION('ref_axis',(-1.,3.61383071100612E-9,0.));
#13633=DIRECTION('',(0.,0.,1.));
#13634=DIRECTION('',(1.,-3.61383071100612E-9,0.));
#13635=DIRECTION('center_axis',(0.,0.,1.));
#13636=DIRECTION('ref_axis',(0.999999992248106,-0.00012451420612347,0.));
#13637=DIRECTION('',(0.,0.,1.));
#13638=DIRECTION('center_axis',(0.,0.,-1.));
#13639=DIRECTION('ref_axis',(0.999999992248106,-0.00012451420612347,0.));
#13640=DIRECTION('center_axis',(0.999999992248106,-0.000124514206197479,
0.));
#13641=DIRECTION('ref_axis',(0.000124514206197479,0.999999992248106,0.));
#13642=DIRECTION('',(0.,0.,1.));
#13643=DIRECTION('',(-0.000124514206197479,-0.999999992248106,0.));
#13644=DIRECTION('center_axis',(0.,0.,1.));
#13645=DIRECTION('ref_axis',(0.,-1.,0.));
#13646=DIRECTION('',(0.,0.,1.));
#13647=DIRECTION('center_axis',(0.,0.,-1.));
#13648=DIRECTION('ref_axis',(0.,-1.,0.));
#13649=DIRECTION('center_axis',(0.,-1.,0.));
#13650=DIRECTION('ref_axis',(1.,0.,0.));
#13651=DIRECTION('',(0.,0.,1.));
#13652=DIRECTION('',(-1.,0.,0.));
#13653=DIRECTION('center_axis',(0.807971748813696,-0.589221225957567,0.));
#13654=DIRECTION('ref_axis',(0.589221225957567,0.807971748813696,0.));
#13655=DIRECTION('',(0.,0.,1.));
#13656=DIRECTION('',(-0.589221225957566,-0.807971748813696,0.));
#13657=DIRECTION('center_axis',(0.,0.,1.));
#13658=DIRECTION('ref_axis',(0.12900071183024,-0.991644500991808,0.));
#13659=DIRECTION('',(0.,0.,1.));
#13660=DIRECTION('center_axis',(0.,0.,-1.));
#13661=DIRECTION('ref_axis',(0.12900071183024,-0.991644500991808,0.));
#13662=DIRECTION('center_axis',(0.129000711830093,-0.991644500991827,0.));
#13663=DIRECTION('ref_axis',(0.991644500991827,0.129000711830093,0.));
#13664=DIRECTION('',(0.,0.,1.));
#13665=DIRECTION('',(-0.991644500991827,-0.129000711830093,0.));
#13666=DIRECTION('center_axis',(0.500381154360499,-0.865805232347815,0.));
#13667=DIRECTION('ref_axis',(0.865805232347815,0.500381154360499,0.));
#13668=DIRECTION('',(0.,0.,1.));
#13669=DIRECTION('',(-0.865805232347815,-0.500381154360499,0.));
#13670=DIRECTION('center_axis',(0.,0.,1.));
#13671=DIRECTION('ref_axis',(-0.866276874594881,-0.499564186608814,0.));
#13672=DIRECTION('',(0.,0.,1.));
#13673=DIRECTION('center_axis',(0.,0.,-1.));
#13674=DIRECTION('ref_axis',(-0.86627687459488,-0.499564186608814,0.));
#13675=DIRECTION('center_axis',(-0.86627687459489,-0.499564186608798,0.));
#13676=DIRECTION('ref_axis',(0.499564186608798,-0.86627687459489,0.));
#13677=DIRECTION('',(0.,0.,1.));
#13678=DIRECTION('',(-0.499564186608798,0.86627687459489,0.));
#13679=DIRECTION('center_axis',(0.,0.,1.));
#13680=DIRECTION('ref_axis',(-0.999999999980083,-6.31149387663568E-6,0.));
#13681=DIRECTION('center_axis',(0.,0.,-1.));
#13682=DIRECTION('ref_axis',(-0.999999999980082,-6.31149387663568E-6,0.));
#13683=DIRECTION('center_axis',(6.31149385199592E-6,-0.999999999980083,
0.));
#13684=DIRECTION('ref_axis',(0.,0.,-1.));
#13685=DIRECTION('',(0.999999999980082,6.31149385199592E-6,0.));
#13686=DIRECTION('center_axis',(0.,0.,1.));
#13687=DIRECTION('ref_axis',(-0.999999999980082,-6.31149387568055E-6,0.));
#13688=DIRECTION('',(0.,0.,1.));
#13689=DIRECTION('center_axis',(0.,0.,-1.));
#13690=DIRECTION('ref_axis',(-0.999999999980082,-6.31149387568055E-6,0.));
#13691=DIRECTION('center_axis',(0.866276874594889,0.499564186608798,0.));
#13692=DIRECTION('ref_axis',(-0.499564186608798,0.866276874594889,0.));
#13693=DIRECTION('',(0.,0.,1.));
#13694=DIRECTION('',(-0.499564186608798,0.866276874594889,0.));
#13695=DIRECTION('center_axis',(0.,0.,1.));
#13696=DIRECTION('ref_axis',(-0.866276874594882,-0.499564186608812,0.));
#13697=DIRECTION('',(0.,0.,1.));
#13698=DIRECTION('center_axis',(0.,0.,-1.));
#13699=DIRECTION('ref_axis',(-0.866276874594882,-0.499564186608812,0.));
#13700=DIRECTION('center_axis',(-0.5003811543605,0.865805232347815,0.));
#13701=DIRECTION('ref_axis',(-0.865805232347815,-0.5003811543605,0.));
#13702=DIRECTION('',(0.,0.,1.));
#13703=DIRECTION('',(-0.865805232347815,-0.5003811543605,0.));
#13704=DIRECTION('center_axis',(0.,0.,1.));
#13705=DIRECTION('ref_axis',(-0.129000711829963,0.991644500991844,0.));
#13706=DIRECTION('',(0.,0.,1.));
#13707=DIRECTION('center_axis',(0.,0.,1.));
#13708=DIRECTION('ref_axis',(-0.129000711829963,0.991644500991844,0.));
#13709=DIRECTION('center_axis',(-0.129000711830094,0.991644500991827,0.));
#13710=DIRECTION('ref_axis',(-0.991644500991827,-0.129000711830094,0.));
#13711=DIRECTION('',(0.,0.,1.));
#13712=DIRECTION('',(-0.991644500991827,-0.129000711830094,0.));
#13713=DIRECTION('center_axis',(0.,0.,1.));
#13714=DIRECTION('ref_axis',(0.12900071183024,-0.991644500991808,0.));
#13715=DIRECTION('',(0.,0.,1.));
#13716=DIRECTION('center_axis',(0.,0.,-1.));
#13717=DIRECTION('ref_axis',(0.12900071183024,-0.991644500991808,0.));
#13718=DIRECTION('center_axis',(-0.807971748813696,0.589221225957567,0.));
#13719=DIRECTION('ref_axis',(-0.589221225957567,-0.807971748813696,0.));
#13720=DIRECTION('',(0.,0.,1.));
#13721=DIRECTION('',(-0.589221225957567,-0.807971748813696,0.));
#13722=DIRECTION('center_axis',(0.,0.,1.));
#13723=DIRECTION('ref_axis',(0.,1.,0.));
#13724=DIRECTION('',(0.,0.,1.));
#13725=DIRECTION('center_axis',(0.,0.,1.));
#13726=DIRECTION('ref_axis',(0.,1.,0.));
#13727=DIRECTION('center_axis',(0.,1.,0.));
#13728=DIRECTION('ref_axis',(-1.,0.,0.));
#13729=DIRECTION('',(0.,0.,1.));
#13730=DIRECTION('',(-1.,0.,0.));
#13731=DIRECTION('center_axis',(0.,0.,1.));
#13732=DIRECTION('ref_axis',(0.,-1.,0.));
#13733=DIRECTION('',(0.,0.,1.));
#13734=DIRECTION('center_axis',(0.,0.,-1.));
#13735=DIRECTION('ref_axis',(0.,-1.,0.));
#13736=DIRECTION('center_axis',(-0.999999992248106,0.000124514206197479,
0.));
#13737=DIRECTION('ref_axis',(-0.000124514206197479,-0.999999992248106,0.));
#13738=DIRECTION('',(0.,0.,1.));
#13739=DIRECTION('',(-0.000124514206197479,-0.999999992248106,0.));
#13740=DIRECTION('',(0.,0.,-1.));
#13741=DIRECTION('',(-0.000124514206197479,-0.999999992248106,0.));
#13742=DIRECTION('',(0.,0.,-1.));
#13743=DIRECTION('',(-0.000124514206197479,-0.999999992248106,0.));
#13744=DIRECTION('center_axis',(0.,0.,1.));
#13745=DIRECTION('ref_axis',(-3.70074341541717E-15,1.,0.));
#13746=DIRECTION('center_axis',(0.,0.,-1.));
#13747=DIRECTION('ref_axis',(-3.70074341541717E-15,1.,0.));
#13748=DIRECTION('center_axis',(0.,0.,1.));
#13749=DIRECTION('ref_axis',(0.961691457662051,0.27413416470743,0.));
#13750=DIRECTION('center_axis',(0.,0.,1.));
#13751=DIRECTION('ref_axis',(0.961691457662051,0.274134164707429,0.));
#13752=DIRECTION('',(0.,0.707106781186543,0.707106781186552));
#13753=DIRECTION('center_axis',(0.,0.,-1.));
#13754=DIRECTION('ref_axis',(0.961691457662051,0.274134164707429,0.));
#13755=DIRECTION('center_axis',(-4.13193115750111E-17,0.707106781186545,
-0.70710678118655));
#13756=DIRECTION('ref_axis',(-1.,0.,5.84343308173E-17));
#13757=DIRECTION('',(0.,0.70710678118655,0.707106781186545));
#13758=DIRECTION('',(1.,5.84343308173005E-17,0.));
#13759=DIRECTION('',(-1.,-5.84343308173005E-17,0.));
#13760=DIRECTION('center_axis',(0.,0.,1.));
#13761=DIRECTION('ref_axis',(0.,1.,0.));
#13762=DIRECTION('center_axis',(0.,0.,-1.));
#13763=DIRECTION('ref_axis',(0.,1.,0.));
#13764=DIRECTION('center_axis',(0.,0.,1.));
#13765=DIRECTION('ref_axis',(0.,1.,0.));
#13766=DIRECTION('center_axis',(-0.000432822082835057,0.707106648720723,
-0.707106781186543));
#13767=DIRECTION('ref_axis',(-0.999999812665097,0.,0.000612102744971683));
#13768=DIRECTION('',(-0.999999812665027,-0.000612102859639904,0.));
#13769=DIRECTION('',(-0.000432822082830866,0.707106648720713,0.707106781186552));
#13770=DIRECTION('',(0.999999812665027,0.000612102859639904,0.));
#13771=DIRECTION('center_axis',(0.,0.,1.));
#13772=DIRECTION('ref_axis',(-0.000612102859612778,0.999999812665027,0.));
#13773=DIRECTION('center_axis',(0.,0.,-1.));
#13774=DIRECTION('ref_axis',(-0.000612102859612778,0.999999812665027,0.));
#13775=DIRECTION('center_axis',(0.,0.,1.));
#13776=DIRECTION('ref_axis',(-0.000612102859612778,0.999999812665027,0.));
#13777=DIRECTION('center_axis',(-0.000721469222195648,0.707106413124768,
-0.707106781186538));
#13778=DIRECTION('ref_axis',(-0.999999479482568,0.,0.00102031102777391));
#13779=DIRECTION('',(-0.999999479482026,-0.00102031155886384,0.));
#13780=DIRECTION('',(-0.00072146922218607,0.707106413124748,0.707106781186557));
#13781=DIRECTION('',(0.999999479482026,0.00102031155886384,0.));
#13782=DIRECTION('center_axis',(0.,0.,1.));
#13783=DIRECTION('ref_axis',(-0.00102031155887866,0.999999479482026,0.));
#13784=DIRECTION('center_axis',(0.,0.,1.));
#13785=DIRECTION('ref_axis',(-0.00102031155887866,0.999999479482026,0.));
#13786=DIRECTION('center_axis',(0.,0.70710678118655,-0.707106781186545));
#13787=DIRECTION('ref_axis',(-1.,0.,0.));
#13788=DIRECTION('',(-1.,0.,0.));
#13789=DIRECTION('',(4.71027737605134E-15,0.707106781186544,0.707106781186551));
#13790=DIRECTION('center_axis',(0.,0.,1.));
#13791=DIRECTION('ref_axis',(-3.76043282534327E-15,1.,0.));
#13792=DIRECTION('',(-0.707106781172463,-4.4629001053037E-6,0.707106781186548));
#13793=DIRECTION('center_axis',(0.,0.,-1.));
#13794=DIRECTION('ref_axis',(-3.76043282534327E-15,1.,0.));
#13795=DIRECTION('center_axis',(0.,0.,1.));
#13796=DIRECTION('ref_axis',(-3.76043282534327E-15,1.,0.));
#13797=DIRECTION('center_axis',(-0.707106781172465,-4.4629001033847E-6,
-0.707106781186546));
#13798=DIRECTION('ref_axis',(-0.707106781193588,0.,0.707106781179507));
#13799=DIRECTION('',(-0.707106781172462,-4.46290007704204E-6,0.707106781186549));
#13800=DIRECTION('',(6.31149385372292E-6,-0.999999999980082,0.));
#13801=DIRECTION('center_axis',(0.,0.,1.));
#13802=DIRECTION('ref_axis',(-0.999999999980082,-6.31149387663568E-6,0.));
#13803=DIRECTION('',(-0.612550252411133,-0.353245223989025,0.707106781186548));
#13804=DIRECTION('center_axis',(0.,0.,1.));
#13805=DIRECTION('ref_axis',(-0.999999999980083,-6.31149387663568E-6,0.));
#13806=DIRECTION('center_axis',(-0.612550252411132,-0.353245223989021,-0.707106781186551));
#13807=DIRECTION('ref_axis',(-0.755834877756987,0.,0.654762275613127));
#13808=DIRECTION('',(-0.61255025241114,-0.353245223989023,0.707106781186543));
#13809=DIRECTION('',(0.499564186608798,-0.86627687459489,0.));
#13810=DIRECTION('center_axis',(0.,0.,1.));
#13811=DIRECTION('ref_axis',(-0.86627687459488,-0.499564186608814,0.));
#13812=DIRECTION('',(0.353822907426261,-0.612216750979927,0.707106781186555));
#13813=DIRECTION('center_axis',(0.,0.,1.));
#13814=DIRECTION('ref_axis',(-0.86627687459488,-0.499564186608814,0.));
#13815=DIRECTION('center_axis',(0.353822907426259,-0.612216750979929,-0.707106781186554));
#13816=DIRECTION('ref_axis',(-0.894290804295579,0.,-0.447486264987393));
#13817=DIRECTION('',(0.865805232347815,0.500381154360499,0.));
#13818=DIRECTION('',(0.229136961302794,-0.676235542415814,0.700144088126517));
#13819=DIRECTION('center_axis',(0.0912172781129514,-0.701198551177676,-0.707106781186542));
#13820=DIRECTION('ref_axis',(-0.991781837073458,0.,-0.127940562962636));
#13821=DIRECTION('',(0.991644500991827,0.129000711830093,0.));
#13822=DIRECTION('',(0.0912172781129425,-0.701198551177665,0.707106781186554));
#13823=DIRECTION('center_axis',(0.,0.,1.));
#13824=DIRECTION('ref_axis',(0.12900071183024,-0.991644500991808,0.));
#13825=DIRECTION('',(0.571322302593305,-0.41664232449365,0.707106781186556));
#13826=DIRECTION('center_axis',(0.,0.,1.));
#13827=DIRECTION('ref_axis',(0.12900071183024,-0.991644500991808,0.));
#13828=DIRECTION('center_axis',(0.571322302593321,-0.416642324493648,-0.707106781186544));
#13829=DIRECTION('ref_axis',(-0.777834921948483,0.,-0.628468642175086));
#13830=DIRECTION('',(0.589221225957567,0.807971748813696,0.));
#13831=DIRECTION('',(0.338301468910947,-0.665414200379242,0.665414200379245));
#13832=DIRECTION('center_axis',(0.,-0.707106781186549,-0.707106781186546));
#13833=DIRECTION('ref_axis',(-1.,0.,0.));
#13834=DIRECTION('',(1.,0.,0.));
#13835=DIRECTION('',(0.,-0.707106781186546,0.707106781186549));
#13836=DIRECTION('center_axis',(0.,0.,1.));
#13837=DIRECTION('ref_axis',(0.,-1.,0.));
#13838=DIRECTION('',(0.707106775705128,-8.80448395573497E-5,0.70710678118655));
#13839=DIRECTION('center_axis',(0.,0.,1.));
#13840=DIRECTION('ref_axis',(0.,-1.,0.));
#13841=DIRECTION('center_axis',(0.707106775705133,-8.80448395562977E-5,
-0.707106781186545));
#13842=DIRECTION('ref_axis',(-0.707106783927254,0.,-0.707106778445841));
#13843=DIRECTION('',(0.707106775705128,-8.80448395573497E-5,0.70710678118655));
#13844=DIRECTION('',(0.000124514206197479,0.999999992248106,0.));
#13845=DIRECTION('center_axis',(0.,0.,1.));
#13846=DIRECTION('ref_axis',(0.999999992248106,-0.00012451420612347,0.));
#13847=DIRECTION('',(2.55538199983637E-9,0.707106781186544,0.707106781186551));
#13848=DIRECTION('center_axis',(0.,0.,1.));
#13849=DIRECTION('ref_axis',(0.999999992248106,-0.00012451420612347,0.));
#13850=DIRECTION('center_axis',(2.55536420181263E-9,0.707106781186548,-0.707106781186547));
#13851=DIRECTION('ref_axis',(-1.,0.,-3.61383071100612E-9));
#13852=DIRECTION('',(-1.,3.61383071100612E-9,0.));
#13853=DIRECTION('',(0.577368745782774,0.577341029628059,0.577341031714566));
#13854=DIRECTION('center_axis',(0.707106780371891,-3.39423914125899E-5,
-0.707106781186556));
#13855=DIRECTION('ref_axis',(-0.70710678159388,0.,-0.707106780779215));
#13856=DIRECTION('',(4.80017902750613E-5,0.999999998847914,0.));
#13857=DIRECTION('',(0.707106780371909,-3.39423914273671E-5,0.707106781186539));
#13858=DIRECTION('center_axis',(0.,0.,1.));
#13859=DIRECTION('ref_axis',(0.999999998847914,-4.80017902981803E-5,0.));
#13860=DIRECTION('',(0.,0.707106781186542,0.707106781186553));
#13861=DIRECTION('center_axis',(0.,0.,1.));
#13862=DIRECTION('ref_axis',(0.999999998847914,-4.80017902981803E-5,0.));
#13863=DIRECTION('center_axis',(4.90081800031871E-17,0.707106781186544,
-0.707106781186551));
#13864=DIRECTION('ref_axis',(-1.,0.,-6.93080328277287E-17));
#13865=DIRECTION('',(-1.,6.93080328277294E-17,0.));
#13866=DIRECTION('center_axis',(0.,0.,1.));
#13867=DIRECTION('ref_axis',(0.961691457662051,0.274134164707429,0.));
#13868=DIRECTION('',(0.,0.,1.));
#13869=DIRECTION('center_axis',(0.,0.,-1.));
#13870=DIRECTION('ref_axis',(1.,0.,0.));
#13871=DIRECTION('center_axis',(0.,0.,-1.));
#13872=DIRECTION('ref_axis',(1.,0.,0.));
#13873=DIRECTION('center_axis',(0.,0.,-1.));
#13874=DIRECTION('ref_axis',(1.,0.,0.));
#13875=DIRECTION('center_axis',(0.,0.,1.));
#13876=DIRECTION('ref_axis',(1.,0.,0.));
#13877=DIRECTION('center_axis',(0.,0.,-1.));
#13878=DIRECTION('ref_axis',(0.0917471858994228,-0.995782332580538,0.));
#13879=DIRECTION('center_axis',(0.,0.,-1.));
#13880=DIRECTION('ref_axis',(0.866025403784435,-0.500000000000006,0.));
#13881=DIRECTION('',(-0.499999999999999,-0.866025403784439,0.));
#13882=DIRECTION('center_axis',(0.,0.,-1.));
#13883=DIRECTION('ref_axis',(0.866025403784442,0.499999999999995,0.));
#13884=DIRECTION('',(0.500000000000002,-0.866025403784438,0.));
#13885=DIRECTION('center_axis',(0.,0.,-1.));
#13886=DIRECTION('ref_axis',(3.94745964311162E-15,1.,0.));
#13887=DIRECTION('center_axis',(0.,0.,-1.));
#13888=DIRECTION('ref_axis',(0.0917471858994354,0.995782332580537,0.));
#13889=DIRECTION('center_axis',(0.,0.,1.));
#13890=DIRECTION('ref_axis',(1.,0.,0.));
#13891=DIRECTION('center_axis',(0.,0.,-1.));
#13892=DIRECTION('ref_axis',(-0.0917471858994351,0.995782332580537,0.));
#13893=DIRECTION('center_axis',(0.,0.,-1.));
#13894=DIRECTION('ref_axis',(-0.866025403784438,0.500000000000001,0.));
#13895=DIRECTION('',(0.500000000000004,0.866025403784436,0.));
#13896=DIRECTION('center_axis',(0.,0.,-1.));
#13897=DIRECTION('ref_axis',(-0.866025403784442,-0.499999999999995,0.));
#13898=DIRECTION('',(-0.500000000000001,0.866025403784438,0.));
#13899=DIRECTION('center_axis',(0.,0.,-1.));
#13900=DIRECTION('ref_axis',(7.89491928622341E-15,-1.,0.));
#13901=DIRECTION('center_axis',(0.,0.,-1.));
#13902=DIRECTION('ref_axis',(-0.0917471858994234,-0.995782332580538,0.));
#13903=DIRECTION('center_axis',(0.,0.,1.));
#13904=DIRECTION('ref_axis',(1.,0.,0.));
#13905=DIRECTION('center_axis',(0.,0.,-1.));
#13906=DIRECTION('ref_axis',(0.0917471858994222,-0.995782332580538,0.));
#13907=DIRECTION('center_axis',(0.,0.,-1.));
#13908=DIRECTION('ref_axis',(0.866025403784437,-0.500000000000004,0.));
#13909=DIRECTION('',(-0.499999999999999,-0.866025403784439,0.));
#13910=DIRECTION('center_axis',(0.,0.,-1.));
#13911=DIRECTION('ref_axis',(0.866025403784447,0.499999999999985,0.));
#13912=DIRECTION('',(0.500000000000002,-0.866025403784438,0.));
#13913=DIRECTION('center_axis',(0.,0.,-1.));
#13914=DIRECTION('ref_axis',(0.,1.,0.));
#13915=DIRECTION('',(1.,2.19767164158122E-15,0.));
#13916=DIRECTION('center_axis',(0.,0.,-1.));
#13917=DIRECTION('ref_axis',(-0.866025403784439,0.499999999999999,0.));
#13918=DIRECTION('',(0.5,0.866025403784439,0.));
#13919=DIRECTION('center_axis',(0.,0.,-1.));
#13920=DIRECTION('ref_axis',(-0.866025403784442,-0.499999999999994,0.));
#13921=DIRECTION('',(-0.500000000000005,0.866025403784436,0.));
#13922=DIRECTION('center_axis',(0.,0.,-1.));
#13923=DIRECTION('ref_axis',(0.,-1.,0.));
#13924=DIRECTION('center_axis',(0.,0.,-1.));
#13925=DIRECTION('ref_axis',(-0.0917471858994225,-0.995782332580538,0.));
#13926=DIRECTION('',(1.,-3.61383086083056E-9,0.));
#13927=DIRECTION('',(1.,1.5621155830031E-9,0.));
#13928=DIRECTION('center_axis',(0.,0.,-1.));
#13929=DIRECTION('ref_axis',(-0.866025403784439,-0.499999999999999,0.));
#13930=DIRECTION('',(-0.499999999999999,0.866025403784439,0.));
#13931=DIRECTION('center_axis',(0.,0.,-1.));
#13932=DIRECTION('ref_axis',(-1.18423789293348E-14,-1.,0.));
#13933=DIRECTION('',(-1.,-1.09872824582724E-15,0.));
#13934=DIRECTION('center_axis',(0.,0.,-1.));
#13935=DIRECTION('ref_axis',(0.866025403784443,-0.499999999999992,0.));
#13936=DIRECTION('',(-0.499999999999995,-0.866025403784442,0.));
#13937=DIRECTION('center_axis',(0.,0.,-1.));
#13938=DIRECTION('ref_axis',(0.866025403784441,-0.499999999999995,0.));
#13939=DIRECTION('',(-0.499999999999999,-0.866025403784439,0.));
#13940=DIRECTION('center_axis',(0.,0.,-1.));
#13941=DIRECTION('ref_axis',(0.866025403784447,0.499999999999985,0.));
#13942=DIRECTION('',(0.500000000000002,-0.866025403784438,0.));
#13943=DIRECTION('center_axis',(0.,0.,-1.));
#13944=DIRECTION('ref_axis',(3.94745964311162E-15,1.,0.));
#13945=DIRECTION('',(1.,1.09883582079061E-15,0.));
#13946=DIRECTION('center_axis',(0.,0.,-1.));
#13947=DIRECTION('ref_axis',(-0.866025403784438,0.500000000000001,0.));
#13948=DIRECTION('',(0.500000000000004,0.866025403784436,0.));
#13949=DIRECTION('center_axis',(0.,0.,-1.));
#13950=DIRECTION('ref_axis',(-0.866025403784442,-0.499999999999995,0.));
#13951=DIRECTION('',(-0.500000000000001,0.866025403784438,0.));
#13952=DIRECTION('center_axis',(0.,0.,-1.));
#13953=DIRECTION('ref_axis',(7.89491928622341E-15,-1.,0.));
#13954=DIRECTION('',(-1.,4.39534328316244E-15,0.));
#13955=DIRECTION('center_axis',(0.,0.,-1.));
#13956=DIRECTION('ref_axis',(0.866025403784435,-0.500000000000006,0.));
#13957=DIRECTION('',(-0.499999999999999,0.866025403784439,0.));
#13958=DIRECTION('center_axis',(0.,0.,-1.));
#13959=DIRECTION('ref_axis',(-1.18423789293348E-14,-1.,0.));
#13960=DIRECTION('',(-1.,-1.09872824582724E-15,0.));
#13961=DIRECTION('center_axis',(0.,0.,-1.));
#13962=DIRECTION('ref_axis',(0.866025403784443,-0.499999999999992,0.));
#13963=DIRECTION('',(-0.499999999999995,-0.866025403784442,0.));
#13964=DIRECTION('center_axis',(0.,0.,-1.));
#13965=DIRECTION('ref_axis',(0.866025403784439,0.499999999999999,0.));
#13966=DIRECTION('',(0.500000000000002,-0.866025403784438,0.));
#13967=DIRECTION('center_axis',(0.,0.,-1.));
#13968=DIRECTION('ref_axis',(3.94745964311164E-15,1.,0.));
#13969=DIRECTION('',(1.,2.19745649165448E-15,0.));
#13970=DIRECTION('center_axis',(0.,0.,-1.));
#13971=DIRECTION('ref_axis',(-0.86602540378444,0.499999999999997,0.));
#13972=DIRECTION('',(0.499999999999998,0.86602540378444,0.));
#13973=DIRECTION('center_axis',(0.,0.,-1.));
#13974=DIRECTION('ref_axis',(-0.866025403784442,-0.499999999999994,0.));
#13975=DIRECTION('',(0.500000000000002,-0.866025403784438,0.));
#13976=DIRECTION('center_axis',(0.,0.,-1.));
#13977=DIRECTION('ref_axis',(0.,1.,0.));
#13978=DIRECTION('',(1.,2.19767164158122E-15,0.));
#13979=DIRECTION('center_axis',(0.,0.,-1.));
#13980=DIRECTION('ref_axis',(-0.866025403784439,0.499999999999999,0.));
#13981=DIRECTION('',(0.5,0.866025403784439,0.));
#13982=DIRECTION('center_axis',(0.,0.,-1.));
#13983=DIRECTION('ref_axis',(-0.866025403784442,-0.499999999999994,0.));
#13984=DIRECTION('',(-0.500000000000005,0.866025403784436,0.));
#13985=DIRECTION('center_axis',(0.,0.,-1.));
#13986=DIRECTION('ref_axis',(0.,-1.,0.));
#13987=DIRECTION('',(-1.,-2.19767164158123E-15,0.));
#13988=DIRECTION('center_axis',(0.,0.,-1.));
#13989=DIRECTION('ref_axis',(0.866025403784437,-0.500000000000004,0.));
#13990=DIRECTION('',(-0.499999999999999,-0.866025403784439,0.));
#13991=DIRECTION('center_axis',(0.,0.,-1.));
#13992=DIRECTION('ref_axis',(0.866025403784447,0.499999999999985,0.));
#13993=DIRECTION('',(-1.,-1.09872824582724E-15,0.));
#13994=DIRECTION('center_axis',(0.,0.,-1.));
#13995=DIRECTION('ref_axis',(0.866025403784443,-0.499999999999992,0.));
#13996=DIRECTION('',(-0.499999999999995,-0.866025403784442,0.));
#13997=DIRECTION('center_axis',(0.,0.,-1.));
#13998=DIRECTION('ref_axis',(0.866025403784439,0.499999999999999,0.));
#13999=DIRECTION('',(0.500000000000002,-0.866025403784438,0.));
#14000=DIRECTION('center_axis',(0.,0.,-1.));
#14001=DIRECTION('ref_axis',(0.499999999999997,0.86602540378444,0.));
#14002=DIRECTION('',(1.,-6.84912225088103E-17,0.));
#14003=DIRECTION('center_axis',(0.,0.,-1.));
#14004=DIRECTION('ref_axis',(-0.500000000000002,0.866025403784437,0.));
#14005=DIRECTION('',(0.499999999999998,0.86602540378444,0.));
#14006=DIRECTION('center_axis',(0.,0.,-1.));
#14007=DIRECTION('ref_axis',(-0.866025403784442,-0.499999999999994,0.));
#14008=DIRECTION('',(-0.499999999999999,0.866025403784439,0.));
#14009=DIRECTION('center_axis',(0.,0.,-1.));
#14010=DIRECTION('ref_axis',(-1.18423789293348E-14,-1.,0.));
#14011=DIRECTION('center_axis',(0.,0.,-1.));
#14012=DIRECTION('ref_axis',(1.,0.,0.));
#14013=DIRECTION('center_axis',(0.,0.,-1.));
#14014=DIRECTION('ref_axis',(1.,0.,0.));
#14015=DIRECTION('center_axis',(0.,0.,-1.));
#14016=DIRECTION('ref_axis',(1.,0.,0.));
#14017=DIRECTION('center_axis',(0.,0.,-1.));
#14018=DIRECTION('ref_axis',(-0.999999992653008,0.000121218746151902,0.));
#14019=DIRECTION('',(0.000121218746211727,0.999999992653008,0.));
#14020=DIRECTION('',(0.,1.,0.));
#14021=DIRECTION('center_axis',(0.,0.,-1.));
#14022=DIRECTION('ref_axis',(0.,-1.,0.));
#14023=DIRECTION('',(-1.,1.26850923713917E-14,0.));
#14024=DIRECTION('center_axis',(0.,0.,-1.));
#14025=DIRECTION('ref_axis',(0.999999992248106,-0.000124514206221804,0.));
#14026=DIRECTION('',(-0.000124514206197479,-0.999999992248106,0.));
#14027=DIRECTION('center_axis',(0.,0.,-1.));
#14028=DIRECTION('ref_axis',(3.61383727175997E-9,1.,0.));
#14029=DIRECTION('',(1.,-3.61383680655621E-9,0.));
#14030=DIRECTION('center_axis',(0.,0.,-1.));
#14031=DIRECTION('ref_axis',(1.,0.,0.));
#14032=DIRECTION('center_axis',(0.,0.,-1.));
#14033=DIRECTION('ref_axis',(1.,0.,0.));
#14034=DIRECTION('',(-0.499999999999999,0.866025403784439,0.));
#14035=DIRECTION('center_axis',(0.,0.,-1.));
#14036=DIRECTION('ref_axis',(-1.18423789293349E-14,-1.,0.));
#14037=DIRECTION('',(-1.,-2.19745649165448E-15,0.));
#14038=DIRECTION('center_axis',(0.,0.,-1.));
#14039=DIRECTION('ref_axis',(0.866025403784444,-0.499999999999991,0.));
#14040=DIRECTION('',(-0.499999999999995,-0.866025403784442,0.));
#14041=DIRECTION('center_axis',(0.,0.,-1.));
#14042=DIRECTION('ref_axis',(0.86602540378444,0.499999999999998,0.));
#14043=DIRECTION('',(0.500000000000002,-0.866025403784438,0.));
#14044=DIRECTION('center_axis',(0.,0.,-1.));
#14045=DIRECTION('ref_axis',(3.94745964311164E-15,1.,0.));
#14046=DIRECTION('',(1.,4.39491298330895E-15,0.));
#14047=DIRECTION('center_axis',(0.,0.,-1.));
#14048=DIRECTION('ref_axis',(-0.86602540378444,0.499999999999997,0.));
#14049=DIRECTION('',(0.499999999999997,0.86602540378444,0.));
#14050=DIRECTION('center_axis',(0.,0.,-1.));
#14051=DIRECTION('ref_axis',(-0.866025403784442,-0.499999999999994,0.));
#14052=DIRECTION('',(-1.,-1.09872824582724E-15,0.));
#14053=DIRECTION('center_axis',(0.,0.,-1.));
#14054=DIRECTION('ref_axis',(0.866025403784443,-0.499999999999992,0.));
#14055=DIRECTION('',(-0.499999999999995,-0.866025403784442,0.));
#14056=DIRECTION('center_axis',(0.,0.,-1.));
#14057=DIRECTION('ref_axis',(0.866025403784439,0.499999999999999,0.));
#14058=DIRECTION('',(0.500000000000002,-0.866025403784438,0.));
#14059=DIRECTION('center_axis',(0.,0.,-1.));
#14060=DIRECTION('ref_axis',(3.94745964311164E-15,1.,0.));
#14061=DIRECTION('',(1.,2.19745649165448E-15,0.));
#14062=DIRECTION('center_axis',(0.,0.,-1.));
#14063=DIRECTION('ref_axis',(-0.86602540378444,0.499999999999997,0.));
#14064=DIRECTION('',(0.499999999999998,0.86602540378444,0.));
#14065=DIRECTION('center_axis',(0.,0.,-1.));
#14066=DIRECTION('ref_axis',(-0.866025403784442,-0.499999999999994,0.));
#14067=DIRECTION('',(-0.499999999999999,0.866025403784439,0.));
#14068=DIRECTION('center_axis',(0.,0.,-1.));
#14069=DIRECTION('ref_axis',(-1.18423789293348E-14,-1.,0.));
#14070=DIRECTION('',(0.499999999999997,0.86602540378444,0.));
#14071=DIRECTION('center_axis',(0.,0.,-1.));
#14072=DIRECTION('ref_axis',(-0.866025403784442,-0.499999999999994,0.));
#14073=DIRECTION('',(-0.499999999999999,0.866025403784439,0.));
#14074=DIRECTION('center_axis',(0.,0.,-1.));
#14075=DIRECTION('ref_axis',(-1.18423789293349E-14,-1.,0.));
#14076=DIRECTION('',(-1.,-2.19745649165448E-15,0.));
#14077=DIRECTION('center_axis',(0.,0.,-1.));
#14078=DIRECTION('ref_axis',(0.866025403784444,-0.499999999999991,0.));
#14079=DIRECTION('',(-0.499999999999995,-0.866025403784442,0.));
#14080=DIRECTION('center_axis',(0.,0.,-1.));
#14081=DIRECTION('ref_axis',(-0.866025403784442,0.499999999999994,0.));
#14082=DIRECTION('center_axis',(0.,0.,1.));
#14083=DIRECTION('ref_axis',(1.,0.,0.));
#14084=DIRECTION('center_axis',(0.,0.,-1.));
#14085=DIRECTION('ref_axis',(-0.027697191343825,-0.999616359205702,0.));
#14086=DIRECTION('center_axis',(0.,0.,-1.));
#14087=DIRECTION('ref_axis',(3.94745964311164E-15,1.,0.));
#14088=DIRECTION('',(1.,4.39491298330895E-15,0.));
#14089=DIRECTION('center_axis',(0.,0.,-1.));
#14090=DIRECTION('ref_axis',(-0.86602540378444,0.499999999999997,0.));
#14091=DIRECTION('center_axis',(0.,0.,-1.));
#14092=DIRECTION('ref_axis',(0.866025403784439,-0.5,0.));
#14093=DIRECTION('center_axis',(0.,0.,1.));
#14094=DIRECTION('ref_axis',(1.,0.,0.));
#14095=DIRECTION('center_axis',(0.,0.,-1.));
#14096=DIRECTION('ref_axis',(0.209967729335162,0.97770831674781,0.));
#14097=DIRECTION('center_axis',(0.,0.,1.));
#14098=DIRECTION('ref_axis',(1.,0.,0.));
#14099=DIRECTION('center_axis',(0.,0.,-1.));
#14100=DIRECTION('ref_axis',(0.957148318079916,0.289598165043889,0.));
#14101=DIRECTION('center_axis',(0.,0.,-1.));
#14102=DIRECTION('ref_axis',(0.,1.,0.));
#14103=DIRECTION('',(1.,2.19767164158122E-15,0.));
#14104=DIRECTION('center_axis',(0.,0.,-1.));
#14105=DIRECTION('ref_axis',(-0.866025403784439,0.5,0.));
#14106=DIRECTION('',(0.5,0.866025403784439,0.));
#14107=DIRECTION('center_axis',(0.,0.,-1.));
#14108=DIRECTION('ref_axis',(-0.866025403784442,-0.499999999999995,0.));
#14109=DIRECTION('',(-0.500000000000001,0.866025403784438,0.));
#14110=DIRECTION('center_axis',(0.,0.,-1.));
#14111=DIRECTION('ref_axis',(-0.764196360433125,-0.644983660801392,0.));
#14112=DIRECTION('center_axis',(0.,0.,1.));
#14113=DIRECTION('ref_axis',(1.,0.,0.));
#14114=DIRECTION('center_axis',(0.,0.,-1.));
#14115=DIRECTION('ref_axis',(0.810416592317966,0.58585403207261,0.));
#14116=DIRECTION('center_axis',(0.,0.,-1.));
#14117=DIRECTION('ref_axis',(7.89491928622341E-15,-1.,0.));
#14118=DIRECTION('',(-1.,4.39534328316244E-15,0.));
#14119=DIRECTION('center_axis',(0.,0.,-1.));
#14120=DIRECTION('ref_axis',(0.866025403784435,-0.500000000000006,0.));
#14121=DIRECTION('',(-0.499999999999999,-0.866025403784439,0.));
#14122=DIRECTION('center_axis',(0.,0.,-1.));
#14123=DIRECTION('ref_axis',(0.866025403784442,0.499999999999995,0.));
#14124=DIRECTION('',(0.500000000000002,-0.866025403784438,0.));
#14125=DIRECTION('center_axis',(0.,0.,-1.));
#14126=DIRECTION('ref_axis',(3.94745964311162E-15,1.,0.));
#14127=DIRECTION('',(1.,1.09883582079061E-15,0.));
#14128=DIRECTION('center_axis',(0.,0.,-1.));
#14129=DIRECTION('ref_axis',(-0.866025403784438,0.500000000000001,0.));
#14130=DIRECTION('',(0.500000000000004,0.866025403784436,0.));
#14131=DIRECTION('center_axis',(0.,0.,1.));
#14132=DIRECTION('ref_axis',(1.,0.,0.));
#14133=DIRECTION('center_axis',(0.,0.,-1.));
#14134=DIRECTION('ref_axis',(-0.859337988843151,-0.511408076716636,0.));
#14135=DIRECTION('center_axis',(0.,0.,-1.));
#14136=DIRECTION('ref_axis',(-1.18423789293348E-14,-1.,0.));
#14137=DIRECTION('',(-1.,-1.09872824582724E-15,0.));
#14138=DIRECTION('center_axis',(0.,0.,-1.));
#14139=DIRECTION('ref_axis',(0.866025403784443,-0.499999999999992,0.));
#14140=DIRECTION('',(-0.499999999999995,-0.866025403784442,0.));
#14141=DIRECTION('center_axis',(0.,0.,-1.));
#14142=DIRECTION('ref_axis',(0.866025403784439,0.499999999999999,0.));
#14143=DIRECTION('center_axis',(0.,0.,-1.));
#14144=DIRECTION('ref_axis',(-0.901915794772077,0.431911911320645,0.));
#14145=DIRECTION('center_axis',(0.,0.,1.));
#14146=DIRECTION('ref_axis',(0.00102031155888581,-0.999999479482026,0.));
#14147=DIRECTION('',(0.999999479482026,0.00102031155886382,0.));
#14148=DIRECTION('center_axis',(0.,0.,-1.));
#14149=DIRECTION('ref_axis',(0.00102031155886362,-0.999999479482026,0.));
#14150=DIRECTION('',(-6.31149385375018E-6,0.999999999980082,0.));
#14151=DIRECTION('center_axis',(0.,0.,-1.));
#14152=DIRECTION('ref_axis',(-0.965990093526156,-0.25857907728455,0.));
#14153=DIRECTION('',(-0.499564186608798,0.86627687459489,0.));
#14154=DIRECTION('center_axis',(0.,0.,-1.));
#14155=DIRECTION('ref_axis',(-0.0154051686836951,-0.999881333348026,0.));
#14156=DIRECTION('center_axis',(0.,0.,-1.));
#14157=DIRECTION('ref_axis',(0.866025403784444,-0.499999999999991,0.));
#14158=DIRECTION('',(-0.499999999999995,-0.866025403784442,0.));
#14159=DIRECTION('center_axis',(0.,0.,-1.));
#14160=DIRECTION('ref_axis',(0.86602540378444,0.499999999999998,0.));
#14161=DIRECTION('',(0.500000000000002,-0.866025403784438,0.));
#14162=DIRECTION('center_axis',(0.,0.,-1.));
#14163=DIRECTION('ref_axis',(3.94745964311164E-15,1.,0.));
#14164=DIRECTION('',(1.,4.39491298330895E-15,0.));
#14165=DIRECTION('center_axis',(0.,0.,-1.));
#14166=DIRECTION('ref_axis',(-0.707109012633077,0.707104549732976,0.));
#14167=DIRECTION('',(-0.500000000000005,0.866025403784436,0.));
#14168=DIRECTION('center_axis',(0.,0.,-1.));
#14169=DIRECTION('ref_axis',(0.,-1.,0.));
#14170=DIRECTION('',(-1.,-2.19767164158123E-15,0.));
#14171=DIRECTION('center_axis',(0.,0.,-1.));
#14172=DIRECTION('ref_axis',(0.866025403784437,-0.500000000000004,0.));
#14173=DIRECTION('',(-0.499999999999999,-0.866025403784439,0.));
#14174=DIRECTION('center_axis',(0.,0.,-1.));
#14175=DIRECTION('ref_axis',(0.866025403784447,0.499999999999985,0.));
#14176=DIRECTION('',(0.500000000000002,-0.866025403784438,0.));
#14177=DIRECTION('center_axis',(0.,0.,-1.));
#14178=DIRECTION('ref_axis',(0.,1.,0.));
#14179=DIRECTION('',(1.,2.19767164158122E-15,0.));
#14180=DIRECTION('center_axis',(0.,0.,-1.));
#14181=DIRECTION('ref_axis',(-0.866025403784439,0.499999999999999,0.));
#14182=DIRECTION('',(0.5,0.866025403784439,0.));
#14183=DIRECTION('center_axis',(0.,0.,-1.));
#14184=DIRECTION('ref_axis',(-0.866025403784442,-0.499999999999994,0.));
#14185=DIRECTION('',(-1.,-2.19745649165448E-15,0.));
#14186=DIRECTION('center_axis',(0.,0.,-1.));
#14187=DIRECTION('ref_axis',(0.866025403784444,-0.499999999999991,0.));
#14188=DIRECTION('',(-0.499999999999995,-0.866025403784442,0.));
#14189=DIRECTION('center_axis',(0.,0.,-1.));
#14190=DIRECTION('ref_axis',(0.86602540378444,0.499999999999998,0.));
#14191=DIRECTION('',(0.500000000000002,-0.866025403784438,0.));
#14192=DIRECTION('center_axis',(0.,0.,-1.));
#14193=DIRECTION('ref_axis',(3.94745964311164E-15,1.,0.));
#14194=DIRECTION('',(1.,4.39491298330895E-15,0.));
#14195=DIRECTION('center_axis',(0.,0.,-1.));
#14196=DIRECTION('ref_axis',(-0.86602540378444,0.499999999999997,0.));
#14197=DIRECTION('',(0.499999999999997,0.86602540378444,0.));
#14198=DIRECTION('center_axis',(0.,0.,-1.));
#14199=DIRECTION('ref_axis',(-0.866025403784442,-0.499999999999994,0.));
#14200=DIRECTION('center_axis',(0.,0.,-1.));
#14201=DIRECTION('ref_axis',(-0.758243996721844,-0.651970890021391,0.));
#14202=DIRECTION('center_axis',(0.,0.,1.));
#14203=DIRECTION('ref_axis',(1.,0.,0.));
#14204=DIRECTION('center_axis',(0.,0.,-1.));
#14205=DIRECTION('ref_axis',(-2.22044604925031E-15,1.,0.));
#14206=DIRECTION('',(-0.500000000000005,0.866025403784436,0.));
#14207=DIRECTION('center_axis',(0.,0.,-1.));
#14208=DIRECTION('ref_axis',(0.,-1.,0.));
#14209=DIRECTION('',(-1.,-2.19767164158123E-15,0.));
#14210=DIRECTION('center_axis',(0.,0.,-1.));
#14211=DIRECTION('ref_axis',(0.866025403784437,-0.500000000000004,0.));
#14212=DIRECTION('',(-0.499999999999999,-0.866025403784439,0.));
#14213=DIRECTION('center_axis',(0.,0.,-1.));
#14214=DIRECTION('ref_axis',(0.866025403784447,0.499999999999986,0.));
#14215=DIRECTION('',(0.500000000000001,-0.866025403784438,0.));
#14216=DIRECTION('center_axis',(0.,0.,-1.));
#14217=DIRECTION('ref_axis',(0.,1.,0.));
#14218=DIRECTION('',(1.,2.19767164158122E-15,0.));
#14219=DIRECTION('center_axis',(0.,0.,-1.));
#14220=DIRECTION('ref_axis',(-0.866025403784439,0.5,0.));
#14221=DIRECTION('',(0.5,0.866025403784439,0.));
#14222=DIRECTION('center_axis',(0.,0.,-1.));
#14223=DIRECTION('ref_axis',(-0.866025403784442,-0.499999999999994,0.));
#14224=DIRECTION('',(-1.,-2.19745649165448E-15,0.));
#14225=DIRECTION('center_axis',(0.,0.,-1.));
#14226=DIRECTION('ref_axis',(0.866025403784444,-0.499999999999991,0.));
#14227=DIRECTION('',(-0.499999999999995,-0.866025403784442,0.));
#14228=DIRECTION('center_axis',(0.,0.,-1.));
#14229=DIRECTION('ref_axis',(0.86602540378444,0.499999999999998,0.));
#14230=DIRECTION('',(0.500000000000002,-0.866025403784438,0.));
#14231=DIRECTION('center_axis',(0.,0.,-1.));
#14232=DIRECTION('ref_axis',(3.94745964311164E-15,1.,0.));
#14233=DIRECTION('',(1.,4.39491298330895E-15,0.));
#14234=DIRECTION('center_axis',(0.,0.,-1.));
#14235=DIRECTION('ref_axis',(-0.86602540378444,0.499999999999997,0.));
#14236=DIRECTION('',(0.499999999999997,0.86602540378444,0.));
#14237=DIRECTION('center_axis',(0.,0.,-1.));
#14238=DIRECTION('ref_axis',(-0.866025403784442,-0.499999999999994,0.));
#14239=DIRECTION('',(-0.499999999999999,0.866025403784439,0.));
#14240=DIRECTION('center_axis',(0.,0.,-1.));
#14241=DIRECTION('ref_axis',(-1.18423789293349E-14,-1.,0.));
#14242=DIRECTION('',(0.500000000000002,-0.866025403784438,0.));
#14243=DIRECTION('center_axis',(0.,0.,-1.));
#14244=DIRECTION('ref_axis',(3.94745964311162E-15,1.,0.));
#14245=DIRECTION('center_axis',(0.,0.,-1.));
#14246=DIRECTION('ref_axis',(0.0917471858994358,0.995782332580537,0.));
#14247=DIRECTION('center_axis',(0.,0.,1.));
#14248=DIRECTION('ref_axis',(1.,0.,0.));
#14249=DIRECTION('center_axis',(0.,0.,-1.));
#14250=DIRECTION('ref_axis',(-0.0917471858994351,0.995782332580537,0.));
#14251=DIRECTION('center_axis',(0.,0.,-1.));
#14252=DIRECTION('ref_axis',(-0.866025403784438,0.500000000000001,0.));
#14253=DIRECTION('',(0.500000000000003,0.866025403784437,0.));
#14254=DIRECTION('center_axis',(0.,0.,-1.));
#14255=DIRECTION('ref_axis',(-0.866025403784441,-0.499999999999996,0.));
#14256=DIRECTION('',(-0.500000000000001,0.866025403784438,0.));
#14257=DIRECTION('center_axis',(0.,0.,-1.));
#14258=DIRECTION('ref_axis',(7.89491928622341E-15,-1.,0.));
#14259=DIRECTION('',(-1.,4.39534328316244E-15,0.));
#14260=DIRECTION('center_axis',(0.,0.,-1.));
#14261=DIRECTION('ref_axis',(0.866025403784435,-0.500000000000006,0.));
#14262=DIRECTION('',(-0.499999999999999,-0.866025403784439,0.));
#14263=DIRECTION('center_axis',(0.,0.,-1.));
#14264=DIRECTION('ref_axis',(0.866025403784441,0.499999999999996,0.));
#14265=DIRECTION('',(0.500000000000001,-0.866025403784438,0.));
#14266=DIRECTION('center_axis',(0.,0.,-1.));
#14267=DIRECTION('ref_axis',(0.,1.,0.));
#14268=DIRECTION('',(1.,2.19767164158122E-15,0.));
#14269=DIRECTION('center_axis',(0.,0.,-1.));
#14270=DIRECTION('ref_axis',(-0.866025403784439,0.5,0.));
#14271=DIRECTION('',(0.5,0.866025403784439,0.));
#14272=DIRECTION('center_axis',(0.,0.,-1.));
#14273=DIRECTION('ref_axis',(-0.866025403784442,-0.499999999999994,0.));
#14274=DIRECTION('',(-0.500000000000004,0.866025403784436,0.));
#14275=DIRECTION('center_axis',(0.,0.,-1.));
#14276=DIRECTION('ref_axis',(0.,-1.,0.));
#14277=DIRECTION('',(-1.,-2.19767164158123E-15,0.));
#14278=DIRECTION('center_axis',(0.,0.,-1.));
#14279=DIRECTION('ref_axis',(0.866025403784437,-0.500000000000004,0.));
#14280=DIRECTION('',(-0.499999999999999,-0.866025403784439,0.));
#14281=DIRECTION('center_axis',(0.,0.,-1.));
#14282=DIRECTION('ref_axis',(0.866025403784447,0.499999999999986,0.));
#14283=DIRECTION('',(-0.499999999999999,-0.866025403784439,0.));
#14284=DIRECTION('center_axis',(0.,0.,-1.));
#14285=DIRECTION('ref_axis',(0.866025403784447,0.499999999999985,0.));
#14286=DIRECTION('',(0.500000000000002,-0.866025403784438,0.));
#14287=DIRECTION('center_axis',(0.,0.,-1.));
#14288=DIRECTION('ref_axis',(0.,1.,0.));
#14289=DIRECTION('',(1.,2.19767164158122E-15,0.));
#14290=DIRECTION('center_axis',(0.,0.,-1.));
#14291=DIRECTION('ref_axis',(-0.866025403784439,0.499999999999999,0.));
#14292=DIRECTION('',(0.5,0.866025403784439,0.));
#14293=DIRECTION('center_axis',(0.,0.,-1.));
#14294=DIRECTION('ref_axis',(-0.866025403784442,-0.499999999999994,0.));
#14295=DIRECTION('',(-0.500000000000005,0.866025403784436,0.));
#14296=DIRECTION('center_axis',(0.,0.,-1.));
#14297=DIRECTION('ref_axis',(0.,-1.,0.));
#14298=DIRECTION('',(-1.,-2.19767164158123E-15,0.));
#14299=DIRECTION('center_axis',(0.,0.,-1.));
#14300=DIRECTION('ref_axis',(0.866025403784437,-0.500000000000004,0.));
#14301=DIRECTION('',(-0.500000000000005,0.866025403784436,0.));
#14302=DIRECTION('center_axis',(0.,0.,-1.));
#14303=DIRECTION('ref_axis',(0.,-1.,0.));
#14304=DIRECTION('center_axis',(0.,0.,-1.));
#14305=DIRECTION('ref_axis',(-0.402179452625949,-0.915560859738713,0.));
#14306=DIRECTION('',(-0.991644500991827,-0.129000711830094,0.));
#14307=DIRECTION('center_axis',(0.,0.,-1.));
#14308=DIRECTION('ref_axis',(0.554930465488794,-0.831896735462035,0.));
#14309=DIRECTION('',(-0.499999999999999,-0.866025403784439,0.));
#14310=DIRECTION('center_axis',(0.,0.,-1.));
#14311=DIRECTION('ref_axis',(0.866025403784448,0.499999999999984,0.));
#14312=DIRECTION('',(0.500000000000002,-0.866025403784437,0.));
#14313=DIRECTION('center_axis',(0.,0.,-1.));
#14314=DIRECTION('ref_axis',(0.,1.,0.));
#14315=DIRECTION('',(1.,2.19767164158122E-15,0.));
#14316=DIRECTION('center_axis',(0.,0.,-1.));
#14317=DIRECTION('ref_axis',(-0.86602540378444,0.499999999999998,0.));
#14318=DIRECTION('',(0.5,0.866025403784438,0.));
#14319=DIRECTION('center_axis',(0.,0.,-1.));
#14320=DIRECTION('ref_axis',(-0.866025403784442,-0.499999999999994,0.));
#14321=DIRECTION('center_axis',(0.,0.,-1.));
#14322=DIRECTION('ref_axis',(0.866025403784435,0.500000000000005,0.));
#14323=DIRECTION('',(0.500000000000004,-0.866025403784437,0.));
#14324=DIRECTION('center_axis',(0.,0.,-1.));
#14325=DIRECTION('ref_axis',(3.94745964311164E-15,1.,0.));
#14326=DIRECTION('',(1.,4.39491298330895E-15,0.));
#14327=DIRECTION('center_axis',(0.,0.,-1.));
#14328=DIRECTION('ref_axis',(-0.86602540378444,0.499999999999997,0.));
#14329=DIRECTION('center_axis',(0.,0.,-1.));
#14330=DIRECTION('ref_axis',(0.941967913703863,0.335702918593794,0.));
#14331=DIRECTION('center_axis',(0.,0.,1.));
#14332=DIRECTION('ref_axis',(1.,0.,0.));
#14333=DIRECTION('center_axis',(0.,0.,-1.));
#14334=DIRECTION('ref_axis',(0.989901930899589,0.141753896599939,0.));
#14335=DIRECTION('center_axis',(0.,0.,1.));
#14336=DIRECTION('ref_axis',(-0.129000711829821,0.991644500991862,0.));
#14337=DIRECTION('',(-0.991644500991827,-0.129000711830094,0.));
#14338=DIRECTION('center_axis',(0.,0.,1.));
#14339=DIRECTION('ref_axis',(1.,0.,0.));
#14340=DIRECTION('center_axis',(0.,0.,-1.));
#14341=DIRECTION('ref_axis',(2.22044604925031E-15,-1.,0.));
#14342=DIRECTION('',(1.,2.19745649165448E-15,0.));
#14343=DIRECTION('center_axis',(0.,0.,-1.));
#14344=DIRECTION('ref_axis',(-0.86602540378444,0.499999999999997,0.));
#14345=DIRECTION('',(0.499999999999998,0.86602540378444,0.));
#14346=DIRECTION('center_axis',(0.,0.,-1.));
#14347=DIRECTION('ref_axis',(-0.866025403784442,-0.499999999999994,0.));
#14348=DIRECTION('',(-0.499999999999999,0.866025403784439,0.));
#14349=DIRECTION('center_axis',(0.,0.,-1.));
#14350=DIRECTION('ref_axis',(-1.18423789293348E-14,-1.,0.));
#14351=DIRECTION('',(-1.,-1.09872824582724E-15,0.));
#14352=DIRECTION('center_axis',(0.,0.,-1.));
#14353=DIRECTION('ref_axis',(0.866025403784443,-0.499999999999992,0.));
#14354=DIRECTION('',(-0.499999999999995,-0.866025403784442,0.));
#14355=DIRECTION('center_axis',(0.,0.,-1.));
#14356=DIRECTION('ref_axis',(-0.866025403784441,0.499999999999995,0.));
#14357=DIRECTION('',(-0.499999999999999,0.866025403784439,0.));
#14358=DIRECTION('center_axis',(0.,0.,-1.));
#14359=DIRECTION('ref_axis',(-1.18423789293349E-14,-1.,0.));
#14360=DIRECTION('',(-1.,-2.19745649165448E-15,0.));
#14361=DIRECTION('center_axis',(0.,0.,-1.));
#14362=DIRECTION('ref_axis',(0.707063922588964,-0.707149637186578,0.));
#14363=DIRECTION('',(-0.000121218746211822,-0.999999992653008,0.));
#14364=DIRECTION('center_axis',(0.,0.,-1.));
#14365=DIRECTION('ref_axis',(0.707149637186579,0.707063922588962,0.));
#14366=DIRECTION('',(1.,4.39491298330895E-15,0.));
#14367=DIRECTION('center_axis',(0.,0.,-1.));
#14368=DIRECTION('ref_axis',(-0.86602540378444,0.499999999999997,0.));
#14369=DIRECTION('',(0.499999999999997,0.86602540378444,0.));
#14370=DIRECTION('center_axis',(0.,0.,-1.));
#14371=DIRECTION('ref_axis',(-0.866025403784442,-0.499999999999994,0.));
#14372=DIRECTION('',(0.500000000000002,-0.866025403784438,0.));
#14373=DIRECTION('center_axis',(0.,0.,-1.));
#14374=DIRECTION('ref_axis',(3.94745964311164E-15,1.,0.));
#14375=DIRECTION('',(1.,2.19745649165448E-15,0.));
#14376=DIRECTION('center_axis',(0.,0.,-1.));
#14377=DIRECTION('ref_axis',(-0.707109012633078,0.707104549732975,0.));
#14378=DIRECTION('',(-6.31149385375018E-6,0.999999999980082,0.));
#14379=DIRECTION('center_axis',(0.,0.,-1.));
#14380=DIRECTION('ref_axis',(-0.707104549732973,-0.70710901263308,0.));
#14381=DIRECTION('',(-1.,-1.09872824582724E-15,0.));
#14382=DIRECTION('center_axis',(0.,0.,-1.));
#14383=DIRECTION('ref_axis',(0.866025403784443,-0.499999999999992,0.));
#14384=DIRECTION('',(-0.499999999999995,-0.866025403784442,0.));
#14385=DIRECTION('center_axis',(0.,0.,-1.));
#14386=DIRECTION('ref_axis',(0.866025403784439,0.499999999999999,0.));
#14387=DIRECTION('',(0.500000000000002,-0.866025403784438,0.));
#14388=DIRECTION('center_axis',(0.,0.,-1.));
#14389=DIRECTION('ref_axis',(3.94745964311164E-15,1.,0.));
#14390=DIRECTION('',(1.,4.39491298330895E-15,0.));
#14391=DIRECTION('center_axis',(0.,0.,-1.));
#14392=DIRECTION('ref_axis',(-0.707109012633077,0.707104549732976,0.));
#14393=DIRECTION('',(-6.31149385375018E-6,0.999999999980082,0.));
#14394=DIRECTION('center_axis',(0.,0.,-1.));
#14395=DIRECTION('ref_axis',(-0.707104549732976,-0.707109012633077,0.));
#14396=DIRECTION('',(-1.,-2.19745649165448E-15,0.));
#14397=DIRECTION('center_axis',(0.,0.,-1.));
#14398=DIRECTION('ref_axis',(0.866025403784444,-0.499999999999991,0.));
#14399=DIRECTION('',(-0.499999999999995,-0.866025403784442,0.));
#14400=DIRECTION('center_axis',(0.,0.,-1.));
#14401=DIRECTION('ref_axis',(0.86602540378444,0.499999999999998,0.));
#14402=DIRECTION('',(-0.499999999999999,0.866025403784439,0.));
#14403=DIRECTION('center_axis',(0.,0.,-1.));
#14404=DIRECTION('ref_axis',(-1.18423789293348E-14,-1.,0.));
#14405=DIRECTION('',(-1.,-1.09872824582724E-15,0.));
#14406=DIRECTION('center_axis',(0.,0.,-1.));
#14407=DIRECTION('ref_axis',(0.707063922588964,-0.707149637186578,0.));
#14408=DIRECTION('',(-0.000121218746211822,-0.999999992653008,0.));
#14409=DIRECTION('center_axis',(0.,0.,-1.));
#14410=DIRECTION('ref_axis',(0.707149637186575,0.707063922588967,0.));
#14411=DIRECTION('',(1.,2.19745649165448E-15,0.));
#14412=DIRECTION('center_axis',(0.,0.,-1.));
#14413=DIRECTION('ref_axis',(-0.86602540378444,0.499999999999997,0.));
#14414=DIRECTION('',(0.499999999999998,0.86602540378444,0.));
#14415=DIRECTION('center_axis',(0.,0.,-1.));
#14416=DIRECTION('ref_axis',(-0.866025403784442,-0.499999999999994,0.));
#14417=DIRECTION('center_axis',(0.,0.,-1.));
#14418=DIRECTION('ref_axis',(0.866025403784438,0.500000000000001,0.));
#14419=DIRECTION('',(0.500000000000002,-0.866025403784438,0.));
#14420=DIRECTION('center_axis',(0.,0.,-1.));
#14421=DIRECTION('ref_axis',(3.94745964311164E-15,1.,0.));
#14422=DIRECTION('',(1.,4.39491298330895E-15,0.));
#14423=DIRECTION('center_axis',(0.,0.,-1.));
#14424=DIRECTION('ref_axis',(-0.86602540378444,0.499999999999997,0.));
#14425=DIRECTION('',(0.499999999999997,0.86602540378444,0.));
#14426=DIRECTION('center_axis',(0.,0.,-1.));
#14427=DIRECTION('ref_axis',(-0.86602540378444,0.499999999999997,0.));
#14428=DIRECTION('',(-1.,0.,0.));
#14429=DIRECTION('center_axis',(0.,0.,-1.));
#14430=DIRECTION('ref_axis',(0.866025403784437,-0.500000000000004,0.));
#14431=DIRECTION('',(-0.499999999999999,-0.866025403784439,0.));
#14432=DIRECTION('center_axis',(0.,0.,-1.));
#14433=DIRECTION('ref_axis',(0.866025403784447,0.499999999999986,0.));
#14434=DIRECTION('',(0.500000000000001,-0.866025403784438,0.));
#14435=DIRECTION('center_axis',(0.,0.,-1.));
#14436=DIRECTION('ref_axis',(0.,1.,0.));
#14437=DIRECTION('',(1.,2.19767164158122E-15,0.));
#14438=DIRECTION('center_axis',(0.,0.,-1.));
#14439=DIRECTION('ref_axis',(-0.866025403784439,0.5,0.));
#14440=DIRECTION('',(0.5,0.866025403784438,0.));
#14441=DIRECTION('center_axis',(0.,0.,-1.));
#14442=DIRECTION('ref_axis',(-0.866025403784442,-0.499999999999994,0.));
#14443=DIRECTION('',(-0.500000000000005,0.866025403784436,0.));
#14444=DIRECTION('center_axis',(0.,0.,-1.));
#14445=DIRECTION('ref_axis',(0.,-1.,0.));
#14446=DIRECTION('',(-1.,-2.19767164158123E-15,0.));
#14447=DIRECTION('',(0.499999999999997,0.86602540378444,0.));
#14448=DIRECTION('center_axis',(0.,0.,-1.));
#14449=DIRECTION('ref_axis',(-0.866025403784442,-0.499999999999994,0.));
#14450=DIRECTION('',(-0.499999999999999,0.866025403784439,0.));
#14451=DIRECTION('center_axis',(0.,0.,-1.));
#14452=DIRECTION('ref_axis',(-1.18423789293349E-14,-1.,0.));
#14453=DIRECTION('',(-1.,-2.19745649165448E-15,0.));
#14454=DIRECTION('center_axis',(0.,0.,-1.));
#14455=DIRECTION('ref_axis',(0.866025403784444,-0.499999999999991,0.));
#14456=DIRECTION('',(-0.499999999999995,-0.866025403784442,0.));
#14457=DIRECTION('center_axis',(0.,0.,-1.));
#14458=DIRECTION('ref_axis',(0.86602540378444,0.499999999999998,0.));
#14459=DIRECTION('',(0.500000000000002,-0.866025403784438,0.));
#14460=DIRECTION('center_axis',(0.,0.,-1.));
#14461=DIRECTION('ref_axis',(3.94745964311164E-15,1.,0.));
#14462=DIRECTION('',(1.,4.39491298330895E-15,0.));
#14463=DIRECTION('center_axis',(0.,0.,-1.));
#14464=DIRECTION('ref_axis',(-0.86602540378444,0.499999999999997,0.));
#14465=DIRECTION('center_axis',(0.,0.,-1.));
#14466=DIRECTION('ref_axis',(1.,0.,0.));
#14467=DIRECTION('center_axis',(0.,0.,-1.));
#14468=DIRECTION('ref_axis',(-1.,0.,0.));
#14469=DIRECTION('center_axis',(0.,0.,-1.));
#14470=DIRECTION('ref_axis',(1.,0.,0.));
#14471=DIRECTION('center_axis',(0.,0.,-1.));
#14472=DIRECTION('ref_axis',(-1.,0.,0.));
#14473=DIRECTION('center_axis',(0.,0.,-1.));
#14474=DIRECTION('ref_axis',(1.,0.,0.));
#14475=DIRECTION('center_axis',(0.,0.,-1.));
#14476=DIRECTION('ref_axis',(-1.,0.,0.));
#14477=DIRECTION('center_axis',(0.,0.,-1.));
#14478=DIRECTION('ref_axis',(1.,0.,0.));
#14479=DIRECTION('center_axis',(0.,0.,-1.));
#14480=DIRECTION('ref_axis',(-1.,0.,0.));
#14481=DIRECTION('center_axis',(0.,0.,-1.));
#14482=DIRECTION('ref_axis',(1.,0.,0.));
#14483=DIRECTION('center_axis',(0.,0.,-1.));
#14484=DIRECTION('ref_axis',(-1.,0.,0.));
#14485=DIRECTION('center_axis',(0.,0.,-1.));
#14486=DIRECTION('ref_axis',(0.0917471858994354,0.995782332580537,0.));
#14487=DIRECTION('',(0.,0.,1.));
#14488=DIRECTION('center_axis',(0.,0.,1.));
#14489=DIRECTION('ref_axis',(0.0917471858994354,0.995782332580537,0.));
#14490=DIRECTION('',(0.,0.,-1.));
#14491=DIRECTION('center_axis',(0.,0.,1.));
#14492=DIRECTION('ref_axis',(3.94745964311162E-15,1.,0.));
#14493=DIRECTION('',(0.,0.,1.));
#14494=DIRECTION('center_axis',(0.,0.,-1.));
#14495=DIRECTION('ref_axis',(3.94745964311162E-15,1.,0.));
#14496=DIRECTION('center_axis',(0.866025403784438,0.500000000000002,0.));
#14497=DIRECTION('ref_axis',(-0.500000000000002,0.866025403784438,0.));
#14498=DIRECTION('',(0.,0.,1.));
#14499=DIRECTION('',(0.500000000000002,-0.866025403784438,0.));
#14500=DIRECTION('center_axis',(0.,0.,1.));
#14501=DIRECTION('ref_axis',(0.866025403784442,0.499999999999995,0.));
#14502=DIRECTION('',(0.,0.,1.));
#14503=DIRECTION('center_axis',(0.,0.,-1.));
#14504=DIRECTION('ref_axis',(0.866025403784442,0.499999999999995,0.));
#14505=DIRECTION('center_axis',(0.866025403784439,-0.499999999999999,0.));
#14506=DIRECTION('ref_axis',(0.499999999999999,0.866025403784439,0.));
#14507=DIRECTION('',(0.,0.,1.));
#14508=DIRECTION('',(-0.499999999999999,-0.866025403784439,0.));
#14509=DIRECTION('center_axis',(0.,0.,1.));
#14510=DIRECTION('ref_axis',(0.866025403784435,-0.500000000000006,0.));
#14511=DIRECTION('',(0.,0.,-1.));
#14512=DIRECTION('center_axis',(0.,0.,-1.));
#14513=DIRECTION('ref_axis',(0.866025403784435,-0.500000000000006,0.));
#14514=DIRECTION('center_axis',(0.,0.,1.));
#14515=DIRECTION('ref_axis',(0.0917471858994228,-0.995782332580538,0.));
#14516=DIRECTION('',(0.,0.,1.));
#14517=DIRECTION('center_axis',(0.,0.,1.));
#14518=DIRECTION('ref_axis',(0.0917471858994228,-0.995782332580538,0.));
#14519=DIRECTION('center_axis',(0.,0.,1.));
#14520=DIRECTION('ref_axis',(1.,0.,0.));
#14521=DIRECTION('',(0.,0.,-1.));
#14522=DIRECTION('center_axis',(0.,0.,1.));
#14523=DIRECTION('ref_axis',(1.,0.,0.));
#14524=DIRECTION('center_axis',(0.,0.,1.));
#14525=DIRECTION('ref_axis',(0.,1.,0.));
#14526=DIRECTION('',(0.,0.,1.));
#14527=DIRECTION('center_axis',(0.,0.,-1.));
#14528=DIRECTION('ref_axis',(0.,1.,0.));
#14529=DIRECTION('',(0.,0.,1.));
#14530=DIRECTION('center_axis',(0.866025403784438,0.500000000000002,0.));
#14531=DIRECTION('ref_axis',(-0.500000000000002,0.866025403784438,0.));
#14532=DIRECTION('',(0.,0.,1.));
#14533=DIRECTION('',(0.500000000000002,-0.866025403784438,0.));
#14534=DIRECTION('center_axis',(0.,0.,1.));
#14535=DIRECTION('ref_axis',(0.866025403784447,0.499999999999985,0.));
#14536=DIRECTION('',(0.,0.,1.));
#14537=DIRECTION('center_axis',(0.,0.,-1.));
#14538=DIRECTION('ref_axis',(0.866025403784447,0.499999999999985,0.));
#14539=DIRECTION('center_axis',(0.866025403784439,-0.499999999999999,0.));
#14540=DIRECTION('ref_axis',(0.499999999999999,0.866025403784439,0.));
#14541=DIRECTION('',(0.,0.,1.));
#14542=DIRECTION('',(-0.499999999999999,-0.866025403784439,0.));
#14543=DIRECTION('center_axis',(0.,0.,1.));
#14544=DIRECTION('ref_axis',(0.866025403784437,-0.500000000000004,0.));
#14545=DIRECTION('',(0.,0.,-1.));
#14546=DIRECTION('center_axis',(0.,0.,-1.));
#14547=DIRECTION('ref_axis',(0.866025403784437,-0.500000000000004,0.));
#14548=DIRECTION('center_axis',(0.,0.,1.));
#14549=DIRECTION('ref_axis',(0.0917471858994222,-0.995782332580538,0.));
#14550=DIRECTION('',(0.,0.,1.));
#14551=DIRECTION('center_axis',(0.,0.,1.));
#14552=DIRECTION('ref_axis',(0.0917471858994222,-0.995782332580538,0.));
#14553=DIRECTION('center_axis',(0.,0.,1.));
#14554=DIRECTION('ref_axis',(1.,0.,0.));
#14555=DIRECTION('',(0.,0.,-1.));
#14556=DIRECTION('center_axis',(0.,0.,1.));
#14557=DIRECTION('ref_axis',(1.,0.,0.));
#14558=DIRECTION('center_axis',(-0.866025403784439,-0.499999999999999,0.));
#14559=DIRECTION('ref_axis',(0.499999999999999,-0.866025403784439,0.));
#14560=DIRECTION('',(0.,0.,-1.));
#14561=DIRECTION('',(-0.499999999999999,0.866025403784439,0.));
#14562=DIRECTION('',(0.,0.,1.));
#14563=DIRECTION('center_axis',(0.,0.,-1.));
#14564=DIRECTION('ref_axis',(-0.866025403784439,-0.499999999999999,0.));
#14565=DIRECTION('',(0.,0.,1.));
#14566=DIRECTION('center_axis',(0.,0.,1.));
#14567=DIRECTION('ref_axis',(-0.866025403784439,-0.499999999999999,0.));
#14568=DIRECTION('center_axis',(1.5621155830031E-9,-1.,0.));
#14569=DIRECTION('ref_axis',(1.,1.5621155830031E-9,0.));
#14570=DIRECTION('',(0.,0.,-1.));
#14571=DIRECTION('',(1.,1.5621155830031E-9,0.));
#14572=DIRECTION('center_axis',(-3.61383086083056E-9,-1.,0.));
#14573=DIRECTION('ref_axis',(1.,-3.61383086083056E-9,0.));
#14574=DIRECTION('',(0.,0.,-1.));
#14575=DIRECTION('',(1.,-3.61383086083056E-9,0.));
#14576=DIRECTION('',(1.,-3.61383086083056E-9,0.));
#14577=DIRECTION('',(0.,0.,-1.));
#14578=DIRECTION('center_axis',(0.,0.,1.));
#14579=DIRECTION('ref_axis',(-0.866025403784438,0.500000000000001,0.));
#14580=DIRECTION('',(0.,0.,1.));
#14581=DIRECTION('center_axis',(0.,0.,-1.));
#14582=DIRECTION('ref_axis',(-0.866025403784438,0.500000000000001,0.));
#14583=DIRECTION('',(0.,0.,1.));
#14584=DIRECTION('center_axis',(-1.09883582079061E-15,1.,0.));
#14585=DIRECTION('ref_axis',(-1.,-1.09883582079061E-15,0.));
#14586=DIRECTION('',(0.,0.,1.));
#14587=DIRECTION('',(1.,1.09883582079061E-15,0.));
#14588=DIRECTION('center_axis',(0.,0.,1.));
#14589=DIRECTION('ref_axis',(3.94745964311162E-15,1.,0.));
#14590=DIRECTION('',(0.,0.,1.));
#14591=DIRECTION('center_axis',(0.,0.,-1.));
#14592=DIRECTION('ref_axis',(3.94745964311162E-15,1.,0.));
#14593=DIRECTION('center_axis',(0.866025403784438,0.500000000000002,0.));
#14594=DIRECTION('ref_axis',(-0.500000000000002,0.866025403784438,0.));
#14595=DIRECTION('',(0.,0.,1.));
#14596=DIRECTION('',(0.500000000000002,-0.866025403784438,0.));
#14597=DIRECTION('center_axis',(0.,0.,1.));
#14598=DIRECTION('ref_axis',(0.866025403784447,0.499999999999985,0.));
#14599=DIRECTION('',(0.,0.,1.));
#14600=DIRECTION('center_axis',(0.,0.,-1.));
#14601=DIRECTION('ref_axis',(0.866025403784447,0.499999999999985,0.));
#14602=DIRECTION('center_axis',(0.866025403784439,-0.499999999999999,0.));
#14603=DIRECTION('ref_axis',(0.499999999999999,0.866025403784439,0.));
#14604=DIRECTION('',(0.,0.,1.));
#14605=DIRECTION('',(-0.499999999999999,-0.866025403784439,0.));
#14606=DIRECTION('center_axis',(0.,0.,1.));
#14607=DIRECTION('ref_axis',(0.866025403784439,0.499999999999999,0.));
#14608=DIRECTION('',(0.,0.,1.));
#14609=DIRECTION('center_axis',(0.,0.,-1.));
#14610=DIRECTION('ref_axis',(0.866025403784439,0.499999999999999,0.));
#14611=DIRECTION('',(0.,0.,1.));
#14612=DIRECTION('center_axis',(0.866025403784441,-0.499999999999995,0.));
#14613=DIRECTION('ref_axis',(0.499999999999995,0.866025403784442,0.));
#14614=DIRECTION('',(0.,0.,1.));
#14615=DIRECTION('',(-0.499999999999995,-0.866025403784442,0.));
#14616=DIRECTION('center_axis',(0.,0.,1.));
#14617=DIRECTION('ref_axis',(0.866025403784443,-0.499999999999992,0.));
#14618=DIRECTION('',(0.,0.,1.));
#14619=DIRECTION('center_axis',(0.,0.,-1.));
#14620=DIRECTION('ref_axis',(0.866025403784443,-0.499999999999992,0.));
#14621=DIRECTION('center_axis',(1.09872824582724E-15,-1.,0.));
#14622=DIRECTION('ref_axis',(1.,1.09872824582724E-15,0.));
#14623=DIRECTION('',(0.,0.,1.));
#14624=DIRECTION('',(-1.,-1.09872824582724E-15,0.));
#14625=DIRECTION('center_axis',(0.,0.,1.));
#14626=DIRECTION('ref_axis',(-1.18423789293348E-14,-1.,0.));
#14627=DIRECTION('',(0.,0.,1.));
#14628=DIRECTION('center_axis',(0.,0.,-1.));
#14629=DIRECTION('ref_axis',(-1.18423789293348E-14,-1.,0.));
#14630=DIRECTION('center_axis',(-0.866025403784439,-0.499999999999999,0.));
#14631=DIRECTION('ref_axis',(0.499999999999999,-0.866025403784439,0.));
#14632=DIRECTION('',(0.,0.,1.));
#14633=DIRECTION('',(-0.499999999999999,0.866025403784439,0.));
#14634=DIRECTION('center_axis',(0.,0.,1.));
#14635=DIRECTION('ref_axis',(-0.866025403784442,-0.499999999999994,0.));
#14636=DIRECTION('',(0.,0.,1.));
#14637=DIRECTION('center_axis',(0.,0.,-1.));
#14638=DIRECTION('ref_axis',(-0.866025403784442,-0.499999999999994,0.));
#14639=DIRECTION('',(0.,0.,1.));
#14640=DIRECTION('center_axis',(-0.866025403784439,0.5,0.));
#14641=DIRECTION('ref_axis',(-0.5,-0.866025403784439,0.));
#14642=DIRECTION('',(0.,0.,1.));
#14643=DIRECTION('',(0.5,0.866025403784439,0.));
#14644=DIRECTION('center_axis',(0.,0.,1.));
#14645=DIRECTION('ref_axis',(-0.866025403784439,0.499999999999999,0.));
#14646=DIRECTION('',(0.,0.,1.));
#14647=DIRECTION('center_axis',(0.,0.,-1.));
#14648=DIRECTION('ref_axis',(-0.866025403784439,0.499999999999999,0.));
#14649=DIRECTION('center_axis',(-2.19767164158122E-15,1.,0.));
#14650=DIRECTION('ref_axis',(-1.,-2.19767164158122E-15,0.));
#14651=DIRECTION('',(0.,0.,1.));
#14652=DIRECTION('',(1.,2.19767164158122E-15,0.));
#14653=DIRECTION('center_axis',(0.,0.,1.));
#14654=DIRECTION('ref_axis',(0.,1.,0.));
#14655=DIRECTION('',(0.,0.,1.));
#14656=DIRECTION('center_axis',(0.,0.,-1.));
#14657=DIRECTION('ref_axis',(0.,1.,0.));
#14658=DIRECTION('center_axis',(0.866025403784438,0.500000000000002,0.));
#14659=DIRECTION('ref_axis',(-0.500000000000002,0.866025403784438,0.));
#14660=DIRECTION('',(0.,0.,1.));
#14661=DIRECTION('',(0.500000000000002,-0.866025403784438,0.));
#14662=DIRECTION('center_axis',(0.,0.,-1.));
#14663=DIRECTION('ref_axis',(0.499999999999997,0.86602540378444,0.));
#14664=DIRECTION('',(0.,0.,1.));
#14665=DIRECTION('center_axis',(0.,0.,1.));
#14666=DIRECTION('ref_axis',(0.499999999999997,0.86602540378444,0.));
#14667=DIRECTION('',(0.,0.,-1.));
#14668=DIRECTION('center_axis',(0.866025403784438,0.500000000000002,0.));
#14669=DIRECTION('ref_axis',(-0.500000000000002,0.866025403784438,0.));
#14670=DIRECTION('',(0.,0.,1.));
#14671=DIRECTION('',(0.500000000000002,-0.866025403784438,0.));
#14672=DIRECTION('center_axis',(0.,0.,1.));
#14673=DIRECTION('ref_axis',(0.866025403784439,0.499999999999999,0.));
#14674=DIRECTION('',(0.,0.,1.));
#14675=DIRECTION('center_axis',(0.,0.,-1.));
#14676=DIRECTION('ref_axis',(0.866025403784439,0.499999999999999,0.));
#14677=DIRECTION('center_axis',(0.866025403784441,-0.499999999999995,0.));
#14678=DIRECTION('ref_axis',(0.499999999999995,0.866025403784442,0.));
#14679=DIRECTION('',(0.,0.,1.));
#14680=DIRECTION('',(-0.499999999999995,-0.866025403784442,0.));
#14681=DIRECTION('center_axis',(0.,0.,1.));
#14682=DIRECTION('ref_axis',(0.866025403784443,-0.499999999999992,0.));
#14683=DIRECTION('',(0.,0.,1.));
#14684=DIRECTION('center_axis',(0.,0.,-1.));
#14685=DIRECTION('ref_axis',(0.866025403784443,-0.499999999999992,0.));
#14686=DIRECTION('center_axis',(1.09872824582724E-15,-1.,0.));
#14687=DIRECTION('ref_axis',(1.,1.09872824582724E-15,0.));
#14688=DIRECTION('',(0.,0.,1.));
#14689=DIRECTION('',(-1.,-1.09872824582724E-15,0.));
#14690=DIRECTION('center_axis',(-1.26850923713917E-14,-1.,0.));
#14691=DIRECTION('ref_axis',(1.,-1.26850923713917E-14,0.));
#14692=DIRECTION('',(0.,0.,1.));
#14693=DIRECTION('',(1.,-1.26850923713917E-14,0.));
#14694=DIRECTION('',(0.,0.,1.));
#14695=DIRECTION('center_axis',(0.,0.,1.));
#14696=DIRECTION('ref_axis',(0.,-1.,0.));
#14697=DIRECTION('',(0.,0.,1.));
#14698=DIRECTION('center_axis',(0.,0.,1.));
#14699=DIRECTION('ref_axis',(0.,-1.,0.));
#14700=DIRECTION('center_axis',(-1.,0.,0.));
#14701=DIRECTION('ref_axis',(0.,-1.,0.));
#14702=DIRECTION('',(0.,0.,1.));
#14703=DIRECTION('',(0.,-1.,0.));
#14704=DIRECTION('center_axis',(-0.999999992653008,0.000121218746211727,
0.));
#14705=DIRECTION('ref_axis',(-0.000121218746211727,-0.999999992653008,0.));
#14706=DIRECTION('',(0.,0.,1.));
#14707=DIRECTION('',(-0.000121218746211727,-0.999999992653008,0.));
#14708=DIRECTION('center_axis',(0.,0.,1.));
#14709=DIRECTION('ref_axis',(-0.999999992653008,0.000121218746151902,0.));
#14710=DIRECTION('',(0.,0.,1.));
#14711=DIRECTION('center_axis',(0.,0.,1.));
#14712=DIRECTION('ref_axis',(-0.999999992653008,0.000121218746151902,0.));
#14713=DIRECTION('center_axis',(0.,0.,1.));
#14714=DIRECTION('ref_axis',(0.86602540378444,0.499999999999998,0.));
#14715=DIRECTION('',(0.,0.,1.));
#14716=DIRECTION('center_axis',(0.,0.,-1.));
#14717=DIRECTION('ref_axis',(0.86602540378444,0.499999999999998,0.));
#14718=DIRECTION('',(0.,0.,1.));
#14719=DIRECTION('center_axis',(0.866025403784441,-0.499999999999995,0.));
#14720=DIRECTION('ref_axis',(0.499999999999995,0.866025403784442,0.));
#14721=DIRECTION('',(0.,0.,1.));
#14722=DIRECTION('',(-0.499999999999995,-0.866025403784442,0.));
#14723=DIRECTION('center_axis',(0.,0.,1.));
#14724=DIRECTION('ref_axis',(0.866025403784444,-0.499999999999991,0.));
#14725=DIRECTION('',(0.,0.,1.));
#14726=DIRECTION('center_axis',(0.,0.,-1.));
#14727=DIRECTION('ref_axis',(0.866025403784444,-0.499999999999991,0.));
#14728=DIRECTION('center_axis',(2.19745649165448E-15,-1.,0.));
#14729=DIRECTION('ref_axis',(1.,2.19745649165448E-15,0.));
#14730=DIRECTION('',(0.,0.,1.));
#14731=DIRECTION('',(-1.,-2.19745649165448E-15,0.));
#14732=DIRECTION('center_axis',(0.,0.,1.));
#14733=DIRECTION('ref_axis',(-1.18423789293349E-14,-1.,0.));
#14734=DIRECTION('',(0.,0.,1.));
#14735=DIRECTION('center_axis',(0.,0.,-1.));
#14736=DIRECTION('ref_axis',(-1.18423789293349E-14,-1.,0.));
#14737=DIRECTION('center_axis',(-0.866025403784439,-0.499999999999999,0.));
#14738=DIRECTION('ref_axis',(0.499999999999999,-0.866025403784439,0.));
#14739=DIRECTION('',(0.,0.,1.));
#14740=DIRECTION('',(-0.499999999999999,0.866025403784439,0.));
#14741=DIRECTION('center_axis',(0.,0.,1.));
#14742=DIRECTION('ref_axis',(3.94745964311164E-15,1.,0.));
#14743=DIRECTION('',(0.,0.,1.));
#14744=DIRECTION('center_axis',(0.,0.,-1.));
#14745=DIRECTION('ref_axis',(3.94745964311164E-15,1.,0.));
#14746=DIRECTION('',(0.,0.,1.));
#14747=DIRECTION('center_axis',(0.866025403784438,0.500000000000002,0.));
#14748=DIRECTION('ref_axis',(-0.500000000000002,0.866025403784438,0.));
#14749=DIRECTION('',(0.,0.,1.));
#14750=DIRECTION('',(0.500000000000002,-0.866025403784438,0.));
#14751=DIRECTION('center_axis',(0.,0.,1.));
#14752=DIRECTION('ref_axis',(0.866025403784439,0.499999999999999,0.));
#14753=DIRECTION('',(0.,0.,1.));
#14754=DIRECTION('center_axis',(0.,0.,-1.));
#14755=DIRECTION('ref_axis',(0.866025403784439,0.499999999999999,0.));
#14756=DIRECTION('center_axis',(0.866025403784441,-0.499999999999995,0.));
#14757=DIRECTION('ref_axis',(0.499999999999995,0.866025403784442,0.));
#14758=DIRECTION('',(0.,0.,1.));
#14759=DIRECTION('',(-0.499999999999995,-0.866025403784442,0.));
#14760=DIRECTION('center_axis',(0.,0.,1.));
#14761=DIRECTION('ref_axis',(0.866025403784443,-0.499999999999992,0.));
#14762=DIRECTION('',(0.,0.,1.));
#14763=DIRECTION('center_axis',(0.,0.,-1.));
#14764=DIRECTION('ref_axis',(0.866025403784443,-0.499999999999992,0.));
#14765=DIRECTION('center_axis',(1.09872824582724E-15,-1.,0.));
#14766=DIRECTION('ref_axis',(1.,1.09872824582724E-15,0.));
#14767=DIRECTION('',(0.,0.,1.));
#14768=DIRECTION('',(-1.,-1.09872824582724E-15,0.));
#14769=DIRECTION('center_axis',(0.866025403784441,-0.499999999999995,0.));
#14770=DIRECTION('ref_axis',(0.499999999999995,0.866025403784442,0.));
#14771=DIRECTION('',(0.,0.,1.));
#14772=DIRECTION('',(-0.499999999999995,-0.866025403784442,0.));
#14773=DIRECTION('',(0.,0.,1.));
#14774=DIRECTION('center_axis',(0.,0.,1.));
#14775=DIRECTION('ref_axis',(0.866025403784444,-0.499999999999991,0.));
#14776=DIRECTION('',(0.,0.,1.));
#14777=DIRECTION('center_axis',(0.,0.,-1.));
#14778=DIRECTION('ref_axis',(0.866025403784444,-0.499999999999991,0.));
#14779=DIRECTION('center_axis',(2.19745649165448E-15,-1.,0.));
#14780=DIRECTION('ref_axis',(1.,2.19745649165448E-15,0.));
#14781=DIRECTION('',(0.,0.,1.));
#14782=DIRECTION('',(-1.,-2.19745649165448E-15,0.));
#14783=DIRECTION('center_axis',(0.,0.,1.));
#14784=DIRECTION('ref_axis',(-1.18423789293349E-14,-1.,0.));
#14785=DIRECTION('',(0.,0.,1.));
#14786=DIRECTION('center_axis',(0.,0.,-1.));
#14787=DIRECTION('ref_axis',(-1.18423789293349E-14,-1.,0.));
#14788=DIRECTION('center_axis',(-0.866025403784439,-0.499999999999999,0.));
#14789=DIRECTION('ref_axis',(0.499999999999999,-0.866025403784439,0.));
#14790=DIRECTION('',(0.,0.,1.));
#14791=DIRECTION('',(-0.499999999999999,0.866025403784439,0.));
#14792=DIRECTION('center_axis',(0.,0.,1.));
#14793=DIRECTION('ref_axis',(-0.866025403784442,-0.499999999999994,0.));
#14794=DIRECTION('',(0.,0.,1.));
#14795=DIRECTION('center_axis',(0.,0.,-1.));
#14796=DIRECTION('ref_axis',(-0.866025403784442,-0.499999999999994,0.));
#14797=DIRECTION('center_axis',(-0.86602540378444,0.499999999999997,0.));
#14798=DIRECTION('ref_axis',(-0.499999999999997,-0.86602540378444,0.));
#14799=DIRECTION('',(0.,0.,1.));
#14800=DIRECTION('',(0.499999999999997,0.86602540378444,0.));
#14801=DIRECTION('center_axis',(0.,0.,1.));
#14802=DIRECTION('ref_axis',(0.957148318079916,0.289598165043889,0.));
#14803=DIRECTION('',(0.,0.,1.));
#14804=DIRECTION('center_axis',(0.,0.,1.));
#14805=DIRECTION('ref_axis',(0.957148318079916,0.289598165043889,0.));
#14806=DIRECTION('',(0.,0.,-1.));
#14807=DIRECTION('center_axis',(0.,0.,1.));
#14808=DIRECTION('ref_axis',(-0.990488360333483,0.137596540813669,0.));
#14809=DIRECTION('',(0.,0.,-1.));
#14810=DIRECTION('center_axis',(0.,0.,1.));
#14811=DIRECTION('ref_axis',(1.,0.,0.));
#14812=DIRECTION('center_axis',(0.,0.,1.));
#14813=DIRECTION('ref_axis',(0.209967729335162,0.97770831674781,0.));
#14814=DIRECTION('',(0.,0.,1.));
#14815=DIRECTION('center_axis',(0.,0.,1.));
#14816=DIRECTION('ref_axis',(0.209967729335162,0.97770831674781,0.));
#14817=DIRECTION('center_axis',(0.,0.,1.));
#14818=DIRECTION('ref_axis',(1.,0.,0.));
#14819=DIRECTION('',(0.,0.,-1.));
#14820=DIRECTION('center_axis',(0.,0.,1.));
#14821=DIRECTION('ref_axis',(1.,0.,0.));
#14822=DIRECTION('center_axis',(0.,0.,1.));
#14823=DIRECTION('ref_axis',(0.866025403784439,-0.5,0.));
#14824=DIRECTION('',(0.,0.,1.));
#14825=DIRECTION('center_axis',(0.,0.,1.));
#14826=DIRECTION('ref_axis',(0.866025403784439,-0.5,0.));
#14827=DIRECTION('center_axis',(0.,0.,1.));
#14828=DIRECTION('ref_axis',(0.866025403784435,-0.500000000000006,0.));
#14829=DIRECTION('',(0.,0.,1.));
#14830=DIRECTION('center_axis',(0.,0.,-1.));
#14831=DIRECTION('ref_axis',(0.866025403784435,-0.500000000000006,0.));
#14832=DIRECTION('',(0.,0.,1.));
#14833=DIRECTION('center_axis',(-4.39534328316244E-15,-1.,0.));
#14834=DIRECTION('ref_axis',(1.,-4.39534328316244E-15,0.));
#14835=DIRECTION('',(0.,0.,1.));
#14836=DIRECTION('',(-1.,4.39534328316244E-15,0.));
#14837=DIRECTION('center_axis',(0.,0.,1.));
#14838=DIRECTION('ref_axis',(7.89491928622341E-15,-1.,0.));
#14839=DIRECTION('',(0.,0.,-1.));
#14840=DIRECTION('center_axis',(0.,0.,-1.));
#14841=DIRECTION('ref_axis',(7.89491928622341E-15,-1.,0.));
#14842=DIRECTION('center_axis',(0.,0.,-1.));
#14843=DIRECTION('ref_axis',(0.810416592317966,0.58585403207261,0.));
#14844=DIRECTION('',(0.,0.,1.));
#14845=DIRECTION('center_axis',(0.,0.,1.));
#14846=DIRECTION('ref_axis',(0.810416592317966,0.58585403207261,0.));
#14847=DIRECTION('center_axis',(0.,0.,1.));
#14848=DIRECTION('ref_axis',(1.,0.,0.));
#14849=DIRECTION('',(0.,0.,-1.));
#14850=DIRECTION('center_axis',(0.,0.,1.));
#14851=DIRECTION('ref_axis',(1.,0.,0.));
#14852=DIRECTION('center_axis',(0.,0.,1.));
#14853=DIRECTION('ref_axis',(-0.764196360433125,-0.644983660801392,0.));
#14854=DIRECTION('',(0.,0.,1.));
#14855=DIRECTION('center_axis',(0.,0.,1.));
#14856=DIRECTION('ref_axis',(-0.764196360433125,-0.644983660801392,0.));
#14857=DIRECTION('center_axis',(-0.866025403784438,-0.500000000000001,0.));
#14858=DIRECTION('ref_axis',(0.500000000000001,-0.866025403784438,0.));
#14859=DIRECTION('',(0.,0.,1.));
#14860=DIRECTION('',(-0.500000000000001,0.866025403784438,0.));
#14861=DIRECTION('center_axis',(0.,0.,1.));
#14862=DIRECTION('ref_axis',(-0.866025403784442,-0.499999999999995,0.));
#14863=DIRECTION('',(0.,0.,1.));
#14864=DIRECTION('center_axis',(0.,0.,-1.));
#14865=DIRECTION('ref_axis',(-0.866025403784442,-0.499999999999995,0.));
#14866=DIRECTION('center_axis',(0.,0.,1.));
#14867=DIRECTION('ref_axis',(0.866025403784443,-0.499999999999992,0.));
#14868=DIRECTION('',(0.,0.,1.));
#14869=DIRECTION('center_axis',(0.,0.,-1.));
#14870=DIRECTION('ref_axis',(0.866025403784443,-0.499999999999992,0.));
#14871=DIRECTION('',(0.,0.,1.));
#14872=DIRECTION('center_axis',(1.09872824582724E-15,-1.,0.));
#14873=DIRECTION('ref_axis',(1.,1.09872824582724E-15,0.));
#14874=DIRECTION('',(0.,0.,1.));
#14875=DIRECTION('',(-1.,-1.09872824582724E-15,0.));
#14876=DIRECTION('center_axis',(0.,0.,1.));
#14877=DIRECTION('ref_axis',(-1.18423789293348E-14,-1.,0.));
#14878=DIRECTION('',(0.,0.,-1.));
#14879=DIRECTION('center_axis',(0.,0.,-1.));
#14880=DIRECTION('ref_axis',(-1.18423789293348E-14,-1.,0.));
#14881=DIRECTION('center_axis',(0.,0.,1.));
#14882=DIRECTION('ref_axis',(-0.859337988843151,-0.511408076716636,0.));
#14883=DIRECTION('',(0.,0.,1.));
#14884=DIRECTION('center_axis',(0.,0.,1.));
#14885=DIRECTION('ref_axis',(-0.859337988843151,-0.511408076716636,0.));
#14886=DIRECTION('center_axis',(0.,0.,1.));
#14887=DIRECTION('ref_axis',(1.,0.,0.));
#14888=DIRECTION('',(0.,0.,-1.));
#14889=DIRECTION('center_axis',(0.,0.,1.));
#14890=DIRECTION('ref_axis',(1.,0.,0.));
#14891=DIRECTION('center_axis',(0.866025403784441,-0.499999999999995,0.));
#14892=DIRECTION('ref_axis',(0.499999999999995,0.866025403784442,0.));
#14893=DIRECTION('',(0.,0.,1.));
#14894=DIRECTION('',(-0.499999999999995,-0.866025403784442,0.));
#14895=DIRECTION('',(0.,0.,1.));
#14896=DIRECTION('center_axis',(0.,0.,1.));
#14897=DIRECTION('ref_axis',(0.866025403784444,-0.499999999999991,0.));
#14898=DIRECTION('',(0.,0.,-1.));
#14899=DIRECTION('center_axis',(0.,0.,-1.));
#14900=DIRECTION('ref_axis',(0.866025403784444,-0.499999999999991,0.));
#14901=DIRECTION('center_axis',(0.,0.,1.));
#14902=DIRECTION('ref_axis',(-0.0154051686836951,-0.999881333348026,0.));
#14903=DIRECTION('',(0.,0.,1.));
#14904=DIRECTION('center_axis',(0.,0.,1.));
#14905=DIRECTION('ref_axis',(-0.0154051686836951,-0.999881333348026,0.));
#14906=DIRECTION('center_axis',(0.866276874594889,0.499564186608798,0.));
#14907=DIRECTION('ref_axis',(-0.499564186608798,0.86627687459489,0.));
#14908=DIRECTION('',(0.,0.,-1.));
#14909=DIRECTION('',(-0.499564186608798,0.86627687459489,0.));
#14910=DIRECTION('',(-0.499564186608798,0.86627687459489,0.));
#14911=DIRECTION('',(0.,0.,-1.));
#14912=DIRECTION('',(-0.499564186608798,0.86627687459489,0.));
#14913=DIRECTION('center_axis',(0.,0.,-1.));
#14914=DIRECTION('ref_axis',(-0.965990093526156,-0.25857907728455,0.));
#14915=DIRECTION('',(0.,0.,1.));
#14916=DIRECTION('center_axis',(0.,0.,1.));
#14917=DIRECTION('ref_axis',(-0.965990093526156,-0.25857907728455,0.));
#14918=DIRECTION('center_axis',(-0.999999999980083,-6.31149385375019E-6,
0.));
#14919=DIRECTION('ref_axis',(6.31149385375018E-6,-0.999999999980082,0.));
#14920=DIRECTION('',(0.,0.,-1.));
#14921=DIRECTION('',(-6.31149385375018E-6,0.999999999980082,0.));
#14922=DIRECTION('center_axis',(0.,0.,1.));
#14923=DIRECTION('ref_axis',(0.866025403784447,0.499999999999985,0.));
#14924=DIRECTION('',(0.,0.,1.));
#14925=DIRECTION('center_axis',(0.,0.,-1.));
#14926=DIRECTION('ref_axis',(0.866025403784447,0.499999999999985,0.));
#14927=DIRECTION('',(0.,0.,1.));
#14928=DIRECTION('center_axis',(0.866025403784439,-0.499999999999999,0.));
#14929=DIRECTION('ref_axis',(0.499999999999999,0.866025403784439,0.));
#14930=DIRECTION('',(0.,0.,1.));
#14931=DIRECTION('',(-0.499999999999999,-0.866025403784439,0.));
#14932=DIRECTION('center_axis',(0.,0.,1.));
#14933=DIRECTION('ref_axis',(0.866025403784437,-0.500000000000004,0.));
#14934=DIRECTION('',(0.,0.,1.));
#14935=DIRECTION('center_axis',(0.,0.,-1.));
#14936=DIRECTION('ref_axis',(0.866025403784437,-0.500000000000004,0.));
#14937=DIRECTION('center_axis',(2.19767164158123E-15,-1.,0.));
#14938=DIRECTION('ref_axis',(1.,2.19767164158123E-15,0.));
#14939=DIRECTION('',(0.,0.,1.));
#14940=DIRECTION('',(-1.,-2.19767164158123E-15,0.));
#14941=DIRECTION('center_axis',(0.,0.,1.));
#14942=DIRECTION('ref_axis',(0.,-1.,0.));
#14943=DIRECTION('',(0.,0.,1.));
#14944=DIRECTION('center_axis',(0.,0.,-1.));
#14945=DIRECTION('ref_axis',(0.,-1.,0.));
#14946=DIRECTION('center_axis',(-0.866025403784436,-0.500000000000005,0.));
#14947=DIRECTION('ref_axis',(0.500000000000005,-0.866025403784436,0.));
#14948=DIRECTION('',(0.,0.,1.));
#14949=DIRECTION('',(-0.500000000000005,0.866025403784436,0.));
#14950=DIRECTION('center_axis',(-4.39491298330895E-15,1.,0.));
#14951=DIRECTION('ref_axis',(-1.,-4.39491298330895E-15,0.));
#14952=DIRECTION('',(0.,0.,1.));
#14953=DIRECTION('',(1.,4.39491298330895E-15,0.));
#14954=DIRECTION('',(0.,0.,1.));
#14955=DIRECTION('center_axis',(0.,0.,1.));
#14956=DIRECTION('ref_axis',(3.94745964311164E-15,1.,0.));
#14957=DIRECTION('',(0.,0.,1.));
#14958=DIRECTION('center_axis',(0.,0.,-1.));
#14959=DIRECTION('ref_axis',(3.94745964311164E-15,1.,0.));
#14960=DIRECTION('center_axis',(0.866025403784438,0.500000000000002,0.));
#14961=DIRECTION('ref_axis',(-0.500000000000002,0.866025403784438,0.));
#14962=DIRECTION('',(0.,0.,1.));
#14963=DIRECTION('',(0.500000000000002,-0.866025403784438,0.));
#14964=DIRECTION('center_axis',(0.,0.,1.));
#14965=DIRECTION('ref_axis',(0.86602540378444,0.499999999999998,0.));
#14966=DIRECTION('',(0.,0.,1.));
#14967=DIRECTION('center_axis',(0.,0.,-1.));
#14968=DIRECTION('ref_axis',(0.86602540378444,0.499999999999998,0.));
#14969=DIRECTION('center_axis',(0.866025403784441,-0.499999999999995,0.));
#14970=DIRECTION('ref_axis',(0.499999999999995,0.866025403784442,0.));
#14971=DIRECTION('',(0.,0.,1.));
#14972=DIRECTION('',(-0.499999999999995,-0.866025403784442,0.));
#14973=DIRECTION('center_axis',(0.,0.,1.));
#14974=DIRECTION('ref_axis',(0.866025403784444,-0.499999999999991,0.));
#14975=DIRECTION('',(0.,0.,1.));
#14976=DIRECTION('center_axis',(0.,0.,-1.));
#14977=DIRECTION('ref_axis',(0.866025403784444,-0.499999999999991,0.));
#14978=DIRECTION('center_axis',(2.19745649165448E-15,-1.,0.));
#14979=DIRECTION('ref_axis',(1.,2.19745649165448E-15,0.));
#14980=DIRECTION('',(0.,0.,-1.));
#14981=DIRECTION('',(-1.,-2.19745649165448E-15,0.));
#14982=DIRECTION('center_axis',(0.,0.,1.));
#14983=DIRECTION('ref_axis',(0.866025403784447,0.499999999999986,0.));
#14984=DIRECTION('',(0.,0.,1.));
#14985=DIRECTION('center_axis',(0.,0.,-1.));
#14986=DIRECTION('ref_axis',(0.866025403784447,0.499999999999986,0.));
#14987=DIRECTION('',(0.,0.,1.));
#14988=DIRECTION('center_axis',(0.866025403784439,-0.499999999999999,0.));
#14989=DIRECTION('ref_axis',(0.499999999999999,0.866025403784439,0.));
#14990=DIRECTION('',(0.,0.,1.));
#14991=DIRECTION('',(-0.499999999999999,-0.866025403784439,0.));
#14992=DIRECTION('center_axis',(0.,0.,1.));
#14993=DIRECTION('ref_axis',(0.866025403784437,-0.500000000000004,0.));
#14994=DIRECTION('',(0.,0.,1.));
#14995=DIRECTION('center_axis',(0.,0.,-1.));
#14996=DIRECTION('ref_axis',(0.866025403784437,-0.500000000000004,0.));
#14997=DIRECTION('center_axis',(2.19767164158123E-15,-1.,0.));
#14998=DIRECTION('ref_axis',(1.,2.19767164158123E-15,0.));
#14999=DIRECTION('',(0.,0.,1.));
#15000=DIRECTION('',(-1.,-2.19767164158123E-15,0.));
#15001=DIRECTION('center_axis',(0.,0.,1.));
#15002=DIRECTION('ref_axis',(0.,-1.,0.));
#15003=DIRECTION('',(0.,0.,1.));
#15004=DIRECTION('center_axis',(0.,0.,-1.));
#15005=DIRECTION('ref_axis',(0.,-1.,0.));
#15006=DIRECTION('center_axis',(-0.866025403784436,-0.500000000000005,0.));
#15007=DIRECTION('ref_axis',(0.500000000000005,-0.866025403784436,0.));
#15008=DIRECTION('',(0.,0.,1.));
#15009=DIRECTION('',(-0.500000000000005,0.866025403784436,0.));
#15010=DIRECTION('center_axis',(0.,0.,1.));
#15011=DIRECTION('ref_axis',(3.94745964311164E-15,1.,0.));
#15012=DIRECTION('',(0.,0.,1.));
#15013=DIRECTION('center_axis',(0.,0.,-1.));
#15014=DIRECTION('ref_axis',(3.94745964311164E-15,1.,0.));
#15015=DIRECTION('',(0.,0.,1.));
#15016=DIRECTION('center_axis',(0.866025403784438,0.500000000000002,0.));
#15017=DIRECTION('ref_axis',(-0.500000000000002,0.866025403784438,0.));
#15018=DIRECTION('',(0.,0.,1.));
#15019=DIRECTION('',(0.500000000000002,-0.866025403784438,0.));
#15020=DIRECTION('center_axis',(0.,0.,1.));
#15021=DIRECTION('ref_axis',(0.86602540378444,0.499999999999998,0.));
#15022=DIRECTION('',(0.,0.,1.));
#15023=DIRECTION('center_axis',(0.,0.,-1.));
#15024=DIRECTION('ref_axis',(0.86602540378444,0.499999999999998,0.));
#15025=DIRECTION('center_axis',(0.866025403784441,-0.499999999999995,0.));
#15026=DIRECTION('ref_axis',(0.499999999999995,0.866025403784442,0.));
#15027=DIRECTION('',(0.,0.,1.));
#15028=DIRECTION('',(-0.499999999999995,-0.866025403784442,0.));
#15029=DIRECTION('center_axis',(0.,0.,1.));
#15030=DIRECTION('ref_axis',(0.866025403784444,-0.499999999999991,0.));
#15031=DIRECTION('',(0.,0.,1.));
#15032=DIRECTION('center_axis',(0.,0.,-1.));
#15033=DIRECTION('ref_axis',(0.866025403784444,-0.499999999999991,0.));
#15034=DIRECTION('center_axis',(2.19745649165448E-15,-1.,0.));
#15035=DIRECTION('ref_axis',(1.,2.19745649165448E-15,0.));
#15036=DIRECTION('',(0.,0.,1.));
#15037=DIRECTION('',(-1.,-2.19745649165448E-15,0.));
#15038=DIRECTION('center_axis',(-0.866025403784437,0.500000000000003,0.));
#15039=DIRECTION('ref_axis',(-0.500000000000003,-0.866025403784437,0.));
#15040=DIRECTION('',(0.,0.,1.));
#15041=DIRECTION('',(0.500000000000003,0.866025403784437,0.));
#15042=DIRECTION('',(0.,0.,1.));
#15043=DIRECTION('center_axis',(0.,0.,1.));
#15044=DIRECTION('ref_axis',(-0.866025403784438,0.500000000000001,0.));
#15045=DIRECTION('',(0.,0.,-1.));
#15046=DIRECTION('center_axis',(0.,0.,-1.));
#15047=DIRECTION('ref_axis',(-0.866025403784438,0.500000000000001,0.));
#15048=DIRECTION('center_axis',(0.,0.,1.));
#15049=DIRECTION('ref_axis',(-0.0917471858994351,0.995782332580537,0.));
#15050=DIRECTION('',(0.,0.,1.));
#15051=DIRECTION('center_axis',(0.,0.,1.));
#15052=DIRECTION('ref_axis',(-0.0917471858994351,0.995782332580537,0.));
#15053=DIRECTION('center_axis',(0.,0.,1.));
#15054=DIRECTION('ref_axis',(1.,0.,0.));
#15055=DIRECTION('',(0.,0.,-1.));
#15056=DIRECTION('center_axis',(0.,0.,1.));
#15057=DIRECTION('ref_axis',(1.,0.,0.));
#15058=DIRECTION('center_axis',(0.,0.,1.));
#15059=DIRECTION('ref_axis',(0.0917471858994358,0.995782332580537,0.));
#15060=DIRECTION('',(0.,0.,1.));
#15061=DIRECTION('center_axis',(0.,0.,1.));
#15062=DIRECTION('ref_axis',(0.0917471858994358,0.995782332580537,0.));
#15063=DIRECTION('center_axis',(0.,0.,1.));
#15064=DIRECTION('ref_axis',(3.94745964311162E-15,1.,0.));
#15065=DIRECTION('',(0.,0.,1.));
#15066=DIRECTION('center_axis',(0.,0.,-1.));
#15067=DIRECTION('ref_axis',(3.94745964311162E-15,1.,0.));
#15068=DIRECTION('center_axis',(0.866025403784438,0.500000000000002,0.));
#15069=DIRECTION('ref_axis',(-0.500000000000002,0.866025403784438,0.));
#15070=DIRECTION('',(0.,0.,1.));
#15071=DIRECTION('',(0.500000000000002,-0.866025403784438,0.));
#15072=DIRECTION('center_axis',(0.,0.,1.));
#15073=DIRECTION('ref_axis',(-0.866025403784442,-0.499999999999994,0.));
#15074=DIRECTION('',(0.,0.,1.));
#15075=DIRECTION('center_axis',(0.,0.,-1.));
#15076=DIRECTION('ref_axis',(-0.866025403784442,-0.499999999999994,0.));
#15077=DIRECTION('',(0.,0.,1.));
#15078=DIRECTION('center_axis',(-0.866025403784439,0.5,0.));
#15079=DIRECTION('ref_axis',(-0.5,-0.866025403784439,0.));
#15080=DIRECTION('',(0.,0.,1.));
#15081=DIRECTION('',(0.5,0.866025403784439,0.));
#15082=DIRECTION('center_axis',(0.,0.,1.));
#15083=DIRECTION('ref_axis',(-0.866025403784439,0.5,0.));
#15084=DIRECTION('',(0.,0.,1.));
#15085=DIRECTION('center_axis',(0.,0.,-1.));
#15086=DIRECTION('ref_axis',(-0.866025403784439,0.5,0.));
#15087=DIRECTION('center_axis',(-2.19767164158122E-15,1.,0.));
#15088=DIRECTION('ref_axis',(-1.,-2.19767164158122E-15,0.));
#15089=DIRECTION('',(0.,0.,1.));
#15090=DIRECTION('',(1.,2.19767164158122E-15,0.));
#15091=DIRECTION('center_axis',(0.,0.,1.));
#15092=DIRECTION('ref_axis',(0.,1.,0.));
#15093=DIRECTION('',(0.,0.,1.));
#15094=DIRECTION('center_axis',(0.,0.,-1.));
#15095=DIRECTION('ref_axis',(0.,1.,0.));
#15096=DIRECTION('center_axis',(0.866025403784438,0.500000000000001,0.));
#15097=DIRECTION('ref_axis',(-0.500000000000001,0.866025403784438,0.));
#15098=DIRECTION('',(0.,0.,1.));
#15099=DIRECTION('',(0.500000000000001,-0.866025403784438,0.));
#15100=DIRECTION('center_axis',(0.,0.,1.));
#15101=DIRECTION('ref_axis',(-0.866025403784439,0.499999999999999,0.));
#15102=DIRECTION('',(0.,0.,1.));
#15103=DIRECTION('center_axis',(0.,0.,-1.));
#15104=DIRECTION('ref_axis',(-0.866025403784439,0.499999999999999,0.));
#15105=DIRECTION('',(0.,0.,1.));
#15106=DIRECTION('center_axis',(-2.19767164158122E-15,1.,0.));
#15107=DIRECTION('ref_axis',(-1.,-2.19767164158122E-15,0.));
#15108=DIRECTION('',(0.,0.,1.));
#15109=DIRECTION('',(1.,2.19767164158122E-15,0.));
#15110=DIRECTION('center_axis',(0.,0.,1.));
#15111=DIRECTION('ref_axis',(0.,1.,0.));
#15112=DIRECTION('',(0.,0.,1.));
#15113=DIRECTION('center_axis',(0.,0.,-1.));
#15114=DIRECTION('ref_axis',(0.,1.,0.));
#15115=DIRECTION('center_axis',(0.866025403784438,0.500000000000002,0.));
#15116=DIRECTION('ref_axis',(-0.500000000000002,0.866025403784438,0.));
#15117=DIRECTION('',(0.,0.,1.));
#15118=DIRECTION('',(0.500000000000002,-0.866025403784438,0.));
#15119=DIRECTION('center_axis',(0.,0.,1.));
#15120=DIRECTION('ref_axis',(0.866025403784447,0.499999999999985,0.));
#15121=DIRECTION('',(0.,0.,1.));
#15122=DIRECTION('center_axis',(0.,0.,-1.));
#15123=DIRECTION('ref_axis',(0.866025403784447,0.499999999999985,0.));
#15124=DIRECTION('center_axis',(0.866025403784439,-0.499999999999999,0.));
#15125=DIRECTION('ref_axis',(0.499999999999999,0.866025403784439,0.));
#15126=DIRECTION('',(0.,0.,1.));
#15127=DIRECTION('',(-0.499999999999999,-0.866025403784439,0.));
#15128=DIRECTION('center_axis',(0.,0.,1.));
#15129=DIRECTION('ref_axis',(0.866025403784448,0.499999999999984,0.));
#15130=DIRECTION('',(0.,0.,1.));
#15131=DIRECTION('center_axis',(0.,0.,-1.));
#15132=DIRECTION('ref_axis',(0.866025403784448,0.499999999999984,0.));
#15133=DIRECTION('',(0.,0.,1.));
#15134=DIRECTION('center_axis',(0.866025403784439,-0.499999999999999,0.));
#15135=DIRECTION('ref_axis',(0.499999999999999,0.866025403784439,0.));
#15136=DIRECTION('',(0.,0.,-1.));
#15137=DIRECTION('',(-0.499999999999999,-0.866025403784439,0.));
#15138=DIRECTION('center_axis',(0.,0.,1.));
#15139=DIRECTION('ref_axis',(0.554930465488794,-0.831896735462035,0.));
#15140=DIRECTION('',(0.,0.,1.));
#15141=DIRECTION('center_axis',(0.,0.,1.));
#15142=DIRECTION('ref_axis',(0.554930465488794,-0.831896735462035,0.));
#15143=DIRECTION('center_axis',(0.,0.,-1.));
#15144=DIRECTION('ref_axis',(-0.402179452625949,-0.915560859738713,0.));
#15145=DIRECTION('',(0.,0.,1.));
#15146=DIRECTION('center_axis',(0.,0.,1.));
#15147=DIRECTION('ref_axis',(-0.402179452625949,-0.915560859738713,0.));
#15148=DIRECTION('',(0.,0.,-1.));
#15149=DIRECTION('center_axis',(0.,0.,1.));
#15150=DIRECTION('ref_axis',(0.,-1.,0.));
#15151=DIRECTION('',(0.,0.,1.));
#15152=DIRECTION('center_axis',(0.,0.,-1.));
#15153=DIRECTION('ref_axis',(0.,-1.,0.));
#15154=DIRECTION('center_axis',(-0.866025403784436,-0.500000000000005,0.));
#15155=DIRECTION('ref_axis',(0.500000000000005,-0.866025403784436,0.));
#15156=DIRECTION('',(0.,0.,1.));
#15157=DIRECTION('',(-0.500000000000005,0.866025403784436,0.));
#15158=DIRECTION('center_axis',(0.,0.,1.));
#15159=DIRECTION('ref_axis',(-0.86602540378444,0.499999999999997,0.));
#15160=DIRECTION('',(0.,0.,1.));
#15161=DIRECTION('center_axis',(0.,0.,-1.));
#15162=DIRECTION('ref_axis',(-0.86602540378444,0.499999999999997,0.));
#15163=DIRECTION('',(0.,0.,1.));
#15164=DIRECTION('center_axis',(-4.39491298330895E-15,1.,0.));
#15165=DIRECTION('ref_axis',(-1.,-4.39491298330895E-15,0.));
#15166=DIRECTION('',(0.,0.,1.));
#15167=DIRECTION('',(1.,4.39491298330895E-15,0.));
#15168=DIRECTION('center_axis',(0.,0.,1.));
#15169=DIRECTION('ref_axis',(3.94745964311164E-15,1.,0.));
#15170=DIRECTION('',(0.,0.,1.));
#15171=DIRECTION('center_axis',(0.,0.,-1.));
#15172=DIRECTION('ref_axis',(3.94745964311164E-15,1.,0.));
#15173=DIRECTION('center_axis',(0.866025403784437,0.500000000000004,0.));
#15174=DIRECTION('ref_axis',(-0.500000000000004,0.866025403784437,0.));
#15175=DIRECTION('',(0.,0.,-1.));
#15176=DIRECTION('',(0.500000000000004,-0.866025403784437,0.));
#15177=DIRECTION('center_axis',(0.,0.,-1.));
#15178=DIRECTION('ref_axis',(0.866025403784435,0.500000000000005,0.));
#15179=DIRECTION('',(0.,0.,1.));
#15180=DIRECTION('center_axis',(0.,0.,1.));
#15181=DIRECTION('ref_axis',(0.866025403784435,0.500000000000005,0.));
#15182=DIRECTION('center_axis',(-0.129000711830094,0.991644500991827,0.));
#15183=DIRECTION('ref_axis',(-0.991644500991827,-0.129000711830094,0.));
#15184=DIRECTION('',(-0.991644500991827,-0.129000711830094,0.));
#15185=DIRECTION('',(0.,0.,-1.));
#15186=DIRECTION('',(-0.991644500991827,-0.129000711830094,0.));
#15187=DIRECTION('',(0.,0.,1.));
#15188=DIRECTION('',(-0.991644500991827,-0.129000711830094,0.));
#15189=DIRECTION('center_axis',(0.,0.,1.));
#15190=DIRECTION('ref_axis',(-0.866025403784442,-0.499999999999994,0.));
#15191=DIRECTION('',(0.,0.,1.));
#15192=DIRECTION('center_axis',(0.,0.,-1.));
#15193=DIRECTION('ref_axis',(-0.866025403784442,-0.499999999999994,0.));
#15194=DIRECTION('',(0.,0.,1.));
#15195=DIRECTION('center_axis',(-0.86602540378444,0.499999999999998,0.));
#15196=DIRECTION('ref_axis',(-0.499999999999998,-0.86602540378444,0.));
#15197=DIRECTION('',(0.,0.,1.));
#15198=DIRECTION('',(0.499999999999998,0.86602540378444,0.));
#15199=DIRECTION('center_axis',(0.,0.,1.));
#15200=DIRECTION('ref_axis',(-0.86602540378444,0.499999999999997,0.));
#15201=DIRECTION('',(0.,0.,1.));
#15202=DIRECTION('center_axis',(0.,0.,-1.));
#15203=DIRECTION('ref_axis',(-0.86602540378444,0.499999999999997,0.));
#15204=DIRECTION('center_axis',(-2.19745649165448E-15,1.,0.));
#15205=DIRECTION('ref_axis',(-1.,-2.19745649165448E-15,0.));
#15206=DIRECTION('',(0.,0.,-1.));
#15207=DIRECTION('',(1.,2.19745649165448E-15,0.));
#15208=DIRECTION('center_axis',(0.,0.,-1.));
#15209=DIRECTION('ref_axis',(2.22044604925031E-15,-1.,0.));
#15210=DIRECTION('',(0.,0.,1.));
#15211=DIRECTION('center_axis',(0.,0.,1.));
#15212=DIRECTION('ref_axis',(2.22044604925031E-15,-1.,0.));
#15213=DIRECTION('center_axis',(0.,0.,1.));
#15214=DIRECTION('ref_axis',(-0.883280934040751,-0.468844101551996,0.));
#15215=DIRECTION('',(0.,0.,-1.));
#15216=DIRECTION('center_axis',(0.,0.,1.));
#15217=DIRECTION('ref_axis',(1.,0.,0.));
#15218=DIRECTION('center_axis',(0.999999992653008,-0.000121218746211822,
0.));
#15219=DIRECTION('ref_axis',(0.000121218746211822,0.999999992653008,0.));
#15220=DIRECTION('',(0.,0.,-1.));
#15221=DIRECTION('',(-0.000121218746211822,-0.999999992653008,0.));
#15222=DIRECTION('',(0.,0.,1.));
#15223=DIRECTION('center_axis',(0.,0.,1.));
#15224=DIRECTION('ref_axis',(0.707063922588964,-0.707149637186578,0.));
#15225=DIRECTION('',(0.,0.,1.));
#15226=DIRECTION('center_axis',(0.,0.,1.));
#15227=DIRECTION('ref_axis',(0.707063922588964,-0.707149637186578,0.));
#15228=DIRECTION('center_axis',(2.19745649165448E-15,-1.,0.));
#15229=DIRECTION('ref_axis',(1.,2.19745649165448E-15,0.));
#15230=DIRECTION('',(0.,0.,1.));
#15231=DIRECTION('',(-1.,-2.19745649165448E-15,0.));
#15232=DIRECTION('center_axis',(0.,0.,1.));
#15233=DIRECTION('ref_axis',(-1.18423789293349E-14,-1.,0.));
#15234=DIRECTION('',(0.,0.,1.));
#15235=DIRECTION('center_axis',(0.,0.,-1.));
#15236=DIRECTION('ref_axis',(-1.18423789293349E-14,-1.,0.));
#15237=DIRECTION('center_axis',(-0.866025403784439,-0.499999999999999,0.));
#15238=DIRECTION('ref_axis',(0.499999999999999,-0.866025403784439,0.));
#15239=DIRECTION('',(0.,0.,1.));
#15240=DIRECTION('',(-0.499999999999999,0.866025403784439,0.));
#15241=DIRECTION('center_axis',(-0.999999999980083,-6.31149385375019E-6,
0.));
#15242=DIRECTION('ref_axis',(6.31149385375018E-6,-0.999999999980082,0.));
#15243=DIRECTION('',(0.,0.,-1.));
#15244=DIRECTION('',(-6.31149385375018E-6,0.999999999980082,0.));
#15245=DIRECTION('',(0.,0.,1.));
#15246=DIRECTION('center_axis',(0.,0.,1.));
#15247=DIRECTION('ref_axis',(-0.707109012633078,0.707104549732975,0.));
#15248=DIRECTION('',(0.,0.,1.));
#15249=DIRECTION('center_axis',(0.,0.,1.));
#15250=DIRECTION('ref_axis',(-0.707109012633078,0.707104549732975,0.));
#15251=DIRECTION('center_axis',(-2.19745649165448E-15,1.,0.));
#15252=DIRECTION('ref_axis',(-1.,-2.19745649165448E-15,0.));
#15253=DIRECTION('',(0.,0.,1.));
#15254=DIRECTION('',(1.,2.19745649165448E-15,0.));
#15255=DIRECTION('center_axis',(0.,0.,1.));
#15256=DIRECTION('ref_axis',(3.94745964311164E-15,1.,0.));
#15257=DIRECTION('',(0.,0.,1.));
#15258=DIRECTION('center_axis',(0.,0.,-1.));
#15259=DIRECTION('ref_axis',(3.94745964311164E-15,1.,0.));
#15260=DIRECTION('center_axis',(0.866025403784438,0.500000000000002,0.));
#15261=DIRECTION('ref_axis',(-0.500000000000002,0.866025403784438,0.));
#15262=DIRECTION('',(0.,0.,1.));
#15263=DIRECTION('',(0.500000000000002,-0.866025403784438,0.));
#15264=DIRECTION('center_axis',(-0.999999999980083,-6.31149385375019E-6,
0.));
#15265=DIRECTION('ref_axis',(6.31149385375018E-6,-0.999999999980082,0.));
#15266=DIRECTION('',(0.,0.,-1.));
#15267=DIRECTION('',(-6.31149385375018E-6,0.999999999980082,0.));
#15268=DIRECTION('',(0.,0.,1.));
#15269=DIRECTION('center_axis',(0.,0.,1.));
#15270=DIRECTION('ref_axis',(-0.707109012633077,0.707104549732976,0.));
#15271=DIRECTION('',(0.,0.,1.));
#15272=DIRECTION('center_axis',(0.,0.,1.));
#15273=DIRECTION('ref_axis',(-0.707109012633077,0.707104549732976,0.));
#15274=DIRECTION('center_axis',(-4.39491298330895E-15,1.,0.));
#15275=DIRECTION('ref_axis',(-1.,-4.39491298330895E-15,0.));
#15276=DIRECTION('',(0.,0.,1.));
#15277=DIRECTION('',(1.,4.39491298330895E-15,0.));
#15278=DIRECTION('center_axis',(0.,0.,1.));
#15279=DIRECTION('ref_axis',(3.94745964311164E-15,1.,0.));
#15280=DIRECTION('',(0.,0.,1.));
#15281=DIRECTION('center_axis',(0.,0.,-1.));
#15282=DIRECTION('ref_axis',(3.94745964311164E-15,1.,0.));
#15283=DIRECTION('center_axis',(0.866025403784438,0.500000000000002,0.));
#15284=DIRECTION('ref_axis',(-0.500000000000002,0.866025403784438,0.));
#15285=DIRECTION('',(0.,0.,1.));
#15286=DIRECTION('',(0.500000000000002,-0.866025403784438,0.));
#15287=DIRECTION('center_axis',(0.999999992653008,-0.000121218746211822,
0.));
#15288=DIRECTION('ref_axis',(0.000121218746211822,0.999999992653008,0.));
#15289=DIRECTION('',(0.,0.,-1.));
#15290=DIRECTION('',(-0.000121218746211822,-0.999999992653008,0.));
#15291=DIRECTION('',(0.,0.,1.));
#15292=DIRECTION('center_axis',(0.,0.,1.));
#15293=DIRECTION('ref_axis',(0.707063922588964,-0.707149637186578,0.));
#15294=DIRECTION('',(0.,0.,1.));
#15295=DIRECTION('center_axis',(0.,0.,1.));
#15296=DIRECTION('ref_axis',(0.707063922588964,-0.707149637186578,0.));
#15297=DIRECTION('center_axis',(1.09872824582724E-15,-1.,0.));
#15298=DIRECTION('ref_axis',(1.,1.09872824582724E-15,0.));
#15299=DIRECTION('',(0.,0.,1.));
#15300=DIRECTION('',(-1.,-1.09872824582724E-15,0.));
#15301=DIRECTION('center_axis',(0.,0.,1.));
#15302=DIRECTION('ref_axis',(-1.18423789293348E-14,-1.,0.));
#15303=DIRECTION('',(0.,0.,1.));
#15304=DIRECTION('center_axis',(0.,0.,-1.));
#15305=DIRECTION('ref_axis',(-1.18423789293348E-14,-1.,0.));
#15306=DIRECTION('center_axis',(-0.866025403784439,-0.499999999999999,0.));
#15307=DIRECTION('ref_axis',(0.499999999999999,-0.866025403784439,0.));
#15308=DIRECTION('',(0.,0.,1.));
#15309=DIRECTION('',(-0.499999999999999,0.866025403784439,0.));
#15310=DIRECTION('center_axis',(-4.39491298330895E-15,1.,0.));
#15311=DIRECTION('ref_axis',(-1.,-4.39491298330895E-15,0.));
#15312=DIRECTION('',(0.,0.,1.));
#15313=DIRECTION('',(1.,4.39491298330895E-15,0.));
#15314=DIRECTION('',(0.,0.,1.));
#15315=DIRECTION('center_axis',(0.,0.,1.));
#15316=DIRECTION('ref_axis',(3.94745964311164E-15,1.,0.));
#15317=DIRECTION('',(0.,0.,1.));
#15318=DIRECTION('center_axis',(0.,0.,-1.));
#15319=DIRECTION('ref_axis',(3.94745964311164E-15,1.,0.));
#15320=DIRECTION('center_axis',(0.866025403784438,0.500000000000002,0.));
#15321=DIRECTION('ref_axis',(-0.500000000000002,0.866025403784438,0.));
#15322=DIRECTION('',(0.,0.,-1.));
#15323=DIRECTION('',(0.500000000000002,-0.866025403784438,0.));
#15324=DIRECTION('center_axis',(0.,0.,-1.));
#15325=DIRECTION('ref_axis',(0.866025403784438,0.500000000000001,0.));
#15326=DIRECTION('',(0.,0.,1.));
#15327=DIRECTION('center_axis',(0.,0.,1.));
#15328=DIRECTION('ref_axis',(0.866025403784438,0.500000000000001,0.));
#15329=DIRECTION('center_axis',(-2.19767164158122E-15,1.,0.));
#15330=DIRECTION('ref_axis',(-1.,-2.19767164158122E-15,0.));
#15331=DIRECTION('',(0.,0.,1.));
#15332=DIRECTION('',(1.,2.19767164158122E-15,0.));
#15333=DIRECTION('',(0.,0.,1.));
#15334=DIRECTION('center_axis',(0.,0.,1.));
#15335=DIRECTION('ref_axis',(0.,1.,0.));
#15336=DIRECTION('',(0.,0.,1.));
#15337=DIRECTION('center_axis',(0.,0.,-1.));
#15338=DIRECTION('ref_axis',(0.,1.,0.));
#15339=DIRECTION('center_axis',(0.866025403784438,0.500000000000001,0.));
#15340=DIRECTION('ref_axis',(-0.500000000000001,0.866025403784438,0.));
#15341=DIRECTION('',(0.,0.,1.));
#15342=DIRECTION('',(0.500000000000001,-0.866025403784438,0.));
#15343=DIRECTION('center_axis',(0.,0.,1.));
#15344=DIRECTION('ref_axis',(0.866025403784447,0.499999999999986,0.));
#15345=DIRECTION('',(0.,0.,1.));
#15346=DIRECTION('center_axis',(0.,0.,-1.));
#15347=DIRECTION('ref_axis',(0.866025403784447,0.499999999999986,0.));
#15348=DIRECTION('center_axis',(0.866025403784439,-0.499999999999999,0.));
#15349=DIRECTION('ref_axis',(0.499999999999999,0.866025403784439,0.));
#15350=DIRECTION('',(0.,0.,1.));
#15351=DIRECTION('',(-0.499999999999999,-0.866025403784439,0.));
#15352=DIRECTION('center_axis',(0.,0.,1.));
#15353=DIRECTION('ref_axis',(0.866025403784437,-0.500000000000004,0.));
#15354=DIRECTION('',(0.,0.,1.));
#15355=DIRECTION('center_axis',(0.,0.,-1.));
#15356=DIRECTION('ref_axis',(0.866025403784437,-0.500000000000004,0.));
#15357=DIRECTION('center_axis',(0.,0.,1.));
#15358=DIRECTION('ref_axis',(0.866025403784444,-0.499999999999991,0.));
#15359=DIRECTION('',(0.,0.,1.));
#15360=DIRECTION('center_axis',(0.,0.,-1.));
#15361=DIRECTION('ref_axis',(0.866025403784444,-0.499999999999991,0.));
#15362=DIRECTION('',(0.,0.,1.));
#15363=DIRECTION('center_axis',(2.19745649165448E-15,-1.,0.));
#15364=DIRECTION('ref_axis',(1.,2.19745649165448E-15,0.));
#15365=DIRECTION('',(0.,0.,1.));
#15366=DIRECTION('',(-1.,-2.19745649165448E-15,0.));
#15367=DIRECTION('center_axis',(0.,0.,1.));
#15368=DIRECTION('ref_axis',(-1.18423789293349E-14,-1.,0.));
#15369=DIRECTION('',(0.,0.,1.));
#15370=DIRECTION('center_axis',(0.,0.,-1.));
#15371=DIRECTION('ref_axis',(-1.18423789293349E-14,-1.,0.));
#15372=DIRECTION('center_axis',(-0.866025403784439,-0.499999999999999,0.));
#15373=DIRECTION('ref_axis',(0.499999999999999,-0.866025403784439,0.));
#15374=DIRECTION('',(0.,0.,1.));
#15375=DIRECTION('',(-0.499999999999999,0.866025403784439,0.));
#15376=DIRECTION('center_axis',(0.,0.,1.));
#15377=DIRECTION('ref_axis',(-0.866025403784442,-0.499999999999994,0.));
#15378=DIRECTION('',(0.,0.,1.));
#15379=DIRECTION('center_axis',(0.,0.,-1.));
#15380=DIRECTION('ref_axis',(-0.866025403784442,-0.499999999999994,0.));
#15381=DIRECTION('center_axis',(-0.86602540378444,0.499999999999997,0.));
#15382=DIRECTION('ref_axis',(-0.499999999999997,-0.86602540378444,0.));
#15383=DIRECTION('',(0.,0.,1.));
#15384=DIRECTION('',(0.499999999999997,0.86602540378444,0.));
#15385=DIRECTION('center_axis',(-5.84343308173005E-17,1.,0.));
#15386=DIRECTION('ref_axis',(-1.,-5.84343308173005E-17,0.));
#15387=DIRECTION('',(0.,0.,1.));
#15388=DIRECTION('center_axis',(0.,0.,1.));
#15389=DIRECTION('ref_axis',(0.,1.,0.));
#15390=DIRECTION('',(0.,0.,1.));
#15391=DIRECTION('center_axis',(-0.000612102859639904,0.999999812665027,
0.));
#15392=DIRECTION('ref_axis',(-0.999999812665027,-0.000612102859639904,0.));
#15393=DIRECTION('',(0.,0.,1.));
#15394=DIRECTION('center_axis',(0.,0.,1.));
#15395=DIRECTION('ref_axis',(-0.000612102859612778,0.999999812665027,0.));
#15396=DIRECTION('',(0.,0.,1.));
#15397=DIRECTION('center_axis',(-0.00102031155886384,0.999999479482026,
0.));
#15398=DIRECTION('ref_axis',(-0.999999479482026,-0.00102031155886384,0.));
#15399=DIRECTION('center_axis',(0.,0.,1.));
#15400=DIRECTION('ref_axis',(-3.76043282534327E-15,1.,0.));
#15401=DIRECTION('center_axis',(0.,0.,-1.));
#15402=DIRECTION('ref_axis',(1.,0.,0.));
#15403=DIRECTION('',(-1.,3.61383680655621E-9,0.));
#15404=DIRECTION('center_axis',(0.,0.,1.));
#15405=DIRECTION('ref_axis',(3.61383727175997E-9,1.,0.));
#15406=DIRECTION('',(0.000124514206197479,0.999999992248106,0.));
#15407=DIRECTION('center_axis',(0.,0.,1.));
#15408=DIRECTION('ref_axis',(0.999999992248106,-0.000124514206221804,0.));
#15409=DIRECTION('center_axis',(0.,0.,-1.));
#15410=DIRECTION('ref_axis',(1.,0.,0.));
#15411=DIRECTION('center_axis',(0.,0.,1.));
#15412=DIRECTION('ref_axis',(1.,0.,0.));
#15413=DIRECTION('center_axis',(0.,0.,-1.));
#15414=DIRECTION('ref_axis',(1.,0.,0.));
#15415=DIRECTION('center_axis',(0.,0.,1.));
#15416=DIRECTION('ref_axis',(1.,0.,0.));
#15417=DIRECTION('center_axis',(0.,0.,-1.));
#15418=DIRECTION('ref_axis',(1.,0.,0.));
#15419=DIRECTION('center_axis',(0.,0.,1.));
#15420=DIRECTION('ref_axis',(1.,0.,0.));
#15421=DIRECTION('center_axis',(0.,0.,-1.));
#15422=DIRECTION('ref_axis',(1.,0.,0.));
#15423=DIRECTION('center_axis',(0.,0.,1.));
#15424=DIRECTION('ref_axis',(1.,0.,0.));
#15425=DIRECTION('center_axis',(0.,0.,-1.));
#15426=DIRECTION('ref_axis',(1.,0.,0.));
#15427=DIRECTION('center_axis',(0.,0.,1.));
#15428=DIRECTION('ref_axis',(1.,0.,0.));
#15429=DIRECTION('center_axis',(0.,0.,-1.));
#15430=DIRECTION('ref_axis',(1.,0.,0.));
#15431=DIRECTION('center_axis',(0.,0.,1.));
#15432=DIRECTION('ref_axis',(1.,0.,0.));
#15433=DIRECTION('center_axis',(0.,0.,-1.));
#15434=DIRECTION('ref_axis',(1.,0.,0.));
#15435=DIRECTION('center_axis',(0.,0.,1.));
#15436=DIRECTION('ref_axis',(1.,0.,0.));
#15437=DIRECTION('center_axis',(0.,0.,1.));
#15438=DIRECTION('ref_axis',(0.00102031155886362,-0.999999479482026,0.));
#15439=DIRECTION('',(0.,0.,1.));
#15440=DIRECTION('center_axis',(0.,0.,1.));
#15441=DIRECTION('ref_axis',(0.00102031155886362,-0.999999479482026,0.));
#15442=DIRECTION('center_axis',(0.00102031155886382,-0.999999479482026,
0.));
#15443=DIRECTION('ref_axis',(0.999999479482026,0.00102031155886382,0.));
#15444=DIRECTION('',(0.,0.,-1.));
#15445=DIRECTION('',(0.999999479482026,0.00102031155886382,0.));
#15446=DIRECTION('',(0.999999479482026,0.00102031155886382,0.));
#15447=DIRECTION('center_axis',(-6.68814941610548E-17,-1.,0.));
#15448=DIRECTION('ref_axis',(1.,-6.68814941610548E-17,0.));
#15449=DIRECTION('',(1.,-6.68814941610548E-17,0.));
#15450=DIRECTION('',(0.,0.,-1.));
#15451=DIRECTION('',(1.,-6.68814941610548E-17,0.));
#15452=DIRECTION('',(0.,0.,-1.));
#15453=DIRECTION('center_axis',(0.,0.,1.));
#15454=DIRECTION('ref_axis',(0.7071237521786,0.707089809787171,0.));
#15455=DIRECTION('center_axis',(0.,0.,-1.));
#15456=DIRECTION('ref_axis',(0.7071237521786,0.707089809787171,0.));
#15457=DIRECTION('',(0.,0.,1.));
#15458=DIRECTION('center_axis',(0.,0.,1.));
#15459=DIRECTION('ref_axis',(0.7071237521786,0.707089809787171,0.));
#15460=DIRECTION('center_axis',(-0.999999998847914,4.80017902752423E-5,
0.));
#15461=DIRECTION('ref_axis',(-4.80017902752423E-5,-0.999999998847914,0.));
#15462=DIRECTION('',(-4.80017902752423E-5,-0.999999998847914,0.));
#15463=DIRECTION('',(0.,0.,-1.));
#15464=DIRECTION('',(-4.80017902752423E-5,-0.999999998847914,0.));
#15465=DIRECTION('center_axis',(0.000612102859639923,-0.999999812665027,
0.));
#15466=DIRECTION('ref_axis',(0.999999812665027,0.000612102859639923,0.));
#15467=DIRECTION('',(0.999999812665027,0.000612102859639923,0.));
#15468=DIRECTION('',(0.,0.,-1.));
#15469=DIRECTION('',(0.999999812665027,0.000612102859639923,0.));
#15470=DIRECTION('',(0.,0.,-1.));
#15471=DIRECTION('center_axis',(-0.807971748813695,0.589221225957568,0.));
#15472=DIRECTION('ref_axis',(-0.589221225957568,-0.807971748813695,0.));
#15473=DIRECTION('',(-0.589221225957568,-0.807971748813695,0.));
#15474=DIRECTION('',(0.,0.,-1.));
#15475=DIRECTION('',(-0.589221225957568,-0.807971748813695,0.));
#15476=DIRECTION('',(0.,0.,-1.));
#15477=DIRECTION('center_axis',(0.,1.,0.));
#15478=DIRECTION('ref_axis',(-1.,0.,0.));
#15479=DIRECTION('',(0.,0.,-1.));
#15480=DIRECTION('',(-1.,0.,0.));
#15481=DIRECTION('',(0.,0.,-1.));
#15482=DIRECTION('',(-1.,0.,0.));
#15483=DIRECTION('',(-1.,0.,0.));
#15484=DIRECTION('center_axis',(0.,0.,-1.));
#15485=DIRECTION('ref_axis',(-1.,0.,0.));
#15486=DIRECTION('center_axis',(0.,0.,-1.));
#15487=DIRECTION('ref_axis',(-1.,0.,0.));
#15488=DIRECTION('',(0.70710678118654,8.65956056235483E-17,-0.707106781186555));
#15489=DIRECTION('center_axis',(0.,0.,1.));
#15490=DIRECTION('ref_axis',(-1.,0.,0.));
#15491=DIRECTION('center_axis',(0.,0.,1.));
#15492=DIRECTION('ref_axis',(-1.,0.,0.));
#15493=DIRECTION('center_axis',(0.,0.,1.));
#15494=DIRECTION('ref_axis',(-1.,0.,0.));
#15495=DIRECTION('center_axis',(0.,0.,1.));
#15496=DIRECTION('ref_axis',(-1.,0.,0.));
#15497=DIRECTION('',(0.,0.,-1.));
#15498=DIRECTION('center_axis',(0.,0.,1.));
#15499=DIRECTION('ref_axis',(-1.,0.,0.));
#15500=DIRECTION('center_axis',(0.,0.,1.));
#15501=DIRECTION('ref_axis',(-1.,0.,0.));
#15502=DIRECTION('',(-0.70710678118654,-8.65956056235484E-17,-0.707106781186555));
#15503=DIRECTION('center_axis',(0.,0.,-1.));
#15504=DIRECTION('ref_axis',(-1.,0.,0.));
#15505=DIRECTION('center_axis',(0.,0.,-1.));
#15506=DIRECTION('ref_axis',(-1.,0.,0.));
#15507=DIRECTION('',(0.,0.,-1.));
#15508=DIRECTION('center_axis',(0.,0.,-1.));
#15509=DIRECTION('ref_axis',(-1.,0.,0.));
#15510=DIRECTION('center_axis',(0.,0.,-1.));
#15511=DIRECTION('ref_axis',(-1.,0.,0.));
#15512=DIRECTION('',(0.707106781186547,8.65956056235493E-17,-0.707106781186547));
#15513=DIRECTION('center_axis',(0.,0.,1.));
#15514=DIRECTION('ref_axis',(-1.,0.,0.));
#15515=DIRECTION('center_axis',(0.,0.,1.));
#15516=DIRECTION('ref_axis',(-1.,0.,0.));
#15517=DIRECTION('center_axis',(0.,0.,1.));
#15518=DIRECTION('ref_axis',(-1.,0.,0.));
#15519=DIRECTION('center_axis',(0.,0.,1.));
#15520=DIRECTION('ref_axis',(-1.,0.,0.));
#15521=DIRECTION('',(0.,0.,-1.));
#15522=DIRECTION('center_axis',(0.,0.,1.));
#15523=DIRECTION('ref_axis',(-1.,0.,0.));
#15524=DIRECTION('center_axis',(0.,0.,1.));
#15525=DIRECTION('ref_axis',(-1.,0.,0.));
#15526=DIRECTION('',(-0.707106781186547,-8.65956056235493E-17,-0.707106781186547));
#15527=DIRECTION('center_axis',(0.,0.,-1.));
#15528=DIRECTION('ref_axis',(-1.,0.,0.));
#15529=DIRECTION('center_axis',(0.,0.,-1.));
#15530=DIRECTION('ref_axis',(-1.,0.,0.));
#15531=DIRECTION('',(0.,0.,-1.));
#15532=DIRECTION('center_axis',(0.,0.,-1.));
#15533=DIRECTION('ref_axis',(-1.,0.,0.));
#15534=DIRECTION('center_axis',(0.,0.,-1.));
#15535=DIRECTION('ref_axis',(-1.,0.,0.));
#15536=DIRECTION('',(0.70710678118654,8.65956056235483E-17,-0.707106781186555));
#15537=DIRECTION('center_axis',(0.,0.,1.));
#15538=DIRECTION('ref_axis',(-1.,0.,0.));
#15539=DIRECTION('center_axis',(0.,0.,1.));
#15540=DIRECTION('ref_axis',(-1.,0.,0.));
#15541=DIRECTION('center_axis',(0.,0.,1.));
#15542=DIRECTION('ref_axis',(-1.,0.,0.));
#15543=DIRECTION('center_axis',(0.,0.,1.));
#15544=DIRECTION('ref_axis',(-1.,0.,0.));
#15545=DIRECTION('',(0.,0.,-1.));
#15546=DIRECTION('center_axis',(0.,0.,1.));
#15547=DIRECTION('ref_axis',(-1.,0.,0.));
#15548=DIRECTION('center_axis',(0.,0.,1.));
#15549=DIRECTION('ref_axis',(-1.,0.,0.));
#15550=DIRECTION('',(-0.70710678118654,-8.65956056235484E-17,-0.707106781186555));
#15551=DIRECTION('center_axis',(0.,0.,-1.));
#15552=DIRECTION('ref_axis',(-1.,0.,0.));
#15553=DIRECTION('center_axis',(0.,0.,-1.));
#15554=DIRECTION('ref_axis',(-1.,0.,0.));
#15555=DIRECTION('',(0.,0.,-1.));
#15556=DIRECTION('center_axis',(0.,0.,1.));
#15557=DIRECTION('ref_axis',(-1.,0.,0.));
#15558=DIRECTION('center_axis',(0.,0.,1.));
#15559=DIRECTION('ref_axis',(-1.,0.,0.));
#15560=DIRECTION('',(-0.70710678118654,-8.65956056235484E-17,-0.707106781186555));
#15561=DIRECTION('center_axis',(0.,0.,-1.));
#15562=DIRECTION('ref_axis',(-1.,0.,0.));
#15563=DIRECTION('center_axis',(0.,0.,1.));
#15564=DIRECTION('ref_axis',(-1.,0.,0.));
#15565=DIRECTION('center_axis',(0.,0.,-1.));
#15566=DIRECTION('ref_axis',(-1.,0.,0.));
#15567=DIRECTION('center_axis',(0.,0.,-1.));
#15568=DIRECTION('ref_axis',(-1.,0.,0.));
#15569=DIRECTION('',(0.,0.,-1.));
#15570=DIRECTION('center_axis',(0.,0.,-1.));
#15571=DIRECTION('ref_axis',(-1.,0.,0.));
#15572=DIRECTION('',(0.70710678118654,8.65956056235483E-17,-0.707106781186555));
#15573=DIRECTION('center_axis',(0.,0.,1.));
#15574=DIRECTION('ref_axis',(-1.,0.,0.));
#15575=DIRECTION('center_axis',(0.,0.,1.));
#15576=DIRECTION('ref_axis',(-1.,0.,0.));
#15577=DIRECTION('',(0.,0.,-1.));
#15578=DIRECTION('center_axis',(0.,0.,1.));
#15579=DIRECTION('ref_axis',(-1.,0.,0.));
#15580=DIRECTION('center_axis',(0.,0.,-1.));
#15581=DIRECTION('ref_axis',(-1.,0.,0.));
#15582=DIRECTION('center_axis',(0.,0.,-1.));
#15583=DIRECTION('ref_axis',(-1.,0.,0.));
#15584=DIRECTION('',(0.70710678118654,8.65956056235483E-17,-0.707106781186555));
#15585=DIRECTION('center_axis',(0.,0.,1.));
#15586=DIRECTION('ref_axis',(-1.,0.,0.));
#15587=DIRECTION('center_axis',(0.,0.,1.));
#15588=DIRECTION('ref_axis',(-1.,0.,0.));
#15589=DIRECTION('center_axis',(0.,0.,1.));
#15590=DIRECTION('ref_axis',(-1.,0.,0.));
#15591=DIRECTION('center_axis',(0.,0.,1.));
#15592=DIRECTION('ref_axis',(-1.,0.,0.));
#15593=DIRECTION('',(0.,0.,-1.));
#15594=DIRECTION('center_axis',(0.,0.,1.));
#15595=DIRECTION('ref_axis',(-1.,0.,0.));
#15596=DIRECTION('center_axis',(0.,0.,1.));
#15597=DIRECTION('ref_axis',(-1.,0.,0.));
#15598=DIRECTION('',(-0.70710678118654,-8.65956056235484E-17,-0.707106781186555));
#15599=DIRECTION('center_axis',(0.,0.,-1.));
#15600=DIRECTION('ref_axis',(-1.,0.,0.));
#15601=DIRECTION('center_axis',(0.,0.,-1.));
#15602=DIRECTION('ref_axis',(-1.,0.,0.));
#15603=DIRECTION('',(0.,0.,-1.));
#15604=DIRECTION('center_axis',(0.,0.,-1.));
#15605=DIRECTION('ref_axis',(0.509868091837026,-0.860252596001006,0.));
#15606=DIRECTION('center_axis',(0.,0.,-1.));
#15607=DIRECTION('ref_axis',(0.509868091837026,-0.860252596001006,0.));
#15608=DIRECTION('center_axis',(0.,0.,1.));
#15609=DIRECTION('ref_axis',(0.509868091837026,-0.860252596001006,0.));
#15610=DIRECTION('center_axis',(0.,0.,1.));
#15611=DIRECTION('ref_axis',(-0.866025403784441,0.499999999999995,0.));
#15612=DIRECTION('',(0.,0.,1.));
#15613=DIRECTION('center_axis',(0.,0.,1.));
#15614=DIRECTION('ref_axis',(-0.866025403784441,0.499999999999995,0.));
#15615=DIRECTION('center_axis',(0.866025403784441,-0.499999999999995,0.));
#15616=DIRECTION('ref_axis',(0.499999999999995,0.866025403784442,0.));
#15617=DIRECTION('',(0.,0.,1.));
#15618=DIRECTION('',(-0.499999999999995,-0.866025403784442,0.));
#15619=DIRECTION('center_axis',(0.,0.,1.));
#15620=DIRECTION('ref_axis',(-0.500000000000002,0.866025403784437,0.));
#15621=DIRECTION('',(0.,0.,1.));
#15622=DIRECTION('center_axis',(0.,0.,1.));
#15623=DIRECTION('ref_axis',(-0.500000000000002,0.866025403784437,0.));
#15624=DIRECTION('center_axis',(0.,0.,-1.));
#15625=DIRECTION('ref_axis',(-0.500000000000002,0.866025403784437,0.));
#15626=DIRECTION('',(0.,0.,-1.));
#15627=DIRECTION('center_axis',(-0.86602540378444,0.499999999999998,0.));
#15628=DIRECTION('ref_axis',(-0.499999999999998,-0.86602540378444,0.));
#15629=DIRECTION('',(-0.499999999999998,-0.86602540378444,0.));
#15630=DIRECTION('',(0.499999999999998,0.86602540378444,0.));
#15631=DIRECTION('',(0.,0.,1.));
#15632=DIRECTION('center_axis',(0.,0.,-1.));
#15633=DIRECTION('ref_axis',(1.,0.,0.));
#15634=DIRECTION('center_axis',(0.,0.,1.));
#15635=DIRECTION('ref_axis',(0.000612102859709469,-0.999999812665027,0.));
#15636=DIRECTION('center_axis',(-6.84912225088103E-17,-1.,0.));
#15637=DIRECTION('ref_axis',(1.,-6.84912225088103E-17,0.));
#15638=DIRECTION('',(1.,-6.84912225088103E-17,0.));
#15639=DIRECTION('',(0.,0.,-1.));
#15640=DIRECTION('',(1.,-6.84912225088103E-17,0.));
#15641=DIRECTION('',(0.,0.,-1.));
#15642=DIRECTION('',(1.,-6.84912225088103E-17,0.));
#15643=DIRECTION('center_axis',(0.,0.,1.));
#15644=DIRECTION('ref_axis',(0.866025403784441,-0.499999999999995,0.));
#15645=DIRECTION('',(0.,0.,1.));
#15646=DIRECTION('center_axis',(0.,0.,1.));
#15647=DIRECTION('ref_axis',(0.866025403784441,-0.499999999999995,0.));
#15648=DIRECTION('center_axis',(0.866025403784441,-0.499999999999995,0.));
#15649=DIRECTION('ref_axis',(0.499999999999995,0.866025403784442,0.));
#15650=DIRECTION('',(0.,0.,1.));
#15651=DIRECTION('',(-0.499999999999995,-0.866025403784442,0.));
#15652=DIRECTION('center_axis',(0.,0.,-1.));
#15653=DIRECTION('ref_axis',(-0.0917471858994234,-0.995782332580538,0.));
#15654=DIRECTION('',(0.,0.,1.));
#15655=DIRECTION('center_axis',(0.,0.,1.));
#15656=DIRECTION('ref_axis',(-0.0917471858994234,-0.995782332580538,0.));
#15657=DIRECTION('center_axis',(0.,0.,1.));
#15658=DIRECTION('ref_axis',(1.,0.,0.));
#15659=DIRECTION('center_axis',(0.,0.,1.));
#15660=DIRECTION('ref_axis',(1.,0.,0.));
#15661=DIRECTION('',(0.,0.,1.));
#15662=DIRECTION('center_axis',(0.,0.,1.));
#15663=DIRECTION('ref_axis',(-0.0917471858994351,0.995782332580537,0.));
#15664=DIRECTION('center_axis',(0.,0.,1.));
#15665=DIRECTION('ref_axis',(-0.0917471858994351,0.995782332580537,0.));
#15666=DIRECTION('',(0.,0.,-1.));
#15667=DIRECTION('center_axis',(0.,0.,-1.));
#15668=DIRECTION('ref_axis',(-0.0917471858994225,-0.995782332580538,0.));
#15669=DIRECTION('',(0.,0.,1.));
#15670=DIRECTION('center_axis',(0.,0.,1.));
#15671=DIRECTION('ref_axis',(-0.0917471858994225,-0.995782332580538,0.));
#15672=DIRECTION('center_axis',(0.,0.,1.));
#15673=DIRECTION('ref_axis',(0.707149637186575,0.707063922588967,0.));
#15674=DIRECTION('center_axis',(0.,0.,1.));
#15675=DIRECTION('ref_axis',(0.707149637186575,0.707063922588967,0.));
#15676=DIRECTION('',(0.,0.,-1.));
#15677=DIRECTION('center_axis',(0.,0.,1.));
#15678=DIRECTION('ref_axis',(0.707149637186579,0.707063922588962,0.));
#15679=DIRECTION('center_axis',(0.,0.,1.));
#15680=DIRECTION('ref_axis',(0.707149637186579,0.707063922588962,0.));
#15681=DIRECTION('',(0.,0.,-1.));
#15682=DIRECTION('center_axis',(0.,0.,1.));
#15683=DIRECTION('ref_axis',(-0.86602540378444,0.499999999999997,0.));
#15684=DIRECTION('',(0.,0.,1.));
#15685=DIRECTION('center_axis',(0.,0.,1.));
#15686=DIRECTION('ref_axis',(-0.86602540378444,0.499999999999997,0.));
#15687=DIRECTION('center_axis',(-0.86602540378444,0.499999999999997,0.));
#15688=DIRECTION('ref_axis',(-0.499999999999997,-0.86602540378444,0.));
#15689=DIRECTION('',(0.,0.,1.));
#15690=DIRECTION('',(0.499999999999997,0.86602540378444,0.));
#15691=DIRECTION('center_axis',(0.,0.,-1.));
#15692=DIRECTION('ref_axis',(-0.027697191343825,-0.999616359205702,0.));
#15693=DIRECTION('',(0.,0.,1.));
#15694=DIRECTION('center_axis',(0.,0.,1.));
#15695=DIRECTION('ref_axis',(-0.027697191343825,-0.999616359205702,0.));
#15696=DIRECTION('',(0.,0.,-1.));
#15697=DIRECTION('center_axis',(0.,0.,1.));
#15698=DIRECTION('ref_axis',(3.94745964311164E-15,1.,0.));
#15699=DIRECTION('center_axis',(0.,0.,-1.));
#15700=DIRECTION('ref_axis',(3.94745964311164E-15,1.,0.));
#15701=DIRECTION('',(0.,0.,1.));
#15702=DIRECTION('center_axis',(0.,0.,1.));
#15703=DIRECTION('ref_axis',(-0.866025403784442,0.499999999999994,0.));
#15704=DIRECTION('center_axis',(0.,0.,1.));
#15705=DIRECTION('ref_axis',(-0.866025403784442,0.499999999999994,0.));
#15706=DIRECTION('',(0.,0.,-1.));
#15707=DIRECTION('center_axis',(0.,0.,1.));
#15708=DIRECTION('ref_axis',(-0.901915794772077,0.431911911320645,0.));
#15709=DIRECTION('',(0.,0.,1.));
#15710=DIRECTION('center_axis',(0.,0.,1.));
#15711=DIRECTION('ref_axis',(-0.901915794772077,0.431911911320645,0.));
#15712=DIRECTION('',(0.,0.,-1.));
#15713=DIRECTION('center_axis',(0.,0.,1.));
#15714=DIRECTION('ref_axis',(0.866025403784439,0.499999999999999,0.));
#15715=DIRECTION('',(0.,0.,1.));
#15716=DIRECTION('center_axis',(0.,0.,-1.));
#15717=DIRECTION('ref_axis',(0.866025403784439,0.499999999999999,0.));
#15718=DIRECTION('center_axis',(0.,0.,-1.));
#15719=DIRECTION('ref_axis',(0.941967913703863,0.335702918593794,0.));
#15720=DIRECTION('center_axis',(0.,0.,1.));
#15721=DIRECTION('ref_axis',(0.941967913703863,0.335702918593794,0.));
#15722=DIRECTION('',(0.,0.,-1.));
#15723=DIRECTION('center_axis',(0.,0.,1.));
#15724=DIRECTION('ref_axis',(1.,0.,0.));
#15725=DIRECTION('center_axis',(0.,0.,1.));
#15726=DIRECTION('ref_axis',(1.,0.,0.));
#15727=DIRECTION('',(0.,0.,1.));
#15728=DIRECTION('center_axis',(0.,0.,1.));
#15729=DIRECTION('ref_axis',(0.989901930899589,0.141753896599939,0.));
#15730=DIRECTION('center_axis',(0.,0.,1.));
#15731=DIRECTION('ref_axis',(0.989901930899589,0.141753896599939,0.));
#15732=DIRECTION('',(0.,0.,-1.));
#15733=DIRECTION('center_axis',(-0.500381154360501,0.865805232347814,0.));
#15734=DIRECTION('ref_axis',(-0.865805232347814,-0.500381154360501,0.));
#15735=DIRECTION('',(-0.865805232347814,-0.500381154360501,0.));
#15736=DIRECTION('',(-0.865805232347814,-0.500381154360501,0.));
#15737=DIRECTION('',(0.,0.,-1.));
#15738=DIRECTION('center_axis',(0.,0.,1.));
#15739=DIRECTION('ref_axis',(-0.758243996721844,-0.651970890021391,0.));
#15740=DIRECTION('',(0.,0.,1.));
#15741=DIRECTION('center_axis',(0.,0.,1.));
#15742=DIRECTION('ref_axis',(-0.758243996721844,-0.651970890021391,0.));
#15743=DIRECTION('',(0.,0.,-1.));
#15744=DIRECTION('center_axis',(0.,0.,1.));
#15745=DIRECTION('ref_axis',(-0.866025403784442,-0.499999999999994,0.));
#15746=DIRECTION('',(0.,0.,1.));
#15747=DIRECTION('center_axis',(0.,0.,-1.));
#15748=DIRECTION('ref_axis',(-0.866025403784442,-0.499999999999994,0.));
#15749=DIRECTION('center_axis',(0.,0.,-1.));
#15750=DIRECTION('ref_axis',(-2.22044604925031E-15,1.,0.));
#15751=DIRECTION('',(0.,0.,1.));
#15752=DIRECTION('center_axis',(0.,0.,1.));
#15753=DIRECTION('ref_axis',(-2.22044604925031E-15,1.,0.));
#15754=DIRECTION('center_axis',(-0.866025403784439,0.5,0.));
#15755=DIRECTION('ref_axis',(-0.5,-0.866025403784439,0.));
#15756=DIRECTION('',(0.,0.,1.));
#15757=DIRECTION('',(0.5,0.866025403784439,0.));
#15758=DIRECTION('center_axis',(0.,0.,1.));
#15759=DIRECTION('ref_axis',(-0.707109012633077,0.707104549732976,0.));
#15760=DIRECTION('',(0.,0.,1.));
#15761=DIRECTION('center_axis',(0.,0.,1.));
#15762=DIRECTION('ref_axis',(-0.707109012633077,0.707104549732976,0.));
#15763=DIRECTION('center_axis',(-4.39491298330895E-15,1.,0.));
#15764=DIRECTION('ref_axis',(-1.,-4.39491298330895E-15,0.));
#15765=DIRECTION('',(0.,0.,1.));
#15766=DIRECTION('',(1.,4.39491298330895E-15,0.));
#15767=DIRECTION('center_axis',(0.,0.,1.));
#15768=DIRECTION('ref_axis',(-0.707104549732976,-0.707109012633077,0.));
#15769=DIRECTION('center_axis',(0.,0.,1.));
#15770=DIRECTION('ref_axis',(-0.707104549732976,-0.707109012633077,0.));
#15771=DIRECTION('',(0.,0.,-1.));
#15772=DIRECTION('center_axis',(0.,0.,1.));
#15773=DIRECTION('ref_axis',(-0.707104549732973,-0.70710901263308,0.));
#15774=DIRECTION('center_axis',(0.,0.,1.));
#15775=DIRECTION('ref_axis',(-0.707104549732973,-0.70710901263308,0.));
#15776=DIRECTION('',(0.,0.,-1.));
#15777=DIRECTION('center_axis',(-0.999999999980083,-6.31149385199592E-6,
0.));
#15778=DIRECTION('ref_axis',(4.46290010216352E-6,-0.707106781172464,-0.707106781186547));
#15779=DIRECTION('',(-0.999999999980082,-6.31149385199592E-6,0.));
#15780=DIRECTION('center_axis',(0.,0.,-1.));
#15781=DIRECTION('ref_axis',(-1.,0.,0.));
#15782=DIRECTION('center_axis',(0.,0.,-1.));
#15783=DIRECTION('ref_axis',(3.94745964311164E-15,1.,0.));
#15784=DIRECTION('',(0.500000000000002,-0.866025403784438,0.));
#15785=DIRECTION('center_axis',(0.,0.,-1.));
#15786=DIRECTION('ref_axis',(0.86602540378444,0.499999999999998,0.));
#15787=DIRECTION('center_axis',(0.,0.,1.));
#15788=DIRECTION('ref_axis',(-0.129000711829821,0.991644500991862,0.));
#15789=DIRECTION('center_axis',(0.,0.,-1.));
#15790=DIRECTION('ref_axis',(-0.866025403784442,-0.499999999999994,0.));
#15791=DIRECTION('',(0.5,0.866025403784438,0.));
#15792=DIRECTION('center_axis',(0.,0.,-1.));
#15793=DIRECTION('ref_axis',(-0.86602540378444,0.499999999999998,0.));
#15794=DIRECTION('',(1.,2.19767164158122E-15,0.));
#15795=DIRECTION('center_axis',(0.,0.,-1.));
#15796=DIRECTION('ref_axis',(0.,1.,0.));
#15797=DIRECTION('',(0.500000000000002,-0.866025403784437,0.));
#15798=DIRECTION('center_axis',(0.,0.,1.));
#15799=DIRECTION('ref_axis',(0.,1.,0.));
#15800=DIRECTION('center_axis',(0.,0.,-1.));
#15801=DIRECTION('ref_axis',(-0.86602540378444,0.499999999999997,0.));
#15802=DIRECTION('center_axis',(0.,0.,-1.));
#15803=DIRECTION('ref_axis',(0.866025403784443,-0.499999999999992,0.));
#15804=DIRECTION('',(-1.,-1.09872824582724E-15,0.));
#15805=DIRECTION('center_axis',(0.,0.,-1.));
#15806=DIRECTION('ref_axis',(-1.18423789293348E-14,-1.,0.));
#15807=DIRECTION('center_axis',(0.,0.,1.));
#15808=DIRECTION('ref_axis',(-0.999999998847914,4.8001790303731E-5,0.));
#15809=DIRECTION('center_axis',(0.,0.,1.));
#15810=DIRECTION('ref_axis',(-0.99804976434367,-0.0624232960804251,0.));
#15811=DIRECTION('center_axis',(0.,0.,-1.));
#15812=DIRECTION('ref_axis',(-1.18423789293348E-14,-1.,0.));
#15813=DIRECTION('',(-0.499999999999999,0.866025403784439,0.));
#15814=DIRECTION('center_axis',(0.,0.,-1.));
#15815=DIRECTION('ref_axis',(-0.866025403784442,-0.499999999999994,0.));
#15816=DIRECTION('center_axis',(0.,0.,1.));
#15817=DIRECTION('ref_axis',(0.000612102859709469,-0.999999812665027,0.));
#15818=DIRECTION('',(0.000138947884901998,0.999999990346743,0.));
#15819=DIRECTION('center_axis',(0.,0.,1.));
#15820=DIRECTION('ref_axis',(0.00102031155888581,-0.999999479482026,0.));
#15821=DIRECTION('',(-0.499999999999995,-0.866025403784442,0.));
#15822=DIRECTION('',(0.,-1.,0.));
#15823=DIRECTION('',(0.,1.,0.));
#15824=DIRECTION('',(0.999999999980082,6.31149385199592E-6,0.));
#15825=DIRECTION('center_axis',(0.,0.,-1.));
#15826=DIRECTION('ref_axis',(-0.866025403784439,0.5,0.));
#15827=DIRECTION('',(1.,2.19767164158122E-15,0.));
#15828=DIRECTION('center_axis',(0.,0.,-1.));
#15829=DIRECTION('ref_axis',(0.,1.,0.));
#15830=DIRECTION('center_axis',(0.,0.,-1.));
#15831=DIRECTION('ref_axis',(7.89491928622341E-15,-1.,0.));
#15832=DIRECTION('',(-0.500000000000001,0.866025403784438,0.));
#15833=DIRECTION('center_axis',(0.,0.,-1.));
#15834=DIRECTION('ref_axis',(-0.866025403784442,-0.499999999999995,0.));
#15835=DIRECTION('',(0.500000000000004,0.866025403784436,0.));
#15836=DIRECTION('center_axis',(0.,0.,-1.));
#15837=DIRECTION('ref_axis',(-0.866025403784438,0.500000000000001,0.));
#15838=DIRECTION('center_axis',(0.,0.,-1.));
#15839=DIRECTION('ref_axis',(0.866025403784447,0.499999999999985,0.));
#15840=DIRECTION('',(-0.499999999999999,-0.866025403784439,0.));
#15841=DIRECTION('center_axis',(0.,0.,-1.));
#15842=DIRECTION('ref_axis',(0.866025403784437,-0.500000000000004,0.));
#15843=DIRECTION('',(-1.,-2.19767164158123E-15,0.));
#15844=DIRECTION('center_axis',(0.,0.,-1.));
#15845=DIRECTION('ref_axis',(0.,-1.,0.));
#15846=DIRECTION('',(-0.500000000000005,0.866025403784436,0.));
#15847=DIRECTION('center_axis',(0.,0.,-1.));
#15848=DIRECTION('ref_axis',(-0.86602540378444,0.499999999999997,0.));
#15849=DIRECTION('',(1.,4.39491298330895E-15,0.));
#15850=DIRECTION('center_axis',(0.,0.,-1.));
#15851=DIRECTION('ref_axis',(3.94745964311164E-15,1.,0.));
#15852=DIRECTION('',(0.500000000000002,-0.866025403784438,0.));
#15853=DIRECTION('center_axis',(0.,0.,-1.));
#15854=DIRECTION('ref_axis',(0.86602540378444,0.499999999999998,0.));
#15855=DIRECTION('',(-0.499999999999995,-0.866025403784442,0.));
#15856=DIRECTION('',(-1.,-2.19767164158123E-15,0.));
#15857=DIRECTION('center_axis',(0.,0.,-1.));
#15858=DIRECTION('ref_axis',(0.,-1.,0.));
#15859=DIRECTION('',(-0.500000000000004,0.866025403784436,0.));
#15860=DIRECTION('center_axis',(0.,0.,-1.));
#15861=DIRECTION('ref_axis',(-0.866025403784442,-0.499999999999994,0.));
#15862=DIRECTION('',(0.5,0.866025403784438,0.));
#15863=DIRECTION('center_axis',(0.,0.,-1.));
#15864=DIRECTION('ref_axis',(-0.866025403784439,0.5,0.));
#15865=DIRECTION('center_axis',(0.,0.,-1.));
#15866=DIRECTION('ref_axis',(-0.866025403784442,-0.499999999999994,0.));
#15867=DIRECTION('',(0.499999999999998,0.86602540378444,0.));
#15868=DIRECTION('center_axis',(0.,0.,-1.));
#15869=DIRECTION('ref_axis',(-0.86602540378444,0.499999999999997,0.));
#15870=DIRECTION('',(1.,2.19745649165448E-15,0.));
#15871=DIRECTION('center_axis',(0.,0.,-1.));
#15872=DIRECTION('ref_axis',(0.86602540378444,0.499999999999998,0.));
#15873=DIRECTION('',(-0.499999999999995,-0.866025403784442,0.));
#15874=DIRECTION('center_axis',(0.,0.,-1.));
#15875=DIRECTION('ref_axis',(0.866025403784444,-0.499999999999991,0.));
#15876=DIRECTION('',(-1.,-2.19745649165448E-15,0.));
#15877=DIRECTION('center_axis',(0.,0.,-1.));
#15878=DIRECTION('ref_axis',(0.866025403784439,0.499999999999999,0.));
#15879=DIRECTION('',(-0.499999999999995,-0.866025403784442,0.));
#15880=DIRECTION('center_axis',(0.,0.,-1.));
#15881=DIRECTION('ref_axis',(0.866025403784443,-0.499999999999992,0.));
#15882=DIRECTION('',(-1.,-1.09872824582724E-15,0.));
#15883=DIRECTION('center_axis',(0.,0.,-1.));
#15884=DIRECTION('ref_axis',(-0.866025403784442,-0.499999999999994,0.));
#15885=DIRECTION('',(0.499999999999997,0.86602540378444,0.));
#15886=DIRECTION('center_axis',(0.,0.,-1.));
#15887=DIRECTION('ref_axis',(-0.86602540378444,0.499999999999997,0.));
#15888=DIRECTION('',(1.,4.39491298330895E-15,0.));
#15889=DIRECTION('center_axis',(0.,0.,-1.));
#15890=DIRECTION('ref_axis',(0.866025403784443,-0.499999999999992,0.));
#15891=DIRECTION('',(-1.,-1.09872824582724E-15,0.));
#15892=DIRECTION('center_axis',(0.,0.,-1.));
#15893=DIRECTION('ref_axis',(-1.18423789293348E-14,-1.,0.));
#15894=DIRECTION('',(-0.499999999999999,0.866025403784439,0.));
#15895=DIRECTION('center_axis',(0.,0.,-1.));
#15896=DIRECTION('ref_axis',(0.866025403784437,-0.500000000000004,0.));
#15897=DIRECTION('',(-1.,-2.19767164158123E-15,0.));
#15898=DIRECTION('center_axis',(0.,0.,-1.));
#15899=DIRECTION('ref_axis',(0.,-1.,0.));
#15900=DIRECTION('',(-0.500000000000005,0.866025403784436,0.));
#15901=DIRECTION('center_axis',(0.,0.,-1.));
#15902=DIRECTION('ref_axis',(-0.866025403784442,-0.499999999999994,0.));
#15903=DIRECTION('',(0.5,0.866025403784439,0.));
#15904=DIRECTION('center_axis',(0.,0.,-1.));
#15905=DIRECTION('ref_axis',(0.866025403784447,0.499999999999986,0.));
#15906=DIRECTION('',(-0.499999999999999,-0.866025403784439,0.));
#15907=DIRECTION('center_axis',(0.,0.,-1.));
#15908=DIRECTION('ref_axis',(0.866025403784437,-0.500000000000004,0.));
#15909=DIRECTION('',(-1.,-2.19767164158123E-15,0.));
#15910=DIRECTION('center_axis',(0.,0.,-1.));
#15911=DIRECTION('ref_axis',(0.,-1.,0.));
#15912=DIRECTION('',(-0.500000000000005,0.866025403784436,0.));
#15913=DIRECTION('',(-0.500000000000005,0.866025403784436,0.));
#15914=DIRECTION('center_axis',(0.,0.,-1.));
#15915=DIRECTION('ref_axis',(-0.866025403784442,-0.499999999999994,0.));
#15916=DIRECTION('',(0.5,0.866025403784439,0.));
#15917=DIRECTION('center_axis',(0.,0.,-1.));
#15918=DIRECTION('ref_axis',(-0.866025403784439,0.499999999999999,0.));
#15919=DIRECTION('',(1.,2.19767164158122E-15,0.));
#15920=DIRECTION('center_axis',(0.,0.,-1.));
#15921=DIRECTION('ref_axis',(0.,-1.,0.));
#15922=DIRECTION('center_axis',(0.,0.,-1.));
#15923=DIRECTION('ref_axis',(0.866025403784441,0.499999999999996,0.));
#15924=DIRECTION('',(-0.499999999999999,-0.866025403784439,0.));
#15925=DIRECTION('center_axis',(0.,0.,-1.));
#15926=DIRECTION('ref_axis',(0.866025403784435,-0.500000000000006,0.));
#15927=DIRECTION('',(-1.,4.39534328316244E-15,0.));
#15928=DIRECTION('center_axis',(0.,0.,-1.));
#15929=DIRECTION('ref_axis',(7.89491928622341E-15,-1.,0.));
#15930=DIRECTION('',(-0.500000000000001,0.866025403784438,0.));
#15931=DIRECTION('center_axis',(0.,0.,-1.));
#15932=DIRECTION('ref_axis',(-0.866025403784441,-0.499999999999996,0.));
#15933=DIRECTION('center_axis',(0.,0.,-1.));
#15934=DIRECTION('ref_axis',(-1.18423789293349E-14,-1.,0.));
#15935=DIRECTION('',(-0.499999999999999,0.866025403784439,0.));
#15936=DIRECTION('center_axis',(0.,0.,-1.));
#15937=DIRECTION('ref_axis',(-0.866025403784442,-0.499999999999994,0.));
#15938=DIRECTION('',(0.499999999999997,0.86602540378444,0.));
#15939=DIRECTION('center_axis',(0.,0.,-1.));
#15940=DIRECTION('ref_axis',(-0.86602540378444,0.499999999999997,0.));
#15941=DIRECTION('',(1.,4.39491298330895E-15,0.));
#15942=DIRECTION('center_axis',(0.,0.,-1.));
#15943=DIRECTION('ref_axis',(-0.866025403784442,-0.499999999999994,0.));
#15944=DIRECTION('',(0.5,0.866025403784439,0.));
#15945=DIRECTION('center_axis',(0.,0.,-1.));
#15946=DIRECTION('ref_axis',(-0.866025403784439,0.5,0.));
#15947=DIRECTION('',(1.,2.19767164158122E-15,0.));
#15948=DIRECTION('center_axis',(0.,0.,-1.));
#15949=DIRECTION('ref_axis',(0.,1.,0.));
#15950=DIRECTION('',(0.500000000000001,-0.866025403784438,0.));
#15951=DIRECTION('center_axis',(0.,0.,1.));
#15952=DIRECTION('ref_axis',(1.,0.,0.));
#15953=DIRECTION('',(0.499999999999997,0.86602540378444,0.));
#15954=DIRECTION('center_axis',(0.,0.,-1.));
#15955=DIRECTION('ref_axis',(-0.86602540378444,0.499999999999997,0.));
#15956=DIRECTION('center_axis',(0.,0.,-1.));
#15957=DIRECTION('ref_axis',(-0.866025403784442,-0.499999999999994,0.));
#15958=DIRECTION('',(0.5,0.866025403784439,0.));
#15959=DIRECTION('center_axis',(0.,0.,-1.));
#15960=DIRECTION('ref_axis',(-0.866025403784439,0.499999999999999,0.));
#15961=DIRECTION('',(1.,2.19767164158122E-15,0.));
#15962=DIRECTION('center_axis',(0.,0.,-1.));
#15963=DIRECTION('ref_axis',(0.,1.,0.));
#15964=DIRECTION('',(0.500000000000002,-0.866025403784438,0.));
#15965=DIRECTION('center_axis',(0.,0.,-1.));
#15966=DIRECTION('ref_axis',(0.866025403784435,-0.500000000000006,0.));
#15967=DIRECTION('',(-1.,4.39534328316244E-15,0.));
#15968=DIRECTION('center_axis',(0.,0.,-1.));
#15969=DIRECTION('ref_axis',(7.89491928622341E-15,-1.,0.));
#15970=DIRECTION('',(-0.500000000000001,0.866025403784438,0.));
#15971=DIRECTION('center_axis',(0.,0.,-1.));
#15972=DIRECTION('ref_axis',(-0.866025403784442,-0.499999999999995,0.));
#15973=DIRECTION('',(0.500000000000004,0.866025403784436,0.));
#15974=DIRECTION('',(0.500000000000004,0.866025403784436,0.));
#15975=DIRECTION('center_axis',(0.,0.,-1.));
#15976=DIRECTION('ref_axis',(-0.866025403784438,0.500000000000001,0.));
#15977=DIRECTION('',(1.,1.09883582079061E-15,0.));
#15978=DIRECTION('center_axis',(0.,0.,-1.));
#15979=DIRECTION('ref_axis',(3.94745964311162E-15,1.,0.));
#15980=DIRECTION('',(0.500000000000002,-0.866025403784438,0.));
#15981=DIRECTION('center_axis',(0.,0.,-1.));
#15982=DIRECTION('ref_axis',(0.866025403784442,0.499999999999995,0.));
#15983=DIRECTION('',(-0.499999999999999,-0.866025403784439,0.));
#15984=DIRECTION('center_axis',(0.,0.,-1.));
#15985=DIRECTION('ref_axis',(-0.86602540378444,0.499999999999997,0.));
#15986=DIRECTION('',(1.,4.39491298330895E-15,0.));
#15987=DIRECTION('center_axis',(0.,0.,1.));
#15988=DIRECTION('ref_axis',(1.,0.,0.));
#15989=DIRECTION('center_axis',(0.,0.,-1.));
#15990=DIRECTION('ref_axis',(-1.18423789293348E-14,-1.,0.));
#15991=DIRECTION('',(-0.499999999999999,0.866025403784439,0.));
#15992=DIRECTION('center_axis',(0.,0.,-1.));
#15993=DIRECTION('ref_axis',(-0.866025403784442,-0.499999999999994,0.));
#15994=DIRECTION('',(0.499999999999998,0.86602540378444,0.));
#15995=DIRECTION('center_axis',(0.,0.,-1.));
#15996=DIRECTION('ref_axis',(-0.86602540378444,0.499999999999997,0.));
#15997=DIRECTION('',(1.,2.19745649165448E-15,0.));
#15998=DIRECTION('center_axis',(0.,0.,-1.));
#15999=DIRECTION('ref_axis',(-0.866025403784442,-0.499999999999994,0.));
#16000=DIRECTION('',(0.499999999999997,0.86602540378444,0.));
#16001=DIRECTION('center_axis',(0.,0.,-1.));
#16002=DIRECTION('ref_axis',(-0.86602540378444,0.499999999999997,0.));
#16003=DIRECTION('',(1.,4.39491298330895E-15,0.));
#16004=DIRECTION('center_axis',(0.,0.,-1.));
#16005=DIRECTION('ref_axis',(3.94745964311164E-15,1.,0.));
#16006=DIRECTION('',(0.500000000000002,-0.866025403784438,0.));
#16007=DIRECTION('center_axis',(0.,0.,-1.));
#16008=DIRECTION('ref_axis',(-0.866025403784442,-0.499999999999994,0.));
#16009=DIRECTION('',(0.499999999999998,0.86602540378444,0.));
#16010=DIRECTION('center_axis',(0.,0.,-1.));
#16011=DIRECTION('ref_axis',(-0.86602540378444,0.499999999999997,0.));
#16012=DIRECTION('',(1.,2.19745649165448E-15,0.));
#16013=DIRECTION('center_axis',(0.,0.,-1.));
#16014=DIRECTION('ref_axis',(3.94745964311164E-15,1.,0.));
#16015=DIRECTION('',(0.500000000000002,-0.866025403784438,0.));
#16016=DIRECTION('center_axis',(0.,0.,1.));
#16017=DIRECTION('ref_axis',(-1.,0.,0.));
#16018=DIRECTION('center_axis',(0.,0.,1.));
#16019=DIRECTION('ref_axis',(0.,1.,0.));
#16020=DIRECTION('center_axis',(0.,0.,1.));
#16021=DIRECTION('ref_axis',(-0.129000711829821,0.991644500991862,0.));
#16022=DIRECTION('center_axis',(0.,0.,1.));
#16023=DIRECTION('ref_axis',(-0.866025403784438,0.500000000000001,0.));
#16024=DIRECTION('',(0.,0.,1.));
#16025=DIRECTION('center_axis',(0.,0.,1.));
#16026=DIRECTION('ref_axis',(-0.86602540378444,0.499999999999997,0.));
#16027=DIRECTION('',(0.,0.,1.));
#16028=DIRECTION('center_axis',(-4.39491298330895E-15,1.,0.));
#16029=DIRECTION('ref_axis',(-1.,-4.39491298330895E-15,0.));
#16030=DIRECTION('',(0.,0.,1.));
#16031=DIRECTION('center_axis',(0.,0.,1.));
#16032=DIRECTION('ref_axis',(3.94745964311164E-15,1.,0.));
#16033=DIRECTION('',(0.,0.,1.));
#16034=DIRECTION('center_axis',(0.866025403784438,0.500000000000002,0.));
#16035=DIRECTION('ref_axis',(-0.500000000000002,0.866025403784438,0.));
#16036=DIRECTION('',(0.,0.,1.));
#16037=DIRECTION('center_axis',(0.,0.,1.));
#16038=DIRECTION('ref_axis',(0.86602540378444,0.499999999999998,0.));
#16039=DIRECTION('',(0.,0.,1.));
#16040=DIRECTION('center_axis',(0.866025403784441,-0.499999999999995,0.));
#16041=DIRECTION('ref_axis',(0.499999999999995,0.866025403784442,0.));
#16042=DIRECTION('center_axis',(2.19767164158123E-15,-1.,0.));
#16043=DIRECTION('ref_axis',(1.,2.19767164158123E-15,0.));
#16044=DIRECTION('',(0.,0.,1.));
#16045=DIRECTION('center_axis',(0.,0.,1.));
#16046=DIRECTION('ref_axis',(0.,-1.,0.));
#16047=DIRECTION('',(0.,0.,1.));
#16048=DIRECTION('center_axis',(-0.866025403784436,-0.500000000000005,0.));
#16049=DIRECTION('ref_axis',(0.500000000000005,-0.866025403784436,0.));
#16050=DIRECTION('',(0.,0.,1.));
#16051=DIRECTION('center_axis',(0.,0.,1.));
#16052=DIRECTION('ref_axis',(-0.866025403784442,-0.499999999999994,0.));
#16053=DIRECTION('',(0.,0.,1.));
#16054=DIRECTION('center_axis',(-0.866025403784439,0.5,0.));
#16055=DIRECTION('ref_axis',(-0.5,-0.866025403784439,0.));
#16056=DIRECTION('',(0.,0.,1.));
#16057=DIRECTION('center_axis',(0.,0.,1.));
#16058=DIRECTION('ref_axis',(-0.866025403784439,0.5,0.));
#16059=DIRECTION('center_axis',(0.,0.,1.));
#16060=DIRECTION('ref_axis',(-0.86602540378444,0.499999999999997,0.));
#16061=DIRECTION('center_axis',(0.,0.,1.));
#16062=DIRECTION('ref_axis',(-0.866025403784442,-0.499999999999994,0.));
#16063=DIRECTION('',(0.,0.,1.));
#16064=DIRECTION('center_axis',(-0.86602540378444,0.499999999999998,0.));
#16065=DIRECTION('ref_axis',(-0.499999999999998,-0.86602540378444,0.));
#16066=DIRECTION('',(0.,0.,1.));
#16067=DIRECTION('center_axis',(0.,0.,1.));
#16068=DIRECTION('ref_axis',(-0.86602540378444,0.499999999999997,0.));
#16069=DIRECTION('',(0.,0.,1.));
#16070=DIRECTION('center_axis',(-2.19745649165448E-15,1.,0.));
#16071=DIRECTION('ref_axis',(-1.,-2.19745649165448E-15,0.));
#16072=DIRECTION('center_axis',(0.,0.,1.));
#16073=DIRECTION('ref_axis',(0.86602540378444,0.499999999999998,0.));
#16074=DIRECTION('',(0.,0.,1.));
#16075=DIRECTION('center_axis',(0.866025403784441,-0.499999999999995,0.));
#16076=DIRECTION('ref_axis',(0.499999999999995,0.866025403784442,0.));
#16077=DIRECTION('',(0.,0.,1.));
#16078=DIRECTION('center_axis',(0.,0.,1.));
#16079=DIRECTION('ref_axis',(0.866025403784444,-0.499999999999991,0.));
#16080=DIRECTION('',(0.,0.,1.));
#16081=DIRECTION('center_axis',(2.19745649165448E-15,-1.,0.));
#16082=DIRECTION('ref_axis',(1.,2.19745649165448E-15,0.));
#16083=DIRECTION('center_axis',(0.,0.,1.));
#16084=DIRECTION('ref_axis',(0.866025403784439,0.499999999999999,0.));
#16085=DIRECTION('',(0.,0.,1.));
#16086=DIRECTION('center_axis',(0.866025403784441,-0.499999999999995,0.));
#16087=DIRECTION('ref_axis',(0.499999999999995,0.866025403784442,0.));
#16088=DIRECTION('',(0.,0.,1.));
#16089=DIRECTION('center_axis',(0.,0.,1.));
#16090=DIRECTION('ref_axis',(0.866025403784443,-0.499999999999992,0.));
#16091=DIRECTION('',(0.,0.,1.));
#16092=DIRECTION('center_axis',(1.09872824582724E-15,-1.,0.));
#16093=DIRECTION('ref_axis',(1.,1.09872824582724E-15,0.));
#16094=DIRECTION('center_axis',(0.,0.,1.));
#16095=DIRECTION('ref_axis',(-0.866025403784442,-0.499999999999994,0.));
#16096=DIRECTION('',(0.,0.,1.));
#16097=DIRECTION('center_axis',(-0.86602540378444,0.499999999999997,0.));
#16098=DIRECTION('ref_axis',(-0.499999999999997,-0.86602540378444,0.));
#16099=DIRECTION('',(0.,0.,1.));
#16100=DIRECTION('center_axis',(0.,0.,1.));
#16101=DIRECTION('ref_axis',(-0.86602540378444,0.499999999999997,0.));
#16102=DIRECTION('',(0.,0.,1.));
#16103=DIRECTION('center_axis',(-4.39491298330895E-15,1.,0.));
#16104=DIRECTION('ref_axis',(-1.,-4.39491298330895E-15,0.));
#16105=DIRECTION('center_axis',(0.,0.,1.));
#16106=DIRECTION('ref_axis',(0.866025403784443,-0.499999999999992,0.));
#16107=DIRECTION('',(0.,0.,1.));
#16108=DIRECTION('center_axis',(1.09872824582724E-15,-1.,0.));
#16109=DIRECTION('ref_axis',(1.,1.09872824582724E-15,0.));
#16110=DIRECTION('',(0.,0.,1.));
#16111=DIRECTION('center_axis',(0.,0.,1.));
#16112=DIRECTION('ref_axis',(-1.18423789293348E-14,-1.,0.));
#16113=DIRECTION('',(0.,0.,1.));
#16114=DIRECTION('center_axis',(-0.866025403784439,-0.499999999999999,0.));
#16115=DIRECTION('ref_axis',(0.499999999999999,-0.866025403784439,0.));
#16116=DIRECTION('center_axis',(0.,0.,1.));
#16117=DIRECTION('ref_axis',(-0.866025403784442,-0.499999999999994,0.));
#16118=DIRECTION('',(0.,0.,1.));
#16119=DIRECTION('center_axis',(-0.866025403784439,0.5,0.));
#16120=DIRECTION('ref_axis',(-0.5,-0.866025403784439,0.));
#16121=DIRECTION('',(0.,0.,1.));
#16122=DIRECTION('center_axis',(0.,0.,1.));
#16123=DIRECTION('ref_axis',(-0.86602540378444,0.499999999999998,0.));
#16124=DIRECTION('',(0.,0.,1.));
#16125=DIRECTION('center_axis',(-2.19767164158122E-15,1.,0.));
#16126=DIRECTION('ref_axis',(-1.,-2.19767164158122E-15,0.));
#16127=DIRECTION('',(0.,0.,1.));
#16128=DIRECTION('center_axis',(0.,0.,1.));
#16129=DIRECTION('ref_axis',(0.,1.,0.));
#16130=DIRECTION('',(0.,0.,1.));
#16131=DIRECTION('center_axis',(0.866025403784437,0.500000000000002,0.));
#16132=DIRECTION('ref_axis',(-0.500000000000002,0.866025403784437,0.));
#16133=DIRECTION('center_axis',(0.,0.,1.));
#16134=DIRECTION('ref_axis',(0.866025403784437,-0.500000000000004,0.));
#16135=DIRECTION('',(0.,0.,1.));
#16136=DIRECTION('center_axis',(2.19767164158123E-15,-1.,0.));
#16137=DIRECTION('ref_axis',(1.,2.19767164158123E-15,0.));
#16138=DIRECTION('',(0.,0.,1.));
#16139=DIRECTION('center_axis',(0.,0.,1.));
#16140=DIRECTION('ref_axis',(0.,-1.,0.));
#16141=DIRECTION('',(0.,0.,1.));
#16142=DIRECTION('center_axis',(-0.866025403784436,-0.500000000000005,0.));
#16143=DIRECTION('ref_axis',(0.500000000000005,-0.866025403784436,0.));
#16144=DIRECTION('',(0.,0.,1.));
#16145=DIRECTION('center_axis',(0.,0.,1.));
#16146=DIRECTION('ref_axis',(-0.866025403784442,-0.499999999999994,0.));
#16147=DIRECTION('',(0.,0.,1.));
#16148=DIRECTION('center_axis',(-0.866025403784439,0.5,0.));
#16149=DIRECTION('ref_axis',(-0.5,-0.866025403784439,0.));
#16150=DIRECTION('center_axis',(0.,0.,1.));
#16151=DIRECTION('ref_axis',(0.866025403784447,0.499999999999986,0.));
#16152=DIRECTION('',(0.,0.,1.));
#16153=DIRECTION('center_axis',(0.866025403784439,-0.499999999999999,0.));
#16154=DIRECTION('ref_axis',(0.499999999999999,0.866025403784439,0.));
#16155=DIRECTION('',(0.,0.,1.));
#16156=DIRECTION('center_axis',(0.,0.,1.));
#16157=DIRECTION('ref_axis',(0.866025403784437,-0.500000000000004,0.));
#16158=DIRECTION('',(0.,0.,1.));
#16159=DIRECTION('center_axis',(2.19767164158123E-15,-1.,0.));
#16160=DIRECTION('ref_axis',(1.,2.19767164158123E-15,0.));
#16161=DIRECTION('',(0.,0.,1.));
#16162=DIRECTION('center_axis',(0.,0.,1.));
#16163=DIRECTION('ref_axis',(0.,-1.,0.));
#16164=DIRECTION('',(0.,0.,1.));
#16165=DIRECTION('center_axis',(-0.866025403784436,-0.500000000000005,0.));
#16166=DIRECTION('ref_axis',(0.500000000000005,-0.866025403784436,0.));
#16167=DIRECTION('center_axis',(0.,0.,1.));
#16168=DIRECTION('ref_axis',(0.866025403784441,0.499999999999996,0.));
#16169=DIRECTION('',(0.,0.,1.));
#16170=DIRECTION('center_axis',(0.866025403784439,-0.499999999999999,0.));
#16171=DIRECTION('ref_axis',(0.499999999999999,0.866025403784439,0.));
#16172=DIRECTION('',(0.,0.,1.));
#16173=DIRECTION('center_axis',(0.,0.,1.));
#16174=DIRECTION('ref_axis',(0.866025403784435,-0.500000000000006,0.));
#16175=DIRECTION('',(0.,0.,1.));
#16176=DIRECTION('center_axis',(-4.39534328316244E-15,-1.,0.));
#16177=DIRECTION('ref_axis',(1.,-4.39534328316244E-15,0.));
#16178=DIRECTION('',(0.,0.,1.));
#16179=DIRECTION('center_axis',(0.,0.,1.));
#16180=DIRECTION('ref_axis',(7.89491928622341E-15,-1.,0.));
#16181=DIRECTION('',(0.,0.,1.));
#16182=DIRECTION('center_axis',(-0.866025403784438,-0.500000000000001,0.));
#16183=DIRECTION('ref_axis',(0.500000000000001,-0.866025403784438,0.));
#16184=DIRECTION('',(0.,0.,1.));
#16185=DIRECTION('center_axis',(0.,0.,1.));
#16186=DIRECTION('ref_axis',(-0.866025403784441,-0.499999999999996,0.));
#16187=DIRECTION('center_axis',(0.,0.,1.));
#16188=DIRECTION('ref_axis',(-1.18423789293349E-14,-1.,0.));
#16189=DIRECTION('',(0.,0.,1.));
#16190=DIRECTION('center_axis',(-0.866025403784439,-0.499999999999999,0.));
#16191=DIRECTION('ref_axis',(0.499999999999999,-0.866025403784439,0.));
#16192=DIRECTION('',(0.,0.,1.));
#16193=DIRECTION('center_axis',(0.,0.,1.));
#16194=DIRECTION('ref_axis',(-0.866025403784442,-0.499999999999994,0.));
#16195=DIRECTION('',(0.,0.,1.));
#16196=DIRECTION('center_axis',(-0.86602540378444,0.499999999999997,0.));
#16197=DIRECTION('ref_axis',(-0.499999999999997,-0.86602540378444,0.));
#16198=DIRECTION('',(0.,0.,1.));
#16199=DIRECTION('center_axis',(0.,0.,1.));
#16200=DIRECTION('ref_axis',(-0.86602540378444,0.499999999999997,0.));
#16201=DIRECTION('',(0.,0.,1.));
#16202=DIRECTION('center_axis',(-4.39491298330895E-15,1.,0.));
#16203=DIRECTION('ref_axis',(-1.,-4.39491298330895E-15,0.));
#16204=DIRECTION('center_axis',(0.,0.,1.));
#16205=DIRECTION('ref_axis',(-0.866025403784442,-0.499999999999994,0.));
#16206=DIRECTION('',(0.,0.,1.));
#16207=DIRECTION('center_axis',(-0.866025403784439,0.5,0.));
#16208=DIRECTION('ref_axis',(-0.5,-0.866025403784439,0.));
#16209=DIRECTION('',(0.,0.,1.));
#16210=DIRECTION('center_axis',(0.,0.,1.));
#16211=DIRECTION('ref_axis',(-0.866025403784439,0.5,0.));
#16212=DIRECTION('',(0.,0.,1.));
#16213=DIRECTION('center_axis',(-2.19767164158122E-15,1.,0.));
#16214=DIRECTION('ref_axis',(-1.,-2.19767164158122E-15,0.));
#16215=DIRECTION('',(0.,0.,1.));
#16216=DIRECTION('center_axis',(0.,0.,1.));
#16217=DIRECTION('ref_axis',(0.,1.,0.));
#16218=DIRECTION('',(0.,0.,1.));
#16219=DIRECTION('center_axis',(0.866025403784438,0.500000000000001,0.));
#16220=DIRECTION('ref_axis',(-0.500000000000001,0.866025403784438,0.));
#16221=DIRECTION('center_axis',(0.,0.,1.));
#16222=DIRECTION('ref_axis',(1.,0.,0.));
#16223=DIRECTION('center_axis',(-0.86602540378444,0.499999999999997,0.));
#16224=DIRECTION('ref_axis',(-0.499999999999997,-0.86602540378444,0.));
#16225=DIRECTION('',(0.,0.,1.));
#16226=DIRECTION('center_axis',(0.,0.,1.));
#16227=DIRECTION('ref_axis',(-0.86602540378444,0.499999999999997,0.));
#16228=DIRECTION('center_axis',(0.,0.,1.));
#16229=DIRECTION('ref_axis',(-0.866025403784442,-0.499999999999994,0.));
#16230=DIRECTION('',(0.,0.,1.));
#16231=DIRECTION('center_axis',(-0.866025403784439,0.5,0.));
#16232=DIRECTION('ref_axis',(-0.5,-0.866025403784439,0.));
#16233=DIRECTION('',(0.,0.,1.));
#16234=DIRECTION('center_axis',(0.,0.,1.));
#16235=DIRECTION('ref_axis',(-0.866025403784439,0.499999999999999,0.));
#16236=DIRECTION('',(0.,0.,1.));
#16237=DIRECTION('center_axis',(-2.19767164158122E-15,1.,0.));
#16238=DIRECTION('ref_axis',(-1.,-2.19767164158122E-15,0.));
#16239=DIRECTION('',(0.,0.,1.));
#16240=DIRECTION('center_axis',(0.,0.,1.));
#16241=DIRECTION('ref_axis',(0.,1.,0.));
#16242=DIRECTION('',(0.,0.,1.));
#16243=DIRECTION('center_axis',(0.866025403784438,0.500000000000002,0.));
#16244=DIRECTION('ref_axis',(-0.500000000000002,0.866025403784438,0.));
#16245=DIRECTION('center_axis',(0.866025403784438,0.500000000000002,0.));
#16246=DIRECTION('ref_axis',(-0.500000000000002,0.866025403784438,0.));
#16247=DIRECTION('',(0.,0.,1.));
#16248=DIRECTION('',(0.,0.,1.));
#16249=DIRECTION('center_axis',(0.,0.,1.));
#16250=DIRECTION('ref_axis',(0.86602540378444,0.499999999999998,0.));
#16251=DIRECTION('center_axis',(0.,0.,1.));
#16252=DIRECTION('ref_axis',(3.94745964311164E-15,1.,0.));
#16253=DIRECTION('center_axis',(0.866025403784441,-0.499999999999995,0.));
#16254=DIRECTION('ref_axis',(0.499999999999995,0.866025403784442,0.));
#16255=DIRECTION('center_axis',(-0.866025403784436,0.500000000000004,0.));
#16256=DIRECTION('ref_axis',(-0.500000000000004,-0.866025403784436,0.));
#16257=DIRECTION('',(0.,0.,1.));
#16258=DIRECTION('center_axis',(0.,0.,1.));
#16259=DIRECTION('ref_axis',(-0.866025403784438,0.500000000000001,0.));
#16260=DIRECTION('',(0.,0.,1.));
#16261=DIRECTION('center_axis',(-1.09883582079061E-15,1.,0.));
#16262=DIRECTION('ref_axis',(-1.,-1.09883582079061E-15,0.));
#16263=DIRECTION('',(0.,0.,1.));
#16264=DIRECTION('center_axis',(0.,0.,1.));
#16265=DIRECTION('ref_axis',(3.94745964311162E-15,1.,0.));
#16266=DIRECTION('',(0.,0.,1.));
#16267=DIRECTION('center_axis',(0.866025403784438,0.500000000000002,0.));
#16268=DIRECTION('ref_axis',(-0.500000000000002,0.866025403784438,0.));
#16269=DIRECTION('',(0.,0.,1.));
#16270=DIRECTION('center_axis',(0.,0.,1.));
#16271=DIRECTION('ref_axis',(0.866025403784442,0.499999999999995,0.));
#16272=DIRECTION('',(0.,0.,1.));
#16273=DIRECTION('center_axis',(0.866025403784439,-0.499999999999999,0.));
#16274=DIRECTION('ref_axis',(0.499999999999999,0.866025403784439,0.));
#16275=DIRECTION('center_axis',(0.,0.,1.));
#16276=DIRECTION('ref_axis',(-0.866025403784439,0.5,0.));
#16277=DIRECTION('',(0.,0.,1.));
#16278=DIRECTION('center_axis',(-2.19767164158122E-15,1.,0.));
#16279=DIRECTION('ref_axis',(-1.,-2.19767164158122E-15,0.));
#16280=DIRECTION('',(0.,0.,1.));
#16281=DIRECTION('center_axis',(0.,0.,1.));
#16282=DIRECTION('ref_axis',(0.,1.,0.));
#16283=DIRECTION('center_axis',(0.,0.,1.));
#16284=DIRECTION('ref_axis',(-0.86602540378444,0.499999999999997,0.));
#16285=DIRECTION('',(0.,0.,1.));
#16286=DIRECTION('center_axis',(-4.39491298330895E-15,1.,0.));
#16287=DIRECTION('ref_axis',(-1.,-4.39491298330895E-15,0.));
#16288=DIRECTION('center_axis',(0.,0.,1.));
#16289=DIRECTION('ref_axis',(-0.969827653992304,-0.243791553487367,0.));
#16290=DIRECTION('center_axis',(0.,0.,1.));
#16291=DIRECTION('ref_axis',(-1.18423789293348E-14,-1.,0.));
#16292=DIRECTION('',(0.,0.,1.));
#16293=DIRECTION('center_axis',(-0.866025403784439,-0.499999999999999,0.));
#16294=DIRECTION('ref_axis',(0.499999999999999,-0.866025403784439,0.));
#16295=DIRECTION('',(0.,0.,1.));
#16296=DIRECTION('center_axis',(0.,0.,1.));
#16297=DIRECTION('ref_axis',(-0.866025403784442,-0.499999999999994,0.));
#16298=DIRECTION('',(0.,0.,1.));
#16299=DIRECTION('center_axis',(-0.86602540378444,0.499999999999998,0.));
#16300=DIRECTION('ref_axis',(-0.499999999999998,-0.86602540378444,0.));
#16301=DIRECTION('',(0.,0.,1.));
#16302=DIRECTION('center_axis',(0.,0.,1.));
#16303=DIRECTION('ref_axis',(-0.86602540378444,0.499999999999997,0.));
#16304=DIRECTION('',(0.,0.,1.));
#16305=DIRECTION('center_axis',(-2.19745649165448E-15,1.,0.));
#16306=DIRECTION('ref_axis',(-1.,-2.19745649165448E-15,0.));
#16307=DIRECTION('center_axis',(0.,0.,1.));
#16308=DIRECTION('ref_axis',(-0.866025403784442,-0.499999999999994,0.));
#16309=DIRECTION('',(0.,0.,1.));
#16310=DIRECTION('center_axis',(-0.86602540378444,0.499999999999997,0.));
#16311=DIRECTION('ref_axis',(-0.499999999999997,-0.86602540378444,0.));
#16312=DIRECTION('',(0.,0.,1.));
#16313=DIRECTION('center_axis',(0.,0.,1.));
#16314=DIRECTION('ref_axis',(-0.86602540378444,0.499999999999997,0.));
#16315=DIRECTION('',(0.,0.,1.));
#16316=DIRECTION('center_axis',(-4.39491298330895E-15,1.,0.));
#16317=DIRECTION('ref_axis',(-1.,-4.39491298330895E-15,0.));
#16318=DIRECTION('',(0.,0.,1.));
#16319=DIRECTION('center_axis',(0.,0.,1.));
#16320=DIRECTION('ref_axis',(3.94745964311164E-15,1.,0.));
#16321=DIRECTION('',(0.,0.,1.));
#16322=DIRECTION('center_axis',(0.866025403784438,0.500000000000002,0.));
#16323=DIRECTION('ref_axis',(-0.500000000000002,0.866025403784438,0.));
#16324=DIRECTION('center_axis',(0.,0.,1.));
#16325=DIRECTION('ref_axis',(7.89491928622341E-15,-1.,0.));
#16326=DIRECTION('',(0.,0.,1.));
#16327=DIRECTION('center_axis',(0.,0.,1.));
#16328=DIRECTION('ref_axis',(0.,-1.,0.));
#16329=DIRECTION('',(0.,0.,1.));
#16330=DIRECTION('center_axis',(0.,0.,-1.));
#16331=DIRECTION('ref_axis',(1.,0.,0.));
#16332=DIRECTION('center_axis',(0.,0.,1.));
#16333=DIRECTION('ref_axis',(0.000612102859709469,-0.999999812665027,0.));
#16334=DIRECTION('center_axis',(0.,0.,1.));
#16335=DIRECTION('ref_axis',(0.866025403784443,-0.499999999999992,0.));
#16336=DIRECTION('',(0.,0.,1.));
#16337=DIRECTION('center_axis',(1.09872824582724E-15,-1.,0.));
#16338=DIRECTION('ref_axis',(1.,1.09872824582724E-15,0.));
#16339=DIRECTION('',(0.,0.,1.));
#16340=DIRECTION('center_axis',(0.,0.,1.));
#16341=DIRECTION('ref_axis',(-1.18423789293348E-14,-1.,0.));
#16342=DIRECTION('center_axis',(-0.866025403784438,-0.500000000000001,0.));
#16343=DIRECTION('ref_axis',(0.500000000000001,-0.866025403784438,0.));
#16344=DIRECTION('',(0.,0.,1.));
#16345=DIRECTION('center_axis',(0.,0.,1.));
#16346=DIRECTION('ref_axis',(-0.866025403784442,-0.499999999999995,0.));
#16347=DIRECTION('',(0.,0.,1.));
#16348=DIRECTION('center_axis',(-0.866025403784436,0.500000000000004,0.));
#16349=DIRECTION('ref_axis',(-0.500000000000004,-0.866025403784436,0.));
#16350=DIRECTION('center_axis',(-0.866025403784436,-0.500000000000005,0.));
#16351=DIRECTION('ref_axis',(0.500000000000005,-0.866025403784436,0.));
#16352=DIRECTION('',(0.,0.,1.));
#16353=DIRECTION('center_axis',(0.,0.,1.));
#16354=DIRECTION('ref_axis',(-0.866025403784442,-0.499999999999994,0.));
#16355=DIRECTION('',(0.,0.,1.));
#16356=DIRECTION('center_axis',(-0.866025403784439,0.5,0.));
#16357=DIRECTION('ref_axis',(-0.5,-0.866025403784439,0.));
#16358=DIRECTION('',(0.,0.,1.));
#16359=DIRECTION('center_axis',(0.,0.,1.));
#16360=DIRECTION('ref_axis',(-0.866025403784439,0.499999999999999,0.));
#16361=DIRECTION('',(0.,0.,1.));
#16362=DIRECTION('center_axis',(-2.19767164158122E-15,1.,0.));
#16363=DIRECTION('ref_axis',(-1.,-2.19767164158122E-15,0.));
#16364=DIRECTION('center_axis',(0.,0.,1.));
#16365=DIRECTION('ref_axis',(0.866025403784435,-0.500000000000006,0.));
#16366=DIRECTION('',(0.,0.,1.));
#16367=DIRECTION('center_axis',(-4.39534328316244E-15,-1.,0.));
#16368=DIRECTION('ref_axis',(1.,-4.39534328316244E-15,0.));
#16369=DIRECTION('',(0.,0.,1.));
#16370=DIRECTION('center_axis',(0.,0.,1.));
#16371=DIRECTION('ref_axis',(7.89491928622341E-15,-1.,0.));
#16372=DIRECTION('',(0.,0.,1.));
#16373=DIRECTION('center_axis',(-0.866025403784438,-0.500000000000001,0.));
#16374=DIRECTION('ref_axis',(0.500000000000001,-0.866025403784438,0.));
#16375=DIRECTION('',(0.,0.,1.));
#16376=DIRECTION('center_axis',(0.,0.,1.));
#16377=DIRECTION('ref_axis',(-0.866025403784442,-0.499999999999995,0.));
#16378=DIRECTION('',(0.,0.,1.));
#16379=DIRECTION('center_axis',(-0.866025403784436,0.500000000000004,0.));
#16380=DIRECTION('ref_axis',(-0.500000000000004,-0.866025403784436,0.));
#16381=DIRECTION('center_axis',(0.,0.,1.));
#16382=DIRECTION('ref_axis',(-0.866025403784442,-0.499999999999994,0.));
#16383=DIRECTION('',(0.,0.,1.));
#16384=DIRECTION('center_axis',(-0.86602540378444,0.499999999999998,0.));
#16385=DIRECTION('ref_axis',(-0.499999999999998,-0.86602540378444,0.));
#16386=DIRECTION('',(0.,0.,1.));
#16387=DIRECTION('center_axis',(0.,0.,1.));
#16388=DIRECTION('ref_axis',(-0.86602540378444,0.499999999999997,0.));
#16389=DIRECTION('',(0.,0.,1.));
#16390=DIRECTION('center_axis',(-2.19745649165448E-15,1.,0.));
#16391=DIRECTION('ref_axis',(-1.,-2.19745649165448E-15,0.));
#16392=DIRECTION('',(0.,0.,1.));
#16393=DIRECTION('center_axis',(0.,0.,1.));
#16394=DIRECTION('ref_axis',(3.94745964311164E-15,1.,0.));
#16395=DIRECTION('',(0.,0.,1.));
#16396=DIRECTION('center_axis',(0.866025403784438,0.500000000000002,0.));
#16397=DIRECTION('ref_axis',(-0.500000000000002,0.866025403784438,0.));
#16398=DIRECTION('center_axis',(0.,0.,1.));
#16399=DIRECTION('ref_axis',(0.866025403784447,0.499999999999985,0.));
#16400=DIRECTION('',(0.,0.,1.));
#16401=DIRECTION('center_axis',(0.866025403784439,-0.499999999999999,0.));
#16402=DIRECTION('ref_axis',(0.499999999999999,0.866025403784439,0.));
#16403=DIRECTION('',(0.,0.,1.));
#16404=DIRECTION('center_axis',(0.,0.,1.));
#16405=DIRECTION('ref_axis',(0.866025403784437,-0.500000000000004,0.));
#16406=DIRECTION('',(0.,0.,1.));
#16407=DIRECTION('center_axis',(2.19767164158123E-15,-1.,0.));
#16408=DIRECTION('ref_axis',(1.,2.19767164158123E-15,0.));
#16409=DIRECTION('',(0.,0.,1.));
#16410=DIRECTION('center_axis',(0.,0.,1.));
#16411=DIRECTION('ref_axis',(0.,-1.,0.));
#16412=DIRECTION('',(0.,0.,1.));
#16413=DIRECTION('center_axis',(-0.866025403784436,-0.500000000000005,0.));
#16414=DIRECTION('ref_axis',(0.500000000000005,-0.866025403784436,0.));
#16415=DIRECTION('center_axis',(0.,0.,1.));
#16416=DIRECTION('ref_axis',(-1.18423789293348E-14,-1.,0.));
#16417=DIRECTION('',(0.,0.,1.));
#16418=DIRECTION('center_axis',(-0.866025403784439,-0.499999999999999,0.));
#16419=DIRECTION('ref_axis',(0.499999999999999,-0.866025403784439,0.));
#16420=DIRECTION('',(0.,0.,1.));
#16421=DIRECTION('center_axis',(0.,0.,1.));
#16422=DIRECTION('ref_axis',(-0.866025403784442,-0.499999999999994,0.));
#16423=DIRECTION('center_axis',(0.,0.,1.));
#16424=DIRECTION('ref_axis',(1.,0.,0.));
#16425=DIRECTION('',(0.,0.,1.));
#16426=DIRECTION('center_axis',(0.,0.,1.));
#16427=DIRECTION('ref_axis',(1.,0.,0.));
#16428=DIRECTION('',(0.,0.,1.));
#16429=DIRECTION('center_axis',(0.,0.,1.));
#16430=DIRECTION('ref_axis',(1.,0.,0.));
#16431=DIRECTION('',(0.,0.,1.));
#16432=DIRECTION('center_axis',(3.61383680655621E-9,1.,0.));
#16433=DIRECTION('ref_axis',(-1.,3.61383680655621E-9,0.));
#16434=DIRECTION('',(0.,0.,1.));
#16435=DIRECTION('center_axis',(0.,0.,1.));
#16436=DIRECTION('ref_axis',(3.61383727175997E-9,1.,0.));
#16437=DIRECTION('',(0.,0.,1.));
#16438=DIRECTION('center_axis',(0.999999992248106,-0.000124514206197479,
0.));
#16439=DIRECTION('ref_axis',(0.000124514206197479,0.999999992248106,0.));
#16440=DIRECTION('',(0.,0.,1.));
#16441=DIRECTION('center_axis',(0.,0.,1.));
#16442=DIRECTION('ref_axis',(0.999999992248106,-0.000124514206221804,0.));
#16443=DIRECTION('center_axis',(0.999999999980083,6.31149385199592E-6,0.));
#16444=DIRECTION('ref_axis',(-4.46290010216352E-6,0.707106781172464,-0.707106781186547));
#16445=DIRECTION('center_axis',(0.,1.,0.));
#16446=DIRECTION('ref_axis',(-0.707106781186547,0.,-0.707106781186548));
#16447=DIRECTION('center_axis',(0.,-1.,0.));
#16448=DIRECTION('ref_axis',(0.707106781186548,0.,-0.707106781186547));
#16449=DIRECTION('center_axis',(0.,0.,1.));
#16450=DIRECTION('ref_axis',(-1.,0.,0.));
#16451=DIRECTION('center_axis',(0.,0.,-1.));
#16452=DIRECTION('ref_axis',(0.999999992248106,-0.000124514206123464,0.));
#16453=DIRECTION('',(1.,-3.61383072016875E-9,0.));
#16454=DIRECTION('center_axis',(0.,0.,1.));
#16455=DIRECTION('ref_axis',(-0.999999998847914,4.80017903287128E-5,0.));
#16456=DIRECTION('',(-4.80017902753198E-5,-0.999999998847914,0.));
#16457=DIRECTION('center_axis',(0.,0.,-1.));
#16458=DIRECTION('ref_axis',(0.999999998847914,-4.8001790298181E-5,0.));
#16459=DIRECTION('',(1.,-6.16793276323767E-17,0.));
#16460=DIRECTION('center_axis',(0.,0.,1.));
#16461=DIRECTION('ref_axis',(-1.,-2.08166817117212E-14,0.));
#16462=DIRECTION('',(0.,-1.,0.));
#16463=DIRECTION('center_axis',(0.,0.,-1.));
#16464=DIRECTION('ref_axis',(1.,1.66533453693772E-14,0.));
#16465=DIRECTION('',(1.,5.84343308173005E-17,0.));
#16466=DIRECTION('center_axis',(0.,0.,-1.));
#16467=DIRECTION('ref_axis',(0.,1.,0.));
#16468=DIRECTION('',(0.,1.,0.));
#16469=DIRECTION('center_axis',(0.,0.,1.));
#16470=DIRECTION('ref_axis',(0.000612102859687261,-0.999999812665027,0.));
#16471=DIRECTION('',(0.999999812665027,0.000612102859639933,0.));
#16472=DIRECTION('center_axis',(0.,0.,-1.));
#16473=DIRECTION('ref_axis',(-0.000612102859613264,0.999999812665027,0.));
#16474=DIRECTION('',(0.000138947884906196,0.999999990346743,0.));
#16475=DIRECTION('center_axis',(0.,0.,1.));
#16476=DIRECTION('ref_axis',(0.0010203115588636,-0.999999479482026,0.));
#16477=DIRECTION('',(0.999999479482026,0.00102031155886383,0.));
#16478=DIRECTION('center_axis',(0.,0.,1.));
#16479=DIRECTION('ref_axis',(0.00102031155888581,-0.999999479482026,0.));
#16480=DIRECTION('',(0.000138947884901998,0.999999990346743,0.));
#16481=DIRECTION('center_axis',(0.,0.,1.));
#16482=DIRECTION('ref_axis',(0.000612102859709469,-0.999999812665027,0.));
#16483=DIRECTION('center_axis',(0.,0.,1.));
#16484=DIRECTION('ref_axis',(-0.99804976434367,-0.0624232960804251,0.));
#16485=DIRECTION('center_axis',(0.,0.,1.));
#16486=DIRECTION('ref_axis',(-0.999999998847914,4.8001790303731E-5,0.));
#16487=DIRECTION('center_axis',(0.,0.,1.));
#16488=DIRECTION('ref_axis',(-0.99804976434367,-0.0624232960804251,0.));
#16489=DIRECTION('center_axis',(0.,0.,1.));
#16490=DIRECTION('ref_axis',(0.000612102859709469,-0.999999812665027,0.));
#16491=DIRECTION('center_axis',(0.999999990346743,-0.000138947884901998,
0.));
#16492=DIRECTION('ref_axis',(0.000138947884901998,0.999999990346743,0.));
#16493=DIRECTION('',(0.,0.,-1.));
#16494=DIRECTION('center_axis',(0.,0.,1.));
#16495=DIRECTION('ref_axis',(0.00102031155888581,-0.999999479482026,0.));
#16496=DIRECTION('center_axis',(0.,0.,1.));
#16497=DIRECTION('ref_axis',(-0.129000711829821,0.991644500991862,0.));
#16498=DIRECTION('center_axis',(0.,0.,1.));
#16499=DIRECTION('ref_axis',(0.,1.,0.));
#16500=DIRECTION('center_axis',(0.,0.,1.));
#16501=DIRECTION('ref_axis',(-0.999999998847914,4.8001790303731E-5,0.));
#16502=DIRECTION('center_axis',(0.,0.,1.));
#16503=DIRECTION('ref_axis',(-0.999999998847914,4.80017903287128E-5,0.));
#16504=DIRECTION('',(0.,0.,1.));
#16505=DIRECTION('',(0.,0.,1.));
#16506=DIRECTION('center_axis',(-3.61383072016875E-9,-1.,0.));
#16507=DIRECTION('ref_axis',(1.,-3.61383072016875E-9,0.));
#16508=DIRECTION('',(0.,0.,1.));
#16509=DIRECTION('center_axis',(0.,0.,1.));
#16510=DIRECTION('ref_axis',(0.999999992248106,-0.000124514206123464,0.));
#16511=DIRECTION('center_axis',(0.,0.,1.));
#16512=DIRECTION('ref_axis',(1.,0.,0.));
#16513=DIRECTION('',(0.,0.,1.));
#16514=DIRECTION('center_axis',(0.,0.,1.));
#16515=DIRECTION('ref_axis',(1.,0.,0.));
#16516=DIRECTION('',(0.,0.,1.));
#16517=DIRECTION('center_axis',(0.,0.,1.));
#16518=DIRECTION('ref_axis',(1.,0.,0.));
#16519=DIRECTION('',(0.,0.,1.));
#16520=DIRECTION('center_axis',(0.,0.,1.));
#16521=DIRECTION('ref_axis',(1.,0.,0.));
#16522=DIRECTION('',(0.,0.,1.));
#16523=DIRECTION('center_axis',(-0.999999998847914,4.80017902753198E-5,
0.));
#16524=DIRECTION('ref_axis',(-4.80017902753198E-5,-0.999999998847914,0.));
#16525=DIRECTION('',(0.,0.,1.));
#16526=DIRECTION('center_axis',(0.,0.,1.));
#16527=DIRECTION('ref_axis',(0.999999998847914,-4.8001790298181E-5,0.));
#16528=DIRECTION('',(0.,0.,1.));
#16529=DIRECTION('center_axis',(-6.16793276323767E-17,-1.,0.));
#16530=DIRECTION('ref_axis',(1.,-6.16793276323767E-17,0.));
#16531=DIRECTION('',(0.,0.,1.));
#16532=DIRECTION('center_axis',(0.,0.,1.));
#16533=DIRECTION('ref_axis',(-1.,-2.08166817117212E-14,0.));
#16534=DIRECTION('',(0.,0.,1.));
#16535=DIRECTION('center_axis',(-1.,0.,0.));
#16536=DIRECTION('ref_axis',(0.,-1.,0.));
#16537=DIRECTION('',(0.,0.,1.));
#16538=DIRECTION('center_axis',(0.,0.,1.));
#16539=DIRECTION('ref_axis',(1.,1.66533453693772E-14,0.));
#16540=DIRECTION('',(0.,0.,1.));
#16541=DIRECTION('center_axis',(5.84343308173005E-17,-1.,0.));
#16542=DIRECTION('ref_axis',(1.,5.84343308173005E-17,0.));
#16543=DIRECTION('',(0.,0.,1.));
#16544=DIRECTION('center_axis',(0.,0.,1.));
#16545=DIRECTION('ref_axis',(0.,1.,0.));
#16546=DIRECTION('',(0.,0.,1.));
#16547=DIRECTION('center_axis',(1.,0.,0.));
#16548=DIRECTION('ref_axis',(0.,1.,0.));
#16549=DIRECTION('',(0.,0.,1.));
#16550=DIRECTION('center_axis',(0.,0.,1.));
#16551=DIRECTION('ref_axis',(0.000612102859687261,-0.999999812665027,0.));
#16552=DIRECTION('',(0.,0.,1.));
#16553=DIRECTION('center_axis',(0.000612102859639934,-0.999999812665027,
0.));
#16554=DIRECTION('ref_axis',(0.999999812665027,0.000612102859639933,0.));
#16555=DIRECTION('',(0.,0.,1.));
#16556=DIRECTION('center_axis',(0.,0.,1.));
#16557=DIRECTION('ref_axis',(-0.000612102859613264,0.999999812665027,0.));
#16558=DIRECTION('',(0.,0.,1.));
#16559=DIRECTION('center_axis',(0.999999990346743,-0.000138947884906196,
0.));
#16560=DIRECTION('ref_axis',(0.000138947884906196,0.999999990346743,0.));
#16561=DIRECTION('',(0.,0.,1.));
#16562=DIRECTION('center_axis',(0.,0.,1.));
#16563=DIRECTION('ref_axis',(0.0010203115588636,-0.999999479482026,0.));
#16564=DIRECTION('',(0.,0.,1.));
#16565=DIRECTION('center_axis',(0.00102031155886383,-0.999999479482026,
0.));
#16566=DIRECTION('ref_axis',(0.999999479482026,0.00102031155886383,0.));
#16567=CARTESIAN_POINT('',(0.,0.,0.));
#16568=CARTESIAN_POINT('Origin',(2.40049144232272,-66.491935155737,6.66));
#16569=CARTESIAN_POINT('',(2.4004882865758,-65.9919351557469,12.91));
#16570=CARTESIAN_POINT('',(2.90049144231277,-66.4919319999901,12.91));
#16571=CARTESIAN_POINT('Origin',(2.40049144232272,-66.491935155737,12.91));
#16572=CARTESIAN_POINT('',(2.90049144231277,-66.4919319999901,5.31));
#16573=CARTESIAN_POINT('',(2.90049144231277,-66.4919319999901,6.66));
#16574=CARTESIAN_POINT('',(2.40048828657581,-65.9919351557469,5.31));
#16575=CARTESIAN_POINT('Origin',(2.40049144232272,-66.491935155737,5.31));
#16576=CARTESIAN_POINT('',(2.4004882865758,-65.9919351557469,6.66));
#16577=CARTESIAN_POINT('Origin',(2.40047881933502,-64.4919351557768,5.31));
#16578=CARTESIAN_POINT('',(2.90048716864663,-65.8148076555358,3.81));
#16579=CARTESIAN_POINT('',(2.40047881933503,-64.4919351557768,3.81));
#16580=CARTESIAN_POINT('Ctrl Pts',(2.40047881933502,-64.4919351557768,3.81));
#16581=CARTESIAN_POINT('Ctrl Pts',(2.62807964166637,-64.8861455979572,3.81));
#16582=CARTESIAN_POINT('Ctrl Pts',(2.90048429567566,-65.3596109870049,3.81));
#16583=CARTESIAN_POINT('Ctrl Pts',(2.90048716864663,-65.8148076555358,3.81));
#16584=CARTESIAN_POINT('Origin',(2.40047881933502,-64.4919351557768,5.31));
#16585=CARTESIAN_POINT('Origin',(2.90047881932506,-64.4919320000299,5.31));
#16586=CARTESIAN_POINT('Origin',(36.8876976443039,-50.4917174893296,12.91));
#16587=CARTESIAN_POINT('',(2.40039361416798,-50.9919351557469,12.91));
#16588=CARTESIAN_POINT('',(2.40039045842106,-50.4919351557569,13.41));
#16589=CARTESIAN_POINT('Origin',(2.40039045842106,-50.4919351557569,12.91));
#16590=CARTESIAN_POINT('',(1.40039045844098,-50.4919414672508,13.41));
#16591=CARTESIAN_POINT('',(36.8876976443039,-50.4917174893296,13.41));
#16592=CARTESIAN_POINT('',(1.40039361418791,-50.9919414672408,12.91));
#16593=CARTESIAN_POINT('Origin',(1.40039045844098,-50.4919414672508,12.91));
#16594=CARTESIAN_POINT('',(36.8877008000509,-50.9917174893197,12.91));
#16595=CARTESIAN_POINT('Ctrl Pts',(0.900393614197863,-50.9919446229877,
12.41));
#16596=CARTESIAN_POINT('Ctrl Pts',(0.900393614197862,-50.9919446229877,
12.91));
#16597=CARTESIAN_POINT('Ctrl Pts',(1.4003936141879,-50.9919414672408,12.91));
#16598=CARTESIAN_POINT('Ctrl Pts',(0.400393614207813,-50.9919477787347,
12.41));
#16599=CARTESIAN_POINT('Ctrl Pts',(0.400393614207811,-50.9919477787347,
13.41));
#16600=CARTESIAN_POINT('Ctrl Pts',(1.4003936141879,-50.9919414672408,13.41));
#16601=CARTESIAN_POINT('Ctrl Pts',(0.400390458460896,-50.4919477787446,
12.41));
#16602=CARTESIAN_POINT('Ctrl Pts',(0.400390458460894,-50.4919477787446,
13.41));
#16603=CARTESIAN_POINT('Ctrl Pts',(1.40039045844098,-50.4919414672508,13.41));
#16604=CARTESIAN_POINT('',(0.400390458460897,-50.4919477787446,12.41));
#16605=CARTESIAN_POINT('',(0.900393614197864,-50.9919446229877,12.41));
#16606=CARTESIAN_POINT('Origin',(0.900390458450938,-50.4919446229977,12.41));
#16607=CARTESIAN_POINT('Origin',(1.4003936141879,-50.9919414672408,12.41));
#16608=CARTESIAN_POINT('Origin',(1.40039045844098,-50.4919414672508,12.41));
#16609=CARTESIAN_POINT('Origin',(0.900390458450939,-50.4919446229977,5.76));
#16610=CARTESIAN_POINT('',(0.400390458460897,-50.4919477787446,5.31));
#16611=CARTESIAN_POINT('',(0.90039361419787,-50.9919446229877,5.31));
#16612=CARTESIAN_POINT('Origin',(0.900390458450939,-50.4919446229977,5.31));
#16613=CARTESIAN_POINT('',(0.900393614197865,-50.9919446229877,5.76));
#16614=CARTESIAN_POINT('',(0.400390458460897,-50.4919477787446,5.76));
#16615=CARTESIAN_POINT('Origin',(0.900403081438568,-52.4919446229578,5.31));
#16616=CARTESIAN_POINT('',(0.400403081448605,-52.4919477787048,3.31));
#16617=CARTESIAN_POINT('',(0.900403081438572,-52.4919446229578,3.81));
#16618=CARTESIAN_POINT('Origin',(0.900403081438568,-52.4919446229578,3.31));
#16619=CARTESIAN_POINT('Origin',(0.900403081438568,-52.4919446229578,5.31));
#16620=CARTESIAN_POINT('Origin',(0.400403081448605,-52.4919477787048,5.31));
#16621=CARTESIAN_POINT('Origin',(0.900321407960287,-39.551509244199,3.31));
#16622=CARTESIAN_POINT('',(0.400478819374852,-64.4919477787645,3.31));
#16623=CARTESIAN_POINT('',(0.900478819364894,-64.4919446230176,3.81));
#16624=CARTESIAN_POINT('Origin',(0.900478819364892,-64.4919446230176,3.31));
#16625=CARTESIAN_POINT('',(0.900321407960287,-39.551509244199,3.81));
#16626=CARTESIAN_POINT('',(0.400321407970246,-39.5515123999459,3.31));
#16627=CARTESIAN_POINT('Origin',(0.900478819364796,-64.4919446230176,5.31));
#16628=CARTESIAN_POINT('',(0.400491442362559,-66.4919477787247,5.31));
#16629=CARTESIAN_POINT('',(0.900488286605579,-65.9919446229877,5.31));
#16630=CARTESIAN_POINT('Origin',(0.900491442352504,-66.4919446229778,5.31));
#16631=CARTESIAN_POINT('Origin',(0.900478819364796,-64.4919446230176,5.31));
#16632=CARTESIAN_POINT('Origin',(0.400478819374852,-64.4919477787645,5.31));
#16633=CARTESIAN_POINT('Origin',(0.900491442352601,-66.4919446229778,6.66));
#16634=CARTESIAN_POINT('',(0.400491442362559,-66.4919477787247,12.41));
#16635=CARTESIAN_POINT('',(0.900488286605675,-65.9919446229877,12.41));
#16636=CARTESIAN_POINT('Origin',(0.900491442352601,-66.4919446229778,12.41));
#16637=CARTESIAN_POINT('',(0.900488286605675,-65.9919446229877,6.66));
#16638=CARTESIAN_POINT('',(0.400491442362559,-66.4919477787247,6.66));
#16639=CARTESIAN_POINT('Ctrl Pts',(1.40048828659571,-65.9919414672408,12.91));
#16640=CARTESIAN_POINT('Ctrl Pts',(0.900488286605675,-65.9919446229877,
12.91));
#16641=CARTESIAN_POINT('Ctrl Pts',(0.900488286605675,-65.9919446229877,
12.41));
#16642=CARTESIAN_POINT('Ctrl Pts',(1.40048828659571,-65.9919414672408,13.41));
#16643=CARTESIAN_POINT('Ctrl Pts',(0.400488286615627,-65.9919477787347,
13.41));
#16644=CARTESIAN_POINT('Ctrl Pts',(0.400488286615626,-65.9919477787347,
12.41));
#16645=CARTESIAN_POINT('Ctrl Pts',(1.40049144234264,-66.4919414672308,13.41));
#16646=CARTESIAN_POINT('Ctrl Pts',(0.400491442362557,-66.4919477787247,
13.41));
#16647=CARTESIAN_POINT('Ctrl Pts',(0.400491442362557,-66.4919477787247,
12.41));
#16648=CARTESIAN_POINT('',(1.40049144234264,-66.4919414672308,13.41));
#16649=CARTESIAN_POINT('',(1.40048828659571,-65.9919414672408,12.91));
#16650=CARTESIAN_POINT('Origin',(1.40049144234264,-66.4919414672308,12.91));
#16651=CARTESIAN_POINT('Origin',(1.40048828659571,-65.9919414672408,12.41));
#16652=CARTESIAN_POINT('Origin',(1.40049144234264,-66.4919414672308,12.41));
#16653=CARTESIAN_POINT('Origin',(36.8877986282056,-66.4917174893097,12.91));
#16654=CARTESIAN_POINT('',(2.40049144232272,-66.491935155737,13.41));
#16655=CARTESIAN_POINT('Origin',(2.40049144232272,-66.491935155737,12.91));
#16656=CARTESIAN_POINT('',(36.8877954724587,-65.9917174893197,12.91));
#16657=CARTESIAN_POINT('',(36.8877986282056,-66.4917174893097,13.41));
#16658=CARTESIAN_POINT('Origin',(2.4004030814088,-52.4919351557171,5.31));
#16659=CARTESIAN_POINT('',(2.9003904584111,-50.49193200001,5.31));
#16660=CARTESIAN_POINT('',(2.40039361416803,-50.9919351557469,5.31));
#16661=CARTESIAN_POINT('Origin',(2.40039045842109,-50.4919351557569,5.31));
#16662=CARTESIAN_POINT('',(2.40040308140881,-52.4919351557171,3.81));
#16663=CARTESIAN_POINT('Origin',(2.4004030814088,-52.4919351557171,5.31));
#16664=CARTESIAN_POINT('',(2.90039473207725,-51.1690563444642,3.81));
#16665=CARTESIAN_POINT('Ctrl Pts',(2.90039473207727,-51.1690563444642,3.81));
#16666=CARTESIAN_POINT('Ctrl Pts',(2.90039760504825,-51.6242530129952,3.81));
#16667=CARTESIAN_POINT('Ctrl Pts',(2.62799892760845,-52.0977218405657,3.81));
#16668=CARTESIAN_POINT('Ctrl Pts',(2.4004030814088,-52.4919351557171,3.81));
#16669=CARTESIAN_POINT('Origin',(2.90040308139881,-52.4919319999701,5.31));
#16670=CARTESIAN_POINT('Origin',(2.40039045842106,-50.4919351557569,5.76));
#16671=CARTESIAN_POINT('',(2.9003904584111,-50.49193200001,12.91));
#16672=CARTESIAN_POINT('Origin',(2.40039045842106,-50.4919351557569,12.91));
#16673=CARTESIAN_POINT('',(2.40039361416799,-50.9919351557469,5.76));
#16674=CARTESIAN_POINT('',(2.9003904584111,-50.49193200001,5.76));
#16675=CARTESIAN_POINT('Origin',(2.40039045842106,-50.4919351557569,12.91));
#16676=CARTESIAN_POINT('Origin',(2.40039045842106,-50.4919351557569,12.91));
#16677=CARTESIAN_POINT('Origin',(2.40049144232272,-66.491935155737,12.91));
#16678=CARTESIAN_POINT('Origin',(2.40049144232272,-66.491935155737,12.91));
#16679=CARTESIAN_POINT('Origin',(2.90052360996428,-71.5886099425493,7.51));
#16680=CARTESIAN_POINT('',(2.90052360996428,-71.5886099425493,12.91));
#16681=CARTESIAN_POINT('',(2.90045561766797,-60.8158360351098,12.91));
#16682=CARTESIAN_POINT('',(2.90052360996427,-71.5886099425493,5.81));
#16683=CARTESIAN_POINT('',(2.90052360996428,-71.5886099425493,7.51));
#16684=CARTESIAN_POINT('',(2.90049935535,-67.7456822883714,5.81));
#16685=CARTESIAN_POINT('',(2.90045561766798,-60.8158360351098,5.81));
#16686=CARTESIAN_POINT('',(2.90049935535,-67.7456822883714,3.81));
#16687=CARTESIAN_POINT('',(2.90049935535,-67.7456822883714,5.81));
#16688=CARTESIAN_POINT('',(2.90048828656584,-65.991932,3.81));
#16689=CARTESIAN_POINT('Origin',(2.40045561767792,-60.8158391908567,12.91));
#16690=CARTESIAN_POINT('',(2.40052360997423,-71.5886130982962,13.41));
#16691=CARTESIAN_POINT('',(2.40045561767792,-60.8158391908567,13.41));
#16692=CARTESIAN_POINT('Origin',(2.40052360997423,-71.5886130982962,12.91));
#16693=CARTESIAN_POINT('Origin',(70.8750019971573,-50.0426331063095,13.41));
#16694=CARTESIAN_POINT('',(1.40052360999415,-71.5886194097901,13.41));
#16695=CARTESIAN_POINT('',(1.40026283782636,-30.2715914873653,13.41));
#16696=CARTESIAN_POINT('',(1.68134217330305,-72.6376909475315,13.41));
#16697=CARTESIAN_POINT('Origin',(3.50052360995234,-71.588606155653,13.41));
#16698=CARTESIAN_POINT('',(16.0964057172758,-97.6343510939045,13.41));
#16699=CARTESIAN_POINT('',(5.42634965189688,-79.1317781156159,13.41));
#16700=CARTESIAN_POINT('',(18.9663875780821,-98.4034572899564,13.41));
#16701=CARTESIAN_POINT('Origin',(17.915587153925,-96.585266302026,13.41));
#16702=CARTESIAN_POINT('',(34.6248238392515,-89.3538626246556,13.41));
#16703=CARTESIAN_POINT('',(48.8979649394989,-81.1048817300438,13.41));
#16704=CARTESIAN_POINT('',(71.8209111468878,-84.5151106977502,13.41));
#16705=CARTESIAN_POINT('',(55.0618273914066,-86.6952606727814,13.41));
#16706=CARTESIAN_POINT('',(73.2467503245532,-83.6700218201783,13.41));
#16707=CARTESIAN_POINT('Origin',(71.5500096520443,-82.4326572456672,13.41));
#16708=CARTESIAN_POINT('',(83.3249959242256,-69.8501908918069,13.41));
#16709=CARTESIAN_POINT('',(80.8396010542234,-73.258297645505,13.41));
#16710=CARTESIAN_POINT('',(138.242737513991,-69.8501908918069,13.41));
#16711=CARTESIAN_POINT('',(77.3542026346724,-69.8501908918069,13.41));
#16712=CARTESIAN_POINT('',(140.342737497712,-67.7504523716399,13.41));
#16713=CARTESIAN_POINT('Origin',(138.242737513991,-67.7501908918069,13.41));
#16714=CARTESIAN_POINT('',(140.349865927826,-10.5005185982945,13.41));
#16715=CARTESIAN_POINT('',(140.343839396727,-58.9008677361814,13.41));
#16716=CARTESIAN_POINT('',(138.249865951694,-8.40025711846164,13.41));
#16717=CARTESIAN_POINT('Origin',(138.249865944105,-10.5002571184617,13.41));
#16718=CARTESIAN_POINT('',(102.3496377927,-8.40025698872429,13.41));
#16719=CARTESIAN_POINT('',(104.56243404967,-8.40025699672097,13.41));
#16720=CARTESIAN_POINT('',(102.349764996109,-5.75028480375962,13.41));
#16721=CARTESIAN_POINT('',(102.348662304185,-28.7221764198855,13.41));
#16722=CARTESIAN_POINT('',(100.249764998529,-3.65018400000001,13.41));
#16723=CARTESIAN_POINT('Origin',(100.249764998529,-5.750184,13.41));
#16724=CARTESIAN_POINT('',(83.3444668155181,-3.65018400000001,13.41));
#16725=CARTESIAN_POINT('',(85.5623834978431,-3.65018400000001,13.41));
#16726=CARTESIAN_POINT('',(81.249844,-1.39999991059303,13.41));
#16727=CARTESIAN_POINT('Origin',(81.249844,-3.49999991059304,13.41));
#16728=CARTESIAN_POINT('',(62.2503447485008,-1.39999991059303,13.41));
#16729=CARTESIAN_POINT('',(76.0624229985787,-1.39999991059303,13.41));
#16730=CARTESIAN_POINT('',(60.1548708893215,-3.63780159961137,13.41));
#16731=CARTESIAN_POINT('Origin',(62.2503447485008,-3.49999991059303,13.41));
#16732=CARTESIAN_POINT('',(43.2499365070947,-3.64814916022722,13.41));
#16733=CARTESIAN_POINT('',(65.059854000143,-3.63479924486031,13.41));
#16734=CARTESIAN_POINT('',(41.1862413114017,-6.13005853798813,13.41));
#16735=CARTESIAN_POINT('Origin',(43.2512219230998,-5.74814876682377,13.41));
#16736=CARTESIAN_POINT('',(24.2480684140136,-6.14734076057708,13.41));
#16737=CARTESIAN_POINT('',(55.5222253184496,-6.11543136018434,13.41));
#16738=CARTESIAN_POINT('',(22.2301627073981,-7.67340184884599,13.41));
#16739=CARTESIAN_POINT('Origin',(24.2502110682873,-8.24733966748934,13.41));
#16740=CARTESIAN_POINT('',(21.7682349164985,-8.26612352946793,13.41));
#16741=CARTESIAN_POINT('Origin',(21.2682349164985,-7.40009812568249,13.41));
#16742=CARTESIAN_POINT('',(21.7682349164985,-9.40009812568249,13.41));
#16743=CARTESIAN_POINT('',(21.7682349164985,-28.721365615996,13.41));
#16744=CARTESIAN_POINT('',(23.1500807973293,-9.4000981256825,13.41));
#16745=CARTESIAN_POINT('',(37.1875700236833,-9.40009812568249,13.41));
#16746=CARTESIAN_POINT('',(23.1502110753104,-8.24721536536318,13.41));
#16747=CARTESIAN_POINT('',(23.1477791100912,-29.7686632022546,13.41));
#16748=CARTESIAN_POINT('',(24.2490887255725,-7.14734024005911,13.41));
#16749=CARTESIAN_POINT('Origin',(24.2502110682873,-8.24733966748934,13.41));
#16750=CARTESIAN_POINT('',(42.1510300357456,-7.12907467290669,13.41));
#16751=CARTESIAN_POINT('',(47.5401378215698,-7.12357610107874,13.41));
#16752=CARTESIAN_POINT('',(42.1512219337184,-5.74799592415039,13.41));
#16753=CARTESIAN_POINT('',(42.1480419996201,-28.6337999779046,13.41));
#16754=CARTESIAN_POINT('',(43.2505486099543,-4.64814897289224,13.41));
#16755=CARTESIAN_POINT('Origin',(43.2512219230998,-5.74814876682377,13.41));
#16756=CARTESIAN_POINT('',(61.1503447485008,-4.63719245443633,13.41));
#16757=CARTESIAN_POINT('',(57.0488770843577,-4.63970297499258,13.41));
#16758=CARTESIAN_POINT('',(61.1503447485008,-3.49999991059303,13.41));
#16759=CARTESIAN_POINT('',(61.1503447485008,-27.389882184591,13.41));
#16760=CARTESIAN_POINT('',(62.2503447485008,-2.39999991059303,13.41));
#16761=CARTESIAN_POINT('Origin',(62.2503447485008,-3.49999991059303,13.41));
#16762=CARTESIAN_POINT('',(81.249844,-2.39999991059304,13.41));
#16763=CARTESIAN_POINT('',(66.5626733728291,-2.39999991059303,13.41));
#16764=CARTESIAN_POINT('',(82.349844,-3.49999991059303,13.41));
#16765=CARTESIAN_POINT('Origin',(81.249844,-3.49999991059304,13.41));
#16766=CARTESIAN_POINT('',(82.349844,-4.65018400000001,13.41));
#16767=CARTESIAN_POINT('',(82.349844,-26.7713165084513,13.41));
#16768=CARTESIAN_POINT('',(100.249764998529,-4.65018400000001,13.41));
#16769=CARTESIAN_POINT('',(76.5624229985787,-4.65018400000001,13.41));
#16770=CARTESIAN_POINT('',(101.349764997262,-5.75023680196931,13.41));
#16771=CARTESIAN_POINT('Origin',(100.249764998529,-5.750184,13.41));
#16772=CARTESIAN_POINT('',(101.349589789758,-9.40025698511029,13.41));
#16773=CARTESIAN_POINT('',(101.348701904994,-27.897166324701,13.41));
#16774=CARTESIAN_POINT('',(138.249865948081,-9.40025711846165,13.41));
#16775=CARTESIAN_POINT('',(86.0622935669286,-9.40025692986459,13.41));
#16776=CARTESIAN_POINT('',(139.349865935578,-10.5003940840885,13.41));
#16777=CARTESIAN_POINT('Origin',(138.249865944105,-10.5002571184617,13.41));
#16778=CARTESIAN_POINT('',(139.342737505464,-67.7503278574337,13.41));
#16779=CARTESIAN_POINT('',(139.347403619536,-30.2757763353026,13.41));
#16780=CARTESIAN_POINT('',(138.242737513991,-68.8501908918069,13.41));
#16781=CARTESIAN_POINT('Origin',(138.242737513991,-67.7501908918069,13.41));
#16782=CARTESIAN_POINT('',(82.8165885762638,-68.8501908918069,13.41));
#16783=CARTESIAN_POINT('',(104.558869755574,-68.8501908918069,13.41));
#16784=CARTESIAN_POINT('',(72.4387785757394,-83.0808005942207,13.41));
#16785=CARTESIAN_POINT('',(85.2355125257145,-65.5332326296384,13.41));
#16786=CARTESIAN_POINT('',(71.6919104350575,-83.5234661967583,13.41));
#16787=CARTESIAN_POINT('Origin',(71.5500096520443,-82.4326572456672,13.41));
#16788=CARTESIAN_POINT('',(34.2975526886575,-88.3880106609186,13.41));
#16789=CARTESIAN_POINT('',(73.4317351140126,-83.2971364769643,13.41));
#16790=CARTESIAN_POINT('',(18.4660064237216,-97.5376520576085,13.41));
#16791=CARTESIAN_POINT('',(56.3220124177946,-75.6592534627815,13.41));
#16792=CARTESIAN_POINT('',(16.9626825918706,-97.1347869072956,13.41));
#16793=CARTESIAN_POINT('Origin',(17.915587153925,-96.585266302026,13.41));
#16794=CARTESIAN_POINT('',(2.54761904789796,-72.1381267609227,13.41));
#16795=CARTESIAN_POINT('',(13.5001582984781,-91.1305440021936,13.41));
#16796=CARTESIAN_POINT('Origin',(3.50052360995234,-71.588606155653,13.41));
#16797=CARTESIAN_POINT('Origin',(1.40026283782636,-30.2715914873653,12.41));
#16798=CARTESIAN_POINT('',(0.400523610014069,-71.588625721284,12.41));
#16799=CARTESIAN_POINT('',(0.400262837846277,-30.2715977988592,12.41));
#16800=CARTESIAN_POINT('Origin',(1.40052360999415,-71.5886194097901,12.41));
#16801=CARTESIAN_POINT('Origin',(0.400138050271097,-10.5001176913134,7.51));
#16802=CARTESIAN_POINT('',(0.400138050271097,-10.5001176913134,12.41));
#16803=CARTESIAN_POINT('',(0.400262837846277,-30.2715977988592,12.41));
#16804=CARTESIAN_POINT('',(0.400138050271097,-10.5001176913134,2.31));
#16805=CARTESIAN_POINT('',(0.400138050271097,-10.5001176913134,7.51));
#16806=CARTESIAN_POINT('',(0.400523610014069,-71.588625721284,2.31));
#16807=CARTESIAN_POINT('',(0.400262837846277,-30.2715977988592,2.31));
#16808=CARTESIAN_POINT('',(0.400523610014069,-71.588625721284,7.51));
#16809=CARTESIAN_POINT('Origin',(1.40026283782636,-30.2715914873653,12.41));
#16810=CARTESIAN_POINT('',(1.40013805025118,-10.5001113798196,13.41));
#16811=CARTESIAN_POINT('',(1.40026283782636,-30.2715914873653,13.41));
#16812=CARTESIAN_POINT('Origin',(1.40013805025118,-10.5001113798196,12.41));
#16813=CARTESIAN_POINT('Origin',(70.8750019971573,-50.0426331063095,13.41));
#16814=CARTESIAN_POINT('',(2.40013805023126,-10.5001050683257,13.41));
#16815=CARTESIAN_POINT('',(2.40045561767792,-60.8158391908567,13.41));
#16816=CARTESIAN_POINT('',(3.50013805020935,-9.40009812568249,13.41));
#16817=CARTESIAN_POINT('Origin',(3.50013805020936,-10.5000981256825,13.41));
#16818=CARTESIAN_POINT('',(5.76823491649852,-9.40009812568249,13.41));
#16819=CARTESIAN_POINT('',(37.1875700236833,-9.40009812568249,13.41));
#16820=CARTESIAN_POINT('',(5.76823491649852,-8.40009812568249,13.41));
#16821=CARTESIAN_POINT('',(5.76823491649852,-31.6506761253221,13.41));
#16822=CARTESIAN_POINT('',(3.50013805020935,-8.40009812568249,13.41));
#16823=CARTESIAN_POINT('',(46.0716184568279,-8.40009812568249,13.41));
#16824=CARTESIAN_POINT('Origin',(3.50013805020936,-10.5000981256825,13.41));
#16825=CARTESIAN_POINT('Origin',(2.40045561767792,-60.8158391908567,12.91));
#16826=CARTESIAN_POINT('',(2.90013805022131,-10.5001019125788,12.91));
#16827=CARTESIAN_POINT('',(2.90045561766797,-60.8158360351098,12.91));
#16828=CARTESIAN_POINT('Origin',(2.40013805023126,-10.5001050683257,12.91));
#16829=CARTESIAN_POINT('Origin',(2.90052360996428,-71.5886099425493,7.51));
#16830=CARTESIAN_POINT('',(2.90013805022131,-10.5001019125788,3.81));
#16831=CARTESIAN_POINT('',(2.90045561766798,-60.8158360351098,3.81));
#16832=CARTESIAN_POINT('',(2.90013805022131,-10.5001019125788,5.81));
#16833=CARTESIAN_POINT('Origin',(5.76823491649852,-9.40009812568249,10.51));
#16834=CARTESIAN_POINT('',(6.26823491649852,-9.40009812568249,12.91));
#16835=CARTESIAN_POINT('',(5.76823491649852,-9.90009812568249,12.91));
#16836=CARTESIAN_POINT('Origin',(5.76823491649852,-9.40009812568249,12.91));
#16837=CARTESIAN_POINT('',(5.76823491649852,-9.90009812568249,5.31));
#16838=CARTESIAN_POINT('',(5.76823491649852,-9.90009812568249,10.51));
#16839=CARTESIAN_POINT('',(6.26823491649852,-9.40009812568249,5.31));
#16840=CARTESIAN_POINT('Origin',(5.76823491649852,-9.40009812568249,5.31));
#16841=CARTESIAN_POINT('',(6.26823491649852,-9.40009812568249,10.51));
#16842=CARTESIAN_POINT('Origin',(7.76823491649852,-9.40009812568249,5.31));
#16843=CARTESIAN_POINT('',(6.44535926096623,-9.90009812568249,3.81));
#16844=CARTESIAN_POINT('',(7.76823491649852,-9.40009812568249,3.81));
#16845=CARTESIAN_POINT('Ctrl Pts',(7.76823491649852,-9.40009812568249,3.81));
#16846=CARTESIAN_POINT('Ctrl Pts',(7.37402303782479,-9.62769645995252,3.81));
#16847=CARTESIAN_POINT('Ctrl Pts',(6.90055592950628,-9.90009812568249,3.81));
#16848=CARTESIAN_POINT('Ctrl Pts',(6.44535926096623,-9.90009812568249,3.81));
#16849=CARTESIAN_POINT('Origin',(7.76823491649852,-9.40009812568249,5.31));
#16850=CARTESIAN_POINT('Origin',(7.76823491649852,-9.90009812568249,5.31));
#16851=CARTESIAN_POINT('Origin',(21.7682349164985,-7.47287573550026,7.51));
#16852=CARTESIAN_POINT('',(21.2682349164985,-7.47287573550026,12.41));
#16853=CARTESIAN_POINT('',(21.2909318103853,-7.32394036396389,12.41));
#16854=CARTESIAN_POINT('Origin',(21.7682349164985,-7.47287573550026,12.41));
#16855=CARTESIAN_POINT('',(21.2909318103853,-7.32394036396389,5.31));
#16856=CARTESIAN_POINT('',(21.2909318103853,-7.32394036396389,7.51));
#16857=CARTESIAN_POINT('',(21.2682349164985,-7.47287573550026,5.31));
#16858=CARTESIAN_POINT('Origin',(21.7682349164985,-7.47287573550026,5.31));
#16859=CARTESIAN_POINT('',(21.2682349164985,-7.47287573550026,7.51));
#16860=CARTESIAN_POINT('Ctrl Pts',(21.1971861475857,-7.9000981256825,4.85382198740565));
#16861=CARTESIAN_POINT('Ctrl Pts',(21.2216781856487,-7.65777371462586,4.93054187958759));
#16862=CARTESIAN_POINT('Ctrl Pts',(21.2682349164985,-7.47287573550027,5.11121180752941));
#16863=CARTESIAN_POINT('Ctrl Pts',(21.2682349164985,-7.47287573550027,5.31));
#16864=CARTESIAN_POINT('Ctrl Pts',(21.1816183702477,-7.87741478955785,4.80505682560884));
#16865=CARTESIAN_POINT('Ctrl Pts',(21.2115693169273,-7.61929283623345,4.88982952269623));
#16866=CARTESIAN_POINT('Ctrl Pts',(21.2682349164985,-7.42246550762223,5.08980288490745));
#16867=CARTESIAN_POINT('Ctrl Pts',(21.2682349164985,-7.42246550762223,5.31));
#16868=CARTESIAN_POINT('Ctrl Pts',(21.1750965181593,-7.85473624284016,4.75341519075418));
#16869=CARTESIAN_POINT('Ctrl Pts',(21.2099621795538,-7.58081972566281,4.84694613119253));
#16870=CARTESIAN_POINT('Ctrl Pts',(21.2759160783488,-7.37206228065604,5.06737775935412));
#16871=CARTESIAN_POINT('Ctrl Pts',(21.2759160783488,-7.37206228065604,5.31));
#16872=CARTESIAN_POINT('Ctrl Pts',(21.1779824854469,-7.83332090610426,4.7017626498742));
#16873=CARTESIAN_POINT('Ctrl Pts',(21.2169185459574,-7.54439564676749,4.80405583945012));
#16874=CARTESIAN_POINT('Ctrl Pts',(21.2909318103853,-7.32394036396391,5.04494907670588));
#16875=CARTESIAN_POINT('Ctrl Pts',(21.2909318103853,-7.32394036396391,5.31));
#16876=CARTESIAN_POINT('',(21.1971861475857,-7.90009812568249,4.85382198740565));
#16877=CARTESIAN_POINT('Ctrl Pts',(21.1971861475857,-7.9000981256825,4.85382198740565));
#16878=CARTESIAN_POINT('Ctrl Pts',(21.2216781856487,-7.65777371462586,4.93054187958759));
#16879=CARTESIAN_POINT('Ctrl Pts',(21.2682349164985,-7.47287573550027,5.11121180752941));
#16880=CARTESIAN_POINT('Ctrl Pts',(21.2682349164985,-7.47287573550027,5.31));
#16881=CARTESIAN_POINT('',(21.2682349164945,-7.40009812569666,5.03471461180964));
#16882=CARTESIAN_POINT('Ctrl Pts',(21.2909318103853,-7.32394036396391,5.31));
#16883=CARTESIAN_POINT('Ctrl Pts',(21.2909318103853,-7.32394036396391,5.21400355395043));
#16884=CARTESIAN_POINT('Ctrl Pts',(21.2812231071372,-7.3528586252615,5.12117599670369));
#16885=CARTESIAN_POINT('Ctrl Pts',(21.2669884989345,-7.40347445114582,5.0369543905954));
#16886=CARTESIAN_POINT('',(21.1952635249103,-7.72075114215415,4.74918491272781));
#16887=CARTESIAN_POINT('Ctrl Pts',(21.2669884989345,-7.40347445114578,5.03695439059546));
#16888=CARTESIAN_POINT('Ctrl Pts',(21.2471879159141,-7.47388192905421,4.91980069868424));
#16889=CARTESIAN_POINT('Ctrl Pts',(21.2186300304356,-7.58627264293286,4.81929890684914));
#16890=CARTESIAN_POINT('Ctrl Pts',(21.1952644403397,-7.72121195351104,4.75008296932145));
#16891=CARTESIAN_POINT('Ctrl Pts',(21.1952919791821,-7.7210529374455,4.75016455505791));
#16892=CARTESIAN_POINT('Ctrl Pts',(21.1913076237551,-7.74408077081454,4.7640829942932));
#16893=CARTESIAN_POINT('Ctrl Pts',(21.1890895563902,-7.76748917323756,4.77786401041067));
#16894=CARTESIAN_POINT('Ctrl Pts',(21.188514962295,-7.79105067262785,4.79152913974564));
#16895=CARTESIAN_POINT('Ctrl Pts',(21.1883822757827,-7.79649154506924,4.79468472099177));
#16896=CARTESIAN_POINT('Ctrl Pts',(21.1883373552579,-7.80194076148922,4.79783409863326));
#16897=CARTESIAN_POINT('Ctrl Pts',(21.1883788987404,-7.80739582736643,4.80097747257682));
#16898=CARTESIAN_POINT('Ctrl Pts',(21.1885621864496,-7.83146329754848,4.81484587680157));
#16899=CARTESIAN_POINT('Ctrl Pts',(21.1904262362881,-7.8556257810686,4.82858928284296));
#16900=CARTESIAN_POINT('Ctrl Pts',(21.1938735005288,-7.87967362237837,4.84223670373036));
#16901=CARTESIAN_POINT('Ctrl Pts',(21.1948087142205,-7.8861975987487,4.84593913382537));
#16902=CARTESIAN_POINT('Ctrl Pts',(21.1958605751336,-7.89271333257018,4.84963431003876));
#16903=CARTESIAN_POINT('Ctrl Pts',(21.1970273615373,-7.8992170428083,4.85332235368158));
#16904=CARTESIAN_POINT('Ctrl Pts',(21.1970800556863,-7.89951076192909,4.85348891229144));
#16905=CARTESIAN_POINT('Ctrl Pts',(21.1971329844333,-7.89980445642898,4.85365545690693));
#16906=CARTESIAN_POINT('Ctrl Pts',(21.1971861475857,-7.9000981256825,4.85382198740565));
#16907=CARTESIAN_POINT('Origin',(19.7682349164985,-7.90009812568249,5.31));
#16908=CARTESIAN_POINT('',(21.2682349164985,-7.40009812568249,3.98712434446771));
#16909=CARTESIAN_POINT('',(19.7682349164985,-7.40009812568249,3.31));
#16910=CARTESIAN_POINT('Origin',(19.7682349164985,-7.40009812568249,5.31));
#16911=CARTESIAN_POINT('',(19.7682349164985,-7.90009812568249,3.81));
#16912=CARTESIAN_POINT('Origin',(19.7682349164985,-7.90009812568249,3.31));
#16913=CARTESIAN_POINT('Origin',(19.7682349164985,-7.90009812568249,5.31));
#16914=CARTESIAN_POINT('Ctrl Pts',(21.1952635174981,-7.72075115458075,4.74918489033509));
#16915=CARTESIAN_POINT('Ctrl Pts',(21.1958506328486,-7.71734506698433,4.74710046551506));
#16916=CARTESIAN_POINT('Ctrl Pts',(21.1964368138121,-7.71397842682463,4.74494608351999));
#16917=CARTESIAN_POINT('Ctrl Pts',(21.2042880989457,-7.66931289652375,4.71516440006803));
#16918=CARTESIAN_POINT('Ctrl Pts',(21.2115400980695,-7.63298301990437,4.67702059495467));
#16919=CARTESIAN_POINT('Ctrl Pts',(21.2307667927453,-7.54253787128498,4.55944962968278));
#16920=CARTESIAN_POINT('Ctrl Pts',(21.2443336980447,-7.48827885913248,4.45278732357357));
#16921=CARTESIAN_POINT('Ctrl Pts',(21.263076790604,-7.41774523355675,4.21997548733978));
#16922=CARTESIAN_POINT('Ctrl Pts',(21.2682349164985,-7.40009812568249,4.10305578804431));
#16923=CARTESIAN_POINT('Ctrl Pts',(21.2682349164985,-7.40009812568249,3.98712434446771));
#16924=CARTESIAN_POINT('Origin',(12.584369841069,-7.90009812568249,3.31));
#16925=CARTESIAN_POINT('',(7.76823491649852,-7.40009812568249,3.31));
#16926=CARTESIAN_POINT('',(7.76823491649852,-7.90009812568249,3.81));
#16927=CARTESIAN_POINT('Origin',(7.76823491649852,-7.90009812568249,3.31));
#16928=CARTESIAN_POINT('',(12.584369841069,-7.90009812568249,3.81));
#16929=CARTESIAN_POINT('',(12.584369841069,-7.40009812568249,3.31));
#16930=CARTESIAN_POINT('Origin',(7.76823491649852,-7.90009812568249,5.31));
#16931=CARTESIAN_POINT('',(5.76823491649852,-7.40009812568249,5.31));
#16932=CARTESIAN_POINT('',(6.26823491649852,-7.90009812568249,5.31));
#16933=CARTESIAN_POINT('Origin',(5.76823491649852,-7.90009812568249,5.31));
#16934=CARTESIAN_POINT('Origin',(7.76823491649852,-7.90009812568249,5.31));
#16935=CARTESIAN_POINT('Origin',(7.76823491649852,-7.40009812568249,5.31));
#16936=CARTESIAN_POINT('Origin',(5.76823491649852,-7.90009812568249,10.51));
#16937=CARTESIAN_POINT('',(5.76823491649852,-7.40009812568249,12.41));
#16938=CARTESIAN_POINT('',(6.26823491649852,-7.90009812568249,12.41));
#16939=CARTESIAN_POINT('Origin',(5.76823491649852,-7.90009812568249,12.41));
#16940=CARTESIAN_POINT('',(6.26823491649852,-7.90009812568249,10.51));
#16941=CARTESIAN_POINT('',(5.76823491649852,-7.40009812568249,10.51));
#16942=CARTESIAN_POINT('Ctrl Pts',(6.26823491649852,-8.40009812568249,12.91));
#16943=CARTESIAN_POINT('Ctrl Pts',(6.26823491649852,-7.90009812568249,12.91));
#16944=CARTESIAN_POINT('Ctrl Pts',(6.26823491649852,-7.90009812568249,12.41));
#16945=CARTESIAN_POINT('Ctrl Pts',(6.26823491649852,-8.40009812568249,13.41));
#16946=CARTESIAN_POINT('Ctrl Pts',(6.26823491649852,-7.40009812568249,13.41));
#16947=CARTESIAN_POINT('Ctrl Pts',(6.26823491649852,-7.40009812568249,12.41));
#16948=CARTESIAN_POINT('Ctrl Pts',(5.76823491649852,-8.40009812568249,13.41));
#16949=CARTESIAN_POINT('Ctrl Pts',(5.76823491649852,-7.40009812568249,13.41));
#16950=CARTESIAN_POINT('Ctrl Pts',(5.76823491649852,-7.40009812568249,12.41));
#16951=CARTESIAN_POINT('',(6.26823491649852,-8.40009812568249,12.91));
#16952=CARTESIAN_POINT('Origin',(5.76823491649852,-8.40009812568249,12.91));
#16953=CARTESIAN_POINT('Origin',(6.26823491649852,-8.40009812568249,12.41));
#16954=CARTESIAN_POINT('Origin',(5.76823491649852,-8.40009812568249,12.41));
#16955=CARTESIAN_POINT('Origin',(5.76823491649852,-31.6506761253221,12.91));
#16956=CARTESIAN_POINT('Origin',(5.76823491649852,-9.40009812568249,12.91));
#16957=CARTESIAN_POINT('',(6.26823491649852,-31.6506761253221,12.91));
#16958=CARTESIAN_POINT('Origin',(5.76823491649852,-9.40009812568249,12.91));
#16959=CARTESIAN_POINT('Origin',(5.76823491649852,-9.40009812568249,12.91));
#16960=CARTESIAN_POINT('Ctrl Pts',(21.2682349164985,-7.54215854110512,12.5492763805096));
#16961=CARTESIAN_POINT('Ctrl Pts',(21.2682349164985,-7.62811633900918,12.6302763726244));
#16962=CARTESIAN_POINT('Ctrl Pts',(21.2682349164985,-7.83881240691938,12.8101610383148));
#16963=CARTESIAN_POINT('Ctrl Pts',(21.2682349164985,-8.10876372393021,12.9100000000002));
#16964=CARTESIAN_POINT('Ctrl Pts',(21.2682349164985,-8.26612352946793,12.91));
#16965=CARTESIAN_POINT('Ctrl Pts',(21.2682349164985,-7.51971198401415,12.5730968349034));
#16966=CARTESIAN_POINT('Ctrl Pts',(21.2682257617283,-7.59352548418863,12.6686665617591));
#16967=CARTESIAN_POINT('Ctrl Pts',(21.26850885016,-7.78277896003845,12.8856120494701));
#16968=CARTESIAN_POINT('Ctrl Pts',(21.2686051688277,-8.07780922608757,13.0294317095434));
#16969=CARTESIAN_POINT('Ctrl Pts',(21.2682349164985,-8.26612352946812,13.0408996938996));
#16970=CARTESIAN_POINT('Ctrl Pts',(21.2746836025973,-7.47481948760331,12.6207370881077));
#16971=CARTESIAN_POINT('Ctrl Pts',(21.282174595947,-7.52434841845119,12.7454419064918));
#16972=CARTESIAN_POINT('Ctrl Pts',(21.3143468188318,-7.67075657608157,13.0370141045284));
#16973=CARTESIAN_POINT('Ctrl Pts',(21.3567055897943,-8.01644308693966,13.2682279820865));
#16974=CARTESIAN_POINT('Ctrl Pts',(21.3766346514805,-8.26612352946852,13.3016002650183));
#16975=CARTESIAN_POINT('Ctrl Pts',(21.2937799514588,-7.43165261042488,12.6665461012665));
#16976=CARTESIAN_POINT('Ctrl Pts',(21.3231318016744,-7.4598150226445,12.8171601750935));
#16977=CARTESIAN_POINT('Ctrl Pts',(21.4469294227011,-7.5878980030725,13.1612469265065));
#16978=CARTESIAN_POINT('Ctrl Pts',(21.5805210866633,-7.99049562233554,13.3917581600093));
#16979=CARTESIAN_POINT('Ctrl Pts',(21.6373352225993,-8.26612352946868,13.4100000000001));
#16980=CARTESIAN_POINT('Ctrl Pts',(21.3063071255989,-7.41091523336422,12.6885527610192));
#16981=CARTESIAN_POINT('Ctrl Pts',(21.3497827440699,-7.42981276871692,12.8505527452488));
#16982=CARTESIAN_POINT('Ctrl Pts',(21.5298827740646,-7.56035355456499,13.2103220766295));
#16983=CARTESIAN_POINT('Ctrl Pts',(21.7000961219339,-7.99074386977758,13.4100000000005));
#16984=CARTESIAN_POINT('Ctrl Pts',(21.768234916499,-8.26612352946868,13.41));
#16985=CARTESIAN_POINT('',(21.3063071255989,-7.41091523336422,12.6885527610193));
#16986=CARTESIAN_POINT('',(21.2682349164985,-7.54215854110513,12.5492763805096));
#16987=CARTESIAN_POINT('Origin',(21.7682349164985,-7.54215854110513,12.5492763805096));
#16988=CARTESIAN_POINT('',(21.2682349164985,-8.26612352946793,12.91));
#16989=CARTESIAN_POINT('Ctrl Pts',(21.2682349164985,-7.54215854110512,12.5492763805096));
#16990=CARTESIAN_POINT('Ctrl Pts',(21.2682349164985,-7.62811633900918,12.6302763726244));
#16991=CARTESIAN_POINT('Ctrl Pts',(21.2682349164985,-7.83881240691938,12.8101610383148));
#16992=CARTESIAN_POINT('Ctrl Pts',(21.2682349164985,-8.10876372393021,12.9100000000002));
#16993=CARTESIAN_POINT('Ctrl Pts',(21.2682349164985,-8.26612352946793,12.91));
#16994=CARTESIAN_POINT('Origin',(21.7682349164985,-8.26612352946793,12.91));
#16995=CARTESIAN_POINT('Ctrl Pts',(21.768234916499,-8.26612352946868,13.41));
#16996=CARTESIAN_POINT('Ctrl Pts',(21.7000961219339,-7.99074386977758,13.4100000000005));
#16997=CARTESIAN_POINT('Ctrl Pts',(21.5298827740646,-7.56035355456499,13.2103220766295));
#16998=CARTESIAN_POINT('Ctrl Pts',(21.3497827440699,-7.42981276871692,12.8505527452488));
#16999=CARTESIAN_POINT('Ctrl Pts',(21.3063071255989,-7.41091523336422,12.6885527610192));
#17000=CARTESIAN_POINT('Origin',(21.7682349164985,-28.721365615996,12.91));
#17001=CARTESIAN_POINT('',(21.2682349164985,-9.40009812568249,12.91));
#17002=CARTESIAN_POINT('Origin',(21.7682349164985,-9.40009812568249,12.91));
#17003=CARTESIAN_POINT('',(21.2682349164985,-28.721365615996,12.91));
#17004=CARTESIAN_POINT('Ctrl Pts',(21.2682349164985,-7.47287573550026,12.41));
#17005=CARTESIAN_POINT('Ctrl Pts',(21.2682349164985,-7.47287573550026,12.4633450648569));
#17006=CARTESIAN_POINT('Ctrl Pts',(21.2682349164985,-7.50333488379977,12.5126919633622));
#17007=CARTESIAN_POINT('Ctrl Pts',(21.2682349164985,-7.54215854110512,12.5492763805096));
#17008=CARTESIAN_POINT('Ctrl Pts',(21.2682349164985,-7.42246550762221,12.41));
#17009=CARTESIAN_POINT('Ctrl Pts',(21.2682349164985,-7.42246550762221,12.4814013615965));
#17010=CARTESIAN_POINT('Ctrl Pts',(21.2682502206318,-7.45542213265458,12.547542221664));
#17011=CARTESIAN_POINT('Ctrl Pts',(21.2682349164985,-7.49726542692319,12.5969172892972));
#17012=CARTESIAN_POINT('Ctrl Pts',(21.2759160783488,-7.37206228065603,12.41));
#17013=CARTESIAN_POINT('Ctrl Pts',(21.2759160783488,-7.37206228065603,12.4994547946832));
#17014=CARTESIAN_POINT('Ctrl Pts',(21.2783548991361,-7.40751951549809,12.582388920073));
#17015=CARTESIAN_POINT('Ctrl Pts',(21.2812527773186,-7.45238998748556,12.6445394415139));
#17016=CARTESIAN_POINT('Ctrl Pts',(21.2909318103853,-7.32394036396389,12.41));
#17017=CARTESIAN_POINT('Ctrl Pts',(21.2909318103853,-7.32394036396389,12.5166901297138));
#17018=CARTESIAN_POINT('Ctrl Pts',(21.2980000411121,-7.36250577668207,12.6153839267243));
#17019=CARTESIAN_POINT('Ctrl Pts',(21.3063071255989,-7.41091523336424,12.6885527610193));
#17020=CARTESIAN_POINT('Ctrl Pts',(21.3063071255989,-7.41091523336424,12.6885527610193));
#17021=CARTESIAN_POINT('Ctrl Pts',(21.2980000411121,-7.36250577668207,12.6153839267243));
#17022=CARTESIAN_POINT('Ctrl Pts',(21.2909318103853,-7.32394036396389,12.5166901297138));
#17023=CARTESIAN_POINT('Ctrl Pts',(21.2909318103853,-7.32394036396389,12.41));
#17024=CARTESIAN_POINT('Ctrl Pts',(21.2682349164985,-7.47287573550026,12.41));
#17025=CARTESIAN_POINT('Ctrl Pts',(21.2682349164985,-7.47287573550026,12.4633450648569));
#17026=CARTESIAN_POINT('Ctrl Pts',(21.2682349164985,-7.50333488379977,12.5126919633622));
#17027=CARTESIAN_POINT('Ctrl Pts',(21.2682349164985,-7.54215854110512,12.5492763805096));
#17028=CARTESIAN_POINT('Origin',(21.7682349164985,-9.40009812568249,10.51));
#17029=CARTESIAN_POINT('',(21.2682349164985,-9.40009812568249,5.31));
#17030=CARTESIAN_POINT('',(21.7682349164985,-9.90009812568249,5.31));
#17031=CARTESIAN_POINT('Origin',(21.7682349164985,-9.40009812568249,5.31));
#17032=CARTESIAN_POINT('',(21.7682349164985,-9.90009812568249,12.91));
#17033=CARTESIAN_POINT('',(21.7682349164985,-9.90009812568249,10.51));
#17034=CARTESIAN_POINT('Origin',(21.7682349164985,-9.40009812568249,12.91));
#17035=CARTESIAN_POINT('',(21.2682349164985,-9.40009812568249,10.51));
#17036=CARTESIAN_POINT('Origin',(19.7682349164985,-9.40009812568249,5.31));
#17037=CARTESIAN_POINT('',(19.7682349164985,-9.40009812568249,3.81));
#17038=CARTESIAN_POINT('',(21.0911105720308,-9.90009812568249,3.81));
#17039=CARTESIAN_POINT('Ctrl Pts',(21.0911105720308,-9.90009812568249,3.81));
#17040=CARTESIAN_POINT('Ctrl Pts',(20.6359139034908,-9.90009812568249,3.81));
#17041=CARTESIAN_POINT('Ctrl Pts',(20.1624467951722,-9.62769645995252,3.81));
#17042=CARTESIAN_POINT('Ctrl Pts',(19.7682349164985,-9.40009812568249,3.81));
#17043=CARTESIAN_POINT('Origin',(19.7682349164985,-9.90009812568249,5.31));
#17044=CARTESIAN_POINT('Origin',(19.7682349164985,-9.40009812568249,5.31));
#17045=CARTESIAN_POINT('Origin',(21.7682349164985,-9.40009812568249,12.91));
#17046=CARTESIAN_POINT('Origin',(21.7682349164985,-9.40009812568249,12.91));
#17047=CARTESIAN_POINT('Origin',(3.50013805020935,-9.90009812568249,7.51));
#17048=CARTESIAN_POINT('',(3.50013805020935,-9.90009812568249,12.91));
#17049=CARTESIAN_POINT('',(37.1875700236833,-9.90009812568249,12.91));
#17050=CARTESIAN_POINT('',(3.50013805020936,-9.90009812568249,3.81));
#17051=CARTESIAN_POINT('',(3.50013805020935,-9.90009812568249,7.51));
#17052=CARTESIAN_POINT('',(6.26823491649852,-9.90009812568249,3.81));
#17053=CARTESIAN_POINT('Origin',(37.1875700236833,-9.40009812568249,12.91));
#17054=CARTESIAN_POINT('Origin',(3.50013805020935,-9.40009812568249,12.91));
#17055=CARTESIAN_POINT('Origin',(46.0716184568279,-8.40009812568249,12.41));
#17056=CARTESIAN_POINT('',(3.50013805020934,-7.40009812568249,12.41));
#17057=CARTESIAN_POINT('',(46.0716184568279,-7.40009812568249,12.41));
#17058=CARTESIAN_POINT('Origin',(3.50013805020935,-8.40009812568249,12.41));
#17059=CARTESIAN_POINT('Origin',(21.2682349164985,-7.40009812568249,7.51));
#17060=CARTESIAN_POINT('',(21.2682349164985,-7.40009812568249,2.31));
#17061=CARTESIAN_POINT('',(21.2682349164985,-7.40009812568249,7.51));
#17062=CARTESIAN_POINT('',(3.50013805020934,-7.40009812568249,2.31));
#17063=CARTESIAN_POINT('',(46.0716184568279,-7.40009812568249,2.31));
#17064=CARTESIAN_POINT('',(3.50013805020934,-7.40009812568249,7.51));
#17065=CARTESIAN_POINT('Origin',(24.2502110682873,-8.24733966748934,7.51));
#17066=CARTESIAN_POINT('',(24.2470481024547,-5.14734128109505,12.41));
#17067=CARTESIAN_POINT('Origin',(24.2502110682873,-8.24733966748934,12.41));
#17068=CARTESIAN_POINT('',(24.2470481024547,-5.14734128109505,2.31));
#17069=CARTESIAN_POINT('',(24.2470481024547,-5.14734128109505,7.51));
#17070=CARTESIAN_POINT('Origin',(24.2502110682873,-8.24733966748934,2.31));
#17071=CARTESIAN_POINT('Origin',(24.2502110682873,-8.24733966748934,12.41));
#17072=CARTESIAN_POINT('Origin',(22.2301627073981,-7.67340184884599,12.41));
#17073=CARTESIAN_POINT('Origin',(24.2480684140136,-6.14734076057708,12.41));
#17074=CARTESIAN_POINT('Ctrl Pts',(21.2880244523975,-7.4343746073177,12.6885527610193));
#17075=CARTESIAN_POINT('Ctrl Pts',(21.3019214546482,-7.42635116932729,12.6885527610193));
#17076=CARTESIAN_POINT('Ctrl Pts',(21.3063071255989,-7.41091523336421,12.6885527610193));
#17077=CARTESIAN_POINT('Ctrl Pts',(21.3926458295702,-7.61558414813888,13.4100000000013));
#17078=CARTESIAN_POINT('Ctrl Pts',(21.4800121401197,-7.56514318522505,13.4100000000013));
#17079=CARTESIAN_POINT('Ctrl Pts',(21.5075835460484,-7.46810205717185,13.4100000000013));
#17080=CARTESIAN_POINT('Ctrl Pts',(21.768234916499,-8.26612352946868,13.41));
#17081=CARTESIAN_POINT('Ctrl Pts',(22.1193548801444,-8.06340432394036,13.41));
#17082=CARTESIAN_POINT('Ctrl Pts',(22.2301627073998,-7.67340184884646,13.41));
#17083=CARTESIAN_POINT('Origin',(37.1875700236833,-9.40009812568249,12.91));
#17084=CARTESIAN_POINT('',(23.2500694977744,-9.90009812568249,12.91));
#17085=CARTESIAN_POINT('',(37.1875700236833,-9.90009812568249,12.91));
#17086=CARTESIAN_POINT('Origin',(23.1500807973293,-9.40009812568249,12.91));
#17087=CARTESIAN_POINT('Origin',(3.50013805020936,-10.5000981256825,12.41));
#17088=CARTESIAN_POINT('Origin',(3.50013805020936,-10.5000981256825,12.41));
#17089=CARTESIAN_POINT('Origin',(2.90039361415803,-50.991932,4.01));
#17090=CARTESIAN_POINT('',(36.8877008000509,-50.9917174893197,5.31));
#17091=CARTESIAN_POINT('Origin',(48.8979649394989,-81.1048817300438,12.41));
#17092=CARTESIAN_POINT('',(19.4667687324426,-99.2692625223042,12.41));
#17093=CARTESIAN_POINT('Origin',(18.9663875780821,-98.4034572899564,12.41));
#17094=CARTESIAN_POINT('',(34.9520949898455,-90.3197145883926,12.41));
#17095=CARTESIAN_POINT('',(49.3983460938594,-81.9706869623916,12.41));
#17096=CARTESIAN_POINT('Origin',(34.6248238392515,-89.3538626246556,12.41));
#17097=CARTESIAN_POINT('Origin',(80.8396010542234,-73.258297645505,12.41));
#17098=CARTESIAN_POINT('',(74.0547220733668,-84.2592430461358,12.41));
#17099=CARTESIAN_POINT('Origin',(73.2467503245532,-83.6700218201783,12.41));
#17100=CARTESIAN_POINT('',(83.8334032721874,-70.8501908918069,12.41));
#17101=CARTESIAN_POINT('',(81.6475728030371,-73.8475188714625,12.41));
#17102=CARTESIAN_POINT('Origin',(83.3249959242256,-69.8501908918069,12.41));
#17103=CARTESIAN_POINT('Origin',(104.56243404967,-8.40025699672097,12.41));
#17104=CARTESIAN_POINT('',(138.249865955308,-7.40025711846165,12.41));
#17105=CARTESIAN_POINT('Origin',(138.249865951694,-8.40025711846164,12.41));
#17106=CARTESIAN_POINT('',(103.349685795642,-7.4002569923383,12.41));
#17107=CARTESIAN_POINT('',(104.562434053284,-7.40025699672097,12.41));
#17108=CARTESIAN_POINT('Origin',(102.3496377927,-8.40025698872429,12.41));
#17109=CARTESIAN_POINT('Origin',(85.5623834978431,-3.65018400000001,12.41));
#17110=CARTESIAN_POINT('',(100.249764998529,-2.65018400000002,12.41));
#17111=CARTESIAN_POINT('Origin',(100.249764998529,-3.65018400000001,12.41));
#17112=CARTESIAN_POINT('',(84.2310875187523,-2.65018400000001,12.41));
#17113=CARTESIAN_POINT('',(85.5623834978431,-2.65018400000001,12.41));
#17114=CARTESIAN_POINT('Ctrl Pts',(84.2310875187524,-2.65018400000001,12.41));
#17115=CARTESIAN_POINT('Ctrl Pts',(84.2310875187524,-2.65018400000001,12.5150309691853));
#17116=CARTESIAN_POINT('Ctrl Pts',(84.2186553209039,-2.66674789857372,12.6181610476874));
#17117=CARTESIAN_POINT('Ctrl Pts',(84.1687270770911,-2.73209102776575,12.8217338424808));
#17118=CARTESIAN_POINT('Ctrl Pts',(84.1299586826719,-2.78242485353167,12.9177087478304));
#17119=CARTESIAN_POINT('Ctrl Pts',(84.0221182332101,-2.91811669442324,13.1027213312171));
#17120=CARTESIAN_POINT('Ctrl Pts',(83.9496903881312,-3.00687724735555,13.1839256756648));
#17121=CARTESIAN_POINT('Ctrl Pts',(83.7947504372418,-3.18718184786677,13.3022657532851));
#17122=CARTESIAN_POINT('Ctrl Pts',(83.714270981444,-3.2771620207436,13.3425401224446));
#17123=CARTESIAN_POINT('Ctrl Pts',(83.5400859092454,-3.46135425652087,13.3969245463079));
#17124=CARTESIAN_POINT('Ctrl Pts',(83.4460098386566,-3.55547199869766,13.4096305165811));
#17125=CARTESIAN_POINT('Ctrl Pts',(83.3473185004853,-3.64752810379354,13.4099973562786));
#17126=CARTESIAN_POINT('Ctrl Pts',(83.3458929960108,-3.64885641519786,13.41));
#17127=CARTESIAN_POINT('Ctrl Pts',(83.3444668155181,-3.65018400000001,13.41));
#17128=CARTESIAN_POINT('Origin',(55.5222253184496,-6.11543136018434,12.41));
#17129=CARTESIAN_POINT('',(40.2132637193322,-5.13105075827033,12.41));
#17130=CARTESIAN_POINT('',(55.5212050068908,-5.11543188070232,12.41));
#17131=CARTESIAN_POINT('Ctrl Pts',(41.1862413114017,-6.13005853798813,13.41));
#17132=CARTESIAN_POINT('Ctrl Pts',(41.1846816167294,-6.128762198038,13.41));
#17133=CARTESIAN_POINT('Ctrl Pts',(41.1831226433191,-6.12746498982852,13.4099974730649));
#17134=CARTESIAN_POINT('Ctrl Pts',(41.0700219861727,-6.03324863365853,13.4096299174583));
#17135=CARTESIAN_POINT('Ctrl Pts',(40.9621941813097,-5.93584324104949,13.3962929042219));
#17136=CARTESIAN_POINT('Ctrl Pts',(40.7638005907045,-5.74492666119167,13.337767387972));
#17137=CARTESIAN_POINT('Ctrl Pts',(40.6725858908503,-5.65146703659133,13.2943877920845));
#17138=CARTESIAN_POINT('Ctrl Pts',(40.5047043838982,-5.47165608546112,13.1701417647327));
#17139=CARTESIAN_POINT('Ctrl Pts',(40.4288099983848,-5.3859414394131,13.0886710266972));
#17140=CARTESIAN_POINT('Ctrl Pts',(40.3170062010327,-5.25619383255652,12.9049227848725));
#17141=CARTESIAN_POINT('Ctrl Pts',(40.2770985098874,-5.20839990070667,12.8108722549894));
#17142=CARTESIAN_POINT('Ctrl Pts',(40.2259749447196,-5.14667422145435,12.6121525919503));
#17143=CARTESIAN_POINT('Ctrl Pts',(40.2132637193322,-5.13105075827033,12.5120406635717));
#17144=CARTESIAN_POINT('Ctrl Pts',(40.2132637193322,-5.13105075827033,12.41));
#17145=CARTESIAN_POINT('Origin',(43.2512219230998,-5.74814876682377,12.41));
#17146=CARTESIAN_POINT('',(43.249324404235,-2.6481493475622,12.41));
#17147=CARTESIAN_POINT('Origin',(43.2499365070947,-3.64814916022722,12.41));
#17148=CARTESIAN_POINT('Origin',(43.2512219230998,-5.74814876682377,12.41));
#17149=CARTESIAN_POINT('Origin',(65.059854000143,-3.63479924486031,12.41));
#17150=CARTESIAN_POINT('',(59.2725024415248,-2.6383415126277,12.41));
#17151=CARTESIAN_POINT('',(65.0592418972834,-2.63479943219528,12.41));
#17152=CARTESIAN_POINT('Ctrl Pts',(60.1548708893215,-3.63780159961137,13.41));
#17153=CARTESIAN_POINT('Ctrl Pts',(60.1534513917854,-3.63647319956933,13.41));
#17154=CARTESIAN_POINT('Ctrl Pts',(60.1520325671197,-3.63514408012223,13.4099973495678));
#17155=CARTESIAN_POINT('Ctrl Pts',(60.0540775334706,-3.54328929211238,13.4096306110206));
#17156=CARTESIAN_POINT('Ctrl Pts',(59.9607000075707,-3.44942820722037,13.3969634438323));
#17157=CARTESIAN_POINT('Ctrl Pts',(59.7877405466863,-3.26574334010369,13.3428158801057));
#17158=CARTESIAN_POINT('Ctrl Pts',(59.7078016969349,-3.17601681400598,13.3027185744993));
#17159=CARTESIAN_POINT('Ctrl Pts',(59.5534940739312,-2.99578717433911,13.1847147794306));
#17160=CARTESIAN_POINT('Ctrl Pts',(59.4812229209952,-2.90690052230142,13.1035303890489));
#17161=CARTESIAN_POINT('Ctrl Pts',(59.3735453163915,-2.77093417174851,12.9184522656967));
#17162=CARTESIAN_POINT('Ctrl Pts',(59.3348180510687,-2.72047678919204,12.8223667493193));
#17163=CARTESIAN_POINT('Ctrl Pts',(59.2849267242001,-2.65495287199881,12.6185126976128));
#17164=CARTESIAN_POINT('Ctrl Pts',(59.2725024415248,-2.6383415126277,12.5152058411404));
#17165=CARTESIAN_POINT('Ctrl Pts',(59.2725024415248,-2.6383415126277,12.41));
#17166=CARTESIAN_POINT('Origin',(62.2503447485008,-3.49999991059303,12.41));
#17167=CARTESIAN_POINT('',(62.2503447485008,-0.399999910593034,12.41));
#17168=CARTESIAN_POINT('Origin',(62.2503447485008,-1.39999991059303,12.41));
#17169=CARTESIAN_POINT('Origin',(62.2503447485008,-3.49999991059303,12.41));
#17170=CARTESIAN_POINT('Origin',(76.0624229985787,-1.39999991059303,12.41));
#17171=CARTESIAN_POINT('',(81.249844,-0.399999910593037,12.41));
#17172=CARTESIAN_POINT('Origin',(81.249844,-1.39999991059303,12.41));
#17173=CARTESIAN_POINT('',(76.0624229985787,-0.399999910593033,12.41));
#17174=CARTESIAN_POINT('Origin',(81.249844,-3.49999991059304,12.41));
#17175=CARTESIAN_POINT('Origin',(81.249844,-3.49999991059304,12.41));
#17176=CARTESIAN_POINT('Origin',(100.249764998529,-5.750184,12.41));
#17177=CARTESIAN_POINT('',(103.349764994957,-5.75033280554992,12.41));
#17178=CARTESIAN_POINT('Origin',(102.349764996109,-5.75028480375962,12.41));
#17179=CARTESIAN_POINT('Origin',(100.249764998529,-5.750184,12.41));
#17180=CARTESIAN_POINT('Origin',(102.348662304185,-28.7221764198855,12.41));
#17181=CARTESIAN_POINT('',(103.348662303032,-28.7222244216758,12.41));
#17182=CARTESIAN_POINT('Origin',(138.249865944105,-10.5002571184617,12.41));
#17183=CARTESIAN_POINT('',(141.349865920074,-10.5006431125007,12.41));
#17184=CARTESIAN_POINT('Origin',(140.349865927826,-10.5005185982945,12.41));
#17185=CARTESIAN_POINT('Origin',(138.249865944105,-10.5002571184617,12.41));
#17186=CARTESIAN_POINT('Origin',(140.343839396727,-58.9008677361814,12.41));
#17187=CARTESIAN_POINT('',(141.342737489961,-67.7505768858461,12.41));
#17188=CARTESIAN_POINT('Origin',(140.342737497712,-67.7504523716399,12.41));
#17189=CARTESIAN_POINT('',(141.343839388975,-58.9009922503876,12.41));
#17190=CARTESIAN_POINT('Origin',(138.242737513991,-67.7501908918069,12.41));
#17191=CARTESIAN_POINT('',(138.242737513991,-70.8501908918069,12.41));
#17192=CARTESIAN_POINT('Origin',(138.242737513991,-69.8501908918069,12.41));
#17193=CARTESIAN_POINT('Origin',(138.242737513991,-67.7501908918069,12.41));
#17194=CARTESIAN_POINT('Origin',(77.3542026346724,-69.8501908918069,12.41));
#17195=CARTESIAN_POINT('',(77.3542026346724,-70.8501908918069,12.41));
#17196=CARTESIAN_POINT('Origin',(71.5500096520443,-82.4326572456672,12.41));
#17197=CARTESIAN_POINT('',(71.9499118587181,-85.506755198742,12.41));
#17198=CARTESIAN_POINT('Origin',(71.8209111468878,-84.5151106977502,12.41));
#17199=CARTESIAN_POINT('Origin',(71.5500096520443,-82.4326572456672,12.41));
#17200=CARTESIAN_POINT('Origin',(55.0618273914066,-86.6952606727814,12.41));
#17201=CARTESIAN_POINT('',(55.1908281032367,-87.6869051737733,12.41));
#17202=CARTESIAN_POINT('Origin',(17.915587153925,-96.585266302026,12.41));
#17203=CARTESIAN_POINT('',(15.2301288426809,-98.1339152805133,12.41));
#17204=CARTESIAN_POINT('Origin',(16.0964057172758,-97.6343510939045,12.41));
#17205=CARTESIAN_POINT('Origin',(17.915587153925,-96.585266302026,12.41));
#17206=CARTESIAN_POINT('Origin',(5.42634965189688,-79.1317781156159,12.41));
#17207=CARTESIAN_POINT('',(0.815065298708172,-73.1372551341402,12.41));
#17208=CARTESIAN_POINT('Origin',(1.68134217330305,-72.6376909475315,12.41));
#17209=CARTESIAN_POINT('',(4.560072777302,-79.6313423022247,12.41));
#17210=CARTESIAN_POINT('Origin',(3.50052360995234,-71.588606155653,12.41));
#17211=CARTESIAN_POINT('Origin',(3.50052360995234,-71.588606155653,12.41));
#17212=CARTESIAN_POINT('Origin',(21.2682349164985,-7.40009812568249,13.51));
#17213=CARTESIAN_POINT('',(21.2682349164985,-28.721365615996,5.31));
#17214=CARTESIAN_POINT('Origin',(3.50013805020936,-10.5000981256825,12.91));
#17215=CARTESIAN_POINT('Origin',(3.50013805020936,-10.5000981256825,12.91));
#17216=CARTESIAN_POINT('Origin',(6.26823491649852,-13.2587191443346,13.51));
#17217=CARTESIAN_POINT('',(6.26823491649852,-31.6506761253221,5.31));
#17218=CARTESIAN_POINT('Ctrl Pts',(23.1500807973293,-9.40009812568251,13.41));
#17219=CARTESIAN_POINT('Ctrl Pts',(23.1725182092408,-9.51229786331072,13.41));
#17220=CARTESIAN_POINT('Ctrl Pts',(23.2249720632859,-9.77459677214575,13.3186758396246));
#17221=CARTESIAN_POINT('Ctrl Pts',(23.2500694977744,-9.90009812568249,13.0595996501709));
#17222=CARTESIAN_POINT('Ctrl Pts',(23.2500694977744,-9.90009812568249,12.91));
#17223=CARTESIAN_POINT('Ctrl Pts',(23.1500807973293,-9.40009812568251,13.41));
#17224=CARTESIAN_POINT('Ctrl Pts',(23.1874781741624,-9.49733958879859,13.41));
#17225=CARTESIAN_POINT('Ctrl Pts',(23.2729342167466,-9.72357207732813,13.3567754365593));
#17226=CARTESIAN_POINT('Ctrl Pts',(23.3547817194319,-9.90009812568249,13.0912353437819));
#17227=CARTESIAN_POINT('Ctrl Pts',(23.3547817194319,-9.90009812568249,12.91));
#17228=CARTESIAN_POINT('Ctrl Pts',(23.1500807973293,-9.40009812568251,13.41));
#17229=CARTESIAN_POINT('Ctrl Pts',(23.2173981040055,-9.46742303977432,13.41));
#17230=CARTESIAN_POINT('Ctrl Pts',(23.3695756414129,-9.61961777450933,13.3958131928987));
#17231=CARTESIAN_POINT('Ctrl Pts',(23.5633216740851,-9.81338570209483,13.1271448071049));
#17232=CARTESIAN_POINT('Ctrl Pts',(23.5633216740851,-9.81338570209484,12.91));
#17233=CARTESIAN_POINT('Ctrl Pts',(23.1500807973293,-9.40009812568251,13.41));
#17234=CARTESIAN_POINT('Ctrl Pts',(23.2473180338487,-9.43750649075006,13.41));
#17235=CARTESIAN_POINT('Ctrl Pts',(23.4735408642358,-9.52298809749716,13.3567754365593));
#17236=CARTESIAN_POINT('Ctrl Pts',(23.6500576625371,-9.60485554744452,13.0912353437819));
#17237=CARTESIAN_POINT('Ctrl Pts',(23.6500576625371,-9.60485554744454,12.91));
#17238=CARTESIAN_POINT('Ctrl Pts',(23.1500807973293,-9.40009812568251,13.41));
#17239=CARTESIAN_POINT('Ctrl Pts',(23.2622779987703,-9.42254821623793,13.41));
#17240=CARTESIAN_POINT('Ctrl Pts',(23.5245709785437,-9.4750317102319,13.3186758396246));
#17241=CARTESIAN_POINT('Ctrl Pts',(23.6500694952205,-9.50014332645562,13.0595996501709));
#17242=CARTESIAN_POINT('Ctrl Pts',(23.6500694952205,-9.50014332645565,12.91));
#17243=CARTESIAN_POINT('',(23.6500694952205,-9.50014332645565,12.91));
#17244=CARTESIAN_POINT('Origin',(23.2500694977744,-9.5000981256825,12.91));
#17245=CARTESIAN_POINT('Origin',(23.1500807973293,-9.4000981256825,12.91));
#17246=CARTESIAN_POINT('Ctrl Pts',(42.1510300357456,-7.12907467290668,13.41));
#17247=CARTESIAN_POINT('Ctrl Pts',(42.1735584516352,-7.2412514829218,13.41));
#17248=CARTESIAN_POINT('Ctrl Pts',(42.2262185301961,-7.50346431036019,13.3186368583708));
#17249=CARTESIAN_POINT('Ctrl Pts',(42.2514242807136,-7.62897249970391,13.0595996501709));
#17250=CARTESIAN_POINT('Ctrl Pts',(42.2514242807136,-7.6289724997039,12.91));
#17251=CARTESIAN_POINT('Ctrl Pts',(42.1510300357456,-7.12907467290668,13.41));
#17252=CARTESIAN_POINT('Ctrl Pts',(42.1885031526826,-7.22629360434713,13.41));
#17253=CARTESIAN_POINT('Ctrl Pts',(42.2741462255652,-7.45245422480942,13.3566305532086));
#17254=CARTESIAN_POINT('Ctrl Pts',(42.3560666973902,-7.62886573178105,13.0911807961533));
#17255=CARTESIAN_POINT('Ctrl Pts',(42.3560666973902,-7.62886573178105,12.91));
#17256=CARTESIAN_POINT('Ctrl Pts',(42.1510300357456,-7.12907467290668,13.41));
#17257=CARTESIAN_POINT('Ctrl Pts',(42.2183925547775,-7.1963778471978,13.41));
#17258=CARTESIAN_POINT('Ctrl Pts',(42.3707539180061,-7.3486049837712,13.3954781349965));
#17259=CARTESIAN_POINT('Ctrl Pts',(42.5643570508979,-7.5420375570118,13.1270222736408));
#17260=CARTESIAN_POINT('Ctrl Pts',(42.5643570508979,-7.5420375570118,12.91));
#17261=CARTESIAN_POINT('Ctrl Pts',(42.1510300357456,-7.12907467290668,13.41));
#17262=CARTESIAN_POINT('Ctrl Pts',(42.2482819568724,-7.16646209004847,13.41));
#17263=CARTESIAN_POINT('Ctrl Pts',(42.4745179721924,-7.25190579989772,13.3566305532086));
#17264=CARTESIAN_POINT('Ctrl Pts',(42.6510016123787,-7.3336707571998,13.0911807961533));
#17265=CARTESIAN_POINT('Ctrl Pts',(42.6510016123787,-7.33367075719982,12.91));
#17266=CARTESIAN_POINT('Ctrl Pts',(42.1510300357456,-7.12907467290668,13.41));
#17267=CARTESIAN_POINT('Ctrl Pts',(42.2632266579199,-7.1515042114738,13.41));
#17268=CARTESIAN_POINT('Ctrl Pts',(42.5254857961981,-7.20393316470424,13.3186368583708));
#17269=CARTESIAN_POINT('Ctrl Pts',(42.6510161522288,-7.22902828706503,13.0595996501709));
#17270=CARTESIAN_POINT('Ctrl Pts',(42.6510161522288,-7.22902828706505,12.91));
#17271=CARTESIAN_POINT('',(42.2514242807136,-7.6289724997039,12.91));
#17272=CARTESIAN_POINT('',(42.6510161522288,-7.22902828706505,12.91));
#17273=CARTESIAN_POINT('Origin',(42.2510161560901,-7.22897270791109,12.91));
#17274=CARTESIAN_POINT('Origin',(42.1510300357456,-7.12907467290669,12.91));
#17275=CARTESIAN_POINT('Origin',(42.1510300357456,-7.12907467290668,12.91));
#17276=CARTESIAN_POINT('Ctrl Pts',(61.1503447485008,-4.63719245443634,13.41));
#17277=CARTESIAN_POINT('Ctrl Pts',(61.1728396382506,-4.74937844389456,13.41));
#17278=CARTESIAN_POINT('Ctrl Pts',(61.2254169195177,-5.01159063464385,13.3186103459189));
#17279=CARTESIAN_POINT('Ctrl Pts',(61.2505895896446,-5.13713118793841,13.0595996501709));
#17280=CARTESIAN_POINT('Ctrl Pts',(61.2505895896446,-5.13713118793841,12.91));
#17281=CARTESIAN_POINT('Ctrl Pts',(61.1503447485008,-4.63719245443633,13.41));
#17282=CARTESIAN_POINT('Ctrl Pts',(61.1877904462304,-4.73441848167999,13.41));
#17283=CARTESIAN_POINT('Ctrl Pts',(61.2733616723864,-4.96056387899205,13.3565799683167));
#17284=CARTESIAN_POINT('Ctrl Pts',(61.3552685182944,-5.13706711365484,13.0912093126599));
#17285=CARTESIAN_POINT('Ctrl Pts',(61.3552685182944,-5.13706711365483,12.91));
#17286=CARTESIAN_POINT('Ctrl Pts',(61.1503447485008,-4.63719245443633,13.41));
#17287=CARTESIAN_POINT('Ctrl Pts',(61.2176920621898,-4.70449855725085,13.41));
#17288=CARTESIAN_POINT('Ctrl Pts',(61.3700316496869,-4.85674492577187,13.3953479166397));
#17289=CARTESIAN_POINT('Ctrl Pts',(61.5636495191183,-5.0502443174009,13.1270863297623));
#17290=CARTESIAN_POINT('Ctrl Pts',(61.5636495191183,-5.05024431740089,12.91));
#17291=CARTESIAN_POINT('Ctrl Pts',(61.1503447485008,-4.63719245443633,13.41));
#17292=CARTESIAN_POINT('Ctrl Pts',(61.2475936781493,-4.67457863282171,13.41));
#17293=CARTESIAN_POINT('Ctrl Pts',(61.4737914114886,-4.76001141870283,13.3565799683167));
#17294=CARTESIAN_POINT('Ctrl Pts',(61.6503447485008,-4.8418102111322,13.0912093126599));
#17295=CARTESIAN_POINT('Ctrl Pts',(61.6503447485008,-4.8418102111322,12.91));
#17296=CARTESIAN_POINT('Ctrl Pts',(61.1503447485008,-4.63719245443633,13.41));
#17297=CARTESIAN_POINT('Ctrl Pts',(61.262544486129,-4.65961867060714,13.41));
#17298=CARTESIAN_POINT('Ctrl Pts',(61.524788810461,-4.71203544119286,13.3186103459189));
#17299=CARTESIAN_POINT('Ctrl Pts',(61.6503447485008,-4.7371312628724,13.0595996501709));
#17300=CARTESIAN_POINT('Ctrl Pts',(61.6503447485008,-4.7371312628724,12.91));
#17301=CARTESIAN_POINT('',(61.2505895896446,-5.13713118793841,12.91));
#17302=CARTESIAN_POINT('',(61.6503447485008,-4.7371312628724,12.91));
#17303=CARTESIAN_POINT('Origin',(61.2503447485008,-4.7371312628724,12.91));
#17304=CARTESIAN_POINT('Origin',(61.1503447485008,-4.63719245443633,12.91));
#17305=CARTESIAN_POINT('Origin',(61.1503447485008,-4.63719245443633,12.91));
#17306=CARTESIAN_POINT('Ctrl Pts',(82.349844,-4.65018400000001,13.41));
#17307=CARTESIAN_POINT('Ctrl Pts',(82.2376442623718,-4.67262394752565,13.41));
#17308=CARTESIAN_POINT('Ctrl Pts',(81.9754197590218,-4.72506884819565,13.3185865635358));
#17309=CARTESIAN_POINT('Ctrl Pts',(81.849844,-4.750184,13.0595996501709));
#17310=CARTESIAN_POINT('Ctrl Pts',(81.849844,-4.750184,12.91));
#17311=CARTESIAN_POINT('Ctrl Pts',(82.349844,-4.65018400000001,13.41));
#17312=CARTESIAN_POINT('Ctrl Pts',(82.2526042273889,-4.68758391254274,13.41));
#17313=CARTESIAN_POINT('Ctrl Pts',(82.02645736006,-4.77303995642541,13.3565390468328));
#17314=CARTESIAN_POINT('Ctrl Pts',(81.849844,-4.85490375511966,13.091241240054));
#17315=CARTESIAN_POINT('Ctrl Pts',(81.849844,-4.85490375511966,12.91));
#17316=CARTESIAN_POINT('Ctrl Pts',(82.349844,-4.65018400000001,13.41));
#17317=CARTESIAN_POINT('Ctrl Pts',(82.2825241574231,-4.71750384257693,13.41));
#17318=CARTESIAN_POINT('Ctrl Pts',(82.130240014201,-4.86978798579902,13.3952406123018));
#17319=CARTESIAN_POINT('Ctrl Pts',(81.9366242747249,-5.06340372527513,13.1271580532668));
#17320=CARTESIAN_POINT('Ctrl Pts',(81.9366242747249,-5.06340372527513,12.91));
#17321=CARTESIAN_POINT('Ctrl Pts',(82.349844,-4.65018400000001,13.41));
#17322=CARTESIAN_POINT('Ctrl Pts',(82.3124440874573,-4.74742377261113,13.41));
#17323=CARTESIAN_POINT('Ctrl Pts',(82.2269880435746,-4.97357063994,13.3565390468328));
#17324=CARTESIAN_POINT('Ctrl Pts',(82.1451242448803,-5.15018400000001,13.091241240054));
#17325=CARTESIAN_POINT('Ctrl Pts',(82.1451242448803,-5.15018400000001,12.91));
#17326=CARTESIAN_POINT('Ctrl Pts',(82.349844,-4.65018400000001,13.41));
#17327=CARTESIAN_POINT('Ctrl Pts',(82.3274040524743,-4.76238373762822,13.41));
#17328=CARTESIAN_POINT('Ctrl Pts',(82.2749591518044,-5.02460824097825,13.3185865635358));
#17329=CARTESIAN_POINT('Ctrl Pts',(82.249844,-5.15018400000001,13.0595996501709));
#17330=CARTESIAN_POINT('Ctrl Pts',(82.249844,-5.15018400000001,12.91));
#17331=CARTESIAN_POINT('',(81.849844,-4.750184,12.91));
#17332=CARTESIAN_POINT('',(82.249844,-5.15018400000001,12.91));
#17333=CARTESIAN_POINT('Origin',(82.249844,-4.750184,12.91));
#17334=CARTESIAN_POINT('Origin',(82.349844,-4.65018400000001,12.91));
#17335=CARTESIAN_POINT('Origin',(82.349844,-4.65018400000001,12.91));
#17336=CARTESIAN_POINT('Ctrl Pts',(101.349589789758,-9.40025698511028,13.41));
#17337=CARTESIAN_POINT('Ctrl Pts',(101.19998870348,-9.43017117019552,13.41));
#17338=CARTESIAN_POINT('Ctrl Pts',(100.941018333105,-9.48195480214461,13.2844083816183));
#17339=CARTESIAN_POINT('Ctrl Pts',(100.849584989925,-9.50023778403279,13.0221997376282));
#17340=CARTESIAN_POINT('Ctrl Pts',(100.849584989925,-9.50023778403279,12.91));
#17341=CARTESIAN_POINT('Ctrl Pts',(101.349589789758,-9.40025698511029,13.41));
#17342=CARTESIAN_POINT('Ctrl Pts',(101.219935323408,-9.45011874769179,13.41));
#17343=CARTESIAN_POINT('Ctrl Pts',(100.987412123015,-9.53958472752424,13.3320399710206));
#17344=CARTESIAN_POINT('Ctrl Pts',(100.849579963035,-9.60496073891022,13.0459328086083));
#17345=CARTESIAN_POINT('Ctrl Pts',(100.849579963035,-9.60496073891022,12.91));
#17346=CARTESIAN_POINT('Ctrl Pts',(101.349589789758,-9.40025698511031,13.41));
#17347=CARTESIAN_POINT('Ctrl Pts',(101.259828563263,-9.49001390268434,13.41));
#17348=CARTESIAN_POINT('Ctrl Pts',(101.094102617253,-9.6557318931444,13.3817770157191));
#17349=CARTESIAN_POINT('Ctrl Pts',(100.936366545891,-9.81346039250456,13.0728727602577));
#17350=CARTESIAN_POINT('Ctrl Pts',(100.936366545891,-9.81346039250457,12.91));
#17351=CARTESIAN_POINT('Ctrl Pts',(101.349589789758,-9.40025698511032,13.41));
#17352=CARTESIAN_POINT('Ctrl Pts',(101.299721803119,-9.52990905767688,13.41));
#17353=CARTESIAN_POINT('Ctrl Pts',(101.210244661019,-9.76242796295148,13.3320399710206));
#17354=CARTESIAN_POINT('Ctrl Pts',(101.14486203302,-9.90025698437042,13.0459328086083));
#17355=CARTESIAN_POINT('Ctrl Pts',(101.14486203302,-9.90025698437042,12.91));
#17356=CARTESIAN_POINT('Ctrl Pts',(101.349589789758,-9.40025698511033,13.41));
#17357=CARTESIAN_POINT('Ctrl Pts',(101.319668423047,-9.54985663517315,13.41));
#17358=CARTESIAN_POINT('Ctrl Pts',(101.26787235918,-9.80882451935553,13.2844083816183));
#17359=CARTESIAN_POINT('Ctrl Pts',(101.249584988018,-9.90025698474887,13.0221997376282));
#17360=CARTESIAN_POINT('Ctrl Pts',(101.249584988018,-9.90025698474887,12.91));
#17361=CARTESIAN_POINT('',(100.849584989925,-9.50023778403279,12.91));
#17362=CARTESIAN_POINT('',(101.249584988018,-9.90025698474889,12.91));
#17363=CARTESIAN_POINT('Origin',(101.249584989464,-9.5002569847489,12.91));
#17364=CARTESIAN_POINT('Origin',(101.349589789758,-9.40025698511029,12.91));
#17365=CARTESIAN_POINT('Origin',(101.349589789758,-9.40025698511029,12.91));
#17366=CARTESIAN_POINT('Ctrl Pts',(82.8165885762638,-68.8501908918069,13.41));
#17367=CARTESIAN_POINT('Ctrl Pts',(82.8051799420539,-68.7379911541787,13.41));
#17368=CARTESIAN_POINT('Ctrl Pts',(82.778520022124,-68.4758006091678,13.3185458183179));
#17369=CARTESIAN_POINT('Ctrl Pts',(82.7657478414676,-68.3501908918069,13.0595996501709));
#17370=CARTESIAN_POINT('Ctrl Pts',(82.7657478414676,-68.3501908918069,12.91));
#17371=CARTESIAN_POINT('Ctrl Pts',(82.8165885762638,-68.8501908918069,13.41));
#17372=CARTESIAN_POINT('Ctrl Pts',(82.7810054838598,-68.7502816263575,13.41));
#17373=CARTESIAN_POINT('Ctrl Pts',(82.6968323591436,-68.5128905001455,13.3488012181413));
#17374=CARTESIAN_POINT('Ctrl Pts',(82.6403209497185,-68.3501908918069,13.0789874575046));
#17375=CARTESIAN_POINT('Ctrl Pts',(82.6403209497185,-68.3501908918069,12.91));
#17376=CARTESIAN_POINT('Ctrl Pts',(82.8165885762638,-68.8501908918069,13.41));
#17377=CARTESIAN_POINT('Ctrl Pts',(82.7568310256657,-68.7625720985364,13.41));
#17378=CARTESIAN_POINT('Ctrl Pts',(82.6146222940053,-68.5546867013382,13.3488012181413));
#17379=CARTESIAN_POINT('Ctrl Pts',(82.5164633288666,-68.413161016349,13.0789874575046));
#17380=CARTESIAN_POINT('Ctrl Pts',(82.5164633288666,-68.413161016349,12.91));
#17381=CARTESIAN_POINT('Ctrl Pts',(82.8165885762638,-68.8501908918069,13.41));
#17382=CARTESIAN_POINT('Ctrl Pts',(82.7326565674716,-68.7748625707153,13.41));
#17383=CARTESIAN_POINT('Ctrl Pts',(82.5365226050017,-68.5988338742205,13.3185458183179));
#17384=CARTESIAN_POINT('Ctrl Pts',(82.4425591419421,-68.5145024014239,13.0595996501709));
#17385=CARTESIAN_POINT('Ctrl Pts',(82.4425591419421,-68.5145024014239,12.91));
#17386=CARTESIAN_POINT('',(82.7657478414676,-68.3501908918069,12.91));
#17387=CARTESIAN_POINT('',(82.4425591419421,-68.5145024014239,12.91));
#17388=CARTESIAN_POINT('Origin',(82.7657478414676,-68.7501908918069,12.91));
#17389=CARTESIAN_POINT('Origin',(82.8165885762638,-68.8501908918069,12.91));
#17390=CARTESIAN_POINT('Origin',(82.8165885762638,-68.8501908918069,12.91));
#17391=CARTESIAN_POINT('Ctrl Pts',(34.2975526886574,-88.3880106609182,13.41));
#17392=CARTESIAN_POINT('Ctrl Pts',(34.2533989653772,-88.1297492317367,13.4099999999997));
#17393=CARTESIAN_POINT('Ctrl Pts',(34.213225288866,-87.8947676641485,13.1717993877996));
#17394=CARTESIAN_POINT('Ctrl Pts',(34.213225288866,-87.8947676641482,12.9100000000005));
#17395=CARTESIAN_POINT('Ctrl Pts',(34.2975526886573,-88.3880106609182,13.41));
#17396=CARTESIAN_POINT('Ctrl Pts',(34.2274717193785,-88.1385344700013,13.4099999999998));
#17397=CARTESIAN_POINT('Ctrl Pts',(34.161041286762,-87.9015561588266,13.1773239071644));
#17398=CARTESIAN_POINT('Ctrl Pts',(34.1610412867619,-87.9015561588264,12.9100000000005));
#17399=CARTESIAN_POINT('Ctrl Pts',(34.2975526886573,-88.3880106609182,13.41));
#17400=CARTESIAN_POINT('Ctrl Pts',(34.2015444733798,-88.1473197082659,13.4099999999998));
#17401=CARTESIAN_POINT('Ctrl Pts',(34.1102349861157,-87.9187714641676,13.1773239071644));
#17402=CARTESIAN_POINT('Ctrl Pts',(34.1102349861157,-87.9187714641673,12.9100000000005));
#17403=CARTESIAN_POINT('Ctrl Pts',(34.2975526886573,-88.3880106609182,13.41));
#17404=CARTESIAN_POINT('Ctrl Pts',(34.1756172273811,-88.1561049465304,13.4099999999998));
#17405=CARTESIAN_POINT('Ctrl Pts',(34.064673111854,-87.945103371606,13.1717993877996));
#17406=CARTESIAN_POINT('Ctrl Pts',(34.0646731118539,-87.9451033716058,12.9100000000004));
#17407=CARTESIAN_POINT('',(34.213225288866,-87.8947676641482,12.91));
#17408=CARTESIAN_POINT('',(34.0646731118539,-87.9451033716058,12.91));
#17409=CARTESIAN_POINT('Origin',(34.264825573598,-88.2914254645447,12.91));
#17410=CARTESIAN_POINT('Origin',(34.2975526886575,-88.3880106609186,12.91));
#17411=CARTESIAN_POINT('Origin',(34.2975526886575,-88.3880106609186,12.91));
#17412=CARTESIAN_POINT('Origin',(3.50052360995234,-71.588606155653,12.91));
#17413=CARTESIAN_POINT('',(2.9807574851954,-71.8883446676182,12.91));
#17414=CARTESIAN_POINT('Origin',(2.54761904789796,-72.1381267609227,12.91));
#17415=CARTESIAN_POINT('Origin',(3.50052360995234,-71.588606155653,12.91));
#17416=CARTESIAN_POINT('Origin',(13.5001582984781,-91.1305440021936,12.91));
#17417=CARTESIAN_POINT('',(17.3958210291681,-96.8850048139912,12.91));
#17418=CARTESIAN_POINT('Origin',(16.9626825918706,-97.1347869072956,12.91));
#17419=CARTESIAN_POINT('',(13.9332967357756,-90.8807619088892,12.91));
#17420=CARTESIAN_POINT('Origin',(17.915587153925,-96.585266302026,12.91));
#17421=CARTESIAN_POINT('',(18.2158158465413,-97.1047494414346,12.91));
#17422=CARTESIAN_POINT('Origin',(18.4660064237216,-97.5376520576085,12.91));
#17423=CARTESIAN_POINT('Origin',(17.915587153925,-96.585266302026,12.91));
#17424=CARTESIAN_POINT('Origin',(56.3220124177946,-75.6592534627815,12.91));
#17425=CARTESIAN_POINT('',(56.0718218406144,-75.2263508466076,12.91));
#17426=CARTESIAN_POINT('Origin',(73.4317351140126,-83.2971364769643,12.91));
#17427=CARTESIAN_POINT('',(71.6274100791425,-83.0276439462624,12.91));
#17428=CARTESIAN_POINT('Origin',(71.6919104350575,-83.5234661967583,12.91));
#17429=CARTESIAN_POINT('',(73.3672347580976,-82.8013142264684,12.91));
#17430=CARTESIAN_POINT('Origin',(71.5500096520443,-82.4326572456672,12.91));
#17431=CARTESIAN_POINT('',(72.0347927013326,-82.7861899812419,12.91));
#17432=CARTESIAN_POINT('Origin',(72.4387785757394,-83.0808005942207,12.91));
#17433=CARTESIAN_POINT('Origin',(71.5500096520443,-82.4326572456672,12.91));
#17434=CARTESIAN_POINT('Origin',(85.2355125257145,-65.5332326296384,12.91));
#17435=CARTESIAN_POINT('',(84.8315266513077,-65.2386220166596,12.91));
#17436=CARTESIAN_POINT('Origin',(104.558869755574,-68.8501908918069,12.91));
#17437=CARTESIAN_POINT('',(138.242737513991,-68.3501908918069,12.91));
#17438=CARTESIAN_POINT('Origin',(138.242737513991,-68.8501908918069,12.91));
#17439=CARTESIAN_POINT('',(104.558869755574,-68.3501908918069,12.91));
#17440=CARTESIAN_POINT('Origin',(138.242737513991,-67.7501908918069,12.91));
#17441=CARTESIAN_POINT('',(138.84273750934,-67.7502656003306,12.91));
#17442=CARTESIAN_POINT('Origin',(139.342737505464,-67.7503278574337,12.91));
#17443=CARTESIAN_POINT('Origin',(138.242737513991,-67.7501908918069,12.91));
#17444=CARTESIAN_POINT('Origin',(139.347403619536,-30.2757763353026,12.91));
#17445=CARTESIAN_POINT('',(138.849865939454,-10.5003318269854,12.91));
#17446=CARTESIAN_POINT('Origin',(139.349865935578,-10.5003940840885,12.91));
#17447=CARTESIAN_POINT('',(138.847403623412,-30.2757140781995,12.91));
#17448=CARTESIAN_POINT('Origin',(138.249865944105,-10.5002571184617,12.91));
#17449=CARTESIAN_POINT('',(138.249865946274,-9.90025711846165,12.91));
#17450=CARTESIAN_POINT('Origin',(138.249865948081,-9.40025711846165,12.91));
#17451=CARTESIAN_POINT('Origin',(138.249865944105,-10.5002571184617,12.91));
#17452=CARTESIAN_POINT('Origin',(86.0622935669286,-9.40025692986459,12.91));
#17453=CARTESIAN_POINT('',(86.0622935651216,-9.90025692986459,12.91));
#17454=CARTESIAN_POINT('Origin',(101.348701904994,-27.897166324701,12.91));
#17455=CARTESIAN_POINT('',(100.849764997838,-5.75021280107418,12.91));
#17456=CARTESIAN_POINT('Origin',(101.349764997262,-5.75023680196931,12.91));
#17457=CARTESIAN_POINT('',(100.84870190557,-27.8971423238059,12.91));
#17458=CARTESIAN_POINT('Origin',(100.249764998529,-5.750184,12.91));
#17459=CARTESIAN_POINT('',(100.249764998529,-5.15018400000001,12.91));
#17460=CARTESIAN_POINT('Origin',(100.249764998529,-4.65018400000001,12.91));
#17461=CARTESIAN_POINT('Origin',(100.249764998529,-5.750184,12.91));
#17462=CARTESIAN_POINT('Origin',(76.5624229985787,-4.65018400000001,12.91));
#17463=CARTESIAN_POINT('',(76.5624229985787,-5.15018400000001,12.91));
#17464=CARTESIAN_POINT('Origin',(82.349844,-26.7713165084513,12.91));
#17465=CARTESIAN_POINT('',(81.849844,-3.49999991059303,12.91));
#17466=CARTESIAN_POINT('Origin',(82.349844,-3.49999991059303,12.91));
#17467=CARTESIAN_POINT('',(81.849844,-26.7713165084513,12.91));
#17468=CARTESIAN_POINT('Origin',(81.249844,-3.49999991059304,12.91));
#17469=CARTESIAN_POINT('',(81.249844,-2.89999991059304,12.91));
#17470=CARTESIAN_POINT('Origin',(81.249844,-2.39999991059304,12.91));
#17471=CARTESIAN_POINT('Origin',(81.249844,-3.49999991059304,12.91));
#17472=CARTESIAN_POINT('Origin',(66.5626733728291,-2.39999991059303,12.91));
#17473=CARTESIAN_POINT('',(62.2503447485008,-2.89999991059303,12.91));
#17474=CARTESIAN_POINT('Origin',(62.2503447485008,-2.39999991059303,12.91));
#17475=CARTESIAN_POINT('',(66.5626733728291,-2.89999991059303,12.91));
#17476=CARTESIAN_POINT('Origin',(62.2503447485008,-3.49999991059303,12.91));
#17477=CARTESIAN_POINT('',(61.6503447485008,-3.49999991059303,12.91));
#17478=CARTESIAN_POINT('Origin',(61.1503447485008,-3.49999991059303,12.91));
#17479=CARTESIAN_POINT('Origin',(62.2503447485008,-3.49999991059303,12.91));
#17480=CARTESIAN_POINT('Origin',(61.1503447485008,-27.389882184591,12.91));
#17481=CARTESIAN_POINT('',(61.6503447485008,-27.389882184591,12.91));
#17482=CARTESIAN_POINT('Origin',(57.0488770843577,-4.63970297499258,12.91));
#17483=CARTESIAN_POINT('',(43.2508546613841,-5.14814887922476,12.91));
#17484=CARTESIAN_POINT('Origin',(43.2505486099543,-4.64814897289224,12.91));
#17485=CARTESIAN_POINT('',(57.0491831357875,-5.1397028813251,12.91));
#17486=CARTESIAN_POINT('Origin',(43.2512219230998,-5.74814876682377,12.91));
#17487=CARTESIAN_POINT('',(42.6512219288918,-5.74806539809284,12.91));
#17488=CARTESIAN_POINT('Origin',(42.1512219337184,-5.74799592415039,12.91));
#17489=CARTESIAN_POINT('Origin',(43.2512219230998,-5.74814876682377,12.91));
#17490=CARTESIAN_POINT('Origin',(42.1480419996201,-28.6337999779046,12.91));
#17491=CARTESIAN_POINT('',(42.6480419947935,-28.6338694518471,12.91));
#17492=CARTESIAN_POINT('Origin',(47.5401378215698,-7.12357610107874,12.91));
#17493=CARTESIAN_POINT('',(24.2495988813519,-7.64733997980012,12.91));
#17494=CARTESIAN_POINT('Origin',(24.2490887255725,-7.14734024005911,12.91));
#17495=CARTESIAN_POINT('',(47.5406479773493,-7.62357584081975,12.91));
#17496=CARTESIAN_POINT('Origin',(24.2502110682873,-8.24733966748934,12.91));
#17497=CARTESIAN_POINT('',(23.6502110721181,-8.24727186632962,12.91));
#17498=CARTESIAN_POINT('Origin',(23.1502110753104,-8.24721536536318,12.91));
#17499=CARTESIAN_POINT('Origin',(24.2502110682873,-8.24733966748934,12.91));
#17500=CARTESIAN_POINT('Origin',(23.1477791100912,-29.7686632022546,12.91));
#17501=CARTESIAN_POINT('',(23.6477791068989,-29.7687197032211,12.91));
#17502=CARTESIAN_POINT('Origin',(24.2502110682873,-8.24733966748934,7.51));
#17503=CARTESIAN_POINT('',(23.6502110721181,-8.24727186632962,5.81));
#17504=CARTESIAN_POINT('',(23.6502110721181,-8.24727186632962,7.51));
#17505=CARTESIAN_POINT('',(24.2495988813519,-7.64733997980012,5.81));
#17506=CARTESIAN_POINT('Origin',(24.2502110682873,-8.24733966748934,5.81));
#17507=CARTESIAN_POINT('',(24.2495988813519,-7.64733997980012,7.51));
#17508=CARTESIAN_POINT('Origin',(23.6500694952205,-9.50014332645564,7.51));
#17509=CARTESIAN_POINT('',(23.6500694952205,-9.50014332645564,5.81));
#17510=CARTESIAN_POINT('',(23.6500694952205,-9.50014332645564,7.51));
#17511=CARTESIAN_POINT('',(23.6477791068988,-29.7687197032211,5.81));
#17512=CARTESIAN_POINT('Origin',(23.2500694977744,-9.50009812568249,7.51));
#17513=CARTESIAN_POINT('',(23.2500694977744,-9.90009812568249,3.81));
#17514=CARTESIAN_POINT('',(23.2500694977744,-9.90009812568249,7.51));
#17515=CARTESIAN_POINT('',(23.6217285685098,-9.64798164450773,3.81));
#17516=CARTESIAN_POINT('Origin',(23.2500694977744,-9.50009812568249,3.81));
#17517=CARTESIAN_POINT('',(23.6217285685098,-9.64798164450773,5.81));
#17518=CARTESIAN_POINT('',(23.6217285685098,-9.64798164450773,7.51));
#17519=CARTESIAN_POINT('Origin',(23.2500694977744,-9.50009812568249,5.81));
#17520=CARTESIAN_POINT('Origin',(3.50013805020935,-9.90009812568249,7.51));
#17521=CARTESIAN_POINT('',(23.2500694977744,-9.90009812568249,3.81));
#17522=CARTESIAN_POINT('Origin',(100.249764998529,-2.65018400000001,7.51));
#17523=CARTESIAN_POINT('',(100.249764998529,-2.65018400000002,2.31));
#17524=CARTESIAN_POINT('',(100.249764998529,-2.65018400000002,7.51));
#17525=CARTESIAN_POINT('',(84.2310875187523,-2.65018400000001,2.31));
#17526=CARTESIAN_POINT('',(85.5623834978431,-2.65018400000001,2.31));
#17527=CARTESIAN_POINT('',(84.2310875187523,-2.65018400000001,7.51));
#17528=CARTESIAN_POINT('Origin',(100.249764998529,-5.750184,7.51));
#17529=CARTESIAN_POINT('',(103.349764994957,-5.75033280554992,2.31));
#17530=CARTESIAN_POINT('',(103.349764994957,-5.75033280554992,7.51));
#17531=CARTESIAN_POINT('Origin',(100.249764998529,-5.750184,2.31));
#17532=CARTESIAN_POINT('Origin',(103.349685795642,-7.4002569923383,7.51));
#17533=CARTESIAN_POINT('',(103.349685795642,-7.4002569923383,2.31));
#17534=CARTESIAN_POINT('',(103.349685795642,-7.4002569923383,7.51));
#17535=CARTESIAN_POINT('',(103.348662303032,-28.7222244216758,2.31));
#17536=CARTESIAN_POINT('Origin',(138.249865955308,-7.40025711846164,7.51));
#17537=CARTESIAN_POINT('',(138.249865955308,-7.40025711846165,2.31));
#17538=CARTESIAN_POINT('',(138.249865955308,-7.40025711846165,7.51));
#17539=CARTESIAN_POINT('',(104.562434053284,-7.40025699672097,2.31));
#17540=CARTESIAN_POINT('Origin',(138.249865944105,-10.5002571184617,7.51));
#17541=CARTESIAN_POINT('',(141.349865920074,-10.5006431125007,2.31));
#17542=CARTESIAN_POINT('',(141.349865920074,-10.5006431125007,7.51));
#17543=CARTESIAN_POINT('Origin',(138.249865944105,-10.5002571184617,2.31));
#17544=CARTESIAN_POINT('Origin',(141.342737489961,-67.7505768858461,7.51));
#17545=CARTESIAN_POINT('',(141.342737489961,-67.7505768858461,2.31));
#17546=CARTESIAN_POINT('',(141.342737489961,-67.7505768858461,7.51));
#17547=CARTESIAN_POINT('',(141.343839388975,-58.9009922503876,2.31));
#17548=CARTESIAN_POINT('Origin',(138.242737513991,-67.7501908918069,7.51));
#17549=CARTESIAN_POINT('',(138.242737513991,-70.8501908918069,2.31));
#17550=CARTESIAN_POINT('',(138.242737513991,-70.8501908918069,7.51));
#17551=CARTESIAN_POINT('Origin',(138.242737513991,-67.7501908918069,2.31));
#17552=CARTESIAN_POINT('Origin',(83.8334032721874,-70.8501908918069,7.51));
#17553=CARTESIAN_POINT('',(83.8334032721874,-70.8501908918069,2.31));
#17554=CARTESIAN_POINT('',(83.8334032721874,-70.8501908918069,7.51));
#17555=CARTESIAN_POINT('',(77.3542026346724,-70.8501908918069,2.31));
#17556=CARTESIAN_POINT('Origin',(74.0547220733669,-84.2592430461358,7.51));
#17557=CARTESIAN_POINT('',(74.0547220733668,-84.2592430461358,2.31));
#17558=CARTESIAN_POINT('',(74.0547220733668,-84.2592430461358,7.51));
#17559=CARTESIAN_POINT('',(81.6475728030371,-73.8475188714625,2.31));
#17560=CARTESIAN_POINT('Origin',(71.5500096520443,-82.4326572456672,7.51));
#17561=CARTESIAN_POINT('',(71.9499118587181,-85.506755198742,2.31));
#17562=CARTESIAN_POINT('',(71.9499118587181,-85.506755198742,7.51));
#17563=CARTESIAN_POINT('Origin',(71.5500096520443,-82.4326572456672,2.31));
#17564=CARTESIAN_POINT('Origin',(34.9520949898455,-90.3197145883926,7.51));
#17565=CARTESIAN_POINT('',(34.9520949898455,-90.3197145883926,2.31));
#17566=CARTESIAN_POINT('',(34.9520949898455,-90.3197145883926,7.51));
#17567=CARTESIAN_POINT('',(55.1908281032367,-87.6869051737733,2.31));
#17568=CARTESIAN_POINT('Origin',(19.4667687324426,-99.2692625223042,7.51));
#17569=CARTESIAN_POINT('',(19.4667687324426,-99.2692625223042,2.31));
#17570=CARTESIAN_POINT('',(19.4667687324426,-99.2692625223042,7.51));
#17571=CARTESIAN_POINT('',(49.3983460938594,-81.9706869623916,2.31));
#17572=CARTESIAN_POINT('Origin',(17.915587153925,-96.585266302026,7.51));
#17573=CARTESIAN_POINT('',(15.2301288426809,-98.1339152805133,2.31));
#17574=CARTESIAN_POINT('',(15.2301288426809,-98.1339152805133,7.51));
#17575=CARTESIAN_POINT('Origin',(17.915587153925,-96.585266302026,2.31));
#17576=CARTESIAN_POINT('Origin',(0.815065298708171,-73.1372551341402,7.51));
#17577=CARTESIAN_POINT('',(0.815065298708172,-73.1372551341402,2.31));
#17578=CARTESIAN_POINT('',(0.815065298708172,-73.1372551341402,7.51));
#17579=CARTESIAN_POINT('',(4.56007277730199,-79.6313423022247,2.31));
#17580=CARTESIAN_POINT('Origin',(3.50052360995234,-71.588606155653,7.51));
#17581=CARTESIAN_POINT('Origin',(3.50052360995234,-71.588606155653,2.31));
#17582=CARTESIAN_POINT('Origin',(2.90048828656584,-65.991932,5.81));
#17583=CARTESIAN_POINT('',(36.8877954724587,-65.9917174893197,5.31));
#17584=CARTESIAN_POINT('Origin',(3.50052360995234,-71.588606155653,7.51));
#17585=CARTESIAN_POINT('',(2.9807574851954,-71.8883446676182,5.81));
#17586=CARTESIAN_POINT('',(2.9807574851954,-71.8883446676182,7.51));
#17587=CARTESIAN_POINT('Origin',(3.50052360995234,-71.588606155653,5.81));
#17588=CARTESIAN_POINT('Origin',(17.3958210291681,-96.8850048139912,7.51));
#17589=CARTESIAN_POINT('',(17.3958210291681,-96.8850048139912,5.81));
#17590=CARTESIAN_POINT('',(17.3958210291681,-96.8850048139912,7.51));
#17591=CARTESIAN_POINT('',(13.9332967357756,-90.8807619088892,5.81));
#17592=CARTESIAN_POINT('Origin',(17.915587153925,-96.585266302026,7.51));
#17593=CARTESIAN_POINT('',(18.2158158465413,-97.1047494414346,5.81));
#17594=CARTESIAN_POINT('',(18.2158158465413,-97.1047494414346,7.51));
#17595=CARTESIAN_POINT('Origin',(17.915587153925,-96.585266302026,5.81));
#17596=CARTESIAN_POINT('Origin',(34.0646731118538,-87.9451033716059,7.51));
#17597=CARTESIAN_POINT('',(34.0646731118538,-87.9451033716059,5.81));
#17598=CARTESIAN_POINT('',(34.0646731118538,-87.9451033716059,7.51));
#17599=CARTESIAN_POINT('',(56.0718218406144,-75.2263508466076,5.81));
#17600=CARTESIAN_POINT('Origin',(34.2648255735979,-88.2914254645447,7.51));
#17601=CARTESIAN_POINT('',(34.213225288866,-87.8947676641482,5.81));
#17602=CARTESIAN_POINT('',(34.213225288866,-87.8947676641482,7.51));
#17603=CARTESIAN_POINT('Origin',(34.2648255735979,-88.2914254645447,5.81));
#17604=CARTESIAN_POINT('Origin',(71.6274100791425,-83.0276439462624,7.51));
#17605=CARTESIAN_POINT('',(71.6274100791425,-83.0276439462624,5.81));
#17606=CARTESIAN_POINT('',(71.6274100791425,-83.0276439462624,7.51));
#17607=CARTESIAN_POINT('',(73.3672347580976,-82.8013142264684,5.81));
#17608=CARTESIAN_POINT('Origin',(71.5500096520443,-82.4326572456672,7.51));
#17609=CARTESIAN_POINT('',(72.0347927013326,-82.7861899812419,5.81));
#17610=CARTESIAN_POINT('',(72.0347927013326,-82.7861899812419,7.51));
#17611=CARTESIAN_POINT('Origin',(71.5500096520443,-82.4326572456672,5.81));
#17612=CARTESIAN_POINT('Origin',(82.4425591419421,-68.5145024014239,7.51));
#17613=CARTESIAN_POINT('',(82.4425591419421,-68.5145024014239,5.81));
#17614=CARTESIAN_POINT('',(82.4425591419421,-68.5145024014239,7.51));
#17615=CARTESIAN_POINT('',(84.8315266513077,-65.2386220166596,5.81));
#17616=CARTESIAN_POINT('Origin',(82.7657478414676,-68.7501908918069,7.51));
#17617=CARTESIAN_POINT('',(82.7657478414676,-68.3501908918069,5.81));
#17618=CARTESIAN_POINT('',(82.7657478414676,-68.3501908918069,7.51));
#17619=CARTESIAN_POINT('Origin',(82.7657478414676,-68.7501908918069,5.81));
#17620=CARTESIAN_POINT('Origin',(138.242737513991,-68.3501908918069,7.51));
#17621=CARTESIAN_POINT('',(138.242737513991,-68.3501908918069,5.81));
#17622=CARTESIAN_POINT('',(138.242737513991,-68.3501908918069,7.51));
#17623=CARTESIAN_POINT('',(104.558869755574,-68.3501908918069,5.81));
#17624=CARTESIAN_POINT('Origin',(138.242737513991,-67.7501908918069,7.51));
#17625=CARTESIAN_POINT('',(138.84273750934,-67.7502656003306,5.81));
#17626=CARTESIAN_POINT('',(138.84273750934,-67.7502656003306,7.51));
#17627=CARTESIAN_POINT('Origin',(138.242737513991,-67.7501908918069,5.81));
#17628=CARTESIAN_POINT('Origin',(138.849865939454,-10.5003318269854,7.51));
#17629=CARTESIAN_POINT('',(138.849865939454,-10.5003318269854,5.81));
#17630=CARTESIAN_POINT('',(138.849865939454,-10.5003318269854,7.51));
#17631=CARTESIAN_POINT('',(138.849691628866,-11.9002571206293,5.81));
#17632=CARTESIAN_POINT('',(138.847403623412,-30.2757140781995,5.81));
#17633=CARTESIAN_POINT('',(138.849691628866,-11.9002571206293,3.81));
#17634=CARTESIAN_POINT('',(138.849691628866,-11.9002571206293,5.76));
#17635=CARTESIAN_POINT('',(138.842911838533,-66.3501908918069,3.81));
#17636=CARTESIAN_POINT('',(138.84273750934,-67.7502656003306,3.81));
#17637=CARTESIAN_POINT('',(138.842911838533,-66.3501908918069,5.81));
#17638=CARTESIAN_POINT('',(138.842911838533,-66.3501908918069,5.76));
#17639=CARTESIAN_POINT('',(138.847403623412,-30.2757140781995,5.81));
#17640=CARTESIAN_POINT('Origin',(3.50013805020936,-10.5000981256825,7.51));
#17641=CARTESIAN_POINT('Origin',(3.50013805020936,-10.5000981256825,3.81));
#17642=CARTESIAN_POINT('Origin',(81.249844,-3.49999991059304,2.06));
#17643=CARTESIAN_POINT('',(83.8262036077986,-3.15018400000001,1.81));
#17644=CARTESIAN_POINT('',(81.249844,-0.899999910593031,1.81));
#17645=CARTESIAN_POINT('Origin',(81.249844,-3.49999991059304,1.81));
#17646=CARTESIAN_POINT('',(81.249844,-0.399999910593037,2.31));
#17647=CARTESIAN_POINT('',(81.249844,-0.899999910593031,1.81));
#17648=CARTESIAN_POINT('Origin',(81.249844,-3.49999991059304,2.31));
#17649=CARTESIAN_POINT('Ctrl Pts',(83.8262036077986,-3.15018400000002,1.81));
#17650=CARTESIAN_POINT('Ctrl Pts',(83.9684601009017,-2.98730671164685,1.97287728835317));
#17651=CARTESIAN_POINT('Ctrl Pts',(84.1036300084769,-2.81905101768706,2.14113298231295));
#17652=CARTESIAN_POINT('Ctrl Pts',(84.2310875187523,-2.65018400000001,2.31));
#17653=CARTESIAN_POINT('Origin',(76.0624229985787,-0.649999910593035,2.06));
#17654=CARTESIAN_POINT('',(62.2503447485008,-0.899999910593038,1.81));
#17655=CARTESIAN_POINT('',(62.2503447485008,-0.399999910593034,2.31));
#17656=CARTESIAN_POINT('',(62.2503447485008,-0.899999910593038,1.81));
#17657=CARTESIAN_POINT('',(76.0624229985787,-0.399999910593033,2.31));
#17658=CARTESIAN_POINT('',(76.0624229985787,-0.899999910593037,1.81));
#17659=CARTESIAN_POINT('Origin',(62.2503447485008,-3.49999991059303,2.06));
#17660=CARTESIAN_POINT('',(59.2725024415248,-2.6383415126277,2.31));
#17661=CARTESIAN_POINT('Origin',(62.2503447485008,-3.49999991059303,2.31));
#17662=CARTESIAN_POINT('',(59.6756555019434,-3.13809483510781,1.81));
#17663=CARTESIAN_POINT('Origin',(62.2503447485008,-3.49999991059303,1.81));
#17664=CARTESIAN_POINT('Ctrl Pts',(59.6756555019434,-3.13809483510782,1.81));
#17665=CARTESIAN_POINT('Ctrl Pts',(59.5340256910205,-2.97526553449995,1.97291596211653));
#17666=CARTESIAN_POINT('Ctrl Pts',(59.3994334468847,-2.80710027648742,2.14116357292334));
#17667=CARTESIAN_POINT('Ctrl Pts',(59.2725024415248,-2.6383415126277,2.31));
#17668=CARTESIAN_POINT('Origin',(65.0593949229983,-2.88479938536154,2.06));
#17669=CARTESIAN_POINT('',(43.2496304556649,-3.1481492538947,1.81));
#17670=CARTESIAN_POINT('',(65.0595479487132,-3.13479933852779,1.81));
#17671=CARTESIAN_POINT('',(43.249324404235,-2.6481493475622,2.31));
#17672=CARTESIAN_POINT('',(43.2496304556649,-3.1481492538947,1.81));
#17673=CARTESIAN_POINT('',(65.0592418972834,-2.63479943219528,2.31));
#17674=CARTESIAN_POINT('Origin',(43.2512219230998,-5.74814876682377,2.06));
#17675=CARTESIAN_POINT('',(40.2132637193322,-5.13105075827033,2.31));
#17676=CARTESIAN_POINT('Origin',(43.2512219230998,-5.74814876682377,2.31));
#17677=CARTESIAN_POINT('',(40.6538804690815,-5.63060145193264,1.81));
#17678=CARTESIAN_POINT('Origin',(43.2512219230998,-5.74814876682377,1.81));
#17679=CARTESIAN_POINT('Ctrl Pts',(40.6538804690815,-5.63060145193263,1.81));
#17680=CARTESIAN_POINT('Ctrl Pts',(40.4988805628274,-5.46859364479953,1.9721658710011));
#17681=CARTESIAN_POINT('Ctrl Pts',(40.3517677075586,-5.30034117670832,2.14056835246058));
#17682=CARTESIAN_POINT('Ctrl Pts',(40.2132637193322,-5.13105075827033,2.31));
#17683=CARTESIAN_POINT('Origin',(55.5214600847805,-5.36543175057282,2.06));
#17684=CARTESIAN_POINT('',(24.2475582582342,-5.64734102083605,1.81));
#17685=CARTESIAN_POINT('',(55.5217151626702,-5.61543162044332,1.81));
#17686=CARTESIAN_POINT('',(24.2475582582342,-5.64734102083605,1.81));
#17687=CARTESIAN_POINT('',(55.5212050068908,-5.11543188070232,2.31));
#17688=CARTESIAN_POINT('Origin',(24.2502110682873,-8.24733966748934,2.06));
#17689=CARTESIAN_POINT('',(21.6735032246147,-7.90009812568249,1.81));
#17690=CARTESIAN_POINT('Origin',(24.2502110682873,-8.24733966748934,1.81));
#17691=CARTESIAN_POINT('Ctrl Pts',(21.6735032246147,-7.90009812568249,1.81));
#17692=CARTESIAN_POINT('Ctrl Pts',(21.5311096348836,-7.73722816587189,1.9728699598106));
#17693=CARTESIAN_POINT('Ctrl Pts',(21.3958112768603,-7.56897094147298,2.14112718420951));
#17694=CARTESIAN_POINT('Ctrl Pts',(21.2682349164985,-7.40009812568249,2.31));
#17695=CARTESIAN_POINT('Origin',(46.0716184568279,-7.65009812568249,2.06));
#17696=CARTESIAN_POINT('',(3.50013805020934,-7.90009812568249,1.81));
#17697=CARTESIAN_POINT('',(46.0716184568279,-7.90009812568249,1.81));
#17698=CARTESIAN_POINT('',(3.50013805020934,-7.90009812568249,1.81));
#17699=CARTESIAN_POINT('Origin',(3.50013805020936,-10.5000981256825,2.06));
#17700=CARTESIAN_POINT('',(0.900138050261138,-10.5001145355665,1.81));
#17701=CARTESIAN_POINT('',(0.900138050261138,-10.5001145355665,1.81));
#17702=CARTESIAN_POINT('Origin',(3.50013805020936,-10.5000981256825,2.31));
#17703=CARTESIAN_POINT('Origin',(3.50013805020936,-10.5000981256825,1.81));
#17704=CARTESIAN_POINT('Origin',(0.650262837841297,-30.2715962209857,2.06));
#17705=CARTESIAN_POINT('',(0.900523610004108,-71.5886225655371,1.81));
#17706=CARTESIAN_POINT('',(0.900523610004108,-71.5886225655371,1.81));
#17707=CARTESIAN_POINT('',(0.900262837836316,-30.2715946431123,1.81));
#17708=CARTESIAN_POINT('Origin',(3.50052360995234,-71.588606155653,2.06));
#17709=CARTESIAN_POINT('',(1.24820373600562,-72.8874730408358,1.81));
#17710=CARTESIAN_POINT('',(1.24820373600562,-72.8874730408358,1.81));
#17711=CARTESIAN_POINT('Origin',(3.50052360995234,-71.588606155653,1.81));
#17712=CARTESIAN_POINT('Origin',(4.77664199595072,-79.5064512555725,2.06));
#17713=CARTESIAN_POINT('',(15.6632672799783,-97.8841331872089,1.81));
#17714=CARTESIAN_POINT('',(15.6632672799783,-97.8841331872089,1.81));
#17715=CARTESIAN_POINT('',(4.99321121459944,-79.3815602089203,1.81));
#17716=CARTESIAN_POINT('Origin',(17.915587153925,-96.585266302026,2.06));
#17717=CARTESIAN_POINT('',(19.2165781552623,-98.8363599061303,1.81));
#17718=CARTESIAN_POINT('',(19.2165781552623,-98.8363599061303,1.81));
#17719=CARTESIAN_POINT('Origin',(17.915587153925,-96.585266302026,1.81));
#17720=CARTESIAN_POINT('Origin',(49.2732508052693,-81.7542356543046,2.06));
#17721=CARTESIAN_POINT('',(34.7884594145485,-89.8367886065241,1.81));
#17722=CARTESIAN_POINT('',(49.1481555166791,-81.5377843462177,1.81));
#17723=CARTESIAN_POINT('',(34.7884594145485,-89.8367886065241,1.81));
#17724=CARTESIAN_POINT('Origin',(55.1585779252792,-87.4389940485253,2.06));
#17725=CARTESIAN_POINT('',(71.885411502803,-85.0109329482461,1.81));
#17726=CARTESIAN_POINT('',(55.1263277473217,-87.1910829232773,1.81));
#17727=CARTESIAN_POINT('',(71.885411502803,-85.0109329482461,1.81));
#17728=CARTESIAN_POINT('Origin',(71.5500096520443,-82.4326572456672,2.06));
#17729=CARTESIAN_POINT('',(73.65073619896,-83.964632433157,1.81));
#17730=CARTESIAN_POINT('',(73.65073619896,-83.964632433157,1.81));
#17731=CARTESIAN_POINT('Origin',(71.5500096520443,-82.4326572456672,1.81));
#17732=CARTESIAN_POINT('Origin',(81.4455798658337,-73.7002135649731,2.06));
#17733=CARTESIAN_POINT('',(83.5791995982065,-70.3501908918069,1.81));
#17734=CARTESIAN_POINT('',(81.2435869286303,-73.5529082584837,1.81));
#17735=CARTESIAN_POINT('',(83.5791995982065,-70.3501908918069,1.81));
#17736=CARTESIAN_POINT('Origin',(77.3542026346724,-70.6001908918069,2.06));
#17737=CARTESIAN_POINT('',(138.242737513991,-70.3501908918069,1.81));
#17738=CARTESIAN_POINT('',(77.3542026346724,-70.3501908918069,1.81));
#17739=CARTESIAN_POINT('',(138.242737513991,-70.3501908918069,1.81));
#17740=CARTESIAN_POINT('Origin',(138.242737513991,-67.7501908918069,2.06));
#17741=CARTESIAN_POINT('',(140.842737493836,-67.750514628743,1.81));
#17742=CARTESIAN_POINT('',(140.842737493836,-67.750514628743,1.81));
#17743=CARTESIAN_POINT('Origin',(138.242737513991,-67.7501908918069,1.81));
#17744=CARTESIAN_POINT('Origin',(141.093839390913,-58.9009611218361,2.06));
#17745=CARTESIAN_POINT('',(140.84986592395,-10.5005808553976,1.81));
#17746=CARTESIAN_POINT('',(140.84986592395,-10.5005808553976,1.81));
#17747=CARTESIAN_POINT('',(140.843839392851,-58.9009299932845,1.81));
#17748=CARTESIAN_POINT('Origin',(138.249865944105,-10.5002571184617,2.06));
#17749=CARTESIAN_POINT('',(138.249865953501,-7.90025711846164,1.81));
#17750=CARTESIAN_POINT('',(138.249865953501,-7.90025711846164,1.81));
#17751=CARTESIAN_POINT('Origin',(138.249865944105,-10.5002571184617,1.81));
#17752=CARTESIAN_POINT('Origin',(104.56243405238,-7.65025699672097,2.06));
#17753=CARTESIAN_POINT('',(102.849661794171,-7.9002569905313,1.81));
#17754=CARTESIAN_POINT('',(104.562434051477,-7.90025699672097,1.81));
#17755=CARTESIAN_POINT('',(102.849661794171,-7.9002569905313,1.81));
#17756=CARTESIAN_POINT('Origin',(103.09866230332,-28.7222124212282,2.06));
#17757=CARTESIAN_POINT('',(102.849764995533,-5.75030880465477,1.81));
#17758=CARTESIAN_POINT('',(102.848662303609,-28.7222004207807,1.81));
#17759=CARTESIAN_POINT('',(102.849764995533,-5.75030880465477,1.81));
#17760=CARTESIAN_POINT('Origin',(100.249764998529,-5.750184,2.06));
#17761=CARTESIAN_POINT('',(100.249764998529,-3.15018400000001,1.81));
#17762=CARTESIAN_POINT('',(100.249764998529,-3.15018400000001,1.81));
#17763=CARTESIAN_POINT('Origin',(100.249764998529,-5.750184,1.81));
#17764=CARTESIAN_POINT('Origin',(85.5623834978431,-2.90018400000001,2.06));
#17765=CARTESIAN_POINT('',(85.5623834978431,-3.15018400000001,1.81));
#17766=CARTESIAN_POINT('Origin',(81.249844,-3.49999991059304,7.51));
#17767=CARTESIAN_POINT('',(81.249844,-0.399999910593037,7.51));
#17768=CARTESIAN_POINT('Origin',(70.8750019971573,-50.0426331063095,1.81));
#17769=CARTESIAN_POINT('',(116.6448,-48.487432,1.81));
#17770=CARTESIAN_POINT('Origin',(119.1448,-48.487432,1.81));
#17771=CARTESIAN_POINT('',(116.6448,-29.487432,1.81));
#17772=CARTESIAN_POINT('Origin',(119.1448,-29.487432,1.81));
#17773=CARTESIAN_POINT('',(121.81127792172,-45.5058392221416,1.81));
#17774=CARTESIAN_POINT('',(116.47832207828,-45.5058392221416,1.81));
#17775=CARTESIAN_POINT('Origin',(119.1448,-48.487432,1.81));
#17776=CARTESIAN_POINT('',(124.727709634914,-45.2371314997822,1.81));
#17777=CARTESIAN_POINT('Origin',(123.144516882581,-44.0150428332123,1.81));
#17778=CARTESIAN_POINT('',(125.062640259194,-44.737432,1.81));
#17779=CARTESIAN_POINT('Origin',(121.165525942164,-42.4874319999999,1.81));
#17780=CARTESIAN_POINT('',(127.083366201357,-41.237432,1.81));
#17781=CARTESIAN_POINT('',(117.140575743877,-58.4588502413673,1.81));
#17782=CARTESIAN_POINT('',(127.083366201357,-36.737432,1.81));
#17783=CARTESIAN_POINT('Origin',(123.186251884327,-38.987432,1.81));
#17784=CARTESIAN_POINT('',(125.062640259194,-33.237432,1.81));
#17785=CARTESIAN_POINT('',(122.937981215964,-29.5574145883648,1.81));
#17786=CARTESIAN_POINT('',(124.727709634914,-32.7377325002178,1.81));
#17787=CARTESIAN_POINT('Origin',(121.165525942164,-35.4874320000001,1.81));
#17788=CARTESIAN_POINT('',(121.81127792172,-32.4690247778585,1.81));
#17789=CARTESIAN_POINT('Origin',(123.144516882581,-33.9598211667877,1.81));
#17790=CARTESIAN_POINT('',(116.47832207828,-32.4690247778584,1.81));
#17791=CARTESIAN_POINT('Origin',(119.1448,-29.487432,1.81));
#17792=CARTESIAN_POINT('',(113.561890365086,-32.7377325002178,1.81));
#17793=CARTESIAN_POINT('Origin',(115.145083117419,-33.9598211667877,1.81));
#17794=CARTESIAN_POINT('',(113.226959740806,-33.237432,1.81));
#17795=CARTESIAN_POINT('Origin',(117.124074057836,-35.487432,1.81));
#17796=CARTESIAN_POINT('',(111.206233798643,-36.737432,1.81));
#17797=CARTESIAN_POINT('',(104.294532254408,-48.7088502413674,1.81));
#17798=CARTESIAN_POINT('',(111.206233798643,-41.237432,1.81));
#17799=CARTESIAN_POINT('Origin',(115.103348115673,-38.987432,1.81));
#17800=CARTESIAN_POINT('',(113.226959740806,-44.737432,1.81));
#17801=CARTESIAN_POINT('',(108.071211784331,-35.8074145883648,1.81));
#17802=CARTESIAN_POINT('',(113.561890365086,-45.2371314997823,1.81));
#17803=CARTESIAN_POINT('Origin',(117.124074057836,-42.4874320000001,1.81));
#17804=CARTESIAN_POINT('Origin',(115.145083117419,-44.0150428332124,1.81));
#17805=CARTESIAN_POINT('',(121.81127792172,-26.5058392221416,1.81));
#17806=CARTESIAN_POINT('',(116.47832207828,-26.5058392221416,1.81));
#17807=CARTESIAN_POINT('Origin',(119.1448,-29.487432,1.81));
#17808=CARTESIAN_POINT('',(124.727709634914,-26.2371314997822,1.81));
#17809=CARTESIAN_POINT('Origin',(123.144516882581,-25.0150428332123,1.81));
#17810=CARTESIAN_POINT('',(125.062640259194,-25.737432,1.81));
#17811=CARTESIAN_POINT('Origin',(121.165525942164,-23.4874319999999,1.81));
#17812=CARTESIAN_POINT('',(127.083366201357,-22.237432,1.81));
#17813=CARTESIAN_POINT('',(113.026955075901,-46.5838502413673,1.81));
#17814=CARTESIAN_POINT('',(127.083366201357,-17.737432,1.81));
#17815=CARTESIAN_POINT('Origin',(123.186251884327,-19.987432,1.81));
#17816=CARTESIAN_POINT('',(125.062640259194,-14.237432,1.81));
#17817=CARTESIAN_POINT('',(127.05160188394,-17.6824145883647,1.81));
#17818=CARTESIAN_POINT('',(121.165525942164,-11.987432,1.81));
#17819=CARTESIAN_POINT('Origin',(121.165525942164,-16.4874320000001,1.81));
#17820=CARTESIAN_POINT('',(117.124074057836,-11.987432,1.81));
#17821=CARTESIAN_POINT('',(96.0202639696605,-11.9874320000001,1.81));
#17822=CARTESIAN_POINT('',(113.226959740806,-14.237432,1.81));
#17823=CARTESIAN_POINT('Origin',(117.124074057836,-16.487432,1.81));
#17824=CARTESIAN_POINT('',(111.206233798643,-17.737432,1.81));
#17825=CARTESIAN_POINT('',(100.180911586432,-36.8338502413674,1.81));
#17826=CARTESIAN_POINT('',(111.206233798643,-22.237432,1.81));
#17827=CARTESIAN_POINT('Origin',(115.103348115673,-19.987432,1.81));
#17828=CARTESIAN_POINT('',(113.226959740806,-25.737432,1.81));
#17829=CARTESIAN_POINT('',(112.184832452307,-23.9324145883647,1.81));
#17830=CARTESIAN_POINT('',(113.561890365086,-26.2371314997822,1.81));
#17831=CARTESIAN_POINT('Origin',(117.124074057836,-23.4874319999999,1.81));
#17832=CARTESIAN_POINT('Origin',(115.145083117419,-25.0150428332123,1.81));
#17833=CARTESIAN_POINT('',(101.249584980791,-11.9002569847489,1.81));
#17834=CARTESIAN_POINT('',(107.648125128607,-11.9002570078721,1.81));
#17835=CARTESIAN_POINT('',(86.062293557894,-11.9002569298646,1.81));
#17836=CARTESIAN_POINT('',(97.7319159820613,-11.9002569902439,1.81));
#17837=CARTESIAN_POINT('',(82.6253851423818,-11.9002570138421,1.81));
#17838=CARTESIAN_POINT('',(95.9998651776167,-14.9002569902439,1.81));
#17839=CARTESIAN_POINT('Origin',(97.7319159851856,-13.9002569902439,1.81));
#17840=CARTESIAN_POINT('',(96.7719824526945,-16.2376033400803,1.81));
#17841=CARTESIAN_POINT('',(99.8434016397399,-21.5574574233849,1.81));
#17842=CARTESIAN_POINT('',(100.669096769724,-18.4876033400804,1.81));
#17843=CARTESIAN_POINT('Origin',(100.669096769725,-13.9876033400803,1.81));
#17844=CARTESIAN_POINT('',(104.710944347018,-18.4876033400804,1.81));
#17845=CARTESIAN_POINT('',(85.7720493834409,-18.4876033400804,1.81));
#17846=CARTESIAN_POINT('',(108.608058664048,-16.2376033400803,1.81));
#17847=CARTESIAN_POINT('Origin',(104.710944347018,-13.9876033400804,1.81));
#17848=CARTESIAN_POINT('',(109.380175928948,-14.9002570078721,1.81));
#17849=CARTESIAN_POINT('',(96.5724229423758,-37.0839359114076,1.81));
#17850=CARTESIAN_POINT('Origin',(107.648125121379,-13.9002570078721,1.81));
#17851=CARTESIAN_POINT('',(94.0833662013574,-22.237432,1.81));
#17852=CARTESIAN_POINT('',(92.0626402591937,-25.737432,1.81));
#17853=CARTESIAN_POINT('',(84.1519550759007,-39.4391406601457,1.81));
#17854=CARTESIAN_POINT('',(94.0833662013574,-17.737432,1.81));
#17855=CARTESIAN_POINT('Origin',(90.1862518843272,-19.987432,1.81));
#17856=CARTESIAN_POINT('',(92.0626402591936,-14.237432,1.81));
#17857=CARTESIAN_POINT('',(98.1766018839396,-24.8271241695864,1.81));
#17858=CARTESIAN_POINT('',(88.1655259421636,-11.987432,1.81));
#17859=CARTESIAN_POINT('Origin',(88.1655259421636,-16.4874320000001,1.81));
#17860=CARTESIAN_POINT('',(84.1240740578363,-11.987432,1.81));
#17861=CARTESIAN_POINT('',(79.5202639696605,-11.987432,1.81));
#17862=CARTESIAN_POINT('',(80.2269597408063,-14.237432,1.81));
#17863=CARTESIAN_POINT('Origin',(84.1240740578363,-16.487432,1.81));
#17864=CARTESIAN_POINT('',(78.2062337986426,-17.737432,1.81));
#17865=CARTESIAN_POINT('',(71.3059115864315,-29.6891406601457,1.81));
#17866=CARTESIAN_POINT('',(78.2062337986426,-22.237432,1.81));
#17867=CARTESIAN_POINT('Origin',(82.1033481156727,-19.987432,1.81));
#17868=CARTESIAN_POINT('',(80.2269597408063,-25.737432,1.81));
#17869=CARTESIAN_POINT('',(83.3098324523068,-31.0771241695864,1.81));
#17870=CARTESIAN_POINT('',(84.1240740578363,-27.987432,1.81));
#17871=CARTESIAN_POINT('Origin',(84.1240740578363,-23.4874320000001,1.81));
#17872=CARTESIAN_POINT('',(88.1655259421637,-27.987432,1.81));
#17873=CARTESIAN_POINT('',(77.4995380274969,-27.987432,1.81));
#17874=CARTESIAN_POINT('Origin',(88.1655259421636,-23.4874319999999,1.81));
#17875=CARTESIAN_POINT('',(96.7719824526945,-35.2376033400803,1.81));
#17876=CARTESIAN_POINT('',(94.7510586640479,-31.7372606599197,1.81));
#17877=CARTESIAN_POINT('',(95.7297809717639,-33.4324574233849,1.81));
#17878=CARTESIAN_POINT('',(100.669096769724,-37.4876033400804,1.81));
#17879=CARTESIAN_POINT('Origin',(100.669096769725,-32.9876033400803,1.81));
#17880=CARTESIAN_POINT('',(104.710944347018,-37.4876033400804,1.81));
#17881=CARTESIAN_POINT('',(85.7720493834409,-37.4876033400804,1.81));
#17882=CARTESIAN_POINT('',(108.608058664048,-35.2376033400804,1.81));
#17883=CARTESIAN_POINT('Origin',(104.710944347018,-32.9876033400804,1.81));
#17884=CARTESIAN_POINT('',(110.628982452695,-31.7372606599197,1.81));
#17885=CARTESIAN_POINT('',(100.686043610352,-48.9589359114075,1.81));
#17886=CARTESIAN_POINT('',(110.628982452695,-27.2372606599197,1.81));
#17887=CARTESIAN_POINT('Origin',(106.731868135665,-29.4872606599197,1.81));
#17888=CARTESIAN_POINT('',(108.608058664048,-23.7369179797591,1.81));
#17889=CARTESIAN_POINT('',(110.597242866087,-27.1822860833045,1.81));
#17890=CARTESIAN_POINT('',(104.710944347018,-21.4869179797591,1.81));
#17891=CARTESIAN_POINT('Origin',(104.710944347018,-25.9869179797591,1.81));
#17892=CARTESIAN_POINT('',(100.669096769724,-21.4869179797591,1.81));
#17893=CARTESIAN_POINT('',(87.7929731720876,-21.4869179797591,1.81));
#17894=CARTESIAN_POINT('',(96.7719824526945,-23.7369179797591,1.81));
#17895=CARTESIAN_POINT('Origin',(100.669096769724,-25.986917979759,1.81));
#17896=CARTESIAN_POINT('',(94.7510586640478,-27.2372606599197,1.81));
#17897=CARTESIAN_POINT('',(87.8395055046751,-39.2084218911666,1.81));
#17898=CARTESIAN_POINT('Origin',(98.6481729810779,-29.4872606599197,1.81));
#17899=CARTESIAN_POINT('',(92.0626402591937,-33.237432,1.81));
#17900=CARTESIAN_POINT('',(94.0833662013574,-36.737432,1.81));
#17901=CARTESIAN_POINT('',(94.0629812159635,-36.7021241695864,1.81));
#17902=CARTESIAN_POINT('',(88.1655259421637,-30.987432,1.81));
#17903=CARTESIAN_POINT('Origin',(88.1655259421637,-35.4874320000001,1.81));
#17904=CARTESIAN_POINT('',(84.1240740578363,-30.987432,1.81));
#17905=CARTESIAN_POINT('',(79.5202639696605,-30.987432,1.81));
#17906=CARTESIAN_POINT('',(80.2269597408063,-33.237432,1.81));
#17907=CARTESIAN_POINT('Origin',(84.1240740578363,-35.487432,1.81));
#17908=CARTESIAN_POINT('',(78.2062337986427,-36.737432,1.81));
#17909=CARTESIAN_POINT('',(75.4195322544076,-41.5641406601458,1.81));
#17910=CARTESIAN_POINT('',(78.2062337986427,-41.237432,1.81));
#17911=CARTESIAN_POINT('Origin',(82.1033481156728,-38.987432,1.81));
#17912=CARTESIAN_POINT('',(80.2269597408064,-44.737432,1.81));
#17913=CARTESIAN_POINT('',(79.1962117843307,-42.9521241695864,1.81));
#17914=CARTESIAN_POINT('',(84.1240740578364,-46.987432,1.81));
#17915=CARTESIAN_POINT('Origin',(84.1240740578364,-42.487432,1.81));
#17916=CARTESIAN_POINT('',(88.1655259421637,-46.987432,1.81));
#17917=CARTESIAN_POINT('',(77.4995380274968,-46.987432,1.81));
#17918=CARTESIAN_POINT('',(92.0626402591937,-44.737432,1.81));
#17919=CARTESIAN_POINT('Origin',(88.1655259421637,-42.4874319999999,1.81));
#17920=CARTESIAN_POINT('',(94.0833662013574,-41.237432,1.81));
#17921=CARTESIAN_POINT('',(88.2655757438768,-51.3141406601457,1.81));
#17922=CARTESIAN_POINT('Origin',(90.1862518843272,-38.987432,1.81));
#17923=CARTESIAN_POINT('',(71.7109443470179,-18.4876033400804,1.81));
#17924=CARTESIAN_POINT('',(67.6690967697245,-18.4876033400804,1.81));
#17925=CARTESIAN_POINT('',(69.2720493834409,-18.4876033400804,1.81));
#17926=CARTESIAN_POINT('',(75.6080586640478,-16.2376033400803,1.81));
#17927=CARTESIAN_POINT('Origin',(71.7109443470179,-13.9876033400804,1.81));
#17928=CARTESIAN_POINT('',(77.6289824526945,-12.7372606599197,1.81));
#17929=CARTESIAN_POINT('',(67.6974229423757,-29.939226330186,1.81));
#17930=CARTESIAN_POINT('',(77.6289824526945,-8.23726065991971,1.81));
#17931=CARTESIAN_POINT('Origin',(73.7318681356645,-10.4872606599197,1.81));
#17932=CARTESIAN_POINT('',(76.2795643299044,-5.89999991059303,1.81));
#17933=CARTESIAN_POINT('',(85.8358635340633,-22.4519956645261,1.81));
#17934=CARTESIAN_POINT('',(74.5475135223355,-4.89999991059303,1.81));
#17935=CARTESIAN_POINT('Origin',(74.5475135223355,-6.89999991059304,1.81));
#17936=CARTESIAN_POINT('',(64.8325275944068,-4.89999991059303,1.81));
#17937=CARTESIAN_POINT('',(67.2599070387846,-4.89999991059304,1.81));
#17938=CARTESIAN_POINT('',(63.1004767868379,-5.89999991059304,1.81));
#17939=CARTESIAN_POINT('Origin',(64.8325275944068,-6.89999991059303,1.81));
#17940=CARTESIAN_POINT('',(61.7510586640478,-8.23726065991973,1.81));
#17941=CARTESIAN_POINT('',(54.850884836699,-20.188712309945,1.81));
#17942=CARTESIAN_POINT('',(61.7510586640478,-12.7372606599197,1.81));
#17943=CARTESIAN_POINT('Origin',(65.6481729810779,-10.4872606599197,1.81));
#17944=CARTESIAN_POINT('',(63.7719824526945,-16.2376033400803,1.81));
#17945=CARTESIAN_POINT('',(70.9684016397399,-28.7021670046065,1.81));
#17946=CARTESIAN_POINT('Origin',(67.6690967697245,-13.9876033400803,1.81));
#17947=CARTESIAN_POINT('',(26.9348,-73.366932,1.81));
#17948=CARTESIAN_POINT('Origin',(29.4348,-73.366932,1.81));
#17949=CARTESIAN_POINT('',(40.6898,-25.997432,1.81));
#17950=CARTESIAN_POINT('Origin',(43.1898,-25.997432,1.81));
#17951=CARTESIAN_POINT('',(73.5008,-65.752432,1.81));
#17952=CARTESIAN_POINT('Origin',(76.0008,-65.752432,1.81));
#17953=CARTESIAN_POINT('',(137.34990231845,-8.60023287218285,1.81));
#17954=CARTESIAN_POINT('',(137.549902317704,-8.40025711593209,1.81));
#17955=CARTESIAN_POINT('Origin',(137.549902316981,-8.60025711593208,1.81));
#17956=CARTESIAN_POINT('',(137.342562541909,-69.1500794647755,1.81));
#17957=CARTESIAN_POINT('',(137.34739003218,-29.3254616867753,1.81));
#17958=CARTESIAN_POINT('',(137.342562541909,-69.6501908918069,1.81));
#17959=CARTESIAN_POINT('',(137.342562541909,-59.5963562855425,1.81));
#17960=CARTESIAN_POINT('',(137.542562541909,-69.8501908918069,1.81));
#17961=CARTESIAN_POINT('Origin',(137.542562541909,-69.6501908918069,1.81));
#17962=CARTESIAN_POINT('',(138.242737513991,-69.8501908918069,1.81));
#17963=CARTESIAN_POINT('',(104.208782269533,-69.8501908918064,1.81));
#17964=CARTESIAN_POINT('',(140.342737497712,-67.7504523716399,1.81));
#17965=CARTESIAN_POINT('Origin',(138.242737513991,-67.7501908918069,1.81));
#17966=CARTESIAN_POINT('',(140.349865927826,-10.5005185982945,1.81));
#17967=CARTESIAN_POINT('',(140.343839396727,-58.9008677361814,1.81));
#17968=CARTESIAN_POINT('',(138.249865951694,-8.40025711846165,1.81));
#17969=CARTESIAN_POINT('Origin',(138.249865944105,-10.5002571184617,1.81));
#17970=CARTESIAN_POINT('',(104.56243404967,-8.40025699672077,1.81));
#17971=CARTESIAN_POINT('',(11.8138432351723,-18.4000482647755,1.81));
#17972=CARTESIAN_POINT('Origin',(20.8138432351723,-18.4000482647755,1.81));
#17973=CARTESIAN_POINT('',(11.8138432351723,-85.7972476156869,1.81));
#17974=CARTESIAN_POINT('Origin',(20.8138432351723,-85.7972476156869,1.81));
#17975=CARTESIAN_POINT('',(96.7719824526945,-54.2376033400804,1.81));
#17976=CARTESIAN_POINT('',(94.7510586640479,-50.7372606599197,1.81));
#17977=CARTESIAN_POINT('',(91.6161603037878,-45.3074574233849,1.81));
#17978=CARTESIAN_POINT('',(100.669096769724,-56.4876033400804,1.81));
#17979=CARTESIAN_POINT('Origin',(100.669096769725,-51.9876033400803,1.81));
#17980=CARTESIAN_POINT('',(104.710944347018,-56.4876033400804,1.81));
#17981=CARTESIAN_POINT('',(85.7720493834409,-56.4876033400804,1.81));
#17982=CARTESIAN_POINT('',(108.608058664048,-54.2376033400804,1.81));
#17983=CARTESIAN_POINT('Origin',(104.710944347018,-51.9876033400804,1.81));
#17984=CARTESIAN_POINT('',(110.628982452695,-50.7372606599197,1.81));
#17985=CARTESIAN_POINT('',(104.799664278328,-60.8339359114075,1.81));
#17986=CARTESIAN_POINT('',(110.628982452695,-46.2372606599197,1.81));
#17987=CARTESIAN_POINT('Origin',(106.731868135665,-48.4872606599197,1.81));
#17988=CARTESIAN_POINT('',(108.608058664048,-42.7369179797591,1.81));
#17989=CARTESIAN_POINT('',(106.483622198111,-39.0572860833045,1.81));
#17990=CARTESIAN_POINT('',(104.710944347018,-40.4869179797591,1.81));
#17991=CARTESIAN_POINT('Origin',(104.710944347018,-44.9869179797591,1.81));
#17992=CARTESIAN_POINT('',(100.669096769724,-40.4869179797591,1.81));
#17993=CARTESIAN_POINT('',(87.7929731720876,-40.4869179797591,1.81));
#17994=CARTESIAN_POINT('',(96.7719824526945,-42.7369179797591,1.81));
#17995=CARTESIAN_POINT('Origin',(100.669096769724,-44.986917979759,1.81));
#17996=CARTESIAN_POINT('',(94.7510586640478,-46.2372606599197,1.81));
#17997=CARTESIAN_POINT('',(91.9531261726512,-51.0834218911665,1.81));
#17998=CARTESIAN_POINT('Origin',(98.6481729810779,-48.4872606599197,1.81));
#17999=CARTESIAN_POINT('',(71.7109443470179,-37.4876033400804,1.81));
#18000=CARTESIAN_POINT('',(67.6690967697245,-37.4876033400804,1.81));
#18001=CARTESIAN_POINT('',(69.2720493834409,-37.4876033400804,1.81));
#18002=CARTESIAN_POINT('',(75.6080586640478,-35.2376033400804,1.81));
#18003=CARTESIAN_POINT('Origin',(71.7109443470179,-32.9876033400804,1.81));
#18004=CARTESIAN_POINT('',(77.6289824526945,-31.7372606599197,1.81));
#18005=CARTESIAN_POINT('',(71.8110436103518,-41.8142263301859,1.81));
#18006=CARTESIAN_POINT('',(77.6289824526945,-27.2372606599197,1.81));
#18007=CARTESIAN_POINT('Origin',(73.7318681356645,-29.4872606599197,1.81));
#18008=CARTESIAN_POINT('',(75.6080586640478,-23.7369179797591,1.81));
#18009=CARTESIAN_POINT('',(81.7222428660872,-34.3269956645262,1.81));
#18010=CARTESIAN_POINT('',(71.7109443470178,-21.4869179797591,1.81));
#18011=CARTESIAN_POINT('Origin',(71.7109443470178,-25.9869179797591,1.81));
#18012=CARTESIAN_POINT('',(67.6690967697245,-21.4869179797591,1.81));
#18013=CARTESIAN_POINT('',(71.2929731720875,-21.4869179797591,1.81));
#18014=CARTESIAN_POINT('',(63.7719824526945,-23.7369179797591,1.81));
#18015=CARTESIAN_POINT('Origin',(67.6690967697245,-25.986917979759,1.81));
#18016=CARTESIAN_POINT('',(61.7510586640478,-27.2372606599197,1.81));
#18017=CARTESIAN_POINT('',(58.9645055046751,-32.063712309945,1.81));
#18018=CARTESIAN_POINT('',(61.7510586640478,-31.7372606599197,1.81));
#18019=CARTESIAN_POINT('Origin',(65.6481729810779,-29.4872606599197,1.81));
#18020=CARTESIAN_POINT('',(63.7719824526945,-35.2376033400803,1.81));
#18021=CARTESIAN_POINT('',(66.8547809717638,-40.5771670046065,1.81));
#18022=CARTESIAN_POINT('Origin',(67.6690967697245,-32.9876033400803,1.81));
#18023=CARTESIAN_POINT('',(61.7510586640478,-65.2372606599197,1.81));
#18024=CARTESIAN_POINT('',(63.7719824526945,-61.7369179797591,1.81));
#18025=CARTESIAN_POINT('',(67.1917468406272,-55.8137123099449,1.81));
#18026=CARTESIAN_POINT('',(61.7510586640478,-69.7372606599197,1.81));
#18027=CARTESIAN_POINT('Origin',(65.6481729810779,-67.4872606599197,1.81));
#18028=CARTESIAN_POINT('',(63.7719824526945,-73.2376033400804,1.81));
#18029=CARTESIAN_POINT('',(58.6275396358117,-64.3271670046065,1.81));
#18030=CARTESIAN_POINT('',(67.6690967697245,-75.4876033400804,1.81));
#18031=CARTESIAN_POINT('Origin',(67.6690967697245,-70.9876033400803,1.81));
#18032=CARTESIAN_POINT('',(71.7109443470179,-75.4876033400804,1.81));
#18033=CARTESIAN_POINT('',(69.2720493834409,-75.4876033400804,1.81));
#18034=CARTESIAN_POINT('',(75.6080586640478,-73.2376033400804,1.81));
#18035=CARTESIAN_POINT('Origin',(71.7109443470179,-70.9876033400804,1.81));
#18036=CARTESIAN_POINT('',(76.0305234600928,-72.5058728489212,1.81));
#18037=CARTESIAN_POINT('',(80.0382849463039,-65.5642263301858,1.81));
#18038=CARTESIAN_POINT('',(74.8659151016826,-69.5880592326141,1.81));
#18039=CARTESIAN_POINT('Origin',(74.2984726525239,-71.5058728489212,1.81));
#18040=CARTESIAN_POINT('',(73.1870582169183,-62.9093953878299,1.81));
#18041=CARTESIAN_POINT('Origin',(76.0008,-65.752432,1.81));
#18042=CARTESIAN_POINT('',(71.835581708065,-59.4886443633334,1.81));
#18043=CARTESIAN_POINT('Origin',(71.7801873253774,-61.4878770817448,1.81));
#18044=CARTESIAN_POINT('',(71.7109443470178,-59.4869179797591,1.81));
#18045=CARTESIAN_POINT('Origin',(71.7109443470178,-63.9869179797591,1.81));
#18046=CARTESIAN_POINT('',(67.6690967697245,-59.4869179797591,1.81));
#18047=CARTESIAN_POINT('',(71.2929731720876,-59.4869179797591,1.81));
#18048=CARTESIAN_POINT('Origin',(67.6690967697245,-63.9869179797591,1.81));
#18049=CARTESIAN_POINT('',(15.3289555771446,-76.8437004203673,1.81));
#18050=CARTESIAN_POINT('',(12.5521642632847,-74.1382628593541,1.81));
#18051=CARTESIAN_POINT('Origin',(14.2842150708536,-75.138262859354,1.81));
#18052=CARTESIAN_POINT('',(23.0185043931915,-75.5313102898349,1.81));
#18053=CARTESIAN_POINT('Origin',(20.8138432351723,-85.7972476156869,1.81));
#18054=CARTESIAN_POINT('',(25.4372265679079,-73.5062397708929,1.81));
#18055=CARTESIAN_POINT('Origin',(23.4384398518618,-73.5758936563393,1.81));
#18056=CARTESIAN_POINT('',(25.626569040232,-72.1432584499611,1.81));
#18057=CARTESIAN_POINT('Origin',(29.4348,-73.366932,1.81));
#18058=CARTESIAN_POINT('',(24.9679956548955,-69.966613414895,1.81));
#18059=CARTESIAN_POINT('Origin',(23.7224535603481,-71.5314216749417,1.81));
#18060=CARTESIAN_POINT('',(22.1655259421637,-68.987432,1.81));
#18061=CARTESIAN_POINT('Origin',(22.1655259421637,-73.4874320000001,1.81));
#18062=CARTESIAN_POINT('',(18.1240740578363,-68.987432,1.81));
#18063=CARTESIAN_POINT('',(46.5202639696605,-68.987432,1.81));
#18064=CARTESIAN_POINT('',(14.2269597408063,-71.2374320000001,1.81));
#18065=CARTESIAN_POINT('Origin',(18.1240740578363,-73.4874320000001,1.81));
#18066=CARTESIAN_POINT('',(25.8967735903598,-51.0247214977025,1.81));
#18067=CARTESIAN_POINT('',(45.2062337986426,-22.237432,1.81));
#18068=CARTESIAN_POINT('',(45.2062337986426,-17.737432,1.81));
#18069=CARTESIAN_POINT('Origin',(49.1033481156727,-19.987432,1.81));
#18070=CARTESIAN_POINT('',(45.2880270302832,-22.3791020329168,1.81));
#18071=CARTESIAN_POINT('',(54.4348324523068,-38.221833750808,1.81));
#18072=CARTESIAN_POINT('',(45.7433185585681,-22.9185453552778,1.81));
#18073=CARTESIAN_POINT('Origin',(47.0200778378521,-21.3791020329168,1.81));
#18074=CARTESIAN_POINT('',(47.1286217180276,-25.3005220534544,1.81));
#18075=CARTESIAN_POINT('Origin',(43.1898,-25.997432,1.81));
#18076=CARTESIAN_POINT('',(47.4771993924054,-26.1237751443268,1.81));
#18077=CARTESIAN_POINT('Origin',(49.0980325770414,-24.9520670801816,1.81));
#18078=CARTESIAN_POINT('',(51.1240740578363,-27.987432,1.81));
#18079=CARTESIAN_POINT('Origin',(51.1240740578363,-23.4874320000001,1.81));
#18080=CARTESIAN_POINT('',(55.1655259421637,-27.987432,1.81));
#18081=CARTESIAN_POINT('',(60.9995380274969,-27.9874320000001,1.81));
#18082=CARTESIAN_POINT('',(59.0626402591937,-25.737432,1.81));
#18083=CARTESIAN_POINT('Origin',(55.1655259421636,-23.4874319999999,1.81));
#18084=CARTESIAN_POINT('',(61.0833662013573,-22.237432,1.81));
#18085=CARTESIAN_POINT('',(55.2769550759007,-32.2944310789241,1.81));
#18086=CARTESIAN_POINT('',(61.0833662013573,-17.737432,1.81));
#18087=CARTESIAN_POINT('Origin',(57.1862518843273,-19.987432,1.81));
#18088=CARTESIAN_POINT('',(59.0626402591936,-14.237432,1.81));
#18089=CARTESIAN_POINT('',(69.3016018839396,-31.971833750808,1.81));
#18090=CARTESIAN_POINT('',(55.1655259421636,-11.987432,1.81));
#18091=CARTESIAN_POINT('Origin',(55.1655259421636,-16.4874320000001,1.81));
#18092=CARTESIAN_POINT('',(51.1240740578363,-11.987432,1.81));
#18093=CARTESIAN_POINT('',(63.0202639696605,-11.987432,1.81));
#18094=CARTESIAN_POINT('',(47.2269597408063,-14.237432,1.81));
#18095=CARTESIAN_POINT('Origin',(51.1240740578363,-16.487432,1.81));
#18096=CARTESIAN_POINT('',(42.4309115864315,-22.544431078924,1.81));
#18097=CARTESIAN_POINT('',(31.1021064373678,-16.3020396179036,1.81));
#18098=CARTESIAN_POINT('',(29.6459694764434,-12.7217081852936,1.81));
#18099=CARTESIAN_POINT('Origin',(20.8138432351723,-18.4000482647755,1.81));
#18100=CARTESIAN_POINT('',(31.7759186979495,-17.4342713898061,1.81));
#18101=CARTESIAN_POINT('Origin',(33.0617756187384,-15.9024189232613,1.81));
#18102=CARTESIAN_POINT('',(34.6690967697245,-18.4876033400804,1.81));
#18103=CARTESIAN_POINT('Origin',(34.6690967697245,-13.9876033400803,1.81));
#18104=CARTESIAN_POINT('',(38.7109443470179,-18.4876033400804,1.81));
#18105=CARTESIAN_POINT('',(52.7720493834409,-18.4876033400803,1.81));
#18106=CARTESIAN_POINT('',(42.6080586640478,-16.2376033400804,1.81));
#18107=CARTESIAN_POINT('Origin',(38.7109443470179,-13.9876033400804,1.81));
#18108=CARTESIAN_POINT('',(44.6289824526945,-12.7372606599197,1.81));
#18109=CARTESIAN_POINT('',(38.8224229423756,-22.7945167489644,1.81));
#18110=CARTESIAN_POINT('',(44.7904892121389,-12.4308642608626,1.81));
#18111=CARTESIAN_POINT('Origin',(40.7318681356645,-10.4872606599197,1.81));
#18112=CARTESIAN_POINT('',(42.6522751378199,-9.59519146989848,1.81));
#18113=CARTESIAN_POINT('Origin',(42.9866576225947,-11.5670404382213,1.81));
#18114=CARTESIAN_POINT('',(42.2534649038314,-9.62897145866795,1.81));
#18115=CARTESIAN_POINT('Origin',(42.2510161560901,-7.22897270791107,1.81));
#18116=CARTESIAN_POINT('',(31.3262386135678,-9.64012063976158,1.81));
#18117=CARTESIAN_POINT('',(48.2396866497286,-9.62286364424746,1.81));
#18118=CARTESIAN_POINT('Origin',(31.3282792366855,-11.6401195987256,1.81));
#18119=CARTESIAN_POINT('',(3.4005014488176,-68.077372009952,1.81));
#18120=CARTESIAN_POINT('',(3.40045985328717,-61.4869306027468,1.81));
#18121=CARTESIAN_POINT('',(3.40041742779075,-54.7649884758412,1.81));
#18122=CARTESIAN_POINT('',(3.66794769958799,-69.0764877601819,1.81));
#18123=CARTESIAN_POINT('Origin',(5.40050144877777,-68.0773593869643,1.81));
#18124=CARTESIAN_POINT('',(6.10458007694573,-73.3017671876824,1.81));
#18125=CARTESIAN_POINT('',(15.3158255188353,-89.2746674203709,1.81));
#18126=CARTESIAN_POINT('',(9.53808540942965,-73.3546671939723,1.81));
#18127=CARTESIAN_POINT('Origin',(7.83713382613552,-72.3026388144648,1.81));
#18128=CARTESIAN_POINT('',(9.60805866404785,-73.2376033400804,1.81));
#18129=CARTESIAN_POINT('Origin',(5.71094434701788,-70.9876033400804,1.81));
#18130=CARTESIAN_POINT('',(11.6289824526945,-69.7372606599197,1.81));
#18131=CARTESIAN_POINT('',(22.2882849463037,-51.2748071677427,1.81));
#18132=CARTESIAN_POINT('',(11.6289824526945,-65.2372606599197,1.81));
#18133=CARTESIAN_POINT('Origin',(7.73186813566454,-67.4872606599197,1.81));
#18134=CARTESIAN_POINT('',(9.60805866404782,-61.7369179797591,1.81));
#18135=CARTESIAN_POINT('',(15.745001530135,-72.3664148269695,1.81));
#18136=CARTESIAN_POINT('',(5.71094434701784,-59.4869179797591,1.81));
#18137=CARTESIAN_POINT('Origin',(5.71094434701783,-63.9869179797591,1.81));
#18138=CARTESIAN_POINT('',(5.40045985324733,-59.486917979759,1.81));
#18139=CARTESIAN_POINT('',(38.2929731720876,-59.4869179797589,1.81));
#18140=CARTESIAN_POINT('Origin',(5.40045985324733,-61.4869179797591,1.81));
#18141=CARTESIAN_POINT('',(14.2269597408064,-44.737432,1.81));
#18142=CARTESIAN_POINT('',(12.2062337986427,-41.237432,1.81));
#18143=CARTESIAN_POINT('',(21.4462117843309,-57.2415433320297,1.81));
#18144=CARTESIAN_POINT('',(18.1240740578364,-46.987432,1.81));
#18145=CARTESIAN_POINT('Origin',(18.1240740578364,-42.487432,1.81));
#18146=CARTESIAN_POINT('',(22.1655259421637,-46.987432,1.81));
#18147=CARTESIAN_POINT('',(44.4995380274968,-46.9874319999999,1.81));
#18148=CARTESIAN_POINT('',(26.0626402591937,-44.737432,1.81));
#18149=CARTESIAN_POINT('Origin',(22.1655259421637,-42.4874319999999,1.81));
#18150=CARTESIAN_POINT('',(28.0833662013574,-41.237432,1.81));
#18151=CARTESIAN_POINT('',(30.5155757438768,-37.0247214977025,1.81));
#18152=CARTESIAN_POINT('',(28.0833662013574,-36.737432,1.81));
#18153=CARTESIAN_POINT('Origin',(24.1862518843272,-38.987432,1.81));
#18154=CARTESIAN_POINT('',(26.0626402591937,-33.237432,1.81));
#18155=CARTESIAN_POINT('',(36.3129812159636,-50.9915433320296,1.81));
#18156=CARTESIAN_POINT('',(22.1655259421637,-30.987432,1.81));
#18157=CARTESIAN_POINT('Origin',(22.1655259421637,-35.4874320000001,1.81));
#18158=CARTESIAN_POINT('',(18.1240740578363,-30.987432,1.81));
#18159=CARTESIAN_POINT('',(46.5202639696605,-30.987432,1.81));
#18160=CARTESIAN_POINT('',(14.2269597408063,-33.237432,1.81));
#18161=CARTESIAN_POINT('Origin',(18.1240740578363,-35.487432,1.81));
#18162=CARTESIAN_POINT('',(12.2062337986427,-36.737432,1.81));
#18163=CARTESIAN_POINT('',(17.6695322544076,-27.2747214977025,1.81));
#18164=CARTESIAN_POINT('Origin',(16.1033481156728,-38.987432,1.81));
#18165=CARTESIAN_POINT('',(38.7109443470179,-75.4876033400804,1.81));
#18166=CARTESIAN_POINT('',(35.4335864129075,-75.4876033400804,1.81));
#18167=CARTESIAN_POINT('',(52.7720493834409,-75.4876033400803,1.81));
#18168=CARTESIAN_POINT('',(42.6080586640478,-73.2376033400804,1.81));
#18169=CARTESIAN_POINT('Origin',(38.7109443470179,-70.9876033400804,1.81));
#18170=CARTESIAN_POINT('',(44.6289824526945,-69.7372606599197,1.81));
#18171=CARTESIAN_POINT('',(51.1632849463038,-58.4195167489643,1.81));
#18172=CARTESIAN_POINT('',(44.6289824526945,-65.2372606599197,1.81));
#18173=CARTESIAN_POINT('Origin',(40.7318681356645,-67.4872606599197,1.81));
#18174=CARTESIAN_POINT('',(42.6080586640478,-61.7369179797591,1.81));
#18175=CARTESIAN_POINT('',(44.620001530135,-65.2217052457478,1.81));
#18176=CARTESIAN_POINT('',(38.7109443470178,-59.4869179797591,1.81));
#18177=CARTESIAN_POINT('Origin',(38.7109443470178,-63.9869179797591,1.81));
#18178=CARTESIAN_POINT('',(34.6690967697245,-59.4869179797591,1.81));
#18179=CARTESIAN_POINT('',(54.7929731720876,-59.486917979759,1.81));
#18180=CARTESIAN_POINT('',(30.7719824526945,-61.7369179797591,1.81));
#18181=CARTESIAN_POINT('Origin',(34.6690967697245,-63.9869179797591,1.81));
#18182=CARTESIAN_POINT('',(28.7510586640478,-65.2372606599197,1.81));
#18183=CARTESIAN_POINT('',(38.3167468406272,-48.6690027287233,1.81));
#18184=CARTESIAN_POINT('',(28.1503427255699,-67.3475359568859,1.81));
#18185=CARTESIAN_POINT('Origin',(32.6481729810779,-67.4872606599197,1.81));
#18186=CARTESIAN_POINT('',(29.9111855964564,-69.3954012166006,1.81));
#18187=CARTESIAN_POINT('Origin',(30.1493783946846,-67.4096358249009,1.81));
#18188=CARTESIAN_POINT('',(33.4339909419383,-73.4473795600536,1.81));
#18189=CARTESIAN_POINT('Origin',(29.4348,-73.366932,1.81));
#18190=CARTESIAN_POINT('Origin',(35.4335864129075,-73.4876033400804,1.81));
#18191=CARTESIAN_POINT('',(47.2269597408064,-63.737432,1.81));
#18192=CARTESIAN_POINT('',(45.2062337986427,-60.237432,1.81));
#18193=CARTESIAN_POINT('',(46.2075911163547,-61.9718337508081,1.81));
#18194=CARTESIAN_POINT('',(51.1240740578364,-65.987432,1.81));
#18195=CARTESIAN_POINT('Origin',(51.1240740578364,-61.487432,1.81));
#18196=CARTESIAN_POINT('',(55.1655259421637,-65.987432,1.81));
#18197=CARTESIAN_POINT('',(60.9995380274969,-65.987432,1.81));
#18198=CARTESIAN_POINT('',(59.0626402591937,-63.737432,1.81));
#18199=CARTESIAN_POINT('Origin',(55.1655259421637,-61.4874319999999,1.81));
#18200=CARTESIAN_POINT('',(61.0833662013574,-60.237432,1.81));
#18201=CARTESIAN_POINT('',(63.5041964118529,-56.0444310789241,1.81));
#18202=CARTESIAN_POINT('',(61.0833662013574,-55.737432,1.81));
#18203=CARTESIAN_POINT('Origin',(57.1862518843272,-57.987432,1.81));
#18204=CARTESIAN_POINT('',(59.0626402591937,-52.237432,1.81));
#18205=CARTESIAN_POINT('',(61.0743605479875,-55.721833750808,1.81));
#18206=CARTESIAN_POINT('',(55.1655259421637,-49.987432,1.81));
#18207=CARTESIAN_POINT('Origin',(55.1655259421637,-54.4874320000001,1.81));
#18208=CARTESIAN_POINT('',(51.1240740578363,-49.987432,1.81));
#18209=CARTESIAN_POINT('',(63.0202639696605,-49.987432,1.81));
#18210=CARTESIAN_POINT('',(47.2269597408063,-52.237432,1.81));
#18211=CARTESIAN_POINT('Origin',(51.1240740578363,-54.4874320000001,1.81));
#18212=CARTESIAN_POINT('',(45.2062337986427,-55.737432,1.81));
#18213=CARTESIAN_POINT('',(50.6581529223837,-46.2944310789241,1.81));
#18214=CARTESIAN_POINT('Origin',(49.1033481156728,-57.987432,1.81));
#18215=CARTESIAN_POINT('',(71.7109443470179,-56.4876033400804,1.81));
#18216=CARTESIAN_POINT('',(67.6690967697245,-56.4876033400804,1.81));
#18217=CARTESIAN_POINT('',(69.2720493834409,-56.4876033400804,1.81));
#18218=CARTESIAN_POINT('',(75.6080586640478,-54.2376033400804,1.81));
#18219=CARTESIAN_POINT('Origin',(71.7109443470179,-51.9876033400804,1.81));
#18220=CARTESIAN_POINT('',(77.6289824526945,-50.7372606599197,1.81));
#18221=CARTESIAN_POINT('',(75.9246642783278,-53.6892263301859,1.81));
#18222=CARTESIAN_POINT('',(77.6289824526945,-46.2372606599197,1.81));
#18223=CARTESIAN_POINT('Origin',(73.7318681356645,-48.4872606599197,1.81));
#18224=CARTESIAN_POINT('',(75.6080586640478,-42.7369179797591,1.81));
#18225=CARTESIAN_POINT('',(77.6086221981111,-46.2019956645262,1.81));
#18226=CARTESIAN_POINT('',(71.7109443470178,-40.4869179797591,1.81));
#18227=CARTESIAN_POINT('Origin',(71.7109443470178,-44.9869179797591,1.81));
#18228=CARTESIAN_POINT('',(67.6690967697245,-40.4869179797591,1.81));
#18229=CARTESIAN_POINT('',(71.2929731720876,-40.4869179797591,1.81));
#18230=CARTESIAN_POINT('',(63.7719824526945,-42.7369179797591,1.81));
#18231=CARTESIAN_POINT('Origin',(67.6690967697245,-44.986917979759,1.81));
#18232=CARTESIAN_POINT('',(61.7510586640478,-46.2372606599197,1.81));
#18233=CARTESIAN_POINT('',(63.0781261726511,-43.938712309945,1.81));
#18234=CARTESIAN_POINT('',(61.7510586640478,-50.7372606599197,1.81));
#18235=CARTESIAN_POINT('Origin',(65.6481729810779,-48.4872606599197,1.81));
#18236=CARTESIAN_POINT('',(63.7719824526945,-54.2376033400804,1.81));
#18237=CARTESIAN_POINT('',(62.7411603037878,-52.4521670046065,1.81));
#18238=CARTESIAN_POINT('Origin',(67.6690967697245,-51.9876033400803,1.81));
#18239=CARTESIAN_POINT('',(125.062640259194,-52.237432,1.81));
#18240=CARTESIAN_POINT('',(127.083366201357,-55.737432,1.81));
#18241=CARTESIAN_POINT('',(118.824360547987,-41.4324145883648,1.81));
#18242=CARTESIAN_POINT('',(124.727709634914,-51.7377325002178,1.81));
#18243=CARTESIAN_POINT('Origin',(121.165525942164,-54.4874320000001,1.81));
#18244=CARTESIAN_POINT('',(121.81127792172,-51.4690247778585,1.81));
#18245=CARTESIAN_POINT('Origin',(123.144516882581,-52.9598211667877,1.81));
#18246=CARTESIAN_POINT('',(116.47832207828,-51.4690247778584,1.81));
#18247=CARTESIAN_POINT('Origin',(119.1448,-48.487432,1.81));
#18248=CARTESIAN_POINT('',(113.561890365086,-51.7377325002178,1.81));
#18249=CARTESIAN_POINT('Origin',(115.145083117419,-52.9598211667877,1.81));
#18250=CARTESIAN_POINT('',(113.226959740806,-52.237432,1.81));
#18251=CARTESIAN_POINT('Origin',(117.124074057836,-54.487432,1.81));
#18252=CARTESIAN_POINT('',(111.206233798643,-55.737432,1.81));
#18253=CARTESIAN_POINT('',(108.408152922384,-60.5838502413674,1.81));
#18254=CARTESIAN_POINT('',(111.206233798643,-60.237432,1.81));
#18255=CARTESIAN_POINT('Origin',(115.103348115673,-57.987432,1.81));
#18256=CARTESIAN_POINT('',(113.226959740806,-63.737432,1.81));
#18257=CARTESIAN_POINT('',(103.957591116355,-47.6824145883648,1.81));
#18258=CARTESIAN_POINT('',(117.124074057836,-65.987432,1.81));
#18259=CARTESIAN_POINT('Origin',(117.124074057836,-61.4874320000001,1.81));
#18260=CARTESIAN_POINT('',(121.165525942164,-65.987432,1.81));
#18261=CARTESIAN_POINT('',(93.9995380274968,-65.9874319999999,1.81));
#18262=CARTESIAN_POINT('',(125.062640259194,-63.737432,1.81));
#18263=CARTESIAN_POINT('Origin',(121.165525942164,-61.4874319999999,1.81));
#18264=CARTESIAN_POINT('',(127.083366201357,-60.237432,1.81));
#18265=CARTESIAN_POINT('',(121.254196411853,-70.3338502413673,1.81));
#18266=CARTESIAN_POINT('Origin',(123.186251884327,-57.987432,1.81));
#18267=CARTESIAN_POINT('',(92.0626402591937,-52.237432,1.81));
#18268=CARTESIAN_POINT('',(94.0833662013574,-55.737432,1.81));
#18269=CARTESIAN_POINT('',(89.9493605479875,-48.5771241695864,1.81));
#18270=CARTESIAN_POINT('',(88.1655259421637,-49.987432,1.81));
#18271=CARTESIAN_POINT('Origin',(88.1655259421637,-54.4874320000001,1.81));
#18272=CARTESIAN_POINT('',(84.1240740578363,-49.987432,1.81));
#18273=CARTESIAN_POINT('',(79.5202639696605,-49.9874320000001,1.81));
#18274=CARTESIAN_POINT('',(80.2269597408063,-52.237432,1.81));
#18275=CARTESIAN_POINT('Origin',(84.1240740578363,-54.4874320000001,1.81));
#18276=CARTESIAN_POINT('',(78.2062337986426,-55.737432,1.81));
#18277=CARTESIAN_POINT('',(79.5331529223837,-53.4391406601458,1.81));
#18278=CARTESIAN_POINT('',(78.2062337986427,-60.237432,1.81));
#18279=CARTESIAN_POINT('Origin',(82.1033481156728,-57.987432,1.81));
#18280=CARTESIAN_POINT('',(80.2269597408064,-63.737432,1.81));
#18281=CARTESIAN_POINT('',(75.0825911163546,-54.8271241695864,1.81));
#18282=CARTESIAN_POINT('',(84.1240740578364,-65.987432,1.81));
#18283=CARTESIAN_POINT('Origin',(84.1240740578364,-61.487432,1.81));
#18284=CARTESIAN_POINT('',(88.1655259421637,-65.987432,1.81));
#18285=CARTESIAN_POINT('',(77.4995380274969,-65.987432,1.81));
#18286=CARTESIAN_POINT('',(92.0626402591937,-63.737432,1.81));
#18287=CARTESIAN_POINT('Origin',(88.1655259421637,-61.4874319999999,1.81));
#18288=CARTESIAN_POINT('',(94.0833662013574,-60.237432,1.81));
#18289=CARTESIAN_POINT('',(92.3791964118529,-63.1891406601457,1.81));
#18290=CARTESIAN_POINT('Origin',(90.1862518843272,-57.987432,1.81));
#18291=CARTESIAN_POINT('',(61.0833662013574,-41.237432,1.81));
#18292=CARTESIAN_POINT('',(59.0626402591937,-44.737432,1.81));
#18293=CARTESIAN_POINT('',(59.3905757438768,-44.1694310789241,1.81));
#18294=CARTESIAN_POINT('',(61.0833662013574,-36.737432,1.81));
#18295=CARTESIAN_POINT('Origin',(57.1862518843272,-38.987432,1.81));
#18296=CARTESIAN_POINT('',(59.0626402591937,-33.237432,1.81));
#18297=CARTESIAN_POINT('',(65.1879812159636,-43.846833750808,1.81));
#18298=CARTESIAN_POINT('',(55.1655259421637,-30.987432,1.81));
#18299=CARTESIAN_POINT('Origin',(55.1655259421637,-35.4874320000001,1.81));
#18300=CARTESIAN_POINT('',(51.1240740578363,-30.987432,1.81));
#18301=CARTESIAN_POINT('',(63.0202639696605,-30.987432,1.81));
#18302=CARTESIAN_POINT('',(47.2269597408063,-33.237432,1.81));
#18303=CARTESIAN_POINT('Origin',(51.1240740578363,-35.487432,1.81));
#18304=CARTESIAN_POINT('',(45.2062337986427,-36.737432,1.81));
#18305=CARTESIAN_POINT('',(46.5445322544076,-34.4194310789241,1.81));
#18306=CARTESIAN_POINT('',(45.2062337986427,-41.237432,1.81));
#18307=CARTESIAN_POINT('Origin',(49.1033481156728,-38.987432,1.81));
#18308=CARTESIAN_POINT('',(47.2269597408064,-44.737432,1.81));
#18309=CARTESIAN_POINT('',(50.3212117843308,-50.096833750808,1.81));
#18310=CARTESIAN_POINT('',(51.1240740578364,-46.987432,1.81));
#18311=CARTESIAN_POINT('Origin',(51.1240740578364,-42.487432,1.81));
#18312=CARTESIAN_POINT('',(55.1655259421637,-46.987432,1.81));
#18313=CARTESIAN_POINT('',(60.9995380274968,-46.987432,1.81));
#18314=CARTESIAN_POINT('Origin',(55.1655259421637,-42.4874319999999,1.81));
#18315=CARTESIAN_POINT('',(47.2269597408064,-82.737432,1.81));
#18316=CARTESIAN_POINT('',(45.2062337986427,-79.237432,1.81));
#18317=CARTESIAN_POINT('',(42.0939704483786,-73.8468337508081,1.81));
#18318=CARTESIAN_POINT('',(47.445073731425,-83.0787553295491,1.81));
#18319=CARTESIAN_POINT('Origin',(51.1240740578364,-80.487432,1.81));
#18320=CARTESIAN_POINT('',(49.338186411268,-83.9103450739554,1.81));
#18321=CARTESIAN_POINT('Origin',(49.0801849876078,-81.9270560719717,1.81));
#18322=CARTESIAN_POINT('',(58.1401964053813,-82.7653121981208,1.81));
#18323=CARTESIAN_POINT('',(72.8111001542591,-80.8568086720052,1.81));
#18324=CARTESIAN_POINT('',(59.61424578929,-81.7820231961371,1.81));
#18325=CARTESIAN_POINT('Origin',(57.8821949817211,-80.7820231961371,1.81));
#18326=CARTESIAN_POINT('',(61.0833662013573,-79.237432,1.81));
#18327=CARTESIAN_POINT('',(67.6178170798289,-67.9194310789241,1.81));
#18328=CARTESIAN_POINT('',(61.0833662013574,-74.737432,1.81));
#18329=CARTESIAN_POINT('Origin',(57.1862518843272,-76.987432,1.81));
#18330=CARTESIAN_POINT('',(59.0626402591937,-71.237432,1.81));
#18331=CARTESIAN_POINT('',(56.9607398800114,-67.596833750808,1.81));
#18332=CARTESIAN_POINT('',(55.1655259421637,-68.987432,1.81));
#18333=CARTESIAN_POINT('Origin',(55.1655259421637,-73.487432,1.81));
#18334=CARTESIAN_POINT('',(51.1240740578363,-68.987432,1.81));
#18335=CARTESIAN_POINT('',(63.0202639696605,-68.987432,1.81));
#18336=CARTESIAN_POINT('',(47.2269597408063,-71.2374320000001,1.81));
#18337=CARTESIAN_POINT('Origin',(51.1240740578363,-73.487432,1.81));
#18338=CARTESIAN_POINT('',(45.2062337986427,-74.737432,1.81));
#18339=CARTESIAN_POINT('',(54.7717735903598,-58.1694310789241,1.81));
#18340=CARTESIAN_POINT('Origin',(49.1033481156728,-76.987432,1.81));
#18341=CARTESIAN_POINT('',(43.2833039870075,-81.9064771866985,1.81));
#18342=CARTESIAN_POINT('',(41.8092546030988,-84.8897661886821,1.81));
#18343=CARTESIAN_POINT('Origin',(41.5512531794386,-82.9064771866985,1.81));
#18344=CARTESIAN_POINT('',(42.6080586640478,-80.7369179797591,1.81));
#18345=CARTESIAN_POINT('',(40.5063808621589,-77.0967052457479,1.81));
#18346=CARTESIAN_POINT('',(38.7109443470178,-78.4869179797591,1.81));
#18347=CARTESIAN_POINT('Origin',(38.7109443470178,-82.9869179797591,1.81));
#18348=CARTESIAN_POINT('',(34.6690967697245,-78.4869179797591,1.81));
#18349=CARTESIAN_POINT('',(54.7929731720876,-78.486917979759,1.81));
#18350=CARTESIAN_POINT('',(30.9239184658674,-80.4921956560688,1.81));
#18351=CARTESIAN_POINT('Origin',(34.6690967697245,-82.9869179797591,1.81));
#18352=CARTESIAN_POINT('',(30.7045063290628,-82.2723669704521,1.81));
#18353=CARTESIAN_POINT('Origin',(32.5884421564706,-81.6009611332645,1.81));
#18354=CARTESIAN_POINT('',(31.207813509618,-84.3088317013875,1.81));
#18355=CARTESIAN_POINT('Origin',(20.8138432351723,-85.7972476156869,1.81));
#18356=CARTESIAN_POINT('',(33.6772574633175,-85.9644609792591,1.81));
#18357=CARTESIAN_POINT('Origin',(33.1876173714171,-84.0253239081876,1.81));
#18358=CARTESIAN_POINT('',(33.9552238652063,-85.9114786621645,1.81));
#18359=CARTESIAN_POINT('Origin',(34.2648255735978,-88.2914254645443,1.81));
#18360=CARTESIAN_POINT('',(72.8111001542591,-80.8568086720052,1.81));
#18361=CARTESIAN_POINT('',(39.5567835395563,-24.323755986506,1.81));
#18362=CARTESIAN_POINT('',(42.5401740075436,-29.944327751084,1.81));
#18363=CARTESIAN_POINT('Origin',(43.1898,-25.997432,1.81));
#18364=CARTESIAN_POINT('',(37.7402753093344,-21.4869179797591,1.81));
#18365=CARTESIAN_POINT('Origin',(37.7402753093344,-23.4869179797591,1.81));
#18366=CARTESIAN_POINT('',(34.6690967697245,-21.4869179797591,1.81));
#18367=CARTESIAN_POINT('',(54.7929731720875,-21.486917979759,1.81));
#18368=CARTESIAN_POINT('',(30.7719824526945,-23.7369179797591,1.81));
#18369=CARTESIAN_POINT('Origin',(34.6690967697245,-25.986917979759,1.81));
#18370=CARTESIAN_POINT('',(28.7510586640478,-27.2372606599197,1.81));
#18371=CARTESIAN_POINT('',(30.089505504675,-24.9190027287234,1.81));
#18372=CARTESIAN_POINT('',(28.7510586640478,-31.7372606599197,1.81));
#18373=CARTESIAN_POINT('Origin',(32.6481729810779,-29.4872606599197,1.81));
#18374=CARTESIAN_POINT('',(30.7719824526945,-35.2376033400803,1.81));
#18375=CARTESIAN_POINT('',(37.9797809717638,-47.7218765858281,1.81));
#18376=CARTESIAN_POINT('',(34.6690967697245,-37.4876033400804,1.81));
#18377=CARTESIAN_POINT('Origin',(34.6690967697245,-32.9876033400803,1.81));
#18378=CARTESIAN_POINT('',(38.7109443470179,-37.4876033400804,1.81));
#18379=CARTESIAN_POINT('',(52.7720493834409,-37.4876033400804,1.81));
#18380=CARTESIAN_POINT('',(42.6080586640478,-35.2376033400804,1.81));
#18381=CARTESIAN_POINT('Origin',(38.7109443470179,-32.9876033400804,1.81));
#18382=CARTESIAN_POINT('',(43.9474118188842,-32.917775626626,1.81));
#18383=CARTESIAN_POINT('',(42.9360436103517,-34.6695167489644,1.81));
#18384=CARTESIAN_POINT('Origin',(42.2153610113154,-31.917775626626,1.81));
#18385=CARTESIAN_POINT('',(129.771982452695,-54.2376033400804,1.81));
#18386=CARTESIAN_POINT('',(127.751058664048,-50.7372606599197,1.81));
#18387=CARTESIAN_POINT('',(120.491160303788,-38.1627478421633,1.81));
#18388=CARTESIAN_POINT('',(133.669096769724,-56.4876033400804,1.81));
#18389=CARTESIAN_POINT('Origin',(133.669096769725,-51.9876033400803,1.81));
#18390=CARTESIAN_POINT('',(134.344339886853,-56.4876033400804,1.81));
#18391=CARTESIAN_POINT('',(102.272049383441,-56.4876033400804,1.81));
#18392=CARTESIAN_POINT('',(136.344339872159,-54.4878457775728,1.81));
#18393=CARTESIAN_POINT('Origin',(134.344339886853,-54.4876033400804,1.81));
#18394=CARTESIAN_POINT('',(136.345794580203,-42.4871604172515,1.81));
#18395=CARTESIAN_POINT('',(136.344487608655,-53.269086311351,1.81));
#18396=CARTESIAN_POINT('',(134.345794594897,-40.4869179797591,1.81));
#18397=CARTESIAN_POINT('Origin',(134.345794594897,-42.4869179797591,1.81));
#18398=CARTESIAN_POINT('',(133.669096769724,-40.4869179797591,1.81));
#18399=CARTESIAN_POINT('',(103.610519522121,-40.4869179797592,1.81));
#18400=CARTESIAN_POINT('',(129.771982452695,-42.7369179797591,1.81));
#18401=CARTESIAN_POINT('Origin',(133.669096769724,-44.986917979759,1.81));
#18402=CARTESIAN_POINT('',(127.751058664048,-46.2372606599197,1.81));
#18403=CARTESIAN_POINT('',(120.828126172651,-58.2281314723881,1.81));
#18404=CARTESIAN_POINT('Origin',(131.648172981078,-48.4872606599197,1.81));
#18405=CARTESIAN_POINT('',(9.60805866404781,-23.7369179797591,1.81));
#18406=CARTESIAN_POINT('',(11.6289824526945,-27.2372606599197,1.81));
#18407=CARTESIAN_POINT('',(23.9722428660872,-48.6164148269694,1.81));
#18408=CARTESIAN_POINT('',(5.71094434701784,-21.4869179797591,1.81));
#18409=CARTESIAN_POINT('Origin',(5.71094434701783,-25.9869179797591,1.81));
#18410=CARTESIAN_POINT('',(5.40022001648088,-21.4869179797591,1.81));
#18411=CARTESIAN_POINT('',(38.2929731720875,-21.486917979759,1.81));
#18412=CARTESIAN_POINT('',(3.40022001652071,-23.4869306027468,1.81));
#18413=CARTESIAN_POINT('Origin',(5.40022001648089,-23.4869179797591,1.81));
#18414=CARTESIAN_POINT('',(3.40029575877261,-35.4876159630681,1.81));
#18415=CARTESIAN_POINT('',(3.40029750940753,-35.7649884758412,1.81));
#18416=CARTESIAN_POINT('',(5.40029575873278,-37.4876033400804,1.81));
#18417=CARTESIAN_POINT('Origin',(5.40029575873278,-35.4876033400804,1.81));
#18418=CARTESIAN_POINT('',(5.71094434701786,-37.4876033400804,1.81));
#18419=CARTESIAN_POINT('',(37.137655189419,-37.4876033400803,1.81));
#18420=CARTESIAN_POINT('',(9.60805866404785,-35.2376033400804,1.81));
#18421=CARTESIAN_POINT('Origin',(5.71094434701788,-32.9876033400804,1.81));
#18422=CARTESIAN_POINT('',(11.6289824526945,-31.7372606599197,1.81));
#18423=CARTESIAN_POINT('',(14.0610436103516,-27.5248071677428,1.81));
#18424=CARTESIAN_POINT('Origin',(7.73186813566454,-29.4872606599197,1.81));
#18425=CARTESIAN_POINT('',(9.60805866404782,-42.7369179797591,1.81));
#18426=CARTESIAN_POINT('',(11.6289824526945,-46.2372606599197,1.81));
#18427=CARTESIAN_POINT('',(19.8586221981111,-60.4914148269694,1.81));
#18428=CARTESIAN_POINT('',(5.71094434701784,-40.4869179797591,1.81));
#18429=CARTESIAN_POINT('Origin',(5.71094434701783,-44.9869179797591,1.81));
#18430=CARTESIAN_POINT('',(5.4003399348641,-40.4869179797591,1.81));
#18431=CARTESIAN_POINT('',(38.2929731720876,-40.4869179797589,1.81));
#18432=CARTESIAN_POINT('',(3.40033993490394,-42.4869306027468,1.81));
#18433=CARTESIAN_POINT('Origin',(5.40033993486411,-42.4869179797591,1.81));
#18434=CARTESIAN_POINT('',(3.40041567715584,-54.4876159630681,1.81));
#18435=CARTESIAN_POINT('',(3.40035746859914,-45.2649884758412,1.81));
#18436=CARTESIAN_POINT('',(5.40041567711601,-56.4876033400804,1.81));
#18437=CARTESIAN_POINT('Origin',(5.400415677116,-54.4876033400804,1.81));
#18438=CARTESIAN_POINT('',(5.71094434701786,-56.4876033400804,1.81));
#18439=CARTESIAN_POINT('',(37.1377151486106,-56.4876033400803,1.81));
#18440=CARTESIAN_POINT('',(9.60805866404785,-54.2376033400804,1.81));
#18441=CARTESIAN_POINT('Origin',(5.71094434701788,-51.9876033400804,1.81));
#18442=CARTESIAN_POINT('',(11.6289824526945,-50.7372606599197,1.81));
#18443=CARTESIAN_POINT('',(18.1746642783277,-39.3998071677427,1.81));
#18444=CARTESIAN_POINT('Origin',(7.73186813566454,-48.4872606599197,1.81));
#18445=CARTESIAN_POINT('',(129.771982452695,-35.2376033400803,1.81));
#18446=CARTESIAN_POINT('',(127.751058664048,-31.7372606599197,1.81));
#18447=CARTESIAN_POINT('',(124.604780971764,-26.2877478421633,1.81));
#18448=CARTESIAN_POINT('',(133.669096769724,-37.4876033400804,1.81));
#18449=CARTESIAN_POINT('Origin',(133.669096769725,-32.9876033400803,1.81));
#18450=CARTESIAN_POINT('',(134.346643043048,-37.4876033400804,1.81));
#18451=CARTESIAN_POINT('',(102.272049383441,-37.4876033400804,1.81));
#18452=CARTESIAN_POINT('',(136.346643028354,-35.4878457775728,1.81));
#18453=CARTESIAN_POINT('Origin',(134.346643043048,-35.4876033400804,1.81));
#18454=CARTESIAN_POINT('',(136.348097736398,-23.4871604172515,1.81));
#18455=CARTESIAN_POINT('',(136.345639186752,-43.769086311351,1.81));
#18456=CARTESIAN_POINT('',(134.348097751092,-21.4869179797591,1.81));
#18457=CARTESIAN_POINT('Origin',(134.348097751092,-23.4869179797591,1.81));
#18458=CARTESIAN_POINT('',(133.669096769724,-21.4869179797591,1.81));
#18459=CARTESIAN_POINT('',(103.611671100219,-21.4869179797591,1.81));
#18460=CARTESIAN_POINT('',(129.771982452695,-23.7369179797591,1.81));
#18461=CARTESIAN_POINT('Origin',(133.669096769724,-25.986917979759,1.81));
#18462=CARTESIAN_POINT('',(127.751058664048,-27.2372606599197,1.81));
#18463=CARTESIAN_POINT('',(116.714505504675,-46.3531314723882,1.81));
#18464=CARTESIAN_POINT('Origin',(131.648172981078,-29.4872606599197,1.81));
#18465=CARTESIAN_POINT('',(109.539482214095,-63.3501908918069,1.81));
#18466=CARTESIAN_POINT('',(107.807431406526,-66.3501908918069,1.81));
#18467=CARTESIAN_POINT('Origin',(107.807431406526,-64.3501908918069,1.81));
#18468=CARTESIAN_POINT('',(108.608058664048,-61.7369179797591,1.81));
#18469=CARTESIAN_POINT('',(102.370001530135,-50.9322860833046,1.81));
#18470=CARTESIAN_POINT('',(104.710944347018,-59.4869179797591,1.81));
#18471=CARTESIAN_POINT('Origin',(104.710944347018,-63.9869179797591,1.81));
#18472=CARTESIAN_POINT('',(100.669096769724,-59.4869179797591,1.81));
#18473=CARTESIAN_POINT('',(87.7929731720876,-59.4869179797591,1.81));
#18474=CARTESIAN_POINT('',(96.7719824526945,-61.7369179797591,1.81));
#18475=CARTESIAN_POINT('Origin',(100.669096769724,-63.9869179797591,1.81));
#18476=CARTESIAN_POINT('',(95.8405589026474,-63.3501908918069,1.81));
#18477=CARTESIAN_POINT('',(96.0667468406272,-62.9584218911665,1.81));
#18478=CARTESIAN_POINT('',(97.5726097102163,-66.3501908918069,1.81));
#18479=CARTESIAN_POINT('Origin',(97.5726097102163,-64.3501908918069,1.81));
#18480=CARTESIAN_POINT('',(103.858956910093,-66.3501908918069,1.81));
#18481=CARTESIAN_POINT('',(26.0626402591937,-63.737432,1.81));
#18482=CARTESIAN_POINT('',(22.1655259421637,-65.987432,1.81));
#18483=CARTESIAN_POINT('Origin',(22.1655259421637,-61.4874319999999,1.81));
#18484=CARTESIAN_POINT('',(28.0833662013574,-60.237432,1.81));
#18485=CARTESIAN_POINT('',(34.6291964118529,-48.8997214977025,1.81));
#18486=CARTESIAN_POINT('',(28.0833662013574,-55.737432,1.81));
#18487=CARTESIAN_POINT('Origin',(24.1862518843272,-57.987432,1.81));
#18488=CARTESIAN_POINT('',(26.0626402591937,-52.237432,1.81));
#18489=CARTESIAN_POINT('',(32.1993605479875,-62.8665433320297,1.81));
#18490=CARTESIAN_POINT('',(22.1655259421637,-49.987432,1.81));
#18491=CARTESIAN_POINT('Origin',(22.1655259421637,-54.4874320000001,1.81));
#18492=CARTESIAN_POINT('',(18.1240740578363,-49.987432,1.81));
#18493=CARTESIAN_POINT('',(46.5202639696605,-49.987432,1.81));
#18494=CARTESIAN_POINT('',(14.2269597408063,-52.237432,1.81));
#18495=CARTESIAN_POINT('Origin',(18.1240740578363,-54.4874320000001,1.81));
#18496=CARTESIAN_POINT('',(12.2062337986427,-55.737432,1.81));
#18497=CARTESIAN_POINT('',(21.7831529223837,-39.1497214977025,1.81));
#18498=CARTESIAN_POINT('',(12.2062337986427,-60.237432,1.81));
#18499=CARTESIAN_POINT('Origin',(16.1033481156728,-57.987432,1.81));
#18500=CARTESIAN_POINT('',(14.2269597408064,-63.737432,1.81));
#18501=CARTESIAN_POINT('',(17.3325911163547,-69.1165433320297,1.81));
#18502=CARTESIAN_POINT('',(18.1240740578364,-65.987432,1.81));
#18503=CARTESIAN_POINT('Origin',(18.1240740578364,-61.487432,1.81));
#18504=CARTESIAN_POINT('',(44.4995380274969,-65.9874319999999,1.81));
#18505=CARTESIAN_POINT('',(28.7510586640478,-46.2372606599197,1.81));
#18506=CARTESIAN_POINT('',(30.7719824526945,-42.7369179797591,1.81));
#18507=CARTESIAN_POINT('',(34.2031261726511,-36.7940027287234,1.81));
#18508=CARTESIAN_POINT('',(28.7510586640478,-50.7372606599197,1.81));
#18509=CARTESIAN_POINT('Origin',(32.6481729810779,-48.4872606599197,1.81));
#18510=CARTESIAN_POINT('',(30.7719824526945,-54.2376033400804,1.81));
#18511=CARTESIAN_POINT('',(33.8661603037877,-59.5968765858281,1.81));
#18512=CARTESIAN_POINT('',(34.6690967697245,-56.4876033400804,1.81));
#18513=CARTESIAN_POINT('Origin',(34.6690967697245,-51.9876033400803,1.81));
#18514=CARTESIAN_POINT('',(38.7109443470179,-56.4876033400804,1.81));
#18515=CARTESIAN_POINT('',(52.7720493834409,-56.4876033400803,1.81));
#18516=CARTESIAN_POINT('',(42.6080586640478,-54.2376033400804,1.81));
#18517=CARTESIAN_POINT('Origin',(38.7109443470179,-51.9876033400804,1.81));
#18518=CARTESIAN_POINT('',(44.6289824526945,-50.7372606599197,1.81));
#18519=CARTESIAN_POINT('',(47.0496642783277,-46.5445167489643,1.81));
#18520=CARTESIAN_POINT('',(44.6289824526945,-46.2372606599197,1.81));
#18521=CARTESIAN_POINT('Origin',(40.7318681356645,-48.4872606599197,1.81));
#18522=CARTESIAN_POINT('',(42.6080586640478,-42.7369179797591,1.81));
#18523=CARTESIAN_POINT('',(48.7336221981111,-53.3467052457478,1.81));
#18524=CARTESIAN_POINT('',(38.7109443470178,-40.4869179797591,1.81));
#18525=CARTESIAN_POINT('Origin',(38.7109443470178,-44.9869179797591,1.81));
#18526=CARTESIAN_POINT('',(34.6690967697245,-40.4869179797591,1.81));
#18527=CARTESIAN_POINT('',(54.7929731720876,-40.486917979759,1.81));
#18528=CARTESIAN_POINT('Origin',(34.6690967697245,-44.986917979759,1.81));
#18529=CARTESIAN_POINT('Origin',(119.1448,-29.487432,3.01));
#18530=CARTESIAN_POINT('',(120.1948,-29.487432,3.01));
#18531=CARTESIAN_POINT('Origin',(119.1448,-29.487432,3.01));
#18532=CARTESIAN_POINT('Origin',(119.1448,-48.487432,3.01));
#18533=CARTESIAN_POINT('',(120.1948,-48.487432,3.01));
#18534=CARTESIAN_POINT('Origin',(119.1448,-48.487432,3.01));
#18535=CARTESIAN_POINT('Origin',(76.0008,-65.752432,3.01));
#18536=CARTESIAN_POINT('',(77.0508,-65.752432,3.01));
#18537=CARTESIAN_POINT('Origin',(76.0008,-65.752432,3.01));
#18538=CARTESIAN_POINT('Origin',(43.1898,-25.997432,3.01));
#18539=CARTESIAN_POINT('',(44.2398,-25.997432,3.01));
#18540=CARTESIAN_POINT('Origin',(43.1898,-25.997432,3.01));
#18541=CARTESIAN_POINT('Origin',(29.4348,-73.366932,3.01));
#18542=CARTESIAN_POINT('',(30.4848,-73.366932,3.01));
#18543=CARTESIAN_POINT('Origin',(29.4348,-73.366932,3.01));
#18544=CARTESIAN_POINT('Origin',(123.144516882581,-33.9598211667877,1.01));
#18545=CARTESIAN_POINT('',(124.727709634914,-32.7377325002178,3.81));
#18546=CARTESIAN_POINT('',(124.727709634914,-32.7377325002178,1.01));
#18547=CARTESIAN_POINT('',(121.81127792172,-32.4690247778585,3.81));
#18548=CARTESIAN_POINT('Origin',(123.144516882581,-33.9598211667877,3.81));
#18549=CARTESIAN_POINT('',(121.81127792172,-32.4690247778585,1.01));
#18550=CARTESIAN_POINT('Origin',(121.165525942164,-35.4874320000001,1.01));
#18551=CARTESIAN_POINT('',(125.062640259194,-33.237432,3.81));
#18552=CARTESIAN_POINT('',(125.062640259194,-33.237432,1.01));
#18553=CARTESIAN_POINT('Origin',(121.165525942164,-35.4874320000001,3.81));
#18554=CARTESIAN_POINT('Origin',(127.083366201357,-36.737432,1.01));
#18555=CARTESIAN_POINT('',(127.083366201357,-36.737432,3.81));
#18556=CARTESIAN_POINT('',(127.083366201357,-36.737432,1.01));
#18557=CARTESIAN_POINT('',(122.937981215964,-29.5574145883648,3.81));
#18558=CARTESIAN_POINT('Origin',(123.186251884327,-38.987432,1.01));
#18559=CARTESIAN_POINT('',(127.083366201357,-41.237432,3.81));
#18560=CARTESIAN_POINT('',(127.083366201357,-41.237432,1.01));
#18561=CARTESIAN_POINT('Origin',(123.186251884327,-38.987432,3.81));
#18562=CARTESIAN_POINT('Origin',(125.062640259194,-44.737432,1.01));
#18563=CARTESIAN_POINT('',(125.062640259194,-44.737432,3.81));
#18564=CARTESIAN_POINT('',(125.062640259194,-44.737432,1.01));
#18565=CARTESIAN_POINT('',(117.140575743877,-58.4588502413673,3.81));
#18566=CARTESIAN_POINT('Origin',(121.165525942164,-42.4874319999999,1.01));
#18567=CARTESIAN_POINT('',(124.727709634914,-45.2371314997822,3.81));
#18568=CARTESIAN_POINT('',(124.727709634914,-45.2371314997822,1.01));
#18569=CARTESIAN_POINT('Origin',(121.165525942164,-42.4874319999999,3.81));
#18570=CARTESIAN_POINT('Origin',(123.144516882581,-44.0150428332123,1.01));
#18571=CARTESIAN_POINT('',(121.81127792172,-45.5058392221416,3.81));
#18572=CARTESIAN_POINT('',(121.81127792172,-45.5058392221416,1.01));
#18573=CARTESIAN_POINT('Origin',(123.144516882581,-44.0150428332123,3.81));
#18574=CARTESIAN_POINT('Origin',(119.1448,-48.487432,1.01));
#18575=CARTESIAN_POINT('',(116.47832207828,-45.5058392221416,3.81));
#18576=CARTESIAN_POINT('',(116.47832207828,-45.5058392221416,1.01));
#18577=CARTESIAN_POINT('Origin',(119.1448,-48.487432,3.81));
#18578=CARTESIAN_POINT('Origin',(121.165525942164,-16.4874320000001,1.01));
#18579=CARTESIAN_POINT('',(125.062640259194,-14.237432,3.81));
#18580=CARTESIAN_POINT('',(125.062640259194,-14.237432,1.01));
#18581=CARTESIAN_POINT('',(121.165525942164,-11.987432,3.81));
#18582=CARTESIAN_POINT('Origin',(121.165525942164,-16.4874320000001,3.81));
#18583=CARTESIAN_POINT('',(121.165525942164,-11.987432,1.01));
#18584=CARTESIAN_POINT('Origin',(127.083366201357,-17.737432,1.01));
#18585=CARTESIAN_POINT('',(127.083366201357,-17.737432,3.81));
#18586=CARTESIAN_POINT('',(127.083366201357,-17.737432,1.01));
#18587=CARTESIAN_POINT('',(127.05160188394,-17.6824145883647,3.81));
#18588=CARTESIAN_POINT('Origin',(123.186251884327,-19.987432,1.01));
#18589=CARTESIAN_POINT('',(127.083366201357,-22.237432,3.81));
#18590=CARTESIAN_POINT('',(127.083366201357,-22.237432,1.01));
#18591=CARTESIAN_POINT('Origin',(123.186251884327,-19.987432,3.81));
#18592=CARTESIAN_POINT('Origin',(125.062640259194,-25.737432,1.01));
#18593=CARTESIAN_POINT('',(125.062640259194,-25.737432,3.81));
#18594=CARTESIAN_POINT('',(125.062640259194,-25.737432,1.01));
#18595=CARTESIAN_POINT('',(113.026955075901,-46.5838502413673,3.81));
#18596=CARTESIAN_POINT('Origin',(121.165525942164,-23.4874319999999,1.01));
#18597=CARTESIAN_POINT('',(124.727709634914,-26.2371314997822,3.81));
#18598=CARTESIAN_POINT('',(124.727709634914,-26.2371314997822,1.01));
#18599=CARTESIAN_POINT('Origin',(121.165525942164,-23.4874319999999,3.81));
#18600=CARTESIAN_POINT('Origin',(123.144516882581,-25.0150428332123,1.01));
#18601=CARTESIAN_POINT('',(121.81127792172,-26.5058392221416,3.81));
#18602=CARTESIAN_POINT('',(121.81127792172,-26.5058392221416,1.01));
#18603=CARTESIAN_POINT('Origin',(123.144516882581,-25.0150428332123,3.81));
#18604=CARTESIAN_POINT('Origin',(119.1448,-29.487432,1.01));
#18605=CARTESIAN_POINT('',(116.47832207828,-26.5058392221416,3.81));
#18606=CARTESIAN_POINT('',(116.47832207828,-26.5058392221416,1.01));
#18607=CARTESIAN_POINT('Origin',(119.1448,-29.487432,3.81));
#18608=CARTESIAN_POINT('Origin',(94.7510586640479,-12.7372606599197,1.01));
#18609=CARTESIAN_POINT('',(95.9998651776167,-14.9002569902439,3.81));
#18610=CARTESIAN_POINT('',(95.9998651776167,-14.9002569902439,1.01));
#18611=CARTESIAN_POINT('',(96.7719824526945,-16.2376033400803,3.81));
#18612=CARTESIAN_POINT('',(99.8434016397399,-21.5574574233849,3.81));
#18613=CARTESIAN_POINT('',(96.7719824526945,-16.2376033400803,1.01));
#18614=CARTESIAN_POINT('Origin',(97.7319159851856,-13.9002569902439,1.01));
#18615=CARTESIAN_POINT('',(97.7319159820613,-11.9002569902439,3.81));
#18616=CARTESIAN_POINT('',(97.7319159820613,-11.9002569902439,1.01));
#18617=CARTESIAN_POINT('Origin',(97.7319159851856,-13.9002569902439,3.81));
#18618=CARTESIAN_POINT('Origin',(94.375768347189,-11.9002569954866,1.01));
#18619=CARTESIAN_POINT('',(101.249584980791,-11.9002569847489,3.81));
#18620=CARTESIAN_POINT('',(101.249584980791,-11.9002569847489,4.01));
#18621=CARTESIAN_POINT('',(101.249584980791,-11.9002569847489,3.81));
#18622=CARTESIAN_POINT('Origin',(101.249584980791,-11.9002569847489,4.01));
#18623=CARTESIAN_POINT('',(107.648125128607,-11.9002570078721,3.81));
#18624=CARTESIAN_POINT('',(107.648125128607,-11.9002570078721,1.01));
#18625=CARTESIAN_POINT('',(86.062293557894,-11.9002569298646,3.81));
#18626=CARTESIAN_POINT('',(101.249584980791,-11.9002569847489,5.81));
#18627=CARTESIAN_POINT('',(136.849691613363,-11.9002571134017,5.81));
#18628=CARTESIAN_POINT('',(101.249584980791,-11.9002569847489,4.01));
#18629=CARTESIAN_POINT('Origin',(84.1240740578363,-16.487432,1.01));
#18630=CARTESIAN_POINT('',(84.1240740578363,-11.987432,3.81));
#18631=CARTESIAN_POINT('',(84.1240740578363,-11.987432,1.01));
#18632=CARTESIAN_POINT('',(80.2269597408063,-14.237432,3.81));
#18633=CARTESIAN_POINT('Origin',(84.1240740578363,-16.487432,3.81));
#18634=CARTESIAN_POINT('',(80.2269597408063,-14.237432,1.01));
#18635=CARTESIAN_POINT('Origin',(88.1655259421636,-11.987432,1.01));
#18636=CARTESIAN_POINT('',(88.1655259421636,-11.987432,3.81));
#18637=CARTESIAN_POINT('',(88.1655259421636,-11.987432,1.01));
#18638=CARTESIAN_POINT('',(79.5202639696605,-11.987432,3.81));
#18639=CARTESIAN_POINT('Origin',(88.1655259421636,-16.4874320000001,1.01));
#18640=CARTESIAN_POINT('',(92.0626402591936,-14.237432,3.81));
#18641=CARTESIAN_POINT('',(92.0626402591936,-14.237432,1.01));
#18642=CARTESIAN_POINT('Origin',(88.1655259421636,-16.4874320000001,3.81));
#18643=CARTESIAN_POINT('Origin',(94.0833662013573,-17.737432,1.01));
#18644=CARTESIAN_POINT('',(94.0833662013574,-17.737432,3.81));
#18645=CARTESIAN_POINT('',(94.0833662013574,-17.737432,1.01));
#18646=CARTESIAN_POINT('',(98.1766018839396,-24.8271241695864,3.81));
#18647=CARTESIAN_POINT('Origin',(90.1862518843272,-19.987432,1.01));
#18648=CARTESIAN_POINT('',(94.0833662013574,-22.237432,3.81));
#18649=CARTESIAN_POINT('',(94.0833662013574,-22.237432,1.01));
#18650=CARTESIAN_POINT('Origin',(90.1862518843272,-19.987432,3.81));
#18651=CARTESIAN_POINT('Origin',(92.0626402591937,-25.737432,1.01));
#18652=CARTESIAN_POINT('',(92.0626402591937,-25.737432,3.81));
#18653=CARTESIAN_POINT('',(92.0626402591937,-25.737432,1.01));
#18654=CARTESIAN_POINT('',(84.1519550759007,-39.4391406601457,3.81));
#18655=CARTESIAN_POINT('Origin',(106.731868135665,-29.4872606599197,1.01));
#18656=CARTESIAN_POINT('',(110.628982452695,-31.7372606599197,3.81));
#18657=CARTESIAN_POINT('',(110.628982452695,-31.7372606599197,1.01));
#18658=CARTESIAN_POINT('',(110.628982452695,-27.2372606599197,3.81));
#18659=CARTESIAN_POINT('Origin',(106.731868135665,-29.4872606599197,3.81));
#18660=CARTESIAN_POINT('',(110.628982452695,-27.2372606599197,1.01));
#18661=CARTESIAN_POINT('Origin',(108.608058664048,-35.2376033400804,1.01));
#18662=CARTESIAN_POINT('',(108.608058664048,-35.2376033400804,3.81));
#18663=CARTESIAN_POINT('',(108.608058664048,-35.2376033400804,1.01));
#18664=CARTESIAN_POINT('',(100.686043610352,-48.9589359114075,3.81));
#18665=CARTESIAN_POINT('Origin',(104.710944347018,-32.9876033400804,1.01));
#18666=CARTESIAN_POINT('',(104.710944347018,-37.4876033400804,3.81));
#18667=CARTESIAN_POINT('',(104.710944347018,-37.4876033400804,1.01));
#18668=CARTESIAN_POINT('Origin',(104.710944347018,-32.9876033400804,3.81));
#18669=CARTESIAN_POINT('Origin',(100.669096769724,-37.4876033400804,1.01));
#18670=CARTESIAN_POINT('',(100.669096769724,-37.4876033400804,3.81));
#18671=CARTESIAN_POINT('',(100.669096769724,-37.4876033400804,1.01));
#18672=CARTESIAN_POINT('',(85.7720493834409,-37.4876033400804,3.81));
#18673=CARTESIAN_POINT('Origin',(100.669096769725,-32.9876033400803,1.01));
#18674=CARTESIAN_POINT('',(96.7719824526945,-35.2376033400803,3.81));
#18675=CARTESIAN_POINT('',(96.7719824526945,-35.2376033400803,1.01));
#18676=CARTESIAN_POINT('Origin',(100.669096769725,-32.9876033400803,3.81));
#18677=CARTESIAN_POINT('Origin',(94.7510586640479,-31.7372606599197,1.01));
#18678=CARTESIAN_POINT('',(94.7510586640479,-31.7372606599197,3.81));
#18679=CARTESIAN_POINT('',(94.7510586640479,-31.7372606599197,1.01));
#18680=CARTESIAN_POINT('',(95.7297809717639,-33.4324574233849,3.81));
#18681=CARTESIAN_POINT('Origin',(82.1033481156728,-38.987432,1.01));
#18682=CARTESIAN_POINT('',(78.2062337986427,-36.737432,3.81));
#18683=CARTESIAN_POINT('',(78.2062337986427,-36.737432,1.01));
#18684=CARTESIAN_POINT('',(78.2062337986427,-41.237432,3.81));
#18685=CARTESIAN_POINT('Origin',(82.1033481156728,-38.987432,3.81));
#18686=CARTESIAN_POINT('',(78.2062337986427,-41.237432,1.01));
#18687=CARTESIAN_POINT('Origin',(80.2269597408063,-33.237432,1.01));
#18688=CARTESIAN_POINT('',(80.2269597408063,-33.237432,3.81));
#18689=CARTESIAN_POINT('',(80.2269597408063,-33.237432,1.01));
#18690=CARTESIAN_POINT('',(75.4195322544076,-41.5641406601458,3.81));
#18691=CARTESIAN_POINT('Origin',(84.1240740578363,-35.487432,1.01));
#18692=CARTESIAN_POINT('',(84.1240740578363,-30.987432,3.81));
#18693=CARTESIAN_POINT('',(84.1240740578363,-30.987432,1.01));
#18694=CARTESIAN_POINT('Origin',(84.1240740578363,-35.487432,3.81));
#18695=CARTESIAN_POINT('Origin',(88.1655259421637,-30.987432,1.01));
#18696=CARTESIAN_POINT('',(88.1655259421637,-30.987432,3.81));
#18697=CARTESIAN_POINT('',(88.1655259421637,-30.987432,1.01));
#18698=CARTESIAN_POINT('',(79.5202639696605,-30.987432,3.81));
#18699=CARTESIAN_POINT('Origin',(88.1655259421637,-35.4874320000001,1.01));
#18700=CARTESIAN_POINT('',(92.0626402591937,-33.237432,3.81));
#18701=CARTESIAN_POINT('',(92.0626402591937,-33.237432,1.01));
#18702=CARTESIAN_POINT('Origin',(88.1655259421637,-35.4874320000001,3.81));
#18703=CARTESIAN_POINT('Origin',(94.0833662013574,-36.737432,1.01));
#18704=CARTESIAN_POINT('',(94.0833662013574,-36.737432,3.81));
#18705=CARTESIAN_POINT('',(94.0833662013574,-36.737432,1.01));
#18706=CARTESIAN_POINT('',(94.0629812159636,-36.7021241695864,3.81));
#18707=CARTESIAN_POINT('Origin',(74.5475135223355,-6.89999991059304,2.51));
#18708=CARTESIAN_POINT('',(76.2795643299044,-5.89999991059303,3.81));
#18709=CARTESIAN_POINT('',(76.2795643299044,-5.89999991059303,2.51));
#18710=CARTESIAN_POINT('',(74.5475135223355,-4.89999991059304,3.81));
#18711=CARTESIAN_POINT('Origin',(74.5475135223355,-6.89999991059304,3.81));
#18712=CARTESIAN_POINT('',(74.5475135223355,-4.89999991059304,2.51));
#18713=CARTESIAN_POINT('Origin',(77.6289824526945,-8.23726065991971,1.01));
#18714=CARTESIAN_POINT('',(77.6289824526945,-8.23726065991971,3.81));
#18715=CARTESIAN_POINT('',(77.6289824526945,-8.23726065991971,1.01));
#18716=CARTESIAN_POINT('',(85.8358635340633,-22.4519956645261,3.81));
#18717=CARTESIAN_POINT('Origin',(73.7318681356645,-10.4872606599197,1.01));
#18718=CARTESIAN_POINT('',(77.6289824526945,-12.7372606599197,3.81));
#18719=CARTESIAN_POINT('',(77.6289824526945,-12.7372606599197,1.01));
#18720=CARTESIAN_POINT('Origin',(73.7318681356645,-10.4872606599197,3.81));
#18721=CARTESIAN_POINT('Origin',(75.6080586640478,-16.2376033400803,1.01));
#18722=CARTESIAN_POINT('',(75.6080586640478,-16.2376033400803,3.81));
#18723=CARTESIAN_POINT('',(75.6080586640478,-16.2376033400803,1.01));
#18724=CARTESIAN_POINT('',(67.6974229423757,-29.939226330186,3.81));
#18725=CARTESIAN_POINT('Origin',(71.7109443470179,-13.9876033400804,1.01));
#18726=CARTESIAN_POINT('',(71.7109443470179,-18.4876033400804,3.81));
#18727=CARTESIAN_POINT('',(71.7109443470179,-18.4876033400804,1.01));
#18728=CARTESIAN_POINT('Origin',(71.7109443470179,-13.9876033400804,3.81));
#18729=CARTESIAN_POINT('Origin',(67.6690967697245,-18.4876033400804,1.01));
#18730=CARTESIAN_POINT('',(67.6690967697245,-18.4876033400804,3.81));
#18731=CARTESIAN_POINT('',(67.6690967697245,-18.4876033400804,1.01));
#18732=CARTESIAN_POINT('',(69.2720493834409,-18.4876033400804,3.81));
#18733=CARTESIAN_POINT('Origin',(137.542562541909,-69.8501908918069,1.01));
#18734=CARTESIAN_POINT('',(137.542562541909,-69.8501908918069,2.31));
#18735=CARTESIAN_POINT('',(137.542562541909,-69.8501908918069,1.01));
#18736=CARTESIAN_POINT('',(138.242737513991,-69.8501908918069,2.31));
#18737=CARTESIAN_POINT('',(138.242737513991,-69.8501908918069,2.31));
#18738=CARTESIAN_POINT('',(138.242737513991,-69.8501908918069,1.01));
#18739=CARTESIAN_POINT('Origin',(137.542562541909,-69.6501908918069,1.01));
#18740=CARTESIAN_POINT('',(137.342562541909,-69.6501908918069,2.31));
#18741=CARTESIAN_POINT('',(137.342562541909,-69.6501908918069,1.01));
#18742=CARTESIAN_POINT('Origin',(137.542562541909,-69.6501908918069,2.31));
#18743=CARTESIAN_POINT('Origin',(137.342562541909,-69.1500794647755,1.01));
#18744=CARTESIAN_POINT('',(137.342562541909,-69.1500794647755,2.31));
#18745=CARTESIAN_POINT('',(137.342562541909,-69.1500794647755,1.01));
#18746=CARTESIAN_POINT('',(137.342562541909,-69.1500794647755,2.31));
#18747=CARTESIAN_POINT('Origin',(137.34990231845,-8.60023287218286,1.01));
#18748=CARTESIAN_POINT('',(137.34990231845,-8.60023287218286,2.31));
#18749=CARTESIAN_POINT('',(137.34990231845,-8.60023287218285,1.01));
#18750=CARTESIAN_POINT('',(137.342562541909,-69.1500794647755,2.31));
#18751=CARTESIAN_POINT('Origin',(137.549902316981,-8.60025711593208,1.01));
#18752=CARTESIAN_POINT('',(137.549902317704,-8.40025711593209,2.31));
#18753=CARTESIAN_POINT('',(137.549902317704,-8.40025711593209,1.01));
#18754=CARTESIAN_POINT('Origin',(137.549902316981,-8.60025711593208,2.31));
#18755=CARTESIAN_POINT('Origin',(106.731868135665,-48.4872606599197,1.01));
#18756=CARTESIAN_POINT('',(110.628982452695,-50.7372606599197,3.81));
#18757=CARTESIAN_POINT('',(110.628982452695,-50.7372606599197,1.01));
#18758=CARTESIAN_POINT('',(110.628982452695,-46.2372606599197,3.81));
#18759=CARTESIAN_POINT('Origin',(106.731868135665,-48.4872606599197,3.81));
#18760=CARTESIAN_POINT('',(110.628982452695,-46.2372606599197,1.01));
#18761=CARTESIAN_POINT('Origin',(108.608058664048,-54.2376033400804,1.01));
#18762=CARTESIAN_POINT('',(108.608058664048,-54.2376033400804,3.81));
#18763=CARTESIAN_POINT('',(108.608058664048,-54.2376033400804,1.01));
#18764=CARTESIAN_POINT('',(104.799664278328,-60.8339359114075,3.81));
#18765=CARTESIAN_POINT('Origin',(104.710944347018,-51.9876033400804,1.01));
#18766=CARTESIAN_POINT('',(104.710944347018,-56.4876033400804,3.81));
#18767=CARTESIAN_POINT('',(104.710944347018,-56.4876033400804,1.01));
#18768=CARTESIAN_POINT('Origin',(104.710944347018,-51.9876033400804,3.81));
#18769=CARTESIAN_POINT('Origin',(100.669096769724,-56.4876033400804,1.01));
#18770=CARTESIAN_POINT('',(100.669096769724,-56.4876033400804,3.81));
#18771=CARTESIAN_POINT('',(100.669096769724,-56.4876033400804,1.01));
#18772=CARTESIAN_POINT('',(85.7720493834409,-56.4876033400804,3.81));
#18773=CARTESIAN_POINT('Origin',(100.669096769725,-51.9876033400803,1.01));
#18774=CARTESIAN_POINT('',(96.7719824526945,-54.2376033400804,3.81));
#18775=CARTESIAN_POINT('',(96.7719824526945,-54.2376033400804,1.01));
#18776=CARTESIAN_POINT('Origin',(100.669096769725,-51.9876033400803,3.81));
#18777=CARTESIAN_POINT('Origin',(94.7510586640479,-50.7372606599197,1.01));
#18778=CARTESIAN_POINT('',(94.7510586640479,-50.7372606599197,3.81));
#18779=CARTESIAN_POINT('',(94.7510586640479,-50.7372606599197,1.01));
#18780=CARTESIAN_POINT('',(91.6161603037878,-45.3074574233849,3.81));
#18781=CARTESIAN_POINT('Origin',(71.7109443470178,-25.9869179797591,1.01));
#18782=CARTESIAN_POINT('',(75.6080586640478,-23.7369179797591,3.81));
#18783=CARTESIAN_POINT('',(75.6080586640478,-23.7369179797591,1.01));
#18784=CARTESIAN_POINT('',(71.7109443470178,-21.4869179797591,3.81));
#18785=CARTESIAN_POINT('Origin',(71.7109443470178,-25.9869179797591,3.81));
#18786=CARTESIAN_POINT('',(71.7109443470178,-21.4869179797591,1.01));
#18787=CARTESIAN_POINT('Origin',(77.6289824526945,-27.2372606599197,1.01));
#18788=CARTESIAN_POINT('',(77.6289824526945,-27.2372606599197,3.81));
#18789=CARTESIAN_POINT('',(77.6289824526945,-27.2372606599197,1.01));
#18790=CARTESIAN_POINT('',(81.7222428660872,-34.3269956645262,3.81));
#18791=CARTESIAN_POINT('Origin',(73.7318681356645,-29.4872606599197,1.01));
#18792=CARTESIAN_POINT('',(77.6289824526945,-31.7372606599197,3.81));
#18793=CARTESIAN_POINT('',(77.6289824526945,-31.7372606599197,1.01));
#18794=CARTESIAN_POINT('Origin',(73.7318681356645,-29.4872606599197,3.81));
#18795=CARTESIAN_POINT('Origin',(75.6080586640478,-35.2376033400804,1.01));
#18796=CARTESIAN_POINT('',(75.6080586640478,-35.2376033400804,3.81));
#18797=CARTESIAN_POINT('',(75.6080586640478,-35.2376033400804,1.01));
#18798=CARTESIAN_POINT('',(71.8110436103518,-41.8142263301859,3.81));
#18799=CARTESIAN_POINT('Origin',(71.7109443470179,-32.9876033400804,1.01));
#18800=CARTESIAN_POINT('',(71.7109443470179,-37.4876033400804,3.81));
#18801=CARTESIAN_POINT('',(71.7109443470179,-37.4876033400804,1.01));
#18802=CARTESIAN_POINT('Origin',(71.7109443470179,-32.9876033400804,3.81));
#18803=CARTESIAN_POINT('Origin',(67.6690967697245,-37.4876033400804,1.01));
#18804=CARTESIAN_POINT('',(67.6690967697245,-37.4876033400804,3.81));
#18805=CARTESIAN_POINT('',(67.6690967697245,-37.4876033400804,1.01));
#18806=CARTESIAN_POINT('',(69.2720493834409,-37.4876033400804,3.81));
#18807=CARTESIAN_POINT('Origin',(75.6080586640478,-73.2376033400804,1.01));
#18808=CARTESIAN_POINT('',(75.6080586640478,-73.2376033400804,3.81));
#18809=CARTESIAN_POINT('',(75.6080586640478,-73.2376033400804,1.01));
#18810=CARTESIAN_POINT('',(76.0305234600928,-72.5058728489212,3.81));
#18811=CARTESIAN_POINT('',(80.0382849463039,-65.5642263301858,3.81));
#18812=CARTESIAN_POINT('',(76.0305234600928,-72.5058728489212,1.01));
#18813=CARTESIAN_POINT('Origin',(71.7109443470179,-70.9876033400804,1.01));
#18814=CARTESIAN_POINT('',(71.7109443470179,-75.4876033400804,3.81));
#18815=CARTESIAN_POINT('',(71.7109443470179,-75.4876033400804,1.01));
#18816=CARTESIAN_POINT('Origin',(71.7109443470179,-70.9876033400804,3.81));
#18817=CARTESIAN_POINT('Origin',(67.6690967697245,-75.4876033400804,1.01));
#18818=CARTESIAN_POINT('',(67.6690967697245,-75.4876033400804,3.81));
#18819=CARTESIAN_POINT('',(67.6690967697245,-75.4876033400804,1.01));
#18820=CARTESIAN_POINT('',(69.2720493834409,-75.4876033400804,3.81));
#18821=CARTESIAN_POINT('Origin',(67.6690967697245,-70.9876033400803,1.01));
#18822=CARTESIAN_POINT('',(63.7719824526945,-73.2376033400804,3.81));
#18823=CARTESIAN_POINT('',(63.7719824526945,-73.2376033400804,1.01));
#18824=CARTESIAN_POINT('Origin',(67.6690967697245,-70.9876033400803,3.81));
#18825=CARTESIAN_POINT('Origin',(61.7510586640478,-69.7372606599197,1.01));
#18826=CARTESIAN_POINT('',(61.7510586640478,-69.7372606599197,3.81));
#18827=CARTESIAN_POINT('',(61.7510586640478,-69.7372606599197,1.01));
#18828=CARTESIAN_POINT('',(58.6275396358117,-64.3271670046065,3.81));
#18829=CARTESIAN_POINT('Origin',(65.6481729810779,-67.4872606599197,1.01));
#18830=CARTESIAN_POINT('',(61.7510586640478,-65.2372606599197,3.81));
#18831=CARTESIAN_POINT('',(61.7510586640478,-65.2372606599197,1.01));
#18832=CARTESIAN_POINT('Origin',(65.6481729810779,-67.4872606599197,3.81));
#18833=CARTESIAN_POINT('Origin',(63.7719824526945,-61.7369179797591,1.01));
#18834=CARTESIAN_POINT('',(63.7719824526945,-61.7369179797591,3.81));
#18835=CARTESIAN_POINT('',(63.7719824526945,-61.7369179797591,1.01));
#18836=CARTESIAN_POINT('',(67.1917468406272,-55.8137123099449,3.81));
#18837=CARTESIAN_POINT('Origin',(23.7224535603481,-71.5314216749417,1.01));
#18838=CARTESIAN_POINT('',(25.626569040232,-72.1432584499611,3.81));
#18839=CARTESIAN_POINT('',(25.626569040232,-72.1432584499611,1.01));
#18840=CARTESIAN_POINT('',(24.9679956548955,-69.966613414895,3.81));
#18841=CARTESIAN_POINT('Origin',(23.7224535603481,-71.5314216749417,3.81));
#18842=CARTESIAN_POINT('',(24.9679956548955,-69.966613414895,1.01));
#18843=CARTESIAN_POINT('Origin',(29.4348,-73.366932,1.01));
#18844=CARTESIAN_POINT('',(25.4372265679079,-73.5062397708929,3.81));
#18845=CARTESIAN_POINT('',(25.4372265679079,-73.5062397708929,1.01));
#18846=CARTESIAN_POINT('Origin',(29.4348,-73.366932,3.81));
#18847=CARTESIAN_POINT('Origin',(23.4384398518618,-73.5758936563393,1.01));
#18848=CARTESIAN_POINT('',(23.0185043931915,-75.5313102898349,3.81));
#18849=CARTESIAN_POINT('',(23.0185043931915,-75.5313102898349,1.01));
#18850=CARTESIAN_POINT('Origin',(23.4384398518618,-73.5758936563393,3.81));
#18851=CARTESIAN_POINT('Origin',(20.8138432351723,-85.7972476156869,1.01));
#18852=CARTESIAN_POINT('',(15.3289555771446,-76.8437004203673,3.81));
#18853=CARTESIAN_POINT('',(15.3289555771446,-76.8437004203673,1.01));
#18854=CARTESIAN_POINT('Origin',(20.8138432351723,-85.7972476156869,3.81));
#18855=CARTESIAN_POINT('Origin',(14.2842150708536,-75.138262859354,1.01));
#18856=CARTESIAN_POINT('',(12.5521642632847,-74.1382628593541,3.81));
#18857=CARTESIAN_POINT('',(12.5521642632847,-74.138262859354,1.01));
#18858=CARTESIAN_POINT('Origin',(14.2842150708536,-75.138262859354,3.81));
#18859=CARTESIAN_POINT('Origin',(55.1655259421636,-23.4874319999999,1.01));
#18860=CARTESIAN_POINT('',(55.1655259421637,-27.987432,3.81));
#18861=CARTESIAN_POINT('',(55.1655259421637,-27.987432,1.01));
#18862=CARTESIAN_POINT('',(59.0626402591937,-25.737432,3.81));
#18863=CARTESIAN_POINT('Origin',(55.1655259421636,-23.4874319999999,3.81));
#18864=CARTESIAN_POINT('',(59.0626402591937,-25.737432,1.01));
#18865=CARTESIAN_POINT('Origin',(51.1240740578363,-27.987432,1.01));
#18866=CARTESIAN_POINT('',(51.1240740578363,-27.987432,3.81));
#18867=CARTESIAN_POINT('',(51.1240740578363,-27.987432,1.01));
#18868=CARTESIAN_POINT('',(60.9995380274969,-27.9874320000001,3.81));
#18869=CARTESIAN_POINT('Origin',(51.1240740578363,-23.4874320000001,1.01));
#18870=CARTESIAN_POINT('',(47.4771993924054,-26.1237751443268,3.81));
#18871=CARTESIAN_POINT('',(47.4771993924054,-26.1237751443268,1.01));
#18872=CARTESIAN_POINT('Origin',(51.1240740578363,-23.4874320000001,3.81));
#18873=CARTESIAN_POINT('Origin',(49.0980325770414,-24.9520670801816,1.01));
#18874=CARTESIAN_POINT('',(47.1286217180276,-25.3005220534544,3.81));
#18875=CARTESIAN_POINT('',(47.1286217180276,-25.3005220534544,1.01));
#18876=CARTESIAN_POINT('Origin',(49.0980325770414,-24.9520670801816,3.81));
#18877=CARTESIAN_POINT('Origin',(43.1898,-25.997432,1.01));
#18878=CARTESIAN_POINT('',(45.7433185585681,-22.9185453552778,3.81));
#18879=CARTESIAN_POINT('',(45.7433185585681,-22.9185453552778,1.01));
#18880=CARTESIAN_POINT('Origin',(43.1898,-25.997432,3.81));
#18881=CARTESIAN_POINT('Origin',(47.0200778378521,-21.3791020329168,1.01));
#18882=CARTESIAN_POINT('',(45.2880270302832,-22.3791020329168,3.81));
#18883=CARTESIAN_POINT('',(45.2880270302832,-22.3791020329168,1.01));
#18884=CARTESIAN_POINT('Origin',(47.0200778378521,-21.3791020329168,3.81));
#18885=CARTESIAN_POINT('Origin',(45.2062337986426,-22.237432,1.01));
#18886=CARTESIAN_POINT('',(45.2062337986426,-22.237432,3.81));
#18887=CARTESIAN_POINT('',(45.2062337986426,-22.237432,1.01));
#18888=CARTESIAN_POINT('',(54.4348324523068,-38.221833750808,3.81));
#18889=CARTESIAN_POINT('Origin',(49.1033481156727,-19.987432,1.01));
#18890=CARTESIAN_POINT('',(45.2062337986426,-17.737432,3.81));
#18891=CARTESIAN_POINT('',(45.2062337986426,-17.737432,1.01));
#18892=CARTESIAN_POINT('Origin',(49.1033481156727,-19.987432,3.81));
#18893=CARTESIAN_POINT('Origin',(38.7109443470179,-13.9876033400804,1.01));
#18894=CARTESIAN_POINT('',(38.7109443470179,-18.4876033400804,3.81));
#18895=CARTESIAN_POINT('',(38.7109443470179,-18.4876033400804,1.01));
#18896=CARTESIAN_POINT('',(42.6080586640478,-16.2376033400804,3.81));
#18897=CARTESIAN_POINT('Origin',(38.7109443470179,-13.9876033400804,3.81));
#18898=CARTESIAN_POINT('',(42.6080586640478,-16.2376033400804,1.01));
#18899=CARTESIAN_POINT('Origin',(34.6690967697245,-18.4876033400804,1.01));
#18900=CARTESIAN_POINT('',(34.6690967697245,-18.4876033400804,3.81));
#18901=CARTESIAN_POINT('',(34.6690967697245,-18.4876033400804,1.01));
#18902=CARTESIAN_POINT('',(52.7720493834409,-18.4876033400803,3.81));
#18903=CARTESIAN_POINT('Origin',(34.6690967697245,-13.9876033400803,1.01));
#18904=CARTESIAN_POINT('',(31.7759186979495,-17.4342713898061,3.81));
#18905=CARTESIAN_POINT('',(31.7759186979495,-17.4342713898061,1.01));
#18906=CARTESIAN_POINT('Origin',(34.6690967697245,-13.9876033400803,3.81));
#18907=CARTESIAN_POINT('Origin',(33.0617756187384,-15.9024189232613,1.01));
#18908=CARTESIAN_POINT('',(31.1021064373678,-16.3020396179036,3.81));
#18909=CARTESIAN_POINT('',(31.1021064373678,-16.3020396179036,1.01));
#18910=CARTESIAN_POINT('Origin',(33.0617756187384,-15.9024189232613,3.81));
#18911=CARTESIAN_POINT('Origin',(20.8138432351723,-18.4000482647755,1.01));
#18912=CARTESIAN_POINT('',(29.6459694764434,-12.7217081852936,3.81));
#18913=CARTESIAN_POINT('',(29.6459694764434,-12.7217081852936,1.01));
#18914=CARTESIAN_POINT('Origin',(20.8138432351723,-18.4000482647755,3.81));
#18915=CARTESIAN_POINT('Origin',(9.60805866404785,-73.2376033400804,1.01));
#18916=CARTESIAN_POINT('',(9.60805866404785,-73.2376033400804,3.81));
#18917=CARTESIAN_POINT('',(9.60805866404785,-73.2376033400804,1.01));
#18918=CARTESIAN_POINT('',(11.6289824526945,-69.7372606599197,3.81));
#18919=CARTESIAN_POINT('',(22.2882849463037,-51.2748071677427,3.81));
#18920=CARTESIAN_POINT('',(11.6289824526945,-69.7372606599197,1.01));
#18921=CARTESIAN_POINT('Origin',(5.71094434701788,-70.9876033400804,1.01));
#18922=CARTESIAN_POINT('',(9.53808540942965,-73.3546671939723,3.81));
#18923=CARTESIAN_POINT('',(9.53808540942965,-73.3546671939723,1.01));
#18924=CARTESIAN_POINT('Origin',(5.71094434701788,-70.9876033400804,3.81));
#18925=CARTESIAN_POINT('Origin',(7.83713382613552,-72.3026388144648,1.01));
#18926=CARTESIAN_POINT('',(6.10458007694573,-73.3017671876824,3.81));
#18927=CARTESIAN_POINT('',(6.10458007694573,-73.3017671876824,1.01));
#18928=CARTESIAN_POINT('Origin',(7.83713382613552,-72.3026388144648,3.81));
#18929=CARTESIAN_POINT('Origin',(18.4283248460978,-94.6719442101723,4.01));
#18930=CARTESIAN_POINT('',(3.66794769958799,-69.0764877601819,3.81));
#18931=CARTESIAN_POINT('',(3.66794769958799,-69.0764877601819,2.51));
#18932=CARTESIAN_POINT('',(4.90052124471321,-71.2138506596876,3.81));
#18933=CARTESIAN_POINT('',(18.4283248460978,-94.6719442101723,5.81));
#18934=CARTESIAN_POINT('',(4.9005212447132,-71.2138506596876,5.81));
#18935=CARTESIAN_POINT('',(18.4283248460978,-94.6719442101723,3.81));
#18936=CARTESIAN_POINT('',(18.4283248460978,-94.6719442101723,4.01));
#18937=CARTESIAN_POINT('',(15.3158255188353,-89.2746674203709,3.81));
#18938=CARTESIAN_POINT('Origin',(5.40050144877777,-68.0773593869643,2.51));
#18939=CARTESIAN_POINT('',(3.4005014488176,-68.077372009952,3.81));
#18940=CARTESIAN_POINT('',(3.40050144881761,-68.077372009952,2.51));
#18941=CARTESIAN_POINT('Origin',(5.40050144877777,-68.0773593869643,3.81));
#18942=CARTESIAN_POINT('Origin',(3.40044723021979,-59.4869179797591,1.01));
#18943=CARTESIAN_POINT('',(3.40045985328717,-61.4869306027468,3.81));
#18944=CARTESIAN_POINT('',(3.40045985328717,-61.4869306027468,1.01));
#18945=CARTESIAN_POINT('',(3.40041742779075,-54.7649884758412,3.81));
#18946=CARTESIAN_POINT('Origin',(24.1862518843272,-38.987432,1.01));
#18947=CARTESIAN_POINT('',(28.0833662013574,-41.237432,3.81));
#18948=CARTESIAN_POINT('',(28.0833662013574,-41.237432,1.01));
#18949=CARTESIAN_POINT('',(28.0833662013574,-36.737432,3.81));
#18950=CARTESIAN_POINT('Origin',(24.1862518843272,-38.987432,3.81));
#18951=CARTESIAN_POINT('',(28.0833662013574,-36.737432,1.01));
#18952=CARTESIAN_POINT('Origin',(26.0626402591937,-44.737432,1.01));
#18953=CARTESIAN_POINT('',(26.0626402591937,-44.737432,3.81));
#18954=CARTESIAN_POINT('',(26.0626402591937,-44.737432,1.01));
#18955=CARTESIAN_POINT('',(30.5155757438768,-37.0247214977025,3.81));
#18956=CARTESIAN_POINT('Origin',(22.1655259421637,-42.4874319999999,1.01));
#18957=CARTESIAN_POINT('',(22.1655259421637,-46.987432,3.81));
#18958=CARTESIAN_POINT('',(22.1655259421637,-46.987432,1.01));
#18959=CARTESIAN_POINT('Origin',(22.1655259421637,-42.4874319999999,3.81));
#18960=CARTESIAN_POINT('Origin',(18.1240740578364,-46.987432,1.01));
#18961=CARTESIAN_POINT('',(18.1240740578364,-46.987432,3.81));
#18962=CARTESIAN_POINT('',(18.1240740578364,-46.987432,1.01));
#18963=CARTESIAN_POINT('',(44.4995380274968,-46.9874319999999,3.81));
#18964=CARTESIAN_POINT('Origin',(18.1240740578364,-42.487432,1.01));
#18965=CARTESIAN_POINT('',(14.2269597408064,-44.737432,3.81));
#18966=CARTESIAN_POINT('',(14.2269597408064,-44.737432,1.01));
#18967=CARTESIAN_POINT('Origin',(18.1240740578364,-42.487432,3.81));
#18968=CARTESIAN_POINT('Origin',(12.2062337986427,-41.237432,1.01));
#18969=CARTESIAN_POINT('',(12.2062337986427,-41.237432,3.81));
#18970=CARTESIAN_POINT('',(12.2062337986427,-41.237432,1.01));
#18971=CARTESIAN_POINT('',(21.4462117843309,-57.2415433320297,3.81));
#18972=CARTESIAN_POINT('Origin',(38.7109443470178,-59.4869179797591,1.01));
#18973=CARTESIAN_POINT('',(38.7109443470178,-59.4869179797591,3.81));
#18974=CARTESIAN_POINT('',(38.7109443470178,-59.4869179797591,1.01));
#18975=CARTESIAN_POINT('',(34.6690967697245,-59.4869179797591,3.81));
#18976=CARTESIAN_POINT('',(54.7929731720876,-59.486917979759,3.81));
#18977=CARTESIAN_POINT('',(34.6690967697245,-59.4869179797591,1.01));
#18978=CARTESIAN_POINT('Origin',(38.7109443470178,-63.9869179797591,1.01));
#18979=CARTESIAN_POINT('',(42.6080586640478,-61.7369179797591,3.81));
#18980=CARTESIAN_POINT('',(42.6080586640478,-61.7369179797591,1.01));
#18981=CARTESIAN_POINT('Origin',(38.7109443470178,-63.9869179797591,3.81));
#18982=CARTESIAN_POINT('Origin',(44.6289824526945,-65.2372606599197,1.01));
#18983=CARTESIAN_POINT('',(44.6289824526945,-65.2372606599197,3.81));
#18984=CARTESIAN_POINT('',(44.6289824526945,-65.2372606599197,1.01));
#18985=CARTESIAN_POINT('',(44.620001530135,-65.2217052457478,3.81));
#18986=CARTESIAN_POINT('Origin',(40.7318681356645,-67.4872606599197,1.01));
#18987=CARTESIAN_POINT('',(44.6289824526945,-69.7372606599197,3.81));
#18988=CARTESIAN_POINT('',(44.6289824526945,-69.7372606599197,1.01));
#18989=CARTESIAN_POINT('Origin',(40.7318681356645,-67.4872606599197,3.81));
#18990=CARTESIAN_POINT('Origin',(42.6080586640478,-73.2376033400804,1.01));
#18991=CARTESIAN_POINT('',(42.6080586640478,-73.2376033400804,3.81));
#18992=CARTESIAN_POINT('',(42.6080586640478,-73.2376033400804,1.01));
#18993=CARTESIAN_POINT('',(51.1632849463038,-58.4195167489643,3.81));
#18994=CARTESIAN_POINT('Origin',(38.7109443470179,-70.9876033400804,1.01));
#18995=CARTESIAN_POINT('',(38.7109443470179,-75.4876033400804,3.81));
#18996=CARTESIAN_POINT('',(38.7109443470179,-75.4876033400804,1.01));
#18997=CARTESIAN_POINT('Origin',(38.7109443470179,-70.9876033400804,3.81));
#18998=CARTESIAN_POINT('Origin',(34.6690967697245,-75.4876033400804,1.01));
#18999=CARTESIAN_POINT('',(35.4335864129075,-75.4876033400804,3.81));
#19000=CARTESIAN_POINT('',(35.4335864129075,-75.4876033400804,1.01));
#19001=CARTESIAN_POINT('',(52.7720493834409,-75.4876033400803,3.81));
#19002=CARTESIAN_POINT('Origin',(57.1862518843272,-57.987432,1.01));
#19003=CARTESIAN_POINT('',(61.0833662013574,-60.237432,3.81));
#19004=CARTESIAN_POINT('',(61.0833662013574,-60.237432,1.01));
#19005=CARTESIAN_POINT('',(61.0833662013574,-55.737432,3.81));
#19006=CARTESIAN_POINT('Origin',(57.1862518843272,-57.987432,3.81));
#19007=CARTESIAN_POINT('',(61.0833662013574,-55.737432,1.01));
#19008=CARTESIAN_POINT('Origin',(59.0626402591937,-63.737432,1.01));
#19009=CARTESIAN_POINT('',(59.0626402591937,-63.737432,3.81));
#19010=CARTESIAN_POINT('',(59.0626402591937,-63.737432,1.01));
#19011=CARTESIAN_POINT('',(63.5041964118529,-56.0444310789241,3.81));
#19012=CARTESIAN_POINT('Origin',(55.1655259421637,-61.4874319999999,1.01));
#19013=CARTESIAN_POINT('',(55.1655259421637,-65.987432,3.81));
#19014=CARTESIAN_POINT('',(55.1655259421637,-65.987432,1.01));
#19015=CARTESIAN_POINT('Origin',(55.1655259421637,-61.4874319999999,3.81));
#19016=CARTESIAN_POINT('Origin',(51.1240740578364,-65.987432,1.01));
#19017=CARTESIAN_POINT('',(51.1240740578364,-65.987432,3.81));
#19018=CARTESIAN_POINT('',(51.1240740578364,-65.987432,1.01));
#19019=CARTESIAN_POINT('',(60.9995380274969,-65.987432,3.81));
#19020=CARTESIAN_POINT('Origin',(51.1240740578364,-61.487432,1.01));
#19021=CARTESIAN_POINT('',(47.2269597408064,-63.737432,3.81));
#19022=CARTESIAN_POINT('',(47.2269597408064,-63.737432,1.01));
#19023=CARTESIAN_POINT('Origin',(51.1240740578364,-61.487432,3.81));
#19024=CARTESIAN_POINT('Origin',(45.2062337986427,-60.237432,1.01));
#19025=CARTESIAN_POINT('',(45.2062337986427,-60.237432,3.81));
#19026=CARTESIAN_POINT('',(45.2062337986427,-60.237432,1.01));
#19027=CARTESIAN_POINT('',(46.2075911163547,-61.9718337508081,3.81));
#19028=CARTESIAN_POINT('Origin',(71.7109443470178,-44.9869179797591,1.01));
#19029=CARTESIAN_POINT('',(75.6080586640478,-42.7369179797591,3.81));
#19030=CARTESIAN_POINT('',(75.6080586640478,-42.7369179797591,1.01));
#19031=CARTESIAN_POINT('',(71.7109443470178,-40.4869179797591,3.81));
#19032=CARTESIAN_POINT('Origin',(71.7109443470178,-44.9869179797591,3.81));
#19033=CARTESIAN_POINT('',(71.7109443470178,-40.4869179797591,1.01));
#19034=CARTESIAN_POINT('Origin',(77.6289824526945,-46.2372606599197,1.01));
#19035=CARTESIAN_POINT('',(77.6289824526945,-46.2372606599197,3.81));
#19036=CARTESIAN_POINT('',(77.6289824526945,-46.2372606599197,1.01));
#19037=CARTESIAN_POINT('',(77.6086221981111,-46.2019956645262,3.81));
#19038=CARTESIAN_POINT('Origin',(73.7318681356645,-48.4872606599197,1.01));
#19039=CARTESIAN_POINT('',(77.6289824526945,-50.7372606599197,3.81));
#19040=CARTESIAN_POINT('',(77.6289824526945,-50.7372606599197,1.01));
#19041=CARTESIAN_POINT('Origin',(73.7318681356645,-48.4872606599197,3.81));
#19042=CARTESIAN_POINT('Origin',(75.6080586640478,-54.2376033400804,1.01));
#19043=CARTESIAN_POINT('',(75.6080586640478,-54.2376033400804,3.81));
#19044=CARTESIAN_POINT('',(75.6080586640478,-54.2376033400804,1.01));
#19045=CARTESIAN_POINT('',(75.9246642783278,-53.6892263301859,3.81));
#19046=CARTESIAN_POINT('Origin',(71.7109443470179,-51.9876033400804,1.01));
#19047=CARTESIAN_POINT('',(71.7109443470179,-56.4876033400804,3.81));
#19048=CARTESIAN_POINT('',(71.7109443470179,-56.4876033400804,1.01));
#19049=CARTESIAN_POINT('Origin',(71.7109443470179,-51.9876033400804,3.81));
#19050=CARTESIAN_POINT('Origin',(67.6690967697245,-56.4876033400804,1.01));
#19051=CARTESIAN_POINT('',(67.6690967697245,-56.4876033400804,3.81));
#19052=CARTESIAN_POINT('',(67.6690967697245,-56.4876033400804,1.01));
#19053=CARTESIAN_POINT('',(69.2720493834409,-56.4876033400804,3.81));
#19054=CARTESIAN_POINT('Origin',(113.226959740806,-52.237432,1.01));
#19055=CARTESIAN_POINT('',(113.226959740806,-52.237432,3.81));
#19056=CARTESIAN_POINT('',(113.226959740806,-52.237432,1.01));
#19057=CARTESIAN_POINT('',(111.206233798643,-55.737432,3.81));
#19058=CARTESIAN_POINT('',(108.408152922384,-60.5838502413674,3.81));
#19059=CARTESIAN_POINT('',(111.206233798643,-55.737432,1.01));
#19060=CARTESIAN_POINT('Origin',(117.124074057836,-54.487432,1.01));
#19061=CARTESIAN_POINT('',(113.561890365086,-51.7377325002178,3.81));
#19062=CARTESIAN_POINT('',(113.561890365086,-51.7377325002178,1.01));
#19063=CARTESIAN_POINT('Origin',(117.124074057836,-54.487432,3.81));
#19064=CARTESIAN_POINT('Origin',(115.145083117419,-52.9598211667877,1.01));
#19065=CARTESIAN_POINT('',(116.47832207828,-51.4690247778584,3.81));
#19066=CARTESIAN_POINT('',(116.47832207828,-51.4690247778584,1.01));
#19067=CARTESIAN_POINT('Origin',(115.145083117419,-52.9598211667877,3.81));
#19068=CARTESIAN_POINT('Origin',(119.1448,-48.487432,1.01));
#19069=CARTESIAN_POINT('',(121.81127792172,-51.4690247778585,3.81));
#19070=CARTESIAN_POINT('',(121.81127792172,-51.4690247778585,1.01));
#19071=CARTESIAN_POINT('Origin',(119.1448,-48.487432,3.81));
#19072=CARTESIAN_POINT('Origin',(123.144516882581,-52.9598211667877,1.01));
#19073=CARTESIAN_POINT('',(124.727709634914,-51.7377325002178,3.81));
#19074=CARTESIAN_POINT('',(124.727709634914,-51.7377325002178,1.01));
#19075=CARTESIAN_POINT('Origin',(123.144516882581,-52.9598211667877,3.81));
#19076=CARTESIAN_POINT('Origin',(121.165525942164,-54.4874320000001,1.01));
#19077=CARTESIAN_POINT('',(125.062640259194,-52.237432,3.81));
#19078=CARTESIAN_POINT('',(125.062640259194,-52.237432,1.01));
#19079=CARTESIAN_POINT('Origin',(121.165525942164,-54.4874320000001,3.81));
#19080=CARTESIAN_POINT('Origin',(127.083366201357,-55.737432,1.01));
#19081=CARTESIAN_POINT('',(127.083366201357,-55.737432,3.81));
#19082=CARTESIAN_POINT('',(127.083366201357,-55.737432,1.01));
#19083=CARTESIAN_POINT('',(118.824360547987,-41.4324145883648,3.81));
#19084=CARTESIAN_POINT('Origin',(82.1033481156728,-57.987432,1.01));
#19085=CARTESIAN_POINT('',(78.2062337986426,-55.737432,3.81));
#19086=CARTESIAN_POINT('',(78.2062337986426,-55.737432,1.01));
#19087=CARTESIAN_POINT('',(78.2062337986427,-60.237432,3.81));
#19088=CARTESIAN_POINT('Origin',(82.1033481156728,-57.987432,3.81));
#19089=CARTESIAN_POINT('',(78.2062337986427,-60.237432,1.01));
#19090=CARTESIAN_POINT('Origin',(80.2269597408063,-52.237432,1.01));
#19091=CARTESIAN_POINT('',(80.2269597408063,-52.237432,3.81));
#19092=CARTESIAN_POINT('',(80.2269597408063,-52.237432,1.01));
#19093=CARTESIAN_POINT('',(79.5331529223837,-53.4391406601458,3.81));
#19094=CARTESIAN_POINT('Origin',(84.1240740578363,-54.4874320000001,1.01));
#19095=CARTESIAN_POINT('',(84.1240740578363,-49.987432,3.81));
#19096=CARTESIAN_POINT('',(84.1240740578363,-49.987432,1.01));
#19097=CARTESIAN_POINT('Origin',(84.1240740578363,-54.4874320000001,3.81));
#19098=CARTESIAN_POINT('Origin',(88.1655259421637,-49.987432,1.01));
#19099=CARTESIAN_POINT('',(88.1655259421637,-49.987432,3.81));
#19100=CARTESIAN_POINT('',(88.1655259421637,-49.987432,1.01));
#19101=CARTESIAN_POINT('',(79.5202639696605,-49.9874320000001,3.81));
#19102=CARTESIAN_POINT('Origin',(88.1655259421637,-54.4874320000001,1.01));
#19103=CARTESIAN_POINT('',(92.0626402591937,-52.237432,3.81));
#19104=CARTESIAN_POINT('',(92.0626402591937,-52.237432,1.01));
#19105=CARTESIAN_POINT('Origin',(88.1655259421637,-54.4874320000001,3.81));
#19106=CARTESIAN_POINT('Origin',(94.0833662013574,-55.737432,1.01));
#19107=CARTESIAN_POINT('',(94.0833662013574,-55.737432,3.81));
#19108=CARTESIAN_POINT('',(94.0833662013574,-55.737432,1.01));
#19109=CARTESIAN_POINT('',(89.9493605479875,-48.5771241695864,3.81));
#19110=CARTESIAN_POINT('Origin',(51.1240740578363,-35.487432,1.01));
#19111=CARTESIAN_POINT('',(51.1240740578363,-30.987432,3.81));
#19112=CARTESIAN_POINT('',(51.1240740578363,-30.987432,1.01));
#19113=CARTESIAN_POINT('',(47.2269597408063,-33.237432,3.81));
#19114=CARTESIAN_POINT('Origin',(51.1240740578363,-35.487432,3.81));
#19115=CARTESIAN_POINT('',(47.2269597408063,-33.237432,1.01));
#19116=CARTESIAN_POINT('Origin',(55.1655259421637,-30.987432,1.01));
#19117=CARTESIAN_POINT('',(55.1655259421637,-30.987432,3.81));
#19118=CARTESIAN_POINT('',(55.1655259421637,-30.987432,1.01));
#19119=CARTESIAN_POINT('',(63.0202639696605,-30.987432,3.81));
#19120=CARTESIAN_POINT('Origin',(55.1655259421637,-35.4874320000001,1.01));
#19121=CARTESIAN_POINT('',(59.0626402591937,-33.237432,3.81));
#19122=CARTESIAN_POINT('',(59.0626402591937,-33.237432,1.01));
#19123=CARTESIAN_POINT('Origin',(55.1655259421637,-35.4874320000001,3.81));
#19124=CARTESIAN_POINT('Origin',(61.0833662013574,-36.737432,1.01));
#19125=CARTESIAN_POINT('',(61.0833662013574,-36.737432,3.81));
#19126=CARTESIAN_POINT('',(61.0833662013574,-36.737432,1.01));
#19127=CARTESIAN_POINT('',(65.1879812159636,-43.846833750808,3.81));
#19128=CARTESIAN_POINT('Origin',(57.1862518843272,-38.987432,1.01));
#19129=CARTESIAN_POINT('',(61.0833662013574,-41.237432,3.81));
#19130=CARTESIAN_POINT('',(61.0833662013574,-41.237432,1.01));
#19131=CARTESIAN_POINT('Origin',(57.1862518843272,-38.987432,3.81));
#19132=CARTESIAN_POINT('Origin',(59.0626402591937,-44.737432,1.01));
#19133=CARTESIAN_POINT('',(59.0626402591937,-44.737432,3.81));
#19134=CARTESIAN_POINT('',(59.0626402591937,-44.737432,1.01));
#19135=CARTESIAN_POINT('',(59.3905757438768,-44.1694310789241,3.81));
#19136=CARTESIAN_POINT('Origin',(57.1862518843272,-76.987432,1.01));
#19137=CARTESIAN_POINT('',(61.0833662013573,-79.237432,3.81));
#19138=CARTESIAN_POINT('',(61.0833662013573,-79.237432,1.01));
#19139=CARTESIAN_POINT('',(61.0833662013574,-74.737432,3.81));
#19140=CARTESIAN_POINT('Origin',(57.1862518843272,-76.987432,3.81));
#19141=CARTESIAN_POINT('',(61.0833662013574,-74.737432,1.01));
#19142=CARTESIAN_POINT('Origin',(59.0626402591937,-82.737432,1.01));
#19143=CARTESIAN_POINT('',(59.61424578929,-81.7820231961371,3.81));
#19144=CARTESIAN_POINT('',(59.61424578929,-81.7820231961371,2.51));
#19145=CARTESIAN_POINT('',(67.617817079829,-67.9194310789241,3.81));
#19146=CARTESIAN_POINT('Origin',(57.8821949817211,-80.7820231961371,2.51));
#19147=CARTESIAN_POINT('',(58.1401964053813,-82.7653121981208,3.81));
#19148=CARTESIAN_POINT('',(58.1401964053813,-82.7653121981208,2.51));
#19149=CARTESIAN_POINT('Origin',(57.8821949817211,-80.7820231961371,3.81));
#19150=CARTESIAN_POINT('Origin',(49.0801849876078,-81.9270560719717,1.01));
#19151=CARTESIAN_POINT('',(47.445073731425,-83.0787553295491,3.81));
#19152=CARTESIAN_POINT('',(47.445073731425,-83.0787553295491,1.01));
#19153=CARTESIAN_POINT('',(49.338186411268,-83.9103450739554,3.81));
#19154=CARTESIAN_POINT('Origin',(49.0801849876078,-81.9270560719717,3.81));
#19155=CARTESIAN_POINT('',(49.338186411268,-83.9103450739554,1.01));
#19156=CARTESIAN_POINT('Origin',(51.1240740578364,-80.487432,1.01));
#19157=CARTESIAN_POINT('',(47.2269597408064,-82.737432,3.81));
#19158=CARTESIAN_POINT('',(47.2269597408064,-82.737432,1.01));
#19159=CARTESIAN_POINT('Origin',(51.1240740578364,-80.487432,3.81));
#19160=CARTESIAN_POINT('Origin',(45.2062337986427,-79.237432,1.01));
#19161=CARTESIAN_POINT('',(45.2062337986427,-79.237432,3.81));
#19162=CARTESIAN_POINT('',(45.2062337986427,-79.237432,1.01));
#19163=CARTESIAN_POINT('',(42.0939704483786,-73.8468337508081,3.81));
#19164=CARTESIAN_POINT('Origin',(34.6690967697245,-82.9869179797591,1.01));
#19165=CARTESIAN_POINT('',(34.6690967697245,-78.4869179797591,3.81));
#19166=CARTESIAN_POINT('',(34.6690967697245,-78.4869179797591,1.01));
#19167=CARTESIAN_POINT('',(30.9239184658674,-80.4921956560688,3.81));
#19168=CARTESIAN_POINT('Origin',(34.6690967697245,-82.9869179797591,3.81));
#19169=CARTESIAN_POINT('',(30.9239184658674,-80.4921956560688,1.01));
#19170=CARTESIAN_POINT('Origin',(38.7109443470178,-78.4869179797591,1.01));
#19171=CARTESIAN_POINT('',(38.7109443470178,-78.4869179797591,3.81));
#19172=CARTESIAN_POINT('',(38.7109443470178,-78.4869179797591,1.01));
#19173=CARTESIAN_POINT('',(54.7929731720876,-78.486917979759,3.81));
#19174=CARTESIAN_POINT('Origin',(38.7109443470178,-82.9869179797591,1.01));
#19175=CARTESIAN_POINT('',(42.6080586640478,-80.7369179797591,3.81));
#19176=CARTESIAN_POINT('',(42.6080586640478,-80.7369179797591,1.01));
#19177=CARTESIAN_POINT('Origin',(38.7109443470178,-82.9869179797591,3.81));
#19178=CARTESIAN_POINT('Origin',(44.6289824526945,-84.2372606599197,1.01));
#19179=CARTESIAN_POINT('',(43.2833039870075,-81.9064771866985,3.81));
#19180=CARTESIAN_POINT('',(43.2833039870075,-81.9064771866985,1.01));
#19181=CARTESIAN_POINT('',(40.5063808621589,-77.0967052457479,3.81));
#19182=CARTESIAN_POINT('Origin',(41.5512531794386,-82.9064771866985,1.01));
#19183=CARTESIAN_POINT('',(41.8092546030988,-84.8897661886821,3.81));
#19184=CARTESIAN_POINT('',(41.8092546030988,-84.8897661886821,1.01));
#19185=CARTESIAN_POINT('Origin',(41.5512531794386,-82.9064771866985,3.81));
#19186=CARTESIAN_POINT('Origin',(70.7731422951257,-81.1219218393197,4.01));
#19187=CARTESIAN_POINT('',(38.6939788644691,-85.2950251170867,3.81));
#19188=CARTESIAN_POINT('',(33.9552238652063,-85.9114786621645,5.81));
#19189=CARTESIAN_POINT('',(33.9552238652063,-85.9114786621645,4.01));
#19190=CARTESIAN_POINT('',(70.5601900235698,-81.1496243018343,5.81));
#19191=CARTESIAN_POINT('',(33.9552238652063,-85.9114786621645,5.81));
#19192=CARTESIAN_POINT('',(70.5601900235698,-81.1496243018343,3.81));
#19193=CARTESIAN_POINT('',(70.5601900235698,-81.1496243018343,4.01));
#19194=CARTESIAN_POINT('',(72.8111001542591,-80.8568086720052,3.81));
#19195=CARTESIAN_POINT('Origin',(32.6481729810779,-29.4872606599197,1.01));
#19196=CARTESIAN_POINT('',(28.7510586640478,-27.2372606599197,3.81));
#19197=CARTESIAN_POINT('',(28.7510586640478,-27.2372606599197,1.01));
#19198=CARTESIAN_POINT('',(28.7510586640478,-31.7372606599197,3.81));
#19199=CARTESIAN_POINT('Origin',(32.6481729810779,-29.4872606599197,3.81));
#19200=CARTESIAN_POINT('',(28.7510586640478,-31.7372606599197,1.01));
#19201=CARTESIAN_POINT('Origin',(30.7719824526945,-23.7369179797591,1.01));
#19202=CARTESIAN_POINT('',(30.7719824526945,-23.7369179797591,3.81));
#19203=CARTESIAN_POINT('',(30.7719824526945,-23.7369179797591,1.01));
#19204=CARTESIAN_POINT('',(30.089505504675,-24.9190027287234,3.81));
#19205=CARTESIAN_POINT('Origin',(34.6690967697245,-25.986917979759,1.01));
#19206=CARTESIAN_POINT('',(34.6690967697245,-21.4869179797591,3.81));
#19207=CARTESIAN_POINT('',(34.6690967697245,-21.4869179797591,1.01));
#19208=CARTESIAN_POINT('Origin',(34.6690967697245,-25.986917979759,3.81));
#19209=CARTESIAN_POINT('Origin',(38.7109443470178,-21.4869179797591,1.01));
#19210=CARTESIAN_POINT('',(37.7402753093344,-21.4869179797591,3.81));
#19211=CARTESIAN_POINT('',(37.7402753093344,-21.4869179797591,1.01));
#19212=CARTESIAN_POINT('',(54.7929731720875,-21.486917979759,3.81));
#19213=CARTESIAN_POINT('Origin',(37.7402753093344,-23.4869179797591,1.01));
#19214=CARTESIAN_POINT('',(39.5567835395563,-24.323755986506,3.81));
#19215=CARTESIAN_POINT('',(39.5567835395563,-24.323755986506,1.01));
#19216=CARTESIAN_POINT('Origin',(37.7402753093344,-23.4869179797591,3.81));
#19217=CARTESIAN_POINT('Origin',(43.1898,-25.997432,1.01));
#19218=CARTESIAN_POINT('',(42.5401740075436,-29.944327751084,3.81));
#19219=CARTESIAN_POINT('',(42.5401740075436,-29.944327751084,1.01));
#19220=CARTESIAN_POINT('Origin',(43.1898,-25.997432,3.81));
#19221=CARTESIAN_POINT('Origin',(136.344097464053,-56.4876033400804,1.01));
#19222=CARTESIAN_POINT('',(136.344339872159,-54.4878457775728,3.81));
#19223=CARTESIAN_POINT('',(136.344339872159,-54.4878457775728,1.01));
#19224=CARTESIAN_POINT('',(136.345794580203,-42.4871604172515,3.81));
#19225=CARTESIAN_POINT('',(136.344487608655,-53.269086311351,3.81));
#19226=CARTESIAN_POINT('',(136.345794580203,-42.4871604172515,1.01));
#19227=CARTESIAN_POINT('Origin',(134.344339886853,-54.4876033400804,1.01));
#19228=CARTESIAN_POINT('',(134.344339886853,-56.4876033400804,3.81));
#19229=CARTESIAN_POINT('',(134.344339886853,-56.4876033400804,1.01));
#19230=CARTESIAN_POINT('Origin',(134.344339886853,-54.4876033400804,3.81));
#19231=CARTESIAN_POINT('Origin',(133.669096769724,-56.4876033400804,1.01));
#19232=CARTESIAN_POINT('',(133.669096769724,-56.4876033400804,3.81));
#19233=CARTESIAN_POINT('',(133.669096769724,-56.4876033400804,1.01));
#19234=CARTESIAN_POINT('',(102.272049383441,-56.4876033400804,3.81));
#19235=CARTESIAN_POINT('Origin',(133.669096769725,-51.9876033400803,1.01));
#19236=CARTESIAN_POINT('',(129.771982452695,-54.2376033400804,3.81));
#19237=CARTESIAN_POINT('',(129.771982452695,-54.2376033400804,1.01));
#19238=CARTESIAN_POINT('Origin',(133.669096769725,-51.9876033400803,3.81));
#19239=CARTESIAN_POINT('Origin',(127.751058664048,-50.7372606599197,1.01));
#19240=CARTESIAN_POINT('',(127.751058664048,-50.7372606599197,3.81));
#19241=CARTESIAN_POINT('',(127.751058664048,-50.7372606599197,1.01));
#19242=CARTESIAN_POINT('',(120.491160303788,-38.1627478421633,3.81));
#19243=CARTESIAN_POINT('Origin',(3.40020739345334,-21.4869179797591,1.01));
#19244=CARTESIAN_POINT('',(3.40022001652071,-23.4869306027468,3.81));
#19245=CARTESIAN_POINT('',(3.40022001652072,-23.4869306027468,1.01));
#19246=CARTESIAN_POINT('',(3.40029575877261,-35.4876159630681,3.81));
#19247=CARTESIAN_POINT('',(3.40029750940752,-35.7649884758412,3.81));
#19248=CARTESIAN_POINT('',(3.40029575877262,-35.4876159630681,1.01));
#19249=CARTESIAN_POINT('Origin',(5.40022001648089,-23.4869179797591,1.01));
#19250=CARTESIAN_POINT('',(5.40022001648088,-21.4869179797591,3.81));
#19251=CARTESIAN_POINT('',(5.40022001648088,-21.4869179797591,1.01));
#19252=CARTESIAN_POINT('Origin',(5.40022001648089,-23.4869179797591,3.81));
#19253=CARTESIAN_POINT('Origin',(5.71094434701784,-21.4869179797591,1.01));
#19254=CARTESIAN_POINT('',(5.71094434701784,-21.4869179797591,3.81));
#19255=CARTESIAN_POINT('',(5.71094434701784,-21.4869179797591,1.01));
#19256=CARTESIAN_POINT('',(38.2929731720875,-21.486917979759,3.81));
#19257=CARTESIAN_POINT('Origin',(5.71094434701783,-25.9869179797591,1.01));
#19258=CARTESIAN_POINT('',(9.60805866404781,-23.7369179797591,3.81));
#19259=CARTESIAN_POINT('',(9.60805866404781,-23.7369179797591,1.01));
#19260=CARTESIAN_POINT('Origin',(5.71094434701783,-25.9869179797591,3.81));
#19261=CARTESIAN_POINT('Origin',(11.6289824526945,-27.2372606599197,1.01));
#19262=CARTESIAN_POINT('',(11.6289824526945,-27.2372606599197,3.81));
#19263=CARTESIAN_POINT('',(11.6289824526945,-27.2372606599197,1.01));
#19264=CARTESIAN_POINT('',(23.9722428660872,-48.6164148269694,3.81));
#19265=CARTESIAN_POINT('Origin',(3.40032731183657,-40.4869179797591,1.01));
#19266=CARTESIAN_POINT('',(3.40033993490394,-42.4869306027468,3.81));
#19267=CARTESIAN_POINT('',(3.40033993490395,-42.4869306027468,1.01));
#19268=CARTESIAN_POINT('',(3.40041567715584,-54.4876159630681,3.81));
#19269=CARTESIAN_POINT('',(3.40035746859913,-45.2649884758412,3.81));
#19270=CARTESIAN_POINT('',(3.40041567715584,-54.4876159630681,1.01));
#19271=CARTESIAN_POINT('Origin',(5.40033993486411,-42.4869179797591,1.01));
#19272=CARTESIAN_POINT('',(5.4003399348641,-40.4869179797591,3.81));
#19273=CARTESIAN_POINT('',(5.4003399348641,-40.4869179797591,1.01));
#19274=CARTESIAN_POINT('Origin',(5.40033993486411,-42.4869179797591,3.81));
#19275=CARTESIAN_POINT('Origin',(5.71094434701784,-40.4869179797591,1.01));
#19276=CARTESIAN_POINT('',(5.71094434701784,-40.4869179797591,3.81));
#19277=CARTESIAN_POINT('',(5.71094434701784,-40.4869179797591,1.01));
#19278=CARTESIAN_POINT('',(38.2929731720876,-40.4869179797589,3.81));
#19279=CARTESIAN_POINT('Origin',(5.71094434701783,-44.9869179797591,1.01));
#19280=CARTESIAN_POINT('',(9.60805866404782,-42.7369179797591,3.81));
#19281=CARTESIAN_POINT('',(9.60805866404782,-42.7369179797591,1.01));
#19282=CARTESIAN_POINT('Origin',(5.71094434701783,-44.9869179797591,3.81));
#19283=CARTESIAN_POINT('Origin',(11.6289824526945,-46.2372606599197,1.01));
#19284=CARTESIAN_POINT('',(11.6289824526945,-46.2372606599197,3.81));
#19285=CARTESIAN_POINT('',(11.6289824526945,-46.2372606599197,1.01));
#19286=CARTESIAN_POINT('',(19.8586221981111,-60.4914148269694,3.81));
#19287=CARTESIAN_POINT('Origin',(136.346400620248,-37.4876033400804,1.01));
#19288=CARTESIAN_POINT('',(136.346643028354,-35.4878457775728,3.81));
#19289=CARTESIAN_POINT('',(136.346643028354,-35.4878457775728,1.01));
#19290=CARTESIAN_POINT('',(136.348097736398,-23.4871604172515,3.81));
#19291=CARTESIAN_POINT('',(136.345639186752,-43.769086311351,3.81));
#19292=CARTESIAN_POINT('',(136.348097736398,-23.4871604172515,1.01));
#19293=CARTESIAN_POINT('Origin',(134.346643043048,-35.4876033400804,1.01));
#19294=CARTESIAN_POINT('',(134.346643043048,-37.4876033400804,3.81));
#19295=CARTESIAN_POINT('',(134.346643043048,-37.4876033400804,1.01));
#19296=CARTESIAN_POINT('Origin',(134.346643043048,-35.4876033400804,3.81));
#19297=CARTESIAN_POINT('Origin',(133.669096769724,-37.4876033400804,1.01));
#19298=CARTESIAN_POINT('',(133.669096769724,-37.4876033400804,3.81));
#19299=CARTESIAN_POINT('',(133.669096769724,-37.4876033400804,1.01));
#19300=CARTESIAN_POINT('',(102.272049383441,-37.4876033400804,3.81));
#19301=CARTESIAN_POINT('Origin',(133.669096769725,-32.9876033400803,1.01));
#19302=CARTESIAN_POINT('',(129.771982452695,-35.2376033400803,3.81));
#19303=CARTESIAN_POINT('',(129.771982452695,-35.2376033400803,1.01));
#19304=CARTESIAN_POINT('Origin',(133.669096769725,-32.9876033400803,3.81));
#19305=CARTESIAN_POINT('Origin',(127.751058664048,-31.7372606599197,1.01));
#19306=CARTESIAN_POINT('',(127.751058664048,-31.7372606599197,3.81));
#19307=CARTESIAN_POINT('',(127.751058664048,-31.7372606599197,1.01));
#19308=CARTESIAN_POINT('',(124.604780971764,-26.2877478421633,3.81));
#19309=CARTESIAN_POINT('Origin',(104.710944347018,-59.4869179797591,1.01));
#19310=CARTESIAN_POINT('',(104.710944347018,-59.4869179797591,3.81));
#19311=CARTESIAN_POINT('',(104.710944347018,-59.4869179797591,1.01));
#19312=CARTESIAN_POINT('',(100.669096769724,-59.4869179797591,3.81));
#19313=CARTESIAN_POINT('',(87.7929731720876,-59.4869179797591,3.81));
#19314=CARTESIAN_POINT('',(100.669096769724,-59.4869179797591,1.01));
#19315=CARTESIAN_POINT('Origin',(104.710944347018,-63.9869179797591,1.01));
#19316=CARTESIAN_POINT('',(108.608058664048,-61.7369179797591,3.81));
#19317=CARTESIAN_POINT('',(108.608058664048,-61.7369179797591,1.01));
#19318=CARTESIAN_POINT('Origin',(104.710944347018,-63.9869179797591,3.81));
#19319=CARTESIAN_POINT('Origin',(110.628982452695,-65.2372606599197,1.01));
#19320=CARTESIAN_POINT('',(109.539482214095,-63.3501908918069,3.81));
#19321=CARTESIAN_POINT('',(109.539482214095,-63.3501908918069,1.01));
#19322=CARTESIAN_POINT('',(102.370001530135,-50.9322860833046,3.81));
#19323=CARTESIAN_POINT('Origin',(107.807431406526,-64.3501908918069,1.01));
#19324=CARTESIAN_POINT('',(107.807431406526,-66.3501908918069,3.81));
#19325=CARTESIAN_POINT('',(107.807431406526,-66.3501908918069,1.01));
#19326=CARTESIAN_POINT('Origin',(107.807431406526,-64.3501908918069,3.81));
#19327=CARTESIAN_POINT('Origin',(22.1655259421637,-49.987432,1.01));
#19328=CARTESIAN_POINT('',(22.1655259421637,-49.987432,3.81));
#19329=CARTESIAN_POINT('',(22.1655259421637,-49.987432,1.01));
#19330=CARTESIAN_POINT('',(18.1240740578363,-49.987432,3.81));
#19331=CARTESIAN_POINT('',(46.5202639696605,-49.987432,3.81));
#19332=CARTESIAN_POINT('',(18.1240740578363,-49.987432,1.01));
#19333=CARTESIAN_POINT('Origin',(22.1655259421637,-54.4874320000001,1.01));
#19334=CARTESIAN_POINT('',(26.0626402591937,-52.237432,3.81));
#19335=CARTESIAN_POINT('',(26.0626402591937,-52.237432,1.01));
#19336=CARTESIAN_POINT('Origin',(22.1655259421637,-54.4874320000001,3.81));
#19337=CARTESIAN_POINT('Origin',(28.0833662013574,-55.737432,1.01));
#19338=CARTESIAN_POINT('',(28.0833662013574,-55.737432,3.81));
#19339=CARTESIAN_POINT('',(28.0833662013574,-55.737432,1.01));
#19340=CARTESIAN_POINT('',(32.1993605479875,-62.8665433320297,3.81));
#19341=CARTESIAN_POINT('Origin',(24.1862518843272,-57.987432,1.01));
#19342=CARTESIAN_POINT('',(28.0833662013574,-60.237432,3.81));
#19343=CARTESIAN_POINT('',(28.0833662013574,-60.237432,1.01));
#19344=CARTESIAN_POINT('Origin',(24.1862518843272,-57.987432,3.81));
#19345=CARTESIAN_POINT('Origin',(26.0626402591937,-63.737432,1.01));
#19346=CARTESIAN_POINT('',(26.0626402591937,-63.737432,3.81));
#19347=CARTESIAN_POINT('',(26.0626402591937,-63.737432,1.01));
#19348=CARTESIAN_POINT('',(34.6291964118529,-48.8997214977025,3.81));
#19349=CARTESIAN_POINT('Origin',(22.1655259421637,-61.4874319999999,1.01));
#19350=CARTESIAN_POINT('',(22.1655259421637,-65.987432,3.81));
#19351=CARTESIAN_POINT('',(22.1655259421637,-65.987432,1.01));
#19352=CARTESIAN_POINT('Origin',(22.1655259421637,-61.4874319999999,3.81));
#19353=CARTESIAN_POINT('Origin',(38.7109443470179,-51.9876033400804,1.01));
#19354=CARTESIAN_POINT('',(38.7109443470179,-56.4876033400804,3.81));
#19355=CARTESIAN_POINT('',(38.7109443470179,-56.4876033400804,1.01));
#19356=CARTESIAN_POINT('',(42.6080586640478,-54.2376033400804,3.81));
#19357=CARTESIAN_POINT('Origin',(38.7109443470179,-51.9876033400804,3.81));
#19358=CARTESIAN_POINT('',(42.6080586640478,-54.2376033400804,1.01));
#19359=CARTESIAN_POINT('Origin',(34.6690967697245,-56.4876033400804,1.01));
#19360=CARTESIAN_POINT('',(34.6690967697245,-56.4876033400804,3.81));
#19361=CARTESIAN_POINT('',(34.6690967697245,-56.4876033400804,1.01));
#19362=CARTESIAN_POINT('',(52.7720493834409,-56.4876033400803,3.81));
#19363=CARTESIAN_POINT('Origin',(34.6690967697245,-51.9876033400803,1.01));
#19364=CARTESIAN_POINT('',(30.7719824526945,-54.2376033400804,3.81));
#19365=CARTESIAN_POINT('',(30.7719824526945,-54.2376033400804,1.01));
#19366=CARTESIAN_POINT('Origin',(34.6690967697245,-51.9876033400803,3.81));
#19367=CARTESIAN_POINT('Origin',(28.7510586640478,-50.7372606599197,1.01));
#19368=CARTESIAN_POINT('',(28.7510586640478,-50.7372606599197,3.81));
#19369=CARTESIAN_POINT('',(28.7510586640478,-50.7372606599197,1.01));
#19370=CARTESIAN_POINT('',(33.8661603037877,-59.5968765858281,3.81));
#19371=CARTESIAN_POINT('Origin',(32.6481729810779,-48.4872606599197,1.01));
#19372=CARTESIAN_POINT('',(28.7510586640478,-46.2372606599197,3.81));
#19373=CARTESIAN_POINT('',(28.7510586640478,-46.2372606599197,1.01));
#19374=CARTESIAN_POINT('Origin',(32.6481729810779,-48.4872606599197,3.81));
#19375=CARTESIAN_POINT('Origin',(30.7719824526945,-42.7369179797591,1.01));
#19376=CARTESIAN_POINT('',(30.7719824526945,-42.7369179797591,3.81));
#19377=CARTESIAN_POINT('',(30.7719824526945,-42.7369179797591,1.01));
#19378=CARTESIAN_POINT('',(34.2031261726511,-36.7940027287234,3.81));
#19379=CARTESIAN_POINT('Origin',(81.249844,-0.399999910593033,7.51));
#19380=CARTESIAN_POINT('',(62.2503447485008,-0.399999910593034,7.51));
#19381=CARTESIAN_POINT('Origin',(62.2503447485008,-3.49999991059303,7.51));
#19382=CARTESIAN_POINT('',(59.2725024415248,-2.6383415126277,7.51));
#19383=CARTESIAN_POINT('Origin',(59.2725024415248,-2.6383415126277,7.51));
#19384=CARTESIAN_POINT('',(43.249324404235,-2.6481493475622,7.51));
#19385=CARTESIAN_POINT('Origin',(43.2512219230998,-5.74814876682377,7.51));
#19386=CARTESIAN_POINT('',(40.2132637193322,-5.13105075827033,7.51));
#19387=CARTESIAN_POINT('Origin',(40.2132637193322,-5.13105075827033,7.51));
#19388=CARTESIAN_POINT('Origin',(3.50013805020936,-10.5000981256825,7.51));
#19389=CARTESIAN_POINT('Origin',(138.846214243007,-39.1252240038695,2.31));
#19390=CARTESIAN_POINT('',(138.249865951694,-8.40025711846165,2.31));
#19391=CARTESIAN_POINT('',(138.249865951694,-8.40025711846165,2.31));
#19392=CARTESIAN_POINT('',(140.349865927826,-10.5005185982945,2.31));
#19393=CARTESIAN_POINT('Origin',(138.249865944105,-10.5002571184617,2.31));
#19394=CARTESIAN_POINT('',(140.342737497712,-67.7504523716399,2.31));
#19395=CARTESIAN_POINT('',(140.349865927826,-10.5005185982945,2.31));
#19396=CARTESIAN_POINT('Origin',(138.242737513991,-67.7501908918069,2.31));
#19397=CARTESIAN_POINT('Origin',(119.1448,-48.487432,2.81));
#19398=CARTESIAN_POINT('',(116.6448,-48.487432,2.81));
#19399=CARTESIAN_POINT('Origin',(119.1448,-48.487432,2.81));
#19400=CARTESIAN_POINT('Origin',(76.0008,-65.752432,2.81));
#19401=CARTESIAN_POINT('',(73.5008,-65.752432,2.81));
#19402=CARTESIAN_POINT('Origin',(76.0008,-65.752432,2.81));
#19403=CARTESIAN_POINT('Origin',(43.1898,-25.997432,2.81));
#19404=CARTESIAN_POINT('',(40.6898,-25.997432,2.81));
#19405=CARTESIAN_POINT('Origin',(43.1898,-25.997432,2.81));
#19406=CARTESIAN_POINT('Origin',(29.4348,-73.366932,2.81));
#19407=CARTESIAN_POINT('',(26.9348,-73.366932,2.81));
#19408=CARTESIAN_POINT('Origin',(29.4348,-73.366932,2.81));
#19409=CARTESIAN_POINT('Origin',(119.1448,-29.487432,2.81));
#19410=CARTESIAN_POINT('',(116.6448,-29.487432,2.81));
#19411=CARTESIAN_POINT('Origin',(119.1448,-29.487432,2.81));
#19412=CARTESIAN_POINT('Origin',(20.8138432351723,-85.7972476156869,2.31));
#19413=CARTESIAN_POINT('',(11.8138432351723,-85.7972476156869,2.31));
#19414=CARTESIAN_POINT('Origin',(20.8138432351723,-85.7972476156869,2.31));
#19415=CARTESIAN_POINT('Origin',(20.8138432351723,-18.4000482647755,2.31));
#19416=CARTESIAN_POINT('',(11.8138432351723,-18.4000482647755,2.31));
#19417=CARTESIAN_POINT('Origin',(20.8138432351723,-18.4000482647755,2.31));
#19418=CARTESIAN_POINT('Origin',(31.3282792366855,-11.6401195987256,1.01));
#19419=CARTESIAN_POINT('',(31.3262386135678,-9.64012063976158,3.81));
#19420=CARTESIAN_POINT('',(31.3262386135678,-9.64012063976158,1.01));
#19421=CARTESIAN_POINT('Origin',(31.3282792366855,-11.6401195987256,3.81));
#19422=CARTESIAN_POINT('Origin',(25.645635602993,-9.6459166276915,4.01));
#19423=CARTESIAN_POINT('',(42.2534649038314,-9.62897145866795,5.81));
#19424=CARTESIAN_POINT('',(42.2534649038314,-9.62897145866795,4.01));
#19425=CARTESIAN_POINT('',(42.2534649038314,-9.62897145866795,5.81));
#19426=CARTESIAN_POINT('',(14.7430042805382,-9.65704071424211,3.81));
#19427=CARTESIAN_POINT('Origin',(82.249844,-7.15018400000001,4.01));
#19428=CARTESIAN_POINT('',(82.249844,-7.15018400000001,3.81));
#19429=CARTESIAN_POINT('',(96.8496017885246,-7.15018400000001,3.81));
#19430=CARTESIAN_POINT('',(76.5624229985787,-7.15018400000001,3.81));
#19431=CARTESIAN_POINT('',(96.8496017885246,-7.15018400000001,5.81));
#19432=CARTESIAN_POINT('',(96.8496017885246,-7.15018400000001,4.01));
#19433=CARTESIAN_POINT('',(82.249844,-7.15018400000001,5.81));
#19434=CARTESIAN_POINT('',(98.8496977944094,-7.15018400000001,5.81));
#19435=CARTESIAN_POINT('',(82.249844,-7.15018400000001,4.01));
#19436=CARTESIAN_POINT('Origin',(96.8496017885246,-9.15018400000001,4.01));
#19437=CARTESIAN_POINT('',(98.8496017862204,-9.15028000358056,3.81));
#19438=CARTESIAN_POINT('Origin',(96.8496017885246,-9.15018400000001,3.81));
#19439=CARTESIAN_POINT('',(98.8496017862204,-9.15028000358056,5.81));
#19440=CARTESIAN_POINT('',(98.8496017862204,-9.15028000358056,4.01));
#19441=CARTESIAN_POINT('Origin',(96.8496017885246,-9.15018400000001,5.81));
#19442=CARTESIAN_POINT('Origin',(98.8496977944094,-7.15018400000001,4.01));
#19443=CARTESIAN_POINT('',(98.8495849922288,-9.50014178045218,3.81));
#19444=CARTESIAN_POINT('',(98.8496407900817,-8.33772986681704,3.81));
#19445=CARTESIAN_POINT('',(98.8495849922288,-9.50014178045218,5.81));
#19446=CARTESIAN_POINT('',(98.8495849922288,-9.50014178045218,4.01));
#19447=CARTESIAN_POINT('',(98.8495849922288,-9.50014178045218,5.81));
#19448=CARTESIAN_POINT('Origin',(44.6510275285913,-7.14729220391822,4.01));
#19449=CARTESIAN_POINT('',(44.6510275285913,-7.14729220391822,3.81));
#19450=CARTESIAN_POINT('',(61.2518137953641,-7.13713081326847,3.81));
#19451=CARTESIAN_POINT('',(57.7498816722508,-7.13927435633685,3.81));
#19452=CARTESIAN_POINT('',(61.2518137953641,-7.13713081326847,5.81));
#19453=CARTESIAN_POINT('',(61.2518137953641,-7.13713081326847,4.01));
#19454=CARTESIAN_POINT('',(44.6510275285913,-7.14729220391822,5.81));
#19455=CARTESIAN_POINT('',(61.2518137953641,-7.13713081326847,5.81));
#19456=CARTESIAN_POINT('',(44.6510275285913,-7.14729220391822,4.01));
#19457=CARTESIAN_POINT('Origin',(80.8266156443148,-67.3360599495087,4.01));
#19458=CARTESIAN_POINT('',(80.8266156443147,-67.3360599495087,3.81));
#19459=CARTESIAN_POINT('',(70.8996755420616,-80.9484126643172,3.81));
#19460=CARTESIAN_POINT('',(83.2155831536803,-64.0601795647445,3.81));
#19461=CARTESIAN_POINT('',(70.8996755420616,-80.9484126643172,5.81));
#19462=CARTESIAN_POINT('',(70.8996755420616,-80.9484126643172,4.01));
#19463=CARTESIAN_POINT('',(80.8266156443147,-67.3360599495087,5.81));
#19464=CARTESIAN_POINT('',(70.7731422951257,-81.1219218393197,5.81));
#19465=CARTESIAN_POINT('',(80.8266156443147,-67.3360599495087,4.01));
#19466=CARTESIAN_POINT('Origin',(136.842911823029,-66.3501908918069,4.01));
#19467=CARTESIAN_POINT('',(97.5726097102163,-66.3501908918069,3.81));
#19468=CARTESIAN_POINT('',(97.5726097102163,-66.3501908918069,1.01));
#19469=CARTESIAN_POINT('',(82.7657478414676,-66.3501908918069,3.81));
#19470=CARTESIAN_POINT('',(103.858956910093,-66.3501908918069,3.81));
#19471=CARTESIAN_POINT('',(82.7657478414676,-66.3501908918069,5.81));
#19472=CARTESIAN_POINT('',(82.7657478414676,-66.3501908918069,4.01));
#19473=CARTESIAN_POINT('',(82.7657478414676,-66.3501908918069,5.81));
#19474=CARTESIAN_POINT('',(70.3717082943341,-66.3501908918069,3.81));
#19475=CARTESIAN_POINT('Origin',(43.1898,-25.997432,5.71));
#19476=CARTESIAN_POINT('',(45.4898,-25.997432,5.81));
#19477=CARTESIAN_POINT('Origin',(43.1898,-25.997432,5.81));
#19478=CARTESIAN_POINT('',(45.6898,-25.997432,5.61));
#19479=CARTESIAN_POINT('',(45.5898,-25.997432,5.71));
#19480=CARTESIAN_POINT('Origin',(43.1898,-25.997432,5.61));
#19481=CARTESIAN_POINT('Origin',(43.1898,-25.997432,5.81));
#19482=CARTESIAN_POINT('',(44.4398,-25.997432,5.81));
#19483=CARTESIAN_POINT('Origin',(43.1898,-25.997432,5.81));
#19484=CARTESIAN_POINT('Origin',(43.1898,-25.997432,4.01));
#19485=CARTESIAN_POINT('',(45.6898,-25.997432,3.81));
#19486=CARTESIAN_POINT('',(45.6898,-25.997432,4.01));
#19487=CARTESIAN_POINT('Origin',(43.1898,-25.997432,3.81));
#19488=CARTESIAN_POINT('Origin',(43.1898,-25.997432,5.71));
#19489=CARTESIAN_POINT('',(44.2398,-25.997432,5.61));
#19490=CARTESIAN_POINT('',(44.3398,-25.997432,5.71));
#19491=CARTESIAN_POINT('Origin',(43.1898,-25.997432,5.61));
#19492=CARTESIAN_POINT('Origin',(43.1898,-25.997432,7.51));
#19493=CARTESIAN_POINT('',(44.2398,-25.997432,7.51));
#19494=CARTESIAN_POINT('Origin',(29.4348,-73.366932,5.71));
#19495=CARTESIAN_POINT('',(31.7348,-73.366932,5.81));
#19496=CARTESIAN_POINT('Origin',(29.4348,-73.366932,5.81));
#19497=CARTESIAN_POINT('',(31.9348,-73.366932,5.61));
#19498=CARTESIAN_POINT('',(31.8348,-73.366932,5.71));
#19499=CARTESIAN_POINT('Origin',(29.4348,-73.366932,5.61));
#19500=CARTESIAN_POINT('Origin',(29.4348,-73.366932,5.81));
#19501=CARTESIAN_POINT('',(30.6848,-73.366932,5.81));
#19502=CARTESIAN_POINT('Origin',(29.4348,-73.366932,5.81));
#19503=CARTESIAN_POINT('Origin',(29.4348,-73.366932,4.01));
#19504=CARTESIAN_POINT('',(31.9348,-73.366932,3.81));
#19505=CARTESIAN_POINT('',(31.9348,-73.366932,4.01));
#19506=CARTESIAN_POINT('Origin',(29.4348,-73.366932,3.81));
#19507=CARTESIAN_POINT('Origin',(29.4348,-73.366932,5.71));
#19508=CARTESIAN_POINT('',(30.4848,-73.366932,5.61));
#19509=CARTESIAN_POINT('',(30.5848,-73.366932,5.71));
#19510=CARTESIAN_POINT('Origin',(29.4348,-73.366932,5.61));
#19511=CARTESIAN_POINT('Origin',(29.4348,-73.366932,7.51));
#19512=CARTESIAN_POINT('',(30.4848,-73.366932,7.51));
#19513=CARTESIAN_POINT('Origin',(76.0008,-65.752432,5.71));
#19514=CARTESIAN_POINT('',(78.3008,-65.752432,5.81));
#19515=CARTESIAN_POINT('Origin',(76.0008,-65.752432,5.81));
#19516=CARTESIAN_POINT('',(78.5008,-65.752432,5.61));
#19517=CARTESIAN_POINT('',(78.4008,-65.752432,5.71));
#19518=CARTESIAN_POINT('Origin',(76.0008,-65.752432,5.61));
#19519=CARTESIAN_POINT('Origin',(76.0008,-65.752432,5.81));
#19520=CARTESIAN_POINT('',(77.2508,-65.752432,5.81));
#19521=CARTESIAN_POINT('Origin',(76.0008,-65.752432,5.81));
#19522=CARTESIAN_POINT('Origin',(76.0008,-65.752432,4.01));
#19523=CARTESIAN_POINT('',(78.5008,-65.752432,3.81));
#19524=CARTESIAN_POINT('',(78.5008,-65.752432,4.01));
#19525=CARTESIAN_POINT('Origin',(76.0008,-65.752432,3.81));
#19526=CARTESIAN_POINT('Origin',(76.0008,-65.752432,5.71));
#19527=CARTESIAN_POINT('',(77.0508,-65.752432,5.61));
#19528=CARTESIAN_POINT('',(77.1508,-65.752432,5.71));
#19529=CARTESIAN_POINT('Origin',(76.0008,-65.752432,5.61));
#19530=CARTESIAN_POINT('Origin',(76.0008,-65.752432,7.51));
#19531=CARTESIAN_POINT('',(77.0508,-65.752432,7.51));
#19532=CARTESIAN_POINT('Origin',(119.1448,-48.487432,5.71));
#19533=CARTESIAN_POINT('',(120.3948,-48.487432,5.81));
#19534=CARTESIAN_POINT('Origin',(119.1448,-48.487432,5.81));
#19535=CARTESIAN_POINT('',(120.1948,-48.487432,5.61));
#19536=CARTESIAN_POINT('',(120.2948,-48.487432,5.71));
#19537=CARTESIAN_POINT('Origin',(119.1448,-48.487432,5.61));
#19538=CARTESIAN_POINT('Origin',(119.1448,-48.487432,5.81));
#19539=CARTESIAN_POINT('',(121.4448,-48.487432,5.81));
#19540=CARTESIAN_POINT('Origin',(119.1448,-48.487432,5.81));
#19541=CARTESIAN_POINT('Origin',(119.1448,-48.487432,7.51));
#19542=CARTESIAN_POINT('',(120.1948,-48.487432,7.51));
#19543=CARTESIAN_POINT('Origin',(119.1448,-48.487432,5.71));
#19544=CARTESIAN_POINT('',(121.6448,-48.487432,5.61));
#19545=CARTESIAN_POINT('',(121.5448,-48.487432,5.71));
#19546=CARTESIAN_POINT('Origin',(119.1448,-48.487432,5.61));
#19547=CARTESIAN_POINT('Origin',(119.1448,-48.487432,4.01));
#19548=CARTESIAN_POINT('',(121.6448,-48.487432,3.81));
#19549=CARTESIAN_POINT('',(121.6448,-48.487432,4.01));
#19550=CARTESIAN_POINT('Origin',(119.1448,-48.487432,3.81));
#19551=CARTESIAN_POINT('Origin',(119.1448,-29.487432,5.71));
#19552=CARTESIAN_POINT('',(121.4448,-29.487432,5.81));
#19553=CARTESIAN_POINT('Origin',(119.1448,-29.487432,5.81));
#19554=CARTESIAN_POINT('',(121.6448,-29.487432,5.61));
#19555=CARTESIAN_POINT('',(121.5448,-29.487432,5.71));
#19556=CARTESIAN_POINT('Origin',(119.1448,-29.487432,5.61));
#19557=CARTESIAN_POINT('Origin',(119.1448,-29.487432,5.81));
#19558=CARTESIAN_POINT('',(120.3948,-29.487432,5.81));
#19559=CARTESIAN_POINT('Origin',(119.1448,-29.487432,5.81));
#19560=CARTESIAN_POINT('Origin',(119.1448,-29.487432,4.01));
#19561=CARTESIAN_POINT('',(121.6448,-29.487432,3.81));
#19562=CARTESIAN_POINT('',(121.6448,-29.487432,4.01));
#19563=CARTESIAN_POINT('Origin',(119.1448,-29.487432,3.81));
#19564=CARTESIAN_POINT('Origin',(119.1448,-29.487432,5.71));
#19565=CARTESIAN_POINT('',(120.1948,-29.487432,5.61));
#19566=CARTESIAN_POINT('',(120.2948,-29.487432,5.71));
#19567=CARTESIAN_POINT('Origin',(119.1448,-29.487432,5.61));
#19568=CARTESIAN_POINT('Origin',(119.1448,-29.487432,7.51));
#19569=CARTESIAN_POINT('',(120.1948,-29.487432,7.51));
#19570=CARTESIAN_POINT('Origin',(70.4956896676548,-80.6538020513384,4.01));
#19571=CARTESIAN_POINT('Origin',(70.4956896676548,-80.6538020513384,3.81));
#19572=CARTESIAN_POINT('Origin',(70.4956896676548,-80.6538020513384,5.81));
#19573=CARTESIAN_POINT('Origin',(42.2153610113154,-31.917775626626,1.01));
#19574=CARTESIAN_POINT('',(43.9474118188842,-32.917775626626,3.81));
#19575=CARTESIAN_POINT('',(43.9474118188842,-32.917775626626,1.01));
#19576=CARTESIAN_POINT('Origin',(42.2153610113154,-31.917775626626,3.81));
#19577=CARTESIAN_POINT('Origin',(42.6080586640478,-35.2376033400804,1.01));
#19578=CARTESIAN_POINT('',(42.6080586640478,-35.2376033400804,3.81));
#19579=CARTESIAN_POINT('',(42.6080586640478,-35.2376033400804,1.01));
#19580=CARTESIAN_POINT('',(42.9360436103517,-34.6695167489644,3.81));
#19581=CARTESIAN_POINT('Origin',(64.8325275944068,-6.89999991059303,2.51));
#19582=CARTESIAN_POINT('',(64.8325275944068,-4.89999991059303,3.81));
#19583=CARTESIAN_POINT('',(64.8325275944068,-4.89999991059303,2.51));
#19584=CARTESIAN_POINT('',(63.5713664993159,-5.3477522846554,3.81));
#19585=CARTESIAN_POINT('Origin',(64.8325275944068,-6.89999991059303,3.81));
#19586=CARTESIAN_POINT('',(63.1004767868379,-5.89999991059304,3.81));
#19587=CARTESIAN_POINT('Origin',(64.8325275944068,-6.89999991059303,3.81));
#19588=CARTESIAN_POINT('',(63.1004767868379,-5.89999991059304,2.51));
#19589=CARTESIAN_POINT('Origin',(63.7719824526945,-4.73691797975907,1.01));
#19590=CARTESIAN_POINT('',(62.6436169301024,-6.69130439439763,3.81));
#19591=CARTESIAN_POINT('',(63.7719824526945,-4.73691797975907,3.81));
#19592=CARTESIAN_POINT('',(61.7510586640478,-8.23726065991973,3.81));
#19593=CARTESIAN_POINT('',(54.850884836699,-20.188712309945,3.81));
#19594=CARTESIAN_POINT('',(61.7510586640478,-8.23726065991973,1.01));
#19595=CARTESIAN_POINT('Origin',(69.6900205583712,-10.9438016253367,3.81));
#19596=CARTESIAN_POINT('Origin',(61.2503447485008,-4.73713126287239,3.81));
#19597=CARTESIAN_POINT('Origin',(63.6448120804119,-4.89999991059303,4.01));
#19598=CARTESIAN_POINT('',(79.8545245655752,-4.89999991059304,3.81));
#19599=CARTESIAN_POINT('',(72.1763964975484,-4.89999991059303,3.81));
#19600=CARTESIAN_POINT('',(79.8545245655752,-4.89999991059304,5.81));
#19601=CARTESIAN_POINT('',(79.8545245655752,-4.89999991059304,4.01));
#19602=CARTESIAN_POINT('',(63.6448120804119,-4.89999991059303,5.81));
#19603=CARTESIAN_POINT('',(79.8545245655752,-4.89999991059304,5.81));
#19604=CARTESIAN_POINT('',(63.6448120804119,-4.89999991059303,3.81));
#19605=CARTESIAN_POINT('',(63.6448120804119,-4.89999991059303,4.01));
#19606=CARTESIAN_POINT('',(67.2599070387846,-4.89999991059304,3.81));
#19607=CARTESIAN_POINT('Origin',(107.648125121379,-13.9002570078721,1.01));
#19608=CARTESIAN_POINT('',(109.380175928948,-14.9002570078721,3.81));
#19609=CARTESIAN_POINT('',(109.380175928948,-14.9002570078721,1.01));
#19610=CARTESIAN_POINT('Origin',(107.648125121379,-13.9002570078721,3.81));
#19611=CARTESIAN_POINT('Origin',(108.608058664048,-16.2376033400803,1.01));
#19612=CARTESIAN_POINT('',(108.608058664048,-16.2376033400803,3.81));
#19613=CARTESIAN_POINT('',(108.608058664048,-16.2376033400803,1.01));
#19614=CARTESIAN_POINT('',(96.5724229423758,-37.0839359114076,3.81));
#19615=CARTESIAN_POINT('Origin',(115.145083117419,-44.0150428332124,1.01));
#19616=CARTESIAN_POINT('',(113.561890365086,-45.2371314997823,3.81));
#19617=CARTESIAN_POINT('',(113.561890365086,-45.2371314997823,1.01));
#19618=CARTESIAN_POINT('Origin',(115.145083117419,-44.0150428332124,3.81));
#19619=CARTESIAN_POINT('Origin',(119.1448,-29.487432,1.01));
#19620=CARTESIAN_POINT('',(116.47832207828,-32.4690247778584,3.81));
#19621=CARTESIAN_POINT('Origin',(119.1448,-29.487432,3.81));
#19622=CARTESIAN_POINT('',(116.47832207828,-32.4690247778584,1.01));
#19623=CARTESIAN_POINT('Origin',(115.145083117419,-33.9598211667877,1.01));
#19624=CARTESIAN_POINT('',(113.561890365086,-32.7377325002178,3.81));
#19625=CARTESIAN_POINT('Origin',(115.145083117419,-33.9598211667877,3.81));
#19626=CARTESIAN_POINT('',(113.561890365086,-32.7377325002178,1.01));
#19627=CARTESIAN_POINT('Origin',(115.145083117419,-25.0150428332123,1.01));
#19628=CARTESIAN_POINT('',(113.561890365086,-26.2371314997822,3.81));
#19629=CARTESIAN_POINT('',(113.561890365086,-26.2371314997822,1.01));
#19630=CARTESIAN_POINT('Origin',(115.145083117419,-25.0150428332123,3.81));
#19631=CARTESIAN_POINT('Origin',(134.348097751092,-23.4869179797591,1.01));
#19632=CARTESIAN_POINT('',(134.348097751092,-21.4869179797591,3.81));
#19633=CARTESIAN_POINT('Origin',(134.348097751092,-23.4869179797591,3.81));
#19634=CARTESIAN_POINT('',(134.348097751092,-21.4869179797591,1.01));
#19635=CARTESIAN_POINT('Origin',(134.345794594897,-42.4869179797591,1.01));
#19636=CARTESIAN_POINT('',(134.345794594897,-40.4869179797591,3.81));
#19637=CARTESIAN_POINT('Origin',(134.345794594897,-42.4869179797591,3.81));
#19638=CARTESIAN_POINT('',(134.345794594897,-40.4869179797591,1.01));
#19639=CARTESIAN_POINT('Origin',(97.5726097102163,-64.3501908918069,1.01));
#19640=CARTESIAN_POINT('',(95.8405589026474,-63.3501908918069,3.81));
#19641=CARTESIAN_POINT('',(95.8405589026474,-63.3501908918069,1.01));
#19642=CARTESIAN_POINT('Origin',(97.5726097102163,-64.3501908918069,3.81));
#19643=CARTESIAN_POINT('Origin',(96.7719824526945,-61.7369179797591,1.01));
#19644=CARTESIAN_POINT('',(96.7719824526945,-61.7369179797591,3.81));
#19645=CARTESIAN_POINT('',(96.7719824526945,-61.7369179797591,1.01));
#19646=CARTESIAN_POINT('',(96.0667468406273,-62.9584218911665,3.81));
#19647=CARTESIAN_POINT('Origin',(71.7801873253774,-61.4878770817448,1.01));
#19648=CARTESIAN_POINT('',(73.1870582169183,-62.9093953878299,3.81));
#19649=CARTESIAN_POINT('',(73.1870582169183,-62.9093953878299,1.01));
#19650=CARTESIAN_POINT('',(71.835581708065,-59.4886443633334,3.81));
#19651=CARTESIAN_POINT('Origin',(71.7801873253774,-61.4878770817448,3.81));
#19652=CARTESIAN_POINT('',(71.835581708065,-59.4886443633334,1.01));
#19653=CARTESIAN_POINT('Origin',(71.7109443470178,-63.9869179797591,1.01));
#19654=CARTESIAN_POINT('',(71.7109443470178,-59.4869179797591,3.81));
#19655=CARTESIAN_POINT('Origin',(71.7109443470178,-63.9869179797591,3.81));
#19656=CARTESIAN_POINT('',(71.7109443470178,-59.4869179797591,1.01));
#19657=CARTESIAN_POINT('Origin',(74.2984726525239,-71.5058728489212,1.01));
#19658=CARTESIAN_POINT('',(74.8659151016826,-69.5880592326141,3.81));
#19659=CARTESIAN_POINT('Origin',(74.2984726525239,-71.5058728489212,3.81));
#19660=CARTESIAN_POINT('',(74.8659151016826,-69.5880592326142,1.01));
#19661=CARTESIAN_POINT('Origin',(42.9866576225947,-11.5670404382213,1.01));
#19662=CARTESIAN_POINT('',(44.7904892121389,-12.4308642608626,3.81));
#19663=CARTESIAN_POINT('',(44.7904892121389,-12.4308642608626,1.01));
#19664=CARTESIAN_POINT('',(42.6522751378199,-9.59519146989849,3.81));
#19665=CARTESIAN_POINT('Origin',(42.9866576225947,-11.5670404382213,3.81));
#19666=CARTESIAN_POINT('',(42.6522751378199,-9.59519146989849,1.01));
#19667=CARTESIAN_POINT('Origin',(40.7318681356645,-10.4872606599197,1.01));
#19668=CARTESIAN_POINT('',(44.6289824526945,-12.7372606599197,3.81));
#19669=CARTESIAN_POINT('',(44.6289824526945,-12.7372606599197,1.01));
#19670=CARTESIAN_POINT('Origin',(40.7318681356645,-10.4872606599197,3.81));
#19671=CARTESIAN_POINT('Origin',(32.5884421564706,-81.6009611332645,1.01));
#19672=CARTESIAN_POINT('',(30.7045063290628,-82.2723669704521,3.81));
#19673=CARTESIAN_POINT('Origin',(32.5884421564706,-81.6009611332645,3.81));
#19674=CARTESIAN_POINT('',(30.7045063290629,-82.2723669704521,1.01));
#19675=CARTESIAN_POINT('Origin',(20.8138432351723,-85.7972476156869,1.01));
#19676=CARTESIAN_POINT('',(31.207813509618,-84.3088317013875,3.81));
#19677=CARTESIAN_POINT('Origin',(20.8138432351723,-85.7972476156869,3.81));
#19678=CARTESIAN_POINT('',(31.207813509618,-84.3088317013875,1.01));
#19679=CARTESIAN_POINT('Origin',(33.1876173714171,-84.0253239081876,1.01));
#19680=CARTESIAN_POINT('',(33.6772574633175,-85.9644609792591,3.81));
#19681=CARTESIAN_POINT('Origin',(33.1876173714171,-84.0253239081876,3.81));
#19682=CARTESIAN_POINT('',(33.6772574633175,-85.9644609792591,1.01));
#19683=CARTESIAN_POINT('Origin',(33.0639108031328,-86.2134929069102,4.01));
#19684=CARTESIAN_POINT('',(33.0639108031328,-86.2134929069102,3.81));
#19685=CARTESIAN_POINT('',(55.0710595318934,-73.494740381912,3.81));
#19686=CARTESIAN_POINT('',(33.0639108031328,-86.2134929069102,5.81));
#19687=CARTESIAN_POINT('',(18.4283248460978,-94.6719442101723,5.81));
#19688=CARTESIAN_POINT('',(33.0639108031328,-86.2134929069102,4.01));
#19689=CARTESIAN_POINT('Origin',(30.1493783946846,-67.4096358249009,1.01));
#19690=CARTESIAN_POINT('',(28.1503427255699,-67.3475359568859,3.81));
#19691=CARTESIAN_POINT('',(28.1503427255699,-67.3475359568859,1.01));
#19692=CARTESIAN_POINT('',(29.9111855964564,-69.3954012166006,3.81));
#19693=CARTESIAN_POINT('Origin',(30.1493783946846,-67.4096358249009,3.81));
#19694=CARTESIAN_POINT('',(29.9111855964564,-69.3954012166006,1.01));
#19695=CARTESIAN_POINT('Origin',(32.6481729810779,-67.4872606599197,1.01));
#19696=CARTESIAN_POINT('',(28.7510586640478,-65.2372606599197,3.81));
#19697=CARTESIAN_POINT('',(28.7510586640478,-65.2372606599197,1.01));
#19698=CARTESIAN_POINT('Origin',(32.6481729810779,-67.4872606599197,3.81));
#19699=CARTESIAN_POINT('Origin',(35.4335864129075,-73.4876033400804,1.01));
#19700=CARTESIAN_POINT('',(33.4339909419383,-73.4473795600536,3.81));
#19701=CARTESIAN_POINT('',(33.4339909419383,-73.4473795600536,1.01));
#19702=CARTESIAN_POINT('Origin',(35.4335864129075,-73.4876033400804,3.81));
#19703=CARTESIAN_POINT('Origin',(14.2269597408063,-71.2374320000001,1.01));
#19704=CARTESIAN_POINT('',(14.2269597408063,-71.2374320000001,3.81));
#19705=CARTESIAN_POINT('',(14.2269597408063,-71.2374320000001,1.01));
#19706=CARTESIAN_POINT('',(25.8967735903598,-51.0247214977025,3.81));
#19707=CARTESIAN_POINT('Origin',(5.40045985324733,-61.4869179797591,1.01));
#19708=CARTESIAN_POINT('',(5.40045985324733,-59.486917979759,3.81));
#19709=CARTESIAN_POINT('',(5.40045985324733,-59.4869179797591,1.01));
#19710=CARTESIAN_POINT('Origin',(5.40045985324733,-61.4869179797591,3.81));
#19711=CARTESIAN_POINT('Origin',(5.71094434701784,-59.4869179797591,1.01));
#19712=CARTESIAN_POINT('',(5.71094434701784,-59.4869179797591,3.81));
#19713=CARTESIAN_POINT('',(5.71094434701784,-59.4869179797591,1.01));
#19714=CARTESIAN_POINT('',(38.2929731720876,-59.4869179797589,3.81));
#19715=CARTESIAN_POINT('Origin',(5.400415677116,-54.4876033400804,1.01));
#19716=CARTESIAN_POINT('',(5.40041567711601,-56.4876033400804,3.81));
#19717=CARTESIAN_POINT('Origin',(5.400415677116,-54.4876033400804,3.81));
#19718=CARTESIAN_POINT('',(5.40041567711601,-56.4876033400804,1.01));
#19719=CARTESIAN_POINT('Origin',(5.40029575873278,-35.4876033400804,1.01));
#19720=CARTESIAN_POINT('',(5.40029575873278,-37.4876033400804,3.81));
#19721=CARTESIAN_POINT('Origin',(5.40029575873278,-35.4876033400804,3.81));
#19722=CARTESIAN_POINT('',(5.40029575873278,-37.4876033400804,1.01));
#19723=CARTESIAN_POINT('Origin',(36.8877860052179,-64.4917174893495,5.31));
#19724=CARTESIAN_POINT('',(36.8877860052179,-64.4917174893495,3.81));
#19725=CARTESIAN_POINT('Origin',(3.90050476563952,-68.60288501835,3.81));
#19726=CARTESIAN_POINT('',(9.60805866404782,-61.7369179797591,3.81));
#19727=CARTESIAN_POINT('Origin',(5.71094434701783,-63.9869179797591,3.81));
#19728=CARTESIAN_POINT('',(11.6289824526945,-65.2372606599197,3.81));
#19729=CARTESIAN_POINT('',(15.745001530135,-72.3664148269695,3.81));
#19730=CARTESIAN_POINT('Origin',(7.73186813566454,-67.4872606599197,3.81));
#19731=CARTESIAN_POINT('Origin',(34.2648255735978,-88.2914254645443,3.81));
#19732=CARTESIAN_POINT('',(45.2062337986427,-74.737432,3.81));
#19733=CARTESIAN_POINT('Origin',(49.1033481156728,-76.987432,3.81));
#19734=CARTESIAN_POINT('',(47.2269597408063,-71.2374320000001,3.81));
#19735=CARTESIAN_POINT('',(54.7717735903598,-58.1694310789241,3.81));
#19736=CARTESIAN_POINT('',(51.1240740578363,-68.987432,3.81));
#19737=CARTESIAN_POINT('Origin',(51.1240740578363,-73.487432,3.81));
#19738=CARTESIAN_POINT('',(55.1655259421637,-68.987432,3.81));
#19739=CARTESIAN_POINT('',(63.0202639696605,-68.987432,3.81));
#19740=CARTESIAN_POINT('',(59.0626402591937,-71.237432,3.81));
#19741=CARTESIAN_POINT('Origin',(55.1655259421637,-73.487432,3.81));
#19742=CARTESIAN_POINT('',(56.9607398800114,-67.596833750808,3.81));
#19743=CARTESIAN_POINT('Origin',(82.7657478414676,-68.7501908918069,3.81));
#19744=CARTESIAN_POINT('Origin',(100.669096769724,-63.9869179797591,3.81));
#19745=CARTESIAN_POINT('',(104.710944347018,-18.4876033400804,3.81));
#19746=CARTESIAN_POINT('Origin',(104.710944347018,-13.9876033400804,3.81));
#19747=CARTESIAN_POINT('',(100.669096769724,-18.4876033400804,3.81));
#19748=CARTESIAN_POINT('',(85.7720493834409,-18.4876033400804,3.81));
#19749=CARTESIAN_POINT('Origin',(100.669096769725,-13.9876033400803,3.81));
#19750=CARTESIAN_POINT('Origin',(101.249584989464,-9.5002569847489,3.81));
#19751=CARTESIAN_POINT('Origin',(82.249844,-4.75018400000002,3.81));
#19752=CARTESIAN_POINT('',(63.7719824526945,-16.2376033400803,3.81));
#19753=CARTESIAN_POINT('Origin',(67.6690967697245,-13.9876033400803,3.81));
#19754=CARTESIAN_POINT('',(61.7510586640478,-12.7372606599197,3.81));
#19755=CARTESIAN_POINT('',(70.9684016397399,-28.7021670046065,3.81));
#19756=CARTESIAN_POINT('Origin',(65.6481729810779,-10.4872606599197,3.81));
#19757=CARTESIAN_POINT('Origin',(61.2503447485008,-4.73713126287239,3.81));
#19758=CARTESIAN_POINT('',(44.6510161329223,-7.22930618283486,3.81));
#19759=CARTESIAN_POINT('',(44.648041975487,-28.6341473476169,3.81));
#19760=CARTESIAN_POINT('Origin',(42.2510161560901,-7.22897270791107,3.81));
#19761=CARTESIAN_POINT('',(38.8224229423756,-22.7945167489644,3.81));
#19762=CARTESIAN_POINT('',(19.7682349164985,-28.721365615996,3.81));
#19763=CARTESIAN_POINT('',(7.76823491649852,-31.6506761253221,3.81));
#19764=CARTESIAN_POINT('',(36.8877102672916,-52.4917174892898,3.81));
#19765=CARTESIAN_POINT('',(18.1240740578363,-68.987432,3.81));
#19766=CARTESIAN_POINT('Origin',(18.1240740578363,-73.4874320000001,3.81));
#19767=CARTESIAN_POINT('',(22.1655259421637,-68.987432,3.81));
#19768=CARTESIAN_POINT('',(46.5202639696605,-68.987432,3.81));
#19769=CARTESIAN_POINT('Origin',(22.1655259421637,-73.4874320000001,3.81));
#19770=CARTESIAN_POINT('',(113.226959740806,-44.737432,3.81));
#19771=CARTESIAN_POINT('Origin',(117.124074057836,-42.4874320000001,3.81));
#19772=CARTESIAN_POINT('',(111.206233798643,-41.237432,3.81));
#19773=CARTESIAN_POINT('',(108.071211784331,-35.8074145883648,3.81));
#19774=CARTESIAN_POINT('',(111.206233798643,-36.737432,3.81));
#19775=CARTESIAN_POINT('Origin',(115.103348115673,-38.987432,3.81));
#19776=CARTESIAN_POINT('',(113.226959740806,-33.237432,3.81));
#19777=CARTESIAN_POINT('',(104.294532254408,-48.7088502413674,3.81));
#19778=CARTESIAN_POINT('Origin',(117.124074057836,-35.487432,3.81));
#19779=CARTESIAN_POINT('',(94.0833662013574,-41.237432,3.81));
#19780=CARTESIAN_POINT('Origin',(90.1862518843272,-38.987432,3.81));
#19781=CARTESIAN_POINT('',(92.0626402591937,-44.737432,3.81));
#19782=CARTESIAN_POINT('',(88.2655757438768,-51.3141406601457,3.81));
#19783=CARTESIAN_POINT('',(88.1655259421637,-46.987432,3.81));
#19784=CARTESIAN_POINT('Origin',(88.1655259421637,-42.4874319999999,3.81));
#19785=CARTESIAN_POINT('',(84.1240740578364,-46.987432,3.81));
#19786=CARTESIAN_POINT('',(77.4995380274968,-46.987432,3.81));
#19787=CARTESIAN_POINT('',(80.2269597408064,-44.737432,3.81));
#19788=CARTESIAN_POINT('Origin',(84.1240740578364,-42.487432,3.81));
#19789=CARTESIAN_POINT('',(79.1962117843307,-42.9521241695864,3.81));
#19790=CARTESIAN_POINT('',(34.6690967697245,-40.4869179797591,3.81));
#19791=CARTESIAN_POINT('Origin',(34.6690967697245,-44.986917979759,3.81));
#19792=CARTESIAN_POINT('',(38.7109443470178,-40.4869179797591,3.81));
#19793=CARTESIAN_POINT('',(54.7929731720876,-40.486917979759,3.81));
#19794=CARTESIAN_POINT('',(42.6080586640478,-42.7369179797591,3.81));
#19795=CARTESIAN_POINT('Origin',(38.7109443470178,-44.9869179797591,3.81));
#19796=CARTESIAN_POINT('',(44.6289824526945,-46.2372606599197,3.81));
#19797=CARTESIAN_POINT('',(48.7336221981111,-53.3467052457478,3.81));
#19798=CARTESIAN_POINT('',(44.6289824526945,-50.7372606599197,3.81));
#19799=CARTESIAN_POINT('Origin',(40.7318681356645,-48.4872606599197,3.81));
#19800=CARTESIAN_POINT('',(47.0496642783277,-46.5445167489643,3.81));
#19801=CARTESIAN_POINT('',(18.1240740578364,-65.987432,3.81));
#19802=CARTESIAN_POINT('',(44.4995380274969,-65.9874319999999,3.81));
#19803=CARTESIAN_POINT('',(14.2269597408064,-63.737432,3.81));
#19804=CARTESIAN_POINT('Origin',(18.1240740578364,-61.487432,3.81));
#19805=CARTESIAN_POINT('',(12.2062337986427,-60.237432,3.81));
#19806=CARTESIAN_POINT('',(17.3325911163547,-69.1165433320297,3.81));
#19807=CARTESIAN_POINT('',(12.2062337986427,-55.737432,3.81));
#19808=CARTESIAN_POINT('Origin',(16.1033481156728,-57.987432,3.81));
#19809=CARTESIAN_POINT('',(14.2269597408063,-52.237432,3.81));
#19810=CARTESIAN_POINT('',(21.7831529223837,-39.1497214977025,3.81));
#19811=CARTESIAN_POINT('Origin',(18.1240740578363,-54.4874320000001,3.81));
#19812=CARTESIAN_POINT('',(127.751058664048,-27.2372606599197,3.81));
#19813=CARTESIAN_POINT('Origin',(131.648172981078,-29.4872606599197,3.81));
#19814=CARTESIAN_POINT('',(129.771982452695,-23.7369179797591,3.81));
#19815=CARTESIAN_POINT('',(116.714505504675,-46.3531314723882,3.81));
#19816=CARTESIAN_POINT('',(133.669096769724,-21.4869179797591,3.81));
#19817=CARTESIAN_POINT('Origin',(133.669096769724,-25.986917979759,3.81));
#19818=CARTESIAN_POINT('',(103.611671100219,-21.4869179797591,3.81));
#19819=CARTESIAN_POINT('',(11.6289824526945,-50.7372606599197,3.81));
#19820=CARTESIAN_POINT('Origin',(7.73186813566454,-48.4872606599197,3.81));
#19821=CARTESIAN_POINT('',(9.60805866404785,-54.2376033400804,3.81));
#19822=CARTESIAN_POINT('',(18.1746642783277,-39.3998071677427,3.81));
#19823=CARTESIAN_POINT('',(5.71094434701786,-56.4876033400804,3.81));
#19824=CARTESIAN_POINT('Origin',(5.71094434701788,-51.9876033400804,3.81));
#19825=CARTESIAN_POINT('',(37.1377151486106,-56.4876033400803,3.81));
#19826=CARTESIAN_POINT('',(11.6289824526945,-31.7372606599197,3.81));
#19827=CARTESIAN_POINT('Origin',(7.73186813566454,-29.4872606599197,3.81));
#19828=CARTESIAN_POINT('',(9.60805866404785,-35.2376033400804,3.81));
#19829=CARTESIAN_POINT('',(14.0610436103516,-27.5248071677428,3.81));
#19830=CARTESIAN_POINT('',(5.71094434701786,-37.4876033400804,3.81));
#19831=CARTESIAN_POINT('Origin',(5.71094434701788,-32.9876033400804,3.81));
#19832=CARTESIAN_POINT('',(37.137655189419,-37.4876033400803,3.81));
#19833=CARTESIAN_POINT('',(127.751058664048,-46.2372606599197,3.81));
#19834=CARTESIAN_POINT('Origin',(131.648172981078,-48.4872606599197,3.81));
#19835=CARTESIAN_POINT('',(129.771982452695,-42.7369179797591,3.81));
#19836=CARTESIAN_POINT('',(120.828126172651,-58.2281314723881,3.81));
#19837=CARTESIAN_POINT('',(133.669096769724,-40.4869179797591,3.81));
#19838=CARTESIAN_POINT('Origin',(133.669096769724,-44.986917979759,3.81));
#19839=CARTESIAN_POINT('',(103.610519522121,-40.4869179797592,3.81));
#19840=CARTESIAN_POINT('',(38.7109443470179,-37.4876033400804,3.81));
#19841=CARTESIAN_POINT('Origin',(38.7109443470179,-32.9876033400804,3.81));
#19842=CARTESIAN_POINT('',(34.6690967697245,-37.4876033400804,3.81));
#19843=CARTESIAN_POINT('',(52.7720493834409,-37.4876033400804,3.81));
#19844=CARTESIAN_POINT('',(30.7719824526945,-35.2376033400803,3.81));
#19845=CARTESIAN_POINT('Origin',(34.6690967697245,-32.9876033400803,3.81));
#19846=CARTESIAN_POINT('',(37.9797809717638,-47.7218765858281,3.81));
#19847=CARTESIAN_POINT('',(55.1655259421637,-46.987432,3.81));
#19848=CARTESIAN_POINT('Origin',(55.1655259421637,-42.4874319999999,3.81));
#19849=CARTESIAN_POINT('',(51.1240740578364,-46.987432,3.81));
#19850=CARTESIAN_POINT('',(60.9995380274968,-46.987432,3.81));
#19851=CARTESIAN_POINT('',(47.2269597408064,-44.737432,3.81));
#19852=CARTESIAN_POINT('Origin',(51.1240740578364,-42.487432,3.81));
#19853=CARTESIAN_POINT('',(45.2062337986427,-41.237432,3.81));
#19854=CARTESIAN_POINT('',(50.3212117843308,-50.0968337508081,3.81));
#19855=CARTESIAN_POINT('',(45.2062337986427,-36.737432,3.81));
#19856=CARTESIAN_POINT('Origin',(49.1033481156728,-38.987432,3.81));
#19857=CARTESIAN_POINT('',(46.5445322544076,-34.4194310789241,3.81));
#19858=CARTESIAN_POINT('',(94.0833662013574,-60.237432,3.81));
#19859=CARTESIAN_POINT('Origin',(90.1862518843272,-57.987432,3.81));
#19860=CARTESIAN_POINT('',(92.0626402591937,-63.737432,3.81));
#19861=CARTESIAN_POINT('',(92.3791964118529,-63.1891406601457,3.81));
#19862=CARTESIAN_POINT('',(88.1655259421637,-65.987432,3.81));
#19863=CARTESIAN_POINT('Origin',(88.1655259421637,-61.4874319999999,3.81));
#19864=CARTESIAN_POINT('',(84.1240740578364,-65.987432,3.81));
#19865=CARTESIAN_POINT('',(77.4995380274969,-65.987432,3.81));
#19866=CARTESIAN_POINT('',(80.2269597408064,-63.737432,3.81));
#19867=CARTESIAN_POINT('Origin',(84.1240740578364,-61.487432,3.81));
#19868=CARTESIAN_POINT('',(75.0825911163546,-54.8271241695864,3.81));
#19869=CARTESIAN_POINT('',(113.226959740806,-25.737432,3.81));
#19870=CARTESIAN_POINT('',(111.206233798643,-22.237432,3.81));
#19871=CARTESIAN_POINT('',(112.184832452307,-23.9324145883647,3.81));
#19872=CARTESIAN_POINT('',(111.206233798643,-17.737432,3.81));
#19873=CARTESIAN_POINT('Origin',(115.103348115673,-19.987432,3.81));
#19874=CARTESIAN_POINT('',(113.226959740806,-14.237432,3.81));
#19875=CARTESIAN_POINT('',(100.180911586432,-36.8338502413674,3.81));
#19876=CARTESIAN_POINT('',(117.124074057836,-11.987432,3.81));
#19877=CARTESIAN_POINT('Origin',(117.124074057836,-16.487432,3.81));
#19878=CARTESIAN_POINT('',(96.0202639696605,-11.9874320000001,3.81));
#19879=CARTESIAN_POINT('Origin',(117.124074057836,-23.4874319999999,3.81));
#19880=CARTESIAN_POINT('',(127.083366201357,-60.237432,3.81));
#19881=CARTESIAN_POINT('Origin',(123.186251884327,-57.987432,3.81));
#19882=CARTESIAN_POINT('',(125.062640259194,-63.737432,3.81));
#19883=CARTESIAN_POINT('',(121.254196411853,-70.3338502413673,3.81));
#19884=CARTESIAN_POINT('',(121.165525942164,-65.987432,3.81));
#19885=CARTESIAN_POINT('Origin',(121.165525942164,-61.4874319999999,3.81));
#19886=CARTESIAN_POINT('',(117.124074057836,-65.987432,3.81));
#19887=CARTESIAN_POINT('',(93.9995380274968,-65.9874319999999,3.81));
#19888=CARTESIAN_POINT('',(113.226959740806,-63.737432,3.81));
#19889=CARTESIAN_POINT('Origin',(117.124074057836,-61.4874320000001,3.81));
#19890=CARTESIAN_POINT('',(111.206233798643,-60.237432,3.81));
#19891=CARTESIAN_POINT('',(103.957591116355,-47.6824145883648,3.81));
#19892=CARTESIAN_POINT('Origin',(115.103348115673,-57.987432,3.81));
#19893=CARTESIAN_POINT('',(63.7719824526945,-54.2376033400804,3.81));
#19894=CARTESIAN_POINT('Origin',(67.6690967697245,-51.9876033400803,3.81));
#19895=CARTESIAN_POINT('',(61.7510586640478,-50.7372606599197,3.81));
#19896=CARTESIAN_POINT('',(62.7411603037878,-52.4521670046065,3.81));
#19897=CARTESIAN_POINT('',(61.7510586640478,-46.2372606599197,3.81));
#19898=CARTESIAN_POINT('Origin',(65.6481729810779,-48.4872606599197,3.81));
#19899=CARTESIAN_POINT('',(63.7719824526945,-42.7369179797591,3.81));
#19900=CARTESIAN_POINT('',(63.0781261726511,-43.938712309945,3.81));
#19901=CARTESIAN_POINT('',(67.6690967697245,-40.4869179797591,3.81));
#19902=CARTESIAN_POINT('Origin',(67.6690967697245,-44.986917979759,3.81));
#19903=CARTESIAN_POINT('',(71.2929731720876,-40.4869179797591,3.81));
#19904=CARTESIAN_POINT('',(45.2062337986427,-55.737432,3.81));
#19905=CARTESIAN_POINT('Origin',(49.1033481156728,-57.987432,3.81));
#19906=CARTESIAN_POINT('',(47.2269597408063,-52.237432,3.81));
#19907=CARTESIAN_POINT('',(50.6581529223837,-46.2944310789241,3.81));
#19908=CARTESIAN_POINT('',(51.1240740578363,-49.987432,3.81));
#19909=CARTESIAN_POINT('Origin',(51.1240740578363,-54.4874320000001,3.81));
#19910=CARTESIAN_POINT('',(55.1655259421637,-49.987432,3.81));
#19911=CARTESIAN_POINT('',(63.0202639696605,-49.987432,3.81));
#19912=CARTESIAN_POINT('',(59.0626402591937,-52.237432,3.81));
#19913=CARTESIAN_POINT('Origin',(55.1655259421637,-54.4874320000001,3.81));
#19914=CARTESIAN_POINT('',(61.0743605479875,-55.721833750808,3.81));
#19915=CARTESIAN_POINT('Origin',(29.4348,-73.366932,3.81));
#19916=CARTESIAN_POINT('',(30.7719824526945,-61.7369179797591,3.81));
#19917=CARTESIAN_POINT('',(38.3167468406272,-48.6690027287233,3.81));
#19918=CARTESIAN_POINT('Origin',(34.6690967697245,-63.9869179797591,3.81));
#19919=CARTESIAN_POINT('',(12.2062337986427,-36.737432,3.81));
#19920=CARTESIAN_POINT('Origin',(16.1033481156728,-38.987432,3.81));
#19921=CARTESIAN_POINT('',(14.2269597408063,-33.237432,3.81));
#19922=CARTESIAN_POINT('',(17.6695322544076,-27.2747214977025,3.81));
#19923=CARTESIAN_POINT('',(18.1240740578363,-30.987432,3.81));
#19924=CARTESIAN_POINT('Origin',(18.1240740578363,-35.487432,3.81));
#19925=CARTESIAN_POINT('',(22.1655259421637,-30.987432,3.81));
#19926=CARTESIAN_POINT('',(46.5202639696605,-30.987432,3.81));
#19927=CARTESIAN_POINT('',(26.0626402591937,-33.237432,3.81));
#19928=CARTESIAN_POINT('Origin',(22.1655259421637,-35.4874320000001,3.81));
#19929=CARTESIAN_POINT('',(36.3129812159636,-50.9915433320296,3.81));
#19930=CARTESIAN_POINT('',(88.1655259421637,-27.987432,3.81));
#19931=CARTESIAN_POINT('Origin',(88.1655259421636,-23.4874319999999,3.81));
#19932=CARTESIAN_POINT('',(84.1240740578363,-27.987432,3.81));
#19933=CARTESIAN_POINT('',(77.4995380274969,-27.987432,3.81));
#19934=CARTESIAN_POINT('',(80.2269597408063,-25.737432,3.81));
#19935=CARTESIAN_POINT('Origin',(84.1240740578363,-23.4874320000001,3.81));
#19936=CARTESIAN_POINT('',(78.2062337986426,-22.237432,3.81));
#19937=CARTESIAN_POINT('',(83.3098324523068,-31.0771241695864,3.81));
#19938=CARTESIAN_POINT('',(78.2062337986426,-17.737432,3.81));
#19939=CARTESIAN_POINT('Origin',(82.1033481156727,-19.987432,3.81));
#19940=CARTESIAN_POINT('',(71.3059115864315,-29.6891406601457,3.81));
#19941=CARTESIAN_POINT('',(47.2269597408063,-14.237432,3.81));
#19942=CARTESIAN_POINT('',(42.4309115864315,-22.544431078924,3.81));
#19943=CARTESIAN_POINT('',(51.1240740578363,-11.987432,3.81));
#19944=CARTESIAN_POINT('Origin',(51.1240740578363,-16.487432,3.81));
#19945=CARTESIAN_POINT('',(55.1655259421636,-11.987432,3.81));
#19946=CARTESIAN_POINT('',(63.0202639696605,-11.987432,3.81));
#19947=CARTESIAN_POINT('',(59.0626402591936,-14.237432,3.81));
#19948=CARTESIAN_POINT('Origin',(55.1655259421636,-16.4874320000001,3.81));
#19949=CARTESIAN_POINT('',(61.0833662013573,-17.737432,3.81));
#19950=CARTESIAN_POINT('',(69.3016018839396,-31.971833750808,3.81));
#19951=CARTESIAN_POINT('',(61.0833662013573,-22.237432,3.81));
#19952=CARTESIAN_POINT('Origin',(57.1862518843273,-19.987432,3.81));
#19953=CARTESIAN_POINT('',(55.2769550759007,-32.2944310789241,3.81));
#19954=CARTESIAN_POINT('',(67.6690967697245,-59.4869179797591,3.81));
#19955=CARTESIAN_POINT('Origin',(67.6690967697245,-63.9869179797591,3.81));
#19956=CARTESIAN_POINT('',(71.2929731720876,-59.4869179797591,3.81));
#19957=CARTESIAN_POINT('Origin',(76.0008,-65.752432,3.81));
#19958=CARTESIAN_POINT('',(63.7719824526945,-35.2376033400803,3.81));
#19959=CARTESIAN_POINT('Origin',(67.6690967697245,-32.9876033400803,3.81));
#19960=CARTESIAN_POINT('',(61.7510586640478,-31.7372606599197,3.81));
#19961=CARTESIAN_POINT('',(66.8547809717638,-40.5771670046065,3.81));
#19962=CARTESIAN_POINT('',(61.7510586640478,-27.2372606599197,3.81));
#19963=CARTESIAN_POINT('Origin',(65.6481729810779,-29.4872606599197,3.81));
#19964=CARTESIAN_POINT('',(63.7719824526945,-23.7369179797591,3.81));
#19965=CARTESIAN_POINT('',(58.9645055046751,-32.063712309945,3.81));
#19966=CARTESIAN_POINT('',(67.6690967697245,-21.4869179797591,3.81));
#19967=CARTESIAN_POINT('Origin',(67.6690967697245,-25.986917979759,3.81));
#19968=CARTESIAN_POINT('',(71.2929731720875,-21.4869179797591,3.81));
#19969=CARTESIAN_POINT('',(94.7510586640478,-46.2372606599197,3.81));
#19970=CARTESIAN_POINT('Origin',(98.6481729810779,-48.4872606599197,3.81));
#19971=CARTESIAN_POINT('',(96.7719824526945,-42.7369179797591,3.81));
#19972=CARTESIAN_POINT('',(91.9531261726512,-51.0834218911666,3.81));
#19973=CARTESIAN_POINT('',(100.669096769724,-40.4869179797591,3.81));
#19974=CARTESIAN_POINT('Origin',(100.669096769724,-44.986917979759,3.81));
#19975=CARTESIAN_POINT('',(104.710944347018,-40.4869179797591,3.81));
#19976=CARTESIAN_POINT('',(87.7929731720876,-40.4869179797591,3.81));
#19977=CARTESIAN_POINT('',(108.608058664048,-42.7369179797591,3.81));
#19978=CARTESIAN_POINT('Origin',(104.710944347018,-44.9869179797591,3.81));
#19979=CARTESIAN_POINT('',(106.483622198111,-39.0572860833045,3.81));
#19980=CARTESIAN_POINT('',(94.7510586640478,-27.2372606599197,3.81));
#19981=CARTESIAN_POINT('Origin',(98.6481729810779,-29.4872606599197,3.81));
#19982=CARTESIAN_POINT('',(96.7719824526945,-23.7369179797591,3.81));
#19983=CARTESIAN_POINT('',(87.8395055046751,-39.2084218911666,3.81));
#19984=CARTESIAN_POINT('',(100.669096769724,-21.4869179797591,3.81));
#19985=CARTESIAN_POINT('Origin',(100.669096769724,-25.986917979759,3.81));
#19986=CARTESIAN_POINT('',(104.710944347018,-21.4869179797591,3.81));
#19987=CARTESIAN_POINT('',(87.7929731720876,-21.4869179797591,3.81));
#19988=CARTESIAN_POINT('',(108.608058664048,-23.7369179797591,3.81));
#19989=CARTESIAN_POINT('Origin',(104.710944347018,-25.9869179797591,3.81));
#19990=CARTESIAN_POINT('',(110.597242866087,-27.1822860833045,3.81));
#19991=CARTESIAN_POINT('Origin',(70.8750019971573,-50.0426331063095,5.81));
#19992=CARTESIAN_POINT('Origin',(82.7657478414676,-68.7501908918069,5.81));
#19993=CARTESIAN_POINT('Origin',(34.2648255735978,-88.2914254645443,5.81));
#19994=CARTESIAN_POINT('Origin',(117.124074057836,-35.487432,1.01));
#19995=CARTESIAN_POINT('',(113.226959740806,-33.237432,1.01));
#19996=CARTESIAN_POINT('Origin',(34.6690967697245,-44.986917979759,1.01));
#19997=CARTESIAN_POINT('',(34.6690967697245,-40.4869179797591,1.01));
#19998=CARTESIAN_POINT('Origin',(38.7109443470178,-40.4869179797591,1.01));
#19999=CARTESIAN_POINT('',(38.7109443470178,-40.4869179797591,1.01));
#20000=CARTESIAN_POINT('Origin',(38.7109443470178,-44.9869179797591,1.01));
#20001=CARTESIAN_POINT('',(42.6080586640478,-42.7369179797591,1.01));
#20002=CARTESIAN_POINT('Origin',(44.6289824526945,-46.2372606599197,1.01));
#20003=CARTESIAN_POINT('',(44.6289824526945,-46.2372606599197,1.01));
#20004=CARTESIAN_POINT('Origin',(40.7318681356645,-48.4872606599197,1.01));
#20005=CARTESIAN_POINT('',(44.6289824526945,-50.7372606599197,1.01));
#20006=CARTESIAN_POINT('Origin',(42.6080586640478,-54.2376033400804,1.01));
#20007=CARTESIAN_POINT('Origin',(18.1240740578364,-65.987432,1.01));
#20008=CARTESIAN_POINT('',(18.1240740578364,-65.987432,1.01));
#20009=CARTESIAN_POINT('Origin',(18.1240740578364,-61.487432,1.01));
#20010=CARTESIAN_POINT('',(14.2269597408064,-63.737432,1.01));
#20011=CARTESIAN_POINT('Origin',(12.2062337986427,-60.237432,1.01));
#20012=CARTESIAN_POINT('',(12.2062337986427,-60.237432,1.01));
#20013=CARTESIAN_POINT('Origin',(16.1033481156728,-57.987432,1.01));
#20014=CARTESIAN_POINT('',(12.2062337986427,-55.737432,1.01));
#20015=CARTESIAN_POINT('Origin',(14.2269597408063,-52.237432,1.01));
#20016=CARTESIAN_POINT('',(14.2269597408063,-52.237432,1.01));
#20017=CARTESIAN_POINT('Origin',(18.1240740578363,-54.4874320000001,1.01));
#20018=CARTESIAN_POINT('Origin',(100.669096769724,-63.9869179797591,1.01));
#20019=CARTESIAN_POINT('Origin',(131.648172981078,-29.4872606599197,1.01));
#20020=CARTESIAN_POINT('',(127.751058664048,-27.2372606599197,1.01));
#20021=CARTESIAN_POINT('Origin',(129.771982452695,-23.7369179797591,1.01));
#20022=CARTESIAN_POINT('',(129.771982452695,-23.7369179797591,1.01));
#20023=CARTESIAN_POINT('Origin',(133.669096769724,-25.986917979759,1.01));
#20024=CARTESIAN_POINT('',(133.669096769724,-21.4869179797591,1.01));
#20025=CARTESIAN_POINT('Origin',(136.34834020328,-21.4869179797591,1.01));
#20026=CARTESIAN_POINT('Origin',(7.73186813566454,-48.4872606599197,1.01));
#20027=CARTESIAN_POINT('',(11.6289824526945,-50.7372606599197,1.01));
#20028=CARTESIAN_POINT('Origin',(9.60805866404785,-54.2376033400804,1.01));
#20029=CARTESIAN_POINT('',(9.60805866404785,-54.2376033400804,1.01));
#20030=CARTESIAN_POINT('Origin',(5.71094434701788,-51.9876033400804,1.01));
#20031=CARTESIAN_POINT('',(5.71094434701786,-56.4876033400804,1.01));
#20032=CARTESIAN_POINT('Origin',(3.40042830006388,-56.4876033400804,1.01));
#20033=CARTESIAN_POINT('Origin',(7.73186813566454,-29.4872606599197,1.01));
#20034=CARTESIAN_POINT('',(11.6289824526945,-31.7372606599197,1.01));
#20035=CARTESIAN_POINT('Origin',(9.60805866404785,-35.2376033400804,1.01));
#20036=CARTESIAN_POINT('',(9.60805866404785,-35.2376033400804,1.01));
#20037=CARTESIAN_POINT('Origin',(5.71094434701788,-32.9876033400804,1.01));
#20038=CARTESIAN_POINT('',(5.71094434701786,-37.4876033400804,1.01));
#20039=CARTESIAN_POINT('Origin',(3.40030838168065,-37.4876033400804,1.01));
#20040=CARTESIAN_POINT('Origin',(131.648172981078,-48.4872606599197,1.01));
#20041=CARTESIAN_POINT('',(127.751058664048,-46.2372606599197,1.01));
#20042=CARTESIAN_POINT('Origin',(129.771982452695,-42.7369179797591,1.01));
#20043=CARTESIAN_POINT('',(129.771982452695,-42.7369179797591,1.01));
#20044=CARTESIAN_POINT('Origin',(133.669096769724,-44.986917979759,1.01));
#20045=CARTESIAN_POINT('',(133.669096769724,-40.4869179797591,1.01));
#20046=CARTESIAN_POINT('Origin',(136.346037047085,-40.4869179797591,1.01));
#20047=CARTESIAN_POINT('Origin',(38.7109443470179,-32.9876033400804,1.01));
#20048=CARTESIAN_POINT('',(38.7109443470179,-37.4876033400804,1.01));
#20049=CARTESIAN_POINT('Origin',(34.6690967697245,-37.4876033400804,1.01));
#20050=CARTESIAN_POINT('',(34.6690967697245,-37.4876033400804,1.01));
#20051=CARTESIAN_POINT('Origin',(34.6690967697245,-32.9876033400803,1.01));
#20052=CARTESIAN_POINT('',(30.7719824526945,-35.2376033400803,1.01));
#20053=CARTESIAN_POINT('Origin',(28.7510586640478,-31.7372606599197,1.01));
#20054=CARTESIAN_POINT('Origin',(49.1033481156728,-76.987432,1.01));
#20055=CARTESIAN_POINT('',(45.2062337986427,-74.737432,1.01));
#20056=CARTESIAN_POINT('Origin',(47.2269597408063,-71.2374320000001,1.01));
#20057=CARTESIAN_POINT('',(47.2269597408063,-71.2374320000001,1.01));
#20058=CARTESIAN_POINT('Origin',(51.1240740578363,-73.487432,1.01));
#20059=CARTESIAN_POINT('',(51.1240740578363,-68.987432,1.01));
#20060=CARTESIAN_POINT('Origin',(55.1655259421637,-68.987432,1.01));
#20061=CARTESIAN_POINT('',(55.1655259421637,-68.987432,1.01));
#20062=CARTESIAN_POINT('Origin',(55.1655259421637,-73.487432,1.01));
#20063=CARTESIAN_POINT('',(59.0626402591937,-71.237432,1.01));
#20064=CARTESIAN_POINT('Origin',(61.0833662013574,-74.737432,1.01));
#20065=CARTESIAN_POINT('Origin',(55.1655259421637,-42.4874319999999,1.01));
#20066=CARTESIAN_POINT('',(55.1655259421637,-46.987432,1.01));
#20067=CARTESIAN_POINT('Origin',(51.1240740578364,-46.987432,1.01));
#20068=CARTESIAN_POINT('',(51.1240740578364,-46.987432,1.01));
#20069=CARTESIAN_POINT('Origin',(51.1240740578364,-42.487432,1.01));
#20070=CARTESIAN_POINT('',(47.2269597408064,-44.737432,1.01));
#20071=CARTESIAN_POINT('Origin',(45.2062337986427,-41.237432,1.01));
#20072=CARTESIAN_POINT('',(45.2062337986427,-41.237432,1.01));
#20073=CARTESIAN_POINT('Origin',(49.1033481156728,-38.987432,1.01));
#20074=CARTESIAN_POINT('',(45.2062337986427,-36.737432,1.01));
#20075=CARTESIAN_POINT('Origin',(47.2269597408063,-33.237432,1.01));
#20076=CARTESIAN_POINT('Origin',(90.1862518843272,-57.987432,1.01));
#20077=CARTESIAN_POINT('',(94.0833662013574,-60.237432,1.01));
#20078=CARTESIAN_POINT('Origin',(92.0626402591937,-63.737432,1.01));
#20079=CARTESIAN_POINT('',(92.0626402591937,-63.737432,1.01));
#20080=CARTESIAN_POINT('Origin',(88.1655259421637,-61.4874319999999,1.01));
#20081=CARTESIAN_POINT('',(88.1655259421637,-65.987432,1.01));
#20082=CARTESIAN_POINT('Origin',(84.1240740578364,-65.987432,1.01));
#20083=CARTESIAN_POINT('',(84.1240740578364,-65.987432,1.01));
#20084=CARTESIAN_POINT('Origin',(84.1240740578364,-61.487432,1.01));
#20085=CARTESIAN_POINT('',(80.2269597408064,-63.737432,1.01));
#20086=CARTESIAN_POINT('Origin',(78.2062337986427,-60.237432,1.01));
#20087=CARTESIAN_POINT('Origin',(123.186251884327,-57.987432,1.01));
#20088=CARTESIAN_POINT('',(127.083366201357,-60.237432,1.01));
#20089=CARTESIAN_POINT('Origin',(125.062640259194,-63.737432,1.01));
#20090=CARTESIAN_POINT('',(125.062640259194,-63.737432,1.01));
#20091=CARTESIAN_POINT('Origin',(121.165525942164,-61.4874319999999,1.01));
#20092=CARTESIAN_POINT('',(121.165525942164,-65.987432,1.01));
#20093=CARTESIAN_POINT('Origin',(117.124074057836,-65.987432,1.01));
#20094=CARTESIAN_POINT('',(117.124074057836,-65.987432,1.01));
#20095=CARTESIAN_POINT('Origin',(117.124074057836,-61.4874320000001,1.01));
#20096=CARTESIAN_POINT('',(113.226959740806,-63.737432,1.01));
#20097=CARTESIAN_POINT('Origin',(111.206233798643,-60.237432,1.01));
#20098=CARTESIAN_POINT('',(111.206233798643,-60.237432,1.01));
#20099=CARTESIAN_POINT('Origin',(115.103348115673,-57.987432,1.01));
#20100=CARTESIAN_POINT('Origin',(67.6690967697245,-51.9876033400803,1.01));
#20101=CARTESIAN_POINT('',(63.7719824526945,-54.2376033400804,1.01));
#20102=CARTESIAN_POINT('Origin',(61.7510586640478,-50.7372606599197,1.01));
#20103=CARTESIAN_POINT('',(61.7510586640478,-50.7372606599197,1.01));
#20104=CARTESIAN_POINT('Origin',(65.6481729810779,-48.4872606599197,1.01));
#20105=CARTESIAN_POINT('',(61.7510586640478,-46.2372606599197,1.01));
#20106=CARTESIAN_POINT('Origin',(63.7719824526945,-42.7369179797591,1.01));
#20107=CARTESIAN_POINT('',(63.7719824526945,-42.7369179797591,1.01));
#20108=CARTESIAN_POINT('Origin',(67.6690967697245,-44.986917979759,1.01));
#20109=CARTESIAN_POINT('',(67.6690967697245,-40.4869179797591,1.01));
#20110=CARTESIAN_POINT('Origin',(71.7109443470178,-40.4869179797591,1.01));
#20111=CARTESIAN_POINT('Origin',(49.1033481156728,-57.987432,1.01));
#20112=CARTESIAN_POINT('',(45.2062337986427,-55.737432,1.01));
#20113=CARTESIAN_POINT('Origin',(47.2269597408063,-52.237432,1.01));
#20114=CARTESIAN_POINT('',(47.2269597408063,-52.237432,1.01));
#20115=CARTESIAN_POINT('Origin',(51.1240740578363,-54.4874320000001,1.01));
#20116=CARTESIAN_POINT('',(51.1240740578363,-49.987432,1.01));
#20117=CARTESIAN_POINT('Origin',(55.1655259421637,-49.987432,1.01));
#20118=CARTESIAN_POINT('',(55.1655259421637,-49.987432,1.01));
#20119=CARTESIAN_POINT('Origin',(55.1655259421637,-54.4874320000001,1.01));
#20120=CARTESIAN_POINT('',(59.0626402591937,-52.237432,1.01));
#20121=CARTESIAN_POINT('Origin',(61.0833662013574,-55.737432,1.01));
#20122=CARTESIAN_POINT('Origin',(29.4348,-73.366932,1.01));
#20123=CARTESIAN_POINT('Origin',(30.7719824526945,-61.7369179797591,1.01));
#20124=CARTESIAN_POINT('',(30.7719824526945,-61.7369179797591,1.01));
#20125=CARTESIAN_POINT('Origin',(34.6690967697245,-63.9869179797591,1.01));
#20126=CARTESIAN_POINT('Origin',(16.1033481156728,-38.987432,1.01));
#20127=CARTESIAN_POINT('',(12.2062337986427,-36.737432,1.01));
#20128=CARTESIAN_POINT('Origin',(14.2269597408063,-33.237432,1.01));
#20129=CARTESIAN_POINT('',(14.2269597408063,-33.237432,1.01));
#20130=CARTESIAN_POINT('Origin',(18.1240740578363,-35.487432,1.01));
#20131=CARTESIAN_POINT('',(18.1240740578363,-30.987432,1.01));
#20132=CARTESIAN_POINT('Origin',(22.1655259421637,-30.987432,1.01));
#20133=CARTESIAN_POINT('',(22.1655259421637,-30.987432,1.01));
#20134=CARTESIAN_POINT('Origin',(22.1655259421637,-35.4874320000001,1.01));
#20135=CARTESIAN_POINT('',(26.0626402591937,-33.237432,1.01));
#20136=CARTESIAN_POINT('Origin',(28.0833662013574,-36.737432,1.01));
#20137=CARTESIAN_POINT('Origin',(11.6289824526945,-65.2372606599197,1.01));
#20138=CARTESIAN_POINT('',(11.6289824526945,-65.2372606599197,1.01));
#20139=CARTESIAN_POINT('',(9.60805866404782,-61.7369179797591,1.01));
#20140=CARTESIAN_POINT('Origin',(7.73186813566454,-67.4872606599197,1.01));
#20141=CARTESIAN_POINT('Origin',(5.71094434701783,-63.9869179797591,1.01));
#20142=CARTESIAN_POINT('Origin',(42.6080586640478,-16.2376033400804,1.01));
#20143=CARTESIAN_POINT('Origin',(47.2269597408063,-14.237432,1.01));
#20144=CARTESIAN_POINT('',(47.2269597408063,-14.237432,1.01));
#20145=CARTESIAN_POINT('Origin',(51.1240740578363,-16.487432,1.01));
#20146=CARTESIAN_POINT('',(51.1240740578363,-11.987432,1.01));
#20147=CARTESIAN_POINT('Origin',(55.1655259421636,-11.987432,1.01));
#20148=CARTESIAN_POINT('',(55.1655259421636,-11.987432,1.01));
#20149=CARTESIAN_POINT('Origin',(55.1655259421636,-16.4874320000001,1.01));
#20150=CARTESIAN_POINT('',(59.0626402591936,-14.237432,1.01));
#20151=CARTESIAN_POINT('Origin',(61.0833662013573,-17.737432,1.01));
#20152=CARTESIAN_POINT('',(61.0833662013573,-17.737432,1.01));
#20153=CARTESIAN_POINT('Origin',(57.1862518843273,-19.987432,1.01));
#20154=CARTESIAN_POINT('',(61.0833662013573,-22.237432,1.01));
#20155=CARTESIAN_POINT('Origin',(59.0626402591937,-25.737432,1.01));
#20156=CARTESIAN_POINT('Origin',(18.1240740578363,-73.4874320000001,1.01));
#20157=CARTESIAN_POINT('',(18.1240740578363,-68.987432,1.01));
#20158=CARTESIAN_POINT('Origin',(22.1655259421637,-68.987432,1.01));
#20159=CARTESIAN_POINT('',(22.1655259421637,-68.987432,1.01));
#20160=CARTESIAN_POINT('Origin',(22.1655259421637,-73.4874320000001,1.01));
#20161=CARTESIAN_POINT('Origin',(67.6690967697245,-63.9869179797591,1.01));
#20162=CARTESIAN_POINT('',(67.6690967697245,-59.4869179797591,1.01));
#20163=CARTESIAN_POINT('Origin',(71.7109443470178,-59.4869179797591,1.01));
#20164=CARTESIAN_POINT('Origin',(76.0008,-65.752432,1.01));
#20165=CARTESIAN_POINT('Origin',(67.6690967697245,-32.9876033400803,1.01));
#20166=CARTESIAN_POINT('',(63.7719824526945,-35.2376033400803,1.01));
#20167=CARTESIAN_POINT('Origin',(61.7510586640478,-31.7372606599197,1.01));
#20168=CARTESIAN_POINT('',(61.7510586640478,-31.7372606599197,1.01));
#20169=CARTESIAN_POINT('Origin',(65.6481729810779,-29.4872606599197,1.01));
#20170=CARTESIAN_POINT('',(61.7510586640478,-27.2372606599197,1.01));
#20171=CARTESIAN_POINT('Origin',(63.7719824526945,-23.7369179797591,1.01));
#20172=CARTESIAN_POINT('',(63.7719824526945,-23.7369179797591,1.01));
#20173=CARTESIAN_POINT('Origin',(67.6690967697245,-25.986917979759,1.01));
#20174=CARTESIAN_POINT('',(67.6690967697245,-21.4869179797591,1.01));
#20175=CARTESIAN_POINT('Origin',(71.7109443470178,-21.4869179797591,1.01));
#20176=CARTESIAN_POINT('Origin',(98.6481729810779,-48.4872606599197,1.01));
#20177=CARTESIAN_POINT('',(94.7510586640478,-46.2372606599197,1.01));
#20178=CARTESIAN_POINT('Origin',(96.7719824526945,-42.7369179797591,1.01));
#20179=CARTESIAN_POINT('',(96.7719824526945,-42.7369179797591,1.01));
#20180=CARTESIAN_POINT('Origin',(100.669096769724,-44.986917979759,1.01));
#20181=CARTESIAN_POINT('',(100.669096769724,-40.4869179797591,1.01));
#20182=CARTESIAN_POINT('Origin',(104.710944347018,-40.4869179797591,1.01));
#20183=CARTESIAN_POINT('',(104.710944347018,-40.4869179797591,1.01));
#20184=CARTESIAN_POINT('Origin',(104.710944347018,-44.9869179797591,1.01));
#20185=CARTESIAN_POINT('',(108.608058664048,-42.7369179797591,1.01));
#20186=CARTESIAN_POINT('Origin',(110.628982452695,-46.2372606599197,1.01));
#20187=CARTESIAN_POINT('Origin',(117.124074057836,-42.4874320000001,1.01));
#20188=CARTESIAN_POINT('',(113.226959740806,-44.737432,1.01));
#20189=CARTESIAN_POINT('Origin',(117.124074057836,-23.4874319999999,1.01));
#20190=CARTESIAN_POINT('',(113.226959740806,-25.737432,1.01));
#20191=CARTESIAN_POINT('Origin',(70.8750019971573,-50.0426331063095,3.81));
#20192=CARTESIAN_POINT('Origin',(61.2503447485008,-4.73713126287239,3.81));
#20193=CARTESIAN_POINT('Origin',(104.710944347018,-13.9876033400804,1.01));
#20194=CARTESIAN_POINT('',(104.710944347018,-18.4876033400804,1.01));
#20195=CARTESIAN_POINT('Origin',(100.669096769724,-18.4876033400804,1.01));
#20196=CARTESIAN_POINT('',(100.669096769724,-18.4876033400804,1.01));
#20197=CARTESIAN_POINT('Origin',(100.669096769725,-13.9876033400803,1.01));
#20198=CARTESIAN_POINT('Origin',(111.206233798643,-41.237432,1.01));
#20199=CARTESIAN_POINT('',(111.206233798643,-41.237432,1.01));
#20200=CARTESIAN_POINT('Origin',(115.103348115673,-38.987432,1.01));
#20201=CARTESIAN_POINT('',(111.206233798643,-36.737432,1.01));
#20202=CARTESIAN_POINT('Origin',(113.226959740806,-33.237432,1.01));
#20203=CARTESIAN_POINT('Origin',(111.206233798643,-22.237432,1.01));
#20204=CARTESIAN_POINT('',(111.206233798643,-22.237432,1.01));
#20205=CARTESIAN_POINT('Origin',(115.103348115673,-19.987432,1.01));
#20206=CARTESIAN_POINT('',(111.206233798643,-17.737432,1.01));
#20207=CARTESIAN_POINT('Origin',(113.226959740806,-14.237432,1.01));
#20208=CARTESIAN_POINT('',(113.226959740806,-14.237432,1.01));
#20209=CARTESIAN_POINT('Origin',(117.124074057836,-16.487432,1.01));
#20210=CARTESIAN_POINT('',(117.124074057836,-11.987432,1.01));
#20211=CARTESIAN_POINT('Origin',(121.165525942164,-11.987432,1.01));
#20212=CARTESIAN_POINT('Origin',(88.1655259421636,-23.4874319999999,1.01));
#20213=CARTESIAN_POINT('',(88.1655259421637,-27.987432,1.01));
#20214=CARTESIAN_POINT('Origin',(84.1240740578363,-27.987432,1.01));
#20215=CARTESIAN_POINT('',(84.1240740578363,-27.987432,1.01));
#20216=CARTESIAN_POINT('Origin',(84.1240740578363,-23.4874320000001,1.01));
#20217=CARTESIAN_POINT('',(80.2269597408063,-25.737432,1.01));
#20218=CARTESIAN_POINT('Origin',(78.2062337986426,-22.237432,1.01));
#20219=CARTESIAN_POINT('',(78.2062337986426,-22.237432,1.01));
#20220=CARTESIAN_POINT('Origin',(82.1033481156727,-19.987432,1.01));
#20221=CARTESIAN_POINT('',(78.2062337986426,-17.737432,1.01));
#20222=CARTESIAN_POINT('Origin',(80.2269597408063,-14.237432,1.01));
#20223=CARTESIAN_POINT('Origin',(98.6481729810779,-29.4872606599197,1.01));
#20224=CARTESIAN_POINT('',(94.7510586640478,-27.2372606599197,1.01));
#20225=CARTESIAN_POINT('Origin',(96.7719824526945,-23.7369179797591,1.01));
#20226=CARTESIAN_POINT('',(96.7719824526945,-23.7369179797591,1.01));
#20227=CARTESIAN_POINT('Origin',(100.669096769724,-25.986917979759,1.01));
#20228=CARTESIAN_POINT('',(100.669096769724,-21.4869179797591,1.01));
#20229=CARTESIAN_POINT('Origin',(104.710944347018,-21.4869179797591,1.01));
#20230=CARTESIAN_POINT('',(104.710944347018,-21.4869179797591,1.01));
#20231=CARTESIAN_POINT('Origin',(104.710944347018,-25.9869179797591,1.01));
#20232=CARTESIAN_POINT('',(108.608058664048,-23.7369179797591,1.01));
#20233=CARTESIAN_POINT('Origin',(110.628982452695,-27.2372606599197,1.01));
#20234=CARTESIAN_POINT('Origin',(90.1862518843272,-38.987432,1.01));
#20235=CARTESIAN_POINT('',(94.0833662013574,-41.237432,1.01));
#20236=CARTESIAN_POINT('Origin',(92.0626402591937,-44.737432,1.01));
#20237=CARTESIAN_POINT('',(92.0626402591937,-44.737432,1.01));
#20238=CARTESIAN_POINT('Origin',(88.1655259421637,-42.4874319999999,1.01));
#20239=CARTESIAN_POINT('',(88.1655259421637,-46.987432,1.01));
#20240=CARTESIAN_POINT('Origin',(84.1240740578364,-46.987432,1.01));
#20241=CARTESIAN_POINT('',(84.1240740578364,-46.987432,1.01));
#20242=CARTESIAN_POINT('Origin',(84.1240740578364,-42.487432,1.01));
#20243=CARTESIAN_POINT('',(80.2269597408064,-44.737432,1.01));
#20244=CARTESIAN_POINT('Origin',(78.2062337986427,-41.237432,1.01));
#20245=CARTESIAN_POINT('Origin',(67.6690967697245,-13.9876033400803,1.01));
#20246=CARTESIAN_POINT('',(63.7719824526945,-16.2376033400803,1.01));
#20247=CARTESIAN_POINT('Origin',(61.7510586640478,-12.7372606599197,1.01));
#20248=CARTESIAN_POINT('',(61.7510586640478,-12.7372606599197,1.01));
#20249=CARTESIAN_POINT('Origin',(65.6481729810779,-10.4872606599197,1.01));
#20250=CARTESIAN_POINT('Origin',(119.1448,-29.487432,1.01));
#20251=CARTESIAN_POINT('',(116.6448,-29.487432,1.01));
#20252=CARTESIAN_POINT('Origin',(20.8138432351723,-85.7972476156869,1.01));
#20253=CARTESIAN_POINT('',(11.8138432351723,-85.7972476156869,1.01));
#20254=CARTESIAN_POINT('Origin',(20.8138432351723,-18.4000482647755,1.01));
#20255=CARTESIAN_POINT('',(11.8138432351723,-18.4000482647755,1.01));
#20256=CARTESIAN_POINT('Origin',(138.249865951694,-8.40025711846165,1.01));
#20257=CARTESIAN_POINT('',(138.249865951694,-8.40025711846165,1.01));
#20258=CARTESIAN_POINT('Origin',(138.249865944105,-10.5002571184617,1.01));
#20259=CARTESIAN_POINT('',(140.349865927826,-10.5005185982945,1.01));
#20260=CARTESIAN_POINT('Origin',(140.342737497712,-67.7504523716399,1.01));
#20261=CARTESIAN_POINT('',(140.342737497712,-67.7504523716399,1.01));
#20262=CARTESIAN_POINT('Origin',(138.242737513991,-67.7501908918069,1.01));
#20263=CARTESIAN_POINT('Origin',(36.8877102672916,-52.4917174892898,5.31));
#20264=CARTESIAN_POINT('Origin',(7.76823491649852,-31.6506761253221,5.31));
#20265=CARTESIAN_POINT('Origin',(19.7682349164985,-28.721365615996,5.31));
#20266=CARTESIAN_POINT('Origin',(70.8750019971573,-50.0426331063095,5.81));
#20267=CARTESIAN_POINT('',(138.249865946274,-9.90025711846165,5.81));
#20268=CARTESIAN_POINT('Origin',(138.249865944105,-10.5002571184617,5.81));
#20269=CARTESIAN_POINT('',(101.249584988018,-9.90025698474891,5.81));
#20270=CARTESIAN_POINT('',(86.0622935651216,-9.90025692986459,5.81));
#20271=CARTESIAN_POINT('',(100.849584989925,-9.50023778403278,5.81));
#20272=CARTESIAN_POINT('Origin',(101.249584989464,-9.50025698474891,5.81));
#20273=CARTESIAN_POINT('',(100.849764997838,-5.75021280107418,5.81));
#20274=CARTESIAN_POINT('',(100.84870190557,-27.8971423238059,5.81));
#20275=CARTESIAN_POINT('',(100.249764998529,-5.15018400000001,5.81));
#20276=CARTESIAN_POINT('Origin',(100.249764998529,-5.750184,5.81));
#20277=CARTESIAN_POINT('',(82.249844,-5.15018400000001,5.81));
#20278=CARTESIAN_POINT('',(76.5624229985787,-5.15018400000001,5.81));
#20279=CARTESIAN_POINT('',(81.849844,-4.75018400000001,5.81));
#20280=CARTESIAN_POINT('Origin',(82.249844,-4.750184,5.81));
#20281=CARTESIAN_POINT('',(81.849844,-3.49999991059303,5.81));
#20282=CARTESIAN_POINT('',(81.849844,-26.7713165084513,5.81));
#20283=CARTESIAN_POINT('',(81.249844,-2.89999991059304,5.81));
#20284=CARTESIAN_POINT('Origin',(81.249844,-3.49999991059304,5.81));
#20285=CARTESIAN_POINT('',(62.2503447485008,-2.89999991059303,5.81));
#20286=CARTESIAN_POINT('',(66.5626733728291,-2.89999991059303,5.81));
#20287=CARTESIAN_POINT('',(61.6503447485008,-3.49999991059303,5.81));
#20288=CARTESIAN_POINT('Origin',(62.2503447485008,-3.49999991059303,5.81));
#20289=CARTESIAN_POINT('',(61.6503447485008,-4.7371312628724,5.81));
#20290=CARTESIAN_POINT('',(61.6503447485008,-27.3898821845909,5.81));
#20291=CARTESIAN_POINT('',(61.2505895896447,-5.13713118793842,5.81));
#20292=CARTESIAN_POINT('Origin',(61.2503447485008,-4.7371312628724,5.81));
#20293=CARTESIAN_POINT('',(43.2508546613841,-5.14814887922476,5.81));
#20294=CARTESIAN_POINT('',(57.0491831357875,-5.1397028813251,5.81));
#20295=CARTESIAN_POINT('',(42.6512219288918,-5.74806539809284,5.81));
#20296=CARTESIAN_POINT('Origin',(43.2512219230998,-5.74814876682377,5.81));
#20297=CARTESIAN_POINT('',(42.6510161522288,-7.22902828706505,5.81));
#20298=CARTESIAN_POINT('',(42.6480419947935,-28.6338694518471,5.81));
#20299=CARTESIAN_POINT('',(42.2514242807136,-7.6289724997039,5.81));
#20300=CARTESIAN_POINT('Origin',(42.2510161560901,-7.22897270791108,5.81));
#20301=CARTESIAN_POINT('',(47.5406479773492,-7.62357584081975,5.81));
#20302=CARTESIAN_POINT('',(44.6510161329223,-7.22930618283486,5.81));
#20303=CARTESIAN_POINT('Origin',(42.2510161560901,-7.22897270791107,5.81));
#20304=CARTESIAN_POINT('',(44.6510275285913,-7.14729220391822,5.81));
#20305=CARTESIAN_POINT('Origin',(61.2503447485008,-4.73713126287239,5.81));
#20306=CARTESIAN_POINT('Origin',(82.249844,-4.75018400000002,5.81));
#20307=CARTESIAN_POINT('Origin',(101.249584989464,-9.5002569847489,5.81));
#20308=CARTESIAN_POINT('Origin',(82.249844,-4.75018400000002,4.01));
#20309=CARTESIAN_POINT('Origin',(61.2503447485008,-4.73713126287239,4.01));
#20310=CARTESIAN_POINT('Origin',(44.6510161329223,-7.22930618283486,4.01));
#20311=CARTESIAN_POINT('',(44.6510161329223,-7.22930618283486,4.01));
#20312=CARTESIAN_POINT('Origin',(42.2510161560901,-7.22897270791107,4.01));
#20313=CARTESIAN_POINT('Origin',(34.2648255735978,-88.2914254645443,4.01));
#20314=CARTESIAN_POINT('Origin',(82.7657478414676,-68.7501908918069,4.01));
#20315=CARTESIAN_POINT('Origin',(101.249584989464,-9.5002569847489,4.01));
#20316=CARTESIAN_POINT('Origin',(101.249584989464,-9.50025698474891,7.51));
#20317=CARTESIAN_POINT('',(100.849584989925,-9.50023778403278,7.51));
#20318=CARTESIAN_POINT('',(101.249584988018,-9.90025698474889,7.51));
#20319=CARTESIAN_POINT('Origin',(101.249584988018,-9.90025698474889,7.51));
#20320=CARTESIAN_POINT('',(138.249865946274,-9.90025711846165,7.51));
#20321=CARTESIAN_POINT('Origin',(138.249865944105,-10.5002571184617,7.51));
#20322=CARTESIAN_POINT('Origin',(76.0008,-65.752432,1.01));
#20323=CARTESIAN_POINT('',(73.5008,-65.752432,1.01));
#20324=CARTESIAN_POINT('Origin',(43.1898,-25.997432,1.01));
#20325=CARTESIAN_POINT('',(40.6898,-25.997432,1.01));
#20326=CARTESIAN_POINT('Origin',(29.4348,-73.366932,1.01));
#20327=CARTESIAN_POINT('',(26.9348,-73.366932,1.01));
#20328=CARTESIAN_POINT('Origin',(119.1448,-48.487432,1.01));
#20329=CARTESIAN_POINT('',(116.6448,-48.487432,1.01));
#20330=CARTESIAN_POINT('Origin',(100.849764997838,-5.75021280107418,7.51));
#20331=CARTESIAN_POINT('',(100.849764997838,-5.75021280107418,7.51));
#20332=CARTESIAN_POINT('Origin',(100.249764998529,-5.750184,7.51));
#20333=CARTESIAN_POINT('',(100.249764998529,-5.15018400000001,7.51));
#20334=CARTESIAN_POINT('Origin',(82.249844,-5.15018400000001,7.51));
#20335=CARTESIAN_POINT('',(82.249844,-5.15018400000001,7.51));
#20336=CARTESIAN_POINT('Origin',(82.249844,-4.750184,7.51));
#20337=CARTESIAN_POINT('',(81.849844,-4.75018400000001,7.51));
#20338=CARTESIAN_POINT('Origin',(81.849844,-3.49999991059303,7.51));
#20339=CARTESIAN_POINT('',(81.849844,-3.49999991059303,7.51));
#20340=CARTESIAN_POINT('Origin',(81.249844,-3.49999991059304,7.51));
#20341=CARTESIAN_POINT('',(81.249844,-2.89999991059304,7.51));
#20342=CARTESIAN_POINT('Origin',(62.2503447485008,-2.89999991059303,7.51));
#20343=CARTESIAN_POINT('',(62.2503447485008,-2.89999991059303,7.51));
#20344=CARTESIAN_POINT('Origin',(62.2503447485008,-3.49999991059303,7.51));
#20345=CARTESIAN_POINT('',(61.6503447485008,-3.49999991059303,7.51));
#20346=CARTESIAN_POINT('Origin',(61.6503447485008,-4.7371312628724,7.51));
#20347=CARTESIAN_POINT('',(61.6503447485008,-4.7371312628724,7.51));
#20348=CARTESIAN_POINT('Origin',(61.2503447485008,-4.7371312628724,7.51));
#20349=CARTESIAN_POINT('',(61.2505895896447,-5.13713118793842,7.51));
#20350=CARTESIAN_POINT('Origin',(43.2508546613841,-5.14814887922476,7.51));
#20351=CARTESIAN_POINT('',(43.2508546613841,-5.14814887922476,7.51));
#20352=CARTESIAN_POINT('Origin',(43.2512219230998,-5.74814876682377,7.51));
#20353=CARTESIAN_POINT('',(42.6512219288918,-5.74806539809284,7.51));
#20354=CARTESIAN_POINT('Origin',(42.6510161522288,-7.22902828706505,7.51));
#20355=CARTESIAN_POINT('',(42.6510161522288,-7.22902828706505,7.51));
#20356=CARTESIAN_POINT('Origin',(42.2510161560901,-7.22897270791108,7.51));
#20357=CARTESIAN_POINT('',(42.2514242807136,-7.6289724997039,7.51));
#20358=CARTESIAN_POINT('Origin',(24.2495988813519,-7.64733997980012,7.51));
#20359=UNCERTAINTY_MEASURE_WITH_UNIT(LENGTH_MEASURE(0.01),#20363,
'DISTANCE_ACCURACY_VALUE',
'Maximum model space distance between geometric entities at asserted c
onnectivities');
#20360=UNCERTAINTY_MEASURE_WITH_UNIT(LENGTH_MEASURE(0.01),#20363,
'DISTANCE_ACCURACY_VALUE',
'Maximum model space distance between geometric entities at asserted c
onnectivities');
#20361=(
GEOMETRIC_REPRESENTATION_CONTEXT(3)
GLOBAL_UNCERTAINTY_ASSIGNED_CONTEXT((#20359))
GLOBAL_UNIT_ASSIGNED_CONTEXT((#20363,#20365,#20366))
REPRESENTATION_CONTEXT('','3D')
);
#20362=(
GEOMETRIC_REPRESENTATION_CONTEXT(3)
GLOBAL_UNCERTAINTY_ASSIGNED_CONTEXT((#20360))
GLOBAL_UNIT_ASSIGNED_CONTEXT((#20363,#20365,#20366))
REPRESENTATION_CONTEXT('','3D')
);
#20363=(
LENGTH_UNIT()
NAMED_UNIT(*)
SI_UNIT(.MILLI.,.METRE.)
);
#20364=(
LENGTH_UNIT()
NAMED_UNIT(*)
SI_UNIT($,.METRE.)
);
#20365=(
NAMED_UNIT(*)
PLANE_ANGLE_UNIT()
SI_UNIT($,.RADIAN.)
);
#20366=(
NAMED_UNIT(*)
SI_UNIT($,.STERADIAN.)
SOLID_ANGLE_UNIT()
);
#20367=SHAPE_DEFINITION_REPRESENTATION(#20368,#20369);
#20368=PRODUCT_DEFINITION_SHAPE('',$,#20371);
#20369=SHAPE_REPRESENTATION('',(#11660),#20361);
#20370=PRODUCT_DEFINITION_CONTEXT('part definition',#20375,'design');
#20371=PRODUCT_DEFINITION('Bottom','Bottom',#20372,#20370);
#20372=PRODUCT_DEFINITION_FORMATION('',$,#20377);
#20373=PRODUCT_RELATED_PRODUCT_CATEGORY('Bottom','Bottom',(#20377));
#20374=APPLICATION_PROTOCOL_DEFINITION('international standard',
'automotive_design',2009,#20375);
#20375=APPLICATION_CONTEXT(
'Core Data for Automotive Mechanical Design Process');
#20376=PRODUCT_CONTEXT('part definition',#20375,'mechanical');
#20377=PRODUCT('Bottom','Bottom',$,(#20376));
#20378=PRESENTATION_STYLE_ASSIGNMENT((#20379));
#20379=SURFACE_STYLE_USAGE(.BOTH.,#20380);
#20380=SURFACE_SIDE_STYLE('',(#20381));
#20381=SURFACE_STYLE_FILL_AREA(#20382);
#20382=FILL_AREA_STYLE('Steel - Satin',(#20383));
#20383=FILL_AREA_STYLE_COLOUR('Steel - Satin',#20384);
#20384=COLOUR_RGB('Steel - Satin',0.627450980392157,0.627450980392157,0.627450980392157);
ENDSEC;
END-ISO-10303-21;
