ISO-10303-21;
HEADER;
/* Generated by software containing ST-Developer
 * from STEP Tools, Inc. (www.steptools.com) 
 */

FILE_DESCRIPTION(
/* description */ (''),
/* implementation_level */ '2;1');

FILE_NAME(
/* name */ 'caseTenting.step',
/* time_stamp */ '2026-08-22T09:25:15+03:00',
/* author */ (''),
/* organization */ (''),
/* preprocessor_version */ 'ST-DEVELOPER v20.1',
/* originating_system */ 'Autodesk Translation Framework v15.8.0.0',
/* authorisation */ '');

FILE_SCHEMA (('AUTOMOTIVE_DESIGN { 1 0 10303 214 3 1 1 }'));
ENDSEC;

DATA;
#10=MECHANICAL_DESIGN_GEOMETRIC_PRESENTATION_REPRESENTATION('',(#13),#19755);
#11=SHAPE_REPRESENTATION_RELATIONSHIP('SRR','None',#19762,#12);
#12=ADVANCED_BREP_SHAPE_REPRESENTATION('',(#14),#19754);
#13=STYLED_ITEM('',(#19771),#14);
#14=MANIFOLD_SOLID_BREP('BottomMainBody',#11306);
#15=FACE_BOUND('',#1287,.T.);
#16=FACE_BOUND('',#1288,.T.);
#17=FACE_BOUND('',#1289,.T.);
#18=FACE_BOUND('',#1290,.T.);
#19=FACE_BOUND('',#1291,.T.);
#20=FACE_BOUND('',#1292,.T.);
#21=FACE_BOUND('',#1293,.T.);
#22=FACE_BOUND('',#1294,.T.);
#23=FACE_BOUND('',#1295,.T.);
#24=FACE_BOUND('',#1296,.T.);
#25=FACE_BOUND('',#1297,.T.);
#26=FACE_BOUND('',#1298,.T.);
#27=FACE_BOUND('',#1299,.T.);
#28=FACE_BOUND('',#1300,.T.);
#29=FACE_BOUND('',#1301,.T.);
#30=FACE_BOUND('',#1302,.T.);
#31=FACE_BOUND('',#1303,.T.);
#32=FACE_BOUND('',#1304,.T.);
#33=FACE_BOUND('',#1305,.T.);
#34=FACE_BOUND('',#1306,.T.);
#35=FACE_BOUND('',#1307,.T.);
#36=FACE_BOUND('',#1308,.T.);
#37=FACE_BOUND('',#1309,.T.);
#38=FACE_BOUND('',#1310,.T.);
#39=FACE_BOUND('',#1311,.T.);
#40=FACE_BOUND('',#1312,.T.);
#41=FACE_BOUND('',#1313,.T.);
#42=FACE_BOUND('',#1314,.T.);
#43=FACE_BOUND('',#1315,.T.);
#44=FACE_BOUND('',#1316,.T.);
#45=FACE_BOUND('',#1317,.T.);
#46=FACE_BOUND('',#1318,.T.);
#47=FACE_BOUND('',#1527,.T.);
#48=FACE_BOUND('',#1533,.T.);
#49=FACE_BOUND('',#1539,.T.);
#50=FACE_BOUND('',#1545,.T.);
#51=FACE_BOUND('',#1551,.T.);
#52=FACE_BOUND('',#1678,.T.);
#53=FACE_BOUND('',#1679,.T.);
#54=FACE_BOUND('',#1680,.T.);
#55=FACE_BOUND('',#1681,.T.);
#56=FACE_BOUND('',#1682,.T.);
#57=FACE_BOUND('',#1683,.T.);
#58=FACE_BOUND('',#1684,.T.);
#59=FACE_BOUND('',#1685,.T.);
#60=FACE_BOUND('',#1686,.T.);
#61=FACE_BOUND('',#1687,.T.);
#62=FACE_BOUND('',#1688,.T.);
#63=FACE_BOUND('',#1689,.T.);
#64=FACE_BOUND('',#1690,.T.);
#65=FACE_BOUND('',#1691,.T.);
#66=FACE_BOUND('',#1692,.T.);
#67=FACE_BOUND('',#1693,.T.);
#68=FACE_BOUND('',#1694,.T.);
#69=FACE_BOUND('',#1695,.T.);
#70=FACE_BOUND('',#1696,.T.);
#71=FACE_BOUND('',#1697,.T.);
#72=FACE_BOUND('',#1698,.T.);
#73=FACE_BOUND('',#1699,.T.);
#74=FACE_BOUND('',#1700,.T.);
#75=FACE_BOUND('',#1701,.T.);
#76=FACE_BOUND('',#1702,.T.);
#77=FACE_BOUND('',#1703,.T.);
#78=FACE_BOUND('',#1704,.T.);
#79=FACE_BOUND('',#1705,.T.);
#80=CONICAL_SURFACE('',#11662,2.85,0.785398163397448);
#81=CONICAL_SURFACE('',#11666,2.84999999999999,0.785398163397455);
#82=CONICAL_SURFACE('',#11672,1.75,0.785398163397448);
#83=CONICAL_SURFACE('',#11676,1.75,0.785398163397447);
#84=CONICAL_SURFACE('',#11680,1.75000000000001,0.785398163397448);
#85=CONICAL_SURFACE('',#11684,2.84999999999999,0.785398163397455);
#86=CONICAL_SURFACE('',#11687,2.85000000000001,0.785398163397447);
#87=CONICAL_SURFACE('',#11690,2.85,0.785398163397448);
#88=CONICAL_SURFACE('',#11694,1.75000000000001,0.785398163397449);
#89=CONICAL_SURFACE('',#11698,2.75,0.785398163397447);
#90=CONICAL_SURFACE('',#11702,1.75000000000001,0.785398163397454);
#91=CONICAL_SURFACE('',#11706,1.75000000000001,0.785398163397454);
#92=CONICAL_SURFACE('',#11711,2.85000000000015,0.785398163397441);
#93=CONICAL_SURFACE('',#11715,2.85000000000004,0.785398163397446);
#94=CONICAL_SURFACE('',#11718,2.85,0.785398163397442);
#95=CONICAL_SURFACE('',#11722,2.84999999999998,0.785398163397442);
#96=CONICAL_SURFACE('',#11725,2.85,0.785398163397448);
#97=CONICAL_SURFACE('',#11727,2.84999999999999,0.785398163397449);
#98=CONICAL_SURFACE('',#11729,2.85,0.785398163397448);
#99=CONICAL_SURFACE('',#11734,2.85000000000001,0.785398163397442);
#100=CONICAL_SURFACE('',#11736,0.500000000000001,0.785398163397449);
#101=CONICAL_SURFACE('',#11738,0.5,0.785398163397449);
#102=CONICAL_SURFACE('',#11740,0.500000000000001,0.785398163397449);
#103=CONICAL_SURFACE('',#11742,0.499999999999997,0.785398163397445);
#104=CONICAL_SURFACE('',#11744,0.500000000000001,0.785398163397449);
#105=CONICAL_SURFACE('',#11746,0.5,0.785398163397449);
#106=CONICAL_SURFACE('',#12257,2.4,0.785398163397437);
#107=CONICAL_SURFACE('',#12264,1.15,0.785398163397437);
#108=CONICAL_SURFACE('',#12267,2.4,0.785398163397448);
#109=CONICAL_SURFACE('',#12274,1.15,0.785398163397448);
#110=CONICAL_SURFACE('',#12277,2.4,0.785398163397437);
#111=CONICAL_SURFACE('',#12284,1.15,0.785398163397437);
#112=CONICAL_SURFACE('',#12287,1.15,0.785398163397437);
#113=CONICAL_SURFACE('',#12293,2.4,0.785398163397437);
#114=CONICAL_SURFACE('',#12297,2.4,0.785398163397437);
#115=CONICAL_SURFACE('',#12304,1.15,0.785398163397437);
#116=ELLIPSE('',#11357,0.509899735454632,0.5);
#117=ELLIPSE('',#11463,1.41424750343098,1.);
#118=ELLIPSE('',#11470,1.1218190725164,1.);
#119=ELLIPSE('',#11482,1.0197923425216,1.);
#120=ELLIPSE('',#11538,0.500399604534873,0.500000000000001);
#121=ELLIPSE('',#11539,0.500399604534861,0.5);
#122=ELLIPSE('',#11541,0.502578133542052,0.5);
#123=ELLIPSE('',#11542,0.50257813354205,0.5);
#124=ELLIPSE('',#11544,0.509902892725281,0.5);
#125=ELLIPSE('',#11545,0.509902892725283,0.5);
#126=ELLIPSE('',#11547,0.509901951359278,0.5);
#127=ELLIPSE('',#11548,0.509901951359286,0.5);
#128=ELLIPSE('',#11550,0.509889954236812,0.5);
#129=ELLIPSE('',#11551,0.509889954236813,0.5);
#130=ELLIPSE('',#11553,0.509879242232206,0.5);
#131=ELLIPSE('',#11554,0.509879242232207,0.500000000000001);
#132=ELLIPSE('',#11556,0.509899735454635,0.5);
#133=ELLIPSE('',#11665,0.707106781186548,0.5);
#134=ELLIPSE('',#11670,0.707106781186554,0.5);
#135=PLANE('',#11335);
#136=PLANE('',#11358);
#137=PLANE('',#11400);
#138=PLANE('',#11405);
#139=PLANE('',#11408);
#140=PLANE('',#11413);
#141=PLANE('',#11439);
#142=PLANE('',#11444);
#143=PLANE('',#11445);
#144=PLANE('',#11499);
#145=PLANE('',#11502);
#146=PLANE('',#11505);
#147=PLANE('',#11508);
#148=PLANE('',#11511);
#149=PLANE('',#11512);
#150=PLANE('',#11515);
#151=PLANE('',#11518);
#152=PLANE('',#11519);
#153=PLANE('',#11522);
#154=PLANE('',#11523);
#155=PLANE('',#11527);
#156=PLANE('',#11530);
#157=PLANE('',#11535);
#158=PLANE('',#11615);
#159=PLANE('',#11618);
#160=PLANE('',#11621);
#161=PLANE('',#11624);
#162=PLANE('',#11627);
#163=PLANE('',#11630);
#164=PLANE('',#11633);
#165=PLANE('',#11636);
#166=PLANE('',#11639);
#167=PLANE('',#11642);
#168=PLANE('',#11645);
#169=PLANE('',#11648);
#170=PLANE('',#11651);
#171=PLANE('',#11654);
#172=PLANE('',#11657);
#173=PLANE('',#11661);
#174=PLANE('',#11664);
#175=PLANE('',#11668);
#176=PLANE('',#11669);
#177=PLANE('',#11671);
#178=PLANE('',#11675);
#179=PLANE('',#11679);
#180=PLANE('',#11683);
#181=PLANE('',#11686);
#182=PLANE('',#11689);
#183=PLANE('',#11692);
#184=PLANE('',#11693);
#185=PLANE('',#11697);
#186=PLANE('',#11701);
#187=PLANE('',#11705);
#188=PLANE('',#11709);
#189=PLANE('',#11710);
#190=PLANE('',#11713);
#191=PLANE('',#11714);
#192=PLANE('',#11717);
#193=PLANE('',#11720);
#194=PLANE('',#11721);
#195=PLANE('',#11724);
#196=PLANE('',#11731);
#197=PLANE('',#11732);
#198=PLANE('',#11733);
#199=PLANE('',#11748);
#200=PLANE('',#11751);
#201=PLANE('',#11754);
#202=PLANE('',#11757);
#203=PLANE('',#11946);
#204=PLANE('',#11948);
#205=PLANE('',#11953);
#206=PLANE('',#11956);
#207=PLANE('',#11959);
#208=PLANE('',#11962);
#209=PLANE('',#11963);
#210=PLANE('',#11972);
#211=PLANE('',#11975);
#212=PLANE('',#11978);
#213=PLANE('',#11983);
#214=PLANE('',#11988);
#215=PLANE('',#11993);
#216=PLANE('',#11998);
#217=PLANE('',#12005);
#218=PLANE('',#12006);
#219=PLANE('',#12009);
#220=PLANE('',#12010);
#221=PLANE('',#12011);
#222=PLANE('',#12016);
#223=PLANE('',#12018);
#224=PLANE('',#12020);
#225=PLANE('',#12022);
#226=PLANE('',#12024);
#227=PLANE('',#12026);
#228=PLANE('',#12028);
#229=PLANE('',#12034);
#230=PLANE('',#12037);
#231=PLANE('',#12046);
#232=PLANE('',#12049);
#233=PLANE('',#12056);
#234=PLANE('',#12059);
#235=PLANE('',#12060);
#236=PLANE('',#12063);
#237=PLANE('',#12066);
#238=PLANE('',#12069);
#239=PLANE('',#12072);
#240=PLANE('',#12075);
#241=PLANE('',#12078);
#242=PLANE('',#12081);
#243=PLANE('',#12084);
#244=PLANE('',#12087);
#245=PLANE('',#12090);
#246=PLANE('',#12093);
#247=PLANE('',#12096);
#248=PLANE('',#12098);
#249=PLANE('',#12099);
#250=PLANE('',#12102);
#251=PLANE('',#12105);
#252=PLANE('',#12108);
#253=PLANE('',#12111);
#254=PLANE('',#12114);
#255=PLANE('',#12117);
#256=PLANE('',#12118);
#257=PLANE('',#12129);
#258=PLANE('',#12134);
#259=PLANE('',#12137);
#260=PLANE('',#12140);
#261=PLANE('',#12143);
#262=PLANE('',#12146);
#263=PLANE('',#12147);
#264=PLANE('',#12150);
#265=PLANE('',#12153);
#266=PLANE('',#12156);
#267=PLANE('',#12159);
#268=PLANE('',#12160);
#269=PLANE('',#12171);
#270=PLANE('',#12174);
#271=PLANE('',#12177);
#272=PLANE('',#12180);
#273=PLANE('',#12183);
#274=PLANE('',#12186);
#275=PLANE('',#12189);
#276=PLANE('',#12192);
#277=PLANE('',#12193);
#278=PLANE('',#12196);
#279=PLANE('',#12199);
#280=PLANE('',#12200);
#281=PLANE('',#12201);
#282=PLANE('',#12204);
#283=PLANE('',#12207);
#284=PLANE('',#12208);
#285=PLANE('',#12211);
#286=PLANE('',#12214);
#287=PLANE('',#12215);
#288=PLANE('',#12218);
#289=PLANE('',#12221);
#290=PLANE('',#12224);
#291=PLANE('',#12227);
#292=PLANE('',#12232);
#293=PLANE('',#12235);
#294=PLANE('',#12238);
#295=PLANE('',#12239);
#296=PLANE('',#12241);
#297=PLANE('',#12243);
#298=PLANE('',#12245);
#299=PLANE('',#12246);
#300=PLANE('',#12248);
#301=PLANE('',#12249);
#302=PLANE('',#12253);
#303=PLANE('',#12254);
#304=PLANE('',#12255);
#305=PLANE('',#12256);
#306=PLANE('',#12260);
#307=PLANE('',#12270);
#308=PLANE('',#12280);
#309=PLANE('',#12290);
#310=PLANE('',#12300);
#311=PLANE('',#12312);
#312=PLANE('',#12313);
#313=PLANE('',#12316);
#314=PLANE('',#12331);
#315=PLANE('',#12338);
#316=PLANE('',#12343);
#317=PLANE('',#12346);
#318=PLANE('',#12352);
#319=PLANE('',#12360);
#320=PLANE('',#12363);
#321=PLANE('',#12366);
#322=PLANE('',#12367);
#323=PLANE('',#12370);
#324=PLANE('',#12373);
#325=PLANE('',#12380);
#326=PLANE('',#12383);
#327=PLANE('',#12386);
#328=PLANE('',#12389);
#329=PLANE('',#12392);
#330=PLANE('',#12395);
#331=PLANE('',#12398);
#332=PLANE('',#12401);
#333=PLANE('',#12404);
#334=PLANE('',#12407);
#335=PLANE('',#12410);
#336=PLANE('',#12413);
#337=PLANE('',#12416);
#338=PLANE('',#12419);
#339=PLANE('',#12422);
#340=PLANE('',#12425);
#341=PLANE('',#12428);
#342=PLANE('',#12431);
#343=PLANE('',#12434);
#344=PLANE('',#12439);
#345=PLANE('',#12442);
#346=PLANE('',#12445);
#347=PLANE('',#12448);
#348=PLANE('',#12451);
#349=PLANE('',#12454);
#350=PLANE('',#12455);
#351=PLANE('',#12460);
#352=PLANE('',#12463);
#353=PLANE('',#12466);
#354=PLANE('',#12467);
#355=PLANE('',#12474);
#356=PLANE('',#12479);
#357=PLANE('',#12484);
#358=PLANE('',#12489);
#359=PLANE('',#12492);
#360=PLANE('',#12495);
#361=PLANE('',#12498);
#362=PLANE('',#12503);
#363=PLANE('',#12526);
#364=PLANE('',#12528);
#365=PLANE('',#12530);
#366=PLANE('',#12531);
#367=PLANE('',#12533);
#368=PLANE('',#12535);
#369=PLANE('',#12537);
#370=PLANE('',#12539);
#371=PLANE('',#12541);
#372=PLANE('',#12543);
#373=PLANE('',#12545);
#374=PLANE('',#12547);
#375=PLANE('',#12549);
#376=PLANE('',#12551);
#377=PLANE('',#12553);
#378=PLANE('',#12557);
#379=PLANE('',#12560);
#380=PLANE('',#12567);
#381=PLANE('',#12572);
#382=(
BOUNDED_SURFACE()
B_SPLINE_SURFACE(2,2,((#16187,#16188,#16189),(#16190,#16191,#16192),(#16193,
#16194,#16195)),.UNSPECIFIED.,.F.,.F.,.F.)
B_SPLINE_SURFACE_WITH_KNOTS((3,3),(3,3),(-2.85930575427038,-1.57079632679489),
(-1.15555755839353,-0.385185852797746),.UNSPECIFIED.)
GEOMETRIC_REPRESENTATION_ITEM()
RATIONAL_B_SPLINE_SURFACE(((1.,0.926728617950855,1.),(0.799547609907966,
0.740963651515918,0.799547609907966),(1.,0.926728617950855,1.)))
REPRESENTATION_ITEM('')
SURFACE()
);
#383=(
BOUNDED_SURFACE()
B_SPLINE_SURFACE(2,2,((#16338,#16339,#16340),(#16341,#16342,#16343),(#16344,
#16345,#16346)),.UNSPECIFIED.,.F.,.F.,.F.)
B_SPLINE_SURFACE_WITH_KNOTS((3,3),(3,3),(-1.5707963267949,1.77635683936487E-14),
(-1.5707963267949,4.16333086541003E-15),.UNSPECIFIED.)
GEOMETRIC_REPRESENTATION_ITEM()
RATIONAL_B_SPLINE_SURFACE(((1.,0.707106781186546,1.),(0.707106781186547,
0.499999999999999,0.707106781186547),(1.,0.707106781186546,1.)))
REPRESENTATION_ITEM('')
SURFACE()
);
#384=(
BOUNDED_SURFACE()
B_SPLINE_SURFACE(2,2,((#16382,#16383,#16384),(#16385,#16386,#16387),(#16388,
#16389,#16390)),.UNSPECIFIED.,.F.,.F.,.F.)
B_SPLINE_SURFACE_WITH_KNOTS((3,3),(3,3),(-1.5707963267949,7.69003865097755E-15),
(-3.14159265358979,-1.5707963267949),.UNSPECIFIED.)
GEOMETRIC_REPRESENTATION_ITEM()
RATIONAL_B_SPLINE_SURFACE(((1.,0.707106781186548,1.),(0.70710678118653,
0.499999999999988,0.70710678118653),(1.,0.707106781186548,1.)))
REPRESENTATION_ITEM('')
SURFACE()
);
#385=(
BOUNDED_SURFACE()
B_SPLINE_SURFACE(2,2,((#16515,#16516,#16517),(#16518,#16519,#16520),(#16521,
#16522,#16523)),.UNSPECIFIED.,.F.,.F.,.F.)
B_SPLINE_SURFACE_WITH_KNOTS((3,3),(3,3),(-1.5707963267949,0.),(0.,1.5707963267949),
 .UNSPECIFIED.)
GEOMETRIC_REPRESENTATION_ITEM()
RATIONAL_B_SPLINE_SURFACE(((1.,0.707106781186548,1.),(0.70710678118654,
0.499999999999995,0.70710678118654),(1.,0.707106781186548,1.)))
REPRESENTATION_ITEM('')
SURFACE()
);
#386=SPHERICAL_SURFACE('',#11330,0.5);
#387=SPHERICAL_SURFACE('',#11396,0.5);
#388=SPHERICAL_SURFACE('',#11398,0.5);
#389=SPHERICAL_SURFACE('',#11437,0.5);
#390=TOROIDAL_SURFACE('',#11324,2.,0.5);
#391=TOROIDAL_SURFACE('',#11362,2.,0.5);
#392=TOROIDAL_SURFACE('',#11373,2.,0.5);
#393=TOROIDAL_SURFACE('',#11379,2.,0.5);
#394=TOROIDAL_SURFACE('',#11390,2.,0.5);
#395=TOROIDAL_SURFACE('',#11417,2.,0.5);
#396=TOROIDAL_SURFACE('',#11420,2.,0.5);
#397=TOROIDAL_SURFACE('',#11426,2.,0.5);
#398=TOROIDAL_SURFACE('',#11448,2.1,1.);
#399=TOROIDAL_SURFACE('',#11452,2.09999999999999,1.);
#400=TOROIDAL_SURFACE('',#11454,2.1,1.);
#401=TOROIDAL_SURFACE('',#11459,2.1,1.);
#402=TOROIDAL_SURFACE('',#11464,2.09999999999998,1.);
#403=TOROIDAL_SURFACE('',#11471,2.1,1.);
#404=TOROIDAL_SURFACE('',#11476,2.10000000000004,1.);
#405=TOROIDAL_SURFACE('',#11483,2.10000000000015,1.);
#406=TOROIDAL_SURFACE('',#11487,2.10000000000001,1.);
#407=TOROIDAL_SURFACE('',#11492,2.1,1.);
#408=TOROIDAL_SURFACE('',#11531,2.1,1.);
#409=TOROIDAL_SURFACE('',#11536,1.1,0.5);
#410=TOROIDAL_SURFACE('',#11560,1.1,0.5);
#411=TOROIDAL_SURFACE('',#11566,1.09999999999999,0.5);
#412=TOROIDAL_SURFACE('',#11572,1.1,0.5);
#413=TOROIDAL_SURFACE('',#11577,1.1,0.5);
#414=TOROIDAL_SURFACE('',#11583,1.09999999999999,0.5);
#415=TOROIDAL_SURFACE('',#11589,1.10000000000004,0.5);
#416=TOROIDAL_SURFACE('',#11594,1.1,0.5);
#417=TOROIDAL_SURFACE('',#11600,1.10000000000014,0.5);
#418=TOROIDAL_SURFACE('',#11606,1.09999999999999,0.5);
#419=TOROIDAL_SURFACE('',#11611,1.10000000000001,0.5);
#420=B_SPLINE_CURVE_WITH_KNOTS('',3,(#16126,#16127,#16128,#16129,#16130),
 .UNSPECIFIED.,.F.,.F.,(4,1,4),(0.0188678946429921,0.0543210876006065,0.101592011544092),
 .UNSPECIFIED.);
#421=B_SPLINE_CURVE_WITH_KNOTS('',3,(#16131,#16132,#16133,#16134,#16135),
 .UNSPECIFIED.,.F.,.F.,(4,1,4),(-0.101592011544092,-0.0543210876006065,
-0.0188678946429921),.UNSPECIFIED.);
#422=B_SPLINE_CURVE_WITH_KNOTS('',3,(#16143,#16144,#16145,#16146),
 .UNSPECIFIED.,.F.,.F.,(4,4),(0.31294596567335,0.449504966235367),
 .UNSPECIFIED.);
#423=B_SPLINE_CURVE_WITH_KNOTS('',3,(#16181,#16182,#16183,#16184,#16185,
#16186),.UNSPECIFIED.,.F.,.F.,(4,2,4),(-0.00148426024421292,0.,0.0184107840054192),
 .UNSPECIFIED.);
#424=B_SPLINE_CURVE_WITH_KNOTS('',3,(#16323,#16324,#16325,#16326),
 .UNSPECIFIED.,.F.,.F.,(4,4),(0.,0.136559000562017),.UNSPECIFIED.);
#425=B_SPLINE_CURVE_WITH_KNOTS('',3,(#16405,#16406,#16407,#16408),
 .UNSPECIFIED.,.F.,.F.,(4,4),(0.31294596567335,0.449504966235366),
 .UNSPECIFIED.);
#426=B_SPLINE_CURVE_WITH_KNOTS('',3,(#16479,#16480,#16481,#16482),
 .UNSPECIFIED.,.F.,.F.,(4,4),(0.,0.136559000562017),.UNSPECIFIED.);
#427=B_SPLINE_CURVE_WITH_KNOTS('',3,(#16488,#16489,#16490,#16491),
 .UNSPECIFIED.,.F.,.F.,(4,4),(0.31294596567335,0.449504966235366),
 .UNSPECIFIED.);
#428=B_SPLINE_CURVE_WITH_KNOTS('',3,(#16562,#16563,#16564,#16565,#16566,
#16567,#16568,#16569,#16570,#16571,#16572,#16573,#16574,#16575),
 .UNSPECIFIED.,.F.,.F.,(4,2,2,2,2,2,4),(-0.000608426681422341,0.,0.0435523635839722,
0.0846240191296257,0.126619116710408,0.160632205653168,0.191605405262259),
 .UNSPECIFIED.);
#429=B_SPLINE_CURVE_WITH_KNOTS('',3,(#16583,#16584,#16585,#16586,#16587,
#16588,#16589,#16590,#16591,#16592,#16593,#16594,#16595,#16596),
 .UNSPECIFIED.,.F.,.F.,(4,2,2,2,2,2,4),(-0.000583237340445128,0.,0.0397024458165428,
0.0775334099181925,0.119476210766574,0.154168472439561,0.186049665411777),
 .UNSPECIFIED.);
#430=B_SPLINE_CURVE_WITH_KNOTS('',3,(#16604,#16605,#16606,#16607,#16608,
#16609,#16610,#16611,#16612,#16613,#16614,#16615,#16616,#16617),
 .UNSPECIFIED.,.F.,.F.,(4,2,2,2,2,2,4),(-0.373264152759382,-0.372679616620069,
-0.33277588636055,-0.294773642062022,-0.252826062839713,-0.218170733880156,
-0.186339808309148),.UNSPECIFIED.);
#431=B_SPLINE_CURVE_WITH_KNOTS('',3,(#17215,#17216,#17217,#17218,#17219,
#17220,#17221,#17222,#17223,#17224,#17225,#17226),.UNSPECIFIED.,.F.,.F.,
(4,2,2,2,2,4),(0.102828863062649,0.114425615145891,0.126022367229133,0.149215871395618,
0.177436798760458,0.198909282735139),.UNSPECIFIED.);
#432=B_SPLINE_CURVE_WITH_KNOTS('',3,(#17229,#17230,#17231,#17232),
 .UNSPECIFIED.,.F.,.F.,(4,4),(-0.0812284464915112,0.),.UNSPECIFIED.);
#433=B_SPLINE_CURVE_WITH_KNOTS('',3,(#17239,#17240,#17241,#17242,#17243,
#17244,#17245,#17246,#17247,#17248,#17249,#17250),.UNSPECIFIED.,.F.,.F.,
(4,2,2,2,2,4),(0.102828863062647,0.114425615145889,0.126022367229131,0.149215871395616,
0.177436798760456,0.198909282735138),.UNSPECIFIED.);
#434=B_SPLINE_CURVE_WITH_KNOTS('',3,(#17430,#17431,#17432,#17433),
 .UNSPECIFIED.,.F.,.F.,(4,4),(-0.0812094825901431,0.),.UNSPECIFIED.);
#435=B_SPLINE_CURVE_WITH_KNOTS('',3,(#17445,#17446,#17447,#17448),
 .UNSPECIFIED.,.F.,.F.,(4,4),(-0.08110922613873,0.),.UNSPECIFIED.);
#436=B_SPLINE_CURVE_WITH_KNOTS('',3,(#17454,#17455,#17456,#17457),
 .UNSPECIFIED.,.F.,.F.,(4,4),(-0.083002840521101,0.),.UNSPECIFIED.);
#437=B_SPLINE_SURFACE_WITH_KNOTS('',3,3,((#16098,#16099,#16100,#16101,#16102),
(#16103,#16104,#16105,#16106,#16107),(#16108,#16109,#16110,#16111,#16112),
(#16113,#16114,#16115,#16116,#16117),(#16118,#16119,#16120,#16121,#16122)),
 .UNSPECIFIED.,.F.,.F.,.F.,(4,1,4),(4,1,4),(0.,0.5,1.),(0.0188678946429921,
0.0543210876006065,0.101592011544092),.UNSPECIFIED.);
#438=B_SPLINE_SURFACE_WITH_KNOTS('',3,3,((#16155,#16156,#16157,#16158,#16159,
#16160),(#16161,#16162,#16163,#16164,#16165,#16166),(#16167,#16168,#16169,
#16170,#16171,#16172),(#16173,#16174,#16175,#16176,#16177,#16178)),
 .UNSPECIFIED.,.F.,.F.,.F.,(4,4),(4,2,4),(0.,1.),(-0.0184107840054192,0.,
0.00148426024421292),.UNSPECIFIED.);
#439=B_SPLINE_SURFACE_WITH_KNOTS('',3,3,((#16791,#16792,#16793,#16794),
(#16795,#16796,#16797,#16798),(#16799,#16800,#16801,#16802),(#16803,#16804,
#16805,#16806)),.UNSPECIFIED.,.F.,.F.,.F.,(4,4),(4,4),(0.,1.),(1.90819582356924E-15,
1.5707963267949),.UNSPECIFIED.);
#440=B_SPLINE_SURFACE_WITH_KNOTS('',3,3,((#16812,#16813,#16814,#16815,#16816),
(#16817,#16818,#16819,#16820,#16821),(#16822,#16823,#16824,#16825,#16826),
(#16827,#16828,#16829,#16830,#16831)),.UNSPECIFIED.,.F.,.F.,.F.,(4,4),(4,
1,4),(0.,1.),(-7.10592469780523E-17,0.897597901025655,1.5707963267949),
 .UNSPECIFIED.);
#441=B_SPLINE_SURFACE_WITH_KNOTS('',3,3,((#16837,#16838,#16839,#16840,#16841),
(#16842,#16843,#16844,#16845,#16846),(#16847,#16848,#16849,#16850,#16851),
(#16852,#16853,#16854,#16855,#16856),(#16857,#16858,#16859,#16860,#16861)),
 .UNSPECIFIED.,.F.,.F.,.F.,(4,1,4),(4,1,4),(0.,0.5,1.),(2.60208521396484E-16,
0.673198425769237,1.57079632679489),.UNSPECIFIED.);
#442=B_SPLINE_SURFACE_WITH_KNOTS('',3,3,((#16867,#16868,#16869,#16870,#16871),
(#16872,#16873,#16874,#16875,#16876),(#16877,#16878,#16879,#16880,#16881),
(#16882,#16883,#16884,#16885,#16886),(#16887,#16888,#16889,#16890,#16891)),
 .UNSPECIFIED.,.F.,.F.,.F.,(4,1,4),(4,1,4),(0.,0.5,1.),(8.67361737988483E-17,
0.673198425769241,1.5707963267949),.UNSPECIFIED.);
#443=B_SPLINE_SURFACE_WITH_KNOTS('',3,3,((#16897,#16898,#16899,#16900,#16901),
(#16902,#16903,#16904,#16905,#16906),(#16907,#16908,#16909,#16910,#16911),
(#16912,#16913,#16914,#16915,#16916),(#16917,#16918,#16919,#16920,#16921)),
 .UNSPECIFIED.,.F.,.F.,.F.,(4,1,4),(4,1,4),(0.,0.5,1.),(4.33680868994226E-16,
0.673198425769242,1.5707963267949),.UNSPECIFIED.);
#444=B_SPLINE_SURFACE_WITH_KNOTS('',3,3,((#16927,#16928,#16929,#16930,#16931),
(#16932,#16933,#16934,#16935,#16936),(#16937,#16938,#16939,#16940,#16941),
(#16942,#16943,#16944,#16945,#16946),(#16947,#16948,#16949,#16950,#16951)),
 .UNSPECIFIED.,.F.,.F.,.F.,(4,1,4),(4,1,4),(0.,0.5,1.),(1.73472347597693E-16,
0.673198425769242,1.5707963267949),.UNSPECIFIED.);
#445=B_SPLINE_SURFACE_WITH_KNOTS('',3,3,((#16957,#16958,#16959,#16960,#16961),
(#16962,#16963,#16964,#16965,#16966),(#16967,#16968,#16969,#16970,#16971),
(#16972,#16973,#16974,#16975,#16976),(#16977,#16978,#16979,#16980,#16981)),
 .UNSPECIFIED.,.F.,.F.,.F.,(4,1,4),(4,1,4),(0.,0.5,1.),(-9.7153139847353E-17,
0.897597901025655,1.5707963267949),.UNSPECIFIED.);
#446=FACE_OUTER_BOUND('',#1068,.T.);
#447=FACE_OUTER_BOUND('',#1069,.T.);
#448=FACE_OUTER_BOUND('',#1070,.T.);
#449=FACE_OUTER_BOUND('',#1071,.T.);
#450=FACE_OUTER_BOUND('',#1072,.T.);
#451=FACE_OUTER_BOUND('',#1073,.T.);
#452=FACE_OUTER_BOUND('',#1074,.T.);
#453=FACE_OUTER_BOUND('',#1075,.T.);
#454=FACE_OUTER_BOUND('',#1076,.T.);
#455=FACE_OUTER_BOUND('',#1077,.T.);
#456=FACE_OUTER_BOUND('',#1078,.T.);
#457=FACE_OUTER_BOUND('',#1079,.T.);
#458=FACE_OUTER_BOUND('',#1080,.T.);
#459=FACE_OUTER_BOUND('',#1081,.T.);
#460=FACE_OUTER_BOUND('',#1082,.T.);
#461=FACE_OUTER_BOUND('',#1083,.T.);
#462=FACE_OUTER_BOUND('',#1084,.T.);
#463=FACE_OUTER_BOUND('',#1085,.T.);
#464=FACE_OUTER_BOUND('',#1086,.T.);
#465=FACE_OUTER_BOUND('',#1087,.T.);
#466=FACE_OUTER_BOUND('',#1088,.T.);
#467=FACE_OUTER_BOUND('',#1089,.T.);
#468=FACE_OUTER_BOUND('',#1090,.T.);
#469=FACE_OUTER_BOUND('',#1091,.T.);
#470=FACE_OUTER_BOUND('',#1092,.T.);
#471=FACE_OUTER_BOUND('',#1093,.T.);
#472=FACE_OUTER_BOUND('',#1094,.T.);
#473=FACE_OUTER_BOUND('',#1095,.T.);
#474=FACE_OUTER_BOUND('',#1096,.T.);
#475=FACE_OUTER_BOUND('',#1097,.T.);
#476=FACE_OUTER_BOUND('',#1098,.T.);
#477=FACE_OUTER_BOUND('',#1099,.T.);
#478=FACE_OUTER_BOUND('',#1100,.T.);
#479=FACE_OUTER_BOUND('',#1101,.T.);
#480=FACE_OUTER_BOUND('',#1102,.T.);
#481=FACE_OUTER_BOUND('',#1103,.T.);
#482=FACE_OUTER_BOUND('',#1104,.T.);
#483=FACE_OUTER_BOUND('',#1105,.T.);
#484=FACE_OUTER_BOUND('',#1106,.T.);
#485=FACE_OUTER_BOUND('',#1107,.T.);
#486=FACE_OUTER_BOUND('',#1108,.T.);
#487=FACE_OUTER_BOUND('',#1109,.T.);
#488=FACE_OUTER_BOUND('',#1110,.T.);
#489=FACE_OUTER_BOUND('',#1111,.T.);
#490=FACE_OUTER_BOUND('',#1112,.T.);
#491=FACE_OUTER_BOUND('',#1113,.T.);
#492=FACE_OUTER_BOUND('',#1114,.T.);
#493=FACE_OUTER_BOUND('',#1115,.T.);
#494=FACE_OUTER_BOUND('',#1116,.T.);
#495=FACE_OUTER_BOUND('',#1117,.T.);
#496=FACE_OUTER_BOUND('',#1118,.T.);
#497=FACE_OUTER_BOUND('',#1119,.T.);
#498=FACE_OUTER_BOUND('',#1120,.T.);
#499=FACE_OUTER_BOUND('',#1121,.T.);
#500=FACE_OUTER_BOUND('',#1122,.T.);
#501=FACE_OUTER_BOUND('',#1123,.T.);
#502=FACE_OUTER_BOUND('',#1124,.T.);
#503=FACE_OUTER_BOUND('',#1125,.T.);
#504=FACE_OUTER_BOUND('',#1126,.T.);
#505=FACE_OUTER_BOUND('',#1127,.T.);
#506=FACE_OUTER_BOUND('',#1128,.T.);
#507=FACE_OUTER_BOUND('',#1129,.T.);
#508=FACE_OUTER_BOUND('',#1130,.T.);
#509=FACE_OUTER_BOUND('',#1131,.T.);
#510=FACE_OUTER_BOUND('',#1132,.T.);
#511=FACE_OUTER_BOUND('',#1133,.T.);
#512=FACE_OUTER_BOUND('',#1134,.T.);
#513=FACE_OUTER_BOUND('',#1135,.T.);
#514=FACE_OUTER_BOUND('',#1136,.T.);
#515=FACE_OUTER_BOUND('',#1137,.T.);
#516=FACE_OUTER_BOUND('',#1138,.T.);
#517=FACE_OUTER_BOUND('',#1139,.T.);
#518=FACE_OUTER_BOUND('',#1140,.T.);
#519=FACE_OUTER_BOUND('',#1141,.T.);
#520=FACE_OUTER_BOUND('',#1142,.T.);
#521=FACE_OUTER_BOUND('',#1143,.T.);
#522=FACE_OUTER_BOUND('',#1144,.T.);
#523=FACE_OUTER_BOUND('',#1145,.T.);
#524=FACE_OUTER_BOUND('',#1146,.T.);
#525=FACE_OUTER_BOUND('',#1147,.T.);
#526=FACE_OUTER_BOUND('',#1148,.T.);
#527=FACE_OUTER_BOUND('',#1149,.T.);
#528=FACE_OUTER_BOUND('',#1150,.T.);
#529=FACE_OUTER_BOUND('',#1151,.T.);
#530=FACE_OUTER_BOUND('',#1152,.T.);
#531=FACE_OUTER_BOUND('',#1153,.T.);
#532=FACE_OUTER_BOUND('',#1154,.T.);
#533=FACE_OUTER_BOUND('',#1155,.T.);
#534=FACE_OUTER_BOUND('',#1156,.T.);
#535=FACE_OUTER_BOUND('',#1157,.T.);
#536=FACE_OUTER_BOUND('',#1158,.T.);
#537=FACE_OUTER_BOUND('',#1159,.T.);
#538=FACE_OUTER_BOUND('',#1160,.T.);
#539=FACE_OUTER_BOUND('',#1161,.T.);
#540=FACE_OUTER_BOUND('',#1162,.T.);
#541=FACE_OUTER_BOUND('',#1163,.T.);
#542=FACE_OUTER_BOUND('',#1164,.T.);
#543=FACE_OUTER_BOUND('',#1165,.T.);
#544=FACE_OUTER_BOUND('',#1166,.T.);
#545=FACE_OUTER_BOUND('',#1167,.T.);
#546=FACE_OUTER_BOUND('',#1168,.T.);
#547=FACE_OUTER_BOUND('',#1169,.T.);
#548=FACE_OUTER_BOUND('',#1170,.T.);
#549=FACE_OUTER_BOUND('',#1171,.T.);
#550=FACE_OUTER_BOUND('',#1172,.T.);
#551=FACE_OUTER_BOUND('',#1173,.T.);
#552=FACE_OUTER_BOUND('',#1174,.T.);
#553=FACE_OUTER_BOUND('',#1175,.T.);
#554=FACE_OUTER_BOUND('',#1176,.T.);
#555=FACE_OUTER_BOUND('',#1177,.T.);
#556=FACE_OUTER_BOUND('',#1178,.T.);
#557=FACE_OUTER_BOUND('',#1179,.T.);
#558=FACE_OUTER_BOUND('',#1180,.T.);
#559=FACE_OUTER_BOUND('',#1181,.T.);
#560=FACE_OUTER_BOUND('',#1182,.T.);
#561=FACE_OUTER_BOUND('',#1183,.T.);
#562=FACE_OUTER_BOUND('',#1184,.T.);
#563=FACE_OUTER_BOUND('',#1185,.T.);
#564=FACE_OUTER_BOUND('',#1186,.T.);
#565=FACE_OUTER_BOUND('',#1187,.T.);
#566=FACE_OUTER_BOUND('',#1188,.T.);
#567=FACE_OUTER_BOUND('',#1189,.T.);
#568=FACE_OUTER_BOUND('',#1190,.T.);
#569=FACE_OUTER_BOUND('',#1191,.T.);
#570=FACE_OUTER_BOUND('',#1192,.T.);
#571=FACE_OUTER_BOUND('',#1193,.T.);
#572=FACE_OUTER_BOUND('',#1194,.T.);
#573=FACE_OUTER_BOUND('',#1195,.T.);
#574=FACE_OUTER_BOUND('',#1196,.T.);
#575=FACE_OUTER_BOUND('',#1197,.T.);
#576=FACE_OUTER_BOUND('',#1198,.T.);
#577=FACE_OUTER_BOUND('',#1199,.T.);
#578=FACE_OUTER_BOUND('',#1200,.T.);
#579=FACE_OUTER_BOUND('',#1201,.T.);
#580=FACE_OUTER_BOUND('',#1202,.T.);
#581=FACE_OUTER_BOUND('',#1203,.T.);
#582=FACE_OUTER_BOUND('',#1204,.T.);
#583=FACE_OUTER_BOUND('',#1205,.T.);
#584=FACE_OUTER_BOUND('',#1206,.T.);
#585=FACE_OUTER_BOUND('',#1207,.T.);
#586=FACE_OUTER_BOUND('',#1208,.T.);
#587=FACE_OUTER_BOUND('',#1209,.T.);
#588=FACE_OUTER_BOUND('',#1210,.T.);
#589=FACE_OUTER_BOUND('',#1211,.T.);
#590=FACE_OUTER_BOUND('',#1212,.T.);
#591=FACE_OUTER_BOUND('',#1213,.T.);
#592=FACE_OUTER_BOUND('',#1214,.T.);
#593=FACE_OUTER_BOUND('',#1215,.T.);
#594=FACE_OUTER_BOUND('',#1216,.T.);
#595=FACE_OUTER_BOUND('',#1217,.T.);
#596=FACE_OUTER_BOUND('',#1218,.T.);
#597=FACE_OUTER_BOUND('',#1219,.T.);
#598=FACE_OUTER_BOUND('',#1220,.T.);
#599=FACE_OUTER_BOUND('',#1221,.T.);
#600=FACE_OUTER_BOUND('',#1222,.T.);
#601=FACE_OUTER_BOUND('',#1223,.T.);
#602=FACE_OUTER_BOUND('',#1224,.T.);
#603=FACE_OUTER_BOUND('',#1225,.T.);
#604=FACE_OUTER_BOUND('',#1226,.T.);
#605=FACE_OUTER_BOUND('',#1227,.T.);
#606=FACE_OUTER_BOUND('',#1228,.T.);
#607=FACE_OUTER_BOUND('',#1229,.T.);
#608=FACE_OUTER_BOUND('',#1230,.T.);
#609=FACE_OUTER_BOUND('',#1231,.T.);
#610=FACE_OUTER_BOUND('',#1232,.T.);
#611=FACE_OUTER_BOUND('',#1233,.T.);
#612=FACE_OUTER_BOUND('',#1234,.T.);
#613=FACE_OUTER_BOUND('',#1235,.T.);
#614=FACE_OUTER_BOUND('',#1236,.T.);
#615=FACE_OUTER_BOUND('',#1237,.T.);
#616=FACE_OUTER_BOUND('',#1238,.T.);
#617=FACE_OUTER_BOUND('',#1239,.T.);
#618=FACE_OUTER_BOUND('',#1240,.T.);
#619=FACE_OUTER_BOUND('',#1241,.T.);
#620=FACE_OUTER_BOUND('',#1242,.T.);
#621=FACE_OUTER_BOUND('',#1243,.T.);
#622=FACE_OUTER_BOUND('',#1244,.T.);
#623=FACE_OUTER_BOUND('',#1245,.T.);
#624=FACE_OUTER_BOUND('',#1246,.T.);
#625=FACE_OUTER_BOUND('',#1247,.T.);
#626=FACE_OUTER_BOUND('',#1248,.T.);
#627=FACE_OUTER_BOUND('',#1249,.T.);
#628=FACE_OUTER_BOUND('',#1250,.T.);
#629=FACE_OUTER_BOUND('',#1251,.T.);
#630=FACE_OUTER_BOUND('',#1252,.T.);
#631=FACE_OUTER_BOUND('',#1253,.T.);
#632=FACE_OUTER_BOUND('',#1254,.T.);
#633=FACE_OUTER_BOUND('',#1255,.T.);
#634=FACE_OUTER_BOUND('',#1256,.T.);
#635=FACE_OUTER_BOUND('',#1257,.T.);
#636=FACE_OUTER_BOUND('',#1258,.T.);
#637=FACE_OUTER_BOUND('',#1259,.T.);
#638=FACE_OUTER_BOUND('',#1260,.T.);
#639=FACE_OUTER_BOUND('',#1261,.T.);
#640=FACE_OUTER_BOUND('',#1262,.T.);
#641=FACE_OUTER_BOUND('',#1263,.T.);
#642=FACE_OUTER_BOUND('',#1264,.T.);
#643=FACE_OUTER_BOUND('',#1265,.T.);
#644=FACE_OUTER_BOUND('',#1266,.T.);
#645=FACE_OUTER_BOUND('',#1267,.T.);
#646=FACE_OUTER_BOUND('',#1268,.T.);
#647=FACE_OUTER_BOUND('',#1269,.T.);
#648=FACE_OUTER_BOUND('',#1270,.T.);
#649=FACE_OUTER_BOUND('',#1271,.T.);
#650=FACE_OUTER_BOUND('',#1272,.T.);
#651=FACE_OUTER_BOUND('',#1273,.T.);
#652=FACE_OUTER_BOUND('',#1274,.T.);
#653=FACE_OUTER_BOUND('',#1275,.T.);
#654=FACE_OUTER_BOUND('',#1276,.T.);
#655=FACE_OUTER_BOUND('',#1277,.T.);
#656=FACE_OUTER_BOUND('',#1278,.T.);
#657=FACE_OUTER_BOUND('',#1279,.T.);
#658=FACE_OUTER_BOUND('',#1280,.T.);
#659=FACE_OUTER_BOUND('',#1281,.T.);
#660=FACE_OUTER_BOUND('',#1282,.T.);
#661=FACE_OUTER_BOUND('',#1283,.T.);
#662=FACE_OUTER_BOUND('',#1284,.T.);
#663=FACE_OUTER_BOUND('',#1285,.T.);
#664=FACE_OUTER_BOUND('',#1286,.T.);
#665=FACE_OUTER_BOUND('',#1319,.T.);
#666=FACE_OUTER_BOUND('',#1320,.T.);
#667=FACE_OUTER_BOUND('',#1321,.T.);
#668=FACE_OUTER_BOUND('',#1322,.T.);
#669=FACE_OUTER_BOUND('',#1323,.T.);
#670=FACE_OUTER_BOUND('',#1324,.T.);
#671=FACE_OUTER_BOUND('',#1325,.T.);
#672=FACE_OUTER_BOUND('',#1326,.T.);
#673=FACE_OUTER_BOUND('',#1327,.T.);
#674=FACE_OUTER_BOUND('',#1328,.T.);
#675=FACE_OUTER_BOUND('',#1329,.T.);
#676=FACE_OUTER_BOUND('',#1330,.T.);
#677=FACE_OUTER_BOUND('',#1331,.T.);
#678=FACE_OUTER_BOUND('',#1332,.T.);
#679=FACE_OUTER_BOUND('',#1333,.T.);
#680=FACE_OUTER_BOUND('',#1334,.T.);
#681=FACE_OUTER_BOUND('',#1335,.T.);
#682=FACE_OUTER_BOUND('',#1336,.T.);
#683=FACE_OUTER_BOUND('',#1337,.T.);
#684=FACE_OUTER_BOUND('',#1338,.T.);
#685=FACE_OUTER_BOUND('',#1339,.T.);
#686=FACE_OUTER_BOUND('',#1340,.T.);
#687=FACE_OUTER_BOUND('',#1341,.T.);
#688=FACE_OUTER_BOUND('',#1342,.T.);
#689=FACE_OUTER_BOUND('',#1343,.T.);
#690=FACE_OUTER_BOUND('',#1344,.T.);
#691=FACE_OUTER_BOUND('',#1345,.T.);
#692=FACE_OUTER_BOUND('',#1346,.T.);
#693=FACE_OUTER_BOUND('',#1347,.T.);
#694=FACE_OUTER_BOUND('',#1348,.T.);
#695=FACE_OUTER_BOUND('',#1349,.T.);
#696=FACE_OUTER_BOUND('',#1350,.T.);
#697=FACE_OUTER_BOUND('',#1351,.T.);
#698=FACE_OUTER_BOUND('',#1352,.T.);
#699=FACE_OUTER_BOUND('',#1353,.T.);
#700=FACE_OUTER_BOUND('',#1354,.T.);
#701=FACE_OUTER_BOUND('',#1355,.T.);
#702=FACE_OUTER_BOUND('',#1356,.T.);
#703=FACE_OUTER_BOUND('',#1357,.T.);
#704=FACE_OUTER_BOUND('',#1358,.T.);
#705=FACE_OUTER_BOUND('',#1359,.T.);
#706=FACE_OUTER_BOUND('',#1360,.T.);
#707=FACE_OUTER_BOUND('',#1361,.T.);
#708=FACE_OUTER_BOUND('',#1362,.T.);
#709=FACE_OUTER_BOUND('',#1363,.T.);
#710=FACE_OUTER_BOUND('',#1364,.T.);
#711=FACE_OUTER_BOUND('',#1365,.T.);
#712=FACE_OUTER_BOUND('',#1366,.T.);
#713=FACE_OUTER_BOUND('',#1367,.T.);
#714=FACE_OUTER_BOUND('',#1368,.T.);
#715=FACE_OUTER_BOUND('',#1369,.T.);
#716=FACE_OUTER_BOUND('',#1370,.T.);
#717=FACE_OUTER_BOUND('',#1371,.T.);
#718=FACE_OUTER_BOUND('',#1372,.T.);
#719=FACE_OUTER_BOUND('',#1373,.T.);
#720=FACE_OUTER_BOUND('',#1374,.T.);
#721=FACE_OUTER_BOUND('',#1375,.T.);
#722=FACE_OUTER_BOUND('',#1376,.T.);
#723=FACE_OUTER_BOUND('',#1377,.T.);
#724=FACE_OUTER_BOUND('',#1378,.T.);
#725=FACE_OUTER_BOUND('',#1379,.T.);
#726=FACE_OUTER_BOUND('',#1380,.T.);
#727=FACE_OUTER_BOUND('',#1381,.T.);
#728=FACE_OUTER_BOUND('',#1382,.T.);
#729=FACE_OUTER_BOUND('',#1383,.T.);
#730=FACE_OUTER_BOUND('',#1384,.T.);
#731=FACE_OUTER_BOUND('',#1385,.T.);
#732=FACE_OUTER_BOUND('',#1386,.T.);
#733=FACE_OUTER_BOUND('',#1387,.T.);
#734=FACE_OUTER_BOUND('',#1388,.T.);
#735=FACE_OUTER_BOUND('',#1389,.T.);
#736=FACE_OUTER_BOUND('',#1390,.T.);
#737=FACE_OUTER_BOUND('',#1391,.T.);
#738=FACE_OUTER_BOUND('',#1392,.T.);
#739=FACE_OUTER_BOUND('',#1393,.T.);
#740=FACE_OUTER_BOUND('',#1394,.T.);
#741=FACE_OUTER_BOUND('',#1395,.T.);
#742=FACE_OUTER_BOUND('',#1396,.T.);
#743=FACE_OUTER_BOUND('',#1397,.T.);
#744=FACE_OUTER_BOUND('',#1398,.T.);
#745=FACE_OUTER_BOUND('',#1399,.T.);
#746=FACE_OUTER_BOUND('',#1400,.T.);
#747=FACE_OUTER_BOUND('',#1401,.T.);
#748=FACE_OUTER_BOUND('',#1402,.T.);
#749=FACE_OUTER_BOUND('',#1403,.T.);
#750=FACE_OUTER_BOUND('',#1404,.T.);
#751=FACE_OUTER_BOUND('',#1405,.T.);
#752=FACE_OUTER_BOUND('',#1406,.T.);
#753=FACE_OUTER_BOUND('',#1407,.T.);
#754=FACE_OUTER_BOUND('',#1408,.T.);
#755=FACE_OUTER_BOUND('',#1409,.T.);
#756=FACE_OUTER_BOUND('',#1410,.T.);
#757=FACE_OUTER_BOUND('',#1411,.T.);
#758=FACE_OUTER_BOUND('',#1412,.T.);
#759=FACE_OUTER_BOUND('',#1413,.T.);
#760=FACE_OUTER_BOUND('',#1414,.T.);
#761=FACE_OUTER_BOUND('',#1415,.T.);
#762=FACE_OUTER_BOUND('',#1416,.T.);
#763=FACE_OUTER_BOUND('',#1417,.T.);
#764=FACE_OUTER_BOUND('',#1418,.T.);
#765=FACE_OUTER_BOUND('',#1419,.T.);
#766=FACE_OUTER_BOUND('',#1420,.T.);
#767=FACE_OUTER_BOUND('',#1421,.T.);
#768=FACE_OUTER_BOUND('',#1422,.T.);
#769=FACE_OUTER_BOUND('',#1423,.T.);
#770=FACE_OUTER_BOUND('',#1424,.T.);
#771=FACE_OUTER_BOUND('',#1425,.T.);
#772=FACE_OUTER_BOUND('',#1426,.T.);
#773=FACE_OUTER_BOUND('',#1427,.T.);
#774=FACE_OUTER_BOUND('',#1428,.T.);
#775=FACE_OUTER_BOUND('',#1429,.T.);
#776=FACE_OUTER_BOUND('',#1430,.T.);
#777=FACE_OUTER_BOUND('',#1431,.T.);
#778=FACE_OUTER_BOUND('',#1432,.T.);
#779=FACE_OUTER_BOUND('',#1433,.T.);
#780=FACE_OUTER_BOUND('',#1434,.T.);
#781=FACE_OUTER_BOUND('',#1435,.T.);
#782=FACE_OUTER_BOUND('',#1436,.T.);
#783=FACE_OUTER_BOUND('',#1437,.T.);
#784=FACE_OUTER_BOUND('',#1438,.T.);
#785=FACE_OUTER_BOUND('',#1439,.T.);
#786=FACE_OUTER_BOUND('',#1440,.T.);
#787=FACE_OUTER_BOUND('',#1441,.T.);
#788=FACE_OUTER_BOUND('',#1442,.T.);
#789=FACE_OUTER_BOUND('',#1443,.T.);
#790=FACE_OUTER_BOUND('',#1444,.T.);
#791=FACE_OUTER_BOUND('',#1445,.T.);
#792=FACE_OUTER_BOUND('',#1446,.T.);
#793=FACE_OUTER_BOUND('',#1447,.T.);
#794=FACE_OUTER_BOUND('',#1448,.T.);
#795=FACE_OUTER_BOUND('',#1449,.T.);
#796=FACE_OUTER_BOUND('',#1450,.T.);
#797=FACE_OUTER_BOUND('',#1451,.T.);
#798=FACE_OUTER_BOUND('',#1452,.T.);
#799=FACE_OUTER_BOUND('',#1453,.T.);
#800=FACE_OUTER_BOUND('',#1454,.T.);
#801=FACE_OUTER_BOUND('',#1455,.T.);
#802=FACE_OUTER_BOUND('',#1456,.T.);
#803=FACE_OUTER_BOUND('',#1457,.T.);
#804=FACE_OUTER_BOUND('',#1458,.T.);
#805=FACE_OUTER_BOUND('',#1459,.T.);
#806=FACE_OUTER_BOUND('',#1460,.T.);
#807=FACE_OUTER_BOUND('',#1461,.T.);
#808=FACE_OUTER_BOUND('',#1462,.T.);
#809=FACE_OUTER_BOUND('',#1463,.T.);
#810=FACE_OUTER_BOUND('',#1464,.T.);
#811=FACE_OUTER_BOUND('',#1465,.T.);
#812=FACE_OUTER_BOUND('',#1466,.T.);
#813=FACE_OUTER_BOUND('',#1467,.T.);
#814=FACE_OUTER_BOUND('',#1468,.T.);
#815=FACE_OUTER_BOUND('',#1469,.T.);
#816=FACE_OUTER_BOUND('',#1470,.T.);
#817=FACE_OUTER_BOUND('',#1471,.T.);
#818=FACE_OUTER_BOUND('',#1472,.T.);
#819=FACE_OUTER_BOUND('',#1473,.T.);
#820=FACE_OUTER_BOUND('',#1474,.T.);
#821=FACE_OUTER_BOUND('',#1475,.T.);
#822=FACE_OUTER_BOUND('',#1476,.T.);
#823=FACE_OUTER_BOUND('',#1477,.T.);
#824=FACE_OUTER_BOUND('',#1478,.T.);
#825=FACE_OUTER_BOUND('',#1479,.T.);
#826=FACE_OUTER_BOUND('',#1480,.T.);
#827=FACE_OUTER_BOUND('',#1481,.T.);
#828=FACE_OUTER_BOUND('',#1482,.T.);
#829=FACE_OUTER_BOUND('',#1483,.T.);
#830=FACE_OUTER_BOUND('',#1484,.T.);
#831=FACE_OUTER_BOUND('',#1485,.T.);
#832=FACE_OUTER_BOUND('',#1486,.T.);
#833=FACE_OUTER_BOUND('',#1487,.T.);
#834=FACE_OUTER_BOUND('',#1488,.T.);
#835=FACE_OUTER_BOUND('',#1489,.T.);
#836=FACE_OUTER_BOUND('',#1490,.T.);
#837=FACE_OUTER_BOUND('',#1491,.T.);
#838=FACE_OUTER_BOUND('',#1492,.T.);
#839=FACE_OUTER_BOUND('',#1493,.T.);
#840=FACE_OUTER_BOUND('',#1494,.T.);
#841=FACE_OUTER_BOUND('',#1495,.T.);
#842=FACE_OUTER_BOUND('',#1496,.T.);
#843=FACE_OUTER_BOUND('',#1497,.T.);
#844=FACE_OUTER_BOUND('',#1498,.T.);
#845=FACE_OUTER_BOUND('',#1499,.T.);
#846=FACE_OUTER_BOUND('',#1500,.T.);
#847=FACE_OUTER_BOUND('',#1501,.T.);
#848=FACE_OUTER_BOUND('',#1502,.T.);
#849=FACE_OUTER_BOUND('',#1503,.T.);
#850=FACE_OUTER_BOUND('',#1504,.T.);
#851=FACE_OUTER_BOUND('',#1505,.T.);
#852=FACE_OUTER_BOUND('',#1506,.T.);
#853=FACE_OUTER_BOUND('',#1507,.T.);
#854=FACE_OUTER_BOUND('',#1508,.T.);
#855=FACE_OUTER_BOUND('',#1509,.T.);
#856=FACE_OUTER_BOUND('',#1510,.T.);
#857=FACE_OUTER_BOUND('',#1511,.T.);
#858=FACE_OUTER_BOUND('',#1512,.T.);
#859=FACE_OUTER_BOUND('',#1513,.T.);
#860=FACE_OUTER_BOUND('',#1514,.T.);
#861=FACE_OUTER_BOUND('',#1515,.T.);
#862=FACE_OUTER_BOUND('',#1516,.T.);
#863=FACE_OUTER_BOUND('',#1517,.T.);
#864=FACE_OUTER_BOUND('',#1518,.T.);
#865=FACE_OUTER_BOUND('',#1519,.T.);
#866=FACE_OUTER_BOUND('',#1520,.T.);
#867=FACE_OUTER_BOUND('',#1521,.T.);
#868=FACE_OUTER_BOUND('',#1522,.T.);
#869=FACE_OUTER_BOUND('',#1523,.T.);
#870=FACE_OUTER_BOUND('',#1524,.T.);
#871=FACE_OUTER_BOUND('',#1525,.T.);
#872=FACE_OUTER_BOUND('',#1526,.T.);
#873=FACE_OUTER_BOUND('',#1528,.T.);
#874=FACE_OUTER_BOUND('',#1529,.T.);
#875=FACE_OUTER_BOUND('',#1530,.T.);
#876=FACE_OUTER_BOUND('',#1531,.T.);
#877=FACE_OUTER_BOUND('',#1532,.T.);
#878=FACE_OUTER_BOUND('',#1534,.T.);
#879=FACE_OUTER_BOUND('',#1535,.T.);
#880=FACE_OUTER_BOUND('',#1536,.T.);
#881=FACE_OUTER_BOUND('',#1537,.T.);
#882=FACE_OUTER_BOUND('',#1538,.T.);
#883=FACE_OUTER_BOUND('',#1540,.T.);
#884=FACE_OUTER_BOUND('',#1541,.T.);
#885=FACE_OUTER_BOUND('',#1542,.T.);
#886=FACE_OUTER_BOUND('',#1543,.T.);
#887=FACE_OUTER_BOUND('',#1544,.T.);
#888=FACE_OUTER_BOUND('',#1546,.T.);
#889=FACE_OUTER_BOUND('',#1547,.T.);
#890=FACE_OUTER_BOUND('',#1548,.T.);
#891=FACE_OUTER_BOUND('',#1549,.T.);
#892=FACE_OUTER_BOUND('',#1550,.T.);
#893=FACE_OUTER_BOUND('',#1552,.T.);
#894=FACE_OUTER_BOUND('',#1553,.T.);
#895=FACE_OUTER_BOUND('',#1554,.T.);
#896=FACE_OUTER_BOUND('',#1555,.T.);
#897=FACE_OUTER_BOUND('',#1556,.T.);
#898=FACE_OUTER_BOUND('',#1557,.T.);
#899=FACE_OUTER_BOUND('',#1558,.T.);
#900=FACE_OUTER_BOUND('',#1559,.T.);
#901=FACE_OUTER_BOUND('',#1560,.T.);
#902=FACE_OUTER_BOUND('',#1561,.T.);
#903=FACE_OUTER_BOUND('',#1562,.T.);
#904=FACE_OUTER_BOUND('',#1563,.T.);
#905=FACE_OUTER_BOUND('',#1564,.T.);
#906=FACE_OUTER_BOUND('',#1565,.T.);
#907=FACE_OUTER_BOUND('',#1566,.T.);
#908=FACE_OUTER_BOUND('',#1567,.T.);
#909=FACE_OUTER_BOUND('',#1568,.T.);
#910=FACE_OUTER_BOUND('',#1569,.T.);
#911=FACE_OUTER_BOUND('',#1570,.T.);
#912=FACE_OUTER_BOUND('',#1571,.T.);
#913=FACE_OUTER_BOUND('',#1572,.T.);
#914=FACE_OUTER_BOUND('',#1573,.T.);
#915=FACE_OUTER_BOUND('',#1574,.T.);
#916=FACE_OUTER_BOUND('',#1575,.T.);
#917=FACE_OUTER_BOUND('',#1576,.T.);
#918=FACE_OUTER_BOUND('',#1577,.T.);
#919=FACE_OUTER_BOUND('',#1578,.T.);
#920=FACE_OUTER_BOUND('',#1579,.T.);
#921=FACE_OUTER_BOUND('',#1580,.T.);
#922=FACE_OUTER_BOUND('',#1581,.T.);
#923=FACE_OUTER_BOUND('',#1582,.T.);
#924=FACE_OUTER_BOUND('',#1583,.T.);
#925=FACE_OUTER_BOUND('',#1584,.T.);
#926=FACE_OUTER_BOUND('',#1585,.T.);
#927=FACE_OUTER_BOUND('',#1586,.T.);
#928=FACE_OUTER_BOUND('',#1587,.T.);
#929=FACE_OUTER_BOUND('',#1588,.T.);
#930=FACE_OUTER_BOUND('',#1589,.T.);
#931=FACE_OUTER_BOUND('',#1590,.T.);
#932=FACE_OUTER_BOUND('',#1591,.T.);
#933=FACE_OUTER_BOUND('',#1592,.T.);
#934=FACE_OUTER_BOUND('',#1593,.T.);
#935=FACE_OUTER_BOUND('',#1594,.T.);
#936=FACE_OUTER_BOUND('',#1595,.T.);
#937=FACE_OUTER_BOUND('',#1596,.T.);
#938=FACE_OUTER_BOUND('',#1597,.T.);
#939=FACE_OUTER_BOUND('',#1598,.T.);
#940=FACE_OUTER_BOUND('',#1599,.T.);
#941=FACE_OUTER_BOUND('',#1600,.T.);
#942=FACE_OUTER_BOUND('',#1601,.T.);
#943=FACE_OUTER_BOUND('',#1602,.T.);
#944=FACE_OUTER_BOUND('',#1603,.T.);
#945=FACE_OUTER_BOUND('',#1604,.T.);
#946=FACE_OUTER_BOUND('',#1605,.T.);
#947=FACE_OUTER_BOUND('',#1606,.T.);
#948=FACE_OUTER_BOUND('',#1607,.T.);
#949=FACE_OUTER_BOUND('',#1608,.T.);
#950=FACE_OUTER_BOUND('',#1609,.T.);
#951=FACE_OUTER_BOUND('',#1610,.T.);
#952=FACE_OUTER_BOUND('',#1611,.T.);
#953=FACE_OUTER_BOUND('',#1612,.T.);
#954=FACE_OUTER_BOUND('',#1613,.T.);
#955=FACE_OUTER_BOUND('',#1614,.T.);
#956=FACE_OUTER_BOUND('',#1615,.T.);
#957=FACE_OUTER_BOUND('',#1616,.T.);
#958=FACE_OUTER_BOUND('',#1617,.T.);
#959=FACE_OUTER_BOUND('',#1618,.T.);
#960=FACE_OUTER_BOUND('',#1619,.T.);
#961=FACE_OUTER_BOUND('',#1620,.T.);
#962=FACE_OUTER_BOUND('',#1621,.T.);
#963=FACE_OUTER_BOUND('',#1622,.T.);
#964=FACE_OUTER_BOUND('',#1623,.T.);
#965=FACE_OUTER_BOUND('',#1624,.T.);
#966=FACE_OUTER_BOUND('',#1625,.T.);
#967=FACE_OUTER_BOUND('',#1626,.T.);
#968=FACE_OUTER_BOUND('',#1627,.T.);
#969=FACE_OUTER_BOUND('',#1628,.T.);
#970=FACE_OUTER_BOUND('',#1629,.T.);
#971=FACE_OUTER_BOUND('',#1630,.T.);
#972=FACE_OUTER_BOUND('',#1631,.T.);
#973=FACE_OUTER_BOUND('',#1632,.T.);
#974=FACE_OUTER_BOUND('',#1633,.T.);
#975=FACE_OUTER_BOUND('',#1634,.T.);
#976=FACE_OUTER_BOUND('',#1635,.T.);
#977=FACE_OUTER_BOUND('',#1636,.T.);
#978=FACE_OUTER_BOUND('',#1637,.T.);
#979=FACE_OUTER_BOUND('',#1638,.T.);
#980=FACE_OUTER_BOUND('',#1639,.T.);
#981=FACE_OUTER_BOUND('',#1640,.T.);
#982=FACE_OUTER_BOUND('',#1641,.T.);
#983=FACE_OUTER_BOUND('',#1642,.T.);
#984=FACE_OUTER_BOUND('',#1643,.T.);
#985=FACE_OUTER_BOUND('',#1644,.T.);
#986=FACE_OUTER_BOUND('',#1645,.T.);
#987=FACE_OUTER_BOUND('',#1646,.T.);
#988=FACE_OUTER_BOUND('',#1647,.T.);
#989=FACE_OUTER_BOUND('',#1648,.T.);
#990=FACE_OUTER_BOUND('',#1649,.T.);
#991=FACE_OUTER_BOUND('',#1650,.T.);
#992=FACE_OUTER_BOUND('',#1651,.T.);
#993=FACE_OUTER_BOUND('',#1652,.T.);
#994=FACE_OUTER_BOUND('',#1653,.T.);
#995=FACE_OUTER_BOUND('',#1654,.T.);
#996=FACE_OUTER_BOUND('',#1655,.T.);
#997=FACE_OUTER_BOUND('',#1656,.T.);
#998=FACE_OUTER_BOUND('',#1657,.T.);
#999=FACE_OUTER_BOUND('',#1658,.T.);
#1000=FACE_OUTER_BOUND('',#1659,.T.);
#1001=FACE_OUTER_BOUND('',#1660,.T.);
#1002=FACE_OUTER_BOUND('',#1661,.T.);
#1003=FACE_OUTER_BOUND('',#1662,.T.);
#1004=FACE_OUTER_BOUND('',#1663,.T.);
#1005=FACE_OUTER_BOUND('',#1664,.T.);
#1006=FACE_OUTER_BOUND('',#1665,.T.);
#1007=FACE_OUTER_BOUND('',#1666,.T.);
#1008=FACE_OUTER_BOUND('',#1667,.T.);
#1009=FACE_OUTER_BOUND('',#1668,.T.);
#1010=FACE_OUTER_BOUND('',#1669,.T.);
#1011=FACE_OUTER_BOUND('',#1670,.T.);
#1012=FACE_OUTER_BOUND('',#1671,.T.);
#1013=FACE_OUTER_BOUND('',#1672,.T.);
#1014=FACE_OUTER_BOUND('',#1673,.T.);
#1015=FACE_OUTER_BOUND('',#1674,.T.);
#1016=FACE_OUTER_BOUND('',#1675,.T.);
#1017=FACE_OUTER_BOUND('',#1676,.T.);
#1018=FACE_OUTER_BOUND('',#1677,.T.);
#1019=FACE_OUTER_BOUND('',#1706,.T.);
#1020=FACE_OUTER_BOUND('',#1707,.T.);
#1021=FACE_OUTER_BOUND('',#1708,.T.);
#1022=FACE_OUTER_BOUND('',#1709,.T.);
#1023=FACE_OUTER_BOUND('',#1710,.T.);
#1024=FACE_OUTER_BOUND('',#1711,.T.);
#1025=FACE_OUTER_BOUND('',#1712,.T.);
#1026=FACE_OUTER_BOUND('',#1713,.T.);
#1027=FACE_OUTER_BOUND('',#1714,.T.);
#1028=FACE_OUTER_BOUND('',#1715,.T.);
#1029=FACE_OUTER_BOUND('',#1716,.T.);
#1030=FACE_OUTER_BOUND('',#1717,.T.);
#1031=FACE_OUTER_BOUND('',#1718,.T.);
#1032=FACE_OUTER_BOUND('',#1719,.T.);
#1033=FACE_OUTER_BOUND('',#1720,.T.);
#1034=FACE_OUTER_BOUND('',#1721,.T.);
#1035=FACE_OUTER_BOUND('',#1722,.T.);
#1036=FACE_OUTER_BOUND('',#1723,.T.);
#1037=FACE_OUTER_BOUND('',#1724,.T.);
#1038=FACE_OUTER_BOUND('',#1725,.T.);
#1039=FACE_OUTER_BOUND('',#1726,.T.);
#1040=FACE_OUTER_BOUND('',#1727,.T.);
#1041=FACE_OUTER_BOUND('',#1728,.T.);
#1042=FACE_OUTER_BOUND('',#1729,.T.);
#1043=FACE_OUTER_BOUND('',#1730,.T.);
#1044=FACE_OUTER_BOUND('',#1731,.T.);
#1045=FACE_OUTER_BOUND('',#1732,.T.);
#1046=FACE_OUTER_BOUND('',#1733,.T.);
#1047=FACE_OUTER_BOUND('',#1734,.T.);
#1048=FACE_OUTER_BOUND('',#1735,.T.);
#1049=FACE_OUTER_BOUND('',#1736,.T.);
#1050=FACE_OUTER_BOUND('',#1737,.T.);
#1051=FACE_OUTER_BOUND('',#1738,.T.);
#1052=FACE_OUTER_BOUND('',#1739,.T.);
#1053=FACE_OUTER_BOUND('',#1740,.T.);
#1054=FACE_OUTER_BOUND('',#1741,.T.);
#1055=FACE_OUTER_BOUND('',#1742,.T.);
#1056=FACE_OUTER_BOUND('',#1743,.T.);
#1057=FACE_OUTER_BOUND('',#1744,.T.);
#1058=FACE_OUTER_BOUND('',#1745,.T.);
#1059=FACE_OUTER_BOUND('',#1746,.T.);
#1060=FACE_OUTER_BOUND('',#1747,.T.);
#1061=FACE_OUTER_BOUND('',#1748,.T.);
#1062=FACE_OUTER_BOUND('',#1749,.T.);
#1063=FACE_OUTER_BOUND('',#1750,.T.);
#1064=FACE_OUTER_BOUND('',#1751,.T.);
#1065=FACE_OUTER_BOUND('',#1752,.T.);
#1066=FACE_OUTER_BOUND('',#1753,.T.);
#1067=FACE_OUTER_BOUND('',#1754,.T.);
#1068=EDGE_LOOP('',(#7076,#7077,#7078,#7079));
#1069=EDGE_LOOP('',(#7080,#7081,#7082,#7083));
#1070=EDGE_LOOP('',(#7084,#7085,#7086,#7087));
#1071=EDGE_LOOP('',(#7088,#7089,#7090,#7091));
#1072=EDGE_LOOP('',(#7092,#7093,#7094));
#1073=EDGE_LOOP('',(#7095,#7096,#7097));
#1074=EDGE_LOOP('',(#7098,#7099,#7100));
#1075=EDGE_LOOP('',(#7101,#7102,#7103,#7104,#7105,#7106,#7107,#7108,#7109,
#7110,#7111,#7112,#7113,#7114,#7115,#7116,#7117,#7118,#7119,#7120,#7121,
#7122,#7123,#7124,#7125,#7126,#7127,#7128,#7129,#7130,#7131,#7132,#7133,
#7134,#7135,#7136,#7137,#7138,#7139,#7140,#7141,#7142,#7143,#7144,#7145,
#7146,#7147,#7148,#7149,#7150,#7151,#7152,#7153,#7154));
#1076=EDGE_LOOP('',(#7155,#7156,#7157,#7158));
#1077=EDGE_LOOP('',(#7159,#7160,#7161,#7162,#7163));
#1078=EDGE_LOOP('',(#7164,#7165,#7166,#7167));
#1079=EDGE_LOOP('',(#7168,#7169,#7170,#7171));
#1080=EDGE_LOOP('',(#7172,#7173,#7174,#7175));
#1081=EDGE_LOOP('',(#7176,#7177,#7178,#7179));
#1082=EDGE_LOOP('',(#7180,#7181,#7182,#7183));
#1083=EDGE_LOOP('',(#7184,#7185,#7186,#7187));
#1084=EDGE_LOOP('',(#7188,#7189,#7190,#7191));
#1085=EDGE_LOOP('',(#7192,#7193,#7194,#7195));
#1086=EDGE_LOOP('',(#7196,#7197,#7198,#7199));
#1087=EDGE_LOOP('',(#7200,#7201,#7202,#7203));
#1088=EDGE_LOOP('',(#7204,#7205,#7206,#7207));
#1089=EDGE_LOOP('',(#7208,#7209,#7210,#7211));
#1090=EDGE_LOOP('',(#7212,#7213,#7214,#7215));
#1091=EDGE_LOOP('',(#7216,#7217,#7218));
#1092=EDGE_LOOP('',(#7219,#7220,#7221));
#1093=EDGE_LOOP('',(#7222,#7223,#7224,#7225,#7226,#7227,#7228));
#1094=EDGE_LOOP('',(#7229,#7230,#7231,#7232));
#1095=EDGE_LOOP('',(#7233,#7234,#7235,#7236));
#1096=EDGE_LOOP('',(#7237,#7238,#7239,#7240,#7241,#7242,#7243,#7244,#7245,
#7246));
#1097=EDGE_LOOP('',(#7247,#7248,#7249,#7250));
#1098=EDGE_LOOP('',(#7251,#7252,#7253,#7254,#7255,#7256,#7257,#7258));
#1099=EDGE_LOOP('',(#7259,#7260,#7261,#7262));
#1100=EDGE_LOOP('',(#7263,#7264,#7265,#7266,#7267));
#1101=EDGE_LOOP('',(#7268,#7269,#7270,#7271));
#1102=EDGE_LOOP('',(#7272,#7273,#7274,#7275));
#1103=EDGE_LOOP('',(#7276,#7277,#7278,#7279));
#1104=EDGE_LOOP('',(#7280,#7281,#7282,#7283));
#1105=EDGE_LOOP('',(#7284,#7285,#7286,#7287));
#1106=EDGE_LOOP('',(#7288,#7289,#7290,#7291));
#1107=EDGE_LOOP('',(#7292,#7293,#7294,#7295));
#1108=EDGE_LOOP('',(#7296,#7297,#7298,#7299));
#1109=EDGE_LOOP('',(#7300,#7301,#7302));
#1110=EDGE_LOOP('',(#7303,#7304,#7305,#7306,#7307));
#1111=EDGE_LOOP('',(#7308,#7309,#7310,#7311));
#1112=EDGE_LOOP('',(#7312,#7313,#7314,#7315));
#1113=EDGE_LOOP('',(#7316,#7317,#7318));
#1114=EDGE_LOOP('',(#7319,#7320,#7321,#7322,#7323,#7324,#7325));
#1115=EDGE_LOOP('',(#7326,#7327,#7328,#7329));
#1116=EDGE_LOOP('',(#7330,#7331,#7332,#7333,#7334));
#1117=EDGE_LOOP('',(#7335,#7336,#7337,#7338));
#1118=EDGE_LOOP('',(#7339,#7340,#7341,#7342));
#1119=EDGE_LOOP('',(#7343,#7344,#7345,#7346));
#1120=EDGE_LOOP('',(#7347,#7348,#7349,#7350));
#1121=EDGE_LOOP('',(#7351,#7352,#7353,#7354));
#1122=EDGE_LOOP('',(#7355,#7356,#7357,#7358));
#1123=EDGE_LOOP('',(#7359,#7360,#7361,#7362));
#1124=EDGE_LOOP('',(#7363,#7364,#7365,#7366));
#1125=EDGE_LOOP('',(#7367,#7368,#7369,#7370));
#1126=EDGE_LOOP('',(#7371,#7372,#7373,#7374));
#1127=EDGE_LOOP('',(#7375,#7376,#7377,#7378));
#1128=EDGE_LOOP('',(#7379,#7380,#7381,#7382));
#1129=EDGE_LOOP('',(#7383,#7384,#7385,#7386));
#1130=EDGE_LOOP('',(#7387,#7388,#7389,#7390));
#1131=EDGE_LOOP('',(#7391,#7392,#7393,#7394));
#1132=EDGE_LOOP('',(#7395,#7396,#7397,#7398));
#1133=EDGE_LOOP('',(#7399,#7400,#7401,#7402));
#1134=EDGE_LOOP('',(#7403,#7404,#7405,#7406));
#1135=EDGE_LOOP('',(#7407,#7408,#7409,#7410));
#1136=EDGE_LOOP('',(#7411,#7412,#7413,#7414));
#1137=EDGE_LOOP('',(#7415,#7416,#7417,#7418,#7419,#7420,#7421));
#1138=EDGE_LOOP('',(#7422,#7423,#7424,#7425));
#1139=EDGE_LOOP('',(#7426,#7427,#7428,#7429));
#1140=EDGE_LOOP('',(#7430,#7431,#7432,#7433));
#1141=EDGE_LOOP('',(#7434,#7435,#7436,#7437));
#1142=EDGE_LOOP('',(#7438,#7439,#7440,#7441));
#1143=EDGE_LOOP('',(#7442,#7443,#7444,#7445));
#1144=EDGE_LOOP('',(#7446,#7447,#7448,#7449));
#1145=EDGE_LOOP('',(#7450,#7451,#7452,#7453));
#1146=EDGE_LOOP('',(#7454,#7455,#7456,#7457));
#1147=EDGE_LOOP('',(#7458,#7459,#7460,#7461));
#1148=EDGE_LOOP('',(#7462,#7463,#7464,#7465));
#1149=EDGE_LOOP('',(#7466,#7467,#7468,#7469));
#1150=EDGE_LOOP('',(#7470,#7471,#7472,#7473));
#1151=EDGE_LOOP('',(#7474,#7475,#7476,#7477));
#1152=EDGE_LOOP('',(#7478,#7479,#7480,#7481));
#1153=EDGE_LOOP('',(#7482,#7483,#7484,#7485));
#1154=EDGE_LOOP('',(#7486,#7487,#7488,#7489,#7490,#7491));
#1155=EDGE_LOOP('',(#7492,#7493,#7494,#7495));
#1156=EDGE_LOOP('',(#7496,#7497,#7498,#7499,#7500,#7501));
#1157=EDGE_LOOP('',(#7502,#7503,#7504,#7505));
#1158=EDGE_LOOP('',(#7506,#7507,#7508,#7509));
#1159=EDGE_LOOP('',(#7510,#7511,#7512,#7513,#7514));
#1160=EDGE_LOOP('',(#7515,#7516,#7517,#7518));
#1161=EDGE_LOOP('',(#7519,#7520,#7521,#7522));
#1162=EDGE_LOOP('',(#7523,#7524,#7525,#7526,#7527));
#1163=EDGE_LOOP('',(#7528,#7529,#7530,#7531));
#1164=EDGE_LOOP('',(#7532,#7533,#7534));
#1165=EDGE_LOOP('',(#7535,#7536,#7537));
#1166=EDGE_LOOP('',(#7538,#7539,#7540));
#1167=EDGE_LOOP('',(#7541,#7542,#7543));
#1168=EDGE_LOOP('',(#7544,#7545,#7546));
#1169=EDGE_LOOP('',(#7547,#7548,#7549));
#1170=EDGE_LOOP('',(#7550,#7551,#7552));
#1171=EDGE_LOOP('',(#7553,#7554,#7555,#7556));
#1172=EDGE_LOOP('',(#7557,#7558,#7559,#7560));
#1173=EDGE_LOOP('',(#7561,#7562,#7563,#7564));
#1174=EDGE_LOOP('',(#7565,#7566,#7567,#7568));
#1175=EDGE_LOOP('',(#7569,#7570,#7571,#7572));
#1176=EDGE_LOOP('',(#7573,#7574,#7575,#7576));
#1177=EDGE_LOOP('',(#7577,#7578,#7579,#7580));
#1178=EDGE_LOOP('',(#7581,#7582,#7583,#7584));
#1179=EDGE_LOOP('',(#7585,#7586,#7587,#7588));
#1180=EDGE_LOOP('',(#7589,#7590,#7591,#7592));
#1181=EDGE_LOOP('',(#7593,#7594,#7595,#7596));
#1182=EDGE_LOOP('',(#7597,#7598,#7599,#7600));
#1183=EDGE_LOOP('',(#7601,#7602,#7603,#7604));
#1184=EDGE_LOOP('',(#7605,#7606,#7607,#7608));
#1185=EDGE_LOOP('',(#7609,#7610,#7611,#7612));
#1186=EDGE_LOOP('',(#7613,#7614,#7615,#7616));
#1187=EDGE_LOOP('',(#7617,#7618,#7619,#7620));
#1188=EDGE_LOOP('',(#7621,#7622,#7623,#7624));
#1189=EDGE_LOOP('',(#7625,#7626,#7627,#7628));
#1190=EDGE_LOOP('',(#7629,#7630,#7631,#7632));
#1191=EDGE_LOOP('',(#7633,#7634,#7635,#7636));
#1192=EDGE_LOOP('',(#7637,#7638,#7639,#7640));
#1193=EDGE_LOOP('',(#7641,#7642,#7643,#7644));
#1194=EDGE_LOOP('',(#7645,#7646,#7647,#7648));
#1195=EDGE_LOOP('',(#7649,#7650,#7651,#7652));
#1196=EDGE_LOOP('',(#7653,#7654,#7655,#7656));
#1197=EDGE_LOOP('',(#7657,#7658,#7659,#7660));
#1198=EDGE_LOOP('',(#7661,#7662,#7663,#7664));
#1199=EDGE_LOOP('',(#7665,#7666,#7667,#7668));
#1200=EDGE_LOOP('',(#7669,#7670,#7671,#7672));
#1201=EDGE_LOOP('',(#7673,#7674,#7675,#7676));
#1202=EDGE_LOOP('',(#7677,#7678,#7679,#7680));
#1203=EDGE_LOOP('',(#7681,#7682,#7683,#7684));
#1204=EDGE_LOOP('',(#7685,#7686,#7687,#7688));
#1205=EDGE_LOOP('',(#7689,#7690,#7691,#7692));
#1206=EDGE_LOOP('',(#7693,#7694,#7695,#7696,#7697,#7698,#7699,#7700));
#1207=EDGE_LOOP('',(#7701,#7702,#7703,#7704));
#1208=EDGE_LOOP('',(#7705,#7706,#7707,#7708));
#1209=EDGE_LOOP('',(#7709,#7710,#7711,#7712));
#1210=EDGE_LOOP('',(#7713,#7714,#7715,#7716));
#1211=EDGE_LOOP('',(#7717,#7718,#7719,#7720));
#1212=EDGE_LOOP('',(#7721,#7722,#7723,#7724));
#1213=EDGE_LOOP('',(#7725,#7726,#7727,#7728));
#1214=EDGE_LOOP('',(#7729,#7730,#7731,#7732));
#1215=EDGE_LOOP('',(#7733,#7734,#7735,#7736));
#1216=EDGE_LOOP('',(#7737,#7738,#7739,#7740));
#1217=EDGE_LOOP('',(#7741,#7742,#7743,#7744));
#1218=EDGE_LOOP('',(#7745,#7746,#7747,#7748));
#1219=EDGE_LOOP('',(#7749,#7750,#7751,#7752));
#1220=EDGE_LOOP('',(#7753,#7754,#7755,#7756));
#1221=EDGE_LOOP('',(#7757,#7758,#7759,#7760));
#1222=EDGE_LOOP('',(#7761,#7762,#7763,#7764));
#1223=EDGE_LOOP('',(#7765,#7766,#7767,#7768));
#1224=EDGE_LOOP('',(#7769,#7770,#7771,#7772));
#1225=EDGE_LOOP('',(#7773,#7774,#7775,#7776));
#1226=EDGE_LOOP('',(#7777,#7778,#7779,#7780));
#1227=EDGE_LOOP('',(#7781,#7782,#7783,#7784,#7785,#7786));
#1228=EDGE_LOOP('',(#7787,#7788,#7789,#7790,#7791,#7792,#7793));
#1229=EDGE_LOOP('',(#7794,#7795,#7796,#7797));
#1230=EDGE_LOOP('',(#7798,#7799,#7800,#7801,#7802,#7803));
#1231=EDGE_LOOP('',(#7804,#7805,#7806,#7807));
#1232=EDGE_LOOP('',(#7808,#7809,#7810,#7811));
#1233=EDGE_LOOP('',(#7812,#7813,#7814,#7815));
#1234=EDGE_LOOP('',(#7816,#7817,#7818,#7819));
#1235=EDGE_LOOP('',(#7820,#7821,#7822,#7823));
#1236=EDGE_LOOP('',(#7824,#7825,#7826,#7827));
#1237=EDGE_LOOP('',(#7828,#7829,#7830,#7831));
#1238=EDGE_LOOP('',(#7832,#7833,#7834,#7835));
#1239=EDGE_LOOP('',(#7836,#7837,#7838,#7839));
#1240=EDGE_LOOP('',(#7840,#7841,#7842,#7843));
#1241=EDGE_LOOP('',(#7844,#7845,#7846,#7847));
#1242=EDGE_LOOP('',(#7848,#7849,#7850,#7851));
#1243=EDGE_LOOP('',(#7852,#7853,#7854,#7855));
#1244=EDGE_LOOP('',(#7856,#7857,#7858,#7859));
#1245=EDGE_LOOP('',(#7860,#7861,#7862,#7863));
#1246=EDGE_LOOP('',(#7864,#7865,#7866,#7867));
#1247=EDGE_LOOP('',(#7868,#7869,#7870,#7871));
#1248=EDGE_LOOP('',(#7872,#7873,#7874,#7875));
#1249=EDGE_LOOP('',(#7876,#7877,#7878,#7879));
#1250=EDGE_LOOP('',(#7880,#7881,#7882,#7883));
#1251=EDGE_LOOP('',(#7884,#7885,#7886,#7887));
#1252=EDGE_LOOP('',(#7888,#7889,#7890,#7891));
#1253=EDGE_LOOP('',(#7892,#7893,#7894,#7895));
#1254=EDGE_LOOP('',(#7896,#7897,#7898,#7899));
#1255=EDGE_LOOP('',(#7900,#7901,#7902,#7903));
#1256=EDGE_LOOP('',(#7904,#7905,#7906,#7907));
#1257=EDGE_LOOP('',(#7908,#7909,#7910,#7911));
#1258=EDGE_LOOP('',(#7912,#7913,#7914,#7915));
#1259=EDGE_LOOP('',(#7916,#7917,#7918,#7919));
#1260=EDGE_LOOP('',(#7920,#7921,#7922,#7923));
#1261=EDGE_LOOP('',(#7924,#7925,#7926,#7927));
#1262=EDGE_LOOP('',(#7928,#7929,#7930,#7931));
#1263=EDGE_LOOP('',(#7932,#7933,#7934,#7935));
#1264=EDGE_LOOP('',(#7936,#7937,#7938,#7939));
#1265=EDGE_LOOP('',(#7940,#7941,#7942,#7943));
#1266=EDGE_LOOP('',(#7944,#7945,#7946,#7947));
#1267=EDGE_LOOP('',(#7948,#7949,#7950,#7951));
#1268=EDGE_LOOP('',(#7952,#7953,#7954,#7955));
#1269=EDGE_LOOP('',(#7956,#7957,#7958,#7959));
#1270=EDGE_LOOP('',(#7960,#7961,#7962,#7963));
#1271=EDGE_LOOP('',(#7964,#7965,#7966,#7967));
#1272=EDGE_LOOP('',(#7968,#7969,#7970,#7971));
#1273=EDGE_LOOP('',(#7972,#7973,#7974,#7975));
#1274=EDGE_LOOP('',(#7976,#7977,#7978));
#1275=EDGE_LOOP('',(#7979,#7980,#7981));
#1276=EDGE_LOOP('',(#7982,#7983,#7984));
#1277=EDGE_LOOP('',(#7985,#7986,#7987));
#1278=EDGE_LOOP('',(#7988,#7989,#7990));
#1279=EDGE_LOOP('',(#7991,#7992,#7993));
#1280=EDGE_LOOP('',(#7994,#7995,#7996,#7997));
#1281=EDGE_LOOP('',(#7998,#7999,#8000,#8001));
#1282=EDGE_LOOP('',(#8002,#8003,#8004,#8005));
#1283=EDGE_LOOP('',(#8006,#8007,#8008,#8009));
#1284=EDGE_LOOP('',(#8010,#8011,#8012,#8013));
#1285=EDGE_LOOP('',(#8014,#8015,#8016,#8017,#8018));
#1286=EDGE_LOOP('',(#8019,#8020,#8021,#8022,#8023,#8024,#8025,#8026,#8027,
#8028,#8029,#8030,#8031,#8032,#8033,#8034,#8035,#8036,#8037,#8038,#8039,
#8040,#8041,#8042,#8043,#8044,#8045,#8046,#8047,#8048,#8049,#8050,#8051,
#8052,#8053,#8054,#8055,#8056,#8057,#8058));
#1287=EDGE_LOOP('',(#8059));
#1288=EDGE_LOOP('',(#8060));
#1289=EDGE_LOOP('',(#8061,#8062,#8063,#8064,#8065,#8066,#8067,#8068,#8069,
#8070,#8071,#8072,#8073,#8074,#8075,#8076));
#1290=EDGE_LOOP('',(#8077,#8078,#8079,#8080,#8081,#8082,#8083,#8084,#8085,
#8086,#8087,#8088,#8089,#8090));
#1291=EDGE_LOOP('',(#8091,#8092,#8093,#8094,#8095,#8096,#8097,#8098,#8099));
#1292=EDGE_LOOP('',(#8100,#8101,#8102,#8103,#8104,#8105,#8106,#8107,#8108,
#8109,#8110,#8111));
#1293=EDGE_LOOP('',(#8112,#8113,#8114,#8115,#8116,#8117,#8118,#8119,#8120,
#8121,#8122,#8123));
#1294=EDGE_LOOP('',(#8124,#8125,#8126,#8127,#8128,#8129,#8130,#8131,#8132,
#8133,#8134,#8135));
#1295=EDGE_LOOP('',(#8136));
#1296=EDGE_LOOP('',(#8137));
#1297=EDGE_LOOP('',(#8138,#8139,#8140,#8141,#8142,#8143,#8144,#8145,#8146));
#1298=EDGE_LOOP('',(#8147,#8148,#8149,#8150,#8151,#8152,#8153,#8154,#8155,
#8156,#8157,#8158));
#1299=EDGE_LOOP('',(#8159,#8160,#8161,#8162,#8163,#8164,#8165,#8166,#8167,
#8168,#8169,#8170,#8171,#8172,#8173));
#1300=EDGE_LOOP('',(#8174,#8175,#8176,#8177,#8178,#8179,#8180,#8181,#8182,
#8183,#8184));
#1301=EDGE_LOOP('',(#8185,#8186,#8187,#8188,#8189,#8190,#8191,#8192,#8193));
#1302=EDGE_LOOP('',(#8194,#8195,#8196,#8197,#8198,#8199,#8200,#8201,#8202,
#8203,#8204));
#1303=EDGE_LOOP('',(#8205,#8206,#8207,#8208,#8209,#8210,#8211,#8212,#8213,
#8214,#8215,#8216));
#1304=EDGE_LOOP('',(#8217,#8218,#8219,#8220,#8221,#8222,#8223,#8224,#8225,
#8226,#8227));
#1305=EDGE_LOOP('',(#8228,#8229,#8230,#8231,#8232,#8233,#8234,#8235,#8236,
#8237));
#1306=EDGE_LOOP('',(#8238,#8239,#8240,#8241,#8242,#8243,#8244,#8245,#8246,
#8247,#8248,#8249));
#1307=EDGE_LOOP('',(#8250,#8251,#8252,#8253,#8254,#8255,#8256,#8257,#8258,
#8259,#8260,#8261,#8262,#8263));
#1308=EDGE_LOOP('',(#8264,#8265,#8266,#8267,#8268,#8269,#8270,#8271,#8272,
#8273,#8274,#8275));
#1309=EDGE_LOOP('',(#8276,#8277,#8278,#8279,#8280,#8281,#8282,#8283,#8284,
#8285,#8286,#8287));
#1310=EDGE_LOOP('',(#8288,#8289,#8290,#8291,#8292,#8293,#8294,#8295,#8296,
#8297,#8298,#8299));
#1311=EDGE_LOOP('',(#8300,#8301,#8302,#8303,#8304,#8305,#8306,#8307,#8308,
#8309));
#1312=EDGE_LOOP('',(#8310,#8311,#8312,#8313,#8314,#8315,#8316,#8317,#8318,
#8319));
#1313=EDGE_LOOP('',(#8320,#8321,#8322,#8323,#8324,#8325,#8326,#8327,#8328,
#8329));
#1314=EDGE_LOOP('',(#8330,#8331,#8332,#8333,#8334,#8335,#8336,#8337,#8338,
#8339));
#1315=EDGE_LOOP('',(#8340,#8341,#8342,#8343,#8344,#8345,#8346,#8347));
#1316=EDGE_LOOP('',(#8348,#8349,#8350,#8351,#8352,#8353,#8354,#8355,#8356,
#8357,#8358,#8359));
#1317=EDGE_LOOP('',(#8360,#8361,#8362,#8363,#8364,#8365,#8366,#8367,#8368,
#8369,#8370,#8371));
#1318=EDGE_LOOP('',(#8372,#8373,#8374,#8375,#8376,#8377,#8378,#8379,#8380,
#8381));
#1319=EDGE_LOOP('',(#8382,#8383,#8384,#8385));
#1320=EDGE_LOOP('',(#8386,#8387,#8388,#8389));
#1321=EDGE_LOOP('',(#8390,#8391,#8392,#8393));
#1322=EDGE_LOOP('',(#8394,#8395,#8396,#8397,#8398));
#1323=EDGE_LOOP('',(#8399,#8400,#8401,#8402));
#1324=EDGE_LOOP('',(#8403,#8404,#8405,#8406));
#1325=EDGE_LOOP('',(#8407,#8408,#8409,#8410));
#1326=EDGE_LOOP('',(#8411,#8412,#8413,#8414,#8415));
#1327=EDGE_LOOP('',(#8416,#8417,#8418,#8419));
#1328=EDGE_LOOP('',(#8420,#8421,#8422,#8423));
#1329=EDGE_LOOP('',(#8424,#8425,#8426,#8427));
#1330=EDGE_LOOP('',(#8428,#8429,#8430,#8431));
#1331=EDGE_LOOP('',(#8432,#8433,#8434,#8435));
#1332=EDGE_LOOP('',(#8436,#8437,#8438,#8439));
#1333=EDGE_LOOP('',(#8440,#8441,#8442,#8443));
#1334=EDGE_LOOP('',(#8444,#8445,#8446,#8447));
#1335=EDGE_LOOP('',(#8448,#8449,#8450,#8451,#8452,#8453,#8454,#8455,#8456,
#8457));
#1336=EDGE_LOOP('',(#8458,#8459,#8460,#8461));
#1337=EDGE_LOOP('',(#8462,#8463,#8464,#8465));
#1338=EDGE_LOOP('',(#8466,#8467,#8468,#8469));
#1339=EDGE_LOOP('',(#8470,#8471,#8472,#8473));
#1340=EDGE_LOOP('',(#8474,#8475,#8476,#8477));
#1341=EDGE_LOOP('',(#8478,#8479,#8480,#8481));
#1342=EDGE_LOOP('',(#8482,#8483,#8484,#8485));
#1343=EDGE_LOOP('',(#8486,#8487,#8488,#8489));
#1344=EDGE_LOOP('',(#8490,#8491,#8492,#8493));
#1345=EDGE_LOOP('',(#8494,#8495,#8496,#8497));
#1346=EDGE_LOOP('',(#8498,#8499,#8500,#8501));
#1347=EDGE_LOOP('',(#8502,#8503,#8504,#8505));
#1348=EDGE_LOOP('',(#8506,#8507,#8508,#8509));
#1349=EDGE_LOOP('',(#8510,#8511,#8512,#8513));
#1350=EDGE_LOOP('',(#8514,#8515,#8516,#8517));
#1351=EDGE_LOOP('',(#8518,#8519,#8520,#8521));
#1352=EDGE_LOOP('',(#8522,#8523,#8524,#8525));
#1353=EDGE_LOOP('',(#8526,#8527,#8528,#8529));
#1354=EDGE_LOOP('',(#8530,#8531,#8532,#8533));
#1355=EDGE_LOOP('',(#8534,#8535,#8536,#8537));
#1356=EDGE_LOOP('',(#8538,#8539,#8540,#8541));
#1357=EDGE_LOOP('',(#8542,#8543,#8544,#8545));
#1358=EDGE_LOOP('',(#8546,#8547,#8548,#8549));
#1359=EDGE_LOOP('',(#8550,#8551,#8552,#8553));
#1360=EDGE_LOOP('',(#8554,#8555,#8556,#8557));
#1361=EDGE_LOOP('',(#8558,#8559,#8560,#8561));
#1362=EDGE_LOOP('',(#8562,#8563,#8564,#8565));
#1363=EDGE_LOOP('',(#8566,#8567,#8568,#8569));
#1364=EDGE_LOOP('',(#8570,#8571,#8572,#8573));
#1365=EDGE_LOOP('',(#8574,#8575,#8576,#8577,#8578,#8579,#8580,#8581,#8582));
#1366=EDGE_LOOP('',(#8583,#8584,#8585,#8586));
#1367=EDGE_LOOP('',(#8587,#8588,#8589,#8590));
#1368=EDGE_LOOP('',(#8591,#8592,#8593,#8594));
#1369=EDGE_LOOP('',(#8595,#8596,#8597,#8598));
#1370=EDGE_LOOP('',(#8599));
#1371=EDGE_LOOP('',(#8600));
#1372=EDGE_LOOP('',(#8601));
#1373=EDGE_LOOP('',(#8602));
#1374=EDGE_LOOP('',(#8603));
#1375=EDGE_LOOP('',(#8604,#8605,#8606,#8607));
#1376=EDGE_LOOP('',(#8608,#8609,#8610,#8611));
#1377=EDGE_LOOP('',(#8612,#8613,#8614,#8615));
#1378=EDGE_LOOP('',(#8616,#8617,#8618,#8619));
#1379=EDGE_LOOP('',(#8620,#8621,#8622,#8623));
#1380=EDGE_LOOP('',(#8624,#8625,#8626,#8627));
#1381=EDGE_LOOP('',(#8628,#8629,#8630,#8631));
#1382=EDGE_LOOP('',(#8632,#8633,#8634,#8635));
#1383=EDGE_LOOP('',(#8636,#8637,#8638,#8639));
#1384=EDGE_LOOP('',(#8640,#8641,#8642,#8643));
#1385=EDGE_LOOP('',(#8644,#8645,#8646,#8647));
#1386=EDGE_LOOP('',(#8648,#8649,#8650,#8651));
#1387=EDGE_LOOP('',(#8652,#8653,#8654,#8655));
#1388=EDGE_LOOP('',(#8656,#8657,#8658,#8659));
#1389=EDGE_LOOP('',(#8660,#8661,#8662,#8663));
#1390=EDGE_LOOP('',(#8664,#8665,#8666,#8667));
#1391=EDGE_LOOP('',(#8668,#8669,#8670,#8671));
#1392=EDGE_LOOP('',(#8672,#8673,#8674,#8675));
#1393=EDGE_LOOP('',(#8676,#8677,#8678,#8679,#8680,#8681,#8682));
#1394=EDGE_LOOP('',(#8683,#8684,#8685,#8686));
#1395=EDGE_LOOP('',(#8687,#8688,#8689,#8690));
#1396=EDGE_LOOP('',(#8691,#8692,#8693,#8694));
#1397=EDGE_LOOP('',(#8695,#8696,#8697,#8698));
#1398=EDGE_LOOP('',(#8699,#8700,#8701,#8702));
#1399=EDGE_LOOP('',(#8703,#8704,#8705,#8706));
#1400=EDGE_LOOP('',(#8707,#8708,#8709,#8710));
#1401=EDGE_LOOP('',(#8711,#8712,#8713,#8714));
#1402=EDGE_LOOP('',(#8715,#8716,#8717,#8718));
#1403=EDGE_LOOP('',(#8719,#8720,#8721,#8722));
#1404=EDGE_LOOP('',(#8723,#8724,#8725,#8726));
#1405=EDGE_LOOP('',(#8727,#8728,#8729,#8730));
#1406=EDGE_LOOP('',(#8731,#8732,#8733,#8734));
#1407=EDGE_LOOP('',(#8735,#8736,#8737,#8738));
#1408=EDGE_LOOP('',(#8739,#8740,#8741,#8742));
#1409=EDGE_LOOP('',(#8743,#8744,#8745,#8746));
#1410=EDGE_LOOP('',(#8747,#8748,#8749,#8750));
#1411=EDGE_LOOP('',(#8751,#8752,#8753,#8754));
#1412=EDGE_LOOP('',(#8755,#8756,#8757,#8758));
#1413=EDGE_LOOP('',(#8759,#8760,#8761,#8762));
#1414=EDGE_LOOP('',(#8763,#8764,#8765,#8766));
#1415=EDGE_LOOP('',(#8767,#8768,#8769,#8770));
#1416=EDGE_LOOP('',(#8771,#8772,#8773,#8774));
#1417=EDGE_LOOP('',(#8775,#8776,#8777,#8778));
#1418=EDGE_LOOP('',(#8779,#8780,#8781,#8782));
#1419=EDGE_LOOP('',(#8783,#8784,#8785,#8786));
#1420=EDGE_LOOP('',(#8787,#8788,#8789,#8790));
#1421=EDGE_LOOP('',(#8791,#8792,#8793,#8794));
#1422=EDGE_LOOP('',(#8795,#8796,#8797,#8798));
#1423=EDGE_LOOP('',(#8799,#8800,#8801,#8802));
#1424=EDGE_LOOP('',(#8803,#8804,#8805,#8806));
#1425=EDGE_LOOP('',(#8807,#8808,#8809,#8810));
#1426=EDGE_LOOP('',(#8811,#8812,#8813,#8814));
#1427=EDGE_LOOP('',(#8815,#8816,#8817,#8818));
#1428=EDGE_LOOP('',(#8819,#8820,#8821,#8822));
#1429=EDGE_LOOP('',(#8823,#8824,#8825,#8826));
#1430=EDGE_LOOP('',(#8827,#8828,#8829,#8830));
#1431=EDGE_LOOP('',(#8831,#8832,#8833,#8834));
#1432=EDGE_LOOP('',(#8835,#8836,#8837,#8838));
#1433=EDGE_LOOP('',(#8839,#8840,#8841,#8842));
#1434=EDGE_LOOP('',(#8843,#8844,#8845,#8846));
#1435=EDGE_LOOP('',(#8847,#8848,#8849,#8850));
#1436=EDGE_LOOP('',(#8851,#8852,#8853,#8854));
#1437=EDGE_LOOP('',(#8855,#8856,#8857,#8858));
#1438=EDGE_LOOP('',(#8859,#8860,#8861,#8862));
#1439=EDGE_LOOP('',(#8863,#8864,#8865,#8866));
#1440=EDGE_LOOP('',(#8867,#8868,#8869,#8870));
#1441=EDGE_LOOP('',(#8871,#8872,#8873,#8874));
#1442=EDGE_LOOP('',(#8875,#8876,#8877,#8878,#8879,#8880,#8881,#8882));
#1443=EDGE_LOOP('',(#8883,#8884,#8885,#8886));
#1444=EDGE_LOOP('',(#8887,#8888,#8889,#8890));
#1445=EDGE_LOOP('',(#8891,#8892,#8893,#8894));
#1446=EDGE_LOOP('',(#8895,#8896,#8897,#8898));
#1447=EDGE_LOOP('',(#8899,#8900,#8901,#8902));
#1448=EDGE_LOOP('',(#8903,#8904,#8905,#8906));
#1449=EDGE_LOOP('',(#8907,#8908,#8909,#8910));
#1450=EDGE_LOOP('',(#8911,#8912,#8913,#8914));
#1451=EDGE_LOOP('',(#8915,#8916,#8917,#8918));
#1452=EDGE_LOOP('',(#8919,#8920,#8921,#8922));
#1453=EDGE_LOOP('',(#8923,#8924,#8925,#8926));
#1454=EDGE_LOOP('',(#8927,#8928,#8929,#8930));
#1455=EDGE_LOOP('',(#8931,#8932,#8933,#8934));
#1456=EDGE_LOOP('',(#8935,#8936,#8937,#8938));
#1457=EDGE_LOOP('',(#8939,#8940,#8941,#8942));
#1458=EDGE_LOOP('',(#8943,#8944,#8945,#8946));
#1459=EDGE_LOOP('',(#8947,#8948,#8949,#8950));
#1460=EDGE_LOOP('',(#8951,#8952,#8953,#8954));
#1461=EDGE_LOOP('',(#8955,#8956,#8957,#8958));
#1462=EDGE_LOOP('',(#8959,#8960,#8961,#8962));
#1463=EDGE_LOOP('',(#8963,#8964,#8965,#8966));
#1464=EDGE_LOOP('',(#8967,#8968,#8969,#8970));
#1465=EDGE_LOOP('',(#8971,#8972,#8973,#8974));
#1466=EDGE_LOOP('',(#8975,#8976,#8977,#8978));
#1467=EDGE_LOOP('',(#8979,#8980,#8981,#8982));
#1468=EDGE_LOOP('',(#8983,#8984,#8985,#8986));
#1469=EDGE_LOOP('',(#8987,#8988,#8989,#8990));
#1470=EDGE_LOOP('',(#8991,#8992,#8993,#8994));
#1471=EDGE_LOOP('',(#8995,#8996,#8997,#8998));
#1472=EDGE_LOOP('',(#8999,#9000,#9001,#9002));
#1473=EDGE_LOOP('',(#9003,#9004,#9005,#9006));
#1474=EDGE_LOOP('',(#9007,#9008,#9009,#9010));
#1475=EDGE_LOOP('',(#9011,#9012,#9013,#9014));
#1476=EDGE_LOOP('',(#9015,#9016,#9017,#9018));
#1477=EDGE_LOOP('',(#9019,#9020,#9021,#9022));
#1478=EDGE_LOOP('',(#9023,#9024,#9025,#9026));
#1479=EDGE_LOOP('',(#9027,#9028,#9029,#9030));
#1480=EDGE_LOOP('',(#9031,#9032,#9033,#9034));
#1481=EDGE_LOOP('',(#9035,#9036,#9037,#9038));
#1482=EDGE_LOOP('',(#9039,#9040,#9041,#9042));
#1483=EDGE_LOOP('',(#9043,#9044,#9045,#9046));
#1484=EDGE_LOOP('',(#9047,#9048,#9049,#9050));
#1485=EDGE_LOOP('',(#9051,#9052,#9053,#9054));
#1486=EDGE_LOOP('',(#9055,#9056,#9057,#9058));
#1487=EDGE_LOOP('',(#9059,#9060,#9061,#9062));
#1488=EDGE_LOOP('',(#9063,#9064,#9065,#9066));
#1489=EDGE_LOOP('',(#9067,#9068,#9069,#9070));
#1490=EDGE_LOOP('',(#9071,#9072,#9073,#9074));
#1491=EDGE_LOOP('',(#9075,#9076,#9077,#9078));
#1492=EDGE_LOOP('',(#9079,#9080,#9081,#9082));
#1493=EDGE_LOOP('',(#9083,#9084,#9085,#9086));
#1494=EDGE_LOOP('',(#9087,#9088,#9089,#9090));
#1495=EDGE_LOOP('',(#9091,#9092,#9093,#9094));
#1496=EDGE_LOOP('',(#9095,#9096,#9097,#9098));
#1497=EDGE_LOOP('',(#9099,#9100,#9101,#9102));
#1498=EDGE_LOOP('',(#9103,#9104,#9105,#9106));
#1499=EDGE_LOOP('',(#9107,#9108,#9109,#9110));
#1500=EDGE_LOOP('',(#9111,#9112,#9113,#9114));
#1501=EDGE_LOOP('',(#9115,#9116,#9117,#9118));
#1502=EDGE_LOOP('',(#9119,#9120,#9121,#9122));
#1503=EDGE_LOOP('',(#9123,#9124,#9125,#9126));
#1504=EDGE_LOOP('',(#9127,#9128,#9129,#9130));
#1505=EDGE_LOOP('',(#9131,#9132,#9133,#9134));
#1506=EDGE_LOOP('',(#9135,#9136,#9137,#9138));
#1507=EDGE_LOOP('',(#9139,#9140,#9141,#9142));
#1508=EDGE_LOOP('',(#9143,#9144,#9145,#9146));
#1509=EDGE_LOOP('',(#9147,#9148,#9149,#9150));
#1510=EDGE_LOOP('',(#9151,#9152,#9153,#9154));
#1511=EDGE_LOOP('',(#9155,#9156,#9157,#9158));
#1512=EDGE_LOOP('',(#9159,#9160,#9161,#9162));
#1513=EDGE_LOOP('',(#9163));
#1514=EDGE_LOOP('',(#9164));
#1515=EDGE_LOOP('',(#9165));
#1516=EDGE_LOOP('',(#9166,#9167,#9168,#9169,#9170,#9171,#9172,#9173,#9174,
#9175,#9176,#9177,#9178,#9179,#9180,#9181));
#1517=EDGE_LOOP('',(#9182));
#1518=EDGE_LOOP('',(#9183,#9184,#9185,#9186));
#1519=EDGE_LOOP('',(#9187,#9188,#9189,#9190));
#1520=EDGE_LOOP('',(#9191,#9192,#9193,#9194));
#1521=EDGE_LOOP('',(#9195,#9196,#9197,#9198));
#1522=EDGE_LOOP('',(#9199,#9200,#9201,#9202));
#1523=EDGE_LOOP('',(#9203,#9204,#9205,#9206));
#1524=EDGE_LOOP('',(#9207,#9208,#9209,#9210,#9211,#9212,#9213,#9214));
#1525=EDGE_LOOP('',(#9215,#9216,#9217,#9218));
#1526=EDGE_LOOP('',(#9219));
#1527=EDGE_LOOP('',(#9220));
#1528=EDGE_LOOP('',(#9221,#9222,#9223,#9224));
#1529=EDGE_LOOP('',(#9225,#9226,#9227,#9228));
#1530=EDGE_LOOP('',(#9229,#9230,#9231,#9232));
#1531=EDGE_LOOP('',(#9233,#9234,#9235,#9236));
#1532=EDGE_LOOP('',(#9237));
#1533=EDGE_LOOP('',(#9238));
#1534=EDGE_LOOP('',(#9239,#9240,#9241,#9242));
#1535=EDGE_LOOP('',(#9243,#9244,#9245,#9246));
#1536=EDGE_LOOP('',(#9247,#9248,#9249,#9250));
#1537=EDGE_LOOP('',(#9251,#9252,#9253,#9254));
#1538=EDGE_LOOP('',(#9255));
#1539=EDGE_LOOP('',(#9256));
#1540=EDGE_LOOP('',(#9257,#9258,#9259,#9260));
#1541=EDGE_LOOP('',(#9261,#9262,#9263,#9264));
#1542=EDGE_LOOP('',(#9265,#9266,#9267,#9268));
#1543=EDGE_LOOP('',(#9269,#9270,#9271,#9272));
#1544=EDGE_LOOP('',(#9273));
#1545=EDGE_LOOP('',(#9274));
#1546=EDGE_LOOP('',(#9275,#9276,#9277,#9278));
#1547=EDGE_LOOP('',(#9279,#9280,#9281,#9282));
#1548=EDGE_LOOP('',(#9283,#9284,#9285,#9286));
#1549=EDGE_LOOP('',(#9287,#9288,#9289,#9290));
#1550=EDGE_LOOP('',(#9291));
#1551=EDGE_LOOP('',(#9292));
#1552=EDGE_LOOP('',(#9293,#9294,#9295,#9296));
#1553=EDGE_LOOP('',(#9297,#9298,#9299,#9300));
#1554=EDGE_LOOP('',(#9301,#9302,#9303,#9304));
#1555=EDGE_LOOP('',(#9305,#9306,#9307,#9308));
#1556=EDGE_LOOP('',(#9309,#9310,#9311,#9312));
#1557=EDGE_LOOP('',(#9313,#9314,#9315,#9316));
#1558=EDGE_LOOP('',(#9317,#9318,#9319,#9320,#9321,#9322,#9323,#9324));
#1559=EDGE_LOOP('',(#9325,#9326,#9327,#9328));
#1560=EDGE_LOOP('',(#9329,#9330,#9331,#9332));
#1561=EDGE_LOOP('',(#9333,#9334,#9335,#9336));
#1562=EDGE_LOOP('',(#9337,#9338,#9339,#9340));
#1563=EDGE_LOOP('',(#9341,#9342,#9343,#9344));
#1564=EDGE_LOOP('',(#9345,#9346,#9347,#9348));
#1565=EDGE_LOOP('',(#9349,#9350,#9351,#9352));
#1566=EDGE_LOOP('',(#9353,#9354,#9355,#9356));
#1567=EDGE_LOOP('',(#9357,#9358,#9359,#9360));
#1568=EDGE_LOOP('',(#9361,#9362,#9363,#9364));
#1569=EDGE_LOOP('',(#9365,#9366,#9367,#9368));
#1570=EDGE_LOOP('',(#9369,#9370,#9371,#9372));
#1571=EDGE_LOOP('',(#9373,#9374,#9375,#9376));
#1572=EDGE_LOOP('',(#9377,#9378,#9379,#9380));
#1573=EDGE_LOOP('',(#9381,#9382,#9383,#9384));
#1574=EDGE_LOOP('',(#9385,#9386,#9387,#9388));
#1575=EDGE_LOOP('',(#9389,#9390,#9391,#9392));
#1576=EDGE_LOOP('',(#9393,#9394,#9395,#9396));
#1577=EDGE_LOOP('',(#9397,#9398,#9399,#9400));
#1578=EDGE_LOOP('',(#9401,#9402,#9403,#9404));
#1579=EDGE_LOOP('',(#9405,#9406,#9407,#9408));
#1580=EDGE_LOOP('',(#9409,#9410,#9411,#9412));
#1581=EDGE_LOOP('',(#9413,#9414,#9415,#9416,#9417,#9418,#9419,#9420,#9421,
#9422,#9423,#9424,#9425,#9426,#9427,#9428,#9429,#9430,#9431,#9432,#9433));
#1582=EDGE_LOOP('',(#9434,#9435,#9436,#9437));
#1583=EDGE_LOOP('',(#9438,#9439,#9440,#9441));
#1584=EDGE_LOOP('',(#9442,#9443,#9444,#9445));
#1585=EDGE_LOOP('',(#9446,#9447,#9448,#9449));
#1586=EDGE_LOOP('',(#9450,#9451,#9452,#9453));
#1587=EDGE_LOOP('',(#9454,#9455,#9456,#9457));
#1588=EDGE_LOOP('',(#9458,#9459,#9460,#9461));
#1589=EDGE_LOOP('',(#9462,#9463,#9464,#9465));
#1590=EDGE_LOOP('',(#9466,#9467,#9468,#9469));
#1591=EDGE_LOOP('',(#9470,#9471,#9472,#9473));
#1592=EDGE_LOOP('',(#9474,#9475,#9476,#9477));
#1593=EDGE_LOOP('',(#9478,#9479,#9480,#9481));
#1594=EDGE_LOOP('',(#9482,#9483,#9484,#9485));
#1595=EDGE_LOOP('',(#9486,#9487,#9488,#9489));
#1596=EDGE_LOOP('',(#9490,#9491,#9492,#9493));
#1597=EDGE_LOOP('',(#9494,#9495,#9496,#9497));
#1598=EDGE_LOOP('',(#9498,#9499,#9500,#9501));
#1599=EDGE_LOOP('',(#9502,#9503,#9504,#9505));
#1600=EDGE_LOOP('',(#9506,#9507,#9508,#9509));
#1601=EDGE_LOOP('',(#9510,#9511,#9512,#9513));
#1602=EDGE_LOOP('',(#9514,#9515,#9516,#9517));
#1603=EDGE_LOOP('',(#9518,#9519,#9520,#9521));
#1604=EDGE_LOOP('',(#9522,#9523,#9524,#9525));
#1605=EDGE_LOOP('',(#9526,#9527,#9528,#9529));
#1606=EDGE_LOOP('',(#9530,#9531,#9532,#9533));
#1607=EDGE_LOOP('',(#9534,#9535,#9536,#9537));
#1608=EDGE_LOOP('',(#9538,#9539,#9540,#9541));
#1609=EDGE_LOOP('',(#9542,#9543,#9544,#9545));
#1610=EDGE_LOOP('',(#9546,#9547,#9548,#9549));
#1611=EDGE_LOOP('',(#9550,#9551,#9552,#9553));
#1612=EDGE_LOOP('',(#9554,#9555,#9556,#9557));
#1613=EDGE_LOOP('',(#9558,#9559,#9560,#9561));
#1614=EDGE_LOOP('',(#9562,#9563,#9564,#9565));
#1615=EDGE_LOOP('',(#9566,#9567,#9568,#9569));
#1616=EDGE_LOOP('',(#9570,#9571,#9572,#9573));
#1617=EDGE_LOOP('',(#9574,#9575,#9576,#9577));
#1618=EDGE_LOOP('',(#9578,#9579,#9580,#9581));
#1619=EDGE_LOOP('',(#9582,#9583,#9584,#9585));
#1620=EDGE_LOOP('',(#9586,#9587,#9588,#9589));
#1621=EDGE_LOOP('',(#9590,#9591,#9592,#9593));
#1622=EDGE_LOOP('',(#9594,#9595,#9596,#9597));
#1623=EDGE_LOOP('',(#9598,#9599,#9600,#9601));
#1624=EDGE_LOOP('',(#9602,#9603,#9604,#9605));
#1625=EDGE_LOOP('',(#9606,#9607,#9608,#9609));
#1626=EDGE_LOOP('',(#9610,#9611,#9612,#9613));
#1627=EDGE_LOOP('',(#9614,#9615,#9616,#9617));
#1628=EDGE_LOOP('',(#9618,#9619,#9620,#9621));
#1629=EDGE_LOOP('',(#9622,#9623,#9624,#9625));
#1630=EDGE_LOOP('',(#9626,#9627,#9628,#9629));
#1631=EDGE_LOOP('',(#9630,#9631,#9632,#9633));
#1632=EDGE_LOOP('',(#9634,#9635,#9636,#9637));
#1633=EDGE_LOOP('',(#9638,#9639,#9640,#9641));
#1634=EDGE_LOOP('',(#9642,#9643,#9644,#9645));
#1635=EDGE_LOOP('',(#9646,#9647,#9648,#9649));
#1636=EDGE_LOOP('',(#9650,#9651,#9652,#9653));
#1637=EDGE_LOOP('',(#9654,#9655,#9656,#9657));
#1638=EDGE_LOOP('',(#9658,#9659,#9660,#9661));
#1639=EDGE_LOOP('',(#9662,#9663,#9664,#9665));
#1640=EDGE_LOOP('',(#9666,#9667,#9668,#9669));
#1641=EDGE_LOOP('',(#9670,#9671,#9672,#9673));
#1642=EDGE_LOOP('',(#9674,#9675,#9676,#9677));
#1643=EDGE_LOOP('',(#9678,#9679,#9680,#9681));
#1644=EDGE_LOOP('',(#9682,#9683,#9684,#9685));
#1645=EDGE_LOOP('',(#9686,#9687,#9688,#9689));
#1646=EDGE_LOOP('',(#9690,#9691,#9692,#9693));
#1647=EDGE_LOOP('',(#9694,#9695,#9696,#9697));
#1648=EDGE_LOOP('',(#9698,#9699,#9700,#9701));
#1649=EDGE_LOOP('',(#9702,#9703,#9704,#9705));
#1650=EDGE_LOOP('',(#9706,#9707,#9708,#9709));
#1651=EDGE_LOOP('',(#9710,#9711,#9712,#9713));
#1652=EDGE_LOOP('',(#9714,#9715,#9716,#9717));
#1653=EDGE_LOOP('',(#9718,#9719,#9720,#9721));
#1654=EDGE_LOOP('',(#9722,#9723,#9724,#9725));
#1655=EDGE_LOOP('',(#9726,#9727,#9728,#9729));
#1656=EDGE_LOOP('',(#9730,#9731,#9732,#9733));
#1657=EDGE_LOOP('',(#9734,#9735,#9736,#9737));
#1658=EDGE_LOOP('',(#9738,#9739,#9740,#9741));
#1659=EDGE_LOOP('',(#9742,#9743,#9744,#9745));
#1660=EDGE_LOOP('',(#9746,#9747,#9748,#9749));
#1661=EDGE_LOOP('',(#9750,#9751,#9752,#9753));
#1662=EDGE_LOOP('',(#9754,#9755,#9756,#9757));
#1663=EDGE_LOOP('',(#9758,#9759,#9760,#9761));
#1664=EDGE_LOOP('',(#9762,#9763,#9764,#9765));
#1665=EDGE_LOOP('',(#9766,#9767,#9768,#9769));
#1666=EDGE_LOOP('',(#9770,#9771,#9772,#9773));
#1667=EDGE_LOOP('',(#9774,#9775,#9776,#9777));
#1668=EDGE_LOOP('',(#9778,#9779,#9780,#9781));
#1669=EDGE_LOOP('',(#9782,#9783,#9784,#9785));
#1670=EDGE_LOOP('',(#9786,#9787,#9788,#9789));
#1671=EDGE_LOOP('',(#9790,#9791,#9792,#9793));
#1672=EDGE_LOOP('',(#9794,#9795,#9796,#9797));
#1673=EDGE_LOOP('',(#9798,#9799,#9800,#9801));
#1674=EDGE_LOOP('',(#9802,#9803,#9804,#9805));
#1675=EDGE_LOOP('',(#9806,#9807,#9808,#9809));
#1676=EDGE_LOOP('',(#9810,#9811,#9812,#9813));
#1677=EDGE_LOOP('',(#9814,#9815,#9816,#9817,#9818,#9819,#9820,#9821,#9822,
#9823,#9824,#9825,#9826,#9827,#9828,#9829,#9830,#9831,#9832,#9833,#9834,
#9835,#9836,#9837,#9838,#9839,#9840,#9841,#9842,#9843,#9844,#9845,#9846,
#9847,#9848,#9849,#9850,#9851,#9852,#9853,#9854,#9855,#9856,#9857,#9858,
#9859,#9860,#9861,#9862,#9863,#9864,#9865,#9866,#9867,#9868,#9869,#9870,
#9871,#9872,#9873,#9874,#9875,#9876,#9877,#9878,#9879,#9880,#9881,#9882,
#9883,#9884,#9885,#9886,#9887));
#1678=EDGE_LOOP('',(#9888));
#1679=EDGE_LOOP('',(#9889));
#1680=EDGE_LOOP('',(#9890));
#1681=EDGE_LOOP('',(#9891));
#1682=EDGE_LOOP('',(#9892));
#1683=EDGE_LOOP('',(#9893,#9894,#9895,#9896,#9897,#9898,#9899,#9900,#9901,
#9902,#9903,#9904));
#1684=EDGE_LOOP('',(#9905,#9906,#9907,#9908,#9909,#9910,#9911,#9912,#9913,
#9914,#9915,#9916));
#1685=EDGE_LOOP('',(#9917,#9918,#9919,#9920,#9921,#9922,#9923,#9924,#9925,
#9926,#9927,#9928,#9929,#9930,#9931));
#1686=EDGE_LOOP('',(#9932,#9933,#9934,#9935,#9936,#9937,#9938,#9939,#9940,
#9941,#9942));
#1687=EDGE_LOOP('',(#9943,#9944,#9945,#9946,#9947,#9948,#9949,#9950,#9951,
#9952,#9953,#9954));
#1688=EDGE_LOOP('',(#9955,#9956,#9957,#9958,#9959,#9960,#9961,#9962,#9963,
#9964,#9965,#9966));
#1689=EDGE_LOOP('',(#9967,#9968,#9969,#9970,#9971,#9972,#9973,#9974,#9975,
#9976,#9977));
#1690=EDGE_LOOP('',(#9978,#9979,#9980,#9981,#9982,#9983,#9984,#9985,#9986,
#9987));
#1691=EDGE_LOOP('',(#9988,#9989,#9990,#9991,#9992,#9993,#9994,#9995,#9996,
#9997,#9998,#9999));
#1692=EDGE_LOOP('',(#10000,#10001,#10002,#10003,#10004,#10005,#10006,#10007,
#10008,#10009,#10010,#10011,#10012,#10013));
#1693=EDGE_LOOP('',(#10014,#10015,#10016,#10017,#10018,#10019,#10020,#10021,
#10022,#10023,#10024,#10025,#10026,#10027));
#1694=EDGE_LOOP('',(#10028,#10029,#10030,#10031,#10032,#10033,#10034,#10035,
#10036,#10037,#10038,#10039));
#1695=EDGE_LOOP('',(#10040,#10041,#10042,#10043,#10044,#10045,#10046,#10047,
#10048,#10049,#10050,#10051));
#1696=EDGE_LOOP('',(#10052,#10053,#10054,#10055,#10056,#10057,#10058,#10059,
#10060,#10061,#10062,#10063));
#1697=EDGE_LOOP('',(#10064,#10065,#10066,#10067,#10068,#10069,#10070,#10071,
#10072,#10073));
#1698=EDGE_LOOP('',(#10074,#10075,#10076,#10077,#10078,#10079,#10080,#10081,
#10082,#10083));
#1699=EDGE_LOOP('',(#10084,#10085,#10086,#10087,#10088,#10089,#10090,#10091,
#10092,#10093));
#1700=EDGE_LOOP('',(#10094,#10095,#10096,#10097,#10098,#10099,#10100,#10101,
#10102,#10103));
#1701=EDGE_LOOP('',(#10104,#10105,#10106,#10107,#10108,#10109,#10110,#10111,
#10112,#10113,#10114,#10115));
#1702=EDGE_LOOP('',(#10116,#10117,#10118,#10119,#10120,#10121,#10122,#10123,
#10124,#10125,#10126,#10127));
#1703=EDGE_LOOP('',(#10128,#10129,#10130,#10131,#10132,#10133,#10134,#10135,
#10136,#10137,#10138,#10139));
#1704=EDGE_LOOP('',(#10140,#10141,#10142,#10143,#10144,#10145,#10146,#10147,
#10148,#10149,#10150,#10151,#10152,#10153,#10154,#10155));
#1705=EDGE_LOOP('',(#10156,#10157,#10158,#10159,#10160,#10161,#10162,#10163,
#10164));
#1706=EDGE_LOOP('',(#10165,#10166,#10167,#10168));
#1707=EDGE_LOOP('',(#10169,#10170,#10171,#10172));
#1708=EDGE_LOOP('',(#10173,#10174,#10175,#10176));
#1709=EDGE_LOOP('',(#10177,#10178,#10179,#10180));
#1710=EDGE_LOOP('',(#10181,#10182,#10183,#10184));
#1711=EDGE_LOOP('',(#10185,#10186,#10187,#10188));
#1712=EDGE_LOOP('',(#10189,#10190,#10191,#10192));
#1713=EDGE_LOOP('',(#10193,#10194,#10195,#10196));
#1714=EDGE_LOOP('',(#10197,#10198,#10199,#10200));
#1715=EDGE_LOOP('',(#10201,#10202,#10203,#10204));
#1716=EDGE_LOOP('',(#10205,#10206,#10207,#10208));
#1717=EDGE_LOOP('',(#10209,#10210,#10211,#10212));
#1718=EDGE_LOOP('',(#10213,#10214,#10215,#10216));
#1719=EDGE_LOOP('',(#10217,#10218,#10219,#10220));
#1720=EDGE_LOOP('',(#10221,#10222,#10223,#10224));
#1721=EDGE_LOOP('',(#10225,#10226,#10227,#10228));
#1722=EDGE_LOOP('',(#10229,#10230,#10231,#10232));
#1723=EDGE_LOOP('',(#10233,#10234,#10235,#10236));
#1724=EDGE_LOOP('',(#10237,#10238,#10239,#10240));
#1725=EDGE_LOOP('',(#10241,#10242,#10243,#10244));
#1726=EDGE_LOOP('',(#10245,#10246,#10247,#10248));
#1727=EDGE_LOOP('',(#10249,#10250,#10251,#10252));
#1728=EDGE_LOOP('',(#10253,#10254,#10255,#10256));
#1729=EDGE_LOOP('',(#10257,#10258,#10259,#10260));
#1730=EDGE_LOOP('',(#10261,#10262,#10263,#10264));
#1731=EDGE_LOOP('',(#10265,#10266,#10267,#10268));
#1732=EDGE_LOOP('',(#10269,#10270,#10271,#10272));
#1733=EDGE_LOOP('',(#10273,#10274,#10275,#10276));
#1734=EDGE_LOOP('',(#10277,#10278,#10279,#10280));
#1735=EDGE_LOOP('',(#10281,#10282,#10283,#10284));
#1736=EDGE_LOOP('',(#10285,#10286,#10287,#10288));
#1737=EDGE_LOOP('',(#10289,#10290,#10291,#10292));
#1738=EDGE_LOOP('',(#10293,#10294,#10295,#10296,#10297));
#1739=EDGE_LOOP('',(#10298,#10299,#10300,#10301));
#1740=EDGE_LOOP('',(#10302,#10303,#10304,#10305));
#1741=EDGE_LOOP('',(#10306,#10307,#10308,#10309,#10310,#10311,#10312,#10313,
#10314,#10315,#10316,#10317,#10318,#10319,#10320,#10321,#10322,#10323,#10324,
#10325,#10326,#10327,#10328,#10329,#10330,#10331,#10332,#10333,#10334,#10335,
#10336,#10337,#10338,#10339));
#1742=EDGE_LOOP('',(#10340,#10341,#10342,#10343));
#1743=EDGE_LOOP('',(#10344,#10345,#10346,#10347));
#1744=EDGE_LOOP('',(#10348,#10349,#10350,#10351));
#1745=EDGE_LOOP('',(#10352,#10353,#10354,#10355));
#1746=EDGE_LOOP('',(#10356,#10357,#10358,#10359));
#1747=EDGE_LOOP('',(#10360,#10361,#10362,#10363));
#1748=EDGE_LOOP('',(#10364,#10365,#10366,#10367));
#1749=EDGE_LOOP('',(#10368,#10369,#10370,#10371));
#1750=EDGE_LOOP('',(#10372,#10373,#10374,#10375));
#1751=EDGE_LOOP('',(#10376,#10377,#10378,#10379));
#1752=EDGE_LOOP('',(#10380,#10381,#10382,#10383));
#1753=EDGE_LOOP('',(#10384,#10385,#10386,#10387));
#1754=EDGE_LOOP('',(#10388,#10389,#10390,#10391));
#1755=LINE('',#16094,#2747);
#1756=LINE('',#16097,#2748);
#1757=LINE('',#16151,#2749);
#1758=LINE('',#16152,#2750);
#1759=LINE('',#16201,#2751);
#1760=LINE('',#16203,#2752);
#1761=LINE('',#16207,#2753);
#1762=LINE('',#16209,#2754);
#1763=LINE('',#16213,#2755);
#1764=LINE('',#16215,#2756);
#1765=LINE('',#16219,#2757);
#1766=LINE('',#16223,#2758);
#1767=LINE('',#16225,#2759);
#1768=LINE('',#16229,#2760);
#1769=LINE('',#16231,#2761);
#1770=LINE('',#16235,#2762);
#1771=LINE('',#16239,#2763);
#1772=LINE('',#16241,#2764);
#1773=LINE('',#16245,#2765);
#1774=LINE('',#16247,#2766);
#1775=LINE('',#16251,#2767);
#1776=LINE('',#16255,#2768);
#1777=LINE('',#16257,#2769);
#1778=LINE('',#16259,#2770);
#1779=LINE('',#16263,#2771);
#1780=LINE('',#16267,#2772);
#1781=LINE('',#16269,#2773);
#1782=LINE('',#16273,#2774);
#1783=LINE('',#16275,#2775);
#1784=LINE('',#16279,#2776);
#1785=LINE('',#16283,#2777);
#1786=LINE('',#16285,#2778);
#1787=LINE('',#16289,#2779);
#1788=LINE('',#16293,#2780);
#1789=LINE('',#16297,#2781);
#1790=LINE('',#16301,#2782);
#1791=LINE('',#16305,#2783);
#1792=LINE('',#16309,#2784);
#1793=LINE('',#16310,#2785);
#1794=LINE('',#16316,#2786);
#1795=LINE('',#16319,#2787);
#1796=LINE('',#16334,#2788);
#1797=LINE('',#16337,#2789);
#1798=LINE('',#16356,#2790);
#1799=LINE('',#16357,#2791);
#1800=LINE('',#16368,#2792);
#1801=LINE('',#16369,#2793);
#1802=LINE('',#16380,#2794);
#1803=LINE('',#16381,#2795);
#1804=LINE('',#16397,#2796);
#1805=LINE('',#16413,#2797);
#1806=LINE('',#16414,#2798);
#1807=LINE('',#16421,#2799);
#1808=LINE('',#16423,#2800);
#1809=LINE('',#16425,#2801);
#1810=LINE('',#16427,#2802);
#1811=LINE('',#16428,#2803);
#1812=LINE('',#16433,#2804);
#1813=LINE('',#16437,#2805);
#1814=LINE('',#16439,#2806);
#1815=LINE('',#16441,#2807);
#1816=LINE('',#16442,#2808);
#1817=LINE('',#16445,#2809);
#1818=LINE('',#16449,#2810);
#1819=LINE('',#16453,#2811);
#1820=LINE('',#16455,#2812);
#1821=LINE('',#16457,#2813);
#1822=LINE('',#16461,#2814);
#1823=LINE('',#16465,#2815);
#1824=LINE('',#16466,#2816);
#1825=LINE('',#16472,#2817);
#1826=LINE('',#16475,#2818);
#1827=LINE('',#16501,#2819);
#1828=LINE('',#16502,#2820);
#1829=LINE('',#16513,#2821);
#1830=LINE('',#16514,#2822);
#1831=LINE('',#16530,#2823);
#1832=LINE('',#16535,#2824);
#1833=LINE('',#16537,#2825);
#1834=LINE('',#16538,#2826);
#1835=LINE('',#16543,#2827);
#1836=LINE('',#16547,#2828);
#1837=LINE('',#16548,#2829);
#1838=LINE('',#16551,#2830);
#1839=LINE('',#16553,#2831);
#1840=LINE('',#16555,#2832);
#1841=LINE('',#16556,#2833);
#1842=LINE('',#16560,#2834);
#1843=LINE('',#16581,#2835);
#1844=LINE('',#16621,#2836);
#1845=LINE('',#16627,#2837);
#1846=LINE('',#16635,#2838);
#1847=LINE('',#16639,#2839);
#1848=LINE('',#16649,#2840);
#1849=LINE('',#16655,#2841);
#1850=LINE('',#16659,#2842);
#1851=LINE('',#16667,#2843);
#1852=LINE('',#16675,#2844);
#1853=LINE('',#16681,#2845);
#1854=LINE('',#16684,#2846);
#1855=LINE('',#16688,#2847);
#1856=LINE('',#16690,#2848);
#1857=LINE('',#16693,#2849);
#1858=LINE('',#16694,#2850);
#1859=LINE('',#16697,#2851);
#1860=LINE('',#16701,#2852);
#1861=LINE('',#16702,#2853);
#1862=LINE('',#16705,#2854);
#1863=LINE('',#16709,#2855);
#1864=LINE('',#16710,#2856);
#1865=LINE('',#16713,#2857);
#1866=LINE('',#16717,#2858);
#1867=LINE('',#16718,#2859);
#1868=LINE('',#16721,#2860);
#1869=LINE('',#16725,#2861);
#1870=LINE('',#16726,#2862);
#1871=LINE('',#16729,#2863);
#1872=LINE('',#16730,#2864);
#1873=LINE('',#16733,#2865);
#1874=LINE('',#16737,#2866);
#1875=LINE('',#16738,#2867);
#1876=LINE('',#16741,#2868);
#1877=LINE('',#16745,#2869);
#1878=LINE('',#16746,#2870);
#1879=LINE('',#16749,#2871);
#1880=LINE('',#16750,#2872);
#1881=LINE('',#16753,#2873);
#1882=LINE('',#16757,#2874);
#1883=LINE('',#16759,#2875);
#1884=LINE('',#16761,#2876);
#1885=LINE('',#16762,#2877);
#1886=LINE('',#16765,#2878);
#1887=LINE('',#16766,#2879);
#1888=LINE('',#16769,#2880);
#1889=LINE('',#16773,#2881);
#1890=LINE('',#16777,#2882);
#1891=LINE('',#16778,#2883);
#1892=LINE('',#16782,#2884);
#1893=LINE('',#16788,#2885);
#1894=LINE('',#16987,#2886);
#1895=LINE('',#16994,#2887);
#1896=LINE('',#16997,#2888);
#1897=LINE('',#17004,#2889);
#1898=LINE('',#17007,#2890);
#1899=LINE('',#17016,#2891);
#1900=LINE('',#17022,#2892);
#1901=LINE('',#17025,#2893);
#1902=LINE('',#17032,#2894);
#1903=LINE('',#17035,#2895);
#1904=LINE('',#17044,#2896);
#1905=LINE('',#17050,#2897);
#1906=LINE('',#17053,#2898);
#1907=LINE('',#17060,#2899);
#1908=LINE('',#17063,#2900);
#1909=LINE('',#17072,#2901);
#1910=LINE('',#17077,#2902);
#1911=LINE('',#17080,#2903);
#1912=LINE('',#17083,#2904);
#1913=LINE('',#17084,#2905);
#1914=LINE('',#17087,#2906);
#1915=LINE('',#17091,#2907);
#1916=LINE('',#17092,#2908);
#1917=LINE('',#17095,#2909);
#1918=LINE('',#17099,#2910);
#1919=LINE('',#17100,#2911);
#1920=LINE('',#17103,#2912);
#1921=LINE('',#17107,#2913);
#1922=LINE('',#17108,#2914);
#1923=LINE('',#17111,#2915);
#1924=LINE('',#17115,#2916);
#1925=LINE('',#17117,#2917);
#1926=LINE('',#17119,#2918);
#1927=LINE('',#17121,#2919);
#1928=LINE('',#17123,#2920);
#1929=LINE('',#17124,#2921);
#1930=LINE('',#17127,#2922);
#1931=LINE('',#17131,#2923);
#1932=LINE('',#17132,#2924);
#1933=LINE('',#17135,#2925);
#1934=LINE('',#17139,#2926);
#1935=LINE('',#17140,#2927);
#1936=LINE('',#17143,#2928);
#1937=LINE('',#17147,#2929);
#1938=LINE('',#17148,#2930);
#1939=LINE('',#17151,#2931);
#1940=LINE('',#17155,#2932);
#1941=LINE('',#17156,#2933);
#1942=LINE('',#17159,#2934);
#1943=LINE('',#17163,#2935);
#1944=LINE('',#17164,#2936);
#1945=LINE('',#17167,#2937);
#1946=LINE('',#17171,#2938);
#1947=LINE('',#17172,#2939);
#1948=LINE('',#17175,#2940);
#1949=LINE('',#17179,#2941);
#1950=LINE('',#17180,#2942);
#1951=LINE('',#17183,#2943);
#1952=LINE('',#17187,#2944);
#1953=LINE('',#17188,#2945);
#1954=LINE('',#17191,#2946);
#1955=LINE('',#17195,#2947);
#1956=LINE('',#17196,#2948);
#1957=LINE('',#17199,#2949);
#1958=LINE('',#17203,#2950);
#1959=LINE('',#17204,#2951);
#1960=LINE('',#17209,#2952);
#1961=LINE('',#17212,#2953);
#1962=LINE('',#17235,#2954);
#1963=LINE('',#17253,#2955);
#1964=LINE('',#17256,#2956);
#1965=LINE('',#17257,#2957);
#1966=LINE('',#17260,#2958);
#1967=LINE('',#17265,#2959);
#1968=LINE('',#17267,#2960);
#1969=LINE('',#17269,#2961);
#1970=LINE('',#17270,#2962);
#1971=LINE('',#17274,#2963);
#1972=LINE('',#17280,#2964);
#1973=LINE('',#17281,#2965);
#1974=LINE('',#17282,#2966);
#1975=LINE('',#17286,#2967);
#1976=LINE('',#17292,#2968);
#1977=LINE('',#17293,#2969);
#1978=LINE('',#17294,#2970);
#1979=LINE('',#17298,#2971);
#1980=LINE('',#17304,#2972);
#1981=LINE('',#17305,#2973);
#1982=LINE('',#17306,#2974);
#1983=LINE('',#17309,#2975);
#1984=LINE('',#17312,#2976);
#1985=LINE('',#17315,#2977);
#1986=LINE('',#17316,#2978);
#1987=LINE('',#17319,#2979);
#1988=LINE('',#17323,#2980);
#1989=LINE('',#17324,#2981);
#1990=LINE('',#17327,#2982);
#1991=LINE('',#17330,#2983);
#1992=LINE('',#17331,#2984);
#1993=LINE('',#17335,#2985);
#1994=LINE('',#17337,#2986);
#1995=LINE('',#17339,#2987);
#1996=LINE('',#17340,#2988);
#1997=LINE('',#17344,#2989);
#1998=LINE('',#17349,#2990);
#1999=LINE('',#17350,#2991);
#2000=LINE('',#17351,#2992);
#2001=LINE('',#17354,#2993);
#2002=LINE('',#17358,#2994);
#2003=LINE('',#17363,#2995);
#2004=LINE('',#17365,#2996);
#2005=LINE('',#17367,#2997);
#2006=LINE('',#17368,#2998);
#2007=LINE('',#17372,#2999);
#2008=LINE('',#17378,#3000);
#2009=LINE('',#17379,#3001);
#2010=LINE('',#17380,#3002);
#2011=LINE('',#17384,#3003);
#2012=LINE('',#17389,#3004);
#2013=LINE('',#17390,#3005);
#2014=LINE('',#17391,#3006);
#2015=LINE('',#17394,#3007);
#2016=LINE('',#17396,#3008);
#2017=LINE('',#17397,#3009);
#2018=LINE('',#17400,#3010);
#2019=LINE('',#17403,#3011);
#2020=LINE('',#17404,#3012);
#2021=LINE('',#17407,#3013);
#2022=LINE('',#17409,#3014);
#2023=LINE('',#17410,#3015);
#2024=LINE('',#17413,#3016);
#2025=LINE('',#17417,#3017);
#2026=LINE('',#17418,#3018);
#2027=LINE('',#17421,#3019);
#2028=LINE('',#17424,#3020);
#2029=LINE('',#17427,#3021);
#2030=LINE('',#17429,#3022);
#2031=LINE('',#17436,#3023);
#2032=LINE('',#17439,#3024);
#2033=LINE('',#17442,#3025);
#2034=LINE('',#17451,#3026);
#2035=LINE('',#17460,#3027);
#2036=LINE('',#17462,#3028);
#2037=LINE('',#17464,#3029);
#2038=LINE('',#17466,#3030);
#2039=LINE('',#17469,#3031);
#2040=LINE('',#17470,#3032);
#2041=LINE('',#17487,#3033);
#2042=LINE('',#17489,#3034);
#2043=LINE('',#17490,#3035);
#2044=LINE('',#17493,#3036);
#2045=LINE('',#17497,#3037);
#2046=LINE('',#17498,#3038);
#2047=LINE('',#17501,#3039);
#2048=LINE('',#17505,#3040);
#2049=LINE('',#17506,#3041);
#2050=LINE('',#17522,#3042);
#2051=LINE('',#17526,#3043);
#2052=LINE('',#17538,#3044);
#2053=LINE('',#17542,#3045);
#2054=LINE('',#17554,#3046);
#2055=LINE('',#17558,#3047);
#2056=LINE('',#17562,#3048);
#2057=LINE('',#17566,#3049);
#2058=LINE('',#17570,#3050);
#2059=LINE('',#17576,#3051);
#2060=LINE('',#17578,#3052);
#2061=LINE('',#17582,#3053);
#2062=LINE('',#17586,#3054);
#2063=LINE('',#17590,#3055);
#2064=LINE('',#17594,#3056);
#2065=LINE('',#17598,#3057);
#2066=LINE('',#17602,#3058);
#2067=LINE('',#17606,#3059);
#2068=LINE('',#17610,#3060);
#2069=LINE('',#17614,#3061);
#2070=LINE('',#17618,#3062);
#2071=LINE('',#17622,#3063);
#2072=LINE('',#17626,#3064);
#2073=LINE('',#17630,#3065);
#2074=LINE('',#17634,#3066);
#2075=LINE('',#17638,#3067);
#2076=LINE('',#17642,#3068);
#2077=LINE('',#17646,#3069);
#2078=LINE('',#17650,#3070);
#2079=LINE('',#17654,#3071);
#2080=LINE('',#17658,#3072);
#2081=LINE('',#17662,#3073);
#2082=LINE('',#17672,#3074);
#2083=LINE('',#17674,#3075);
#2084=LINE('',#17678,#3076);
#2085=LINE('',#17682,#3077);
#2086=LINE('',#17685,#3078);
#2087=LINE('',#17688,#3079);
#2088=LINE('',#17692,#3080);
#2089=LINE('',#17696,#3081);
#2090=LINE('',#17700,#3082);
#2091=LINE('',#17704,#3083);
#2092=LINE('',#17708,#3084);
#2093=LINE('',#17712,#3085);
#2094=LINE('',#17716,#3086);
#2095=LINE('',#17720,#3087);
#2096=LINE('',#17724,#3088);
#2097=LINE('',#17734,#3089);
#2098=LINE('',#17738,#3090);
#2099=LINE('',#17744,#3091);
#2100=LINE('',#17754,#3092);
#2101=LINE('',#17760,#3093);
#2102=LINE('',#17776,#3094);
#2103=LINE('',#17779,#3095);
#2104=LINE('',#17782,#3096);
#2105=LINE('',#17786,#3097);
#2106=LINE('',#17792,#3098);
#2107=LINE('',#17796,#3099);
#2108=LINE('',#17800,#3100);
#2109=LINE('',#17804,#3101);
#2110=LINE('',#17808,#3102);
#2111=LINE('',#17812,#3103);
#2112=LINE('',#17816,#3104);
#2113=LINE('',#17820,#3105);
#2114=LINE('',#17824,#3106);
#2115=LINE('',#17828,#3107);
#2116=LINE('',#17832,#3108);
#2117=LINE('',#17836,#3109);
#2118=LINE('',#17846,#3110);
#2119=LINE('',#17850,#3111);
#2120=LINE('',#17854,#3112);
#2121=LINE('',#17858,#3113);
#2122=LINE('',#17862,#3114);
#2123=LINE('',#17866,#3115);
#2124=LINE('',#17870,#3116);
#2125=LINE('',#17874,#3117);
#2126=LINE('',#17878,#3118);
#2127=LINE('',#17882,#3119);
#2128=LINE('',#17886,#3120);
#2129=LINE('',#17890,#3121);
#2130=LINE('',#17894,#3122);
#2131=LINE('',#17906,#3123);
#2132=LINE('',#17910,#3124);
#2133=LINE('',#17914,#3125);
#2134=LINE('',#17918,#3126);
#2135=LINE('',#17922,#3127);
#2136=LINE('',#17926,#3128);
#2137=LINE('',#17930,#3129);
#2138=LINE('',#17934,#3130);
#2139=LINE('',#17938,#3131);
#2140=LINE('',#17942,#3132);
#2141=LINE('',#17946,#3133);
#2142=LINE('',#17950,#3134);
#2143=LINE('',#17954,#3135);
#2144=LINE('',#17958,#3136);
#2145=LINE('',#17962,#3137);
#2146=LINE('',#17966,#3138);
#2147=LINE('',#17974,#3139);
#2148=LINE('',#17978,#3140);
#2149=LINE('',#17982,#3141);
#2150=LINE('',#17986,#3142);
#2151=LINE('',#17990,#3143);
#2152=LINE('',#17994,#3144);
#2153=LINE('',#17998,#3145);
#2154=LINE('',#18002,#3146);
#2155=LINE('',#18006,#3147);
#2156=LINE('',#18010,#3148);
#2157=LINE('',#18014,#3149);
#2158=LINE('',#18018,#3150);
#2159=LINE('',#18022,#3151);
#2160=LINE('',#18026,#3152);
#2161=LINE('',#18030,#3153);
#2162=LINE('',#18034,#3154);
#2163=LINE('',#18038,#3155);
#2164=LINE('',#18042,#3156);
#2165=LINE('',#18046,#3157);
#2166=LINE('',#18050,#3158);
#2167=LINE('',#18054,#3159);
#2168=LINE('',#18058,#3160);
#2169=LINE('',#18062,#3161);
#2170=LINE('',#18066,#3162);
#2171=LINE('',#18070,#3163);
#2172=LINE('',#18076,#3164);
#2173=LINE('',#18080,#3165);
#2174=LINE('',#18084,#3166);
#2175=LINE('',#18087,#3167);
#2176=LINE('',#18092,#3168);
#2177=LINE('',#18096,#3169);
#2178=LINE('',#18100,#3170);
#2179=LINE('',#18104,#3171);
#2180=LINE('',#18108,#3172);
#2181=LINE('',#18111,#3173);
#2182=LINE('',#18114,#3174);
#2183=LINE('',#18118,#3175);
#2184=LINE('',#18122,#3176);
#2185=LINE('',#18126,#3177);
#2186=LINE('',#18130,#3178);
#2187=LINE('',#18134,#3179);
#2188=LINE('',#18138,#3180);
#2189=LINE('',#18142,#3181);
#2190=LINE('',#18146,#3182);
#2191=LINE('',#18150,#3183);
#2192=LINE('',#18154,#3184);
#2193=LINE('',#18159,#3185);
#2194=LINE('',#18163,#3186);
#2195=LINE('',#18167,#3187);
#2196=LINE('',#18170,#3188);
#2197=LINE('',#18174,#3189);
#2198=LINE('',#18175,#3190);
#2199=LINE('',#18177,#3191);
#2200=LINE('',#18180,#3192);
#2201=LINE('',#18181,#3193);
#2202=LINE('',#18184,#3194);
#2203=LINE('',#18188,#3195);
#2204=LINE('',#18191,#3196);
#2205=LINE('',#18194,#3197);
#2206=LINE('',#18197,#3198);
#2207=LINE('',#18200,#3199);
#2208=LINE('',#18201,#3200);
#2209=LINE('',#18204,#3201);
#2210=LINE('',#18208,#3202);
#2211=LINE('',#18209,#3203);
#2212=LINE('',#18213,#3204);
#2213=LINE('',#18217,#3205);
#2214=LINE('',#18220,#3206);
#2215=LINE('',#18223,#3207);
#2216=LINE('',#18228,#3208);
#2217=LINE('',#18231,#3209);
#2218=LINE('',#18234,#3210);
#2219=LINE('',#18237,#3211);
#2220=LINE('',#18238,#3212);
#2221=LINE('',#18243,#3213);
#2222=LINE('',#18244,#3214);
#2223=LINE('',#18246,#3215);
#2224=LINE('',#18251,#3216);
#2225=LINE('',#18252,#3217);
#2226=LINE('',#18255,#3218);
#2227=LINE('',#18256,#3219);
#2228=LINE('',#18260,#3220);
#2229=LINE('',#18265,#3221);
#2230=LINE('',#18266,#3222);
#2231=LINE('',#18269,#3223);
#2232=LINE('',#18270,#3224);
#2233=LINE('',#18274,#3225);
#2234=LINE('',#18279,#3226);
#2235=LINE('',#18280,#3227);
#2236=LINE('',#18283,#3228);
#2237=LINE('',#18284,#3229);
#2238=LINE('',#18288,#3230);
#2239=LINE('',#18293,#3231);
#2240=LINE('',#18294,#3232);
#2241=LINE('',#18297,#3233);
#2242=LINE('',#18298,#3234);
#2243=LINE('',#18302,#3235);
#2244=LINE('',#18307,#3236);
#2245=LINE('',#18308,#3237);
#2246=LINE('',#18311,#3238);
#2247=LINE('',#18312,#3239);
#2248=LINE('',#18316,#3240);
#2249=LINE('',#18320,#3241);
#2250=LINE('',#18323,#3242);
#2251=LINE('',#18327,#3243);
#2252=LINE('',#18328,#3244);
#2253=LINE('',#18332,#3245);
#2254=LINE('',#18334,#3246);
#2255=LINE('',#18336,#3247);
#2256=LINE('',#18337,#3248);
#2257=LINE('',#18340,#3249);
#2258=LINE('',#18344,#3250);
#2259=LINE('',#18345,#3251);
#2260=LINE('',#18348,#3252);
#2261=LINE('',#18349,#3253);
#2262=LINE('',#18353,#3254);
#2263=LINE('',#18357,#3255);
#2264=LINE('',#18361,#3256);
#2265=LINE('',#18365,#3257);
#2266=LINE('',#18368,#3258);
#2267=LINE('',#18370,#3259);
#2268=LINE('',#18371,#3260);
#2269=LINE('',#18373,#3261);
#2270=LINE('',#18375,#3262);
#2271=LINE('',#18377,#3263);
#2272=LINE('',#18395,#3264);
#2273=LINE('',#18398,#3265);
#2274=LINE('',#18401,#3266);
#2275=LINE('',#18405,#3267);
#2276=LINE('',#18406,#3268);
#2277=LINE('',#18409,#3269);
#2278=LINE('',#18413,#3270);
#2279=LINE('',#18414,#3271);
#2280=LINE('',#18417,#3272);
#2281=LINE('',#18421,#3273);
#2282=LINE('',#18425,#3274);
#2283=LINE('',#18429,#3275);
#2284=LINE('',#18432,#3276);
#2285=LINE('',#18435,#3277);
#2286=LINE('',#18436,#3278);
#2287=LINE('',#18439,#3279);
#2288=LINE('',#18443,#3280);
#2289=LINE('',#18444,#3281);
#2290=LINE('',#18447,#3282);
#2291=LINE('',#18451,#3283);
#2292=LINE('',#18455,#3284);
#2293=LINE('',#18459,#3285);
#2294=LINE('',#18461,#3286);
#2295=LINE('',#18462,#3287);
#2296=LINE('',#18465,#3288);
#2297=LINE('',#18469,#3289);
#2298=LINE('',#18470,#3290);
#2299=LINE('',#18473,#3291);
#2300=LINE('',#18474,#3292);
#2301=LINE('',#18476,#3293);
#2302=LINE('',#18477,#3294);
#2303=LINE('',#18480,#3295);
#2304=LINE('',#18483,#3296);
#2305=LINE('',#18486,#3297);
#2306=LINE('',#18487,#3298);
#2307=LINE('',#18490,#3299);
#2308=LINE('',#18494,#3300);
#2309=LINE('',#18495,#3301);
#2310=LINE('',#18498,#3302);
#2311=LINE('',#18502,#3303);
#2312=LINE('',#18503,#3304);
#2313=LINE('',#18506,#3305);
#2314=LINE('',#18509,#3306);
#2315=LINE('',#18512,#3307);
#2316=LINE('',#18513,#3308);
#2317=LINE('',#18516,#3309);
#2318=LINE('',#18520,#3310);
#2319=LINE('',#18521,#3311);
#2320=LINE('',#18524,#3312);
#2321=LINE('',#18528,#3313);
#2322=LINE('',#18529,#3314);
#2323=LINE('',#18532,#3315);
#2324=LINE('',#18535,#3316);
#2325=LINE('',#18538,#3317);
#2326=LINE('',#18539,#3318);
#2327=LINE('',#18542,#3319);
#2328=LINE('',#18546,#3320);
#2329=LINE('',#18547,#3321);
#2330=LINE('',#18550,#3322);
#2331=LINE('',#18554,#3323);
#2332=LINE('',#18555,#3324);
#2333=LINE('',#18558,#3325);
#2334=LINE('',#18561,#3326);
#2335=LINE('',#18564,#3327);
#2336=LINE('',#18565,#3328);
#2337=LINE('',#18568,#3329);
#2338=LINE('',#18572,#3330);
#2339=LINE('',#18573,#3331);
#2340=LINE('',#18577,#3332);
#2341=LINE('',#18578,#3333);
#2342=LINE('',#18580,#3334);
#2343=LINE('',#18582,#3335);
#2344=LINE('',#18586,#3336);
#2345=LINE('',#18589,#3337);
#2346=LINE('',#18592,#3338);
#2347=LINE('',#18593,#3339);
#2348=LINE('',#18596,#3340);
#2349=LINE('',#18600,#3341);
#2350=LINE('',#18601,#3342);
#2351=LINE('',#18604,#3343);
#2352=LINE('',#18608,#3344);
#2353=LINE('',#18609,#3345);
#2354=LINE('',#18612,#3346);
#2355=LINE('',#18615,#3347);
#2356=LINE('',#18618,#3348);
#2357=LINE('',#18619,#3349);
#2358=LINE('',#18622,#3350);
#2359=LINE('',#18626,#3351);
#2360=LINE('',#18627,#3352);
#2361=LINE('',#18630,#3353);
#2362=LINE('',#18634,#3354);
#2363=LINE('',#18635,#3355);
#2364=LINE('',#18638,#3356);
#2365=LINE('',#18639,#3357);
#2366=LINE('',#18642,#3358);
#2367=LINE('',#18645,#3359);
#2368=LINE('',#18648,#3360);
#2369=LINE('',#18652,#3361);
#2370=LINE('',#18656,#3362);
#2371=LINE('',#18660,#3363);
#2372=LINE('',#18664,#3364);
#2373=LINE('',#18666,#3365);
#2374=LINE('',#18667,#3366);
#2375=LINE('',#18670,#3367);
#2376=LINE('',#18674,#3368);
#2377=LINE('',#18678,#3369);
#2378=LINE('',#18679,#3370);
#2379=LINE('',#18681,#3371);
#2380=LINE('',#18683,#3372);
#2381=LINE('',#18684,#3373);
#2382=LINE('',#18687,#3374);
#2383=LINE('',#18691,#3375);
#2384=LINE('',#18692,#3376);
#2385=LINE('',#18695,#3377);
#2386=LINE('',#18698,#3378);
#2387=LINE('',#18701,#3379);
#2388=LINE('',#18702,#3380);
#2389=LINE('',#18705,#3381);
#2390=LINE('',#18709,#3382);
#2391=LINE('',#18710,#3383);
#2392=LINE('',#18713,#3384);
#2393=LINE('',#18717,#3385);
#2394=LINE('',#18718,#3386);
#2395=LINE('',#18721,#3387);
#2396=LINE('',#18723,#3388);
#2397=LINE('',#18724,#3389);
#2398=LINE('',#18727,#3390);
#2399=LINE('',#18730,#3391);
#2400=LINE('',#18733,#3392);
#2401=LINE('',#18736,#3393);
#2402=LINE('',#18739,#3394);
#2403=LINE('',#18740,#3395);
#2404=LINE('',#18743,#3396);
#2405=LINE('',#18747,#3397);
#2406=LINE('',#18748,#3398);
#2407=LINE('',#18751,#3399);
#2408=LINE('',#18755,#3400);
#2409=LINE('',#18756,#3401);
#2410=LINE('',#18759,#3402);
#2411=LINE('',#18761,#3403);
#2412=LINE('',#18762,#3404);
#2413=LINE('',#18765,#3405);
#2414=LINE('',#18769,#3406);
#2415=LINE('',#18773,#3407);
#2416=LINE('',#18777,#3408);
#2417=LINE('',#18781,#3409);
#2418=LINE('',#18785,#3410);
#2419=LINE('',#18786,#3411);
#2420=LINE('',#18789,#3412);
#2421=LINE('',#18792,#3413);
#2422=LINE('',#18795,#3414);
#2423=LINE('',#18796,#3415);
#2424=LINE('',#18799,#3416);
#2425=LINE('',#18803,#3417);
#2426=LINE('',#18804,#3418);
#2427=LINE('',#18807,#3419);
#2428=LINE('',#18811,#3420);
#2429=LINE('',#18812,#3421);
#2430=LINE('',#18815,#3422);
#2431=LINE('',#18818,#3423);
#2432=LINE('',#18821,#3424);
#2433=LINE('',#18822,#3425);
#2434=LINE('',#18825,#3426);
#2435=LINE('',#18829,#3427);
#2436=LINE('',#18830,#3428);
#2437=LINE('',#18833,#3429);
#2438=LINE('',#18837,#3430);
#2439=LINE('',#18838,#3431);
#2440=LINE('',#18841,#3432);
#2441=LINE('',#18844,#3433);
#2442=LINE('',#18846,#3434);
#2443=LINE('',#18849,#3435);
#2444=LINE('',#18851,#3436);
#2445=LINE('',#18852,#3437);
#2446=LINE('',#18855,#3438);
#2447=LINE('',#18859,#3439);
#2448=LINE('',#18860,#3440);
#2449=LINE('',#18863,#3441);
#2450=LINE('',#18867,#3442);
#2451=LINE('',#18868,#3443);
#2452=LINE('',#18871,#3444);
#2453=LINE('',#18872,#3445);
#2454=LINE('',#18875,#3446);
#2455=LINE('',#18877,#3447);
#2456=LINE('',#18878,#3448);
#2457=LINE('',#18881,#3449);
#2458=LINE('',#18885,#3450);
#2459=LINE('',#18886,#3451);
#2460=LINE('',#18889,#3452);
#2461=LINE('',#18893,#3453);
#2462=LINE('',#18894,#3454);
#2463=LINE('',#18897,#3455);
#2464=LINE('',#18899,#3456);
#2465=LINE('',#18900,#3457);
#2466=LINE('',#18903,#3458);
#2467=LINE('',#18907,#3459);
#2468=LINE('',#18908,#3460);
#2469=LINE('',#18911,#3461);
#2470=LINE('',#18915,#3462);
#2471=LINE('',#18916,#3463);
#2472=LINE('',#18919,#3464);
#2473=LINE('',#18921,#3465);
#2474=LINE('',#18922,#3466);
#2475=LINE('',#18925,#3467);
#2476=LINE('',#18929,#3468);
#2477=LINE('',#18930,#3469);
#2478=LINE('',#18933,#3470);
#2479=LINE('',#18937,#3471);
#2480=LINE('',#18939,#3472);
#2481=LINE('',#18940,#3473);
#2482=LINE('',#18943,#3474);
#2483=LINE('',#18947,#3475);
#2484=LINE('',#18948,#3476);
#2485=LINE('',#18951,#3477);
#2486=LINE('',#18955,#3478);
#2487=LINE('',#18956,#3479);
#2488=LINE('',#18959,#3480);
#2489=LINE('',#18963,#3481);
#2490=LINE('',#18966,#3482);
#2491=LINE('',#18969,#3483);
#2492=LINE('',#18970,#3484);
#2493=LINE('',#18973,#3485);
#2494=LINE('',#18977,#3486);
#2495=LINE('',#18978,#3487);
#2496=LINE('',#18981,#3488);
#2497=LINE('',#18985,#3489);
#2498=LINE('',#18986,#3490);
#2499=LINE('',#19002,#3491);
#2500=LINE('',#19004,#3492);
#2501=LINE('',#19005,#3493);
#2502=LINE('',#19009,#3494);
#2503=LINE('',#19011,#3495);
#2504=LINE('',#19013,#3496);
#2505=LINE('',#19014,#3497);
#2506=LINE('',#19019,#3498);
#2507=LINE('',#19023,#3499);
#2508=LINE('',#19025,#3500);
#2509=LINE('',#19026,#3501);
#2510=LINE('',#19030,#3502);
#2511=LINE('',#19032,#3503);
#2512=LINE('',#19034,#3504);
#2513=LINE('',#19035,#3505);
#2514=LINE('',#19039,#3506);
#2515=LINE('',#19041,#3507);
#2516=LINE('',#19043,#3508);
#2517=LINE('',#19044,#3509);
#2518=LINE('',#19047,#3510);
#2519=LINE('',#19049,#3511);
#2520=LINE('',#19051,#3512);
#2521=LINE('',#19052,#3513);
#2522=LINE('',#19053,#3514);
#2523=LINE('',#19058,#3515);
#2524=LINE('',#19065,#3516);
#2525=LINE('',#19069,#3517);
#2526=LINE('',#19072,#3518);
#2527=LINE('',#19077,#3519);
#2528=LINE('',#19084,#3520);
#2529=LINE('',#19088,#3521);
#2530=LINE('',#19091,#3522);
#2531=LINE('',#19096,#3523);
#2532=LINE('',#19103,#3524);
#2533=LINE('',#19107,#3525);
#2534=LINE('',#19110,#3526);
#2535=LINE('',#19115,#3527);
#2536=LINE('',#19121,#3528);
#2537=LINE('',#19124,#3529);
#2538=LINE('',#19128,#3530);
#2539=LINE('',#19134,#3531);
#2540=LINE('',#19141,#3532);
#2541=LINE('',#19145,#3533);
#2542=LINE('',#19148,#3534);
#2543=LINE('',#19154,#3535);
#2544=LINE('',#19158,#3536);
#2545=LINE('',#19159,#3537);
#2546=LINE('',#19162,#3538);
#2547=LINE('',#19164,#3539);
#2548=LINE('',#19166,#3540);
#2549=LINE('',#19168,#3541);
#2550=LINE('',#19169,#3542);
#2551=LINE('',#19172,#3543);
#2552=LINE('',#19176,#3544);
#2553=LINE('',#19177,#3545);
#2554=LINE('',#19180,#3546);
#2555=LINE('',#19185,#3547);
#2556=LINE('',#19189,#3548);
#2557=LINE('',#19192,#3549);
#2558=LINE('',#19197,#3550);
#2559=LINE('',#19201,#3551);
#2560=LINE('',#19204,#3552);
#2561=LINE('',#19208,#3553);
#2562=LINE('',#19209,#3554);
#2563=LINE('',#19212,#3555);
#2564=LINE('',#19215,#3556);
#2565=LINE('',#19219,#3557);
#2566=LINE('',#19223,#3558);
#2567=LINE('',#19226,#3559);
#2568=LINE('',#19228,#3560);
#2569=LINE('',#19229,#3561);
#2570=LINE('',#19232,#3562);
#2571=LINE('',#19236,#3563);
#2572=LINE('',#19240,#3564);
#2573=LINE('',#19241,#3565);
#2574=LINE('',#19244,#3566);
#2575=LINE('',#19248,#3567);
#2576=LINE('',#19249,#3568);
#2577=LINE('',#19253,#3569);
#2578=LINE('',#19257,#3570);
#2579=LINE('',#19259,#3571);
#2580=LINE('',#19263,#3572);
#2581=LINE('',#19269,#3573);
#2582=LINE('',#19272,#3574);
#2583=LINE('',#19276,#3575);
#2584=LINE('',#19277,#3576);
#2585=LINE('',#19280,#3577);
#2586=LINE('',#19284,#3578);
#2587=LINE('',#19285,#3579);
#2588=LINE('',#19288,#3580);
#2589=LINE('',#19291,#3581);
#2590=LINE('',#19294,#3582);
#2591=LINE('',#19295,#3583);
#2592=LINE('',#19298,#3584);
#2593=LINE('',#19302,#3585);
#2594=LINE('',#19303,#3586);
#2595=LINE('',#19306,#3587);
#2596=LINE('',#19310,#3588);
#2597=LINE('',#19311,#3589);
#2598=LINE('',#19318,#3590);
#2599=LINE('',#19322,#3591);
#2600=LINE('',#19323,#3592);
#2601=LINE('',#19326,#3593);
#2602=LINE('',#19329,#3594);
#2603=LINE('',#19332,#3595);
#2604=LINE('',#19336,#3596);
#2605=LINE('',#19337,#3597);
#2606=LINE('',#19340,#3598);
#2607=LINE('',#19343,#3599);
#2608=LINE('',#19346,#3600);
#2609=LINE('',#19350,#3601);
#2610=LINE('',#19351,#3602);
#2611=LINE('',#19354,#3603);
#2612=LINE('',#19357,#3604);
#2613=LINE('',#19360,#3605);
#2614=LINE('',#19364,#3606);
#2615=LINE('',#19365,#3607);
#2616=LINE('',#19368,#3608);
#2617=LINE('',#19371,#3609);
#2618=LINE('',#19374,#3610);
#2619=LINE('',#19378,#3611);
#2620=LINE('',#19379,#3612);
#2621=LINE('',#19382,#3613);
#2622=LINE('',#19385,#3614);
#2623=LINE('',#19388,#3615);
#2624=LINE('',#19392,#3616);
#2625=LINE('',#19393,#3617);
#2626=LINE('',#19396,#3618);
#2627=LINE('',#19400,#3619);
#2628=LINE('',#19401,#3620);
#2629=LINE('',#19404,#3621);
#2630=LINE('',#19407,#3622);
#2631=LINE('',#19410,#3623);
#2632=LINE('',#19414,#3624);
#2633=LINE('',#19415,#3625);
#2634=LINE('',#19418,#3626);
#2635=LINE('',#19422,#3627);
#2636=LINE('',#19423,#3628);
#2637=LINE('',#19426,#3629);
#2638=LINE('',#19429,#3630);
#2639=LINE('',#19432,#3631);
#2640=LINE('',#19436,#3632);
#2641=LINE('',#19437,#3633);
#2642=LINE('',#19440,#3634);
#2643=LINE('',#19444,#3635);
#2644=LINE('',#19445,#3636);
#2645=LINE('',#19448,#3637);
#2646=LINE('',#19452,#3638);
#2647=LINE('',#19453,#3639);
#2648=LINE('',#19458,#3640);
#2649=LINE('',#19462,#3641);
#2650=LINE('',#19463,#3642);
#2651=LINE('',#19466,#3643);
#2652=LINE('',#19470,#3644);
#2653=LINE('',#19471,#3645);
#2654=LINE('',#19474,#3646);
#2655=LINE('',#19477,#3647);
#2656=LINE('',#19480,#3648);
#2657=LINE('',#19484,#3649);
#2658=LINE('',#19485,#3650);
#2659=LINE('',#19488,#3651);
#2660=LINE('',#19492,#3652);
#2661=LINE('',#19493,#3653);
#2662=LINE('',#19496,#3654);
#2663=LINE('',#19499,#3655);
#2664=LINE('',#19502,#3656);
#2665=LINE('',#19503,#3657);
#2666=LINE('',#19508,#3658);
#2667=LINE('',#19512,#3659);
#2668=LINE('',#19513,#3660);
#2669=LINE('',#19516,#3661);
#2670=LINE('',#19520,#3662);
#2671=LINE('',#19521,#3663);
#2672=LINE('',#19524,#3664);
#2673=LINE('',#19527,#3665);
#2674=LINE('',#19530,#3666);
#2675=LINE('',#19532,#3667);
#2676=LINE('',#19533,#3668);
#2677=LINE('',#19540,#3669);
#2678=LINE('',#19544,#3670);
#2679=LINE('',#19545,#3671);
#2680=LINE('',#19550,#3672);
#2681=LINE('',#19553,#3673);
#2682=LINE('',#19558,#3674);
#2683=LINE('',#19562,#3675);
#2684=LINE('',#19563,#3676);
#2685=LINE('',#19568,#3677);
#2686=LINE('',#19571,#3678);
#2687=LINE('',#19574,#3679);
#2688=LINE('',#19578,#3680);
#2689=LINE('',#19579,#3681);
#2690=LINE('',#19582,#3682);
#2691=LINE('',#19586,#3683);
#2692=LINE('',#19587,#3684);
#2693=LINE('',#19590,#3685);
#2694=LINE('',#19593,#3686);
#2695=LINE('',#19596,#3687);
#2696=LINE('',#19600,#3688);
#2697=LINE('',#19608,#3689);
#2698=LINE('',#19614,#3690);
#2699=LINE('',#19616,#3691);
#2700=LINE('',#19617,#3692);
#2701=LINE('',#19619,#3693);
#2702=LINE('',#19623,#3694);
#2703=LINE('',#19627,#3695);
#2704=LINE('',#19630,#3696);
#2705=LINE('',#19634,#3697);
#2706=LINE('',#19638,#3698);
#2707=LINE('',#19641,#3699);
#2708=LINE('',#19643,#3700);
#2709=LINE('',#19647,#3701);
#2710=LINE('',#19650,#3702);
#2711=LINE('',#19654,#3703);
#2712=LINE('',#19658,#3704);
#2713=LINE('',#19661,#3705);
#2714=LINE('',#19663,#3706);
#2715=LINE('',#19666,#3707);
#2716=LINE('',#19668,#3708);
#2717=LINE('',#19670,#3709);
#2718=LINE('',#19673,#3710);
#2719=LINE('',#19675,#3711);
#2720=LINE('',#19678,#3712);
#2721=LINE('',#19680,#3713);
#2722=LINE('',#19682,#3714);
#2723=LINE('',#19684,#3715);
#2724=LINE('',#19687,#3716);
#2725=LINE('',#19689,#3717);
#2726=LINE('',#19691,#3718);
#2727=LINE('',#19693,#3719);
#2728=LINE('',#19695,#3720);
#2729=LINE('',#19698,#3721);
#2730=LINE('',#19700,#3722);
#2731=LINE('',#19702,#3723);
#2732=LINE('',#19704,#3724);
#2733=LINE('',#19706,#3725);
#2734=LINE('',#19709,#3726);
#2735=LINE('',#19711,#3727);
#2736=LINE('',#19713,#3728);
#2737=LINE('',#19715,#3729);
#2738=LINE('',#19717,#3730);
#2739=LINE('',#19720,#3731);
#2740=LINE('',#19723,#3732);
#2741=LINE('',#19730,#3733);
#2742=LINE('',#19737,#3734);
#2743=LINE('',#19743,#3735);
#2744=LINE('',#19747,#3736);
#2745=LINE('',#19749,#3737);
#2746=LINE('',#19751,#3738);
#2747=VECTOR('',#12584,10.);
#2748=VECTOR('',#12587,10.);
#2749=VECTOR('',#12602,10.);
#2750=VECTOR('',#12603,10.);
#2751=VECTOR('',#12616,10.);
#2752=VECTOR('',#12617,10.);
#2753=VECTOR('',#12620,10.);
#2754=VECTOR('',#12621,10.);
#2755=VECTOR('',#12624,10.);
#2756=VECTOR('',#12625,10.);
#2757=VECTOR('',#12628,10.);
#2758=VECTOR('',#12631,10.);
#2759=VECTOR('',#12632,10.);
#2760=VECTOR('',#12635,10.);
#2761=VECTOR('',#12636,10.);
#2762=VECTOR('',#12639,10.);
#2763=VECTOR('',#12642,10.);
#2764=VECTOR('',#12643,10.);
#2765=VECTOR('',#12646,10.);
#2766=VECTOR('',#12647,10.);
#2767=VECTOR('',#12650,10.);
#2768=VECTOR('',#12653,10.);
#2769=VECTOR('',#12654,10.);
#2770=VECTOR('',#12655,10.);
#2771=VECTOR('',#12658,10.);
#2772=VECTOR('',#12661,10.);
#2773=VECTOR('',#12662,10.);
#2774=VECTOR('',#12665,10.);
#2775=VECTOR('',#12666,10.);
#2776=VECTOR('',#12669,10.);
#2777=VECTOR('',#12672,10.);
#2778=VECTOR('',#12673,10.);
#2779=VECTOR('',#12676,10.);
#2780=VECTOR('',#12679,10.);
#2781=VECTOR('',#12682,10.);
#2782=VECTOR('',#12685,10.);
#2783=VECTOR('',#12690,10.);
#2784=VECTOR('',#12695,10.);
#2785=VECTOR('',#12696,10.);
#2786=VECTOR('',#12701,10.);
#2787=VECTOR('',#12704,10.);
#2788=VECTOR('',#12715,10.);
#2789=VECTOR('',#12718,10.);
#2790=VECTOR('',#12729,10.);
#2791=VECTOR('',#12730,10.);
#2792=VECTOR('',#12743,10.);
#2793=VECTOR('',#12744,10.);
#2794=VECTOR('',#12757,10.);
#2795=VECTOR('',#12758,10.);
#2796=VECTOR('',#12769,10.);
#2797=VECTOR('',#12782,10.);
#2798=VECTOR('',#12783,10.);
#2799=VECTOR('',#12794,10.);
#2800=VECTOR('',#12795,10.);
#2801=VECTOR('',#12796,10.);
#2802=VECTOR('',#12797,10.);
#2803=VECTOR('',#12798,10.);
#2804=VECTOR('',#12805,10.);
#2805=VECTOR('',#12810,10.);
#2806=VECTOR('',#12811,10.);
#2807=VECTOR('',#12812,10.);
#2808=VECTOR('',#12813,10.);
#2809=VECTOR('',#12816,10.);
#2810=VECTOR('',#12821,10.);
#2811=VECTOR('',#12824,10.);
#2812=VECTOR('',#12825,10.);
#2813=VECTOR('',#12826,10.);
#2814=VECTOR('',#12831,10.);
#2815=VECTOR('',#12836,10.);
#2816=VECTOR('',#12837,10.);
#2817=VECTOR('',#12842,10.);
#2818=VECTOR('',#12845,10.);
#2819=VECTOR('',#12864,10.);
#2820=VECTOR('',#12865,10.);
#2821=VECTOR('',#12878,10.);
#2822=VECTOR('',#12879,10.);
#2823=VECTOR('',#12890,10.);
#2824=VECTOR('',#12897,10.);
#2825=VECTOR('',#12898,10.);
#2826=VECTOR('',#12899,10.);
#2827=VECTOR('',#12906,10.);
#2828=VECTOR('',#12911,10.);
#2829=VECTOR('',#12912,10.);
#2830=VECTOR('',#12915,10.);
#2831=VECTOR('',#12916,10.);
#2832=VECTOR('',#12917,10.);
#2833=VECTOR('',#12918,10.);
#2834=VECTOR('',#12921,10.);
#2835=VECTOR('',#12930,10.);
#2836=VECTOR('',#12947,10.);
#2837=VECTOR('',#12954,10.);
#2838=VECTOR('',#12967,10.);
#2839=VECTOR('',#12970,10.);
#2840=VECTOR('',#12985,10.);
#2841=VECTOR('',#12994,10.);
#2842=VECTOR('',#12997,10.);
#2843=VECTOR('',#13010,10.);
#2844=VECTOR('',#13021,10.);
#2845=VECTOR('',#13030,10.);
#2846=VECTOR('',#13033,10.);
#2847=VECTOR('',#13036,10.);
#2848=VECTOR('',#13039,10.);
#2849=VECTOR('',#13042,10.);
#2850=VECTOR('',#13043,10.);
#2851=VECTOR('',#13046,10.);
#2852=VECTOR('',#13051,10.);
#2853=VECTOR('',#13052,10.);
#2854=VECTOR('',#13055,10.);
#2855=VECTOR('',#13060,10.);
#2856=VECTOR('',#13061,10.);
#2857=VECTOR('',#13064,10.);
#2858=VECTOR('',#13069,10.);
#2859=VECTOR('',#13070,10.);
#2860=VECTOR('',#13073,10.);
#2861=VECTOR('',#13078,10.);
#2862=VECTOR('',#13079,10.);
#2863=VECTOR('',#13082,10.);
#2864=VECTOR('',#13083,10.);
#2865=VECTOR('',#13086,10.);
#2866=VECTOR('',#13091,10.);
#2867=VECTOR('',#13092,10.);
#2868=VECTOR('',#13095,10.);
#2869=VECTOR('',#13100,10.);
#2870=VECTOR('',#13101,10.);
#2871=VECTOR('',#13104,10.);
#2872=VECTOR('',#13105,10.);
#2873=VECTOR('',#13108,10.);
#2874=VECTOR('',#13113,10.);
#2875=VECTOR('',#13114,10.);
#2876=VECTOR('',#13115,10.);
#2877=VECTOR('',#13116,10.);
#2878=VECTOR('',#13119,10.);
#2879=VECTOR('',#13120,10.);
#2880=VECTOR('',#13123,10.);
#2881=VECTOR('',#13126,10.);
#2882=VECTOR('',#13131,10.);
#2883=VECTOR('',#13132,10.);
#2884=VECTOR('',#13139,10.);
#2885=VECTOR('',#13150,10.);
#2886=VECTOR('',#13197,10.);
#2887=VECTOR('',#13208,10.);
#2888=VECTOR('',#13211,10.);
#2889=VECTOR('',#13222,10.);
#2890=VECTOR('',#13225,10.);
#2891=VECTOR('',#13238,10.);
#2892=VECTOR('',#13247,10.);
#2893=VECTOR('',#13250,10.);
#2894=VECTOR('',#13261,10.);
#2895=VECTOR('',#13264,10.);
#2896=VECTOR('',#13277,10.);
#2897=VECTOR('',#13286,10.);
#2898=VECTOR('',#13289,10.);
#2899=VECTOR('',#13300,10.);
#2900=VECTOR('',#13303,10.);
#2901=VECTOR('',#13316,10.);
#2902=VECTOR('',#13323,10.);
#2903=VECTOR('',#13326,10.);
#2904=VECTOR('',#13329,10.);
#2905=VECTOR('',#13330,10.);
#2906=VECTOR('',#13333,10.);
#2907=VECTOR('',#13338,10.);
#2908=VECTOR('',#13339,10.);
#2909=VECTOR('',#13342,10.);
#2910=VECTOR('',#13347,10.);
#2911=VECTOR('',#13348,10.);
#2912=VECTOR('',#13351,10.);
#2913=VECTOR('',#13356,10.);
#2914=VECTOR('',#13357,10.);
#2915=VECTOR('',#13360,10.);
#2916=VECTOR('',#13365,10.);
#2917=VECTOR('',#13366,10.);
#2918=VECTOR('',#13367,10.);
#2919=VECTOR('',#13368,10.);
#2920=VECTOR('',#13369,10.);
#2921=VECTOR('',#13370,10.);
#2922=VECTOR('',#13373,10.);
#2923=VECTOR('',#13378,10.);
#2924=VECTOR('',#13379,10.);
#2925=VECTOR('',#13382,10.);
#2926=VECTOR('',#13387,10.);
#2927=VECTOR('',#13388,10.);
#2928=VECTOR('',#13391,10.);
#2929=VECTOR('',#13396,10.);
#2930=VECTOR('',#13397,10.);
#2931=VECTOR('',#13400,10.);
#2932=VECTOR('',#13405,10.);
#2933=VECTOR('',#13406,10.);
#2934=VECTOR('',#13409,10.);
#2935=VECTOR('',#13414,10.);
#2936=VECTOR('',#13415,10.);
#2937=VECTOR('',#13418,10.);
#2938=VECTOR('',#13423,10.);
#2939=VECTOR('',#13424,10.);
#2940=VECTOR('',#13427,10.);
#2941=VECTOR('',#13432,10.);
#2942=VECTOR('',#13433,10.);
#2943=VECTOR('',#13436,10.);
#2944=VECTOR('',#13441,10.);
#2945=VECTOR('',#13442,10.);
#2946=VECTOR('',#13445,10.);
#2947=VECTOR('',#13450,10.);
#2948=VECTOR('',#13451,10.);
#2949=VECTOR('',#13454,10.);
#2950=VECTOR('',#13459,10.);
#2951=VECTOR('',#13460,10.);
#2952=VECTOR('',#13465,10.);
#2953=VECTOR('',#13470,10.);
#2954=VECTOR('',#13477,10.);
#2955=VECTOR('',#13484,10.);
#2956=VECTOR('',#13487,10.);
#2957=VECTOR('',#13488,10.);
#2958=VECTOR('',#13491,10.);
#2959=VECTOR('',#13496,10.);
#2960=VECTOR('',#13497,10.);
#2961=VECTOR('',#13498,10.);
#2962=VECTOR('',#13499,10.);
#2963=VECTOR('',#13502,10.);
#2964=VECTOR('',#13509,10.);
#2965=VECTOR('',#13510,10.);
#2966=VECTOR('',#13511,10.);
#2967=VECTOR('',#13514,10.);
#2968=VECTOR('',#13521,10.);
#2969=VECTOR('',#13522,10.);
#2970=VECTOR('',#13523,10.);
#2971=VECTOR('',#13526,10.);
#2972=VECTOR('',#13533,10.);
#2973=VECTOR('',#13534,10.);
#2974=VECTOR('',#13535,10.);
#2975=VECTOR('',#13538,10.);
#2976=VECTOR('',#13541,10.);
#2977=VECTOR('',#13544,10.);
#2978=VECTOR('',#13545,10.);
#2979=VECTOR('',#13548,10.);
#2980=VECTOR('',#13553,10.);
#2981=VECTOR('',#13554,10.);
#2982=VECTOR('',#13557,10.);
#2983=VECTOR('',#13562,10.);
#2984=VECTOR('',#13563,10.);
#2985=VECTOR('',#13566,10.);
#2986=VECTOR('',#13567,10.);
#2987=VECTOR('',#13568,10.);
#2988=VECTOR('',#13569,10.);
#2989=VECTOR('',#13572,10.);
#2990=VECTOR('',#13579,10.);
#2991=VECTOR('',#13580,10.);
#2992=VECTOR('',#13581,10.);
#2993=VECTOR('',#13584,10.);
#2994=VECTOR('',#13587,10.);
#2995=VECTOR('',#13592,10.);
#2996=VECTOR('',#13593,10.);
#2997=VECTOR('',#13594,10.);
#2998=VECTOR('',#13595,10.);
#2999=VECTOR('',#13598,10.);
#3000=VECTOR('',#13605,10.);
#3001=VECTOR('',#13606,10.);
#3002=VECTOR('',#13607,10.);
#3003=VECTOR('',#13610,10.);
#3004=VECTOR('',#13617,10.);
#3005=VECTOR('',#13618,10.);
#3006=VECTOR('',#13619,10.);
#3007=VECTOR('',#13622,10.);
#3008=VECTOR('',#13623,10.);
#3009=VECTOR('',#13624,10.);
#3010=VECTOR('',#13627,10.);
#3011=VECTOR('',#13632,10.);
#3012=VECTOR('',#13633,10.);
#3013=VECTOR('',#13636,10.);
#3014=VECTOR('',#13637,10.);
#3015=VECTOR('',#13638,10.);
#3016=VECTOR('',#13641,10.);
#3017=VECTOR('',#13646,10.);
#3018=VECTOR('',#13647,10.);
#3019=VECTOR('',#13650,10.);
#3020=VECTOR('',#13655,10.);
#3021=VECTOR('',#13658,10.);
#3022=VECTOR('',#13659,10.);
#3023=VECTOR('',#13662,10.);
#3024=VECTOR('',#13667,10.);
#3025=VECTOR('',#13670,10.);
#3026=VECTOR('',#13675,10.);
#3027=VECTOR('',#13680,10.);
#3028=VECTOR('',#13683,10.);
#3029=VECTOR('',#13686,10.);
#3030=VECTOR('',#13689,10.);
#3031=VECTOR('',#13692,10.);
#3032=VECTOR('',#13693,10.);
#3033=VECTOR('',#13724,10.);
#3034=VECTOR('',#13725,10.);
#3035=VECTOR('',#13726,10.);
#3036=VECTOR('',#13729,10.);
#3037=VECTOR('',#13734,10.);
#3038=VECTOR('',#13735,10.);
#3039=VECTOR('',#13738,10.);
#3040=VECTOR('',#13743,10.);
#3041=VECTOR('',#13744,10.);
#3042=VECTOR('',#13761,10.);
#3043=VECTOR('',#13764,10.);
#3044=VECTOR('',#13775,10.);
#3045=VECTOR('',#13778,10.);
#3046=VECTOR('',#13789,10.);
#3047=VECTOR('',#13792,10.);
#3048=VECTOR('',#13795,10.);
#3049=VECTOR('',#13798,10.);
#3050=VECTOR('',#13801,10.);
#3051=VECTOR('',#13806,10.);
#3052=VECTOR('',#13807,10.);
#3053=VECTOR('',#13810,10.);
#3054=VECTOR('',#13813,10.);
#3055=VECTOR('',#13816,10.);
#3056=VECTOR('',#13819,10.);
#3057=VECTOR('',#13822,10.);
#3058=VECTOR('',#13825,10.);
#3059=VECTOR('',#13828,10.);
#3060=VECTOR('',#13831,10.);
#3061=VECTOR('',#13834,10.);
#3062=VECTOR('',#13837,10.);
#3063=VECTOR('',#13840,10.);
#3064=VECTOR('',#13843,10.);
#3065=VECTOR('',#13846,10.);
#3066=VECTOR('',#13849,10.);
#3067=VECTOR('',#13852,10.);
#3068=VECTOR('',#13855,10.);
#3069=VECTOR('',#13858,10.);
#3070=VECTOR('',#13861,10.);
#3071=VECTOR('',#13864,10.);
#3072=VECTOR('',#13867,10.);
#3073=VECTOR('',#13870,10.);
#3074=VECTOR('',#13879,10.);
#3075=VECTOR('',#13880,10.);
#3076=VECTOR('',#13883,10.);
#3077=VECTOR('',#13886,10.);
#3078=VECTOR('',#13889,10.);
#3079=VECTOR('',#13890,10.);
#3080=VECTOR('',#13893,10.);
#3081=VECTOR('',#13896,10.);
#3082=VECTOR('',#13899,10.);
#3083=VECTOR('',#13902,10.);
#3084=VECTOR('',#13905,10.);
#3085=VECTOR('',#13908,10.);
#3086=VECTOR('',#13911,10.);
#3087=VECTOR('',#13914,10.);
#3088=VECTOR('',#13917,10.);
#3089=VECTOR('',#13926,10.);
#3090=VECTOR('',#13929,10.);
#3091=VECTOR('',#13934,10.);
#3092=VECTOR('',#13943,10.);
#3093=VECTOR('',#13948,10.);
#3094=VECTOR('',#13963,10.);
#3095=VECTOR('',#13966,10.);
#3096=VECTOR('',#13967,10.);
#3097=VECTOR('',#13970,10.);
#3098=VECTOR('',#13975,10.);
#3099=VECTOR('',#13978,10.);
#3100=VECTOR('',#13981,10.);
#3101=VECTOR('',#13984,10.);
#3102=VECTOR('',#13987,10.);
#3103=VECTOR('',#13990,10.);
#3104=VECTOR('',#13993,10.);
#3105=VECTOR('',#13996,10.);
#3106=VECTOR('',#13999,10.);
#3107=VECTOR('',#14002,10.);
#3108=VECTOR('',#14005,10.);
#3109=VECTOR('',#14008,10.);
#3110=VECTOR('',#14017,10.);
#3111=VECTOR('',#14020,10.);
#3112=VECTOR('',#14023,10.);
#3113=VECTOR('',#14026,10.);
#3114=VECTOR('',#14029,10.);
#3115=VECTOR('',#14032,10.);
#3116=VECTOR('',#14035,10.);
#3117=VECTOR('',#14038,10.);
#3118=VECTOR('',#14041,10.);
#3119=VECTOR('',#14044,10.);
#3120=VECTOR('',#14047,10.);
#3121=VECTOR('',#14050,10.);
#3122=VECTOR('',#14053,10.);
#3123=VECTOR('',#14064,10.);
#3124=VECTOR('',#14067,10.);
#3125=VECTOR('',#14070,10.);
#3126=VECTOR('',#14073,10.);
#3127=VECTOR('',#14076,10.);
#3128=VECTOR('',#14079,10.);
#3129=VECTOR('',#14082,10.);
#3130=VECTOR('',#14085,10.);
#3131=VECTOR('',#14088,10.);
#3132=VECTOR('',#14091,10.);
#3133=VECTOR('',#14094,10.);
#3134=VECTOR('',#14097,10.);
#3135=VECTOR('',#14100,10.);
#3136=VECTOR('',#14103,10.);
#3137=VECTOR('',#14106,10.);
#3138=VECTOR('',#14109,10.);
#3139=VECTOR('',#14116,10.);
#3140=VECTOR('',#14119,10.);
#3141=VECTOR('',#14122,10.);
#3142=VECTOR('',#14125,10.);
#3143=VECTOR('',#14128,10.);
#3144=VECTOR('',#14131,10.);
#3145=VECTOR('',#14134,10.);
#3146=VECTOR('',#14137,10.);
#3147=VECTOR('',#14140,10.);
#3148=VECTOR('',#14143,10.);
#3149=VECTOR('',#14146,10.);
#3150=VECTOR('',#14149,10.);
#3151=VECTOR('',#14152,10.);
#3152=VECTOR('',#14155,10.);
#3153=VECTOR('',#14158,10.);
#3154=VECTOR('',#14161,10.);
#3155=VECTOR('',#14164,10.);
#3156=VECTOR('',#14167,10.);
#3157=VECTOR('',#14170,10.);
#3158=VECTOR('',#14173,10.);
#3159=VECTOR('',#14176,10.);
#3160=VECTOR('',#14179,10.);
#3161=VECTOR('',#14182,10.);
#3162=VECTOR('',#14185,10.);
#3163=VECTOR('',#14188,10.);
#3164=VECTOR('',#14193,10.);
#3165=VECTOR('',#14196,10.);
#3166=VECTOR('',#14199,10.);
#3167=VECTOR('',#14202,10.);
#3168=VECTOR('',#14205,10.);
#3169=VECTOR('',#14208,10.);
#3170=VECTOR('',#14211,10.);
#3171=VECTOR('',#14214,10.);
#3172=VECTOR('',#14217,10.);
#3173=VECTOR('',#14220,10.);
#3174=VECTOR('',#14221,10.);
#3175=VECTOR('',#14224,10.);
#3176=VECTOR('',#14227,10.);
#3177=VECTOR('',#14230,10.);
#3178=VECTOR('',#14233,10.);
#3179=VECTOR('',#14236,10.);
#3180=VECTOR('',#14239,10.);
#3181=VECTOR('',#14242,10.);
#3182=VECTOR('',#14245,10.);
#3183=VECTOR('',#14248,10.);
#3184=VECTOR('',#14251,10.);
#3185=VECTOR('',#14258,10.);
#3186=VECTOR('',#14263,10.);
#3187=VECTOR('',#14268,10.);
#3188=VECTOR('',#14271,10.);
#3189=VECTOR('',#14276,10.);
#3190=VECTOR('',#14277,10.);
#3191=VECTOR('',#14280,10.);
#3192=VECTOR('',#14283,10.);
#3193=VECTOR('',#14284,10.);
#3194=VECTOR('',#14287,10.);
#3195=VECTOR('',#14292,10.);
#3196=VECTOR('',#14297,10.);
#3197=VECTOR('',#14300,10.);
#3198=VECTOR('',#14303,10.);
#3199=VECTOR('',#14306,10.);
#3200=VECTOR('',#14307,10.);
#3201=VECTOR('',#14310,10.);
#3202=VECTOR('',#14315,10.);
#3203=VECTOR('',#14316,10.);
#3204=VECTOR('',#14323,10.);
#3205=VECTOR('',#14328,10.);
#3206=VECTOR('',#14331,10.);
#3207=VECTOR('',#14334,10.);
#3208=VECTOR('',#14341,10.);
#3209=VECTOR('',#14344,2.5);
#3210=VECTOR('',#14347,2.5);
#3211=VECTOR('',#14350,10.);
#3212=VECTOR('',#14351,10.);
#3213=VECTOR('',#14356,10.);
#3214=VECTOR('',#14357,10.);
#3215=VECTOR('',#14360,10.);
#3216=VECTOR('',#14365,10.);
#3217=VECTOR('',#14366,10.);
#3218=VECTOR('',#14369,10.);
#3219=VECTOR('',#14370,10.);
#3220=VECTOR('',#14375,10.);
#3221=VECTOR('',#14380,10.);
#3222=VECTOR('',#14381,10.);
#3223=VECTOR('',#14384,10.);
#3224=VECTOR('',#14385,10.);
#3225=VECTOR('',#14390,10.);
#3226=VECTOR('',#14395,10.);
#3227=VECTOR('',#14396,10.);
#3228=VECTOR('',#14399,10.);
#3229=VECTOR('',#14400,10.);
#3230=VECTOR('',#14405,10.);
#3231=VECTOR('',#14410,10.);
#3232=VECTOR('',#14411,10.);
#3233=VECTOR('',#14414,10.);
#3234=VECTOR('',#14415,10.);
#3235=VECTOR('',#14420,10.);
#3236=VECTOR('',#14425,10.);
#3237=VECTOR('',#14426,10.);
#3238=VECTOR('',#14429,10.);
#3239=VECTOR('',#14430,10.);
#3240=VECTOR('',#14435,10.);
#3241=VECTOR('',#14440,10.);
#3242=VECTOR('',#14443,2.);
#3243=VECTOR('',#14448,10.);
#3244=VECTOR('',#14449,10.);
#3245=VECTOR('',#14452,10.);
#3246=VECTOR('',#14453,10.);
#3247=VECTOR('',#14454,10.);
#3248=VECTOR('',#14455,10.);
#3249=VECTOR('',#14458,10.);
#3250=VECTOR('',#14463,10.);
#3251=VECTOR('',#14464,10.);
#3252=VECTOR('',#14467,10.);
#3253=VECTOR('',#14468,10.);
#3254=VECTOR('',#14471,10.);
#3255=VECTOR('',#14474,10.);
#3256=VECTOR('',#14477,10.);
#3257=VECTOR('',#14480,10.);
#3258=VECTOR('',#14483,10.);
#3259=VECTOR('',#14486,10.);
#3260=VECTOR('',#14487,10.);
#3261=VECTOR('',#14490,10.);
#3262=VECTOR('',#14493,10.);
#3263=VECTOR('',#14496,10.);
#3264=VECTOR('',#14519,10.);
#3265=VECTOR('',#14522,10.);
#3266=VECTOR('',#14525,10.);
#3267=VECTOR('',#14530,10.);
#3268=VECTOR('',#14531,10.);
#3269=VECTOR('',#14534,10.);
#3270=VECTOR('',#14539,10.);
#3271=VECTOR('',#14540,10.);
#3272=VECTOR('',#14543,10.);
#3273=VECTOR('',#14548,10.);
#3274=VECTOR('',#14553,10.);
#3275=VECTOR('',#14558,10.);
#3276=VECTOR('',#14561,10.);
#3277=VECTOR('',#14564,10.);
#3278=VECTOR('',#14565,10.);
#3279=VECTOR('',#14568,10.);
#3280=VECTOR('',#14573,10.);
#3281=VECTOR('',#14574,10.);
#3282=VECTOR('',#14577,10.);
#3283=VECTOR('',#14582,10.);
#3284=VECTOR('',#14587,10.);
#3285=VECTOR('',#14592,10.);
#3286=VECTOR('',#14593,10.);
#3287=VECTOR('',#14594,10.);
#3288=VECTOR('',#14597,2.);
#3289=VECTOR('',#14602,10.);
#3290=VECTOR('',#14603,10.);
#3291=VECTOR('',#14606,10.);
#3292=VECTOR('',#14607,10.);
#3293=VECTOR('',#14608,10.);
#3294=VECTOR('',#14609,10.);
#3295=VECTOR('',#14612,10.);
#3296=VECTOR('',#14615,10.);
#3297=VECTOR('',#14618,10.);
#3298=VECTOR('',#14619,10.);
#3299=VECTOR('',#14622,10.);
#3300=VECTOR('',#14627,10.);
#3301=VECTOR('',#14628,10.);
#3302=VECTOR('',#14631,10.);
#3303=VECTOR('',#14636,10.);
#3304=VECTOR('',#14637,10.);
#3305=VECTOR('',#14640,10.);
#3306=VECTOR('',#14643,10.);
#3307=VECTOR('',#14646,10.);
#3308=VECTOR('',#14647,10.);
#3309=VECTOR('',#14650,10.);
#3310=VECTOR('',#14655,10.);
#3311=VECTOR('',#14656,10.);
#3312=VECTOR('',#14659,10.);
#3313=VECTOR('',#14664,10.);
#3314=VECTOR('',#14665,10.);
#3315=VECTOR('',#14668,10.);
#3316=VECTOR('',#14671,10.);
#3317=VECTOR('',#14674,10.);
#3318=VECTOR('',#14675,10.);
#3319=VECTOR('',#14678,10.);
#3320=VECTOR('',#14683,10.);
#3321=VECTOR('',#14684,10.);
#3322=VECTOR('',#14687,10.);
#3323=VECTOR('',#14692,10.);
#3324=VECTOR('',#14693,10.);
#3325=VECTOR('',#14696,10.);
#3326=VECTOR('',#14699,10.);
#3327=VECTOR('',#14702,10.);
#3328=VECTOR('',#14703,10.);
#3329=VECTOR('',#14706,10.);
#3330=VECTOR('',#14711,10.);
#3331=VECTOR('',#14712,10.);
#3332=VECTOR('',#14719,10.);
#3333=VECTOR('',#14720,10.);
#3334=VECTOR('',#14723,10.);
#3335=VECTOR('',#14726,10.);
#3336=VECTOR('',#14731,10.);
#3337=VECTOR('',#14734,10.);
#3338=VECTOR('',#14737,10.);
#3339=VECTOR('',#14738,10.);
#3340=VECTOR('',#14741,10.);
#3341=VECTOR('',#14746,10.);
#3342=VECTOR('',#14747,10.);
#3343=VECTOR('',#14750,10.);
#3344=VECTOR('',#14755,10.);
#3345=VECTOR('',#14756,10.);
#3346=VECTOR('',#14759,10.);
#3347=VECTOR('',#14762,10.);
#3348=VECTOR('',#14765,10.);
#3349=VECTOR('',#14766,10.);
#3350=VECTOR('',#14769,10.);
#3351=VECTOR('',#14774,10.);
#3352=VECTOR('',#14775,10.);
#3353=VECTOR('',#14778,10.);
#3354=VECTOR('',#14783,10.);
#3355=VECTOR('',#14784,10.);
#3356=VECTOR('',#14787,10.);
#3357=VECTOR('',#14788,2.);
#3358=VECTOR('',#14791,10.);
#3359=VECTOR('',#14794,10.);
#3360=VECTOR('',#14797,10.);
#3361=VECTOR('',#14802,2.00000000000001);
#3362=VECTOR('',#14807,10.);
#3363=VECTOR('',#14812,1.99999999999999);
#3364=VECTOR('',#14817,10.);
#3365=VECTOR('',#14818,10.);
#3366=VECTOR('',#14819,10.);
#3367=VECTOR('',#14822,10.);
#3368=VECTOR('',#14827,10.);
#3369=VECTOR('',#14832,10.);
#3370=VECTOR('',#14833,10.);
#3371=VECTOR('',#14834,10.);
#3372=VECTOR('',#14835,10.);
#3373=VECTOR('',#14836,10.);
#3374=VECTOR('',#14839,10.);
#3375=VECTOR('',#14844,10.);
#3376=VECTOR('',#14845,10.);
#3377=VECTOR('',#14848,10.);
#3378=VECTOR('',#14851,10.);
#3379=VECTOR('',#14854,10.);
#3380=VECTOR('',#14855,10.);
#3381=VECTOR('',#14858,10.);
#3382=VECTOR('',#14863,10.);
#3383=VECTOR('',#14864,10.);
#3384=VECTOR('',#14867,10.);
#3385=VECTOR('',#14872,10.);
#3386=VECTOR('',#14873,10.);
#3387=VECTOR('',#14876,10.);
#3388=VECTOR('',#14877,10.);
#3389=VECTOR('',#14878,10.);
#3390=VECTOR('',#14881,10.);
#3391=VECTOR('',#14886,10.);
#3392=VECTOR('',#14889,10.);
#3393=VECTOR('',#14892,10.);
#3394=VECTOR('',#14895,10.);
#3395=VECTOR('',#14896,10.);
#3396=VECTOR('',#14899,10.);
#3397=VECTOR('',#14904,10.);
#3398=VECTOR('',#14905,10.);
#3399=VECTOR('',#14908,10.);
#3400=VECTOR('',#14913,10.);
#3401=VECTOR('',#14914,10.);
#3402=VECTOR('',#14917,10.);
#3403=VECTOR('',#14918,10.);
#3404=VECTOR('',#14919,10.);
#3405=VECTOR('',#14922,10.);
#3406=VECTOR('',#14927,10.);
#3407=VECTOR('',#14932,10.);
#3408=VECTOR('',#14937,10.);
#3409=VECTOR('',#14942,10.);
#3410=VECTOR('',#14947,10.);
#3411=VECTOR('',#14948,10.);
#3412=VECTOR('',#14951,10.);
#3413=VECTOR('',#14954,10.);
#3414=VECTOR('',#14957,10.);
#3415=VECTOR('',#14958,10.);
#3416=VECTOR('',#14961,10.);
#3417=VECTOR('',#14966,10.);
#3418=VECTOR('',#14967,10.);
#3419=VECTOR('',#14970,10.);
#3420=VECTOR('',#14975,10.);
#3421=VECTOR('',#14976,10.);
#3422=VECTOR('',#14979,10.);
#3423=VECTOR('',#14982,10.);
#3424=VECTOR('',#14985,10.);
#3425=VECTOR('',#14986,10.);
#3426=VECTOR('',#14989,10.);
#3427=VECTOR('',#14994,10.);
#3428=VECTOR('',#14995,10.);
#3429=VECTOR('',#14998,10.);
#3430=VECTOR('',#15003,10.);
#3431=VECTOR('',#15004,10.);
#3432=VECTOR('',#15007,10.);
#3433=VECTOR('',#15010,10.);
#3434=VECTOR('',#15013,10.);
#3435=VECTOR('',#15016,10.);
#3436=VECTOR('',#15017,10.);
#3437=VECTOR('',#15018,10.);
#3438=VECTOR('',#15021,10.);
#3439=VECTOR('',#15026,10.);
#3440=VECTOR('',#15027,10.);
#3441=VECTOR('',#15030,10.);
#3442=VECTOR('',#15035,10.);
#3443=VECTOR('',#15036,10.);
#3444=VECTOR('',#15039,10.);
#3445=VECTOR('',#15040,10.);
#3446=VECTOR('',#15043,10.);
#3447=VECTOR('',#15044,10.);
#3448=VECTOR('',#15045,10.);
#3449=VECTOR('',#15048,10.);
#3450=VECTOR('',#15053,10.);
#3451=VECTOR('',#15054,10.);
#3452=VECTOR('',#15057,10.);
#3453=VECTOR('',#15062,10.);
#3454=VECTOR('',#15063,10.);
#3455=VECTOR('',#15066,10.);
#3456=VECTOR('',#15067,10.);
#3457=VECTOR('',#15068,10.);
#3458=VECTOR('',#15071,10.);
#3459=VECTOR('',#15076,10.);
#3460=VECTOR('',#15077,10.);
#3461=VECTOR('',#15080,10.);
#3462=VECTOR('',#15085,10.);
#3463=VECTOR('',#15086,10.);
#3464=VECTOR('',#15089,10.);
#3465=VECTOR('',#15090,10.);
#3466=VECTOR('',#15091,10.);
#3467=VECTOR('',#15094,10.);
#3468=VECTOR('',#15099,10.);
#3469=VECTOR('',#15100,10.);
#3470=VECTOR('',#15103,2.);
#3471=VECTOR('',#15108,10.);
#3472=VECTOR('',#15109,10.);
#3473=VECTOR('',#15110,10.);
#3474=VECTOR('',#15113,10.);
#3475=VECTOR('',#15118,10.);
#3476=VECTOR('',#15119,10.);
#3477=VECTOR('',#15122,10.);
#3478=VECTOR('',#15127,10.);
#3479=VECTOR('',#15128,10.);
#3480=VECTOR('',#15131,10.);
#3481=VECTOR('',#15136,10.);
#3482=VECTOR('',#15139,10.);
#3483=VECTOR('',#15142,10.);
#3484=VECTOR('',#15143,10.);
#3485=VECTOR('',#15146,10.);
#3486=VECTOR('',#15151,10.);
#3487=VECTOR('',#15152,10.);
#3488=VECTOR('',#15155,10.);
#3489=VECTOR('',#15160,10.);
#3490=VECTOR('',#15161,10.);
#3491=VECTOR('',#15182,10.);
#3492=VECTOR('',#15183,10.);
#3493=VECTOR('',#15184,10.);
#3494=VECTOR('',#15187,10.);
#3495=VECTOR('',#15188,10.);
#3496=VECTOR('',#15189,10.);
#3497=VECTOR('',#15190,10.);
#3498=VECTOR('',#15195,10.);
#3499=VECTOR('',#15200,10.);
#3500=VECTOR('',#15201,10.);
#3501=VECTOR('',#15202,10.);
#3502=VECTOR('',#15205,10.);
#3503=VECTOR('',#15206,10.);
#3504=VECTOR('',#15207,10.);
#3505=VECTOR('',#15208,10.);
#3506=VECTOR('',#15211,10.);
#3507=VECTOR('',#15212,10.);
#3508=VECTOR('',#15213,10.);
#3509=VECTOR('',#15214,10.);
#3510=VECTOR('',#15217,2.);
#3511=VECTOR('',#15218,10.);
#3512=VECTOR('',#15219,10.);
#3513=VECTOR('',#15220,10.);
#3514=VECTOR('',#15221,10.);
#3515=VECTOR('',#15226,2.4);
#3516=VECTOR('',#15235,2.5);
#3517=VECTOR('',#15240,1.15);
#3518=VECTOR('',#15245,1.05);
#3519=VECTOR('',#15250,2.4);
#3520=VECTOR('',#15259,2.5);
#3521=VECTOR('',#15264,1.15);
#3522=VECTOR('',#15269,1.05);
#3523=VECTOR('',#15274,2.4);
#3524=VECTOR('',#15283,2.5);
#3525=VECTOR('',#15288,1.15);
#3526=VECTOR('',#15293,1.05);
#3527=VECTOR('',#15298,1.15);
#3528=VECTOR('',#15307,1.05);
#3529=VECTOR('',#15310,2.4);
#3530=VECTOR('',#15315,2.5);
#3531=VECTOR('',#15322,2.4);
#3532=VECTOR('',#15331,2.5);
#3533=VECTOR('',#15336,1.15);
#3534=VECTOR('',#15341,1.05);
#3535=VECTOR('',#15350,2.);
#3536=VECTOR('',#15355,10.);
#3537=VECTOR('',#15356,10.);
#3538=VECTOR('',#15359,10.);
#3539=VECTOR('',#15360,10.);
#3540=VECTOR('',#15361,10.);
#3541=VECTOR('',#15362,10.);
#3542=VECTOR('',#15363,10.);
#3543=VECTOR('',#15366,2.);
#3544=VECTOR('',#15371,10.);
#3545=VECTOR('',#15372,10.);
#3546=VECTOR('',#15375,10.);
#3547=VECTOR('',#15382,10.);
#3548=VECTOR('',#15387,10.);
#3549=VECTOR('',#15390,10.);
#3550=VECTOR('',#15397,10.);
#3551=VECTOR('',#15402,10.);
#3552=VECTOR('',#15405,2.);
#3553=VECTOR('',#15410,10.);
#3554=VECTOR('',#15411,10.);
#3555=VECTOR('',#15414,2.);
#3556=VECTOR('',#15417,2.);
#3557=VECTOR('',#15422,10.);
#3558=VECTOR('',#15427,2.);
#3559=VECTOR('',#15430,10.);
#3560=VECTOR('',#15431,10.);
#3561=VECTOR('',#15432,10.);
#3562=VECTOR('',#15435,10.);
#3563=VECTOR('',#15440,10.);
#3564=VECTOR('',#15445,10.);
#3565=VECTOR('',#15446,10.);
#3566=VECTOR('',#15449,10.);
#3567=VECTOR('',#15454,10.);
#3568=VECTOR('',#15455,10.);
#3569=VECTOR('',#15460,10.);
#3570=VECTOR('',#15465,10.);
#3571=VECTOR('',#15468,10.);
#3572=VECTOR('',#15473,10.);
#3573=VECTOR('',#15482,10.);
#3574=VECTOR('',#15485,10.);
#3575=VECTOR('',#15490,10.);
#3576=VECTOR('',#15491,10.);
#3577=VECTOR('',#15494,10.);
#3578=VECTOR('',#15499,10.);
#3579=VECTOR('',#15500,10.);
#3580=VECTOR('',#15503,10.);
#3581=VECTOR('',#15508,10.);
#3582=VECTOR('',#15511,10.);
#3583=VECTOR('',#15512,10.);
#3584=VECTOR('',#15515,10.);
#3585=VECTOR('',#15520,10.);
#3586=VECTOR('',#15521,10.);
#3587=VECTOR('',#15524,10.);
#3588=VECTOR('',#15529,10.);
#3589=VECTOR('',#15530,10.);
#3590=VECTOR('',#15541,10.);
#3591=VECTOR('',#15546,10.);
#3592=VECTOR('',#15547,10.);
#3593=VECTOR('',#15550,10.);
#3594=VECTOR('',#15555,10.);
#3595=VECTOR('',#15558,10.);
#3596=VECTOR('',#15563,10.);
#3597=VECTOR('',#15564,10.);
#3598=VECTOR('',#15567,10.);
#3599=VECTOR('',#15572,10.);
#3600=VECTOR('',#15575,10.);
#3601=VECTOR('',#15580,10.);
#3602=VECTOR('',#15581,10.);
#3603=VECTOR('',#15584,10.);
#3604=VECTOR('',#15589,10.);
#3605=VECTOR('',#15592,10.);
#3606=VECTOR('',#15597,10.);
#3607=VECTOR('',#15598,10.);
#3608=VECTOR('',#15601,10.);
#3609=VECTOR('',#15606,10.);
#3610=VECTOR('',#15609,10.);
#3611=VECTOR('',#15614,10.);
#3612=VECTOR('',#15615,10.);
#3613=VECTOR('',#15618,10.);
#3614=VECTOR('',#15623,10.);
#3615=VECTOR('',#15626,10.);
#3616=VECTOR('',#15631,10.);
#3617=VECTOR('',#15632,10.);
#3618=VECTOR('',#15635,10.);
#3619=VECTOR('',#15640,10.);
#3620=VECTOR('',#15641,10.);
#3621=VECTOR('',#15644,10.);
#3622=VECTOR('',#15649,10.);
#3623=VECTOR('',#15652,10.);
#3624=VECTOR('',#15657,10.);
#3625=VECTOR('',#15658,10.);
#3626=VECTOR('',#15661,10.);
#3627=VECTOR('',#15666,10.);
#3628=VECTOR('',#15667,10.);
#3629=VECTOR('',#15670,10.);
#3630=VECTOR('',#15675,10.);
#3631=VECTOR('',#15678,10.);
#3632=VECTOR('',#15683,10.);
#3633=VECTOR('',#15684,10.);
#3634=VECTOR('',#15687,10.);
#3635=VECTOR('',#15692,10.);
#3636=VECTOR('',#15693,10.);
#3637=VECTOR('',#15696,10.);
#3638=VECTOR('',#15701,10.);
#3639=VECTOR('',#15702,10.);
#3640=VECTOR('',#15709,10.);
#3641=VECTOR('',#15714,10.);
#3642=VECTOR('',#15715,10.);
#3643=VECTOR('',#15718,10.);
#3644=VECTOR('',#15723,10.);
#3645=VECTOR('',#15724,10.);
#3646=VECTOR('',#15727,10.);
#3647=VECTOR('',#15732,10.);
#3648=VECTOR('',#15735,10.);
#3649=VECTOR('',#15740,10.);
#3650=VECTOR('',#15741,10.);
#3651=VECTOR('',#15744,10.);
#3652=VECTOR('',#15749,10.);
#3653=VECTOR('',#15750,10.);
#3654=VECTOR('',#15753,10.);
#3655=VECTOR('',#15758,10.);
#3656=VECTOR('',#15761,10.);
#3657=VECTOR('',#15762,10.);
#3658=VECTOR('',#15769,10.);
#3659=VECTOR('',#15774,10.);
#3660=VECTOR('',#15775,10.);
#3661=VECTOR('',#15778,10.);
#3662=VECTOR('',#15783,10.);
#3663=VECTOR('',#15784,10.);
#3664=VECTOR('',#15787,10.);
#3665=VECTOR('',#15792,10.);
#3666=VECTOR('',#15795,10.);
#3667=VECTOR('',#15796,10.);
#3668=VECTOR('',#15797,10.);
#3669=VECTOR('',#15808,10.);
#3670=VECTOR('',#15813,10.);
#3671=VECTOR('',#15814,10.);
#3672=VECTOR('',#15821,10.);
#3673=VECTOR('',#15826,10.);
#3674=VECTOR('',#15833,10.);
#3675=VECTOR('',#15838,10.);
#3676=VECTOR('',#15839,10.);
#3677=VECTOR('',#15846,10.);
#3678=VECTOR('',#15851,10.);
#3679=VECTOR('',#15854,10.);
#3680=VECTOR('',#15859,10.);
#3681=VECTOR('',#15860,10.);
#3682=VECTOR('',#15863,10.);
#3683=VECTOR('',#15868,10.);
#3684=VECTOR('',#15869,10.);
#3685=VECTOR('',#15872,10.);
#3686=VECTOR('',#15877,10.);
#3687=VECTOR('',#15880,10.);
#3688=VECTOR('',#15885,10.);
#3689=VECTOR('',#15896,10.);
#3690=VECTOR('',#15905,10.);
#3691=VECTOR('',#15908,10.);
#3692=VECTOR('',#15909,10.);
#3693=VECTOR('',#15912,10.);
#3694=VECTOR('',#15915,10.);
#3695=VECTOR('',#15918,10.);
#3696=VECTOR('',#15921,10.);
#3697=VECTOR('',#15924,10.);
#3698=VECTOR('',#15927,10.);
#3699=VECTOR('',#15930,10.);
#3700=VECTOR('',#15931,10.);
#3701=VECTOR('',#15934,10.);
#3702=VECTOR('',#15937,10.);
#3703=VECTOR('',#15940,10.);
#3704=VECTOR('',#15943,10.);
#3705=VECTOR('',#15946,10.);
#3706=VECTOR('',#15947,10.);
#3707=VECTOR('',#15950,10.);
#3708=VECTOR('',#15953,10.);
#3709=VECTOR('',#15956,10.);
#3710=VECTOR('',#15961,10.);
#3711=VECTOR('',#15964,10.);
#3712=VECTOR('',#15969,10.);
#3713=VECTOR('',#15972,10.);
#3714=VECTOR('',#15975,10.);
#3715=VECTOR('',#15978,10.);
#3716=VECTOR('',#15983,10.);
#3717=VECTOR('',#15986,10.);
#3718=VECTOR('',#15989,10.);
#3719=VECTOR('',#15992,10.);
#3720=VECTOR('',#15995,10.);
#3721=VECTOR('',#16000,10.);
#3722=VECTOR('',#16003,10.);
#3723=VECTOR('',#16006,10.);
#3724=VECTOR('',#16009,10.);
#3725=VECTOR('',#16012,10.);
#3726=VECTOR('',#16017,10.);
#3727=VECTOR('',#16020,10.);
#3728=VECTOR('',#16023,10.);
#3729=VECTOR('',#16026,10.);
#3730=VECTOR('',#16029,10.);
#3731=VECTOR('',#16034,2.5);
#3732=VECTOR('',#16039,10.);
#3733=VECTOR('',#16050,10.);
#3734=VECTOR('',#16063,10.);
#3735=VECTOR('',#16074,10.);
#3736=VECTOR('',#16081,2.49999999999999);
#3737=VECTOR('',#16084,2.5);
#3738=VECTOR('',#16087,2.5);
#3739=CIRCLE('',#11321,0.5);
#3740=CIRCLE('',#11322,0.499999999999998);
#3741=CIRCLE('',#11323,0.499999999999997);
#3742=CIRCLE('',#11325,0.5);
#3743=CIRCLE('',#11326,1.5);
#3744=CIRCLE('',#11327,2.);
#3745=CIRCLE('',#11329,0.5);
#3746=CIRCLE('',#11331,0.5);
#3747=CIRCLE('',#11332,0.999999999999994);
#3748=CIRCLE('',#11333,1.);
#3749=CIRCLE('',#11334,0.999999999999994);
#3750=CIRCLE('',#11336,1.1);
#3751=CIRCLE('',#11337,1.09999999999999);
#3752=CIRCLE('',#11338,1.1);
#3753=CIRCLE('',#11339,1.1);
#3754=CIRCLE('',#11340,1.09999999999999);
#3755=CIRCLE('',#11341,1.10000000000004);
#3756=CIRCLE('',#11342,1.1);
#3757=CIRCLE('',#11343,1.10000000000014);
#3758=CIRCLE('',#11344,1.09999999999999);
#3759=CIRCLE('',#11345,1.10000000000001);
#3760=CIRCLE('',#11346,2.10000000000001);
#3761=CIRCLE('',#11347,2.1);
#3762=CIRCLE('',#11348,2.10000000000015);
#3763=CIRCLE('',#11349,2.1);
#3764=CIRCLE('',#11350,2.10000000000004);
#3765=CIRCLE('',#11351,2.09999999999998);
#3766=CIRCLE('',#11352,2.1);
#3767=CIRCLE('',#11353,2.1);
#3768=CIRCLE('',#11354,2.09999999999999);
#3769=CIRCLE('',#11355,2.1);
#3770=CIRCLE('',#11360,0.5);
#3771=CIRCLE('',#11361,0.5);
#3772=CIRCLE('',#11363,1.5);
#3773=CIRCLE('',#11364,2.);
#3774=CIRCLE('',#11366,0.5);
#3775=CIRCLE('',#11367,0.5);
#3776=CIRCLE('',#11368,0.500000000000006);
#3777=CIRCLE('',#11369,0.5);
#3778=CIRCLE('',#11370,1.);
#3779=CIRCLE('',#11372,0.5);
#3780=CIRCLE('',#11374,0.499999999999924);
#3781=CIRCLE('',#11375,1.5);
#3782=CIRCLE('',#11376,2.);
#3783=CIRCLE('',#11378,0.499999999999996);
#3784=CIRCLE('',#11380,0.499999999999906);
#3785=CIRCLE('',#11381,1.5);
#3786=CIRCLE('',#11382,2.);
#3787=CIRCLE('',#11384,0.5);
#3788=CIRCLE('',#11385,0.5);
#3789=CIRCLE('',#11386,0.5);
#3790=CIRCLE('',#11387,1.);
#3791=CIRCLE('',#11389,0.5);
#3792=CIRCLE('',#11391,0.499999999999973);
#3793=CIRCLE('',#11392,1.5);
#3794=CIRCLE('',#11393,2.);
#3795=CIRCLE('',#11395,0.5);
#3796=CIRCLE('',#11397,0.5);
#3797=CIRCLE('',#11399,0.5);
#3798=CIRCLE('',#11402,0.5);
#3799=CIRCLE('',#11404,1.00000000000001);
#3800=CIRCLE('',#11407,1.);
#3801=CIRCLE('',#11409,1.1);
#3802=CIRCLE('',#11410,2.1);
#3803=CIRCLE('',#11412,0.500000000000005);
#3804=CIRCLE('',#11415,0.5);
#3805=CIRCLE('',#11416,0.5);
#3806=CIRCLE('',#11418,1.5);
#3807=CIRCLE('',#11419,2.);
#3808=CIRCLE('',#11421,2.);
#3809=CIRCLE('',#11422,0.5);
#3810=CIRCLE('',#11423,1.5);
#3811=CIRCLE('',#11425,0.5);
#3812=CIRCLE('',#11427,0.5);
#3813=CIRCLE('',#11428,1.5);
#3814=CIRCLE('',#11429,2.);
#3815=CIRCLE('',#11431,0.5);
#3816=CIRCLE('',#11432,0.5);
#3817=CIRCLE('',#11433,0.5);
#3818=CIRCLE('',#11434,1.);
#3819=CIRCLE('',#11436,0.5);
#3820=CIRCLE('',#11438,0.5);
#3821=CIRCLE('',#11441,0.499999999999999);
#3822=CIRCLE('',#11443,1.);
#3823=CIRCLE('',#11447,1.);
#3824=CIRCLE('',#11449,3.1);
#3825=CIRCLE('',#11451,1.);
#3826=CIRCLE('',#11453,3.09999999999999);
#3827=CIRCLE('',#11455,3.1);
#3828=CIRCLE('',#11456,1.);
#3829=CIRCLE('',#11458,1.);
#3830=CIRCLE('',#11460,3.1);
#3831=CIRCLE('',#11462,1.00000000000001);
#3832=CIRCLE('',#11465,1.);
#3833=CIRCLE('',#11466,3.09999999999998);
#3834=CIRCLE('',#11469,0.999999999999996);
#3835=CIRCLE('',#11472,1.00000000000001);
#3836=CIRCLE('',#11473,3.1);
#3837=CIRCLE('',#11475,0.999999999999993);
#3838=CIRCLE('',#11477,1.);
#3839=CIRCLE('',#11478,3.10000000000004);
#3840=CIRCLE('',#11481,1.);
#3841=CIRCLE('',#11484,0.999999999999991);
#3842=CIRCLE('',#11485,3.10000000000015);
#3843=CIRCLE('',#11488,1.);
#3844=CIRCLE('',#11489,3.10000000000001);
#3845=CIRCLE('',#11491,1.00000000000001);
#3846=CIRCLE('',#11493,1.);
#3847=CIRCLE('',#11494,3.1);
#3848=CIRCLE('',#11497,3.1);
#3849=CIRCLE('',#11498,3.1);
#3850=CIRCLE('',#11501,3.09999999999999);
#3851=CIRCLE('',#11504,3.1);
#3852=CIRCLE('',#11507,3.1);
#3853=CIRCLE('',#11510,3.09999999999998);
#3854=CIRCLE('',#11514,3.10000000000004);
#3855=CIRCLE('',#11517,3.1);
#3856=CIRCLE('',#11521,3.10000000000015);
#3857=CIRCLE('',#11525,3.1);
#3858=CIRCLE('',#11526,3.1);
#3859=CIRCLE('',#11529,3.10000000000001);
#3860=CIRCLE('',#11532,3.1);
#3861=CIRCLE('',#11534,3.1);
#3862=CIRCLE('',#11537,0.600000000000003);
#3863=CIRCLE('',#11540,0.399999999999714);
#3864=CIRCLE('',#11543,0.400000000000036);
#3865=CIRCLE('',#11546,0.399999999999968);
#3866=CIRCLE('',#11549,0.400000000000009);
#3867=CIRCLE('',#11552,0.400000000000005);
#3868=CIRCLE('',#11555,0.400000000000006);
#3869=CIRCLE('',#11557,0.399999999999997);
#3870=CIRCLE('',#11559,0.499999999999996);
#3871=CIRCLE('',#11561,0.5);
#3872=CIRCLE('',#11562,0.600000000000004);
#3873=CIRCLE('',#11565,0.499999999999999);
#3874=CIRCLE('',#11567,0.5);
#3875=CIRCLE('',#11568,0.59999999999999);
#3876=CIRCLE('',#11571,0.499999999999998);
#3877=CIRCLE('',#11573,0.5);
#3878=CIRCLE('',#11574,0.599999999999998);
#3879=CIRCLE('',#11576,0.500000000000001);
#3880=CIRCLE('',#11578,0.500000000000007);
#3881=CIRCLE('',#11579,0.600000000000005);
#3882=CIRCLE('',#11582,0.5);
#3883=CIRCLE('',#11584,0.499999999999995);
#3884=CIRCLE('',#11585,0.599999999999987);
#3885=CIRCLE('',#11588,0.500000000000006);
#3886=CIRCLE('',#11590,0.499999999999997);
#3887=CIRCLE('',#11591,0.600000000000035);
#3888=CIRCLE('',#11593,0.499999999999997);
#3889=CIRCLE('',#11595,0.499999999999998);
#3890=CIRCLE('',#11596,0.599999999999996);
#3891=CIRCLE('',#11599,0.50000000000002);
#3892=CIRCLE('',#11601,0.500000000000001);
#3893=CIRCLE('',#11602,0.600000000000138);
#3894=CIRCLE('',#11605,0.500000000000008);
#3895=CIRCLE('',#11607,0.500000000000005);
#3896=CIRCLE('',#11608,0.599999999999994);
#3897=CIRCLE('',#11610,0.499999999999994);
#3898=CIRCLE('',#11612,0.600000000000012);
#3899=CIRCLE('',#11614,0.599999999999994);
#3900=CIRCLE('',#11617,0.399999999999725);
#3901=CIRCLE('',#11620,0.600000000000138);
#3902=CIRCLE('',#11623,0.400000000000036);
#3903=CIRCLE('',#11626,0.599999999999996);
#3904=CIRCLE('',#11629,0.600000000000035);
#3905=CIRCLE('',#11632,0.399999999999986);
#3906=CIRCLE('',#11635,0.599999999999987);
#3907=CIRCLE('',#11638,0.400000000000009);
#3908=CIRCLE('',#11641,0.600000000000005);
#3909=CIRCLE('',#11644,0.599999999999998);
#3910=CIRCLE('',#11647,0.400000000000006);
#3911=CIRCLE('',#11650,0.59999999999999);
#3912=CIRCLE('',#11653,0.400000000000007);
#3913=CIRCLE('',#11656,0.600000000000004);
#3914=CIRCLE('',#11659,0.399999999999997);
#3915=CIRCLE('',#11660,0.399999999999997);
#3916=CIRCLE('',#11663,2.6);
#3917=CIRCLE('',#11667,2.59999999999999);
#3918=CIRCLE('',#11673,2.);
#3919=CIRCLE('',#11674,1.5);
#3920=CIRCLE('',#11677,2.);
#3921=CIRCLE('',#11678,1.5);
#3922=CIRCLE('',#11681,2.00000000000001);
#3923=CIRCLE('',#11682,1.50000000000001);
#3924=CIRCLE('',#11685,2.59999999999999);
#3925=CIRCLE('',#11688,2.60000000000001);
#3926=CIRCLE('',#11691,2.6);
#3927=CIRCLE('',#11695,2.);
#3928=CIRCLE('',#11696,1.50000000000001);
#3929=CIRCLE('',#11699,3.);
#3930=CIRCLE('',#11700,2.5);
#3931=CIRCLE('',#11703,2.00000000000002);
#3932=CIRCLE('',#11704,1.50000000000001);
#3933=CIRCLE('',#11707,2.00000000000002);
#3934=CIRCLE('',#11708,1.50000000000001);
#3935=CIRCLE('',#11712,2.60000000000015);
#3936=CIRCLE('',#11716,2.60000000000004);
#3937=CIRCLE('',#11719,2.6);
#3938=CIRCLE('',#11723,2.59999999999999);
#3939=CIRCLE('',#11726,2.6);
#3940=CIRCLE('',#11728,2.59999999999999);
#3941=CIRCLE('',#11730,2.6);
#3942=CIRCLE('',#11735,2.60000000000001);
#3943=CIRCLE('',#11737,0.500000000000001);
#3944=CIRCLE('',#11739,0.5);
#3945=CIRCLE('',#11741,0.500000000000001);
#3946=CIRCLE('',#11743,0.499999999999997);
#3947=CIRCLE('',#11745,0.500000000000001);
#3948=CIRCLE('',#11747,0.5);
#3949=CIRCLE('',#11750,1.50000000000001);
#3950=CIRCLE('',#11753,1.50000000000001);
#3951=CIRCLE('',#11756,0.5);
#3952=CIRCLE('',#11758,2.5);
#3953=CIRCLE('',#11759,2.5);
#3954=CIRCLE('',#11760,4.);
#3955=CIRCLE('',#11761,2.);
#3956=CIRCLE('',#11762,4.50000000000012);
#3957=CIRCLE('',#11763,4.50000000000008);
#3958=CIRCLE('',#11764,4.50000000000006);
#3959=CIRCLE('',#11765,2.);
#3960=CIRCLE('',#11766,4.);
#3961=CIRCLE('',#11767,2.);
#3962=CIRCLE('',#11768,4.49999999999998);
#3963=CIRCLE('',#11769,4.50000000000008);
#3964=CIRCLE('',#11770,4.49999999999996);
#3965=CIRCLE('',#11771,2.);
#3966=CIRCLE('',#11772,4.);
#3967=CIRCLE('',#11773,2.);
#3968=CIRCLE('',#11774,4.50000000000005);
#3969=CIRCLE('',#11775,4.50000000000014);
#3970=CIRCLE('',#11776,4.50000000000002);
#3971=CIRCLE('',#11777,4.50000000000001);
#3972=CIRCLE('',#11778,4.5000000000001);
#3973=CIRCLE('',#11779,4.50000000000005);
#3974=CIRCLE('',#11780,2.);
#3975=CIRCLE('',#11781,2.00000000000001);
#3976=CIRCLE('',#11782,4.50000000000006);
#3977=CIRCLE('',#11783,4.49999999999997);
#3978=CIRCLE('',#11784,2.);
#3979=CIRCLE('',#11785,4.50000000000014);
#3980=CIRCLE('',#11786,4.50000000000005);
#3981=CIRCLE('',#11787,4.49999999999998);
#3982=CIRCLE('',#11788,4.50000000000008);
#3983=CIRCLE('',#11789,4.49999999999996);
#3984=CIRCLE('',#11790,4.50000000000012);
#3985=CIRCLE('',#11791,4.50000000000006);
#3986=CIRCLE('',#11792,4.49999999999997);
#3987=CIRCLE('',#11793,4.49999999999999);
#3988=CIRCLE('',#11794,4.50000000000003);
#3989=CIRCLE('',#11795,4.49999999999999);
#3990=CIRCLE('',#11796,4.50000000000008);
#3991=CIRCLE('',#11797,4.50000000000002);
#3992=CIRCLE('',#11798,4.50000000000001);
#3993=CIRCLE('',#11799,4.5000000000001);
#3994=CIRCLE('',#11800,4.50000000000005);
#3995=CIRCLE('',#11801,4.50000000000005);
#3996=CIRCLE('',#11802,4.50000000000014);
#3997=CIRCLE('',#11803,2.5);
#3998=CIRCLE('',#11804,2.49999999999999);
#3999=CIRCLE('',#11805,0.199999999999992);
#4000=CIRCLE('',#11806,0.199999999999978);
#4001=CIRCLE('',#11807,2.10000000000002);
#4002=CIRCLE('',#11808,2.10000000000005);
#4003=CIRCLE('',#11809,4.50000000000006);
#4004=CIRCLE('',#11810,4.49999999999997);
#4005=CIRCLE('',#11811,4.49999999999999);
#4006=CIRCLE('',#11812,4.50000000000003);
#4007=CIRCLE('',#11813,4.49999999999999);
#4008=CIRCLE('',#11814,4.50000000000008);
#4009=CIRCLE('',#11815,4.49999999999997);
#4010=CIRCLE('',#11816,4.49999999999999);
#4011=CIRCLE('',#11817,4.50000000000003);
#4012=CIRCLE('',#11818,4.49999999999999);
#4013=CIRCLE('',#11819,2.5);
#4014=CIRCLE('',#11820,4.5);
#4015=CIRCLE('',#11821,2.5);
#4016=CIRCLE('',#11822,4.50000000000008);
#4017=CIRCLE('',#11823,4.50000000000006);
#4018=CIRCLE('',#11824,4.49999999999997);
#4019=CIRCLE('',#11825,2.);
#4020=CIRCLE('',#11826,3.99999999999999);
#4021=CIRCLE('',#11827,2.);
#4022=CIRCLE('',#11828,4.50000000000003);
#4023=CIRCLE('',#11829,4.49999999999999);
#4024=CIRCLE('',#11830,2.5);
#4025=CIRCLE('',#11831,2.5);
#4026=CIRCLE('',#11832,1.99999999999999);
#4027=CIRCLE('',#11833,10.5);
#4028=CIRCLE('',#11834,2.00000000000001);
#4029=CIRCLE('',#11835,4.);
#4030=CIRCLE('',#11836,2.);
#4031=CIRCLE('',#11837,4.50000000000003);
#4032=CIRCLE('',#11838,4.50000000000002);
#4033=CIRCLE('',#11839,2.);
#4034=CIRCLE('',#11840,2.);
#4035=CIRCLE('',#11841,4.49999999999997);
#4036=CIRCLE('',#11842,4.49999999999999);
#4037=CIRCLE('',#11843,4.50000000000003);
#4038=CIRCLE('',#11844,2.);
#4039=CIRCLE('',#11845,4.50000000000005);
#4040=CIRCLE('',#11846,4.50000000000005);
#4041=CIRCLE('',#11847,4.50000000000014);
#4042=CIRCLE('',#11848,4.50000000000002);
#4043=CIRCLE('',#11849,4.50000000000001);
#4044=CIRCLE('',#11850,4.5000000000001);
#4045=CIRCLE('',#11851,4.50000000000003);
#4046=CIRCLE('',#11852,4.49999999999999);
#4047=CIRCLE('',#11853,4.50000000000008);
#4048=CIRCLE('',#11854,2.);
#4049=CIRCLE('',#11855,4.);
#4050=CIRCLE('',#11856,2.5);
#4051=CIRCLE('',#11857,2.5);
#4052=CIRCLE('',#11858,2.5);
#4053=CIRCLE('',#11859,2.5);
#4054=CIRCLE('',#11860,4.50000000000003);
#4055=CIRCLE('',#11861,4.50000000000002);
#4056=CIRCLE('',#11862,4.5000000000001);
#4057=CIRCLE('',#11863,4.49999999999997);
#4058=CIRCLE('',#11864,4.49999999999999);
#4059=CIRCLE('',#11865,4.50000000000003);
#4060=CIRCLE('',#11866,4.49999999999999);
#4061=CIRCLE('',#11867,4.50000000000008);
#4062=CIRCLE('',#11868,4.50000000000006);
#4063=CIRCLE('',#11869,4.50000000000006);
#4064=CIRCLE('',#11870,2.);
#4065=CIRCLE('',#11871,4.);
#4066=CIRCLE('',#11872,2.);
#4067=CIRCLE('',#11873,4.49999999999998);
#4068=CIRCLE('',#11874,4.50000000000009);
#4069=CIRCLE('',#11875,4.49999999999996);
#4070=CIRCLE('',#11876,4.50000000000012);
#4071=CIRCLE('',#11877,4.50000000000009);
#4072=CIRCLE('',#11878,4.50000000000003);
#4073=CIRCLE('',#11879,4.50000000000002);
#4074=CIRCLE('',#11880,4.5000000000001);
#4075=CIRCLE('',#11881,4.50000000000005);
#4076=CIRCLE('',#11882,4.50000000000005);
#4077=CIRCLE('',#11883,4.50000000000014);
#4078=CIRCLE('',#11884,4.50000000000014);
#4079=CIRCLE('',#11885,4.50000000000002);
#4080=CIRCLE('',#11886,4.50000000000001);
#4081=CIRCLE('',#11887,4.5000000000001);
#4082=CIRCLE('',#11888,4.50000000000005);
#4083=CIRCLE('',#11889,4.50000000000005);
#4084=CIRCLE('',#11890,3.99999999999999);
#4085=CIRCLE('',#11891,2.5);
#4086=CIRCLE('',#11892,2.5);
#4087=CIRCLE('',#11893,4.50000000000008);
#4088=CIRCLE('',#11894,4.50000000000006);
#4089=CIRCLE('',#11895,4.49999999999997);
#4090=CIRCLE('',#11896,2.);
#4091=CIRCLE('',#11897,4.50000000000006);
#4092=CIRCLE('',#11898,2.);
#4093=CIRCLE('',#11899,2.);
#4094=CIRCLE('',#11900,4.49999999999999);
#4095=CIRCLE('',#11901,4.50000000000008);
#4096=CIRCLE('',#11902,2.5);
#4097=CIRCLE('',#11903,2.5);
#4098=CIRCLE('',#11904,2.);
#4099=CIRCLE('',#11905,4.49999999999997);
#4100=CIRCLE('',#11906,4.49999999999999);
#4101=CIRCLE('',#11907,4.50000000000003);
#4102=CIRCLE('',#11908,2.);
#4103=CIRCLE('',#11909,2.);
#4104=CIRCLE('',#11910,4.49999999999997);
#4105=CIRCLE('',#11911,4.49999999999999);
#4106=CIRCLE('',#11912,4.50000000000006);
#4107=CIRCLE('',#11913,2.);
#4108=CIRCLE('',#11914,2.);
#4109=CIRCLE('',#11915,4.49999999999999);
#4110=CIRCLE('',#11916,4.50000000000008);
#4111=CIRCLE('',#11917,1.99999999999999);
#4112=CIRCLE('',#11918,4.50000000000003);
#4113=CIRCLE('',#11919,4.49999999999999);
#4114=CIRCLE('',#11920,2.00000000000001);
#4115=CIRCLE('',#11921,4.50000000000005);
#4116=CIRCLE('',#11922,4.50000000000014);
#4117=CIRCLE('',#11923,4.50000000000003);
#4118=CIRCLE('',#11924,4.50000000000002);
#4119=CIRCLE('',#11925,4.5000000000001);
#4120=CIRCLE('',#11926,4.50000000000005);
#4121=CIRCLE('',#11927,4.50000000000008);
#4122=CIRCLE('',#11928,4.50000000000006);
#4123=CIRCLE('',#11929,4.49999999999997);
#4124=CIRCLE('',#11930,4.49999999999999);
#4125=CIRCLE('',#11931,4.50000000000003);
#4126=CIRCLE('',#11932,4.49999999999999);
#4127=CIRCLE('',#11933,4.49999999999997);
#4128=CIRCLE('',#11934,4.49999999999999);
#4129=CIRCLE('',#11935,2.);
#4130=CIRCLE('',#11936,2.5);
#4131=CIRCLE('',#11937,2.5);
#4132=CIRCLE('',#11939,0.5);
#4133=CIRCLE('',#11941,2.5);
#4134=CIRCLE('',#11943,0.5);
#4135=CIRCLE('',#11945,0.5);
#4136=CIRCLE('',#11950,0.5);
#4137=CIRCLE('',#11952,1.50000000000001);
#4138=CIRCLE('',#11955,1.50000000000001);
#4139=CIRCLE('',#11958,1.5);
#4140=CIRCLE('',#11961,1.5);
#4141=CIRCLE('',#11965,2.5);
#4142=CIRCLE('',#11967,4.5);
#4143=CIRCLE('',#11969,2.5);
#4144=CIRCLE('',#11971,2.5);
#4145=CIRCLE('',#11974,2.5);
#4146=CIRCLE('',#11977,2.5);
#4147=CIRCLE('',#11980,2.5);
#4148=CIRCLE('',#11982,2.5);
#4149=CIRCLE('',#11985,2.5);
#4150=CIRCLE('',#11987,2.5);
#4151=CIRCLE('',#11990,2.5);
#4152=CIRCLE('',#11992,2.5);
#4153=CIRCLE('',#11995,2.5);
#4154=CIRCLE('',#11997,2.5);
#4155=CIRCLE('',#12000,2.5);
#4156=CIRCLE('',#12002,4.49999999999997);
#4157=CIRCLE('',#12004,3.99999999999999);
#4158=CIRCLE('',#12008,4.);
#4159=CIRCLE('',#12012,0.199999999999992);
#4160=CIRCLE('',#12013,2.10000000000005);
#4161=CIRCLE('',#12014,2.10000000000002);
#4162=CIRCLE('',#12015,0.199999999999978);
#4163=CIRCLE('',#12021,1.05);
#4164=CIRCLE('',#12023,1.05);
#4165=CIRCLE('',#12025,1.05);
#4166=CIRCLE('',#12027,1.05);
#4167=CIRCLE('',#12029,1.05);
#4168=CIRCLE('',#12031,2.);
#4169=CIRCLE('',#12033,4.50000000000006);
#4170=CIRCLE('',#12036,4.50000000000008);
#4171=CIRCLE('',#12039,4.50000000000012);
#4172=CIRCLE('',#12041,2.);
#4173=CIRCLE('',#12043,4.);
#4174=CIRCLE('',#12045,4.50000000000002);
#4175=CIRCLE('',#12048,4.50000000000014);
#4176=CIRCLE('',#12051,4.50000000000005);
#4177=CIRCLE('',#12053,2.);
#4178=CIRCLE('',#12055,4.);
#4179=CIRCLE('',#12058,2.00000000000001);
#4180=CIRCLE('',#12062,4.49999999999998);
#4181=CIRCLE('',#12065,4.50000000000005);
#4182=CIRCLE('',#12068,4.50000000000014);
#4183=CIRCLE('',#12071,4.49999999999999);
#4184=CIRCLE('',#12074,4.49999999999997);
#4185=CIRCLE('',#12077,4.50000000000006);
#4186=CIRCLE('',#12080,4.5000000000001);
#4187=CIRCLE('',#12083,4.50000000000001);
#4188=CIRCLE('',#12086,4.50000000000002);
#4189=CIRCLE('',#12089,2.);
#4190=CIRCLE('',#12092,4.49999999999999);
#4191=CIRCLE('',#12095,4.49999999999997);
#4192=CIRCLE('',#12101,4.49999999999999);
#4193=CIRCLE('',#12104,4.49999999999997);
#4194=CIRCLE('',#12107,4.50000000000006);
#4195=CIRCLE('',#12110,4.50000000000003);
#4196=CIRCLE('',#12113,4.49999999999999);
#4197=CIRCLE('',#12116,4.49999999999997);
#4198=CIRCLE('',#12120,2.);
#4199=CIRCLE('',#12122,4.);
#4200=CIRCLE('',#12124,2.00000000000001);
#4201=CIRCLE('',#12126,10.5);
#4202=CIRCLE('',#12128,1.99999999999999);
#4203=CIRCLE('',#12131,4.49999999999997);
#4204=CIRCLE('',#12133,2.);
#4205=CIRCLE('',#12136,2.);
#4206=CIRCLE('',#12139,4.50000000000014);
#4207=CIRCLE('',#12142,4.50000000000005);
#4208=CIRCLE('',#12145,4.50000000000005);
#4209=CIRCLE('',#12149,4.50000000000003);
#4210=CIRCLE('',#12152,4.50000000000003);
#4211=CIRCLE('',#12155,4.49999999999999);
#4212=CIRCLE('',#12158,4.49999999999997);
#4213=CIRCLE('',#12162,4.49999999999998);
#4214=CIRCLE('',#12164,2.);
#4215=CIRCLE('',#12166,4.);
#4216=CIRCLE('',#12168,2.);
#4217=CIRCLE('',#12170,4.50000000000006);
#4218=CIRCLE('',#12173,4.5000000000001);
#4219=CIRCLE('',#12176,4.50000000000002);
#4220=CIRCLE('',#12179,4.50000000000003);
#4221=CIRCLE('',#12182,4.50000000000001);
#4222=CIRCLE('',#12185,4.50000000000002);
#4223=CIRCLE('',#12188,4.50000000000014);
#4224=CIRCLE('',#12191,4.50000000000008);
#4225=CIRCLE('',#12195,2.);
#4226=CIRCLE('',#12198,4.50000000000006);
#4227=CIRCLE('',#12203,2.);
#4228=CIRCLE('',#12206,4.50000000000003);
#4229=CIRCLE('',#12210,2.);
#4230=CIRCLE('',#12213,4.50000000000006);
#4231=CIRCLE('',#12217,4.50000000000003);
#4232=CIRCLE('',#12220,1.99999999999999);
#4233=CIRCLE('',#12223,4.50000000000003);
#4234=CIRCLE('',#12226,4.50000000000014);
#4235=CIRCLE('',#12229,4.50000000000005);
#4236=CIRCLE('',#12231,4.49999999999997);
#4237=CIRCLE('',#12234,4.50000000000006);
#4238=CIRCLE('',#12237,4.50000000000008);
#4239=CIRCLE('',#12240,2.5);
#4240=CIRCLE('',#12242,2.49999999999999);
#4241=CIRCLE('',#12244,2.5);
#4242=CIRCLE('',#12247,2.5);
#4243=CIRCLE('',#12251,2.);
#4244=CIRCLE('',#12252,2.);
#4245=CIRCLE('',#12258,2.3);
#4246=CIRCLE('',#12259,2.5);
#4247=CIRCLE('',#12261,1.25);
#4248=CIRCLE('',#12263,2.5);
#4249=CIRCLE('',#12265,1.05);
#4250=CIRCLE('',#12268,2.3);
#4251=CIRCLE('',#12269,2.5);
#4252=CIRCLE('',#12271,1.25);
#4253=CIRCLE('',#12273,2.5);
#4254=CIRCLE('',#12275,1.05);
#4255=CIRCLE('',#12278,2.3);
#4256=CIRCLE('',#12279,2.5);
#4257=CIRCLE('',#12281,1.25);
#4258=CIRCLE('',#12283,2.5);
#4259=CIRCLE('',#12285,1.05);
#4260=CIRCLE('',#12288,1.25);
#4261=CIRCLE('',#12289,1.05);
#4262=CIRCLE('',#12291,2.3);
#4263=CIRCLE('',#12294,2.5);
#4264=CIRCLE('',#12296,2.5);
#4265=CIRCLE('',#12298,2.3);
#4266=CIRCLE('',#12299,2.5);
#4267=CIRCLE('',#12301,1.25);
#4268=CIRCLE('',#12303,2.5);
#4269=CIRCLE('',#12305,1.05);
#4270=CIRCLE('',#12308,0.5);
#4271=CIRCLE('',#12309,0.5);
#4272=CIRCLE('',#12311,2.);
#4273=CIRCLE('',#12315,2.);
#4274=CIRCLE('',#12318,2.);
#4275=CIRCLE('',#12320,4.);
#4276=CIRCLE('',#12322,2.);
#4277=CIRCLE('',#12324,2.);
#4278=CIRCLE('',#12326,2.);
#4279=CIRCLE('',#12328,2.);
#4280=CIRCLE('',#12330,2.00000000000001);
#4281=CIRCLE('',#12333,2.);
#4282=CIRCLE('',#12335,4.50000000000003);
#4283=CIRCLE('',#12337,2.);
#4284=CIRCLE('',#12340,2.);
#4285=CIRCLE('',#12342,4.50000000000008);
#4286=CIRCLE('',#12345,2.);
#4287=CIRCLE('',#12348,2.);
#4288=CIRCLE('',#12350,2.);
#4289=CIRCLE('',#12353,0.600000000000012);
#4290=CIRCLE('',#12354,2.40000000000005);
#4291=CIRCLE('',#12355,2.39999999999934);
#4292=CIRCLE('',#12357,4.49999999999998);
#4293=CIRCLE('',#12359,4.49999999999999);
#4294=CIRCLE('',#12362,4.50000000000003);
#4295=CIRCLE('',#12365,4.49999999999999);
#4296=CIRCLE('',#12369,4.50000000000005);
#4297=CIRCLE('',#12372,4.5000000000001);
#4298=CIRCLE('',#12375,4.50000000000002);
#4299=CIRCLE('',#12377,4.49999999999999);
#4300=CIRCLE('',#12379,4.50000000000008);
#4301=CIRCLE('',#12382,4.49999999999999);
#4302=CIRCLE('',#12385,4.49999999999999);
#4303=CIRCLE('',#12388,4.49999999999997);
#4304=CIRCLE('',#12391,4.49999999999999);
#4305=CIRCLE('',#12394,4.49999999999997);
#4306=CIRCLE('',#12397,4.50000000000008);
#4307=CIRCLE('',#12400,4.49999999999999);
#4308=CIRCLE('',#12403,4.49999999999997);
#4309=CIRCLE('',#12406,4.50000000000006);
#4310=CIRCLE('',#12409,4.50000000000005);
#4311=CIRCLE('',#12412,4.50000000000005);
#4312=CIRCLE('',#12415,4.5000000000001);
#4313=CIRCLE('',#12418,4.50000000000014);
#4314=CIRCLE('',#12421,4.50000000000005);
#4315=CIRCLE('',#12424,4.50000000000005);
#4316=CIRCLE('',#12427,4.50000000000009);
#4317=CIRCLE('',#12430,4.50000000000012);
#4318=CIRCLE('',#12433,4.49999999999996);
#4319=CIRCLE('',#12436,4.50000000000009);
#4320=CIRCLE('',#12438,4.50000000000006);
#4321=CIRCLE('',#12441,4.50000000000008);
#4322=CIRCLE('',#12444,4.49999999999999);
#4323=CIRCLE('',#12447,4.5000000000001);
#4324=CIRCLE('',#12450,4.50000000000002);
#4325=CIRCLE('',#12453,4.50000000000003);
#4326=CIRCLE('',#12457,4.49999999999999);
#4327=CIRCLE('',#12459,4.5000000000001);
#4328=CIRCLE('',#12462,4.50000000000001);
#4329=CIRCLE('',#12465,4.50000000000002);
#4330=CIRCLE('',#12469,4.49999999999999);
#4331=CIRCLE('',#12471,4.50000000000003);
#4332=CIRCLE('',#12473,4.50000000000002);
#4333=CIRCLE('',#12476,4.50000000000003);
#4334=CIRCLE('',#12478,4.49999999999999);
#4335=CIRCLE('',#12481,3.99999999999999);
#4336=CIRCLE('',#12483,4.50000000000006);
#4337=CIRCLE('',#12486,4.50000000000008);
#4338=CIRCLE('',#12488,4.49999999999999);
#4339=CIRCLE('',#12491,4.50000000000008);
#4340=CIRCLE('',#12494,4.49999999999999);
#4341=CIRCLE('',#12497,4.50000000000003);
#4342=CIRCLE('',#12500,4.49999999999996);
#4343=CIRCLE('',#12502,4.50000000000005);
#4344=CIRCLE('',#12504,2.39999999999934);
#4345=CIRCLE('',#12505,2.40000000000005);
#4346=CIRCLE('',#12506,4.49999999999997);
#4347=CIRCLE('',#12507,4.50000000000006);
#4348=CIRCLE('',#12508,2.4);
#4349=CIRCLE('',#12509,2.39999999999999);
#4350=CIRCLE('',#12510,2.40000000000002);
#4351=CIRCLE('',#12511,2.40000000000002);
#4352=CIRCLE('',#12512,0.600000000000003);
#4353=CIRCLE('',#12513,4.50000000000008);
#4354=CIRCLE('',#12514,4.49999999999999);
#4355=CIRCLE('',#12515,4.50000000000003);
#4356=CIRCLE('',#12516,4.50000000000012);
#4357=CIRCLE('',#12517,4.49999999999996);
#4358=CIRCLE('',#12518,4.50000000000008);
#4359=CIRCLE('',#12519,4.5000000000001);
#4360=CIRCLE('',#12520,4.50000000000001);
#4361=CIRCLE('',#12521,4.50000000000014);
#4362=CIRCLE('',#12522,4.50000000000005);
#4363=CIRCLE('',#12523,4.50000000000005);
#4364=CIRCLE('',#12524,4.50000000000008);
#4365=CIRCLE('',#12561,2.40000000000002);
#4366=CIRCLE('',#12562,2.40000000000002);
#4367=CIRCLE('',#12563,2.39999999999999);
#4368=CIRCLE('',#12564,2.4);
#4369=VERTEX_POINT('',#16090);
#4370=VERTEX_POINT('',#16091);
#4371=VERTEX_POINT('',#16093);
#4372=VERTEX_POINT('',#16095);
#4373=VERTEX_POINT('',#16123);
#4374=VERTEX_POINT('',#16124);
#4375=VERTEX_POINT('',#16137);
#4376=VERTEX_POINT('',#16138);
#4377=VERTEX_POINT('',#16140);
#4378=VERTEX_POINT('',#16142);
#4379=VERTEX_POINT('',#16149);
#4380=VERTEX_POINT('',#16179);
#4381=VERTEX_POINT('',#16196);
#4382=VERTEX_POINT('',#16200);
#4383=VERTEX_POINT('',#16202);
#4384=VERTEX_POINT('',#16204);
#4385=VERTEX_POINT('',#16206);
#4386=VERTEX_POINT('',#16208);
#4387=VERTEX_POINT('',#16210);
#4388=VERTEX_POINT('',#16212);
#4389=VERTEX_POINT('',#16214);
#4390=VERTEX_POINT('',#16216);
#4391=VERTEX_POINT('',#16218);
#4392=VERTEX_POINT('',#16220);
#4393=VERTEX_POINT('',#16222);
#4394=VERTEX_POINT('',#16224);
#4395=VERTEX_POINT('',#16226);
#4396=VERTEX_POINT('',#16228);
#4397=VERTEX_POINT('',#16230);
#4398=VERTEX_POINT('',#16232);
#4399=VERTEX_POINT('',#16234);
#4400=VERTEX_POINT('',#16236);
#4401=VERTEX_POINT('',#16238);
#4402=VERTEX_POINT('',#16240);
#4403=VERTEX_POINT('',#16242);
#4404=VERTEX_POINT('',#16244);
#4405=VERTEX_POINT('',#16246);
#4406=VERTEX_POINT('',#16248);
#4407=VERTEX_POINT('',#16250);
#4408=VERTEX_POINT('',#16252);
#4409=VERTEX_POINT('',#16254);
#4410=VERTEX_POINT('',#16256);
#4411=VERTEX_POINT('',#16258);
#4412=VERTEX_POINT('',#16260);
#4413=VERTEX_POINT('',#16262);
#4414=VERTEX_POINT('',#16264);
#4415=VERTEX_POINT('',#16266);
#4416=VERTEX_POINT('',#16268);
#4417=VERTEX_POINT('',#16270);
#4418=VERTEX_POINT('',#16272);
#4419=VERTEX_POINT('',#16274);
#4420=VERTEX_POINT('',#16276);
#4421=VERTEX_POINT('',#16278);
#4422=VERTEX_POINT('',#16280);
#4423=VERTEX_POINT('',#16282);
#4424=VERTEX_POINT('',#16284);
#4425=VERTEX_POINT('',#16286);
#4426=VERTEX_POINT('',#16288);
#4427=VERTEX_POINT('',#16290);
#4428=VERTEX_POINT('',#16292);
#4429=VERTEX_POINT('',#16294);
#4430=VERTEX_POINT('',#16296);
#4431=VERTEX_POINT('',#16298);
#4432=VERTEX_POINT('',#16300);
#4433=VERTEX_POINT('',#16304);
#4434=VERTEX_POINT('',#16308);
#4435=VERTEX_POINT('',#16312);
#4436=VERTEX_POINT('',#16313);
#4437=VERTEX_POINT('',#16315);
#4438=VERTEX_POINT('',#16317);
#4439=VERTEX_POINT('',#16321);
#4440=VERTEX_POINT('',#16322);
#4441=VERTEX_POINT('',#16330);
#4442=VERTEX_POINT('',#16331);
#4443=VERTEX_POINT('',#16333);
#4444=VERTEX_POINT('',#16335);
#4445=VERTEX_POINT('',#16347);
#4446=VERTEX_POINT('',#16348);
#4447=VERTEX_POINT('',#16353);
#4448=VERTEX_POINT('',#16354);
#4449=VERTEX_POINT('',#16359);
#4450=VERTEX_POINT('',#16360);
#4451=VERTEX_POINT('',#16365);
#4452=VERTEX_POINT('',#16366);
#4453=VERTEX_POINT('',#16371);
#4454=VERTEX_POINT('',#16372);
#4455=VERTEX_POINT('',#16377);
#4456=VERTEX_POINT('',#16378);
#4457=VERTEX_POINT('',#16391);
#4458=VERTEX_POINT('',#16399);
#4459=VERTEX_POINT('',#16400);
#4460=VERTEX_POINT('',#16402);
#4461=VERTEX_POINT('',#16404);
#4462=VERTEX_POINT('',#16411);
#4463=VERTEX_POINT('',#16420);
#4464=VERTEX_POINT('',#16422);
#4465=VERTEX_POINT('',#16424);
#4466=VERTEX_POINT('',#16426);
#4467=VERTEX_POINT('',#16432);
#4468=VERTEX_POINT('',#16436);
#4469=VERTEX_POINT('',#16438);
#4470=VERTEX_POINT('',#16440);
#4471=VERTEX_POINT('',#16444);
#4472=VERTEX_POINT('',#16448);
#4473=VERTEX_POINT('',#16450);
#4474=VERTEX_POINT('',#16452);
#4475=VERTEX_POINT('',#16454);
#4476=VERTEX_POINT('',#16456);
#4477=VERTEX_POINT('',#16460);
#4478=VERTEX_POINT('',#16464);
#4479=VERTEX_POINT('',#16468);
#4480=VERTEX_POINT('',#16469);
#4481=VERTEX_POINT('',#16471);
#4482=VERTEX_POINT('',#16473);
#4483=VERTEX_POINT('',#16477);
#4484=VERTEX_POINT('',#16478);
#4485=VERTEX_POINT('',#16486);
#4486=VERTEX_POINT('',#16487);
#4487=VERTEX_POINT('',#16492);
#4488=VERTEX_POINT('',#16494);
#4489=VERTEX_POINT('',#16498);
#4490=VERTEX_POINT('',#16499);
#4491=VERTEX_POINT('',#16504);
#4492=VERTEX_POINT('',#16505);
#4493=VERTEX_POINT('',#16510);
#4494=VERTEX_POINT('',#16511);
#4495=VERTEX_POINT('',#16524);
#4496=VERTEX_POINT('',#16534);
#4497=VERTEX_POINT('',#16536);
#4498=VERTEX_POINT('',#16542);
#4499=VERTEX_POINT('',#16546);
#4500=VERTEX_POINT('',#16550);
#4501=VERTEX_POINT('',#16552);
#4502=VERTEX_POINT('',#16554);
#4503=VERTEX_POINT('',#16558);
#4504=VERTEX_POINT('',#16559);
#4505=VERTEX_POINT('',#16579);
#4506=VERTEX_POINT('',#16580);
#4507=VERTEX_POINT('',#16600);
#4508=VERTEX_POINT('',#16601);
#4509=VERTEX_POINT('',#16619);
#4510=VERTEX_POINT('',#16625);
#4511=VERTEX_POINT('',#16626);
#4512=VERTEX_POINT('',#16631);
#4513=VERTEX_POINT('',#16637);
#4514=VERTEX_POINT('',#16638);
#4515=VERTEX_POINT('',#16643);
#4516=VERTEX_POINT('',#16647);
#4517=VERTEX_POINT('',#16651);
#4518=VERTEX_POINT('',#16657);
#4519=VERTEX_POINT('',#16658);
#4520=VERTEX_POINT('',#16663);
#4521=VERTEX_POINT('',#16669);
#4522=VERTEX_POINT('',#16673);
#4523=VERTEX_POINT('',#16677);
#4524=VERTEX_POINT('',#16683);
#4525=VERTEX_POINT('',#16685);
#4526=VERTEX_POINT('',#16687);
#4527=VERTEX_POINT('',#16692);
#4528=VERTEX_POINT('',#16696);
#4529=VERTEX_POINT('',#16700);
#4530=VERTEX_POINT('',#16704);
#4531=VERTEX_POINT('',#16708);
#4532=VERTEX_POINT('',#16712);
#4533=VERTEX_POINT('',#16716);
#4534=VERTEX_POINT('',#16720);
#4535=VERTEX_POINT('',#16724);
#4536=VERTEX_POINT('',#16728);
#4537=VERTEX_POINT('',#16732);
#4538=VERTEX_POINT('',#16736);
#4539=VERTEX_POINT('',#16740);
#4540=VERTEX_POINT('',#16744);
#4541=VERTEX_POINT('',#16748);
#4542=VERTEX_POINT('',#16752);
#4543=VERTEX_POINT('',#16756);
#4544=VERTEX_POINT('',#16758);
#4545=VERTEX_POINT('',#16760);
#4546=VERTEX_POINT('',#16764);
#4547=VERTEX_POINT('',#16768);
#4548=VERTEX_POINT('',#16770);
#4549=VERTEX_POINT('',#16772);
#4550=VERTEX_POINT('',#16776);
#4551=VERTEX_POINT('',#16807);
#4552=VERTEX_POINT('',#16809);
#4553=VERTEX_POINT('',#16832);
#4554=VERTEX_POINT('',#16834);
#4555=VERTEX_POINT('',#16862);
#4556=VERTEX_POINT('',#16864);
#4557=VERTEX_POINT('',#16892);
#4558=VERTEX_POINT('',#16894);
#4559=VERTEX_POINT('',#16922);
#4560=VERTEX_POINT('',#16924);
#4561=VERTEX_POINT('',#16952);
#4562=VERTEX_POINT('',#16954);
#4563=VERTEX_POINT('',#16982);
#4564=VERTEX_POINT('',#16986);
#4565=VERTEX_POINT('',#16990);
#4566=VERTEX_POINT('',#16996);
#4567=VERTEX_POINT('',#17000);
#4568=VERTEX_POINT('',#17006);
#4569=VERTEX_POINT('',#17010);
#4570=VERTEX_POINT('',#17014);
#4571=VERTEX_POINT('',#17018);
#4572=VERTEX_POINT('',#17024);
#4573=VERTEX_POINT('',#17028);
#4574=VERTEX_POINT('',#17034);
#4575=VERTEX_POINT('',#17038);
#4576=VERTEX_POINT('',#17042);
#4577=VERTEX_POINT('',#17046);
#4578=VERTEX_POINT('',#17052);
#4579=VERTEX_POINT('',#17056);
#4580=VERTEX_POINT('',#17062);
#4581=VERTEX_POINT('',#17066);
#4582=VERTEX_POINT('',#17070);
#4583=VERTEX_POINT('',#17076);
#4584=VERTEX_POINT('',#17078);
#4585=VERTEX_POINT('',#17082);
#4586=VERTEX_POINT('',#17086);
#4587=VERTEX_POINT('',#17090);
#4588=VERTEX_POINT('',#17094);
#4589=VERTEX_POINT('',#17098);
#4590=VERTEX_POINT('',#17102);
#4591=VERTEX_POINT('',#17106);
#4592=VERTEX_POINT('',#17110);
#4593=VERTEX_POINT('',#17114);
#4594=VERTEX_POINT('',#17116);
#4595=VERTEX_POINT('',#17118);
#4596=VERTEX_POINT('',#17120);
#4597=VERTEX_POINT('',#17122);
#4598=VERTEX_POINT('',#17126);
#4599=VERTEX_POINT('',#17130);
#4600=VERTEX_POINT('',#17134);
#4601=VERTEX_POINT('',#17138);
#4602=VERTEX_POINT('',#17142);
#4603=VERTEX_POINT('',#17146);
#4604=VERTEX_POINT('',#17150);
#4605=VERTEX_POINT('',#17154);
#4606=VERTEX_POINT('',#17158);
#4607=VERTEX_POINT('',#17162);
#4608=VERTEX_POINT('',#17166);
#4609=VERTEX_POINT('',#17170);
#4610=VERTEX_POINT('',#17174);
#4611=VERTEX_POINT('',#17178);
#4612=VERTEX_POINT('',#17182);
#4613=VERTEX_POINT('',#17186);
#4614=VERTEX_POINT('',#17190);
#4615=VERTEX_POINT('',#17194);
#4616=VERTEX_POINT('',#17198);
#4617=VERTEX_POINT('',#17202);
#4618=VERTEX_POINT('',#17206);
#4619=VERTEX_POINT('',#17208);
#4620=VERTEX_POINT('',#17214);
#4621=VERTEX_POINT('',#17227);
#4622=VERTEX_POINT('',#17234);
#4623=VERTEX_POINT('',#17238);
#4624=VERTEX_POINT('',#17251);
#4625=VERTEX_POINT('',#17255);
#4626=VERTEX_POINT('',#17259);
#4627=VERTEX_POINT('',#17263);
#4628=VERTEX_POINT('',#17264);
#4629=VERTEX_POINT('',#17266);
#4630=VERTEX_POINT('',#17268);
#4631=VERTEX_POINT('',#17272);
#4632=VERTEX_POINT('',#17273);
#4633=VERTEX_POINT('',#17278);
#4634=VERTEX_POINT('',#17279);
#4635=VERTEX_POINT('',#17284);
#4636=VERTEX_POINT('',#17285);
#4637=VERTEX_POINT('',#17290);
#4638=VERTEX_POINT('',#17291);
#4639=VERTEX_POINT('',#17296);
#4640=VERTEX_POINT('',#17297);
#4641=VERTEX_POINT('',#17302);
#4642=VERTEX_POINT('',#17303);
#4643=VERTEX_POINT('',#17308);
#4644=VERTEX_POINT('',#17310);
#4645=VERTEX_POINT('',#17314);
#4646=VERTEX_POINT('',#17318);
#4647=VERTEX_POINT('',#17322);
#4648=VERTEX_POINT('',#17326);
#4649=VERTEX_POINT('',#17333);
#4650=VERTEX_POINT('',#17334);
#4651=VERTEX_POINT('',#17336);
#4652=VERTEX_POINT('',#17338);
#4653=VERTEX_POINT('',#17342);
#4654=VERTEX_POINT('',#17343);
#4655=VERTEX_POINT('',#17348);
#4656=VERTEX_POINT('',#17353);
#4657=VERTEX_POINT('',#17355);
#4658=VERTEX_POINT('',#17357);
#4659=VERTEX_POINT('',#17361);
#4660=VERTEX_POINT('',#17362);
#4661=VERTEX_POINT('',#17364);
#4662=VERTEX_POINT('',#17366);
#4663=VERTEX_POINT('',#17370);
#4664=VERTEX_POINT('',#17371);
#4665=VERTEX_POINT('',#17376);
#4666=VERTEX_POINT('',#17377);
#4667=VERTEX_POINT('',#17382);
#4668=VERTEX_POINT('',#17383);
#4669=VERTEX_POINT('',#17388);
#4670=VERTEX_POINT('',#17393);
#4671=VERTEX_POINT('',#17395);
#4672=VERTEX_POINT('',#17399);
#4673=VERTEX_POINT('',#17406);
#4674=VERTEX_POINT('',#17408);
#4675=VERTEX_POINT('',#17412);
#4676=VERTEX_POINT('',#17416);
#4677=VERTEX_POINT('',#17420);
#4678=VERTEX_POINT('',#17426);
#4679=VERTEX_POINT('',#17428);
#4680=VERTEX_POINT('',#17435);
#4681=VERTEX_POINT('',#17441);
#4682=VERTEX_POINT('',#17443);
#4683=VERTEX_POINT('',#17450);
#4684=VERTEX_POINT('',#17452);
#4685=VERTEX_POINT('',#17459);
#4686=VERTEX_POINT('',#17468);
#4687=VERTEX_POINT('',#17486);
#4688=VERTEX_POINT('',#17488);
#4689=VERTEX_POINT('',#17492);
#4690=VERTEX_POINT('',#17496);
#4691=VERTEX_POINT('',#17500);
#4692=VERTEX_POINT('',#17504);
#4693=VERTEX_POINT('',#17510);
#4694=VERTEX_POINT('',#17512);
#4695=VERTEX_POINT('',#17514);
#4696=VERTEX_POINT('',#17515);
#4697=VERTEX_POINT('',#17517);
#4698=VERTEX_POINT('',#17519);
#4699=VERTEX_POINT('',#17521);
#4700=VERTEX_POINT('',#17523);
#4701=VERTEX_POINT('',#17525);
#4702=VERTEX_POINT('',#17527);
#4703=VERTEX_POINT('',#17529);
#4704=VERTEX_POINT('',#17531);
#4705=VERTEX_POINT('',#17533);
#4706=VERTEX_POINT('',#17535);
#4707=VERTEX_POINT('',#17537);
#4708=VERTEX_POINT('',#17539);
#4709=VERTEX_POINT('',#17541);
#4710=VERTEX_POINT('',#17543);
#4711=VERTEX_POINT('',#17546);
#4712=VERTEX_POINT('',#17547);
#4713=VERTEX_POINT('',#17549);
#4714=VERTEX_POINT('',#17551);
#4715=VERTEX_POINT('',#17553);
#4716=VERTEX_POINT('',#17555);
#4717=VERTEX_POINT('',#17557);
#4718=VERTEX_POINT('',#17559);
#4719=VERTEX_POINT('',#17561);
#4720=VERTEX_POINT('',#17563);
#4721=VERTEX_POINT('',#17565);
#4722=VERTEX_POINT('',#17567);
#4723=VERTEX_POINT('',#17569);
#4724=VERTEX_POINT('',#17571);
#4725=VERTEX_POINT('',#17574);
#4726=VERTEX_POINT('',#17575);
#4727=VERTEX_POINT('',#17577);
#4728=VERTEX_POINT('',#17579);
#4729=VERTEX_POINT('',#17581);
#4730=VERTEX_POINT('',#17583);
#4731=VERTEX_POINT('',#17585);
#4732=VERTEX_POINT('',#17587);
#4733=VERTEX_POINT('',#17589);
#4734=VERTEX_POINT('',#17592);
#4735=VERTEX_POINT('',#17593);
#4736=VERTEX_POINT('',#17595);
#4737=VERTEX_POINT('',#17597);
#4738=VERTEX_POINT('',#17599);
#4739=VERTEX_POINT('',#17601);
#4740=VERTEX_POINT('',#17603);
#4741=VERTEX_POINT('',#17605);
#4742=VERTEX_POINT('',#17607);
#4743=VERTEX_POINT('',#17609);
#4744=VERTEX_POINT('',#17611);
#4745=VERTEX_POINT('',#17613);
#4746=VERTEX_POINT('',#17616);
#4747=VERTEX_POINT('',#17617);
#4748=VERTEX_POINT('',#17619);
#4749=VERTEX_POINT('',#17621);
#4750=VERTEX_POINT('',#17623);
#4751=VERTEX_POINT('',#17625);
#4752=VERTEX_POINT('',#17627);
#4753=VERTEX_POINT('',#17629);
#4754=VERTEX_POINT('',#17631);
#4755=VERTEX_POINT('',#17633);
#4756=VERTEX_POINT('',#17635);
#4757=VERTEX_POINT('',#17637);
#4758=VERTEX_POINT('',#17640);
#4759=VERTEX_POINT('',#17641);
#4760=VERTEX_POINT('',#17643);
#4761=VERTEX_POINT('',#17645);
#4762=VERTEX_POINT('',#17647);
#4763=VERTEX_POINT('',#17649);
#4764=VERTEX_POINT('',#17651);
#4765=VERTEX_POINT('',#17653);
#4766=VERTEX_POINT('',#17655);
#4767=VERTEX_POINT('',#17657);
#4768=VERTEX_POINT('',#17659);
#4769=VERTEX_POINT('',#17661);
#4770=VERTEX_POINT('',#17664);
#4771=VERTEX_POINT('',#17666);
#4772=VERTEX_POINT('',#17668);
#4773=VERTEX_POINT('',#17669);
#4774=VERTEX_POINT('',#17671);
#4775=VERTEX_POINT('',#17673);
#4776=VERTEX_POINT('',#17675);
#4777=VERTEX_POINT('',#17677);
#4778=VERTEX_POINT('',#17679);
#4779=VERTEX_POINT('',#17681);
#4780=VERTEX_POINT('',#17683);
#4781=VERTEX_POINT('',#17686);
#4782=VERTEX_POINT('',#17687);
#4783=VERTEX_POINT('',#17689);
#4784=VERTEX_POINT('',#17691);
#4785=VERTEX_POINT('',#17693);
#4786=VERTEX_POINT('',#17695);
#4787=VERTEX_POINT('',#17697);
#4788=VERTEX_POINT('',#17699);
#4789=VERTEX_POINT('',#17701);
#4790=VERTEX_POINT('',#17703);
#4791=VERTEX_POINT('',#17705);
#4792=VERTEX_POINT('',#17707);
#4793=VERTEX_POINT('',#17710);
#4794=VERTEX_POINT('',#17711);
#4795=VERTEX_POINT('',#17713);
#4796=VERTEX_POINT('',#17715);
#4797=VERTEX_POINT('',#17717);
#4798=VERTEX_POINT('',#17719);
#4799=VERTEX_POINT('',#17721);
#4800=VERTEX_POINT('',#17723);
#4801=VERTEX_POINT('',#17725);
#4802=VERTEX_POINT('',#17727);
#4803=VERTEX_POINT('',#17729);
#4804=VERTEX_POINT('',#17731);
#4805=VERTEX_POINT('',#17733);
#4806=VERTEX_POINT('',#17735);
#4807=VERTEX_POINT('',#17737);
#4808=VERTEX_POINT('',#17740);
#4809=VERTEX_POINT('',#17741);
#4810=VERTEX_POINT('',#17743);
#4811=VERTEX_POINT('',#17745);
#4812=VERTEX_POINT('',#17747);
#4813=VERTEX_POINT('',#17749);
#4814=VERTEX_POINT('',#17751);
#4815=VERTEX_POINT('',#17753);
#4816=VERTEX_POINT('',#17755);
#4817=VERTEX_POINT('',#17757);
#4818=VERTEX_POINT('',#17759);
#4819=VERTEX_POINT('',#17762);
#4820=VERTEX_POINT('',#17763);
#4821=VERTEX_POINT('',#17765);
#4822=VERTEX_POINT('',#17767);
#4823=VERTEX_POINT('',#17769);
#4824=VERTEX_POINT('',#17771);
#4825=VERTEX_POINT('',#17773);
#4826=VERTEX_POINT('',#17775);
#4827=VERTEX_POINT('',#17777);
#4828=VERTEX_POINT('',#17780);
#4829=VERTEX_POINT('',#17781);
#4830=VERTEX_POINT('',#17783);
#4831=VERTEX_POINT('',#17785);
#4832=VERTEX_POINT('',#17787);
#4833=VERTEX_POINT('',#17789);
#4834=VERTEX_POINT('',#17791);
#4835=VERTEX_POINT('',#17793);
#4836=VERTEX_POINT('',#17795);
#4837=VERTEX_POINT('',#17797);
#4838=VERTEX_POINT('',#17799);
#4839=VERTEX_POINT('',#17802);
#4840=VERTEX_POINT('',#17803);
#4841=VERTEX_POINT('',#17805);
#4842=VERTEX_POINT('',#17807);
#4843=VERTEX_POINT('',#17809);
#4844=VERTEX_POINT('',#17811);
#4845=VERTEX_POINT('',#17813);
#4846=VERTEX_POINT('',#17815);
#4847=VERTEX_POINT('',#17817);
#4848=VERTEX_POINT('',#17819);
#4849=VERTEX_POINT('',#17821);
#4850=VERTEX_POINT('',#17823);
#4851=VERTEX_POINT('',#17826);
#4852=VERTEX_POINT('',#17827);
#4853=VERTEX_POINT('',#17829);
#4854=VERTEX_POINT('',#17831);
#4855=VERTEX_POINT('',#17833);
#4856=VERTEX_POINT('',#17835);
#4857=VERTEX_POINT('',#17837);
#4858=VERTEX_POINT('',#17839);
#4859=VERTEX_POINT('',#17841);
#4860=VERTEX_POINT('',#17843);
#4861=VERTEX_POINT('',#17845);
#4862=VERTEX_POINT('',#17848);
#4863=VERTEX_POINT('',#17849);
#4864=VERTEX_POINT('',#17851);
#4865=VERTEX_POINT('',#17853);
#4866=VERTEX_POINT('',#17855);
#4867=VERTEX_POINT('',#17857);
#4868=VERTEX_POINT('',#17859);
#4869=VERTEX_POINT('',#17861);
#4870=VERTEX_POINT('',#17863);
#4871=VERTEX_POINT('',#17865);
#4872=VERTEX_POINT('',#17868);
#4873=VERTEX_POINT('',#17869);
#4874=VERTEX_POINT('',#17871);
#4875=VERTEX_POINT('',#17873);
#4876=VERTEX_POINT('',#17875);
#4877=VERTEX_POINT('',#17877);
#4878=VERTEX_POINT('',#17879);
#4879=VERTEX_POINT('',#17881);
#4880=VERTEX_POINT('',#17883);
#4881=VERTEX_POINT('',#17885);
#4882=VERTEX_POINT('',#17887);
#4883=VERTEX_POINT('',#17889);
#4884=VERTEX_POINT('',#17892);
#4885=VERTEX_POINT('',#17893);
#4886=VERTEX_POINT('',#17895);
#4887=VERTEX_POINT('',#17897);
#4888=VERTEX_POINT('',#17899);
#4889=VERTEX_POINT('',#17901);
#4890=VERTEX_POINT('',#17903);
#4891=VERTEX_POINT('',#17905);
#4892=VERTEX_POINT('',#17907);
#4893=VERTEX_POINT('',#17909);
#4894=VERTEX_POINT('',#17911);
#4895=VERTEX_POINT('',#17913);
#4896=VERTEX_POINT('',#17915);
#4897=VERTEX_POINT('',#17917);
#4898=VERTEX_POINT('',#17920);
#4899=VERTEX_POINT('',#17921);
#4900=VERTEX_POINT('',#17923);
#4901=VERTEX_POINT('',#17925);
#4902=VERTEX_POINT('',#17927);
#4903=VERTEX_POINT('',#17929);
#4904=VERTEX_POINT('',#17931);
#4905=VERTEX_POINT('',#17933);
#4906=VERTEX_POINT('',#17935);
#4907=VERTEX_POINT('',#17937);
#4908=VERTEX_POINT('',#17939);
#4909=VERTEX_POINT('',#17941);
#4910=VERTEX_POINT('',#17944);
#4911=VERTEX_POINT('',#17945);
#4912=VERTEX_POINT('',#17947);
#4913=VERTEX_POINT('',#17949);
#4914=VERTEX_POINT('',#17951);
#4915=VERTEX_POINT('',#17953);
#4916=VERTEX_POINT('',#17955);
#4917=VERTEX_POINT('',#17957);
#4918=VERTEX_POINT('',#17959);
#4919=VERTEX_POINT('',#17961);
#4920=VERTEX_POINT('',#17963);
#4921=VERTEX_POINT('',#17965);
#4922=VERTEX_POINT('',#17968);
#4923=VERTEX_POINT('',#17969);
#4924=VERTEX_POINT('',#17971);
#4925=VERTEX_POINT('',#17973);
#4926=VERTEX_POINT('',#17975);
#4927=VERTEX_POINT('',#17977);
#4928=VERTEX_POINT('',#17979);
#4929=VERTEX_POINT('',#17981);
#4930=VERTEX_POINT('',#17983);
#4931=VERTEX_POINT('',#17985);
#4932=VERTEX_POINT('',#17987);
#4933=VERTEX_POINT('',#17989);
#4934=VERTEX_POINT('',#17992);
#4935=VERTEX_POINT('',#17993);
#4936=VERTEX_POINT('',#17995);
#4937=VERTEX_POINT('',#17997);
#4938=VERTEX_POINT('',#17999);
#4939=VERTEX_POINT('',#18001);
#4940=VERTEX_POINT('',#18003);
#4941=VERTEX_POINT('',#18005);
#4942=VERTEX_POINT('',#18007);
#4943=VERTEX_POINT('',#18009);
#4944=VERTEX_POINT('',#18012);
#4945=VERTEX_POINT('',#18013);
#4946=VERTEX_POINT('',#18015);
#4947=VERTEX_POINT('',#18017);
#4948=VERTEX_POINT('',#18019);
#4949=VERTEX_POINT('',#18021);
#4950=VERTEX_POINT('',#18023);
#4951=VERTEX_POINT('',#18025);
#4952=VERTEX_POINT('',#18027);
#4953=VERTEX_POINT('',#18029);
#4954=VERTEX_POINT('',#18032);
#4955=VERTEX_POINT('',#18033);
#4956=VERTEX_POINT('',#18035);
#4957=VERTEX_POINT('',#18037);
#4958=VERTEX_POINT('',#18039);
#4959=VERTEX_POINT('',#18041);
#4960=VERTEX_POINT('',#18043);
#4961=VERTEX_POINT('',#18045);
#4962=VERTEX_POINT('',#18047);
#4963=VERTEX_POINT('',#18049);
#4964=VERTEX_POINT('',#18052);
#4965=VERTEX_POINT('',#18053);
#4966=VERTEX_POINT('',#18055);
#4967=VERTEX_POINT('',#18057);
#4968=VERTEX_POINT('',#18059);
#4969=VERTEX_POINT('',#18061);
#4970=VERTEX_POINT('',#18063);
#4971=VERTEX_POINT('',#18065);
#4972=VERTEX_POINT('',#18067);
#4973=VERTEX_POINT('',#18069);
#4974=VERTEX_POINT('',#18072);
#4975=VERTEX_POINT('',#18073);
#4976=VERTEX_POINT('',#18075);
#4977=VERTEX_POINT('',#18077);
#4978=VERTEX_POINT('',#18079);
#4979=VERTEX_POINT('',#18081);
#4980=VERTEX_POINT('',#18083);
#4981=VERTEX_POINT('',#18085);
#4982=VERTEX_POINT('',#18088);
#4983=VERTEX_POINT('',#18089);
#4984=VERTEX_POINT('',#18091);
#4985=VERTEX_POINT('',#18093);
#4986=VERTEX_POINT('',#18095);
#4987=VERTEX_POINT('',#18097);
#4988=VERTEX_POINT('',#18099);
#4989=VERTEX_POINT('',#18101);
#4990=VERTEX_POINT('',#18103);
#4991=VERTEX_POINT('',#18105);
#4992=VERTEX_POINT('',#18107);
#4993=VERTEX_POINT('',#18109);
#4994=VERTEX_POINT('',#18112);
#4995=VERTEX_POINT('',#18113);
#4996=VERTEX_POINT('',#18115);
#4997=VERTEX_POINT('',#18117);
#4998=VERTEX_POINT('',#18119);
#4999=VERTEX_POINT('',#18121);
#5000=VERTEX_POINT('',#18123);
#5001=VERTEX_POINT('',#18125);
#5002=VERTEX_POINT('',#18127);
#5003=VERTEX_POINT('',#18129);
#5004=VERTEX_POINT('',#18131);
#5005=VERTEX_POINT('',#18133);
#5006=VERTEX_POINT('',#18136);
#5007=VERTEX_POINT('',#18137);
#5008=VERTEX_POINT('',#18139);
#5009=VERTEX_POINT('',#18141);
#5010=VERTEX_POINT('',#18143);
#5011=VERTEX_POINT('',#18145);
#5012=VERTEX_POINT('',#18147);
#5013=VERTEX_POINT('',#18149);
#5014=VERTEX_POINT('',#18151);
#5015=VERTEX_POINT('',#18153);
#5016=VERTEX_POINT('',#18157);
#5017=VERTEX_POINT('',#18161);
#5018=VERTEX_POINT('',#18165);
#5019=VERTEX_POINT('',#18169);
#5020=VERTEX_POINT('',#18173);
#5021=VERTEX_POINT('',#18179);
#5022=VERTEX_POINT('',#18183);
#5023=VERTEX_POINT('',#18187);
#5024=VERTEX_POINT('',#18193);
#5025=VERTEX_POINT('',#18195);
#5026=VERTEX_POINT('',#18199);
#5027=VERTEX_POINT('',#18203);
#5028=VERTEX_POINT('',#18207);
#5029=VERTEX_POINT('',#18216);
#5030=VERTEX_POINT('',#18218);
#5031=VERTEX_POINT('',#18222);
#5032=VERTEX_POINT('',#18226);
#5033=VERTEX_POINT('',#18230);
#5034=VERTEX_POINT('',#18232);
#5035=VERTEX_POINT('',#18236);
#5036=VERTEX_POINT('',#18240);
#5037=VERTEX_POINT('',#18241);
#5038=VERTEX_POINT('',#18248);
#5039=VERTEX_POINT('',#18249);
#5040=VERTEX_POINT('',#18254);
#5041=VERTEX_POINT('',#18258);
#5042=VERTEX_POINT('',#18262);
#5043=VERTEX_POINT('',#18263);
#5044=VERTEX_POINT('',#18268);
#5045=VERTEX_POINT('',#18272);
#5046=VERTEX_POINT('',#18276);
#5047=VERTEX_POINT('',#18277);
#5048=VERTEX_POINT('',#18282);
#5049=VERTEX_POINT('',#18286);
#5050=VERTEX_POINT('',#18290);
#5051=VERTEX_POINT('',#18291);
#5052=VERTEX_POINT('',#18296);
#5053=VERTEX_POINT('',#18300);
#5054=VERTEX_POINT('',#18304);
#5055=VERTEX_POINT('',#18305);
#5056=VERTEX_POINT('',#18310);
#5057=VERTEX_POINT('',#18314);
#5058=VERTEX_POINT('',#18318);
#5059=VERTEX_POINT('',#18322);
#5060=VERTEX_POINT('',#18326);
#5061=VERTEX_POINT('',#18330);
#5062=VERTEX_POINT('',#18331);
#5063=VERTEX_POINT('',#18333);
#5064=VERTEX_POINT('',#18335);
#5065=VERTEX_POINT('',#18339);
#5066=VERTEX_POINT('',#18343);
#5067=VERTEX_POINT('',#18347);
#5068=VERTEX_POINT('',#18351);
#5069=VERTEX_POINT('',#18352);
#5070=VERTEX_POINT('',#18354);
#5071=VERTEX_POINT('',#18356);
#5072=VERTEX_POINT('',#18358);
#5073=VERTEX_POINT('',#18360);
#5074=VERTEX_POINT('',#18362);
#5075=VERTEX_POINT('',#18364);
#5076=VERTEX_POINT('',#18366);
#5077=VERTEX_POINT('',#18379);
#5078=VERTEX_POINT('',#18382);
#5079=VERTEX_POINT('',#18385);
#5080=VERTEX_POINT('',#18388);
#5081=VERTEX_POINT('',#18391);
#5082=VERTEX_POINT('',#18394);
#5083=VERTEX_POINT('',#18396);
#5084=VERTEX_POINT('',#18400);
#5085=VERTEX_POINT('',#18404);
#5086=VERTEX_POINT('',#18408);
#5087=VERTEX_POINT('',#18412);
#5088=VERTEX_POINT('',#18416);
#5089=VERTEX_POINT('',#18420);
#5090=VERTEX_POINT('',#18424);
#5091=VERTEX_POINT('',#18428);
#5092=VERTEX_POINT('',#18430);
#5093=VERTEX_POINT('',#18434);
#5094=VERTEX_POINT('',#18438);
#5095=VERTEX_POINT('',#18442);
#5096=VERTEX_POINT('',#18446);
#5097=VERTEX_POINT('',#18450);
#5098=VERTEX_POINT('',#18454);
#5099=VERTEX_POINT('',#18458);
#5100=VERTEX_POINT('',#18460);
#5101=VERTEX_POINT('',#18464);
#5102=VERTEX_POINT('',#18468);
#5103=VERTEX_POINT('',#18472);
#5104=VERTEX_POINT('',#18475);
#5105=VERTEX_POINT('',#18479);
#5106=VERTEX_POINT('',#18481);
#5107=VERTEX_POINT('',#18485);
#5108=VERTEX_POINT('',#18489);
#5109=VERTEX_POINT('',#18493);
#5110=VERTEX_POINT('',#18497);
#5111=VERTEX_POINT('',#18501);
#5112=VERTEX_POINT('',#18505);
#5113=VERTEX_POINT('',#18507);
#5114=VERTEX_POINT('',#18511);
#5115=VERTEX_POINT('',#18515);
#5116=VERTEX_POINT('',#18519);
#5117=VERTEX_POINT('',#18523);
#5118=VERTEX_POINT('',#18527);
#5119=VERTEX_POINT('',#18531);
#5120=VERTEX_POINT('',#18533);
#5121=VERTEX_POINT('',#18537);
#5122=VERTEX_POINT('',#18541);
#5123=VERTEX_POINT('',#18545);
#5124=VERTEX_POINT('',#18549);
#5125=VERTEX_POINT('',#18553);
#5126=VERTEX_POINT('',#18557);
#5127=VERTEX_POINT('',#18559);
#5128=VERTEX_POINT('',#18563);
#5129=VERTEX_POINT('',#18567);
#5130=VERTEX_POINT('',#18571);
#5131=VERTEX_POINT('',#18585);
#5132=VERTEX_POINT('',#18587);
#5133=VERTEX_POINT('',#18591);
#5134=VERTEX_POINT('',#18595);
#5135=VERTEX_POINT('',#18599);
#5136=VERTEX_POINT('',#18603);
#5137=VERTEX_POINT('',#18607);
#5138=VERTEX_POINT('',#18611);
#5139=VERTEX_POINT('',#18613);
#5140=VERTEX_POINT('',#18617);
#5141=VERTEX_POINT('',#18621);
#5142=VERTEX_POINT('',#18625);
#5143=VERTEX_POINT('',#18629);
#5144=VERTEX_POINT('',#18633);
#5145=VERTEX_POINT('',#18637);
#5146=VERTEX_POINT('',#18641);
#5147=VERTEX_POINT('',#18643);
#5148=VERTEX_POINT('',#18647);
#5149=VERTEX_POINT('',#18651);
#5150=VERTEX_POINT('',#18655);
#5151=VERTEX_POINT('',#18659);
#5152=VERTEX_POINT('',#18663);
#5153=VERTEX_POINT('',#18665);
#5154=VERTEX_POINT('',#18669);
#5155=VERTEX_POINT('',#18673);
#5156=VERTEX_POINT('',#18677);
#5157=VERTEX_POINT('',#18680);
#5158=VERTEX_POINT('',#18682);
#5159=VERTEX_POINT('',#18686);
#5160=VERTEX_POINT('',#18690);
#5161=VERTEX_POINT('',#18694);
#5162=VERTEX_POINT('',#18696);
#5163=VERTEX_POINT('',#18700);
#5164=VERTEX_POINT('',#18704);
#5165=VERTEX_POINT('',#18708);
#5166=VERTEX_POINT('',#18712);
#5167=VERTEX_POINT('',#18716);
#5168=VERTEX_POINT('',#18720);
#5169=VERTEX_POINT('',#18722);
#5170=VERTEX_POINT('',#18726);
#5171=VERTEX_POINT('',#18732);
#5172=VERTEX_POINT('',#18734);
#5173=VERTEX_POINT('',#18738);
#5174=VERTEX_POINT('',#18742);
#5175=VERTEX_POINT('',#18746);
#5176=VERTEX_POINT('',#18750);
#5177=VERTEX_POINT('',#18754);
#5178=VERTEX_POINT('',#18758);
#5179=VERTEX_POINT('',#18760);
#5180=VERTEX_POINT('',#18764);
#5181=VERTEX_POINT('',#18768);
#5182=VERTEX_POINT('',#18772);
#5183=VERTEX_POINT('',#18776);
#5184=VERTEX_POINT('',#18780);
#5185=VERTEX_POINT('',#18784);
#5186=VERTEX_POINT('',#18788);
#5187=VERTEX_POINT('',#18790);
#5188=VERTEX_POINT('',#18794);
#5189=VERTEX_POINT('',#18798);
#5190=VERTEX_POINT('',#18802);
#5191=VERTEX_POINT('',#18806);
#5192=VERTEX_POINT('',#18810);
#5193=VERTEX_POINT('',#18814);
#5194=VERTEX_POINT('',#18816);
#5195=VERTEX_POINT('',#18820);
#5196=VERTEX_POINT('',#18824);
#5197=VERTEX_POINT('',#18828);
#5198=VERTEX_POINT('',#18832);
#5199=VERTEX_POINT('',#18836);
#5200=VERTEX_POINT('',#18840);
#5201=VERTEX_POINT('',#18842);
#5202=VERTEX_POINT('',#18848);
#5203=VERTEX_POINT('',#18850);
#5204=VERTEX_POINT('',#18854);
#5205=VERTEX_POINT('',#18858);
#5206=VERTEX_POINT('',#18862);
#5207=VERTEX_POINT('',#18866);
#5208=VERTEX_POINT('',#18870);
#5209=VERTEX_POINT('',#18874);
#5210=VERTEX_POINT('',#18876);
#5211=VERTEX_POINT('',#18880);
#5212=VERTEX_POINT('',#18884);
#5213=VERTEX_POINT('',#18888);
#5214=VERTEX_POINT('',#18892);
#5215=VERTEX_POINT('',#18896);
#5216=VERTEX_POINT('',#18898);
#5217=VERTEX_POINT('',#18902);
#5218=VERTEX_POINT('',#18906);
#5219=VERTEX_POINT('',#18910);
#5220=VERTEX_POINT('',#18914);
#5221=VERTEX_POINT('',#18918);
#5222=VERTEX_POINT('',#18920);
#5223=VERTEX_POINT('',#18924);
#5224=VERTEX_POINT('',#18928);
#5225=VERTEX_POINT('',#18932);
#5226=VERTEX_POINT('',#18936);
#5227=VERTEX_POINT('',#18938);
#5228=VERTEX_POINT('',#18942);
#5229=VERTEX_POINT('',#18946);
#5230=VERTEX_POINT('',#18950);
#5231=VERTEX_POINT('',#18954);
#5232=VERTEX_POINT('',#18958);
#5233=VERTEX_POINT('',#18962);
#5234=VERTEX_POINT('',#18964);
#5235=VERTEX_POINT('',#18968);
#5236=VERTEX_POINT('',#18972);
#5237=VERTEX_POINT('',#18976);
#5238=VERTEX_POINT('',#18980);
#5239=VERTEX_POINT('',#18984);
#5240=VERTEX_POINT('',#18988);
#5241=VERTEX_POINT('',#18991);
#5242=VERTEX_POINT('',#18994);
#5243=VERTEX_POINT('',#18998);
#5244=VERTEX_POINT('',#19001);
#5245=VERTEX_POINT('',#19003);
#5246=VERTEX_POINT('',#19007);
#5247=VERTEX_POINT('',#19008);
#5248=VERTEX_POINT('',#19010);
#5249=VERTEX_POINT('',#19012);
#5250=VERTEX_POINT('',#19016);
#5251=VERTEX_POINT('',#19018);
#5252=VERTEX_POINT('',#19022);
#5253=VERTEX_POINT('',#19024);
#5254=VERTEX_POINT('',#19028);
#5255=VERTEX_POINT('',#19029);
#5256=VERTEX_POINT('',#19031);
#5257=VERTEX_POINT('',#19033);
#5258=VERTEX_POINT('',#19037);
#5259=VERTEX_POINT('',#19038);
#5260=VERTEX_POINT('',#19040);
#5261=VERTEX_POINT('',#19042);
#5262=VERTEX_POINT('',#19046);
#5263=VERTEX_POINT('',#19048);
#5264=VERTEX_POINT('',#19050);
#5265=VERTEX_POINT('',#19055);
#5266=VERTEX_POINT('',#19057);
#5267=VERTEX_POINT('',#19061);
#5268=VERTEX_POINT('',#19064);
#5269=VERTEX_POINT('',#19068);
#5270=VERTEX_POINT('',#19074);
#5271=VERTEX_POINT('',#19076);
#5272=VERTEX_POINT('',#19080);
#5273=VERTEX_POINT('',#19083);
#5274=VERTEX_POINT('',#19087);
#5275=VERTEX_POINT('',#19093);
#5276=VERTEX_POINT('',#19095);
#5277=VERTEX_POINT('',#19099);
#5278=VERTEX_POINT('',#19102);
#5279=VERTEX_POINT('',#19106);
#5280=VERTEX_POINT('',#19112);
#5281=VERTEX_POINT('',#19114);
#5282=VERTEX_POINT('',#19118);
#5283=VERTEX_POINT('',#19123);
#5284=VERTEX_POINT('',#19127);
#5285=VERTEX_POINT('',#19131);
#5286=VERTEX_POINT('',#19133);
#5287=VERTEX_POINT('',#19137);
#5288=VERTEX_POINT('',#19140);
#5289=VERTEX_POINT('',#19144);
#5290=VERTEX_POINT('',#19153);
#5291=VERTEX_POINT('',#19157);
#5292=VERTEX_POINT('',#19161);
#5293=VERTEX_POINT('',#19163);
#5294=VERTEX_POINT('',#19165);
#5295=VERTEX_POINT('',#19167);
#5296=VERTEX_POINT('',#19171);
#5297=VERTEX_POINT('',#19175);
#5298=VERTEX_POINT('',#19179);
#5299=VERTEX_POINT('',#19183);
#5300=VERTEX_POINT('',#19187);
#5301=VERTEX_POINT('',#19191);
#5302=VERTEX_POINT('',#19195);
#5303=VERTEX_POINT('',#19199);
#5304=VERTEX_POINT('',#19203);
#5305=VERTEX_POINT('',#19207);
#5306=VERTEX_POINT('',#19211);
#5307=VERTEX_POINT('',#19213);
#5308=VERTEX_POINT('',#19217);
#5309=VERTEX_POINT('',#19221);
#5310=VERTEX_POINT('',#19225);
#5311=VERTEX_POINT('',#19227);
#5312=VERTEX_POINT('',#19231);
#5313=VERTEX_POINT('',#19235);
#5314=VERTEX_POINT('',#19239);
#5315=VERTEX_POINT('',#19243);
#5316=VERTEX_POINT('',#19247);
#5317=VERTEX_POINT('',#19251);
#5318=VERTEX_POINT('',#19255);
#5319=VERTEX_POINT('',#19261);
#5320=VERTEX_POINT('',#19267);
#5321=VERTEX_POINT('',#19271);
#5322=VERTEX_POINT('',#19275);
#5323=VERTEX_POINT('',#19279);
#5324=VERTEX_POINT('',#19283);
#5325=VERTEX_POINT('',#19287);
#5326=VERTEX_POINT('',#19293);
#5327=VERTEX_POINT('',#19297);
#5328=VERTEX_POINT('',#19301);
#5329=VERTEX_POINT('',#19305);
#5330=VERTEX_POINT('',#19309);
#5331=VERTEX_POINT('',#19317);
#5332=VERTEX_POINT('',#19321);
#5333=VERTEX_POINT('',#19325);
#5334=VERTEX_POINT('',#19331);
#5335=VERTEX_POINT('',#19335);
#5336=VERTEX_POINT('',#19339);
#5337=VERTEX_POINT('',#19345);
#5338=VERTEX_POINT('',#19349);
#5339=VERTEX_POINT('',#19353);
#5340=VERTEX_POINT('',#19359);
#5341=VERTEX_POINT('',#19363);
#5342=VERTEX_POINT('',#19367);
#5343=VERTEX_POINT('',#19373);
#5344=VERTEX_POINT('',#19377);
#5345=VERTEX_POINT('',#19381);
#5346=VERTEX_POINT('',#19387);
#5347=VERTEX_POINT('',#19391);
#5348=VERTEX_POINT('',#19395);
#5349=VERTEX_POINT('',#19399);
#5350=VERTEX_POINT('',#19403);
#5351=VERTEX_POINT('',#19409);
#5352=VERTEX_POINT('',#19413);
#5353=VERTEX_POINT('',#19417);
#5354=VERTEX_POINT('',#19421);
#5355=VERTEX_POINT('',#19425);
#5356=VERTEX_POINT('',#19431);
#5357=VERTEX_POINT('',#19435);
#5358=VERTEX_POINT('',#19439);
#5359=VERTEX_POINT('',#19443);
#5360=VERTEX_POINT('',#19447);
#5361=VERTEX_POINT('',#19451);
#5362=VERTEX_POINT('',#19457);
#5363=VERTEX_POINT('',#19461);
#5364=VERTEX_POINT('',#19465);
#5365=VERTEX_POINT('',#19469);
#5366=VERTEX_POINT('',#19473);
#5367=VERTEX_POINT('',#19479);
#5368=VERTEX_POINT('',#19483);
#5369=VERTEX_POINT('',#19487);
#5370=VERTEX_POINT('',#19491);
#5371=VERTEX_POINT('',#19495);
#5372=VERTEX_POINT('',#19501);
#5373=VERTEX_POINT('',#19507);
#5374=VERTEX_POINT('',#19511);
#5375=VERTEX_POINT('',#19515);
#5376=VERTEX_POINT('',#19519);
#5377=VERTEX_POINT('',#19523);
#5378=VERTEX_POINT('',#19529);
#5379=VERTEX_POINT('',#19531);
#5380=VERTEX_POINT('',#19539);
#5381=VERTEX_POINT('',#19543);
#5382=VERTEX_POINT('',#19549);
#5383=VERTEX_POINT('',#19557);
#5384=VERTEX_POINT('',#19561);
#5385=VERTEX_POINT('',#19567);
#5386=VERTEX_POINT('',#19573);
#5387=VERTEX_POINT('',#19577);
#5388=VERTEX_POINT('',#19581);
#5389=VERTEX_POINT('',#19585);
#5390=VERTEX_POINT('',#19589);
#5391=VERTEX_POINT('',#19595);
#5392=VERTEX_POINT('',#19599);
#5393=VERTEX_POINT('',#19605);
#5394=VERTEX_POINT('',#19607);
#5395=VERTEX_POINT('',#19613);
#5396=VERTEX_POINT('',#19620);
#5397=VERTEX_POINT('',#19622);
#5398=VERTEX_POINT('',#19624);
#5399=VERTEX_POINT('',#19626);
#5400=VERTEX_POINT('',#19628);
#5401=VERTEX_POINT('',#19631);
#5402=VERTEX_POINT('',#19633);
#5403=VERTEX_POINT('',#19635);
#5404=VERTEX_POINT('',#19637);
#5405=VERTEX_POINT('',#19639);
#5406=VERTEX_POINT('',#19642);
#5407=VERTEX_POINT('',#19644);
#5408=VERTEX_POINT('',#19646);
#5409=VERTEX_POINT('',#19648);
#5410=VERTEX_POINT('',#19651);
#5411=VERTEX_POINT('',#19653);
#5412=VERTEX_POINT('',#19655);
#5413=VERTEX_POINT('',#19657);
#5414=VERTEX_POINT('',#19659);
#5415=VERTEX_POINT('',#19662);
#5416=VERTEX_POINT('',#19664);
#5417=VERTEX_POINT('',#19728);
#5418=EDGE_CURVE('',#4369,#4370,#3739,.T.);
#5419=EDGE_CURVE('',#4370,#4371,#1755,.T.);
#5420=EDGE_CURVE('',#4371,#4372,#3740,.T.);
#5421=EDGE_CURVE('',#4372,#4369,#1756,.T.);
#5422=EDGE_CURVE('',#4373,#4374,#3741,.T.);
#5423=EDGE_CURVE('',#4374,#4370,#420,.T.);
#5424=EDGE_CURVE('',#4369,#4373,#421,.T.);
#5425=EDGE_CURVE('',#4375,#4376,#3742,.T.);
#5426=EDGE_CURVE('',#4376,#4377,#3743,.T.);
#5427=EDGE_CURVE('',#4377,#4378,#422,.F.);
#5428=EDGE_CURVE('',#4378,#4375,#3744,.T.);
#5429=EDGE_CURVE('',#4379,#4371,#3745,.T.);
#5430=EDGE_CURVE('',#4371,#4376,#1757,.T.);
#5431=EDGE_CURVE('',#4375,#4379,#1758,.T.);
#5432=EDGE_CURVE('',#4379,#4372,#3746,.T.);
#5433=EDGE_CURVE('',#4380,#4373,#3747,.T.);
#5434=EDGE_CURVE('',#4380,#4374,#423,.T.);
#5435=EDGE_CURVE('',#4369,#4381,#3748,.T.);
#5436=EDGE_CURVE('',#4373,#4381,#3749,.T.);
#5437=EDGE_CURVE('',#4382,#4372,#1759,.T.);
#5438=EDGE_CURVE('',#4383,#4382,#1760,.T.);
#5439=EDGE_CURVE('',#4384,#4383,#3750,.T.);
#5440=EDGE_CURVE('',#4385,#4384,#1761,.T.);
#5441=EDGE_CURVE('',#4386,#4385,#1762,.T.);
#5442=EDGE_CURVE('',#4387,#4386,#3751,.T.);
#5443=EDGE_CURVE('',#4388,#4387,#1763,.T.);
#5444=EDGE_CURVE('',#4389,#4388,#1764,.T.);
#5445=EDGE_CURVE('',#4390,#4389,#3752,.T.);
#5446=EDGE_CURVE('',#4391,#4390,#1765,.T.);
#5447=EDGE_CURVE('',#4392,#4391,#3753,.T.);
#5448=EDGE_CURVE('',#4393,#4392,#1766,.T.);
#5449=EDGE_CURVE('',#4394,#4393,#1767,.T.);
#5450=EDGE_CURVE('',#4395,#4394,#3754,.T.);
#5451=EDGE_CURVE('',#4396,#4395,#1768,.T.);
#5452=EDGE_CURVE('',#4397,#4396,#1769,.T.);
#5453=EDGE_CURVE('',#4398,#4397,#3755,.T.);
#5454=EDGE_CURVE('',#4399,#4398,#1770,.T.);
#5455=EDGE_CURVE('',#4400,#4399,#3756,.T.);
#5456=EDGE_CURVE('',#4401,#4400,#1771,.T.);
#5457=EDGE_CURVE('',#4402,#4401,#1772,.T.);
#5458=EDGE_CURVE('',#4403,#4402,#3757,.T.);
#5459=EDGE_CURVE('',#4404,#4403,#1773,.T.);
#5460=EDGE_CURVE('',#4405,#4404,#1774,.T.);
#5461=EDGE_CURVE('',#4406,#4405,#3758,.T.);
#5462=EDGE_CURVE('',#4407,#4406,#1775,.T.);
#5463=EDGE_CURVE('',#4408,#4407,#3759,.T.);
#5464=EDGE_CURVE('',#4409,#4408,#1776,.T.);
#5465=EDGE_CURVE('',#4410,#4409,#1777,.T.);
#5466=EDGE_CURVE('',#4411,#4410,#1778,.T.);
#5467=EDGE_CURVE('',#4412,#4411,#3760,.T.);
#5468=EDGE_CURVE('',#4413,#4412,#1779,.T.);
#5469=EDGE_CURVE('',#4414,#4413,#3761,.T.);
#5470=EDGE_CURVE('',#4415,#4414,#1780,.T.);
#5471=EDGE_CURVE('',#4416,#4415,#1781,.T.);
#5472=EDGE_CURVE('',#4417,#4416,#3762,.T.);
#5473=EDGE_CURVE('',#4418,#4417,#1782,.T.);
#5474=EDGE_CURVE('',#4419,#4418,#1783,.T.);
#5475=EDGE_CURVE('',#4420,#4419,#3763,.T.);
#5476=EDGE_CURVE('',#4421,#4420,#1784,.T.);
#5477=EDGE_CURVE('',#4422,#4421,#3764,.T.);
#5478=EDGE_CURVE('',#4423,#4422,#1785,.T.);
#5479=EDGE_CURVE('',#4424,#4423,#1786,.T.);
#5480=EDGE_CURVE('',#4425,#4424,#3765,.T.);
#5481=EDGE_CURVE('',#4426,#4425,#1787,.T.);
#5482=EDGE_CURVE('',#4427,#4426,#3766,.T.);
#5483=EDGE_CURVE('',#4428,#4427,#1788,.T.);
#5484=EDGE_CURVE('',#4429,#4428,#3767,.T.);
#5485=EDGE_CURVE('',#4430,#4429,#1789,.T.);
#5486=EDGE_CURVE('',#4431,#4430,#3768,.T.);
#5487=EDGE_CURVE('',#4432,#4431,#1790,.T.);
#5488=EDGE_CURVE('',#4381,#4432,#3769,.T.);
#5489=EDGE_CURVE('',#4379,#4433,#1791,.T.);
#5490=EDGE_CURVE('',#4382,#4433,#116,.T.);
#5491=EDGE_CURVE('',#4378,#4434,#1792,.T.);
#5492=EDGE_CURVE('',#4434,#4433,#1793,.T.);
#5493=EDGE_CURVE('',#4435,#4436,#3770,.T.);
#5494=EDGE_CURVE('',#4436,#4437,#1794,.T.);
#5495=EDGE_CURVE('',#4437,#4438,#3771,.T.);
#5496=EDGE_CURVE('',#4438,#4435,#1795,.T.);
#5497=EDGE_CURVE('',#4439,#4440,#424,.F.);
#5498=EDGE_CURVE('',#4440,#4438,#3772,.T.);
#5499=EDGE_CURVE('',#4437,#4439,#3773,.T.);
#5500=EDGE_CURVE('',#4441,#4442,#3774,.T.);
#5501=EDGE_CURVE('',#4442,#4443,#1796,.T.);
#5502=EDGE_CURVE('',#4443,#4444,#3775,.T.);
#5503=EDGE_CURVE('',#4444,#4441,#1797,.T.);
#5504=EDGE_CURVE('',#4445,#4446,#3776,.T.);
#5505=EDGE_CURVE('',#4446,#4442,#3777,.T.);
#5506=EDGE_CURVE('',#4441,#4445,#3778,.T.);
#5507=EDGE_CURVE('',#4447,#4448,#3779,.T.);
#5508=EDGE_CURVE('',#4448,#4446,#1798,.T.);
#5509=EDGE_CURVE('',#4445,#4447,#1799,.T.);
#5510=EDGE_CURVE('',#4449,#4450,#3780,.T.);
#5511=EDGE_CURVE('',#4450,#4448,#3781,.T.);
#5512=EDGE_CURVE('',#4447,#4449,#3782,.T.);
#5513=EDGE_CURVE('',#4451,#4452,#3783,.T.);
#5514=EDGE_CURVE('',#4452,#4450,#1800,.T.);
#5515=EDGE_CURVE('',#4449,#4451,#1801,.T.);
#5516=EDGE_CURVE('',#4453,#4454,#3784,.T.);
#5517=EDGE_CURVE('',#4454,#4452,#3785,.T.);
#5518=EDGE_CURVE('',#4451,#4453,#3786,.T.);
#5519=EDGE_CURVE('',#4455,#4456,#3787,.T.);
#5520=EDGE_CURVE('',#4456,#4454,#1802,.T.);
#5521=EDGE_CURVE('',#4453,#4455,#1803,.T.);
#5522=EDGE_CURVE('',#4410,#4457,#3788,.T.);
#5523=EDGE_CURVE('',#4457,#4456,#3789,.T.);
#5524=EDGE_CURVE('',#4455,#4410,#3790,.T.);
#5525=EDGE_CURVE('',#4409,#4435,#3791,.T.);
#5526=EDGE_CURVE('',#4435,#4457,#1804,.T.);
#5527=EDGE_CURVE('',#4458,#4459,#3792,.T.);
#5528=EDGE_CURVE('',#4459,#4460,#3793,.T.);
#5529=EDGE_CURVE('',#4460,#4461,#425,.F.);
#5530=EDGE_CURVE('',#4461,#4458,#3794,.T.);
#5531=EDGE_CURVE('',#4462,#4443,#3795,.T.);
#5532=EDGE_CURVE('',#4443,#4459,#1805,.T.);
#5533=EDGE_CURVE('',#4458,#4462,#1806,.T.);
#5534=EDGE_CURVE('',#4462,#4444,#3796,.T.);
#5535=EDGE_CURVE('',#4409,#4436,#3797,.T.);
#5536=EDGE_CURVE('',#4463,#4436,#1807,.T.);
#5537=EDGE_CURVE('',#4464,#4463,#1808,.T.);
#5538=EDGE_CURVE('',#4464,#4465,#1809,.T.);
#5539=EDGE_CURVE('',#4465,#4466,#1810,.T.);
#5540=EDGE_CURVE('',#4466,#4439,#1811,.T.);
#5541=EDGE_CURVE('',#4463,#4408,#3798,.T.);
#5542=EDGE_CURVE('',#4455,#4467,#1812,.T.);
#5543=EDGE_CURVE('',#4467,#4411,#3799,.T.);
#5544=EDGE_CURVE('',#4468,#4445,#1813,.T.);
#5545=EDGE_CURVE('',#4469,#4468,#1814,.T.);
#5546=EDGE_CURVE('',#4470,#4469,#1815,.T.);
#5547=EDGE_CURVE('',#4470,#4467,#1816,.T.);
#5548=EDGE_CURVE('',#4441,#4471,#1817,.T.);
#5549=EDGE_CURVE('',#4468,#4471,#3800,.T.);
#5550=EDGE_CURVE('',#4472,#4444,#1818,.T.);
#5551=EDGE_CURVE('',#4473,#4472,#3801,.T.);
#5552=EDGE_CURVE('',#4474,#4473,#1819,.T.);
#5553=EDGE_CURVE('',#4475,#4474,#1820,.T.);
#5554=EDGE_CURVE('',#4476,#4475,#1821,.T.);
#5555=EDGE_CURVE('',#4471,#4476,#3802,.T.);
#5556=EDGE_CURVE('',#4462,#4477,#1822,.T.);
#5557=EDGE_CURVE('',#4477,#4472,#3803,.T.);
#5558=EDGE_CURVE('',#4461,#4478,#1823,.T.);
#5559=EDGE_CURVE('',#4477,#4478,#1824,.T.);
#5560=EDGE_CURVE('',#4479,#4480,#3804,.T.);
#5561=EDGE_CURVE('',#4480,#4481,#1825,.T.);
#5562=EDGE_CURVE('',#4481,#4482,#3805,.T.);
#5563=EDGE_CURVE('',#4482,#4479,#1826,.T.);
#5564=EDGE_CURVE('',#4483,#4484,#426,.F.);
#5565=EDGE_CURVE('',#4484,#4482,#3806,.T.);
#5566=EDGE_CURVE('',#4481,#4483,#3807,.T.);
#5567=EDGE_CURVE('',#4485,#4486,#427,.T.);
#5568=EDGE_CURVE('',#4485,#4487,#3808,.T.);
#5569=EDGE_CURVE('',#4487,#4488,#3809,.T.);
#5570=EDGE_CURVE('',#4488,#4486,#3810,.T.);
#5571=EDGE_CURVE('',#4489,#4490,#3811,.T.);
#5572=EDGE_CURVE('',#4490,#4488,#1827,.T.);
#5573=EDGE_CURVE('',#4489,#4487,#1828,.T.);
#5574=EDGE_CURVE('',#4491,#4492,#3812,.T.);
#5575=EDGE_CURVE('',#4492,#4490,#3813,.T.);
#5576=EDGE_CURVE('',#4489,#4491,#3814,.T.);
#5577=EDGE_CURVE('',#4493,#4494,#3815,.T.);
#5578=EDGE_CURVE('',#4494,#4492,#1829,.T.);
#5579=EDGE_CURVE('',#4491,#4493,#1830,.T.);
#5580=EDGE_CURVE('',#4475,#4495,#3816,.T.);
#5581=EDGE_CURVE('',#4495,#4494,#3817,.T.);
#5582=EDGE_CURVE('',#4493,#4475,#3818,.T.);
#5583=EDGE_CURVE('',#4474,#4479,#3819,.T.);
#5584=EDGE_CURVE('',#4479,#4495,#1831,.T.);
#5585=EDGE_CURVE('',#4474,#4480,#3820,.T.);
#5586=EDGE_CURVE('',#4496,#4480,#1832,.T.);
#5587=EDGE_CURVE('',#4497,#4496,#1833,.T.);
#5588=EDGE_CURVE('',#4497,#4483,#1834,.T.);
#5589=EDGE_CURVE('',#4496,#4473,#3821,.T.);
#5590=EDGE_CURVE('',#4493,#4498,#1835,.T.);
#5591=EDGE_CURVE('',#4498,#4476,#3822,.T.);
#5592=EDGE_CURVE('',#4499,#4485,#1836,.T.);
#5593=EDGE_CURVE('',#4487,#4499,#1837,.T.);
#5594=EDGE_CURVE('',#4500,#4489,#1838,.T.);
#5595=EDGE_CURVE('',#4501,#4500,#1839,.T.);
#5596=EDGE_CURVE('',#4502,#4501,#1840,.T.);
#5597=EDGE_CURVE('',#4498,#4502,#1841,.T.);
#5598=EDGE_CURVE('',#4503,#4504,#1842,.T.);
#5599=EDGE_CURVE('',#4504,#4432,#3823,.T.);
#5600=EDGE_CURVE('',#4431,#4503,#428,.T.);
#5601=EDGE_CURVE('',#4504,#4380,#3824,.T.);
#5602=EDGE_CURVE('',#4505,#4506,#1843,.T.);
#5603=EDGE_CURVE('',#4506,#4430,#3825,.T.);
#5604=EDGE_CURVE('',#4429,#4505,#429,.T.);
#5605=EDGE_CURVE('',#4506,#4503,#3826,.T.);
#5606=EDGE_CURVE('',#4507,#4508,#3827,.T.);
#5607=EDGE_CURVE('',#4508,#4427,#3828,.T.);
#5608=EDGE_CURVE('',#4426,#4507,#430,.T.);
#5609=EDGE_CURVE('',#4509,#4428,#3829,.T.);
#5610=EDGE_CURVE('',#4508,#4509,#1844,.T.);
#5611=EDGE_CURVE('',#4509,#4505,#3830,.T.);
#5612=EDGE_CURVE('',#4510,#4511,#1845,.T.);
#5613=EDGE_CURVE('',#4511,#4424,#3831,.T.);
#5614=EDGE_CURVE('',#4423,#4510,#117,.T.);
#5615=EDGE_CURVE('',#4512,#4425,#3832,.T.);
#5616=EDGE_CURVE('',#4511,#4512,#3833,.T.);
#5617=EDGE_CURVE('',#4512,#4507,#1846,.T.);
#5618=EDGE_CURVE('',#4513,#4514,#1847,.T.);
#5619=EDGE_CURVE('',#4514,#4419,#3834,.T.);
#5620=EDGE_CURVE('',#4418,#4513,#118,.T.);
#5621=EDGE_CURVE('',#4515,#4420,#3835,.T.);
#5622=EDGE_CURVE('',#4514,#4515,#3836,.T.);
#5623=EDGE_CURVE('',#4516,#4421,#3837,.T.);
#5624=EDGE_CURVE('',#4515,#4516,#1848,.T.);
#5625=EDGE_CURVE('',#4517,#4422,#3838,.T.);
#5626=EDGE_CURVE('',#4516,#4517,#3839,.T.);
#5627=EDGE_CURVE('',#4517,#4510,#1849,.T.);
#5628=EDGE_CURVE('',#4518,#4519,#1850,.T.);
#5629=EDGE_CURVE('',#4519,#4416,#3840,.T.);
#5630=EDGE_CURVE('',#4415,#4518,#119,.T.);
#5631=EDGE_CURVE('',#4520,#4417,#3841,.T.);
#5632=EDGE_CURVE('',#4519,#4520,#3842,.T.);
#5633=EDGE_CURVE('',#4520,#4513,#1851,.T.);
#5634=EDGE_CURVE('',#4521,#4412,#3843,.T.);
#5635=EDGE_CURVE('',#4467,#4521,#3844,.T.);
#5636=EDGE_CURVE('',#4522,#4413,#3845,.T.);
#5637=EDGE_CURVE('',#4521,#4522,#1852,.T.);
#5638=EDGE_CURVE('',#4523,#4414,#3846,.T.);
#5639=EDGE_CURVE('',#4522,#4523,#3847,.T.);
#5640=EDGE_CURVE('',#4523,#4518,#1853,.T.);
#5641=EDGE_CURVE('',#4524,#4504,#1854,.T.);
#5642=EDGE_CURVE('',#4525,#4524,#3848,.T.);
#5643=EDGE_CURVE('',#4526,#4525,#1855,.T.);
#5644=EDGE_CURVE('',#4499,#4526,#3849,.T.);
#5645=EDGE_CURVE('',#4485,#4380,#1856,.T.);
#5646=EDGE_CURVE('',#4527,#4503,#1857,.T.);
#5647=EDGE_CURVE('',#4524,#4527,#1858,.T.);
#5648=EDGE_CURVE('',#4528,#4506,#1859,.T.);
#5649=EDGE_CURVE('',#4527,#4528,#3850,.T.);
#5650=EDGE_CURVE('',#4529,#4505,#1860,.T.);
#5651=EDGE_CURVE('',#4528,#4529,#1861,.T.);
#5652=EDGE_CURVE('',#4530,#4509,#1862,.T.);
#5653=EDGE_CURVE('',#4529,#4530,#3851,.T.);
#5654=EDGE_CURVE('',#4531,#4508,#1863,.T.);
#5655=EDGE_CURVE('',#4530,#4531,#1864,.T.);
#5656=EDGE_CURVE('',#4532,#4507,#1865,.T.);
#5657=EDGE_CURVE('',#4531,#4532,#3852,.T.);
#5658=EDGE_CURVE('',#4533,#4512,#1866,.T.);
#5659=EDGE_CURVE('',#4532,#4533,#1867,.T.);
#5660=EDGE_CURVE('',#4534,#4511,#1868,.T.);
#5661=EDGE_CURVE('',#4533,#4534,#3853,.T.);
#5662=EDGE_CURVE('',#4535,#4510,#1869,.T.);
#5663=EDGE_CURVE('',#4534,#4535,#1870,.T.);
#5664=EDGE_CURVE('',#4536,#4517,#1871,.T.);
#5665=EDGE_CURVE('',#4535,#4536,#1872,.T.);
#5666=EDGE_CURVE('',#4537,#4516,#1873,.T.);
#5667=EDGE_CURVE('',#4536,#4537,#3854,.T.);
#5668=EDGE_CURVE('',#4538,#4515,#1874,.T.);
#5669=EDGE_CURVE('',#4537,#4538,#1875,.T.);
#5670=EDGE_CURVE('',#4539,#4514,#1876,.T.);
#5671=EDGE_CURVE('',#4538,#4539,#3855,.T.);
#5672=EDGE_CURVE('',#4540,#4513,#1877,.T.);
#5673=EDGE_CURVE('',#4539,#4540,#1878,.T.);
#5674=EDGE_CURVE('',#4541,#4520,#1879,.T.);
#5675=EDGE_CURVE('',#4540,#4541,#1880,.T.);
#5676=EDGE_CURVE('',#4542,#4519,#1881,.T.);
#5677=EDGE_CURVE('',#4541,#4542,#3856,.T.);
#5678=EDGE_CURVE('',#4543,#4518,#1882,.T.);
#5679=EDGE_CURVE('',#4544,#4543,#1883,.T.);
#5680=EDGE_CURVE('',#4545,#4544,#1884,.T.);
#5681=EDGE_CURVE('',#4542,#4545,#1885,.T.);
#5682=EDGE_CURVE('',#4546,#4523,#1886,.T.);
#5683=EDGE_CURVE('',#4543,#4546,#1887,.T.);
#5684=EDGE_CURVE('',#4547,#4522,#1888,.T.);
#5685=EDGE_CURVE('',#4548,#4547,#3857,.T.);
#5686=EDGE_CURVE('',#4549,#4548,#1889,.T.);
#5687=EDGE_CURVE('',#4546,#4549,#3858,.T.);
#5688=EDGE_CURVE('',#4550,#4521,#1890,.T.);
#5689=EDGE_CURVE('',#4547,#4550,#1891,.T.);
#5690=EDGE_CURVE('',#4550,#4470,#3859,.T.);
#5691=EDGE_CURVE('',#4454,#4438,#1892,.T.);
#5692=EDGE_CURVE('',#4498,#4468,#3860,.T.);
#5693=EDGE_CURVE('',#4469,#4502,#3861,.T.);
#5694=EDGE_CURVE('',#4492,#4482,#1893,.T.);
#5695=EDGE_CURVE('',#4477,#4496,#3862,.T.);
#5696=EDGE_CURVE('',#4551,#4404,#120,.T.);
#5697=EDGE_CURVE('',#4404,#4552,#121,.T.);
#5698=EDGE_CURVE('',#4552,#4551,#3863,.T.);
#5699=EDGE_CURVE('',#4553,#4401,#122,.T.);
#5700=EDGE_CURVE('',#4401,#4554,#123,.T.);
#5701=EDGE_CURVE('',#4554,#4553,#3864,.T.);
#5702=EDGE_CURVE('',#4555,#4396,#124,.T.);
#5703=EDGE_CURVE('',#4396,#4556,#125,.T.);
#5704=EDGE_CURVE('',#4556,#4555,#3865,.T.);
#5705=EDGE_CURVE('',#4557,#4393,#126,.T.);
#5706=EDGE_CURVE('',#4393,#4558,#127,.T.);
#5707=EDGE_CURVE('',#4558,#4557,#3866,.T.);
#5708=EDGE_CURVE('',#4559,#4388,#128,.T.);
#5709=EDGE_CURVE('',#4388,#4560,#129,.T.);
#5710=EDGE_CURVE('',#4560,#4559,#3867,.T.);
#5711=EDGE_CURVE('',#4561,#4385,#130,.T.);
#5712=EDGE_CURVE('',#4385,#4562,#131,.T.);
#5713=EDGE_CURVE('',#4562,#4561,#3868,.T.);
#5714=EDGE_CURVE('',#4563,#4382,#132,.T.);
#5715=EDGE_CURVE('',#4433,#4563,#3869,.T.);
#5716=EDGE_CURVE('',#4563,#4564,#1894,.T.);
#5717=EDGE_CURVE('',#4564,#4383,#3870,.T.);
#5718=EDGE_CURVE('',#4565,#4384,#3871,.T.);
#5719=EDGE_CURVE('',#4564,#4565,#3872,.T.);
#5720=EDGE_CURVE('',#4565,#4562,#1895,.T.);
#5721=EDGE_CURVE('',#4561,#4566,#1896,.T.);
#5722=EDGE_CURVE('',#4566,#4386,#3873,.T.);
#5723=EDGE_CURVE('',#4567,#4387,#3874,.T.);
#5724=EDGE_CURVE('',#4566,#4567,#3875,.T.);
#5725=EDGE_CURVE('',#4567,#4560,#1897,.T.);
#5726=EDGE_CURVE('',#4559,#4568,#1898,.T.);
#5727=EDGE_CURVE('',#4568,#4389,#3876,.T.);
#5728=EDGE_CURVE('',#4569,#4390,#3877,.T.);
#5729=EDGE_CURVE('',#4568,#4569,#3878,.T.);
#5730=EDGE_CURVE('',#4570,#4391,#3879,.T.);
#5731=EDGE_CURVE('',#4569,#4570,#1899,.T.);
#5732=EDGE_CURVE('',#4571,#4392,#3880,.T.);
#5733=EDGE_CURVE('',#4570,#4571,#3881,.T.);
#5734=EDGE_CURVE('',#4571,#4558,#1900,.T.);
#5735=EDGE_CURVE('',#4557,#4572,#1901,.T.);
#5736=EDGE_CURVE('',#4572,#4394,#3882,.T.);
#5737=EDGE_CURVE('',#4573,#4395,#3883,.T.);
#5738=EDGE_CURVE('',#4572,#4573,#3884,.T.);
#5739=EDGE_CURVE('',#4573,#4556,#1902,.T.);
#5740=EDGE_CURVE('',#4555,#4574,#1903,.T.);
#5741=EDGE_CURVE('',#4574,#4397,#3885,.T.);
#5742=EDGE_CURVE('',#4575,#4398,#3886,.T.);
#5743=EDGE_CURVE('',#4574,#4575,#3887,.T.);
#5744=EDGE_CURVE('',#4576,#4399,#3888,.T.);
#5745=EDGE_CURVE('',#4575,#4576,#1904,.T.);
#5746=EDGE_CURVE('',#4577,#4400,#3889,.T.);
#5747=EDGE_CURVE('',#4576,#4577,#3890,.T.);
#5748=EDGE_CURVE('',#4577,#4554,#1905,.T.);
#5749=EDGE_CURVE('',#4553,#4578,#1906,.T.);
#5750=EDGE_CURVE('',#4578,#4402,#3891,.T.);
#5751=EDGE_CURVE('',#4579,#4403,#3892,.T.);
#5752=EDGE_CURVE('',#4578,#4579,#3893,.T.);
#5753=EDGE_CURVE('',#4579,#4552,#1907,.T.);
#5754=EDGE_CURVE('',#4551,#4580,#1908,.T.);
#5755=EDGE_CURVE('',#4580,#4405,#3894,.T.);
#5756=EDGE_CURVE('',#4581,#4406,#3895,.T.);
#5757=EDGE_CURVE('',#4580,#4581,#3896,.T.);
#5758=EDGE_CURVE('',#4582,#4407,#3897,.T.);
#5759=EDGE_CURVE('',#4581,#4582,#1909,.T.);
#5760=EDGE_CURVE('',#4582,#4463,#3898,.T.);
#5761=EDGE_CURVE('',#4583,#4580,#1910,.T.);
#5762=EDGE_CURVE('',#4583,#4584,#3899,.T.);
#5763=EDGE_CURVE('',#4584,#4581,#1911,.T.);
#5764=EDGE_CURVE('',#4585,#4551,#1912,.T.);
#5765=EDGE_CURVE('',#4585,#4583,#1913,.T.);
#5766=EDGE_CURVE('',#4586,#4552,#1914,.T.);
#5767=EDGE_CURVE('',#4586,#4585,#3900,.T.);
#5768=EDGE_CURVE('',#4587,#4579,#1915,.T.);
#5769=EDGE_CURVE('',#4587,#4586,#1916,.T.);
#5770=EDGE_CURVE('',#4588,#4578,#1917,.T.);
#5771=EDGE_CURVE('',#4588,#4587,#3901,.T.);
#5772=EDGE_CURVE('',#4589,#4553,#1918,.T.);
#5773=EDGE_CURVE('',#4589,#4588,#1919,.T.);
#5774=EDGE_CURVE('',#4590,#4554,#1920,.T.);
#5775=EDGE_CURVE('',#4590,#4589,#3902,.T.);
#5776=EDGE_CURVE('',#4591,#4577,#1921,.T.);
#5777=EDGE_CURVE('',#4591,#4590,#1922,.T.);
#5778=EDGE_CURVE('',#4592,#4576,#1923,.T.);
#5779=EDGE_CURVE('',#4592,#4591,#3903,.T.);
#5780=EDGE_CURVE('',#4593,#4575,#1924,.T.);
#5781=EDGE_CURVE('',#4593,#4594,#1925,.T.);
#5782=EDGE_CURVE('',#4594,#4595,#1926,.T.);
#5783=EDGE_CURVE('',#4595,#4596,#1927,.T.);
#5784=EDGE_CURVE('',#4597,#4596,#1928,.T.);
#5785=EDGE_CURVE('',#4597,#4592,#1929,.T.);
#5786=EDGE_CURVE('',#4598,#4574,#1930,.T.);
#5787=EDGE_CURVE('',#4598,#4593,#3904,.T.);
#5788=EDGE_CURVE('',#4599,#4555,#1931,.T.);
#5789=EDGE_CURVE('',#4599,#4598,#1932,.T.);
#5790=EDGE_CURVE('',#4600,#4556,#1933,.T.);
#5791=EDGE_CURVE('',#4600,#4599,#3905,.T.);
#5792=EDGE_CURVE('',#4601,#4573,#1934,.T.);
#5793=EDGE_CURVE('',#4601,#4600,#1935,.T.);
#5794=EDGE_CURVE('',#4602,#4572,#1936,.T.);
#5795=EDGE_CURVE('',#4602,#4601,#3906,.T.);
#5796=EDGE_CURVE('',#4603,#4557,#1937,.T.);
#5797=EDGE_CURVE('',#4603,#4602,#1938,.T.);
#5798=EDGE_CURVE('',#4604,#4558,#1939,.T.);
#5799=EDGE_CURVE('',#4604,#4603,#3907,.T.);
#5800=EDGE_CURVE('',#4605,#4571,#1940,.T.);
#5801=EDGE_CURVE('',#4605,#4604,#1941,.T.);
#5802=EDGE_CURVE('',#4606,#4570,#1942,.T.);
#5803=EDGE_CURVE('',#4606,#4605,#3908,.T.);
#5804=EDGE_CURVE('',#4607,#4569,#1943,.T.);
#5805=EDGE_CURVE('',#4607,#4606,#1944,.T.);
#5806=EDGE_CURVE('',#4608,#4568,#1945,.T.);
#5807=EDGE_CURVE('',#4608,#4607,#3909,.T.);
#5808=EDGE_CURVE('',#4609,#4559,#1946,.T.);
#5809=EDGE_CURVE('',#4609,#4608,#1947,.T.);
#5810=EDGE_CURVE('',#4610,#4560,#1948,.T.);
#5811=EDGE_CURVE('',#4610,#4609,#3910,.T.);
#5812=EDGE_CURVE('',#4611,#4567,#1949,.T.);
#5813=EDGE_CURVE('',#4611,#4610,#1950,.T.);
#5814=EDGE_CURVE('',#4612,#4566,#1951,.T.);
#5815=EDGE_CURVE('',#4612,#4611,#3911,.T.);
#5816=EDGE_CURVE('',#4613,#4561,#1952,.T.);
#5817=EDGE_CURVE('',#4613,#4612,#1953,.T.);
#5818=EDGE_CURVE('',#4614,#4562,#1954,.T.);
#5819=EDGE_CURVE('',#4614,#4613,#3912,.T.);
#5820=EDGE_CURVE('',#4615,#4565,#1955,.T.);
#5821=EDGE_CURVE('',#4615,#4614,#1956,.T.);
#5822=EDGE_CURVE('',#4616,#4564,#1957,.T.);
#5823=EDGE_CURVE('',#4616,#4615,#3913,.T.);
#5824=EDGE_CURVE('',#4617,#4563,#1958,.T.);
#5825=EDGE_CURVE('',#4617,#4616,#1959,.T.);
#5826=EDGE_CURVE('',#4434,#4618,#3914,.T.);
#5827=EDGE_CURVE('',#4619,#4618,#1960,.T.);
#5828=EDGE_CURVE('',#4619,#4617,#3915,.T.);
#5829=EDGE_CURVE('',#4376,#4486,#1961,.T.);
#5830=EDGE_CURVE('',#4526,#4620,#431,.T.);
#5831=EDGE_CURVE('',#4620,#4621,#3916,.T.);
#5832=EDGE_CURVE('',#4621,#4499,#432,.T.);
#5833=EDGE_CURVE('',#4621,#4622,#1962,.T.);
#5834=EDGE_CURVE('',#4622,#4500,#133,.F.);
#5835=EDGE_CURVE('',#4549,#4623,#433,.T.);
#5836=EDGE_CURVE('',#4623,#4624,#3917,.T.);
#5837=EDGE_CURVE('',#4624,#4546,#1963,.T.);
#5838=EDGE_CURVE('',#4624,#4625,#1964,.T.);
#5839=EDGE_CURVE('',#4625,#4543,#1965,.T.);
#5840=EDGE_CURVE('',#4625,#4626,#1966,.T.);
#5841=EDGE_CURVE('',#4626,#4544,#134,.F.);
#5842=EDGE_CURVE('',#4627,#4628,#1967,.T.);
#5843=EDGE_CURVE('',#4628,#4629,#1968,.T.);
#5844=EDGE_CURVE('',#4629,#4630,#1969,.T.);
#5845=EDGE_CURVE('',#4630,#4627,#1970,.T.);
#5846=EDGE_CURVE('',#4631,#4632,#1971,.T.);
#5847=EDGE_CURVE('',#4632,#4628,#3918,.T.);
#5848=EDGE_CURVE('',#4627,#4631,#3919,.T.);
#5849=EDGE_CURVE('',#4633,#4634,#1972,.T.);
#5850=EDGE_CURVE('',#4634,#4632,#1973,.T.);
#5851=EDGE_CURVE('',#4631,#4633,#1974,.T.);
#5852=EDGE_CURVE('',#4635,#4636,#1975,.T.);
#5853=EDGE_CURVE('',#4636,#4634,#3920,.T.);
#5854=EDGE_CURVE('',#4633,#4635,#3921,.T.);
#5855=EDGE_CURVE('',#4637,#4638,#1976,.T.);
#5856=EDGE_CURVE('',#4638,#4636,#1977,.T.);
#5857=EDGE_CURVE('',#4635,#4637,#1978,.T.);
#5858=EDGE_CURVE('',#4639,#4640,#1979,.T.);
#5859=EDGE_CURVE('',#4640,#4638,#3922,.T.);
#5860=EDGE_CURVE('',#4637,#4639,#3923,.T.);
#5861=EDGE_CURVE('',#4641,#4642,#1980,.T.);
#5862=EDGE_CURVE('',#4642,#4640,#1981,.T.);
#5863=EDGE_CURVE('',#4639,#4641,#1982,.T.);
#5864=EDGE_CURVE('',#4547,#4643,#1983,.T.);
#5865=EDGE_CURVE('',#4643,#4644,#3924,.T.);
#5866=EDGE_CURVE('',#4644,#4548,#1984,.T.);
#5867=EDGE_CURVE('',#4550,#4645,#1985,.T.);
#5868=EDGE_CURVE('',#4645,#4643,#1986,.T.);
#5869=EDGE_CURVE('',#4470,#4646,#1987,.T.);
#5870=EDGE_CURVE('',#4646,#4645,#3925,.T.);
#5871=EDGE_CURVE('',#4469,#4647,#1988,.T.);
#5872=EDGE_CURVE('',#4647,#4646,#1989,.T.);
#5873=EDGE_CURVE('',#4502,#4648,#1990,.T.);
#5874=EDGE_CURVE('',#4648,#4647,#3926,.T.);
#5875=EDGE_CURVE('',#4501,#4629,#1991,.T.);
#5876=EDGE_CURVE('',#4629,#4648,#1992,.T.);
#5877=EDGE_CURVE('',#4649,#4650,#1993,.T.);
#5878=EDGE_CURVE('',#4650,#4651,#1994,.T.);
#5879=EDGE_CURVE('',#4651,#4652,#1995,.T.);
#5880=EDGE_CURVE('',#4652,#4649,#1996,.T.);
#5881=EDGE_CURVE('',#4653,#4654,#1997,.T.);
#5882=EDGE_CURVE('',#4654,#4650,#3927,.T.);
#5883=EDGE_CURVE('',#4649,#4653,#3928,.T.);
#5884=EDGE_CURVE('',#4655,#4644,#1998,.T.);
#5885=EDGE_CURVE('',#4644,#4654,#1999,.T.);
#5886=EDGE_CURVE('',#4653,#4655,#2000,.T.);
#5887=EDGE_CURVE('',#4656,#4651,#2001,.T.);
#5888=EDGE_CURVE('',#4651,#4657,#3929,.T.);
#5889=EDGE_CURVE('',#4657,#4658,#2002,.T.);
#5890=EDGE_CURVE('',#4658,#4656,#3930,.T.);
#5891=EDGE_CURVE('',#4659,#4660,#2003,.T.);
#5892=EDGE_CURVE('',#4660,#4661,#2004,.T.);
#5893=EDGE_CURVE('',#4661,#4662,#2005,.T.);
#5894=EDGE_CURVE('',#4662,#4659,#2006,.T.);
#5895=EDGE_CURVE('',#4663,#4664,#2007,.T.);
#5896=EDGE_CURVE('',#4664,#4660,#3931,.T.);
#5897=EDGE_CURVE('',#4659,#4663,#3932,.T.);
#5898=EDGE_CURVE('',#4665,#4666,#2008,.T.);
#5899=EDGE_CURVE('',#4666,#4664,#2009,.T.);
#5900=EDGE_CURVE('',#4663,#4665,#2010,.T.);
#5901=EDGE_CURVE('',#4667,#4668,#2011,.T.);
#5902=EDGE_CURVE('',#4668,#4666,#3933,.T.);
#5903=EDGE_CURVE('',#4665,#4667,#3934,.T.);
#5904=EDGE_CURVE('',#4669,#4657,#2012,.T.);
#5905=EDGE_CURVE('',#4657,#4668,#2013,.T.);
#5906=EDGE_CURVE('',#4667,#4669,#2014,.T.);
#5907=EDGE_CURVE('',#4541,#4670,#2015,.T.);
#5908=EDGE_CURVE('',#4670,#4671,#2016,.T.);
#5909=EDGE_CURVE('',#4671,#4540,#2017,.T.);
#5910=EDGE_CURVE('',#4542,#4672,#2018,.T.);
#5911=EDGE_CURVE('',#4672,#4670,#3935,.T.);
#5912=EDGE_CURVE('',#4545,#4661,#2019,.T.);
#5913=EDGE_CURVE('',#4661,#4672,#2020,.T.);
#5914=EDGE_CURVE('',#4536,#4673,#2021,.T.);
#5915=EDGE_CURVE('',#4673,#4674,#2022,.T.);
#5916=EDGE_CURVE('',#4674,#4535,#2023,.T.);
#5917=EDGE_CURVE('',#4537,#4675,#2024,.T.);
#5918=EDGE_CURVE('',#4675,#4673,#3936,.T.);
#5919=EDGE_CURVE('',#4538,#4676,#2025,.T.);
#5920=EDGE_CURVE('',#4676,#4675,#2026,.T.);
#5921=EDGE_CURVE('',#4539,#4677,#2027,.T.);
#5922=EDGE_CURVE('',#4677,#4676,#3937,.T.);
#5923=EDGE_CURVE('',#4671,#4677,#2028,.T.);
#5924=EDGE_CURVE('',#4533,#4678,#2029,.T.);
#5925=EDGE_CURVE('',#4678,#4679,#2030,.T.);
#5926=EDGE_CURVE('',#4679,#4532,#434,.T.);
#5927=EDGE_CURVE('',#4534,#4680,#2031,.T.);
#5928=EDGE_CURVE('',#4680,#4678,#3938,.T.);
#5929=EDGE_CURVE('',#4674,#4680,#2032,.T.);
#5930=EDGE_CURVE('',#4530,#4681,#2033,.T.);
#5931=EDGE_CURVE('',#4681,#4682,#3939,.T.);
#5932=EDGE_CURVE('',#4682,#4529,#435,.T.);
#5933=EDGE_CURVE('',#4528,#4683,#2034,.T.);
#5934=EDGE_CURVE('',#4683,#4684,#3940,.T.);
#5935=EDGE_CURVE('',#4684,#4527,#436,.T.);
#5936=EDGE_CURVE('',#4524,#4685,#2035,.T.);
#5937=EDGE_CURVE('',#4685,#4642,#3941,.T.);
#5938=EDGE_CURVE('',#4642,#4525,#2036,.T.);
#5939=EDGE_CURVE('',#4684,#4685,#2037,.T.);
#5940=EDGE_CURVE('',#4682,#4683,#2038,.T.);
#5941=EDGE_CURVE('',#4531,#4686,#2039,.T.);
#5942=EDGE_CURVE('',#4686,#4681,#2040,.T.);
#5943=EDGE_CURVE('',#4679,#4686,#3942,.T.);
#5944=EDGE_CURVE('',#4545,#4662,#3943,.T.);
#5945=EDGE_CURVE('',#4669,#4658,#3944,.T.);
#5946=EDGE_CURVE('',#4656,#4652,#3945,.T.);
#5947=EDGE_CURVE('',#4655,#4548,#3946,.T.);
#5948=EDGE_CURVE('',#4501,#4630,#3947,.T.);
#5949=EDGE_CURVE('',#4641,#4525,#3948,.T.);
#5950=EDGE_CURVE('',#4667,#4687,#2041,.T.);
#5951=EDGE_CURVE('',#4687,#4688,#2042,.T.);
#5952=EDGE_CURVE('',#4669,#4688,#2043,.T.);
#5953=EDGE_CURVE('',#4665,#4689,#2044,.T.);
#5954=EDGE_CURVE('',#4689,#4687,#3949,.T.);
#5955=EDGE_CURVE('',#4663,#4690,#2045,.T.);
#5956=EDGE_CURVE('',#4690,#4689,#2046,.T.);
#5957=EDGE_CURVE('',#4659,#4691,#2047,.T.);
#5958=EDGE_CURVE('',#4691,#4690,#3950,.T.);
#5959=EDGE_CURVE('',#4692,#4662,#2048,.T.);
#5960=EDGE_CURVE('',#4692,#4691,#2049,.T.);
#5961=EDGE_CURVE('',#4626,#4692,#3951,.F.);
#5962=EDGE_CURVE('',#4693,#4693,#3952,.T.);
#5963=EDGE_CURVE('',#4694,#4694,#3953,.T.);
#5964=EDGE_CURVE('',#4695,#4696,#3954,.T.);
#5965=EDGE_CURVE('',#4696,#4697,#3955,.T.);
#5966=EDGE_CURVE('',#4697,#4698,#3956,.T.);
#5967=EDGE_CURVE('',#4698,#4699,#2050,.T.);
#5968=EDGE_CURVE('',#4699,#4700,#3957,.T.);
#5969=EDGE_CURVE('',#4700,#4701,#2051,.T.);
#5970=EDGE_CURVE('',#4701,#4702,#3958,.T.);
#5971=EDGE_CURVE('',#4702,#4703,#3959,.T.);
#5972=EDGE_CURVE('',#4703,#4704,#3960,.T.);
#5973=EDGE_CURVE('',#4704,#4705,#3961,.T.);
#5974=EDGE_CURVE('',#4705,#4706,#3962,.T.);
#5975=EDGE_CURVE('',#4706,#4707,#2052,.T.);
#5976=EDGE_CURVE('',#4707,#4708,#3963,.T.);
#5977=EDGE_CURVE('',#4708,#4709,#2053,.T.);
#5978=EDGE_CURVE('',#4709,#4710,#3964,.T.);
#5979=EDGE_CURVE('',#4710,#4695,#3965,.T.);
#5980=EDGE_CURVE('',#4711,#4712,#3966,.T.);
#5981=EDGE_CURVE('',#4712,#4713,#3967,.T.);
#5982=EDGE_CURVE('',#4713,#4714,#3968,.T.);
#5983=EDGE_CURVE('',#4714,#4715,#2054,.T.);
#5984=EDGE_CURVE('',#4715,#4716,#3969,.T.);
#5985=EDGE_CURVE('',#4716,#4717,#2055,.T.);
#5986=EDGE_CURVE('',#4717,#4718,#3970,.T.);
#5987=EDGE_CURVE('',#4718,#4719,#2056,.T.);
#5988=EDGE_CURVE('',#4719,#4720,#3971,.T.);
#5989=EDGE_CURVE('',#4720,#4721,#2057,.T.);
#5990=EDGE_CURVE('',#4721,#4722,#3972,.T.);
#5991=EDGE_CURVE('',#4722,#4723,#2058,.T.);
#5992=EDGE_CURVE('',#4723,#4724,#3973,.T.);
#5993=EDGE_CURVE('',#4724,#4711,#3974,.T.);
#5994=EDGE_CURVE('',#4725,#4726,#2059,.T.);
#5995=EDGE_CURVE('',#4726,#4727,#2060,.T.);
#5996=EDGE_CURVE('',#4727,#4728,#3975,.T.);
#5997=EDGE_CURVE('',#4728,#4729,#2061,.T.);
#5998=EDGE_CURVE('',#4729,#4730,#3976,.T.);
#5999=EDGE_CURVE('',#4730,#4731,#2062,.T.);
#6000=EDGE_CURVE('',#4731,#4732,#3977,.T.);
#6001=EDGE_CURVE('',#4732,#4733,#2063,.T.);
#6002=EDGE_CURVE('',#4733,#4725,#3978,.T.);
#6003=EDGE_CURVE('',#4734,#4735,#2064,.T.);
#6004=EDGE_CURVE('',#4735,#4736,#3979,.T.);
#6005=EDGE_CURVE('',#4736,#4737,#2065,.T.);
#6006=EDGE_CURVE('',#4737,#4738,#3980,.T.);
#6007=EDGE_CURVE('',#4738,#4739,#2066,.T.);
#6008=EDGE_CURVE('',#4739,#4740,#3981,.T.);
#6009=EDGE_CURVE('',#4740,#4741,#2067,.T.);
#6010=EDGE_CURVE('',#4741,#4742,#3982,.T.);
#6011=EDGE_CURVE('',#4742,#4743,#2068,.T.);
#6012=EDGE_CURVE('',#4743,#4744,#3983,.T.);
#6013=EDGE_CURVE('',#4744,#4745,#2069,.T.);
#6014=EDGE_CURVE('',#4745,#4734,#3984,.T.);
#6015=EDGE_CURVE('',#4746,#4747,#2070,.T.);
#6016=EDGE_CURVE('',#4747,#4748,#3985,.T.);
#6017=EDGE_CURVE('',#4748,#4749,#2071,.T.);
#6018=EDGE_CURVE('',#4749,#4750,#3986,.T.);
#6019=EDGE_CURVE('',#4750,#4751,#2072,.T.);
#6020=EDGE_CURVE('',#4751,#4752,#3987,.T.);
#6021=EDGE_CURVE('',#4752,#4753,#2073,.T.);
#6022=EDGE_CURVE('',#4753,#4754,#3988,.T.);
#6023=EDGE_CURVE('',#4754,#4755,#2074,.T.);
#6024=EDGE_CURVE('',#4755,#4756,#3989,.T.);
#6025=EDGE_CURVE('',#4756,#4757,#2075,.T.);
#6026=EDGE_CURVE('',#4757,#4746,#3990,.T.);
#6027=EDGE_CURVE('',#4758,#4759,#2076,.T.);
#6028=EDGE_CURVE('',#4759,#4760,#3991,.T.);
#6029=EDGE_CURVE('',#4760,#4761,#2077,.T.);
#6030=EDGE_CURVE('',#4761,#4762,#3992,.T.);
#6031=EDGE_CURVE('',#4762,#4763,#2078,.T.);
#6032=EDGE_CURVE('',#4763,#4764,#3993,.T.);
#6033=EDGE_CURVE('',#4764,#4765,#2079,.T.);
#6034=EDGE_CURVE('',#4765,#4766,#3994,.T.);
#6035=EDGE_CURVE('',#4766,#4767,#2080,.T.);
#6036=EDGE_CURVE('',#4767,#4768,#3995,.T.);
#6037=EDGE_CURVE('',#4768,#4769,#2081,.T.);
#6038=EDGE_CURVE('',#4769,#4758,#3996,.T.);
#6039=EDGE_CURVE('',#4770,#4770,#3997,.T.);
#6040=EDGE_CURVE('',#4771,#4771,#3998,.T.);
#6041=EDGE_CURVE('',#4772,#4773,#3999,.T.);
#6042=EDGE_CURVE('',#4773,#4774,#2082,.T.);
#6043=EDGE_CURVE('',#4774,#4775,#2083,.T.);
#6044=EDGE_CURVE('',#4775,#4776,#4000,.T.);
#6045=EDGE_CURVE('',#4776,#4777,#2084,.T.);
#6046=EDGE_CURVE('',#4777,#4778,#4001,.T.);
#6047=EDGE_CURVE('',#4778,#4779,#2085,.T.);
#6048=EDGE_CURVE('',#4779,#4780,#4002,.T.);
#6049=EDGE_CURVE('',#4780,#4772,#2086,.T.);
#6050=EDGE_CURVE('',#4781,#4782,#2087,.T.);
#6051=EDGE_CURVE('',#4782,#4783,#4003,.T.);
#6052=EDGE_CURVE('',#4783,#4784,#2088,.T.);
#6053=EDGE_CURVE('',#4784,#4785,#4004,.T.);
#6054=EDGE_CURVE('',#4785,#4786,#2089,.T.);
#6055=EDGE_CURVE('',#4786,#4787,#4005,.T.);
#6056=EDGE_CURVE('',#4787,#4788,#2090,.T.);
#6057=EDGE_CURVE('',#4788,#4789,#4006,.T.);
#6058=EDGE_CURVE('',#4789,#4790,#2091,.T.);
#6059=EDGE_CURVE('',#4790,#4791,#4007,.T.);
#6060=EDGE_CURVE('',#4791,#4792,#2092,.T.);
#6061=EDGE_CURVE('',#4792,#4781,#4008,.T.);
#6062=EDGE_CURVE('',#4793,#4794,#2093,.T.);
#6063=EDGE_CURVE('',#4794,#4795,#4009,.T.);
#6064=EDGE_CURVE('',#4795,#4796,#2094,.T.);
#6065=EDGE_CURVE('',#4796,#4797,#4010,.T.);
#6066=EDGE_CURVE('',#4797,#4798,#2095,.T.);
#6067=EDGE_CURVE('',#4798,#4799,#4011,.T.);
#6068=EDGE_CURVE('',#4799,#4800,#2096,.T.);
#6069=EDGE_CURVE('',#4800,#4801,#4012,.T.);
#6070=EDGE_CURVE('',#4802,#4801,#4013,.T.);
#6071=EDGE_CURVE('',#4802,#4803,#4014,.T.);
#6072=EDGE_CURVE('',#4804,#4803,#4015,.T.);
#6073=EDGE_CURVE('',#4804,#4805,#2097,.T.);
#6074=EDGE_CURVE('',#4805,#4806,#4016,.T.);
#6075=EDGE_CURVE('',#4806,#4807,#2098,.T.);
#6076=EDGE_CURVE('',#4807,#4793,#4017,.T.);
#6077=EDGE_CURVE('',#4808,#4809,#4018,.T.);
#6078=EDGE_CURVE('',#4809,#4810,#2099,.T.);
#6079=EDGE_CURVE('',#4810,#4811,#4019,.T.);
#6080=EDGE_CURVE('',#4811,#4812,#4020,.T.);
#6081=EDGE_CURVE('',#4812,#4813,#4021,.T.);
#6082=EDGE_CURVE('',#4813,#4814,#4022,.T.);
#6083=EDGE_CURVE('',#4814,#4815,#2100,.T.);
#6084=EDGE_CURVE('',#4815,#4816,#4023,.T.);
#6085=EDGE_CURVE('',#4817,#4816,#4024,.T.);
#6086=EDGE_CURVE('',#4818,#4817,#2101,.T.);
#6087=EDGE_CURVE('',#4808,#4818,#4025,.T.);
#6088=EDGE_CURVE('',#4819,#4820,#4026,.T.);
#6089=EDGE_CURVE('',#4820,#4821,#4027,.T.);
#6090=EDGE_CURVE('',#4821,#4822,#4028,.T.);
#6091=EDGE_CURVE('',#4822,#4823,#4029,.T.);
#6092=EDGE_CURVE('',#4823,#4824,#4030,.T.);
#6093=EDGE_CURVE('',#4824,#4825,#4031,.T.);
#6094=EDGE_CURVE('',#4825,#4826,#2102,.T.);
#6095=EDGE_CURVE('',#4826,#4827,#4032,.T.);
#6096=EDGE_CURVE('',#4827,#4819,#2103,.T.);
#6097=EDGE_CURVE('',#4828,#4829,#2104,.T.);
#6098=EDGE_CURVE('',#4829,#4830,#4033,.T.);
#6099=EDGE_CURVE('',#4830,#4831,#2105,.T.);
#6100=EDGE_CURVE('',#4831,#4832,#4034,.T.);
#6101=EDGE_CURVE('',#4832,#4833,#4035,.T.);
#6102=EDGE_CURVE('',#4833,#4834,#2106,.T.);
#6103=EDGE_CURVE('',#4834,#4835,#4036,.T.);
#6104=EDGE_CURVE('',#4835,#4836,#2107,.T.);
#6105=EDGE_CURVE('',#4836,#4837,#4037,.T.);
#6106=EDGE_CURVE('',#4837,#4838,#2108,.T.);
#6107=EDGE_CURVE('',#4838,#4828,#4038,.T.);
#6108=EDGE_CURVE('',#4839,#4840,#2109,.T.);
#6109=EDGE_CURVE('',#4840,#4841,#4039,.T.);
#6110=EDGE_CURVE('',#4841,#4842,#2110,.T.);
#6111=EDGE_CURVE('',#4842,#4843,#4040,.T.);
#6112=EDGE_CURVE('',#4843,#4844,#2111,.T.);
#6113=EDGE_CURVE('',#4844,#4845,#4041,.T.);
#6114=EDGE_CURVE('',#4845,#4846,#2112,.T.);
#6115=EDGE_CURVE('',#4846,#4847,#4042,.T.);
#6116=EDGE_CURVE('',#4847,#4848,#2113,.T.);
#6117=EDGE_CURVE('',#4848,#4849,#4043,.T.);
#6118=EDGE_CURVE('',#4849,#4850,#2114,.T.);
#6119=EDGE_CURVE('',#4850,#4839,#4044,.T.);
#6120=EDGE_CURVE('',#4851,#4852,#2115,.T.);
#6121=EDGE_CURVE('',#4852,#4853,#4045,.T.);
#6122=EDGE_CURVE('',#4853,#4854,#2116,.T.);
#6123=EDGE_CURVE('',#4854,#4855,#4046,.T.);
#6124=EDGE_CURVE('',#4855,#4856,#2117,.T.);
#6125=EDGE_CURVE('',#4856,#4857,#4047,.T.);
#6126=EDGE_CURVE('',#4857,#4858,#4048,.T.);
#6127=EDGE_CURVE('',#4858,#4859,#4049,.T.);
#6128=EDGE_CURVE('',#4860,#4859,#4050,.T.);
#6129=EDGE_CURVE('',#4861,#4860,#2118,.T.);
#6130=EDGE_CURVE('',#4851,#4861,#4051,.T.);
#6131=EDGE_CURVE('',#4862,#4863,#2119,.T.);
#6132=EDGE_CURVE('',#4864,#4863,#4052,.T.);
#6133=EDGE_CURVE('',#4865,#4864,#2120,.T.);
#6134=EDGE_CURVE('',#4866,#4865,#4053,.T.);
#6135=EDGE_CURVE('',#4866,#4867,#2121,.T.);
#6136=EDGE_CURVE('',#4867,#4868,#4054,.T.);
#6137=EDGE_CURVE('',#4868,#4869,#2122,.T.);
#6138=EDGE_CURVE('',#4869,#4870,#4055,.T.);
#6139=EDGE_CURVE('',#4870,#4871,#2123,.T.);
#6140=EDGE_CURVE('',#4871,#4862,#4056,.T.);
#6141=EDGE_CURVE('',#4872,#4873,#2124,.T.);
#6142=EDGE_CURVE('',#4873,#4874,#4057,.T.);
#6143=EDGE_CURVE('',#4874,#4875,#2125,.T.);
#6144=EDGE_CURVE('',#4875,#4876,#4058,.T.);
#6145=EDGE_CURVE('',#4876,#4877,#2126,.T.);
#6146=EDGE_CURVE('',#4877,#4878,#4059,.T.);
#6147=EDGE_CURVE('',#4878,#4879,#2127,.T.);
#6148=EDGE_CURVE('',#4879,#4880,#4060,.T.);
#6149=EDGE_CURVE('',#4880,#4881,#2128,.T.);
#6150=EDGE_CURVE('',#4881,#4882,#4061,.T.);
#6151=EDGE_CURVE('',#4882,#4883,#2129,.T.);
#6152=EDGE_CURVE('',#4883,#4872,#4062,.T.);
#6153=EDGE_CURVE('',#4884,#4885,#2130,.T.);
#6154=EDGE_CURVE('',#4885,#4886,#4063,.T.);
#6155=EDGE_CURVE('',#4886,#4887,#4064,.T.);
#6156=EDGE_CURVE('',#4887,#4888,#4065,.T.);
#6157=EDGE_CURVE('',#4888,#4889,#4066,.T.);
#6158=EDGE_CURVE('',#4889,#4890,#4067,.T.);
#6159=EDGE_CURVE('',#4890,#4891,#2131,.T.);
#6160=EDGE_CURVE('',#4891,#4892,#4068,.T.);
#6161=EDGE_CURVE('',#4892,#4893,#2132,.T.);
#6162=EDGE_CURVE('',#4893,#4894,#4069,.T.);
#6163=EDGE_CURVE('',#4894,#4895,#2133,.T.);
#6164=EDGE_CURVE('',#4895,#4896,#4070,.T.);
#6165=EDGE_CURVE('',#4896,#4897,#2134,.T.);
#6166=EDGE_CURVE('',#4897,#4884,#4071,.T.);
#6167=EDGE_CURVE('',#4898,#4899,#2135,.T.);
#6168=EDGE_CURVE('',#4899,#4900,#4072,.T.);
#6169=EDGE_CURVE('',#4900,#4901,#2136,.T.);
#6170=EDGE_CURVE('',#4901,#4902,#4073,.T.);
#6171=EDGE_CURVE('',#4902,#4903,#2137,.T.);
#6172=EDGE_CURVE('',#4903,#4904,#4074,.T.);
#6173=EDGE_CURVE('',#4904,#4905,#2138,.T.);
#6174=EDGE_CURVE('',#4905,#4906,#4075,.T.);
#6175=EDGE_CURVE('',#4906,#4907,#2139,.T.);
#6176=EDGE_CURVE('',#4907,#4908,#4076,.T.);
#6177=EDGE_CURVE('',#4908,#4909,#2140,.T.);
#6178=EDGE_CURVE('',#4909,#4898,#4077,.T.);
#6179=EDGE_CURVE('',#4910,#4911,#2141,.T.);
#6180=EDGE_CURVE('',#4911,#4912,#4078,.T.);
#6181=EDGE_CURVE('',#4912,#4913,#2142,.T.);
#6182=EDGE_CURVE('',#4913,#4914,#4079,.T.);
#6183=EDGE_CURVE('',#4914,#4915,#2143,.T.);
#6184=EDGE_CURVE('',#4915,#4916,#4080,.T.);
#6185=EDGE_CURVE('',#4916,#4917,#2144,.T.);
#6186=EDGE_CURVE('',#4917,#4918,#4081,.T.);
#6187=EDGE_CURVE('',#4918,#4919,#2145,.T.);
#6188=EDGE_CURVE('',#4919,#4920,#4082,.T.);
#6189=EDGE_CURVE('',#4920,#4921,#2146,.T.);
#6190=EDGE_CURVE('',#4921,#4910,#4083,.T.);
#6191=EDGE_CURVE('',#4922,#4923,#4084,.T.);
#6192=EDGE_CURVE('',#4924,#4923,#4085,.T.);
#6193=EDGE_CURVE('',#4925,#4924,#2147,.T.);
#6194=EDGE_CURVE('',#4926,#4925,#4086,.T.);
#6195=EDGE_CURVE('',#4926,#4927,#2148,.T.);
#6196=EDGE_CURVE('',#4927,#4928,#4087,.T.);
#6197=EDGE_CURVE('',#4928,#4929,#2149,.T.);
#6198=EDGE_CURVE('',#4929,#4930,#4088,.T.);
#6199=EDGE_CURVE('',#4930,#4931,#2150,.T.);
#6200=EDGE_CURVE('',#4931,#4932,#4089,.T.);
#6201=EDGE_CURVE('',#4932,#4933,#2151,.T.);
#6202=EDGE_CURVE('',#4933,#4922,#4090,.T.);
#6203=EDGE_CURVE('',#4934,#4935,#2152,.T.);
#6204=EDGE_CURVE('',#4935,#4936,#4091,.T.);
#6205=EDGE_CURVE('',#4936,#4937,#2153,.T.);
#6206=EDGE_CURVE('',#4937,#4938,#4092,.T.);
#6207=EDGE_CURVE('',#4938,#4939,#2154,.T.);
#6208=EDGE_CURVE('',#4939,#4940,#4093,.T.);
#6209=EDGE_CURVE('',#4940,#4941,#2155,.T.);
#6210=EDGE_CURVE('',#4941,#4942,#4094,.T.);
#6211=EDGE_CURVE('',#4942,#4943,#2156,.T.);
#6212=EDGE_CURVE('',#4943,#4934,#4095,.T.);
#6213=EDGE_CURVE('',#4944,#4945,#2157,.T.);
#6214=EDGE_CURVE('',#4946,#4945,#4096,.T.);
#6215=EDGE_CURVE('',#4947,#4946,#2158,.T.);
#6216=EDGE_CURVE('',#4948,#4947,#4097,.T.);
#6217=EDGE_CURVE('',#4948,#4949,#2159,.T.);
#6218=EDGE_CURVE('',#4949,#4950,#4098,.T.);
#6219=EDGE_CURVE('',#4950,#4951,#2160,.T.);
#6220=EDGE_CURVE('',#4951,#4952,#4099,.T.);
#6221=EDGE_CURVE('',#4952,#4953,#2161,.T.);
#6222=EDGE_CURVE('',#4953,#4944,#4100,.T.);
#6223=EDGE_CURVE('',#4954,#4955,#2162,.T.);
#6224=EDGE_CURVE('',#4955,#4956,#4101,.T.);
#6225=EDGE_CURVE('',#4956,#4957,#2163,.T.);
#6226=EDGE_CURVE('',#4957,#4958,#4102,.T.);
#6227=EDGE_CURVE('',#4958,#4959,#2164,.T.);
#6228=EDGE_CURVE('',#4959,#4960,#4103,.T.);
#6229=EDGE_CURVE('',#4960,#4961,#2165,.T.);
#6230=EDGE_CURVE('',#4961,#4962,#4104,.T.);
#6231=EDGE_CURVE('',#4962,#4963,#2166,.T.);
#6232=EDGE_CURVE('',#4963,#4954,#4105,.T.);
#6233=EDGE_CURVE('',#4964,#4965,#2167,.T.);
#6234=EDGE_CURVE('',#4965,#4966,#4106,.T.);
#6235=EDGE_CURVE('',#4966,#4967,#2168,.T.);
#6236=EDGE_CURVE('',#4967,#4968,#4107,.T.);
#6237=EDGE_CURVE('',#4968,#4969,#2169,.T.);
#6238=EDGE_CURVE('',#4969,#4970,#4108,.T.);
#6239=EDGE_CURVE('',#4970,#4971,#2170,.T.);
#6240=EDGE_CURVE('',#4971,#4972,#4109,.T.);
#6241=EDGE_CURVE('',#4972,#4973,#2171,.T.);
#6242=EDGE_CURVE('',#4973,#4964,#4110,.T.);
#6243=EDGE_CURVE('',#4974,#4975,#4111,.T.);
#6244=EDGE_CURVE('',#4975,#4976,#2172,.T.);
#6245=EDGE_CURVE('',#4976,#4977,#4112,.T.);
#6246=EDGE_CURVE('',#4977,#4978,#2173,.T.);
#6247=EDGE_CURVE('',#4978,#4979,#4113,.T.);
#6248=EDGE_CURVE('',#4979,#4980,#2174,.T.);
#6249=EDGE_CURVE('',#4980,#4981,#4114,.T.);
#6250=EDGE_CURVE('',#4981,#4974,#2175,.T.);
#6251=EDGE_CURVE('',#4982,#4983,#4115,.T.);
#6252=EDGE_CURVE('',#4983,#4984,#2176,.T.);
#6253=EDGE_CURVE('',#4984,#4985,#4116,.T.);
#6254=EDGE_CURVE('',#4985,#4986,#2177,.T.);
#6255=EDGE_CURVE('',#4986,#4987,#4117,.T.);
#6256=EDGE_CURVE('',#4987,#4988,#2178,.T.);
#6257=EDGE_CURVE('',#4988,#4989,#4118,.T.);
#6258=EDGE_CURVE('',#4989,#4990,#2179,.T.);
#6259=EDGE_CURVE('',#4990,#4991,#4119,.T.);
#6260=EDGE_CURVE('',#4991,#4992,#2180,.T.);
#6261=EDGE_CURVE('',#4992,#4993,#4120,.T.);
#6262=EDGE_CURVE('',#4993,#4982,#2181,.T.);
#6263=EDGE_CURVE('',#4994,#4995,#2182,.T.);
#6264=EDGE_CURVE('',#4995,#4996,#4121,.T.);
#6265=EDGE_CURVE('',#4996,#4997,#2183,.T.);
#6266=EDGE_CURVE('',#4997,#4998,#4122,.T.);
#6267=EDGE_CURVE('',#4998,#4999,#2184,.T.);
#6268=EDGE_CURVE('',#4999,#5000,#4123,.T.);
#6269=EDGE_CURVE('',#5000,#5001,#2185,.T.);
#6270=EDGE_CURVE('',#5001,#5002,#4124,.T.);
#6271=EDGE_CURVE('',#5002,#5003,#2186,.T.);
#6272=EDGE_CURVE('',#5003,#5004,#4125,.T.);
#6273=EDGE_CURVE('',#5004,#5005,#2187,.T.);
#6274=EDGE_CURVE('',#5005,#4994,#4126,.T.);
#6275=EDGE_CURVE('',#5006,#5007,#2188,.T.);
#6276=EDGE_CURVE('',#5007,#5008,#4127,.T.);
#6277=EDGE_CURVE('',#5008,#5009,#2189,.T.);
#6278=EDGE_CURVE('',#5009,#5010,#4128,.T.);
#6279=EDGE_CURVE('',#5010,#5011,#2190,.T.);
#6280=EDGE_CURVE('',#5011,#5012,#4129,.T.);
#6281=EDGE_CURVE('',#5012,#5013,#2191,.T.);
#6282=EDGE_CURVE('',#5014,#5013,#4130,.T.);
#6283=EDGE_CURVE('',#5015,#5014,#2192,.T.);
#6284=EDGE_CURVE('',#5015,#5006,#4131,.F.);
#6285=EDGE_CURVE('',#4688,#5016,#4132,.F.);
#6286=EDGE_CURVE('',#5016,#4658,#2193,.T.);
#6287=EDGE_CURVE('',#5016,#5017,#4133,.T.);
#6288=EDGE_CURVE('',#4656,#5017,#2194,.T.);
#6289=EDGE_CURVE('',#5017,#5018,#4134,.F.);
#6290=EDGE_CURVE('',#5018,#4652,#2195,.T.);
#6291=EDGE_CURVE('',#4655,#5019,#2196,.T.);
#6292=EDGE_CURVE('',#5019,#4623,#4135,.F.);
#6293=EDGE_CURVE('',#4653,#5020,#2197,.T.);
#6294=EDGE_CURVE('',#5020,#5019,#2198,.T.);
#6295=EDGE_CURVE('',#4622,#4630,#2199,.T.);
#6296=EDGE_CURVE('',#4622,#5021,#2200,.T.);
#6297=EDGE_CURVE('',#4627,#5021,#2201,.T.);
#6298=EDGE_CURVE('',#4641,#5022,#2202,.T.);
#6299=EDGE_CURVE('',#4620,#5022,#4136,.T.);
#6300=EDGE_CURVE('',#4649,#5023,#2203,.T.);
#6301=EDGE_CURVE('',#5023,#5020,#4137,.T.);
#6302=EDGE_CURVE('',#5018,#5023,#2204,.T.);
#6303=EDGE_CURVE('',#4637,#5024,#2205,.T.);
#6304=EDGE_CURVE('',#5024,#5025,#4138,.T.);
#6305=EDGE_CURVE('',#4639,#5025,#2206,.T.);
#6306=EDGE_CURVE('',#4635,#5026,#2207,.T.);
#6307=EDGE_CURVE('',#5026,#5024,#2208,.T.);
#6308=EDGE_CURVE('',#4633,#5027,#2209,.T.);
#6309=EDGE_CURVE('',#5027,#5026,#4139,.T.);
#6310=EDGE_CURVE('',#4631,#5028,#2210,.T.);
#6311=EDGE_CURVE('',#5028,#5027,#2211,.T.);
#6312=EDGE_CURVE('',#5021,#5028,#4140,.T.);
#6313=EDGE_CURVE('',#5025,#5022,#2212,.T.);
#6314=EDGE_CURVE('',#4803,#5029,#2213,.T.);
#6315=EDGE_CURVE('',#5029,#5030,#4141,.T.);
#6316=EDGE_CURVE('',#5030,#4804,#2214,.T.);
#6317=EDGE_CURVE('',#5031,#4802,#2215,.T.);
#6318=EDGE_CURVE('',#5029,#5031,#4142,.T.);
#6319=EDGE_CURVE('',#5032,#5031,#4143,.T.);
#6320=EDGE_CURVE('',#4801,#5032,#2216,.T.);
#6321=EDGE_CURVE('',#5015,#5033,#2217,.T.);
#6322=EDGE_CURVE('',#5033,#5034,#4144,.T.);
#6323=EDGE_CURVE('',#5034,#5006,#2218,.T.);
#6324=EDGE_CURVE('',#5035,#5034,#2219,.T.);
#6325=EDGE_CURVE('',#5007,#5035,#2220,.T.);
#6326=EDGE_CURVE('',#5036,#5037,#4145,.T.);
#6327=EDGE_CURVE('',#5037,#5014,#2221,.T.);
#6328=EDGE_CURVE('',#5013,#5036,#2222,.T.);
#6329=EDGE_CURVE('',#5033,#5037,#2223,.T.);
#6330=EDGE_CURVE('',#5038,#5039,#4146,.T.);
#6331=EDGE_CURVE('',#5039,#4924,#2224,.T.);
#6332=EDGE_CURVE('',#4923,#5038,#2225,.T.);
#6333=EDGE_CURVE('',#5040,#5039,#2226,.T.);
#6334=EDGE_CURVE('',#4925,#5040,#2227,.T.);
#6335=EDGE_CURVE('',#5040,#5041,#4147,.T.);
#6336=EDGE_CURVE('',#5041,#4926,#2228,.T.);
#6337=EDGE_CURVE('',#5042,#5043,#4148,.T.);
#6338=EDGE_CURVE('',#5043,#4946,#2229,.T.);
#6339=EDGE_CURVE('',#4945,#5042,#2230,.T.);
#6340=EDGE_CURVE('',#5044,#5043,#2231,.T.);
#6341=EDGE_CURVE('',#4947,#5044,#2232,.T.);
#6342=EDGE_CURVE('',#5044,#5045,#4149,.T.);
#6343=EDGE_CURVE('',#5045,#4948,#2233,.T.);
#6344=EDGE_CURVE('',#5046,#5047,#4150,.T.);
#6345=EDGE_CURVE('',#5047,#4860,#2234,.T.);
#6346=EDGE_CURVE('',#4859,#5046,#2235,.T.);
#6347=EDGE_CURVE('',#5048,#5047,#2236,.T.);
#6348=EDGE_CURVE('',#4861,#5048,#2237,.T.);
#6349=EDGE_CURVE('',#5048,#5049,#4151,.T.);
#6350=EDGE_CURVE('',#5049,#4851,#2238,.T.);
#6351=EDGE_CURVE('',#5050,#5051,#4152,.T.);
#6352=EDGE_CURVE('',#5051,#4864,#2239,.T.);
#6353=EDGE_CURVE('',#4863,#5050,#2240,.T.);
#6354=EDGE_CURVE('',#5052,#5051,#2241,.T.);
#6355=EDGE_CURVE('',#4865,#5052,#2242,.T.);
#6356=EDGE_CURVE('',#5052,#5053,#4153,.T.);
#6357=EDGE_CURVE('',#5053,#4866,#2243,.T.);
#6358=EDGE_CURVE('',#5054,#5055,#4154,.T.);
#6359=EDGE_CURVE('',#5055,#4817,#2244,.T.);
#6360=EDGE_CURVE('',#4816,#5054,#2245,.T.);
#6361=EDGE_CURVE('',#5056,#5055,#2246,.T.);
#6362=EDGE_CURVE('',#4818,#5056,#2247,.T.);
#6363=EDGE_CURVE('',#5056,#5057,#4155,.T.);
#6364=EDGE_CURVE('',#5057,#4808,#2248,.T.);
#6365=EDGE_CURVE('',#5058,#5057,#4156,.T.);
#6366=EDGE_CURVE('',#4809,#5058,#2249,.T.);
#6367=EDGE_CURVE('',#5059,#4922,#2250,.T.);
#6368=EDGE_CURVE('',#5038,#5059,#4157,.T.);
#6369=EDGE_CURVE('',#4944,#5060,#2251,.T.);
#6370=EDGE_CURVE('',#5042,#5060,#2252,.T.);
#6371=EDGE_CURVE('',#5061,#5062,#2253,.T.);
#6372=EDGE_CURVE('',#5063,#5062,#2254,.T.);
#6373=EDGE_CURVE('',#5064,#5063,#2255,.T.);
#6374=EDGE_CURVE('',#5061,#5064,#2256,.T.);
#6375=EDGE_CURVE('',#5065,#4858,#2257,.T.);
#6376=EDGE_CURVE('',#5046,#5065,#4158,.T.);
#6377=EDGE_CURVE('',#5066,#5030,#2258,.T.);
#6378=EDGE_CURVE('',#4805,#5066,#2259,.T.);
#6379=EDGE_CURVE('',#4862,#5067,#2260,.T.);
#6380=EDGE_CURVE('',#5050,#5067,#2261,.T.);
#6381=EDGE_CURVE('',#5068,#5069,#2262,.T.);
#6382=EDGE_CURVE('',#5070,#5068,#4159,.T.);
#6383=EDGE_CURVE('',#5071,#5070,#2263,.T.);
#6384=EDGE_CURVE('',#5072,#5071,#4160,.T.);
#6385=EDGE_CURVE('',#5073,#5072,#2264,.T.);
#6386=EDGE_CURVE('',#5074,#5073,#4161,.T.);
#6387=EDGE_CURVE('',#5075,#5074,#2265,.T.);
#6388=EDGE_CURVE('',#5076,#5075,#4162,.T.);
#6389=EDGE_CURVE('',#5069,#5076,#2266,.T.);
#6390=EDGE_CURVE('',#4779,#5072,#2267,.T.);
#6391=EDGE_CURVE('',#4778,#5073,#2268,.T.);
#6392=EDGE_CURVE('',#4780,#5071,#2269,.T.);
#6393=EDGE_CURVE('',#4772,#5070,#2270,.T.);
#6394=EDGE_CURVE('',#4773,#5068,#2271,.T.);
#6395=EDGE_CURVE('',#5077,#5077,#4163,.T.);
#6396=EDGE_CURVE('',#5078,#5078,#4164,.T.);
#6397=EDGE_CURVE('',#5079,#5079,#4165,.T.);
#6398=EDGE_CURVE('',#5080,#5080,#4166,.T.);
#6399=EDGE_CURVE('',#5081,#5081,#4167,.T.);
#6400=EDGE_CURVE('',#4702,#5082,#2272,.T.);
#6401=EDGE_CURVE('',#5082,#5083,#4168,.T.);
#6402=EDGE_CURVE('',#5083,#4703,#2273,.T.);
#6403=EDGE_CURVE('',#4701,#5084,#2274,.T.);
#6404=EDGE_CURVE('',#5082,#5084,#4169,.T.);
#6405=EDGE_CURVE('',#4700,#5085,#2275,.T.);
#6406=EDGE_CURVE('',#5084,#5085,#2276,.T.);
#6407=EDGE_CURVE('',#4699,#5086,#2277,.T.);
#6408=EDGE_CURVE('',#5085,#5086,#4170,.T.);
#6409=EDGE_CURVE('',#4698,#5087,#2278,.T.);
#6410=EDGE_CURVE('',#5086,#5087,#2279,.T.);
#6411=EDGE_CURVE('',#5088,#4697,#2280,.T.);
#6412=EDGE_CURVE('',#5087,#5088,#4171,.T.);
#6413=EDGE_CURVE('',#4696,#5089,#2281,.T.);
#6414=EDGE_CURVE('',#5089,#5088,#4172,.T.);
#6415=EDGE_CURVE('',#5090,#4695,#2282,.T.);
#6416=EDGE_CURVE('',#5089,#5090,#4173,.T.);
#6417=EDGE_CURVE('',#4717,#5091,#2283,.T.);
#6418=EDGE_CURVE('',#5092,#5091,#4174,.T.);
#6419=EDGE_CURVE('',#4718,#5092,#2284,.T.);
#6420=EDGE_CURVE('',#4716,#5093,#2285,.T.);
#6421=EDGE_CURVE('',#5091,#5093,#2286,.T.);
#6422=EDGE_CURVE('',#4715,#5094,#2287,.T.);
#6423=EDGE_CURVE('',#5093,#5094,#4175,.T.);
#6424=EDGE_CURVE('',#4714,#5095,#2288,.T.);
#6425=EDGE_CURVE('',#5094,#5095,#2289,.T.);
#6426=EDGE_CURVE('',#5096,#4713,#2290,.T.);
#6427=EDGE_CURVE('',#5095,#5096,#4176,.T.);
#6428=EDGE_CURVE('',#4712,#5097,#2291,.T.);
#6429=EDGE_CURVE('',#5097,#5096,#4177,.T.);
#6430=EDGE_CURVE('',#5098,#4711,#2292,.T.);
#6431=EDGE_CURVE('',#5097,#5098,#4178,.T.);
#6432=EDGE_CURVE('',#5099,#4728,#2293,.T.);
#6433=EDGE_CURVE('',#5100,#5099,#2294,.T.);
#6434=EDGE_CURVE('',#4729,#5100,#2295,.T.);
#6435=EDGE_CURVE('',#4727,#5101,#2296,.T.);
#6436=EDGE_CURVE('',#5101,#5099,#4179,.T.);
#6437=EDGE_CURVE('',#5102,#4726,#2297,.T.);
#6438=EDGE_CURVE('',#5101,#5102,#2298,.T.);
#6439=EDGE_CURVE('',#5103,#4725,#2299,.T.);
#6440=EDGE_CURVE('',#5103,#4595,#2300,.T.);
#6441=EDGE_CURVE('',#5104,#4594,#2301,.T.);
#6442=EDGE_CURVE('',#5104,#5102,#2302,.T.);
#6443=EDGE_CURVE('',#4739,#5105,#2303,.T.);
#6444=EDGE_CURVE('',#5106,#5105,#4180,.T.);
#6445=EDGE_CURVE('',#4740,#5106,#2304,.T.);
#6446=EDGE_CURVE('',#4738,#5107,#2305,.T.);
#6447=EDGE_CURVE('',#5105,#5107,#2306,.T.);
#6448=EDGE_CURVE('',#4737,#5108,#2307,.T.);
#6449=EDGE_CURVE('',#5107,#5108,#4181,.T.);
#6450=EDGE_CURVE('',#4736,#5109,#2308,.T.);
#6451=EDGE_CURVE('',#5108,#5109,#2309,.T.);
#6452=EDGE_CURVE('',#4735,#5110,#2310,.T.);
#6453=EDGE_CURVE('',#5109,#5110,#4182,.T.);
#6454=EDGE_CURVE('',#4734,#5111,#2311,.T.);
#6455=EDGE_CURVE('',#5110,#5111,#2312,.T.);
#6456=EDGE_CURVE('',#4751,#5112,#2313,.T.);
#6457=EDGE_CURVE('',#5113,#5112,#4183,.T.);
#6458=EDGE_CURVE('',#4752,#5113,#2314,.T.);
#6459=EDGE_CURVE('',#4750,#5114,#2315,.T.);
#6460=EDGE_CURVE('',#5112,#5114,#2316,.T.);
#6461=EDGE_CURVE('',#4749,#5115,#2317,.T.);
#6462=EDGE_CURVE('',#5114,#5115,#4184,.T.);
#6463=EDGE_CURVE('',#4748,#5116,#2318,.T.);
#6464=EDGE_CURVE('',#5115,#5116,#2319,.T.);
#6465=EDGE_CURVE('',#4747,#5117,#2320,.T.);
#6466=EDGE_CURVE('',#5116,#5117,#4185,.T.);
#6467=EDGE_CURVE('',#4746,#5118,#2321,.T.);
#6468=EDGE_CURVE('',#5117,#5118,#2322,.T.);
#6469=EDGE_CURVE('',#4763,#5119,#2323,.T.);
#6470=EDGE_CURVE('',#5120,#5119,#4186,.T.);
#6471=EDGE_CURVE('',#4764,#5120,#2324,.T.);
#6472=EDGE_CURVE('',#4762,#5121,#2325,.T.);
#6473=EDGE_CURVE('',#5119,#5121,#2326,.T.);
#6474=EDGE_CURVE('',#4761,#5122,#2327,.T.);
#6475=EDGE_CURVE('',#5121,#5122,#4187,.T.);
#6476=EDGE_CURVE('',#4760,#5123,#2328,.T.);
#6477=EDGE_CURVE('',#5122,#5123,#2329,.T.);
#6478=EDGE_CURVE('',#4759,#5124,#2330,.T.);
#6479=EDGE_CURVE('',#5123,#5124,#4188,.T.);
#6480=EDGE_CURVE('',#4758,#5125,#2331,.T.);
#6481=EDGE_CURVE('',#5124,#5125,#2332,.T.);
#6482=EDGE_CURVE('',#5011,#5126,#2333,.T.);
#6483=EDGE_CURVE('',#5126,#5127,#4189,.T.);
#6484=EDGE_CURVE('',#5127,#5012,#2334,.T.);
#6485=EDGE_CURVE('',#5010,#5128,#2335,.T.);
#6486=EDGE_CURVE('',#5126,#5128,#2336,.T.);
#6487=EDGE_CURVE('',#5009,#5129,#2337,.T.);
#6488=EDGE_CURVE('',#5128,#5129,#4190,.T.);
#6489=EDGE_CURVE('',#5008,#5130,#2338,.T.);
#6490=EDGE_CURVE('',#5129,#5130,#2339,.T.);
#6491=EDGE_CURVE('',#5130,#5035,#4191,.T.);
#6492=EDGE_CURVE('',#4777,#5074,#2340,.T.);
#6493=EDGE_CURVE('',#4776,#5075,#2341,.T.);
#6494=EDGE_CURVE('',#4775,#5076,#2342,.T.);
#6495=EDGE_CURVE('',#4774,#5069,#2343,.T.);
#6496=EDGE_CURVE('',#4786,#5131,#2344,.T.);
#6497=EDGE_CURVE('',#5132,#5131,#4192,.T.);
#6498=EDGE_CURVE('',#4787,#5132,#2345,.T.);
#6499=EDGE_CURVE('',#4785,#5133,#2346,.T.);
#6500=EDGE_CURVE('',#5131,#5133,#2347,.T.);
#6501=EDGE_CURVE('',#4784,#5134,#2348,.T.);
#6502=EDGE_CURVE('',#5133,#5134,#4193,.T.);
#6503=EDGE_CURVE('',#4783,#5135,#2349,.T.);
#6504=EDGE_CURVE('',#5134,#5135,#2350,.T.);
#6505=EDGE_CURVE('',#4782,#5136,#2351,.T.);
#6506=EDGE_CURVE('',#5135,#5136,#4194,.T.);
#6507=EDGE_CURVE('',#4781,#5137,#2352,.T.);
#6508=EDGE_CURVE('',#5136,#5137,#2353,.T.);
#6509=EDGE_CURVE('',#4798,#5138,#2354,.T.);
#6510=EDGE_CURVE('',#5139,#5138,#4195,.T.);
#6511=EDGE_CURVE('',#4799,#5139,#2355,.T.);
#6512=EDGE_CURVE('',#4797,#5140,#2356,.T.);
#6513=EDGE_CURVE('',#5138,#5140,#2357,.T.);
#6514=EDGE_CURVE('',#4796,#5141,#2358,.T.);
#6515=EDGE_CURVE('',#5140,#5141,#4196,.T.);
#6516=EDGE_CURVE('',#4795,#5142,#2359,.T.);
#6517=EDGE_CURVE('',#5141,#5142,#2360,.T.);
#6518=EDGE_CURVE('',#4794,#5143,#2361,.T.);
#6519=EDGE_CURVE('',#5142,#5143,#4197,.T.);
#6520=EDGE_CURVE('',#4793,#5144,#2362,.T.);
#6521=EDGE_CURVE('',#5143,#5144,#2363,.T.);
#6522=EDGE_CURVE('',#5145,#5058,#2364,.T.);
#6523=EDGE_CURVE('',#4810,#5145,#2365,.T.);
#6524=EDGE_CURVE('',#4823,#5146,#2366,.T.);
#6525=EDGE_CURVE('',#5146,#5147,#4198,.T.);
#6526=EDGE_CURVE('',#5147,#4824,#2367,.T.);
#6527=EDGE_CURVE('',#5148,#4822,#2368,.T.);
#6528=EDGE_CURVE('',#5146,#5148,#4199,.T.);
#6529=EDGE_CURVE('',#4821,#5149,#2369,.T.);
#6530=EDGE_CURVE('',#5148,#5149,#4200,.F.);
#6531=EDGE_CURVE('',#5150,#4820,#2370,.T.);
#6532=EDGE_CURVE('',#5149,#5150,#4201,.T.);
#6533=EDGE_CURVE('',#4819,#5151,#2371,.T.);
#6534=EDGE_CURVE('',#5151,#5150,#4202,.T.);
#6535=EDGE_CURVE('',#4833,#5152,#2372,.T.);
#6536=EDGE_CURVE('',#5153,#5152,#2373,.T.);
#6537=EDGE_CURVE('',#4834,#5153,#2374,.T.);
#6538=EDGE_CURVE('',#5154,#4832,#2375,.T.);
#6539=EDGE_CURVE('',#5152,#5154,#4203,.T.);
#6540=EDGE_CURVE('',#4831,#5155,#2376,.T.);
#6541=EDGE_CURVE('',#5155,#5154,#4204,.T.);
#6542=EDGE_CURVE('',#5156,#4830,#2377,.T.);
#6543=EDGE_CURVE('',#5156,#4466,#2378,.T.);
#6544=EDGE_CURVE('',#5157,#4465,#2379,.T.);
#6545=EDGE_CURVE('',#5157,#5158,#2380,.T.);
#6546=EDGE_CURVE('',#5158,#5155,#2381,.T.);
#6547=EDGE_CURVE('',#4829,#5159,#2382,.T.);
#6548=EDGE_CURVE('',#5159,#5156,#4205,.T.);
#6549=EDGE_CURVE('',#5160,#4828,#2383,.T.);
#6550=EDGE_CURVE('',#5159,#5160,#2384,.T.);
#6551=EDGE_CURVE('',#4844,#5161,#2385,.T.);
#6552=EDGE_CURVE('',#5162,#5161,#4206,.T.);
#6553=EDGE_CURVE('',#4845,#5162,#2386,.T.);
#6554=EDGE_CURVE('',#4843,#5163,#2387,.T.);
#6555=EDGE_CURVE('',#5161,#5163,#2388,.T.);
#6556=EDGE_CURVE('',#4842,#5164,#2389,.T.);
#6557=EDGE_CURVE('',#5163,#5164,#4207,.T.);
#6558=EDGE_CURVE('',#4841,#5165,#2390,.T.);
#6559=EDGE_CURVE('',#5164,#5165,#2391,.T.);
#6560=EDGE_CURVE('',#4840,#5166,#2392,.T.);
#6561=EDGE_CURVE('',#5165,#5166,#4208,.T.);
#6562=EDGE_CURVE('',#4839,#5167,#2393,.T.);
#6563=EDGE_CURVE('',#5166,#5167,#2394,.T.);
#6564=EDGE_CURVE('',#4853,#5168,#2395,.T.);
#6565=EDGE_CURVE('',#5169,#5168,#2396,.T.);
#6566=EDGE_CURVE('',#4854,#5169,#2397,.T.);
#6567=EDGE_CURVE('',#4852,#5170,#2398,.T.);
#6568=EDGE_CURVE('',#5168,#5170,#4209,.T.);
#6569=EDGE_CURVE('',#5170,#5049,#2399,.T.);
#6570=EDGE_CURVE('',#4877,#5171,#2400,.T.);
#6571=EDGE_CURVE('',#5172,#5171,#4210,.T.);
#6572=EDGE_CURVE('',#4878,#5172,#2401,.T.);
#6573=EDGE_CURVE('',#4876,#5173,#2402,.T.);
#6574=EDGE_CURVE('',#5171,#5173,#2403,.T.);
#6575=EDGE_CURVE('',#4875,#5174,#2404,.T.);
#6576=EDGE_CURVE('',#5173,#5174,#4211,.T.);
#6577=EDGE_CURVE('',#4874,#5175,#2405,.T.);
#6578=EDGE_CURVE('',#5174,#5175,#2406,.T.);
#6579=EDGE_CURVE('',#4873,#5176,#2407,.T.);
#6580=EDGE_CURVE('',#5175,#5176,#4212,.T.);
#6581=EDGE_CURVE('',#4872,#5177,#2408,.T.);
#6582=EDGE_CURVE('',#5176,#5177,#2409,.T.);
#6583=EDGE_CURVE('',#4890,#5178,#2410,.T.);
#6584=EDGE_CURVE('',#5179,#5178,#2411,.T.);
#6585=EDGE_CURVE('',#4891,#5179,#2412,.T.);
#6586=EDGE_CURVE('',#5180,#4889,#2413,.T.);
#6587=EDGE_CURVE('',#5178,#5180,#4213,.T.);
#6588=EDGE_CURVE('',#4888,#5181,#2414,.T.);
#6589=EDGE_CURVE('',#5181,#5180,#4214,.T.);
#6590=EDGE_CURVE('',#5182,#4887,#2415,.T.);
#6591=EDGE_CURVE('',#5181,#5182,#4215,.T.);
#6592=EDGE_CURVE('',#4886,#5183,#2416,.T.);
#6593=EDGE_CURVE('',#5183,#5182,#4216,.T.);
#6594=EDGE_CURVE('',#4885,#5184,#2417,.T.);
#6595=EDGE_CURVE('',#5183,#5184,#4217,.T.);
#6596=EDGE_CURVE('',#4884,#5185,#2418,.T.);
#6597=EDGE_CURVE('',#5184,#5185,#2419,.T.);
#6598=EDGE_CURVE('',#4903,#5186,#2420,.T.);
#6599=EDGE_CURVE('',#5187,#5186,#4218,.T.);
#6600=EDGE_CURVE('',#4904,#5187,#2421,.T.);
#6601=EDGE_CURVE('',#4902,#5188,#2422,.T.);
#6602=EDGE_CURVE('',#5186,#5188,#2423,.T.);
#6603=EDGE_CURVE('',#4901,#5189,#2424,.T.);
#6604=EDGE_CURVE('',#5188,#5189,#4219,.T.);
#6605=EDGE_CURVE('',#4900,#5190,#2425,.T.);
#6606=EDGE_CURVE('',#5189,#5190,#2426,.T.);
#6607=EDGE_CURVE('',#4899,#5191,#2427,.T.);
#6608=EDGE_CURVE('',#5190,#5191,#4220,.T.);
#6609=EDGE_CURVE('',#4898,#5192,#2428,.T.);
#6610=EDGE_CURVE('',#5191,#5192,#2429,.T.);
#6611=EDGE_CURVE('',#4915,#5193,#2430,.T.);
#6612=EDGE_CURVE('',#5194,#5193,#4221,.T.);
#6613=EDGE_CURVE('',#4916,#5194,#2431,.T.);
#6614=EDGE_CURVE('',#4914,#5195,#2432,.T.);
#6615=EDGE_CURVE('',#5193,#5195,#2433,.T.);
#6616=EDGE_CURVE('',#4913,#5196,#2434,.T.);
#6617=EDGE_CURVE('',#5195,#5196,#4222,.T.);
#6618=EDGE_CURVE('',#4912,#5197,#2435,.T.);
#6619=EDGE_CURVE('',#5196,#5197,#2436,.T.);
#6620=EDGE_CURVE('',#4911,#5198,#2437,.T.);
#6621=EDGE_CURVE('',#5197,#5198,#4223,.T.);
#6622=EDGE_CURVE('',#4910,#5199,#2438,.T.);
#6623=EDGE_CURVE('',#5198,#5199,#2439,.T.);
#6624=EDGE_CURVE('',#4927,#5200,#2440,.T.);
#6625=EDGE_CURVE('',#5201,#5200,#4224,.T.);
#6626=EDGE_CURVE('',#4928,#5201,#2441,.T.);
#6627=EDGE_CURVE('',#5200,#5041,#2442,.T.);
#6628=EDGE_CURVE('',#5202,#4938,#2443,.T.);
#6629=EDGE_CURVE('',#5203,#5202,#2444,.T.);
#6630=EDGE_CURVE('',#4939,#5203,#2445,.T.);
#6631=EDGE_CURVE('',#4937,#5204,#2446,.T.);
#6632=EDGE_CURVE('',#5204,#5202,#4225,.T.);
#6633=EDGE_CURVE('',#4936,#5205,#2447,.T.);
#6634=EDGE_CURVE('',#5204,#5205,#2448,.T.);
#6635=EDGE_CURVE('',#4935,#5206,#2449,.T.);
#6636=EDGE_CURVE('',#5205,#5206,#4226,.T.);
#6637=EDGE_CURVE('',#4934,#5207,#2450,.T.);
#6638=EDGE_CURVE('',#5206,#5207,#2451,.T.);
#6639=EDGE_CURVE('',#5208,#5045,#2452,.T.);
#6640=EDGE_CURVE('',#4949,#5208,#2453,.T.);
#6641=EDGE_CURVE('',#5209,#4958,#2454,.T.);
#6642=EDGE_CURVE('',#5210,#5209,#2455,.T.);
#6643=EDGE_CURVE('',#4959,#5210,#2456,.T.);
#6644=EDGE_CURVE('',#4957,#5211,#2457,.T.);
#6645=EDGE_CURVE('',#5211,#5209,#4227,.T.);
#6646=EDGE_CURVE('',#4956,#5212,#2458,.T.);
#6647=EDGE_CURVE('',#5211,#5212,#2459,.T.);
#6648=EDGE_CURVE('',#4955,#5213,#2460,.T.);
#6649=EDGE_CURVE('',#5212,#5213,#4228,.T.);
#6650=EDGE_CURVE('',#4954,#5214,#2461,.T.);
#6651=EDGE_CURVE('',#5213,#5214,#2462,.T.);
#6652=EDGE_CURVE('',#5215,#4968,#2463,.T.);
#6653=EDGE_CURVE('',#5216,#5215,#2464,.T.);
#6654=EDGE_CURVE('',#4969,#5216,#2465,.T.);
#6655=EDGE_CURVE('',#4967,#5217,#2466,.T.);
#6656=EDGE_CURVE('',#5217,#5215,#4229,.T.);
#6657=EDGE_CURVE('',#4966,#5218,#2467,.T.);
#6658=EDGE_CURVE('',#5217,#5218,#2468,.T.);
#6659=EDGE_CURVE('',#4965,#5219,#2469,.T.);
#6660=EDGE_CURVE('',#5218,#5219,#4230,.T.);
#6661=EDGE_CURVE('',#4964,#5220,#2470,.T.);
#6662=EDGE_CURVE('',#5219,#5220,#2471,.T.);
#6663=EDGE_CURVE('',#4977,#5221,#2472,.T.);
#6664=EDGE_CURVE('',#5222,#5221,#2473,.T.);
#6665=EDGE_CURVE('',#4978,#5222,#2474,.T.);
#6666=EDGE_CURVE('',#4976,#5223,#2475,.T.);
#6667=EDGE_CURVE('',#5221,#5223,#4231,.T.);
#6668=EDGE_CURVE('',#5224,#4975,#2476,.T.);
#6669=EDGE_CURVE('',#5223,#5224,#2477,.T.);
#6670=EDGE_CURVE('',#4974,#5225,#2478,.T.);
#6671=EDGE_CURVE('',#5225,#5224,#4232,.T.);
#6672=EDGE_CURVE('',#4987,#5226,#2479,.T.);
#6673=EDGE_CURVE('',#5227,#5226,#2480,.T.);
#6674=EDGE_CURVE('',#4988,#5227,#2481,.T.);
#6675=EDGE_CURVE('',#4986,#5228,#2482,.T.);
#6676=EDGE_CURVE('',#5226,#5228,#4233,.T.);
#6677=EDGE_CURVE('',#4985,#5229,#2483,.T.);
#6678=EDGE_CURVE('',#5228,#5229,#2484,.T.);
#6679=EDGE_CURVE('',#4984,#5230,#2485,.T.);
#6680=EDGE_CURVE('',#5229,#5230,#4234,.T.);
#6681=EDGE_CURVE('',#4983,#5231,#2486,.T.);
#6682=EDGE_CURVE('',#5230,#5231,#2487,.T.);
#6683=EDGE_CURVE('',#4982,#5232,#2488,.T.);
#6684=EDGE_CURVE('',#5231,#5232,#4235,.T.);
#6685=EDGE_CURVE('',#4999,#5233,#2489,.T.);
#6686=EDGE_CURVE('',#5234,#5233,#4236,.T.);
#6687=EDGE_CURVE('',#5000,#5234,#2490,.T.);
#6688=EDGE_CURVE('',#4998,#5235,#2491,.T.);
#6689=EDGE_CURVE('',#5233,#5235,#2492,.T.);
#6690=EDGE_CURVE('',#4997,#5236,#2493,.T.);
#6691=EDGE_CURVE('',#5235,#5236,#4237,.T.);
#6692=EDGE_CURVE('',#4996,#5237,#2494,.T.);
#6693=EDGE_CURVE('',#5236,#5237,#2495,.T.);
#6694=EDGE_CURVE('',#4995,#5238,#2496,.T.);
#6695=EDGE_CURVE('',#5237,#5238,#4238,.T.);
#6696=EDGE_CURVE('',#4994,#5239,#2497,.T.);
#6697=EDGE_CURVE('',#5238,#5239,#2498,.T.);
#6698=EDGE_CURVE('',#5240,#5240,#4239,.T.);
#6699=EDGE_CURVE('',#5241,#5241,#4240,.T.);
#6700=EDGE_CURVE('',#5242,#5242,#4241,.T.);
#6701=EDGE_CURVE('',#5243,#5243,#4242,.T.);
#6702=EDGE_CURVE('',#4618,#5244,#2499,.T.);
#6703=EDGE_CURVE('',#5245,#5244,#2500,.T.);
#6704=EDGE_CURVE('',#4619,#5245,#2501,.T.);
#6705=EDGE_CURVE('',#5246,#5247,#2502,.T.);
#6706=EDGE_CURVE('',#5248,#5247,#2503,.T.);
#6707=EDGE_CURVE('',#5249,#5248,#2504,.T.);
#6708=EDGE_CURVE('',#5249,#5246,#2505,.T.);
#6709=EDGE_CURVE('',#5247,#5250,#4243,.T.);
#6710=EDGE_CURVE('',#5250,#5251,#2506,.T.);
#6711=EDGE_CURVE('',#5251,#5248,#4244,.T.);
#6712=EDGE_CURVE('',#5250,#5252,#2507,.T.);
#6713=EDGE_CURVE('',#5253,#5252,#2508,.T.);
#6714=EDGE_CURVE('',#5251,#5253,#2509,.T.);
#6715=EDGE_CURVE('',#5254,#5255,#2510,.T.);
#6716=EDGE_CURVE('',#5256,#5255,#2511,.T.);
#6717=EDGE_CURVE('',#5257,#5256,#2512,.T.);
#6718=EDGE_CURVE('',#5257,#5254,#2513,.T.);
#6719=EDGE_CURVE('',#5258,#5259,#2514,.T.);
#6720=EDGE_CURVE('',#5260,#5259,#2515,.T.);
#6721=EDGE_CURVE('',#5261,#5260,#2516,.T.);
#6722=EDGE_CURVE('',#5261,#5258,#2517,.T.);
#6723=EDGE_CURVE('',#5262,#4981,#2518,.T.);
#6724=EDGE_CURVE('',#5262,#5263,#2519,.T.);
#6725=EDGE_CURVE('',#5264,#5263,#2520,.T.);
#6726=EDGE_CURVE('',#4597,#5264,#2521,.T.);
#6727=EDGE_CURVE('',#4596,#5225,#2522,.T.);
#6728=EDGE_CURVE('',#5265,#5265,#4245,.T.);
#6729=EDGE_CURVE('',#5265,#5266,#2523,.T.);
#6730=EDGE_CURVE('',#5266,#5266,#4246,.T.);
#6731=EDGE_CURVE('',#5267,#5267,#4247,.T.);
#6732=EDGE_CURVE('',#5266,#5268,#2524,.T.);
#6733=EDGE_CURVE('',#5268,#5268,#4248,.T.);
#6734=EDGE_CURVE('',#5267,#5269,#2525,.T.);
#6735=EDGE_CURVE('',#5269,#5269,#4249,.T.);
#6736=EDGE_CURVE('',#5269,#5080,#2526,.T.);
#6737=EDGE_CURVE('',#5270,#5270,#4250,.T.);
#6738=EDGE_CURVE('',#5270,#5271,#2527,.T.);
#6739=EDGE_CURVE('',#5271,#5271,#4251,.T.);
#6740=EDGE_CURVE('',#5272,#5272,#4252,.T.);
#6741=EDGE_CURVE('',#5271,#5273,#2528,.T.);
#6742=EDGE_CURVE('',#5273,#5273,#4253,.T.);
#6743=EDGE_CURVE('',#5272,#5274,#2529,.T.);
#6744=EDGE_CURVE('',#5274,#5274,#4254,.T.);
#6745=EDGE_CURVE('',#5274,#5081,#2530,.T.);
#6746=EDGE_CURVE('',#5275,#5275,#4255,.T.);
#6747=EDGE_CURVE('',#5275,#5276,#2531,.T.);
#6748=EDGE_CURVE('',#5276,#5276,#4256,.T.);
#6749=EDGE_CURVE('',#5277,#5277,#4257,.T.);
#6750=EDGE_CURVE('',#5276,#5278,#2532,.T.);
#6751=EDGE_CURVE('',#5278,#5278,#4258,.T.);
#6752=EDGE_CURVE('',#5277,#5279,#2533,.T.);
#6753=EDGE_CURVE('',#5279,#5279,#4259,.T.);
#6754=EDGE_CURVE('',#5279,#5079,#2534,.T.);
#6755=EDGE_CURVE('',#5280,#5280,#4260,.T.);
#6756=EDGE_CURVE('',#5280,#5281,#2535,.T.);
#6757=EDGE_CURVE('',#5281,#5281,#4261,.T.);
#6758=EDGE_CURVE('',#5282,#5282,#4262,.T.);
#6759=EDGE_CURVE('',#5281,#5078,#2536,.T.);
#6760=EDGE_CURVE('',#5282,#5283,#2537,.T.);
#6761=EDGE_CURVE('',#5283,#5283,#4263,.T.);
#6762=EDGE_CURVE('',#5283,#5284,#2538,.T.);
#6763=EDGE_CURVE('',#5284,#5284,#4264,.T.);
#6764=EDGE_CURVE('',#5285,#5285,#4265,.T.);
#6765=EDGE_CURVE('',#5285,#5286,#2539,.T.);
#6766=EDGE_CURVE('',#5286,#5286,#4266,.T.);
#6767=EDGE_CURVE('',#5287,#5287,#4267,.T.);
#6768=EDGE_CURVE('',#5286,#5288,#2540,.T.);
#6769=EDGE_CURVE('',#5288,#5288,#4268,.T.);
#6770=EDGE_CURVE('',#5287,#5289,#2541,.T.);
#6771=EDGE_CURVE('',#5289,#5289,#4269,.T.);
#6772=EDGE_CURVE('',#5289,#5077,#2542,.T.);
#6773=EDGE_CURVE('',#5259,#5061,#4270,.T.);
#6774=EDGE_CURVE('',#5064,#5260,#4271,.T.);
#6775=EDGE_CURVE('',#4933,#5290,#2543,.T.);
#6776=EDGE_CURVE('',#5290,#5059,#4272,.T.);
#6777=EDGE_CURVE('',#4932,#5291,#2544,.T.);
#6778=EDGE_CURVE('',#5290,#5291,#2545,.T.);
#6779=EDGE_CURVE('',#5127,#5292,#2546,.T.);
#6780=EDGE_CURVE('',#5293,#5292,#2547,.T.);
#6781=EDGE_CURVE('',#5294,#5293,#2548,.T.);
#6782=EDGE_CURVE('',#5294,#5295,#2549,.T.);
#6783=EDGE_CURVE('',#5295,#5036,#2550,.T.);
#6784=EDGE_CURVE('',#4733,#5296,#2551,.T.);
#6785=EDGE_CURVE('',#5103,#5296,#4273,.F.);
#6786=EDGE_CURVE('',#4732,#5297,#2552,.T.);
#6787=EDGE_CURVE('',#5296,#5297,#2553,.T.);
#6788=EDGE_CURVE('',#4710,#5298,#2554,.T.);
#6789=EDGE_CURVE('',#5298,#5090,#4274,.T.);
#6790=EDGE_CURVE('',#5299,#5083,#4275,.T.);
#6791=EDGE_CURVE('',#4704,#5299,#2555,.T.);
#6792=EDGE_CURVE('',#5299,#5300,#4276,.T.);
#6793=EDGE_CURVE('',#5300,#4705,#2556,.T.);
#6794=EDGE_CURVE('',#4724,#5301,#2557,.T.);
#6795=EDGE_CURVE('',#5301,#5098,#4277,.T.);
#6796=EDGE_CURVE('',#5216,#5302,#4278,.T.);
#6797=EDGE_CURVE('',#5302,#4970,#2558,.T.);
#6798=EDGE_CURVE('',#5203,#5303,#4279,.T.);
#6799=EDGE_CURVE('',#5303,#4940,#2559,.T.);
#6800=EDGE_CURVE('',#4980,#5304,#2560,.T.);
#6801=EDGE_CURVE('',#5262,#5304,#4280,.F.);
#6802=EDGE_CURVE('',#4979,#5305,#2561,.T.);
#6803=EDGE_CURVE('',#5304,#5305,#2562,.T.);
#6804=EDGE_CURVE('',#4812,#5306,#2563,.T.);
#6805=EDGE_CURVE('',#5306,#5307,#4281,.T.);
#6806=EDGE_CURVE('',#5307,#4813,#2564,.T.);
#6807=EDGE_CURVE('',#5308,#5307,#4282,.T.);
#6808=EDGE_CURVE('',#4814,#5308,#2565,.T.);
#6809=EDGE_CURVE('',#5145,#5309,#4283,.T.);
#6810=EDGE_CURVE('',#5309,#4811,#2566,.T.);
#6811=EDGE_CURVE('',#5310,#5158,#2567,.T.);
#6812=EDGE_CURVE('',#5311,#5157,#2568,.T.);
#6813=EDGE_CURVE('',#5311,#5310,#2569,.T.);
#6814=EDGE_CURVE('',#4857,#5312,#2570,.T.);
#6815=EDGE_CURVE('',#5312,#5065,#4284,.T.);
#6816=EDGE_CURVE('',#4856,#5313,#2571,.T.);
#6817=EDGE_CURVE('',#5312,#5313,#4285,.T.);
#6818=EDGE_CURVE('',#4827,#5314,#2572,.T.);
#6819=EDGE_CURVE('',#5151,#5314,#2573,.T.);
#6820=EDGE_CURVE('',#4838,#5315,#2574,.T.);
#6821=EDGE_CURVE('',#5315,#5160,#4286,.T.);
#6822=EDGE_CURVE('',#4837,#5316,#2575,.T.);
#6823=EDGE_CURVE('',#5315,#5316,#2576,.T.);
#6824=EDGE_CURVE('',#5210,#5317,#4287,.T.);
#6825=EDGE_CURVE('',#5317,#4960,#2577,.T.);
#6826=EDGE_CURVE('',#5208,#5318,#4288,.T.);
#6827=EDGE_CURVE('',#5318,#4950,#2578,.T.);
#6828=EDGE_CURVE('',#4440,#4452,#2579,.T.);
#6829=EDGE_CURVE('',#5319,#4464,#4289,.T.);
#6830=EDGE_CURVE('',#4584,#5319,#2580,.T.);
#6831=EDGE_CURVE('',#5264,#5261,#4290,.T.);
#6832=EDGE_CURVE('',#5063,#5311,#4291,.T.);
#6833=EDGE_CURVE('',#5320,#5300,#4292,.T.);
#6834=EDGE_CURVE('',#4706,#5320,#2581,.T.);
#6835=EDGE_CURVE('',#5005,#5321,#2582,.T.);
#6836=EDGE_CURVE('',#5239,#5321,#4293,.T.);
#6837=EDGE_CURVE('',#5004,#5322,#2583,.T.);
#6838=EDGE_CURVE('',#5321,#5322,#2584,.T.);
#6839=EDGE_CURVE('',#5003,#5323,#2585,.T.);
#6840=EDGE_CURVE('',#5322,#5323,#4294,.T.);
#6841=EDGE_CURVE('',#5002,#5324,#2586,.T.);
#6842=EDGE_CURVE('',#5323,#5324,#2587,.T.);
#6843=EDGE_CURVE('',#5001,#5325,#2588,.T.);
#6844=EDGE_CURVE('',#5324,#5325,#4295,.T.);
#6845=EDGE_CURVE('',#5325,#5234,#2589,.T.);
#6846=EDGE_CURVE('',#4993,#5326,#2590,.T.);
#6847=EDGE_CURVE('',#5232,#5326,#2591,.T.);
#6848=EDGE_CURVE('',#4992,#5327,#2592,.T.);
#6849=EDGE_CURVE('',#5326,#5327,#4296,.T.);
#6850=EDGE_CURVE('',#4991,#5328,#2593,.T.);
#6851=EDGE_CURVE('',#5327,#5328,#2594,.T.);
#6852=EDGE_CURVE('',#4990,#5329,#2595,.T.);
#6853=EDGE_CURVE('',#5328,#5329,#4297,.T.);
#6854=EDGE_CURVE('',#4989,#5330,#2596,.T.);
#6855=EDGE_CURVE('',#5329,#5330,#2597,.T.);
#6856=EDGE_CURVE('',#5330,#5227,#4298,.T.);
#6857=EDGE_CURVE('',#5305,#5222,#4299,.T.);
#6858=EDGE_CURVE('',#4973,#5331,#2598,.T.);
#6859=EDGE_CURVE('',#5220,#5331,#4300,.T.);
#6860=EDGE_CURVE('',#4972,#5332,#2599,.T.);
#6861=EDGE_CURVE('',#5331,#5332,#2600,.T.);
#6862=EDGE_CURVE('',#4971,#5333,#2601,.T.);
#6863=EDGE_CURVE('',#5332,#5333,#4301,.T.);
#6864=EDGE_CURVE('',#5333,#5302,#2602,.T.);
#6865=EDGE_CURVE('',#4963,#5334,#2603,.T.);
#6866=EDGE_CURVE('',#5214,#5334,#4302,.T.);
#6867=EDGE_CURVE('',#4962,#5335,#2604,.T.);
#6868=EDGE_CURVE('',#5334,#5335,#2605,.T.);
#6869=EDGE_CURVE('',#4961,#5336,#2606,.T.);
#6870=EDGE_CURVE('',#5335,#5336,#4303,.T.);
#6871=EDGE_CURVE('',#5336,#5317,#2607,.T.);
#6872=EDGE_CURVE('',#4953,#5337,#2608,.T.);
#6873=EDGE_CURVE('',#5060,#5337,#4304,.T.);
#6874=EDGE_CURVE('',#4952,#5338,#2609,.T.);
#6875=EDGE_CURVE('',#5337,#5338,#2610,.T.);
#6876=EDGE_CURVE('',#4951,#5339,#2611,.T.);
#6877=EDGE_CURVE('',#5338,#5339,#4305,.T.);
#6878=EDGE_CURVE('',#5339,#5318,#2612,.T.);
#6879=EDGE_CURVE('',#4943,#5340,#2613,.T.);
#6880=EDGE_CURVE('',#5207,#5340,#4306,.T.);
#6881=EDGE_CURVE('',#4942,#5341,#2614,.T.);
#6882=EDGE_CURVE('',#5340,#5341,#2615,.T.);
#6883=EDGE_CURVE('',#4941,#5342,#2616,.T.);
#6884=EDGE_CURVE('',#5341,#5342,#4307,.T.);
#6885=EDGE_CURVE('',#5342,#5303,#2617,.T.);
#6886=EDGE_CURVE('',#4931,#5343,#2618,.T.);
#6887=EDGE_CURVE('',#5291,#5343,#4308,.T.);
#6888=EDGE_CURVE('',#4930,#5344,#2619,.T.);
#6889=EDGE_CURVE('',#5343,#5344,#2620,.T.);
#6890=EDGE_CURVE('',#4929,#5345,#2621,.T.);
#6891=EDGE_CURVE('',#5344,#5345,#4309,.T.);
#6892=EDGE_CURVE('',#5345,#5201,#2622,.T.);
#6893=EDGE_CURVE('',#4921,#5346,#2623,.T.);
#6894=EDGE_CURVE('',#5199,#5346,#4310,.T.);
#6895=EDGE_CURVE('',#4920,#5347,#2624,.T.);
#6896=EDGE_CURVE('',#5346,#5347,#2625,.T.);
#6897=EDGE_CURVE('',#4919,#5348,#2626,.T.);
#6898=EDGE_CURVE('',#5347,#5348,#4311,.T.);
#6899=EDGE_CURVE('',#4918,#5349,#2627,.T.);
#6900=EDGE_CURVE('',#5348,#5349,#2628,.T.);
#6901=EDGE_CURVE('',#4917,#5350,#2629,.T.);
#6902=EDGE_CURVE('',#5349,#5350,#4312,.T.);
#6903=EDGE_CURVE('',#5350,#5194,#2630,.T.);
#6904=EDGE_CURVE('',#4909,#5351,#2631,.T.);
#6905=EDGE_CURVE('',#5192,#5351,#4313,.T.);
#6906=EDGE_CURVE('',#4908,#5352,#2632,.T.);
#6907=EDGE_CURVE('',#5351,#5352,#2633,.T.);
#6908=EDGE_CURVE('',#4907,#5353,#2634,.T.);
#6909=EDGE_CURVE('',#5352,#5353,#4314,.T.);
#6910=EDGE_CURVE('',#4906,#5354,#2635,.T.);
#6911=EDGE_CURVE('',#5353,#5354,#2636,.T.);
#6912=EDGE_CURVE('',#4905,#5355,#2637,.T.);
#6913=EDGE_CURVE('',#5354,#5355,#4315,.T.);
#6914=EDGE_CURVE('',#5355,#5187,#2638,.T.);
#6915=EDGE_CURVE('',#4897,#5356,#2639,.T.);
#6916=EDGE_CURVE('',#5185,#5356,#4316,.T.);
#6917=EDGE_CURVE('',#4896,#5357,#2640,.T.);
#6918=EDGE_CURVE('',#5356,#5357,#2641,.T.);
#6919=EDGE_CURVE('',#4895,#5358,#2642,.T.);
#6920=EDGE_CURVE('',#5357,#5358,#4317,.T.);
#6921=EDGE_CURVE('',#4894,#5359,#2643,.T.);
#6922=EDGE_CURVE('',#5358,#5359,#2644,.T.);
#6923=EDGE_CURVE('',#4893,#5360,#2645,.T.);
#6924=EDGE_CURVE('',#5359,#5360,#4318,.T.);
#6925=EDGE_CURVE('',#4892,#5361,#2646,.T.);
#6926=EDGE_CURVE('',#5360,#5361,#2647,.T.);
#6927=EDGE_CURVE('',#5361,#5179,#4319,.T.);
#6928=EDGE_CURVE('',#4883,#5362,#2648,.T.);
#6929=EDGE_CURVE('',#5177,#5362,#4320,.T.);
#6930=EDGE_CURVE('',#4882,#5363,#2649,.T.);
#6931=EDGE_CURVE('',#5362,#5363,#2650,.T.);
#6932=EDGE_CURVE('',#4881,#5364,#2651,.T.);
#6933=EDGE_CURVE('',#5363,#5364,#4321,.T.);
#6934=EDGE_CURVE('',#4880,#5365,#2652,.T.);
#6935=EDGE_CURVE('',#5364,#5365,#2653,.T.);
#6936=EDGE_CURVE('',#4879,#5366,#2654,.T.);
#6937=EDGE_CURVE('',#5365,#5366,#4322,.T.);
#6938=EDGE_CURVE('',#5366,#5172,#2655,.T.);
#6939=EDGE_CURVE('',#4871,#5367,#2656,.T.);
#6940=EDGE_CURVE('',#5067,#5367,#4323,.T.);
#6941=EDGE_CURVE('',#4870,#5368,#2657,.T.);
#6942=EDGE_CURVE('',#5367,#5368,#2658,.T.);
#6943=EDGE_CURVE('',#4869,#5369,#2659,.T.);
#6944=EDGE_CURVE('',#5368,#5369,#4324,.T.);
#6945=EDGE_CURVE('',#4868,#5370,#2660,.T.);
#6946=EDGE_CURVE('',#5369,#5370,#2661,.T.);
#6947=EDGE_CURVE('',#4867,#5371,#2662,.T.);
#6948=EDGE_CURVE('',#5370,#5371,#4325,.T.);
#6949=EDGE_CURVE('',#5371,#5053,#2663,.T.);
#6950=EDGE_CURVE('',#4855,#5372,#2664,.T.);
#6951=EDGE_CURVE('',#5313,#5372,#2665,.T.);
#6952=EDGE_CURVE('',#5372,#5169,#4326,.T.);
#6953=EDGE_CURVE('',#4850,#5373,#2666,.T.);
#6954=EDGE_CURVE('',#5167,#5373,#4327,.T.);
#6955=EDGE_CURVE('',#4849,#5374,#2667,.T.);
#6956=EDGE_CURVE('',#5373,#5374,#2668,.T.);
#6957=EDGE_CURVE('',#4848,#5375,#2669,.T.);
#6958=EDGE_CURVE('',#5374,#5375,#4328,.T.);
#6959=EDGE_CURVE('',#4847,#5376,#2670,.T.);
#6960=EDGE_CURVE('',#5375,#5376,#2671,.T.);
#6961=EDGE_CURVE('',#4846,#5377,#2672,.T.);
#6962=EDGE_CURVE('',#5376,#5377,#4329,.T.);
#6963=EDGE_CURVE('',#5377,#5162,#2673,.T.);
#6964=EDGE_CURVE('',#4835,#5378,#2674,.T.);
#6965=EDGE_CURVE('',#5379,#5378,#2675,.T.);
#6966=EDGE_CURVE('',#4836,#5379,#2676,.T.);
#6967=EDGE_CURVE('',#5378,#5153,#4330,.T.);
#6968=EDGE_CURVE('',#5316,#5379,#4331,.T.);
#6969=EDGE_CURVE('',#4826,#5380,#2677,.T.);
#6970=EDGE_CURVE('',#5314,#5380,#4332,.T.);
#6971=EDGE_CURVE('',#4825,#5381,#2678,.T.);
#6972=EDGE_CURVE('',#5380,#5381,#2679,.T.);
#6973=EDGE_CURVE('',#5381,#5147,#4333,.T.);
#6974=EDGE_CURVE('',#4815,#5382,#2680,.T.);
#6975=EDGE_CURVE('',#5054,#5382,#4334,.T.);
#6976=EDGE_CURVE('',#5382,#5308,#2681,.T.);
#6977=EDGE_CURVE('',#5306,#5309,#4335,.T.);
#6978=EDGE_CURVE('',#4807,#5383,#2682,.T.);
#6979=EDGE_CURVE('',#5144,#5383,#4336,.T.);
#6980=EDGE_CURVE('',#4806,#5384,#2683,.T.);
#6981=EDGE_CURVE('',#5383,#5384,#2684,.T.);
#6982=EDGE_CURVE('',#5384,#5066,#4337,.T.);
#6983=EDGE_CURVE('',#4800,#5385,#2685,.T.);
#6984=EDGE_CURVE('',#5032,#5385,#4338,.T.);
#6985=EDGE_CURVE('',#5385,#5139,#2686,.T.);
#6986=EDGE_CURVE('',#4792,#5386,#2687,.T.);
#6987=EDGE_CURVE('',#5137,#5386,#4339,.T.);
#6988=EDGE_CURVE('',#4791,#5387,#2688,.T.);
#6989=EDGE_CURVE('',#5386,#5387,#2689,.T.);
#6990=EDGE_CURVE('',#4790,#5388,#2690,.T.);
#6991=EDGE_CURVE('',#5387,#5388,#4340,.T.);
#6992=EDGE_CURVE('',#4789,#5389,#2691,.T.);
#6993=EDGE_CURVE('',#5388,#5389,#2692,.T.);
#6994=EDGE_CURVE('',#4788,#5390,#2693,.T.);
#6995=EDGE_CURVE('',#5389,#5390,#4341,.T.);
#6996=EDGE_CURVE('',#5390,#5132,#2694,.T.);
#6997=EDGE_CURVE('',#4709,#5391,#2695,.T.);
#6998=EDGE_CURVE('',#5298,#5391,#4342,.T.);
#6999=EDGE_CURVE('',#4723,#5392,#2696,.T.);
#7000=EDGE_CURVE('',#5301,#5392,#4343,.T.);
#7001=EDGE_CURVE('',#5062,#5310,#4344,.T.);
#7002=EDGE_CURVE('',#5263,#5258,#4345,.T.);
#7003=EDGE_CURVE('',#5297,#5393,#4346,.T.);
#7004=EDGE_CURVE('',#5393,#5394,#2697,.T.);
#7005=EDGE_CURVE('',#5394,#5100,#4347,.T.);
#7006=EDGE_CURVE('',#5252,#5102,#4348,.T.);
#7007=EDGE_CURVE('',#5292,#5246,#4349,.T.);
#7008=EDGE_CURVE('',#5255,#5295,#4350,.T.);
#7009=EDGE_CURVE('',#5395,#5254,#2698,.T.);
#7010=EDGE_CURVE('',#5244,#5395,#4351,.T.);
#7011=EDGE_CURVE('',#4488,#4377,#2699,.T.);
#7012=EDGE_CURVE('',#4484,#4490,#2700,.T.);
#7013=EDGE_CURVE('',#4478,#4497,#4352,.T.);
#7014=EDGE_CURVE('',#4450,#4460,#2701,.T.);
#7015=EDGE_CURVE('',#5118,#5396,#4353,.T.);
#7016=EDGE_CURVE('',#5396,#5397,#2702,.T.);
#7017=EDGE_CURVE('',#5397,#5398,#4354,.T.);
#7018=EDGE_CURVE('',#5398,#5399,#2703,.T.);
#7019=EDGE_CURVE('',#5399,#5400,#4355,.T.);
#7020=EDGE_CURVE('',#5400,#5113,#2704,.T.);
#7021=EDGE_CURVE('',#5111,#5401,#4356,.T.);
#7022=EDGE_CURVE('',#5401,#5402,#2705,.T.);
#7023=EDGE_CURVE('',#5402,#5403,#4357,.T.);
#7024=EDGE_CURVE('',#5403,#5404,#2706,.T.);
#7025=EDGE_CURVE('',#5404,#5405,#4358,.T.);
#7026=EDGE_CURVE('',#5405,#5106,#2707,.T.);
#7027=EDGE_CURVE('',#5392,#5406,#2708,.T.);
#7028=EDGE_CURVE('',#5406,#5407,#4359,.T.);
#7029=EDGE_CURVE('',#5407,#5408,#2709,.T.);
#7030=EDGE_CURVE('',#5408,#5409,#4360,.T.);
#7031=EDGE_CURVE('',#5409,#5092,#2710,.T.);
#7032=EDGE_CURVE('',#5125,#5410,#4361,.T.);
#7033=EDGE_CURVE('',#5410,#5411,#2711,.T.);
#7034=EDGE_CURVE('',#5411,#5412,#4362,.T.);
#7035=EDGE_CURVE('',#5412,#5413,#2712,.T.);
#7036=EDGE_CURVE('',#5413,#5414,#4363,.T.);
#7037=EDGE_CURVE('',#5414,#5120,#2713,.T.);
#7038=EDGE_CURVE('',#5391,#5415,#2714,.T.);
#7039=EDGE_CURVE('',#5415,#5416,#4364,.T.);
#7040=EDGE_CURVE('',#5416,#5320,#2715,.T.);
#7041=EDGE_CURVE('',#4731,#5393,#2716,.T.);
#7042=EDGE_CURVE('',#4730,#5394,#2717,.T.);
#7043=EDGE_CURVE('',#4708,#5415,#2718,.T.);
#7044=EDGE_CURVE('',#4707,#5416,#2719,.T.);
#7045=EDGE_CURVE('',#4722,#5406,#2720,.T.);
#7046=EDGE_CURVE('',#4721,#5407,#2721,.T.);
#7047=EDGE_CURVE('',#4720,#5408,#2722,.T.);
#7048=EDGE_CURVE('',#4719,#5409,#2723,.T.);
#7049=EDGE_CURVE('',#4745,#5401,#2724,.T.);
#7050=EDGE_CURVE('',#4744,#5402,#2725,.T.);
#7051=EDGE_CURVE('',#4743,#5403,#2726,.T.);
#7052=EDGE_CURVE('',#4742,#5404,#2727,.T.);
#7053=EDGE_CURVE('',#4741,#5405,#2728,.T.);
#7054=EDGE_CURVE('',#4757,#5396,#2729,.T.);
#7055=EDGE_CURVE('',#4756,#5397,#2730,.T.);
#7056=EDGE_CURVE('',#4755,#5398,#2731,.T.);
#7057=EDGE_CURVE('',#4754,#5399,#2732,.T.);
#7058=EDGE_CURVE('',#4753,#5400,#2733,.T.);
#7059=EDGE_CURVE('',#4769,#5410,#2734,.T.);
#7060=EDGE_CURVE('',#4768,#5411,#2735,.T.);
#7061=EDGE_CURVE('',#4767,#5412,#2736,.T.);
#7062=EDGE_CURVE('',#4766,#5413,#2737,.T.);
#7063=EDGE_CURVE('',#4765,#5414,#2738,.T.);
#7064=EDGE_CURVE('',#4694,#5243,#2739,.T.);
#7065=EDGE_CURVE('',#4459,#4448,#2740,.T.);
#7066=EDGE_CURVE('',#5245,#5417,#4365,.T.);
#7067=EDGE_CURVE('',#5417,#5257,#2741,.T.);
#7068=EDGE_CURVE('',#5256,#5294,#4366,.T.);
#7069=EDGE_CURVE('',#5293,#5249,#4367,.T.);
#7070=EDGE_CURVE('',#5253,#5104,#4368,.T.);
#7071=EDGE_CURVE('',#5417,#5395,#2742,.T.);
#7072=EDGE_CURVE('',#5319,#4582,#2743,.T.);
#7073=EDGE_CURVE('',#4771,#5241,#2744,.T.);
#7074=EDGE_CURVE('',#4770,#5242,#2745,.T.);
#7075=EDGE_CURVE('',#4693,#5240,#2746,.T.);
#7076=ORIENTED_EDGE('',*,*,#5418,.T.);
#7077=ORIENTED_EDGE('',*,*,#5419,.T.);
#7078=ORIENTED_EDGE('',*,*,#5420,.T.);
#7079=ORIENTED_EDGE('',*,*,#5421,.T.);
#7080=ORIENTED_EDGE('',*,*,#5422,.T.);
#7081=ORIENTED_EDGE('',*,*,#5423,.T.);
#7082=ORIENTED_EDGE('',*,*,#5418,.F.);
#7083=ORIENTED_EDGE('',*,*,#5424,.T.);
#7084=ORIENTED_EDGE('',*,*,#5425,.T.);
#7085=ORIENTED_EDGE('',*,*,#5426,.T.);
#7086=ORIENTED_EDGE('',*,*,#5427,.T.);
#7087=ORIENTED_EDGE('',*,*,#5428,.T.);
#7088=ORIENTED_EDGE('',*,*,#5429,.T.);
#7089=ORIENTED_EDGE('',*,*,#5430,.T.);
#7090=ORIENTED_EDGE('',*,*,#5425,.F.);
#7091=ORIENTED_EDGE('',*,*,#5431,.T.);
#7092=ORIENTED_EDGE('',*,*,#5429,.F.);
#7093=ORIENTED_EDGE('',*,*,#5432,.T.);
#7094=ORIENTED_EDGE('',*,*,#5420,.F.);
#7095=ORIENTED_EDGE('',*,*,#5422,.F.);
#7096=ORIENTED_EDGE('',*,*,#5433,.F.);
#7097=ORIENTED_EDGE('',*,*,#5434,.T.);
#7098=ORIENTED_EDGE('',*,*,#5424,.F.);
#7099=ORIENTED_EDGE('',*,*,#5435,.T.);
#7100=ORIENTED_EDGE('',*,*,#5436,.F.);
#7101=ORIENTED_EDGE('',*,*,#5421,.F.);
#7102=ORIENTED_EDGE('',*,*,#5437,.F.);
#7103=ORIENTED_EDGE('',*,*,#5438,.F.);
#7104=ORIENTED_EDGE('',*,*,#5439,.F.);
#7105=ORIENTED_EDGE('',*,*,#5440,.F.);
#7106=ORIENTED_EDGE('',*,*,#5441,.F.);
#7107=ORIENTED_EDGE('',*,*,#5442,.F.);
#7108=ORIENTED_EDGE('',*,*,#5443,.F.);
#7109=ORIENTED_EDGE('',*,*,#5444,.F.);
#7110=ORIENTED_EDGE('',*,*,#5445,.F.);
#7111=ORIENTED_EDGE('',*,*,#5446,.F.);
#7112=ORIENTED_EDGE('',*,*,#5447,.F.);
#7113=ORIENTED_EDGE('',*,*,#5448,.F.);
#7114=ORIENTED_EDGE('',*,*,#5449,.F.);
#7115=ORIENTED_EDGE('',*,*,#5450,.F.);
#7116=ORIENTED_EDGE('',*,*,#5451,.F.);
#7117=ORIENTED_EDGE('',*,*,#5452,.F.);
#7118=ORIENTED_EDGE('',*,*,#5453,.F.);
#7119=ORIENTED_EDGE('',*,*,#5454,.F.);
#7120=ORIENTED_EDGE('',*,*,#5455,.F.);
#7121=ORIENTED_EDGE('',*,*,#5456,.F.);
#7122=ORIENTED_EDGE('',*,*,#5457,.F.);
#7123=ORIENTED_EDGE('',*,*,#5458,.F.);
#7124=ORIENTED_EDGE('',*,*,#5459,.F.);
#7125=ORIENTED_EDGE('',*,*,#5460,.F.);
#7126=ORIENTED_EDGE('',*,*,#5461,.F.);
#7127=ORIENTED_EDGE('',*,*,#5462,.F.);
#7128=ORIENTED_EDGE('',*,*,#5463,.F.);
#7129=ORIENTED_EDGE('',*,*,#5464,.F.);
#7130=ORIENTED_EDGE('',*,*,#5465,.F.);
#7131=ORIENTED_EDGE('',*,*,#5466,.F.);
#7132=ORIENTED_EDGE('',*,*,#5467,.F.);
#7133=ORIENTED_EDGE('',*,*,#5468,.F.);
#7134=ORIENTED_EDGE('',*,*,#5469,.F.);
#7135=ORIENTED_EDGE('',*,*,#5470,.F.);
#7136=ORIENTED_EDGE('',*,*,#5471,.F.);
#7137=ORIENTED_EDGE('',*,*,#5472,.F.);
#7138=ORIENTED_EDGE('',*,*,#5473,.F.);
#7139=ORIENTED_EDGE('',*,*,#5474,.F.);
#7140=ORIENTED_EDGE('',*,*,#5475,.F.);
#7141=ORIENTED_EDGE('',*,*,#5476,.F.);
#7142=ORIENTED_EDGE('',*,*,#5477,.F.);
#7143=ORIENTED_EDGE('',*,*,#5478,.F.);
#7144=ORIENTED_EDGE('',*,*,#5479,.F.);
#7145=ORIENTED_EDGE('',*,*,#5480,.F.);
#7146=ORIENTED_EDGE('',*,*,#5481,.F.);
#7147=ORIENTED_EDGE('',*,*,#5482,.F.);
#7148=ORIENTED_EDGE('',*,*,#5483,.F.);
#7149=ORIENTED_EDGE('',*,*,#5484,.F.);
#7150=ORIENTED_EDGE('',*,*,#5485,.F.);
#7151=ORIENTED_EDGE('',*,*,#5486,.F.);
#7152=ORIENTED_EDGE('',*,*,#5487,.F.);
#7153=ORIENTED_EDGE('',*,*,#5488,.F.);
#7154=ORIENTED_EDGE('',*,*,#5435,.F.);
#7155=ORIENTED_EDGE('',*,*,#5432,.F.);
#7156=ORIENTED_EDGE('',*,*,#5489,.T.);
#7157=ORIENTED_EDGE('',*,*,#5490,.F.);
#7158=ORIENTED_EDGE('',*,*,#5437,.T.);
#7159=ORIENTED_EDGE('',*,*,#5431,.F.);
#7160=ORIENTED_EDGE('',*,*,#5428,.F.);
#7161=ORIENTED_EDGE('',*,*,#5491,.T.);
#7162=ORIENTED_EDGE('',*,*,#5492,.T.);
#7163=ORIENTED_EDGE('',*,*,#5489,.F.);
#7164=ORIENTED_EDGE('',*,*,#5493,.T.);
#7165=ORIENTED_EDGE('',*,*,#5494,.T.);
#7166=ORIENTED_EDGE('',*,*,#5495,.T.);
#7167=ORIENTED_EDGE('',*,*,#5496,.T.);
#7168=ORIENTED_EDGE('',*,*,#5497,.T.);
#7169=ORIENTED_EDGE('',*,*,#5498,.T.);
#7170=ORIENTED_EDGE('',*,*,#5495,.F.);
#7171=ORIENTED_EDGE('',*,*,#5499,.T.);
#7172=ORIENTED_EDGE('',*,*,#5500,.T.);
#7173=ORIENTED_EDGE('',*,*,#5501,.T.);
#7174=ORIENTED_EDGE('',*,*,#5502,.T.);
#7175=ORIENTED_EDGE('',*,*,#5503,.T.);
#7176=ORIENTED_EDGE('',*,*,#5504,.T.);
#7177=ORIENTED_EDGE('',*,*,#5505,.T.);
#7178=ORIENTED_EDGE('',*,*,#5500,.F.);
#7179=ORIENTED_EDGE('',*,*,#5506,.T.);
#7180=ORIENTED_EDGE('',*,*,#5507,.T.);
#7181=ORIENTED_EDGE('',*,*,#5508,.T.);
#7182=ORIENTED_EDGE('',*,*,#5504,.F.);
#7183=ORIENTED_EDGE('',*,*,#5509,.T.);
#7184=ORIENTED_EDGE('',*,*,#5510,.T.);
#7185=ORIENTED_EDGE('',*,*,#5511,.T.);
#7186=ORIENTED_EDGE('',*,*,#5507,.F.);
#7187=ORIENTED_EDGE('',*,*,#5512,.T.);
#7188=ORIENTED_EDGE('',*,*,#5513,.T.);
#7189=ORIENTED_EDGE('',*,*,#5514,.T.);
#7190=ORIENTED_EDGE('',*,*,#5510,.F.);
#7191=ORIENTED_EDGE('',*,*,#5515,.T.);
#7192=ORIENTED_EDGE('',*,*,#5516,.T.);
#7193=ORIENTED_EDGE('',*,*,#5517,.T.);
#7194=ORIENTED_EDGE('',*,*,#5513,.F.);
#7195=ORIENTED_EDGE('',*,*,#5518,.T.);
#7196=ORIENTED_EDGE('',*,*,#5519,.T.);
#7197=ORIENTED_EDGE('',*,*,#5520,.T.);
#7198=ORIENTED_EDGE('',*,*,#5516,.F.);
#7199=ORIENTED_EDGE('',*,*,#5521,.T.);
#7200=ORIENTED_EDGE('',*,*,#5522,.T.);
#7201=ORIENTED_EDGE('',*,*,#5523,.T.);
#7202=ORIENTED_EDGE('',*,*,#5519,.F.);
#7203=ORIENTED_EDGE('',*,*,#5524,.T.);
#7204=ORIENTED_EDGE('',*,*,#5525,.T.);
#7205=ORIENTED_EDGE('',*,*,#5526,.T.);
#7206=ORIENTED_EDGE('',*,*,#5522,.F.);
#7207=ORIENTED_EDGE('',*,*,#5465,.T.);
#7208=ORIENTED_EDGE('',*,*,#5527,.T.);
#7209=ORIENTED_EDGE('',*,*,#5528,.T.);
#7210=ORIENTED_EDGE('',*,*,#5529,.T.);
#7211=ORIENTED_EDGE('',*,*,#5530,.T.);
#7212=ORIENTED_EDGE('',*,*,#5531,.T.);
#7213=ORIENTED_EDGE('',*,*,#5532,.T.);
#7214=ORIENTED_EDGE('',*,*,#5527,.F.);
#7215=ORIENTED_EDGE('',*,*,#5533,.T.);
#7216=ORIENTED_EDGE('',*,*,#5531,.F.);
#7217=ORIENTED_EDGE('',*,*,#5534,.T.);
#7218=ORIENTED_EDGE('',*,*,#5502,.F.);
#7219=ORIENTED_EDGE('',*,*,#5525,.F.);
#7220=ORIENTED_EDGE('',*,*,#5535,.T.);
#7221=ORIENTED_EDGE('',*,*,#5493,.F.);
#7222=ORIENTED_EDGE('',*,*,#5499,.F.);
#7223=ORIENTED_EDGE('',*,*,#5494,.F.);
#7224=ORIENTED_EDGE('',*,*,#5536,.F.);
#7225=ORIENTED_EDGE('',*,*,#5537,.F.);
#7226=ORIENTED_EDGE('',*,*,#5538,.T.);
#7227=ORIENTED_EDGE('',*,*,#5539,.T.);
#7228=ORIENTED_EDGE('',*,*,#5540,.T.);
#7229=ORIENTED_EDGE('',*,*,#5535,.F.);
#7230=ORIENTED_EDGE('',*,*,#5464,.T.);
#7231=ORIENTED_EDGE('',*,*,#5541,.F.);
#7232=ORIENTED_EDGE('',*,*,#5536,.T.);
#7233=ORIENTED_EDGE('',*,*,#5524,.F.);
#7234=ORIENTED_EDGE('',*,*,#5542,.T.);
#7235=ORIENTED_EDGE('',*,*,#5543,.T.);
#7236=ORIENTED_EDGE('',*,*,#5466,.T.);
#7237=ORIENTED_EDGE('',*,*,#5521,.F.);
#7238=ORIENTED_EDGE('',*,*,#5518,.F.);
#7239=ORIENTED_EDGE('',*,*,#5515,.F.);
#7240=ORIENTED_EDGE('',*,*,#5512,.F.);
#7241=ORIENTED_EDGE('',*,*,#5509,.F.);
#7242=ORIENTED_EDGE('',*,*,#5544,.F.);
#7243=ORIENTED_EDGE('',*,*,#5545,.F.);
#7244=ORIENTED_EDGE('',*,*,#5546,.F.);
#7245=ORIENTED_EDGE('',*,*,#5547,.T.);
#7246=ORIENTED_EDGE('',*,*,#5542,.F.);
#7247=ORIENTED_EDGE('',*,*,#5506,.F.);
#7248=ORIENTED_EDGE('',*,*,#5548,.T.);
#7249=ORIENTED_EDGE('',*,*,#5549,.F.);
#7250=ORIENTED_EDGE('',*,*,#5544,.T.);
#7251=ORIENTED_EDGE('',*,*,#5503,.F.);
#7252=ORIENTED_EDGE('',*,*,#5550,.F.);
#7253=ORIENTED_EDGE('',*,*,#5551,.F.);
#7254=ORIENTED_EDGE('',*,*,#5552,.F.);
#7255=ORIENTED_EDGE('',*,*,#5553,.F.);
#7256=ORIENTED_EDGE('',*,*,#5554,.F.);
#7257=ORIENTED_EDGE('',*,*,#5555,.F.);
#7258=ORIENTED_EDGE('',*,*,#5548,.F.);
#7259=ORIENTED_EDGE('',*,*,#5534,.F.);
#7260=ORIENTED_EDGE('',*,*,#5556,.T.);
#7261=ORIENTED_EDGE('',*,*,#5557,.T.);
#7262=ORIENTED_EDGE('',*,*,#5550,.T.);
#7263=ORIENTED_EDGE('',*,*,#5533,.F.);
#7264=ORIENTED_EDGE('',*,*,#5530,.F.);
#7265=ORIENTED_EDGE('',*,*,#5558,.T.);
#7266=ORIENTED_EDGE('',*,*,#5559,.F.);
#7267=ORIENTED_EDGE('',*,*,#5556,.F.);
#7268=ORIENTED_EDGE('',*,*,#5560,.T.);
#7269=ORIENTED_EDGE('',*,*,#5561,.T.);
#7270=ORIENTED_EDGE('',*,*,#5562,.T.);
#7271=ORIENTED_EDGE('',*,*,#5563,.T.);
#7272=ORIENTED_EDGE('',*,*,#5564,.T.);
#7273=ORIENTED_EDGE('',*,*,#5565,.T.);
#7274=ORIENTED_EDGE('',*,*,#5562,.F.);
#7275=ORIENTED_EDGE('',*,*,#5566,.T.);
#7276=ORIENTED_EDGE('',*,*,#5567,.F.);
#7277=ORIENTED_EDGE('',*,*,#5568,.T.);
#7278=ORIENTED_EDGE('',*,*,#5569,.T.);
#7279=ORIENTED_EDGE('',*,*,#5570,.T.);
#7280=ORIENTED_EDGE('',*,*,#5571,.T.);
#7281=ORIENTED_EDGE('',*,*,#5572,.T.);
#7282=ORIENTED_EDGE('',*,*,#5569,.F.);
#7283=ORIENTED_EDGE('',*,*,#5573,.F.);
#7284=ORIENTED_EDGE('',*,*,#5574,.T.);
#7285=ORIENTED_EDGE('',*,*,#5575,.T.);
#7286=ORIENTED_EDGE('',*,*,#5571,.F.);
#7287=ORIENTED_EDGE('',*,*,#5576,.T.);
#7288=ORIENTED_EDGE('',*,*,#5577,.T.);
#7289=ORIENTED_EDGE('',*,*,#5578,.T.);
#7290=ORIENTED_EDGE('',*,*,#5574,.F.);
#7291=ORIENTED_EDGE('',*,*,#5579,.T.);
#7292=ORIENTED_EDGE('',*,*,#5580,.T.);
#7293=ORIENTED_EDGE('',*,*,#5581,.T.);
#7294=ORIENTED_EDGE('',*,*,#5577,.F.);
#7295=ORIENTED_EDGE('',*,*,#5582,.T.);
#7296=ORIENTED_EDGE('',*,*,#5583,.T.);
#7297=ORIENTED_EDGE('',*,*,#5584,.T.);
#7298=ORIENTED_EDGE('',*,*,#5580,.F.);
#7299=ORIENTED_EDGE('',*,*,#5553,.T.);
#7300=ORIENTED_EDGE('',*,*,#5583,.F.);
#7301=ORIENTED_EDGE('',*,*,#5585,.T.);
#7302=ORIENTED_EDGE('',*,*,#5560,.F.);
#7303=ORIENTED_EDGE('',*,*,#5566,.F.);
#7304=ORIENTED_EDGE('',*,*,#5561,.F.);
#7305=ORIENTED_EDGE('',*,*,#5586,.F.);
#7306=ORIENTED_EDGE('',*,*,#5587,.F.);
#7307=ORIENTED_EDGE('',*,*,#5588,.T.);
#7308=ORIENTED_EDGE('',*,*,#5585,.F.);
#7309=ORIENTED_EDGE('',*,*,#5552,.T.);
#7310=ORIENTED_EDGE('',*,*,#5589,.F.);
#7311=ORIENTED_EDGE('',*,*,#5586,.T.);
#7312=ORIENTED_EDGE('',*,*,#5582,.F.);
#7313=ORIENTED_EDGE('',*,*,#5590,.T.);
#7314=ORIENTED_EDGE('',*,*,#5591,.T.);
#7315=ORIENTED_EDGE('',*,*,#5554,.T.);
#7316=ORIENTED_EDGE('',*,*,#5568,.F.);
#7317=ORIENTED_EDGE('',*,*,#5592,.F.);
#7318=ORIENTED_EDGE('',*,*,#5593,.F.);
#7319=ORIENTED_EDGE('',*,*,#5579,.F.);
#7320=ORIENTED_EDGE('',*,*,#5576,.F.);
#7321=ORIENTED_EDGE('',*,*,#5594,.F.);
#7322=ORIENTED_EDGE('',*,*,#5595,.F.);
#7323=ORIENTED_EDGE('',*,*,#5596,.F.);
#7324=ORIENTED_EDGE('',*,*,#5597,.F.);
#7325=ORIENTED_EDGE('',*,*,#5590,.F.);
#7326=ORIENTED_EDGE('',*,*,#5598,.T.);
#7327=ORIENTED_EDGE('',*,*,#5599,.T.);
#7328=ORIENTED_EDGE('',*,*,#5487,.T.);
#7329=ORIENTED_EDGE('',*,*,#5600,.T.);
#7330=ORIENTED_EDGE('',*,*,#5433,.T.);
#7331=ORIENTED_EDGE('',*,*,#5436,.T.);
#7332=ORIENTED_EDGE('',*,*,#5488,.T.);
#7333=ORIENTED_EDGE('',*,*,#5599,.F.);
#7334=ORIENTED_EDGE('',*,*,#5601,.T.);
#7335=ORIENTED_EDGE('',*,*,#5602,.T.);
#7336=ORIENTED_EDGE('',*,*,#5603,.T.);
#7337=ORIENTED_EDGE('',*,*,#5485,.T.);
#7338=ORIENTED_EDGE('',*,*,#5604,.T.);
#7339=ORIENTED_EDGE('',*,*,#5486,.T.);
#7340=ORIENTED_EDGE('',*,*,#5603,.F.);
#7341=ORIENTED_EDGE('',*,*,#5605,.T.);
#7342=ORIENTED_EDGE('',*,*,#5600,.F.);
#7343=ORIENTED_EDGE('',*,*,#5606,.T.);
#7344=ORIENTED_EDGE('',*,*,#5607,.T.);
#7345=ORIENTED_EDGE('',*,*,#5482,.T.);
#7346=ORIENTED_EDGE('',*,*,#5608,.T.);
#7347=ORIENTED_EDGE('',*,*,#5609,.T.);
#7348=ORIENTED_EDGE('',*,*,#5483,.T.);
#7349=ORIENTED_EDGE('',*,*,#5607,.F.);
#7350=ORIENTED_EDGE('',*,*,#5610,.T.);
#7351=ORIENTED_EDGE('',*,*,#5484,.T.);
#7352=ORIENTED_EDGE('',*,*,#5609,.F.);
#7353=ORIENTED_EDGE('',*,*,#5611,.T.);
#7354=ORIENTED_EDGE('',*,*,#5604,.F.);
#7355=ORIENTED_EDGE('',*,*,#5612,.T.);
#7356=ORIENTED_EDGE('',*,*,#5613,.T.);
#7357=ORIENTED_EDGE('',*,*,#5479,.T.);
#7358=ORIENTED_EDGE('',*,*,#5614,.T.);
#7359=ORIENTED_EDGE('',*,*,#5615,.T.);
#7360=ORIENTED_EDGE('',*,*,#5480,.T.);
#7361=ORIENTED_EDGE('',*,*,#5613,.F.);
#7362=ORIENTED_EDGE('',*,*,#5616,.T.);
#7363=ORIENTED_EDGE('',*,*,#5481,.T.);
#7364=ORIENTED_EDGE('',*,*,#5615,.F.);
#7365=ORIENTED_EDGE('',*,*,#5617,.T.);
#7366=ORIENTED_EDGE('',*,*,#5608,.F.);
#7367=ORIENTED_EDGE('',*,*,#5618,.T.);
#7368=ORIENTED_EDGE('',*,*,#5619,.T.);
#7369=ORIENTED_EDGE('',*,*,#5474,.T.);
#7370=ORIENTED_EDGE('',*,*,#5620,.T.);
#7371=ORIENTED_EDGE('',*,*,#5621,.T.);
#7372=ORIENTED_EDGE('',*,*,#5475,.T.);
#7373=ORIENTED_EDGE('',*,*,#5619,.F.);
#7374=ORIENTED_EDGE('',*,*,#5622,.T.);
#7375=ORIENTED_EDGE('',*,*,#5623,.T.);
#7376=ORIENTED_EDGE('',*,*,#5476,.T.);
#7377=ORIENTED_EDGE('',*,*,#5621,.F.);
#7378=ORIENTED_EDGE('',*,*,#5624,.T.);
#7379=ORIENTED_EDGE('',*,*,#5625,.T.);
#7380=ORIENTED_EDGE('',*,*,#5477,.T.);
#7381=ORIENTED_EDGE('',*,*,#5623,.F.);
#7382=ORIENTED_EDGE('',*,*,#5626,.T.);
#7383=ORIENTED_EDGE('',*,*,#5478,.T.);
#7384=ORIENTED_EDGE('',*,*,#5625,.F.);
#7385=ORIENTED_EDGE('',*,*,#5627,.T.);
#7386=ORIENTED_EDGE('',*,*,#5614,.F.);
#7387=ORIENTED_EDGE('',*,*,#5628,.T.);
#7388=ORIENTED_EDGE('',*,*,#5629,.T.);
#7389=ORIENTED_EDGE('',*,*,#5471,.T.);
#7390=ORIENTED_EDGE('',*,*,#5630,.T.);
#7391=ORIENTED_EDGE('',*,*,#5631,.T.);
#7392=ORIENTED_EDGE('',*,*,#5472,.T.);
#7393=ORIENTED_EDGE('',*,*,#5629,.F.);
#7394=ORIENTED_EDGE('',*,*,#5632,.T.);
#7395=ORIENTED_EDGE('',*,*,#5473,.T.);
#7396=ORIENTED_EDGE('',*,*,#5631,.F.);
#7397=ORIENTED_EDGE('',*,*,#5633,.T.);
#7398=ORIENTED_EDGE('',*,*,#5620,.F.);
#7399=ORIENTED_EDGE('',*,*,#5634,.T.);
#7400=ORIENTED_EDGE('',*,*,#5467,.T.);
#7401=ORIENTED_EDGE('',*,*,#5543,.F.);
#7402=ORIENTED_EDGE('',*,*,#5635,.T.);
#7403=ORIENTED_EDGE('',*,*,#5636,.T.);
#7404=ORIENTED_EDGE('',*,*,#5468,.T.);
#7405=ORIENTED_EDGE('',*,*,#5634,.F.);
#7406=ORIENTED_EDGE('',*,*,#5637,.T.);
#7407=ORIENTED_EDGE('',*,*,#5638,.T.);
#7408=ORIENTED_EDGE('',*,*,#5469,.T.);
#7409=ORIENTED_EDGE('',*,*,#5636,.F.);
#7410=ORIENTED_EDGE('',*,*,#5639,.T.);
#7411=ORIENTED_EDGE('',*,*,#5470,.T.);
#7412=ORIENTED_EDGE('',*,*,#5638,.F.);
#7413=ORIENTED_EDGE('',*,*,#5640,.T.);
#7414=ORIENTED_EDGE('',*,*,#5630,.F.);
#7415=ORIENTED_EDGE('',*,*,#5601,.F.);
#7416=ORIENTED_EDGE('',*,*,#5641,.F.);
#7417=ORIENTED_EDGE('',*,*,#5642,.F.);
#7418=ORIENTED_EDGE('',*,*,#5643,.F.);
#7419=ORIENTED_EDGE('',*,*,#5644,.F.);
#7420=ORIENTED_EDGE('',*,*,#5592,.T.);
#7421=ORIENTED_EDGE('',*,*,#5645,.T.);
#7422=ORIENTED_EDGE('',*,*,#5598,.F.);
#7423=ORIENTED_EDGE('',*,*,#5646,.F.);
#7424=ORIENTED_EDGE('',*,*,#5647,.F.);
#7425=ORIENTED_EDGE('',*,*,#5641,.T.);
#7426=ORIENTED_EDGE('',*,*,#5605,.F.);
#7427=ORIENTED_EDGE('',*,*,#5648,.F.);
#7428=ORIENTED_EDGE('',*,*,#5649,.F.);
#7429=ORIENTED_EDGE('',*,*,#5646,.T.);
#7430=ORIENTED_EDGE('',*,*,#5602,.F.);
#7431=ORIENTED_EDGE('',*,*,#5650,.F.);
#7432=ORIENTED_EDGE('',*,*,#5651,.F.);
#7433=ORIENTED_EDGE('',*,*,#5648,.T.);
#7434=ORIENTED_EDGE('',*,*,#5611,.F.);
#7435=ORIENTED_EDGE('',*,*,#5652,.F.);
#7436=ORIENTED_EDGE('',*,*,#5653,.F.);
#7437=ORIENTED_EDGE('',*,*,#5650,.T.);
#7438=ORIENTED_EDGE('',*,*,#5610,.F.);
#7439=ORIENTED_EDGE('',*,*,#5654,.F.);
#7440=ORIENTED_EDGE('',*,*,#5655,.F.);
#7441=ORIENTED_EDGE('',*,*,#5652,.T.);
#7442=ORIENTED_EDGE('',*,*,#5606,.F.);
#7443=ORIENTED_EDGE('',*,*,#5656,.F.);
#7444=ORIENTED_EDGE('',*,*,#5657,.F.);
#7445=ORIENTED_EDGE('',*,*,#5654,.T.);
#7446=ORIENTED_EDGE('',*,*,#5617,.F.);
#7447=ORIENTED_EDGE('',*,*,#5658,.F.);
#7448=ORIENTED_EDGE('',*,*,#5659,.F.);
#7449=ORIENTED_EDGE('',*,*,#5656,.T.);
#7450=ORIENTED_EDGE('',*,*,#5616,.F.);
#7451=ORIENTED_EDGE('',*,*,#5660,.F.);
#7452=ORIENTED_EDGE('',*,*,#5661,.F.);
#7453=ORIENTED_EDGE('',*,*,#5658,.T.);
#7454=ORIENTED_EDGE('',*,*,#5612,.F.);
#7455=ORIENTED_EDGE('',*,*,#5662,.F.);
#7456=ORIENTED_EDGE('',*,*,#5663,.F.);
#7457=ORIENTED_EDGE('',*,*,#5660,.T.);
#7458=ORIENTED_EDGE('',*,*,#5627,.F.);
#7459=ORIENTED_EDGE('',*,*,#5664,.F.);
#7460=ORIENTED_EDGE('',*,*,#5665,.F.);
#7461=ORIENTED_EDGE('',*,*,#5662,.T.);
#7462=ORIENTED_EDGE('',*,*,#5626,.F.);
#7463=ORIENTED_EDGE('',*,*,#5666,.F.);
#7464=ORIENTED_EDGE('',*,*,#5667,.F.);
#7465=ORIENTED_EDGE('',*,*,#5664,.T.);
#7466=ORIENTED_EDGE('',*,*,#5624,.F.);
#7467=ORIENTED_EDGE('',*,*,#5668,.F.);
#7468=ORIENTED_EDGE('',*,*,#5669,.F.);
#7469=ORIENTED_EDGE('',*,*,#5666,.T.);
#7470=ORIENTED_EDGE('',*,*,#5622,.F.);
#7471=ORIENTED_EDGE('',*,*,#5670,.F.);
#7472=ORIENTED_EDGE('',*,*,#5671,.F.);
#7473=ORIENTED_EDGE('',*,*,#5668,.T.);
#7474=ORIENTED_EDGE('',*,*,#5618,.F.);
#7475=ORIENTED_EDGE('',*,*,#5672,.F.);
#7476=ORIENTED_EDGE('',*,*,#5673,.F.);
#7477=ORIENTED_EDGE('',*,*,#5670,.T.);
#7478=ORIENTED_EDGE('',*,*,#5633,.F.);
#7479=ORIENTED_EDGE('',*,*,#5674,.F.);
#7480=ORIENTED_EDGE('',*,*,#5675,.F.);
#7481=ORIENTED_EDGE('',*,*,#5672,.T.);
#7482=ORIENTED_EDGE('',*,*,#5632,.F.);
#7483=ORIENTED_EDGE('',*,*,#5676,.F.);
#7484=ORIENTED_EDGE('',*,*,#5677,.F.);
#7485=ORIENTED_EDGE('',*,*,#5674,.T.);
#7486=ORIENTED_EDGE('',*,*,#5628,.F.);
#7487=ORIENTED_EDGE('',*,*,#5678,.F.);
#7488=ORIENTED_EDGE('',*,*,#5679,.F.);
#7489=ORIENTED_EDGE('',*,*,#5680,.F.);
#7490=ORIENTED_EDGE('',*,*,#5681,.F.);
#7491=ORIENTED_EDGE('',*,*,#5676,.T.);
#7492=ORIENTED_EDGE('',*,*,#5640,.F.);
#7493=ORIENTED_EDGE('',*,*,#5682,.F.);
#7494=ORIENTED_EDGE('',*,*,#5683,.F.);
#7495=ORIENTED_EDGE('',*,*,#5678,.T.);
#7496=ORIENTED_EDGE('',*,*,#5639,.F.);
#7497=ORIENTED_EDGE('',*,*,#5684,.F.);
#7498=ORIENTED_EDGE('',*,*,#5685,.F.);
#7499=ORIENTED_EDGE('',*,*,#5686,.F.);
#7500=ORIENTED_EDGE('',*,*,#5687,.F.);
#7501=ORIENTED_EDGE('',*,*,#5682,.T.);
#7502=ORIENTED_EDGE('',*,*,#5637,.F.);
#7503=ORIENTED_EDGE('',*,*,#5688,.F.);
#7504=ORIENTED_EDGE('',*,*,#5689,.F.);
#7505=ORIENTED_EDGE('',*,*,#5684,.T.);
#7506=ORIENTED_EDGE('',*,*,#5635,.F.);
#7507=ORIENTED_EDGE('',*,*,#5547,.F.);
#7508=ORIENTED_EDGE('',*,*,#5690,.F.);
#7509=ORIENTED_EDGE('',*,*,#5688,.T.);
#7510=ORIENTED_EDGE('',*,*,#5496,.F.);
#7511=ORIENTED_EDGE('',*,*,#5691,.F.);
#7512=ORIENTED_EDGE('',*,*,#5520,.F.);
#7513=ORIENTED_EDGE('',*,*,#5523,.F.);
#7514=ORIENTED_EDGE('',*,*,#5526,.F.);
#7515=ORIENTED_EDGE('',*,*,#5549,.T.);
#7516=ORIENTED_EDGE('',*,*,#5555,.T.);
#7517=ORIENTED_EDGE('',*,*,#5591,.F.);
#7518=ORIENTED_EDGE('',*,*,#5692,.T.);
#7519=ORIENTED_EDGE('',*,*,#5692,.F.);
#7520=ORIENTED_EDGE('',*,*,#5597,.T.);
#7521=ORIENTED_EDGE('',*,*,#5693,.F.);
#7522=ORIENTED_EDGE('',*,*,#5545,.T.);
#7523=ORIENTED_EDGE('',*,*,#5563,.F.);
#7524=ORIENTED_EDGE('',*,*,#5694,.F.);
#7525=ORIENTED_EDGE('',*,*,#5578,.F.);
#7526=ORIENTED_EDGE('',*,*,#5581,.F.);
#7527=ORIENTED_EDGE('',*,*,#5584,.F.);
#7528=ORIENTED_EDGE('',*,*,#5589,.T.);
#7529=ORIENTED_EDGE('',*,*,#5551,.T.);
#7530=ORIENTED_EDGE('',*,*,#5557,.F.);
#7531=ORIENTED_EDGE('',*,*,#5695,.T.);
#7532=ORIENTED_EDGE('',*,*,#5696,.T.);
#7533=ORIENTED_EDGE('',*,*,#5697,.T.);
#7534=ORIENTED_EDGE('',*,*,#5698,.T.);
#7535=ORIENTED_EDGE('',*,*,#5699,.T.);
#7536=ORIENTED_EDGE('',*,*,#5700,.T.);
#7537=ORIENTED_EDGE('',*,*,#5701,.T.);
#7538=ORIENTED_EDGE('',*,*,#5702,.T.);
#7539=ORIENTED_EDGE('',*,*,#5703,.T.);
#7540=ORIENTED_EDGE('',*,*,#5704,.T.);
#7541=ORIENTED_EDGE('',*,*,#5705,.T.);
#7542=ORIENTED_EDGE('',*,*,#5706,.T.);
#7543=ORIENTED_EDGE('',*,*,#5707,.T.);
#7544=ORIENTED_EDGE('',*,*,#5708,.T.);
#7545=ORIENTED_EDGE('',*,*,#5709,.T.);
#7546=ORIENTED_EDGE('',*,*,#5710,.T.);
#7547=ORIENTED_EDGE('',*,*,#5711,.T.);
#7548=ORIENTED_EDGE('',*,*,#5712,.T.);
#7549=ORIENTED_EDGE('',*,*,#5713,.T.);
#7550=ORIENTED_EDGE('',*,*,#5714,.T.);
#7551=ORIENTED_EDGE('',*,*,#5490,.T.);
#7552=ORIENTED_EDGE('',*,*,#5715,.T.);
#7553=ORIENTED_EDGE('',*,*,#5714,.F.);
#7554=ORIENTED_EDGE('',*,*,#5716,.T.);
#7555=ORIENTED_EDGE('',*,*,#5717,.T.);
#7556=ORIENTED_EDGE('',*,*,#5438,.T.);
#7557=ORIENTED_EDGE('',*,*,#5718,.T.);
#7558=ORIENTED_EDGE('',*,*,#5439,.T.);
#7559=ORIENTED_EDGE('',*,*,#5717,.F.);
#7560=ORIENTED_EDGE('',*,*,#5719,.T.);
#7561=ORIENTED_EDGE('',*,*,#5712,.F.);
#7562=ORIENTED_EDGE('',*,*,#5440,.T.);
#7563=ORIENTED_EDGE('',*,*,#5718,.F.);
#7564=ORIENTED_EDGE('',*,*,#5720,.T.);
#7565=ORIENTED_EDGE('',*,*,#5711,.F.);
#7566=ORIENTED_EDGE('',*,*,#5721,.T.);
#7567=ORIENTED_EDGE('',*,*,#5722,.T.);
#7568=ORIENTED_EDGE('',*,*,#5441,.T.);
#7569=ORIENTED_EDGE('',*,*,#5723,.T.);
#7570=ORIENTED_EDGE('',*,*,#5442,.T.);
#7571=ORIENTED_EDGE('',*,*,#5722,.F.);
#7572=ORIENTED_EDGE('',*,*,#5724,.T.);
#7573=ORIENTED_EDGE('',*,*,#5709,.F.);
#7574=ORIENTED_EDGE('',*,*,#5443,.T.);
#7575=ORIENTED_EDGE('',*,*,#5723,.F.);
#7576=ORIENTED_EDGE('',*,*,#5725,.T.);
#7577=ORIENTED_EDGE('',*,*,#5708,.F.);
#7578=ORIENTED_EDGE('',*,*,#5726,.T.);
#7579=ORIENTED_EDGE('',*,*,#5727,.T.);
#7580=ORIENTED_EDGE('',*,*,#5444,.T.);
#7581=ORIENTED_EDGE('',*,*,#5728,.T.);
#7582=ORIENTED_EDGE('',*,*,#5445,.T.);
#7583=ORIENTED_EDGE('',*,*,#5727,.F.);
#7584=ORIENTED_EDGE('',*,*,#5729,.T.);
#7585=ORIENTED_EDGE('',*,*,#5730,.T.);
#7586=ORIENTED_EDGE('',*,*,#5446,.T.);
#7587=ORIENTED_EDGE('',*,*,#5728,.F.);
#7588=ORIENTED_EDGE('',*,*,#5731,.T.);
#7589=ORIENTED_EDGE('',*,*,#5732,.T.);
#7590=ORIENTED_EDGE('',*,*,#5447,.T.);
#7591=ORIENTED_EDGE('',*,*,#5730,.F.);
#7592=ORIENTED_EDGE('',*,*,#5733,.T.);
#7593=ORIENTED_EDGE('',*,*,#5706,.F.);
#7594=ORIENTED_EDGE('',*,*,#5448,.T.);
#7595=ORIENTED_EDGE('',*,*,#5732,.F.);
#7596=ORIENTED_EDGE('',*,*,#5734,.T.);
#7597=ORIENTED_EDGE('',*,*,#5705,.F.);
#7598=ORIENTED_EDGE('',*,*,#5735,.T.);
#7599=ORIENTED_EDGE('',*,*,#5736,.T.);
#7600=ORIENTED_EDGE('',*,*,#5449,.T.);
#7601=ORIENTED_EDGE('',*,*,#5737,.T.);
#7602=ORIENTED_EDGE('',*,*,#5450,.T.);
#7603=ORIENTED_EDGE('',*,*,#5736,.F.);
#7604=ORIENTED_EDGE('',*,*,#5738,.T.);
#7605=ORIENTED_EDGE('',*,*,#5703,.F.);
#7606=ORIENTED_EDGE('',*,*,#5451,.T.);
#7607=ORIENTED_EDGE('',*,*,#5737,.F.);
#7608=ORIENTED_EDGE('',*,*,#5739,.T.);
#7609=ORIENTED_EDGE('',*,*,#5702,.F.);
#7610=ORIENTED_EDGE('',*,*,#5740,.T.);
#7611=ORIENTED_EDGE('',*,*,#5741,.T.);
#7612=ORIENTED_EDGE('',*,*,#5452,.T.);
#7613=ORIENTED_EDGE('',*,*,#5742,.T.);
#7614=ORIENTED_EDGE('',*,*,#5453,.T.);
#7615=ORIENTED_EDGE('',*,*,#5741,.F.);
#7616=ORIENTED_EDGE('',*,*,#5743,.T.);
#7617=ORIENTED_EDGE('',*,*,#5744,.T.);
#7618=ORIENTED_EDGE('',*,*,#5454,.T.);
#7619=ORIENTED_EDGE('',*,*,#5742,.F.);
#7620=ORIENTED_EDGE('',*,*,#5745,.T.);
#7621=ORIENTED_EDGE('',*,*,#5746,.T.);
#7622=ORIENTED_EDGE('',*,*,#5455,.T.);
#7623=ORIENTED_EDGE('',*,*,#5744,.F.);
#7624=ORIENTED_EDGE('',*,*,#5747,.T.);
#7625=ORIENTED_EDGE('',*,*,#5700,.F.);
#7626=ORIENTED_EDGE('',*,*,#5456,.T.);
#7627=ORIENTED_EDGE('',*,*,#5746,.F.);
#7628=ORIENTED_EDGE('',*,*,#5748,.T.);
#7629=ORIENTED_EDGE('',*,*,#5699,.F.);
#7630=ORIENTED_EDGE('',*,*,#5749,.T.);
#7631=ORIENTED_EDGE('',*,*,#5750,.T.);
#7632=ORIENTED_EDGE('',*,*,#5457,.T.);
#7633=ORIENTED_EDGE('',*,*,#5751,.T.);
#7634=ORIENTED_EDGE('',*,*,#5458,.T.);
#7635=ORIENTED_EDGE('',*,*,#5750,.F.);
#7636=ORIENTED_EDGE('',*,*,#5752,.T.);
#7637=ORIENTED_EDGE('',*,*,#5697,.F.);
#7638=ORIENTED_EDGE('',*,*,#5459,.T.);
#7639=ORIENTED_EDGE('',*,*,#5751,.F.);
#7640=ORIENTED_EDGE('',*,*,#5753,.T.);
#7641=ORIENTED_EDGE('',*,*,#5696,.F.);
#7642=ORIENTED_EDGE('',*,*,#5754,.T.);
#7643=ORIENTED_EDGE('',*,*,#5755,.T.);
#7644=ORIENTED_EDGE('',*,*,#5460,.T.);
#7645=ORIENTED_EDGE('',*,*,#5756,.T.);
#7646=ORIENTED_EDGE('',*,*,#5461,.T.);
#7647=ORIENTED_EDGE('',*,*,#5755,.F.);
#7648=ORIENTED_EDGE('',*,*,#5757,.T.);
#7649=ORIENTED_EDGE('',*,*,#5758,.T.);
#7650=ORIENTED_EDGE('',*,*,#5462,.T.);
#7651=ORIENTED_EDGE('',*,*,#5756,.F.);
#7652=ORIENTED_EDGE('',*,*,#5759,.T.);
#7653=ORIENTED_EDGE('',*,*,#5541,.T.);
#7654=ORIENTED_EDGE('',*,*,#5463,.T.);
#7655=ORIENTED_EDGE('',*,*,#5758,.F.);
#7656=ORIENTED_EDGE('',*,*,#5760,.T.);
#7657=ORIENTED_EDGE('',*,*,#5757,.F.);
#7658=ORIENTED_EDGE('',*,*,#5761,.F.);
#7659=ORIENTED_EDGE('',*,*,#5762,.T.);
#7660=ORIENTED_EDGE('',*,*,#5763,.T.);
#7661=ORIENTED_EDGE('',*,*,#5754,.F.);
#7662=ORIENTED_EDGE('',*,*,#5764,.F.);
#7663=ORIENTED_EDGE('',*,*,#5765,.T.);
#7664=ORIENTED_EDGE('',*,*,#5761,.T.);
#7665=ORIENTED_EDGE('',*,*,#5698,.F.);
#7666=ORIENTED_EDGE('',*,*,#5766,.F.);
#7667=ORIENTED_EDGE('',*,*,#5767,.T.);
#7668=ORIENTED_EDGE('',*,*,#5764,.T.);
#7669=ORIENTED_EDGE('',*,*,#5753,.F.);
#7670=ORIENTED_EDGE('',*,*,#5768,.F.);
#7671=ORIENTED_EDGE('',*,*,#5769,.T.);
#7672=ORIENTED_EDGE('',*,*,#5766,.T.);
#7673=ORIENTED_EDGE('',*,*,#5752,.F.);
#7674=ORIENTED_EDGE('',*,*,#5770,.F.);
#7675=ORIENTED_EDGE('',*,*,#5771,.T.);
#7676=ORIENTED_EDGE('',*,*,#5768,.T.);
#7677=ORIENTED_EDGE('',*,*,#5749,.F.);
#7678=ORIENTED_EDGE('',*,*,#5772,.F.);
#7679=ORIENTED_EDGE('',*,*,#5773,.T.);
#7680=ORIENTED_EDGE('',*,*,#5770,.T.);
#7681=ORIENTED_EDGE('',*,*,#5701,.F.);
#7682=ORIENTED_EDGE('',*,*,#5774,.F.);
#7683=ORIENTED_EDGE('',*,*,#5775,.T.);
#7684=ORIENTED_EDGE('',*,*,#5772,.T.);
#7685=ORIENTED_EDGE('',*,*,#5748,.F.);
#7686=ORIENTED_EDGE('',*,*,#5776,.F.);
#7687=ORIENTED_EDGE('',*,*,#5777,.T.);
#7688=ORIENTED_EDGE('',*,*,#5774,.T.);
#7689=ORIENTED_EDGE('',*,*,#5747,.F.);
#7690=ORIENTED_EDGE('',*,*,#5778,.F.);
#7691=ORIENTED_EDGE('',*,*,#5779,.T.);
#7692=ORIENTED_EDGE('',*,*,#5776,.T.);
#7693=ORIENTED_EDGE('',*,*,#5745,.F.);
#7694=ORIENTED_EDGE('',*,*,#5780,.F.);
#7695=ORIENTED_EDGE('',*,*,#5781,.T.);
#7696=ORIENTED_EDGE('',*,*,#5782,.T.);
#7697=ORIENTED_EDGE('',*,*,#5783,.T.);
#7698=ORIENTED_EDGE('',*,*,#5784,.F.);
#7699=ORIENTED_EDGE('',*,*,#5785,.T.);
#7700=ORIENTED_EDGE('',*,*,#5778,.T.);
#7701=ORIENTED_EDGE('',*,*,#5743,.F.);
#7702=ORIENTED_EDGE('',*,*,#5786,.F.);
#7703=ORIENTED_EDGE('',*,*,#5787,.T.);
#7704=ORIENTED_EDGE('',*,*,#5780,.T.);
#7705=ORIENTED_EDGE('',*,*,#5740,.F.);
#7706=ORIENTED_EDGE('',*,*,#5788,.F.);
#7707=ORIENTED_EDGE('',*,*,#5789,.T.);
#7708=ORIENTED_EDGE('',*,*,#5786,.T.);
#7709=ORIENTED_EDGE('',*,*,#5704,.F.);
#7710=ORIENTED_EDGE('',*,*,#5790,.F.);
#7711=ORIENTED_EDGE('',*,*,#5791,.T.);
#7712=ORIENTED_EDGE('',*,*,#5788,.T.);
#7713=ORIENTED_EDGE('',*,*,#5739,.F.);
#7714=ORIENTED_EDGE('',*,*,#5792,.F.);
#7715=ORIENTED_EDGE('',*,*,#5793,.T.);
#7716=ORIENTED_EDGE('',*,*,#5790,.T.);
#7717=ORIENTED_EDGE('',*,*,#5738,.F.);
#7718=ORIENTED_EDGE('',*,*,#5794,.F.);
#7719=ORIENTED_EDGE('',*,*,#5795,.T.);
#7720=ORIENTED_EDGE('',*,*,#5792,.T.);
#7721=ORIENTED_EDGE('',*,*,#5735,.F.);
#7722=ORIENTED_EDGE('',*,*,#5796,.F.);
#7723=ORIENTED_EDGE('',*,*,#5797,.T.);
#7724=ORIENTED_EDGE('',*,*,#5794,.T.);
#7725=ORIENTED_EDGE('',*,*,#5707,.F.);
#7726=ORIENTED_EDGE('',*,*,#5798,.F.);
#7727=ORIENTED_EDGE('',*,*,#5799,.T.);
#7728=ORIENTED_EDGE('',*,*,#5796,.T.);
#7729=ORIENTED_EDGE('',*,*,#5734,.F.);
#7730=ORIENTED_EDGE('',*,*,#5800,.F.);
#7731=ORIENTED_EDGE('',*,*,#5801,.T.);
#7732=ORIENTED_EDGE('',*,*,#5798,.T.);
#7733=ORIENTED_EDGE('',*,*,#5733,.F.);
#7734=ORIENTED_EDGE('',*,*,#5802,.F.);
#7735=ORIENTED_EDGE('',*,*,#5803,.T.);
#7736=ORIENTED_EDGE('',*,*,#5800,.T.);
#7737=ORIENTED_EDGE('',*,*,#5731,.F.);
#7738=ORIENTED_EDGE('',*,*,#5804,.F.);
#7739=ORIENTED_EDGE('',*,*,#5805,.T.);
#7740=ORIENTED_EDGE('',*,*,#5802,.T.);
#7741=ORIENTED_EDGE('',*,*,#5729,.F.);
#7742=ORIENTED_EDGE('',*,*,#5806,.F.);
#7743=ORIENTED_EDGE('',*,*,#5807,.T.);
#7744=ORIENTED_EDGE('',*,*,#5804,.T.);
#7745=ORIENTED_EDGE('',*,*,#5726,.F.);
#7746=ORIENTED_EDGE('',*,*,#5808,.F.);
#7747=ORIENTED_EDGE('',*,*,#5809,.T.);
#7748=ORIENTED_EDGE('',*,*,#5806,.T.);
#7749=ORIENTED_EDGE('',*,*,#5710,.F.);
#7750=ORIENTED_EDGE('',*,*,#5810,.F.);
#7751=ORIENTED_EDGE('',*,*,#5811,.T.);
#7752=ORIENTED_EDGE('',*,*,#5808,.T.);
#7753=ORIENTED_EDGE('',*,*,#5725,.F.);
#7754=ORIENTED_EDGE('',*,*,#5812,.F.);
#7755=ORIENTED_EDGE('',*,*,#5813,.T.);
#7756=ORIENTED_EDGE('',*,*,#5810,.T.);
#7757=ORIENTED_EDGE('',*,*,#5724,.F.);
#7758=ORIENTED_EDGE('',*,*,#5814,.F.);
#7759=ORIENTED_EDGE('',*,*,#5815,.T.);
#7760=ORIENTED_EDGE('',*,*,#5812,.T.);
#7761=ORIENTED_EDGE('',*,*,#5721,.F.);
#7762=ORIENTED_EDGE('',*,*,#5816,.F.);
#7763=ORIENTED_EDGE('',*,*,#5817,.T.);
#7764=ORIENTED_EDGE('',*,*,#5814,.T.);
#7765=ORIENTED_EDGE('',*,*,#5713,.F.);
#7766=ORIENTED_EDGE('',*,*,#5818,.F.);
#7767=ORIENTED_EDGE('',*,*,#5819,.T.);
#7768=ORIENTED_EDGE('',*,*,#5816,.T.);
#7769=ORIENTED_EDGE('',*,*,#5720,.F.);
#7770=ORIENTED_EDGE('',*,*,#5820,.F.);
#7771=ORIENTED_EDGE('',*,*,#5821,.T.);
#7772=ORIENTED_EDGE('',*,*,#5818,.T.);
#7773=ORIENTED_EDGE('',*,*,#5719,.F.);
#7774=ORIENTED_EDGE('',*,*,#5822,.F.);
#7775=ORIENTED_EDGE('',*,*,#5823,.T.);
#7776=ORIENTED_EDGE('',*,*,#5820,.T.);
#7777=ORIENTED_EDGE('',*,*,#5716,.F.);
#7778=ORIENTED_EDGE('',*,*,#5824,.F.);
#7779=ORIENTED_EDGE('',*,*,#5825,.T.);
#7780=ORIENTED_EDGE('',*,*,#5822,.T.);
#7781=ORIENTED_EDGE('',*,*,#5715,.F.);
#7782=ORIENTED_EDGE('',*,*,#5492,.F.);
#7783=ORIENTED_EDGE('',*,*,#5826,.T.);
#7784=ORIENTED_EDGE('',*,*,#5827,.F.);
#7785=ORIENTED_EDGE('',*,*,#5828,.T.);
#7786=ORIENTED_EDGE('',*,*,#5824,.T.);
#7787=ORIENTED_EDGE('',*,*,#5434,.F.);
#7788=ORIENTED_EDGE('',*,*,#5645,.F.);
#7789=ORIENTED_EDGE('',*,*,#5567,.T.);
#7790=ORIENTED_EDGE('',*,*,#5829,.F.);
#7791=ORIENTED_EDGE('',*,*,#5430,.F.);
#7792=ORIENTED_EDGE('',*,*,#5419,.F.);
#7793=ORIENTED_EDGE('',*,*,#5423,.F.);
#7794=ORIENTED_EDGE('',*,*,#5644,.T.);
#7795=ORIENTED_EDGE('',*,*,#5830,.T.);
#7796=ORIENTED_EDGE('',*,*,#5831,.T.);
#7797=ORIENTED_EDGE('',*,*,#5832,.T.);
#7798=ORIENTED_EDGE('',*,*,#5833,.T.);
#7799=ORIENTED_EDGE('',*,*,#5834,.T.);
#7800=ORIENTED_EDGE('',*,*,#5594,.T.);
#7801=ORIENTED_EDGE('',*,*,#5573,.T.);
#7802=ORIENTED_EDGE('',*,*,#5593,.T.);
#7803=ORIENTED_EDGE('',*,*,#5832,.F.);
#7804=ORIENTED_EDGE('',*,*,#5835,.T.);
#7805=ORIENTED_EDGE('',*,*,#5836,.T.);
#7806=ORIENTED_EDGE('',*,*,#5837,.T.);
#7807=ORIENTED_EDGE('',*,*,#5687,.T.);
#7808=ORIENTED_EDGE('',*,*,#5683,.T.);
#7809=ORIENTED_EDGE('',*,*,#5837,.F.);
#7810=ORIENTED_EDGE('',*,*,#5838,.T.);
#7811=ORIENTED_EDGE('',*,*,#5839,.T.);
#7812=ORIENTED_EDGE('',*,*,#5840,.T.);
#7813=ORIENTED_EDGE('',*,*,#5841,.T.);
#7814=ORIENTED_EDGE('',*,*,#5679,.T.);
#7815=ORIENTED_EDGE('',*,*,#5839,.F.);
#7816=ORIENTED_EDGE('',*,*,#5842,.T.);
#7817=ORIENTED_EDGE('',*,*,#5843,.T.);
#7818=ORIENTED_EDGE('',*,*,#5844,.T.);
#7819=ORIENTED_EDGE('',*,*,#5845,.T.);
#7820=ORIENTED_EDGE('',*,*,#5846,.T.);
#7821=ORIENTED_EDGE('',*,*,#5847,.T.);
#7822=ORIENTED_EDGE('',*,*,#5842,.F.);
#7823=ORIENTED_EDGE('',*,*,#5848,.T.);
#7824=ORIENTED_EDGE('',*,*,#5849,.T.);
#7825=ORIENTED_EDGE('',*,*,#5850,.T.);
#7826=ORIENTED_EDGE('',*,*,#5846,.F.);
#7827=ORIENTED_EDGE('',*,*,#5851,.T.);
#7828=ORIENTED_EDGE('',*,*,#5852,.T.);
#7829=ORIENTED_EDGE('',*,*,#5853,.T.);
#7830=ORIENTED_EDGE('',*,*,#5849,.F.);
#7831=ORIENTED_EDGE('',*,*,#5854,.T.);
#7832=ORIENTED_EDGE('',*,*,#5855,.T.);
#7833=ORIENTED_EDGE('',*,*,#5856,.T.);
#7834=ORIENTED_EDGE('',*,*,#5852,.F.);
#7835=ORIENTED_EDGE('',*,*,#5857,.T.);
#7836=ORIENTED_EDGE('',*,*,#5858,.T.);
#7837=ORIENTED_EDGE('',*,*,#5859,.T.);
#7838=ORIENTED_EDGE('',*,*,#5855,.F.);
#7839=ORIENTED_EDGE('',*,*,#5860,.T.);
#7840=ORIENTED_EDGE('',*,*,#5861,.T.);
#7841=ORIENTED_EDGE('',*,*,#5862,.T.);
#7842=ORIENTED_EDGE('',*,*,#5858,.F.);
#7843=ORIENTED_EDGE('',*,*,#5863,.T.);
#7844=ORIENTED_EDGE('',*,*,#5864,.T.);
#7845=ORIENTED_EDGE('',*,*,#5865,.T.);
#7846=ORIENTED_EDGE('',*,*,#5866,.T.);
#7847=ORIENTED_EDGE('',*,*,#5685,.T.);
#7848=ORIENTED_EDGE('',*,*,#5867,.T.);
#7849=ORIENTED_EDGE('',*,*,#5868,.T.);
#7850=ORIENTED_EDGE('',*,*,#5864,.F.);
#7851=ORIENTED_EDGE('',*,*,#5689,.T.);
#7852=ORIENTED_EDGE('',*,*,#5869,.T.);
#7853=ORIENTED_EDGE('',*,*,#5870,.T.);
#7854=ORIENTED_EDGE('',*,*,#5867,.F.);
#7855=ORIENTED_EDGE('',*,*,#5690,.T.);
#7856=ORIENTED_EDGE('',*,*,#5871,.T.);
#7857=ORIENTED_EDGE('',*,*,#5872,.T.);
#7858=ORIENTED_EDGE('',*,*,#5869,.F.);
#7859=ORIENTED_EDGE('',*,*,#5546,.T.);
#7860=ORIENTED_EDGE('',*,*,#5873,.T.);
#7861=ORIENTED_EDGE('',*,*,#5874,.T.);
#7862=ORIENTED_EDGE('',*,*,#5871,.F.);
#7863=ORIENTED_EDGE('',*,*,#5693,.T.);
#7864=ORIENTED_EDGE('',*,*,#5875,.T.);
#7865=ORIENTED_EDGE('',*,*,#5876,.T.);
#7866=ORIENTED_EDGE('',*,*,#5873,.F.);
#7867=ORIENTED_EDGE('',*,*,#5596,.T.);
#7868=ORIENTED_EDGE('',*,*,#5877,.T.);
#7869=ORIENTED_EDGE('',*,*,#5878,.T.);
#7870=ORIENTED_EDGE('',*,*,#5879,.T.);
#7871=ORIENTED_EDGE('',*,*,#5880,.T.);
#7872=ORIENTED_EDGE('',*,*,#5881,.T.);
#7873=ORIENTED_EDGE('',*,*,#5882,.T.);
#7874=ORIENTED_EDGE('',*,*,#5877,.F.);
#7875=ORIENTED_EDGE('',*,*,#5883,.T.);
#7876=ORIENTED_EDGE('',*,*,#5884,.T.);
#7877=ORIENTED_EDGE('',*,*,#5885,.T.);
#7878=ORIENTED_EDGE('',*,*,#5881,.F.);
#7879=ORIENTED_EDGE('',*,*,#5886,.T.);
#7880=ORIENTED_EDGE('',*,*,#5887,.T.);
#7881=ORIENTED_EDGE('',*,*,#5888,.T.);
#7882=ORIENTED_EDGE('',*,*,#5889,.T.);
#7883=ORIENTED_EDGE('',*,*,#5890,.T.);
#7884=ORIENTED_EDGE('',*,*,#5891,.T.);
#7885=ORIENTED_EDGE('',*,*,#5892,.T.);
#7886=ORIENTED_EDGE('',*,*,#5893,.T.);
#7887=ORIENTED_EDGE('',*,*,#5894,.T.);
#7888=ORIENTED_EDGE('',*,*,#5895,.T.);
#7889=ORIENTED_EDGE('',*,*,#5896,.T.);
#7890=ORIENTED_EDGE('',*,*,#5891,.F.);
#7891=ORIENTED_EDGE('',*,*,#5897,.T.);
#7892=ORIENTED_EDGE('',*,*,#5898,.T.);
#7893=ORIENTED_EDGE('',*,*,#5899,.T.);
#7894=ORIENTED_EDGE('',*,*,#5895,.F.);
#7895=ORIENTED_EDGE('',*,*,#5900,.T.);
#7896=ORIENTED_EDGE('',*,*,#5901,.T.);
#7897=ORIENTED_EDGE('',*,*,#5902,.T.);
#7898=ORIENTED_EDGE('',*,*,#5898,.F.);
#7899=ORIENTED_EDGE('',*,*,#5903,.T.);
#7900=ORIENTED_EDGE('',*,*,#5904,.T.);
#7901=ORIENTED_EDGE('',*,*,#5905,.T.);
#7902=ORIENTED_EDGE('',*,*,#5901,.F.);
#7903=ORIENTED_EDGE('',*,*,#5906,.T.);
#7904=ORIENTED_EDGE('',*,*,#5675,.T.);
#7905=ORIENTED_EDGE('',*,*,#5907,.T.);
#7906=ORIENTED_EDGE('',*,*,#5908,.T.);
#7907=ORIENTED_EDGE('',*,*,#5909,.T.);
#7908=ORIENTED_EDGE('',*,*,#5910,.T.);
#7909=ORIENTED_EDGE('',*,*,#5911,.T.);
#7910=ORIENTED_EDGE('',*,*,#5907,.F.);
#7911=ORIENTED_EDGE('',*,*,#5677,.T.);
#7912=ORIENTED_EDGE('',*,*,#5912,.T.);
#7913=ORIENTED_EDGE('',*,*,#5913,.T.);
#7914=ORIENTED_EDGE('',*,*,#5910,.F.);
#7915=ORIENTED_EDGE('',*,*,#5681,.T.);
#7916=ORIENTED_EDGE('',*,*,#5665,.T.);
#7917=ORIENTED_EDGE('',*,*,#5914,.T.);
#7918=ORIENTED_EDGE('',*,*,#5915,.T.);
#7919=ORIENTED_EDGE('',*,*,#5916,.T.);
#7920=ORIENTED_EDGE('',*,*,#5917,.T.);
#7921=ORIENTED_EDGE('',*,*,#5918,.T.);
#7922=ORIENTED_EDGE('',*,*,#5914,.F.);
#7923=ORIENTED_EDGE('',*,*,#5667,.T.);
#7924=ORIENTED_EDGE('',*,*,#5919,.T.);
#7925=ORIENTED_EDGE('',*,*,#5920,.T.);
#7926=ORIENTED_EDGE('',*,*,#5917,.F.);
#7927=ORIENTED_EDGE('',*,*,#5669,.T.);
#7928=ORIENTED_EDGE('',*,*,#5921,.T.);
#7929=ORIENTED_EDGE('',*,*,#5922,.T.);
#7930=ORIENTED_EDGE('',*,*,#5919,.F.);
#7931=ORIENTED_EDGE('',*,*,#5671,.T.);
#7932=ORIENTED_EDGE('',*,*,#5923,.T.);
#7933=ORIENTED_EDGE('',*,*,#5921,.F.);
#7934=ORIENTED_EDGE('',*,*,#5673,.T.);
#7935=ORIENTED_EDGE('',*,*,#5909,.F.);
#7936=ORIENTED_EDGE('',*,*,#5659,.T.);
#7937=ORIENTED_EDGE('',*,*,#5924,.T.);
#7938=ORIENTED_EDGE('',*,*,#5925,.T.);
#7939=ORIENTED_EDGE('',*,*,#5926,.T.);
#7940=ORIENTED_EDGE('',*,*,#5927,.T.);
#7941=ORIENTED_EDGE('',*,*,#5928,.T.);
#7942=ORIENTED_EDGE('',*,*,#5924,.F.);
#7943=ORIENTED_EDGE('',*,*,#5661,.T.);
#7944=ORIENTED_EDGE('',*,*,#5929,.T.);
#7945=ORIENTED_EDGE('',*,*,#5927,.F.);
#7946=ORIENTED_EDGE('',*,*,#5663,.T.);
#7947=ORIENTED_EDGE('',*,*,#5916,.F.);
#7948=ORIENTED_EDGE('',*,*,#5653,.T.);
#7949=ORIENTED_EDGE('',*,*,#5930,.T.);
#7950=ORIENTED_EDGE('',*,*,#5931,.T.);
#7951=ORIENTED_EDGE('',*,*,#5932,.T.);
#7952=ORIENTED_EDGE('',*,*,#5649,.T.);
#7953=ORIENTED_EDGE('',*,*,#5933,.T.);
#7954=ORIENTED_EDGE('',*,*,#5934,.T.);
#7955=ORIENTED_EDGE('',*,*,#5935,.T.);
#7956=ORIENTED_EDGE('',*,*,#5936,.T.);
#7957=ORIENTED_EDGE('',*,*,#5937,.T.);
#7958=ORIENTED_EDGE('',*,*,#5938,.T.);
#7959=ORIENTED_EDGE('',*,*,#5642,.T.);
#7960=ORIENTED_EDGE('',*,*,#5939,.T.);
#7961=ORIENTED_EDGE('',*,*,#5936,.F.);
#7962=ORIENTED_EDGE('',*,*,#5647,.T.);
#7963=ORIENTED_EDGE('',*,*,#5935,.F.);
#7964=ORIENTED_EDGE('',*,*,#5940,.T.);
#7965=ORIENTED_EDGE('',*,*,#5933,.F.);
#7966=ORIENTED_EDGE('',*,*,#5651,.T.);
#7967=ORIENTED_EDGE('',*,*,#5932,.F.);
#7968=ORIENTED_EDGE('',*,*,#5941,.T.);
#7969=ORIENTED_EDGE('',*,*,#5942,.T.);
#7970=ORIENTED_EDGE('',*,*,#5930,.F.);
#7971=ORIENTED_EDGE('',*,*,#5655,.T.);
#7972=ORIENTED_EDGE('',*,*,#5943,.T.);
#7973=ORIENTED_EDGE('',*,*,#5941,.F.);
#7974=ORIENTED_EDGE('',*,*,#5657,.T.);
#7975=ORIENTED_EDGE('',*,*,#5926,.F.);
#7976=ORIENTED_EDGE('',*,*,#5912,.F.);
#7977=ORIENTED_EDGE('',*,*,#5944,.T.);
#7978=ORIENTED_EDGE('',*,*,#5893,.F.);
#7979=ORIENTED_EDGE('',*,*,#5904,.F.);
#7980=ORIENTED_EDGE('',*,*,#5945,.T.);
#7981=ORIENTED_EDGE('',*,*,#5889,.F.);
#7982=ORIENTED_EDGE('',*,*,#5887,.F.);
#7983=ORIENTED_EDGE('',*,*,#5946,.T.);
#7984=ORIENTED_EDGE('',*,*,#5879,.F.);
#7985=ORIENTED_EDGE('',*,*,#5884,.F.);
#7986=ORIENTED_EDGE('',*,*,#5947,.T.);
#7987=ORIENTED_EDGE('',*,*,#5866,.F.);
#7988=ORIENTED_EDGE('',*,*,#5875,.F.);
#7989=ORIENTED_EDGE('',*,*,#5948,.T.);
#7990=ORIENTED_EDGE('',*,*,#5844,.F.);
#7991=ORIENTED_EDGE('',*,*,#5861,.F.);
#7992=ORIENTED_EDGE('',*,*,#5949,.T.);
#7993=ORIENTED_EDGE('',*,*,#5938,.F.);
#7994=ORIENTED_EDGE('',*,*,#5906,.F.);
#7995=ORIENTED_EDGE('',*,*,#5950,.T.);
#7996=ORIENTED_EDGE('',*,*,#5951,.T.);
#7997=ORIENTED_EDGE('',*,*,#5952,.F.);
#7998=ORIENTED_EDGE('',*,*,#5903,.F.);
#7999=ORIENTED_EDGE('',*,*,#5953,.T.);
#8000=ORIENTED_EDGE('',*,*,#5954,.T.);
#8001=ORIENTED_EDGE('',*,*,#5950,.F.);
#8002=ORIENTED_EDGE('',*,*,#5900,.F.);
#8003=ORIENTED_EDGE('',*,*,#5955,.T.);
#8004=ORIENTED_EDGE('',*,*,#5956,.T.);
#8005=ORIENTED_EDGE('',*,*,#5953,.F.);
#8006=ORIENTED_EDGE('',*,*,#5897,.F.);
#8007=ORIENTED_EDGE('',*,*,#5957,.T.);
#8008=ORIENTED_EDGE('',*,*,#5958,.T.);
#8009=ORIENTED_EDGE('',*,*,#5955,.F.);
#8010=ORIENTED_EDGE('',*,*,#5894,.F.);
#8011=ORIENTED_EDGE('',*,*,#5959,.F.);
#8012=ORIENTED_EDGE('',*,*,#5960,.T.);
#8013=ORIENTED_EDGE('',*,*,#5957,.F.);
#8014=ORIENTED_EDGE('',*,*,#5944,.F.);
#8015=ORIENTED_EDGE('',*,*,#5680,.T.);
#8016=ORIENTED_EDGE('',*,*,#5841,.F.);
#8017=ORIENTED_EDGE('',*,*,#5961,.T.);
#8018=ORIENTED_EDGE('',*,*,#5959,.T.);
#8019=ORIENTED_EDGE('',*,*,#5934,.F.);
#8020=ORIENTED_EDGE('',*,*,#5940,.F.);
#8021=ORIENTED_EDGE('',*,*,#5931,.F.);
#8022=ORIENTED_EDGE('',*,*,#5942,.F.);
#8023=ORIENTED_EDGE('',*,*,#5943,.F.);
#8024=ORIENTED_EDGE('',*,*,#5925,.F.);
#8025=ORIENTED_EDGE('',*,*,#5928,.F.);
#8026=ORIENTED_EDGE('',*,*,#5929,.F.);
#8027=ORIENTED_EDGE('',*,*,#5915,.F.);
#8028=ORIENTED_EDGE('',*,*,#5918,.F.);
#8029=ORIENTED_EDGE('',*,*,#5920,.F.);
#8030=ORIENTED_EDGE('',*,*,#5922,.F.);
#8031=ORIENTED_EDGE('',*,*,#5923,.F.);
#8032=ORIENTED_EDGE('',*,*,#5908,.F.);
#8033=ORIENTED_EDGE('',*,*,#5911,.F.);
#8034=ORIENTED_EDGE('',*,*,#5913,.F.);
#8035=ORIENTED_EDGE('',*,*,#5892,.F.);
#8036=ORIENTED_EDGE('',*,*,#5896,.F.);
#8037=ORIENTED_EDGE('',*,*,#5899,.F.);
#8038=ORIENTED_EDGE('',*,*,#5902,.F.);
#8039=ORIENTED_EDGE('',*,*,#5905,.F.);
#8040=ORIENTED_EDGE('',*,*,#5888,.F.);
#8041=ORIENTED_EDGE('',*,*,#5878,.F.);
#8042=ORIENTED_EDGE('',*,*,#5882,.F.);
#8043=ORIENTED_EDGE('',*,*,#5885,.F.);
#8044=ORIENTED_EDGE('',*,*,#5865,.F.);
#8045=ORIENTED_EDGE('',*,*,#5868,.F.);
#8046=ORIENTED_EDGE('',*,*,#5870,.F.);
#8047=ORIENTED_EDGE('',*,*,#5872,.F.);
#8048=ORIENTED_EDGE('',*,*,#5874,.F.);
#8049=ORIENTED_EDGE('',*,*,#5876,.F.);
#8050=ORIENTED_EDGE('',*,*,#5843,.F.);
#8051=ORIENTED_EDGE('',*,*,#5847,.F.);
#8052=ORIENTED_EDGE('',*,*,#5850,.F.);
#8053=ORIENTED_EDGE('',*,*,#5853,.F.);
#8054=ORIENTED_EDGE('',*,*,#5856,.F.);
#8055=ORIENTED_EDGE('',*,*,#5859,.F.);
#8056=ORIENTED_EDGE('',*,*,#5862,.F.);
#8057=ORIENTED_EDGE('',*,*,#5937,.F.);
#8058=ORIENTED_EDGE('',*,*,#5939,.F.);
#8059=ORIENTED_EDGE('',*,*,#5962,.T.);
#8060=ORIENTED_EDGE('',*,*,#5963,.T.);
#8061=ORIENTED_EDGE('',*,*,#5964,.T.);
#8062=ORIENTED_EDGE('',*,*,#5965,.T.);
#8063=ORIENTED_EDGE('',*,*,#5966,.T.);
#8064=ORIENTED_EDGE('',*,*,#5967,.T.);
#8065=ORIENTED_EDGE('',*,*,#5968,.T.);
#8066=ORIENTED_EDGE('',*,*,#5969,.T.);
#8067=ORIENTED_EDGE('',*,*,#5970,.T.);
#8068=ORIENTED_EDGE('',*,*,#5971,.T.);
#8069=ORIENTED_EDGE('',*,*,#5972,.T.);
#8070=ORIENTED_EDGE('',*,*,#5973,.T.);
#8071=ORIENTED_EDGE('',*,*,#5974,.T.);
#8072=ORIENTED_EDGE('',*,*,#5975,.T.);
#8073=ORIENTED_EDGE('',*,*,#5976,.T.);
#8074=ORIENTED_EDGE('',*,*,#5977,.T.);
#8075=ORIENTED_EDGE('',*,*,#5978,.T.);
#8076=ORIENTED_EDGE('',*,*,#5979,.T.);
#8077=ORIENTED_EDGE('',*,*,#5980,.T.);
#8078=ORIENTED_EDGE('',*,*,#5981,.T.);
#8079=ORIENTED_EDGE('',*,*,#5982,.T.);
#8080=ORIENTED_EDGE('',*,*,#5983,.T.);
#8081=ORIENTED_EDGE('',*,*,#5984,.T.);
#8082=ORIENTED_EDGE('',*,*,#5985,.T.);
#8083=ORIENTED_EDGE('',*,*,#5986,.T.);
#8084=ORIENTED_EDGE('',*,*,#5987,.T.);
#8085=ORIENTED_EDGE('',*,*,#5988,.T.);
#8086=ORIENTED_EDGE('',*,*,#5989,.T.);
#8087=ORIENTED_EDGE('',*,*,#5990,.T.);
#8088=ORIENTED_EDGE('',*,*,#5991,.T.);
#8089=ORIENTED_EDGE('',*,*,#5992,.T.);
#8090=ORIENTED_EDGE('',*,*,#5993,.T.);
#8091=ORIENTED_EDGE('',*,*,#5994,.T.);
#8092=ORIENTED_EDGE('',*,*,#5995,.T.);
#8093=ORIENTED_EDGE('',*,*,#5996,.T.);
#8094=ORIENTED_EDGE('',*,*,#5997,.T.);
#8095=ORIENTED_EDGE('',*,*,#5998,.T.);
#8096=ORIENTED_EDGE('',*,*,#5999,.T.);
#8097=ORIENTED_EDGE('',*,*,#6000,.T.);
#8098=ORIENTED_EDGE('',*,*,#6001,.T.);
#8099=ORIENTED_EDGE('',*,*,#6002,.T.);
#8100=ORIENTED_EDGE('',*,*,#6003,.T.);
#8101=ORIENTED_EDGE('',*,*,#6004,.T.);
#8102=ORIENTED_EDGE('',*,*,#6005,.T.);
#8103=ORIENTED_EDGE('',*,*,#6006,.T.);
#8104=ORIENTED_EDGE('',*,*,#6007,.T.);
#8105=ORIENTED_EDGE('',*,*,#6008,.T.);
#8106=ORIENTED_EDGE('',*,*,#6009,.T.);
#8107=ORIENTED_EDGE('',*,*,#6010,.T.);
#8108=ORIENTED_EDGE('',*,*,#6011,.T.);
#8109=ORIENTED_EDGE('',*,*,#6012,.T.);
#8110=ORIENTED_EDGE('',*,*,#6013,.T.);
#8111=ORIENTED_EDGE('',*,*,#6014,.T.);
#8112=ORIENTED_EDGE('',*,*,#6015,.T.);
#8113=ORIENTED_EDGE('',*,*,#6016,.T.);
#8114=ORIENTED_EDGE('',*,*,#6017,.T.);
#8115=ORIENTED_EDGE('',*,*,#6018,.T.);
#8116=ORIENTED_EDGE('',*,*,#6019,.T.);
#8117=ORIENTED_EDGE('',*,*,#6020,.T.);
#8118=ORIENTED_EDGE('',*,*,#6021,.T.);
#8119=ORIENTED_EDGE('',*,*,#6022,.T.);
#8120=ORIENTED_EDGE('',*,*,#6023,.T.);
#8121=ORIENTED_EDGE('',*,*,#6024,.T.);
#8122=ORIENTED_EDGE('',*,*,#6025,.T.);
#8123=ORIENTED_EDGE('',*,*,#6026,.T.);
#8124=ORIENTED_EDGE('',*,*,#6027,.T.);
#8125=ORIENTED_EDGE('',*,*,#6028,.T.);
#8126=ORIENTED_EDGE('',*,*,#6029,.T.);
#8127=ORIENTED_EDGE('',*,*,#6030,.T.);
#8128=ORIENTED_EDGE('',*,*,#6031,.T.);
#8129=ORIENTED_EDGE('',*,*,#6032,.T.);
#8130=ORIENTED_EDGE('',*,*,#6033,.T.);
#8131=ORIENTED_EDGE('',*,*,#6034,.T.);
#8132=ORIENTED_EDGE('',*,*,#6035,.T.);
#8133=ORIENTED_EDGE('',*,*,#6036,.T.);
#8134=ORIENTED_EDGE('',*,*,#6037,.T.);
#8135=ORIENTED_EDGE('',*,*,#6038,.T.);
#8136=ORIENTED_EDGE('',*,*,#6039,.T.);
#8137=ORIENTED_EDGE('',*,*,#6040,.T.);
#8138=ORIENTED_EDGE('',*,*,#6041,.T.);
#8139=ORIENTED_EDGE('',*,*,#6042,.T.);
#8140=ORIENTED_EDGE('',*,*,#6043,.T.);
#8141=ORIENTED_EDGE('',*,*,#6044,.T.);
#8142=ORIENTED_EDGE('',*,*,#6045,.T.);
#8143=ORIENTED_EDGE('',*,*,#6046,.T.);
#8144=ORIENTED_EDGE('',*,*,#6047,.T.);
#8145=ORIENTED_EDGE('',*,*,#6048,.T.);
#8146=ORIENTED_EDGE('',*,*,#6049,.T.);
#8147=ORIENTED_EDGE('',*,*,#6050,.T.);
#8148=ORIENTED_EDGE('',*,*,#6051,.T.);
#8149=ORIENTED_EDGE('',*,*,#6052,.T.);
#8150=ORIENTED_EDGE('',*,*,#6053,.T.);
#8151=ORIENTED_EDGE('',*,*,#6054,.T.);
#8152=ORIENTED_EDGE('',*,*,#6055,.T.);
#8153=ORIENTED_EDGE('',*,*,#6056,.T.);
#8154=ORIENTED_EDGE('',*,*,#6057,.T.);
#8155=ORIENTED_EDGE('',*,*,#6058,.T.);
#8156=ORIENTED_EDGE('',*,*,#6059,.T.);
#8157=ORIENTED_EDGE('',*,*,#6060,.T.);
#8158=ORIENTED_EDGE('',*,*,#6061,.T.);
#8159=ORIENTED_EDGE('',*,*,#6062,.T.);
#8160=ORIENTED_EDGE('',*,*,#6063,.T.);
#8161=ORIENTED_EDGE('',*,*,#6064,.T.);
#8162=ORIENTED_EDGE('',*,*,#6065,.T.);
#8163=ORIENTED_EDGE('',*,*,#6066,.T.);
#8164=ORIENTED_EDGE('',*,*,#6067,.T.);
#8165=ORIENTED_EDGE('',*,*,#6068,.T.);
#8166=ORIENTED_EDGE('',*,*,#6069,.T.);
#8167=ORIENTED_EDGE('',*,*,#6070,.F.);
#8168=ORIENTED_EDGE('',*,*,#6071,.T.);
#8169=ORIENTED_EDGE('',*,*,#6072,.F.);
#8170=ORIENTED_EDGE('',*,*,#6073,.T.);
#8171=ORIENTED_EDGE('',*,*,#6074,.T.);
#8172=ORIENTED_EDGE('',*,*,#6075,.T.);
#8173=ORIENTED_EDGE('',*,*,#6076,.T.);
#8174=ORIENTED_EDGE('',*,*,#6077,.T.);
#8175=ORIENTED_EDGE('',*,*,#6078,.T.);
#8176=ORIENTED_EDGE('',*,*,#6079,.T.);
#8177=ORIENTED_EDGE('',*,*,#6080,.T.);
#8178=ORIENTED_EDGE('',*,*,#6081,.T.);
#8179=ORIENTED_EDGE('',*,*,#6082,.T.);
#8180=ORIENTED_EDGE('',*,*,#6083,.T.);
#8181=ORIENTED_EDGE('',*,*,#6084,.T.);
#8182=ORIENTED_EDGE('',*,*,#6085,.F.);
#8183=ORIENTED_EDGE('',*,*,#6086,.F.);
#8184=ORIENTED_EDGE('',*,*,#6087,.F.);
#8185=ORIENTED_EDGE('',*,*,#6088,.T.);
#8186=ORIENTED_EDGE('',*,*,#6089,.T.);
#8187=ORIENTED_EDGE('',*,*,#6090,.T.);
#8188=ORIENTED_EDGE('',*,*,#6091,.T.);
#8189=ORIENTED_EDGE('',*,*,#6092,.T.);
#8190=ORIENTED_EDGE('',*,*,#6093,.T.);
#8191=ORIENTED_EDGE('',*,*,#6094,.T.);
#8192=ORIENTED_EDGE('',*,*,#6095,.T.);
#8193=ORIENTED_EDGE('',*,*,#6096,.T.);
#8194=ORIENTED_EDGE('',*,*,#6097,.T.);
#8195=ORIENTED_EDGE('',*,*,#6098,.T.);
#8196=ORIENTED_EDGE('',*,*,#6099,.T.);
#8197=ORIENTED_EDGE('',*,*,#6100,.T.);
#8198=ORIENTED_EDGE('',*,*,#6101,.T.);
#8199=ORIENTED_EDGE('',*,*,#6102,.T.);
#8200=ORIENTED_EDGE('',*,*,#6103,.T.);
#8201=ORIENTED_EDGE('',*,*,#6104,.T.);
#8202=ORIENTED_EDGE('',*,*,#6105,.T.);
#8203=ORIENTED_EDGE('',*,*,#6106,.T.);
#8204=ORIENTED_EDGE('',*,*,#6107,.T.);
#8205=ORIENTED_EDGE('',*,*,#6108,.T.);
#8206=ORIENTED_EDGE('',*,*,#6109,.T.);
#8207=ORIENTED_EDGE('',*,*,#6110,.T.);
#8208=ORIENTED_EDGE('',*,*,#6111,.T.);
#8209=ORIENTED_EDGE('',*,*,#6112,.T.);
#8210=ORIENTED_EDGE('',*,*,#6113,.T.);
#8211=ORIENTED_EDGE('',*,*,#6114,.T.);
#8212=ORIENTED_EDGE('',*,*,#6115,.T.);
#8213=ORIENTED_EDGE('',*,*,#6116,.T.);
#8214=ORIENTED_EDGE('',*,*,#6117,.T.);
#8215=ORIENTED_EDGE('',*,*,#6118,.T.);
#8216=ORIENTED_EDGE('',*,*,#6119,.T.);
#8217=ORIENTED_EDGE('',*,*,#6120,.T.);
#8218=ORIENTED_EDGE('',*,*,#6121,.T.);
#8219=ORIENTED_EDGE('',*,*,#6122,.T.);
#8220=ORIENTED_EDGE('',*,*,#6123,.T.);
#8221=ORIENTED_EDGE('',*,*,#6124,.T.);
#8222=ORIENTED_EDGE('',*,*,#6125,.T.);
#8223=ORIENTED_EDGE('',*,*,#6126,.T.);
#8224=ORIENTED_EDGE('',*,*,#6127,.T.);
#8225=ORIENTED_EDGE('',*,*,#6128,.F.);
#8226=ORIENTED_EDGE('',*,*,#6129,.F.);
#8227=ORIENTED_EDGE('',*,*,#6130,.F.);
#8228=ORIENTED_EDGE('',*,*,#6131,.T.);
#8229=ORIENTED_EDGE('',*,*,#6132,.F.);
#8230=ORIENTED_EDGE('',*,*,#6133,.F.);
#8231=ORIENTED_EDGE('',*,*,#6134,.F.);
#8232=ORIENTED_EDGE('',*,*,#6135,.T.);
#8233=ORIENTED_EDGE('',*,*,#6136,.T.);
#8234=ORIENTED_EDGE('',*,*,#6137,.T.);
#8235=ORIENTED_EDGE('',*,*,#6138,.T.);
#8236=ORIENTED_EDGE('',*,*,#6139,.T.);
#8237=ORIENTED_EDGE('',*,*,#6140,.T.);
#8238=ORIENTED_EDGE('',*,*,#6141,.T.);
#8239=ORIENTED_EDGE('',*,*,#6142,.T.);
#8240=ORIENTED_EDGE('',*,*,#6143,.T.);
#8241=ORIENTED_EDGE('',*,*,#6144,.T.);
#8242=ORIENTED_EDGE('',*,*,#6145,.T.);
#8243=ORIENTED_EDGE('',*,*,#6146,.T.);
#8244=ORIENTED_EDGE('',*,*,#6147,.T.);
#8245=ORIENTED_EDGE('',*,*,#6148,.T.);
#8246=ORIENTED_EDGE('',*,*,#6149,.T.);
#8247=ORIENTED_EDGE('',*,*,#6150,.T.);
#8248=ORIENTED_EDGE('',*,*,#6151,.T.);
#8249=ORIENTED_EDGE('',*,*,#6152,.T.);
#8250=ORIENTED_EDGE('',*,*,#6153,.T.);
#8251=ORIENTED_EDGE('',*,*,#6154,.T.);
#8252=ORIENTED_EDGE('',*,*,#6155,.T.);
#8253=ORIENTED_EDGE('',*,*,#6156,.T.);
#8254=ORIENTED_EDGE('',*,*,#6157,.T.);
#8255=ORIENTED_EDGE('',*,*,#6158,.T.);
#8256=ORIENTED_EDGE('',*,*,#6159,.T.);
#8257=ORIENTED_EDGE('',*,*,#6160,.T.);
#8258=ORIENTED_EDGE('',*,*,#6161,.T.);
#8259=ORIENTED_EDGE('',*,*,#6162,.T.);
#8260=ORIENTED_EDGE('',*,*,#6163,.T.);
#8261=ORIENTED_EDGE('',*,*,#6164,.T.);
#8262=ORIENTED_EDGE('',*,*,#6165,.T.);
#8263=ORIENTED_EDGE('',*,*,#6166,.T.);
#8264=ORIENTED_EDGE('',*,*,#6167,.T.);
#8265=ORIENTED_EDGE('',*,*,#6168,.T.);
#8266=ORIENTED_EDGE('',*,*,#6169,.T.);
#8267=ORIENTED_EDGE('',*,*,#6170,.T.);
#8268=ORIENTED_EDGE('',*,*,#6171,.T.);
#8269=ORIENTED_EDGE('',*,*,#6172,.T.);
#8270=ORIENTED_EDGE('',*,*,#6173,.T.);
#8271=ORIENTED_EDGE('',*,*,#6174,.T.);
#8272=ORIENTED_EDGE('',*,*,#6175,.T.);
#8273=ORIENTED_EDGE('',*,*,#6176,.T.);
#8274=ORIENTED_EDGE('',*,*,#6177,.T.);
#8275=ORIENTED_EDGE('',*,*,#6178,.T.);
#8276=ORIENTED_EDGE('',*,*,#6179,.T.);
#8277=ORIENTED_EDGE('',*,*,#6180,.T.);
#8278=ORIENTED_EDGE('',*,*,#6181,.T.);
#8279=ORIENTED_EDGE('',*,*,#6182,.T.);
#8280=ORIENTED_EDGE('',*,*,#6183,.T.);
#8281=ORIENTED_EDGE('',*,*,#6184,.T.);
#8282=ORIENTED_EDGE('',*,*,#6185,.T.);
#8283=ORIENTED_EDGE('',*,*,#6186,.T.);
#8284=ORIENTED_EDGE('',*,*,#6187,.T.);
#8285=ORIENTED_EDGE('',*,*,#6188,.T.);
#8286=ORIENTED_EDGE('',*,*,#6189,.T.);
#8287=ORIENTED_EDGE('',*,*,#6190,.T.);
#8288=ORIENTED_EDGE('',*,*,#6191,.T.);
#8289=ORIENTED_EDGE('',*,*,#6192,.F.);
#8290=ORIENTED_EDGE('',*,*,#6193,.F.);
#8291=ORIENTED_EDGE('',*,*,#6194,.F.);
#8292=ORIENTED_EDGE('',*,*,#6195,.T.);
#8293=ORIENTED_EDGE('',*,*,#6196,.T.);
#8294=ORIENTED_EDGE('',*,*,#6197,.T.);
#8295=ORIENTED_EDGE('',*,*,#6198,.T.);
#8296=ORIENTED_EDGE('',*,*,#6199,.T.);
#8297=ORIENTED_EDGE('',*,*,#6200,.T.);
#8298=ORIENTED_EDGE('',*,*,#6201,.T.);
#8299=ORIENTED_EDGE('',*,*,#6202,.T.);
#8300=ORIENTED_EDGE('',*,*,#6203,.T.);
#8301=ORIENTED_EDGE('',*,*,#6204,.T.);
#8302=ORIENTED_EDGE('',*,*,#6205,.T.);
#8303=ORIENTED_EDGE('',*,*,#6206,.T.);
#8304=ORIENTED_EDGE('',*,*,#6207,.T.);
#8305=ORIENTED_EDGE('',*,*,#6208,.T.);
#8306=ORIENTED_EDGE('',*,*,#6209,.T.);
#8307=ORIENTED_EDGE('',*,*,#6210,.T.);
#8308=ORIENTED_EDGE('',*,*,#6211,.T.);
#8309=ORIENTED_EDGE('',*,*,#6212,.T.);
#8310=ORIENTED_EDGE('',*,*,#6213,.T.);
#8311=ORIENTED_EDGE('',*,*,#6214,.F.);
#8312=ORIENTED_EDGE('',*,*,#6215,.F.);
#8313=ORIENTED_EDGE('',*,*,#6216,.F.);
#8314=ORIENTED_EDGE('',*,*,#6217,.T.);
#8315=ORIENTED_EDGE('',*,*,#6218,.T.);
#8316=ORIENTED_EDGE('',*,*,#6219,.T.);
#8317=ORIENTED_EDGE('',*,*,#6220,.T.);
#8318=ORIENTED_EDGE('',*,*,#6221,.T.);
#8319=ORIENTED_EDGE('',*,*,#6222,.T.);
#8320=ORIENTED_EDGE('',*,*,#6223,.T.);
#8321=ORIENTED_EDGE('',*,*,#6224,.T.);
#8322=ORIENTED_EDGE('',*,*,#6225,.T.);
#8323=ORIENTED_EDGE('',*,*,#6226,.T.);
#8324=ORIENTED_EDGE('',*,*,#6227,.T.);
#8325=ORIENTED_EDGE('',*,*,#6228,.T.);
#8326=ORIENTED_EDGE('',*,*,#6229,.T.);
#8327=ORIENTED_EDGE('',*,*,#6230,.T.);
#8328=ORIENTED_EDGE('',*,*,#6231,.T.);
#8329=ORIENTED_EDGE('',*,*,#6232,.T.);
#8330=ORIENTED_EDGE('',*,*,#6233,.T.);
#8331=ORIENTED_EDGE('',*,*,#6234,.T.);
#8332=ORIENTED_EDGE('',*,*,#6235,.T.);
#8333=ORIENTED_EDGE('',*,*,#6236,.T.);
#8334=ORIENTED_EDGE('',*,*,#6237,.T.);
#8335=ORIENTED_EDGE('',*,*,#6238,.T.);
#8336=ORIENTED_EDGE('',*,*,#6239,.T.);
#8337=ORIENTED_EDGE('',*,*,#6240,.T.);
#8338=ORIENTED_EDGE('',*,*,#6241,.T.);
#8339=ORIENTED_EDGE('',*,*,#6242,.T.);
#8340=ORIENTED_EDGE('',*,*,#6243,.T.);
#8341=ORIENTED_EDGE('',*,*,#6244,.T.);
#8342=ORIENTED_EDGE('',*,*,#6245,.T.);
#8343=ORIENTED_EDGE('',*,*,#6246,.T.);
#8344=ORIENTED_EDGE('',*,*,#6247,.T.);
#8345=ORIENTED_EDGE('',*,*,#6248,.T.);
#8346=ORIENTED_EDGE('',*,*,#6249,.T.);
#8347=ORIENTED_EDGE('',*,*,#6250,.T.);
#8348=ORIENTED_EDGE('',*,*,#6251,.T.);
#8349=ORIENTED_EDGE('',*,*,#6252,.T.);
#8350=ORIENTED_EDGE('',*,*,#6253,.T.);
#8351=ORIENTED_EDGE('',*,*,#6254,.T.);
#8352=ORIENTED_EDGE('',*,*,#6255,.T.);
#8353=ORIENTED_EDGE('',*,*,#6256,.T.);
#8354=ORIENTED_EDGE('',*,*,#6257,.T.);
#8355=ORIENTED_EDGE('',*,*,#6258,.T.);
#8356=ORIENTED_EDGE('',*,*,#6259,.T.);
#8357=ORIENTED_EDGE('',*,*,#6260,.T.);
#8358=ORIENTED_EDGE('',*,*,#6261,.T.);
#8359=ORIENTED_EDGE('',*,*,#6262,.T.);
#8360=ORIENTED_EDGE('',*,*,#6263,.T.);
#8361=ORIENTED_EDGE('',*,*,#6264,.T.);
#8362=ORIENTED_EDGE('',*,*,#6265,.T.);
#8363=ORIENTED_EDGE('',*,*,#6266,.T.);
#8364=ORIENTED_EDGE('',*,*,#6267,.T.);
#8365=ORIENTED_EDGE('',*,*,#6268,.T.);
#8366=ORIENTED_EDGE('',*,*,#6269,.T.);
#8367=ORIENTED_EDGE('',*,*,#6270,.T.);
#8368=ORIENTED_EDGE('',*,*,#6271,.T.);
#8369=ORIENTED_EDGE('',*,*,#6272,.T.);
#8370=ORIENTED_EDGE('',*,*,#6273,.T.);
#8371=ORIENTED_EDGE('',*,*,#6274,.T.);
#8372=ORIENTED_EDGE('',*,*,#6275,.T.);
#8373=ORIENTED_EDGE('',*,*,#6276,.T.);
#8374=ORIENTED_EDGE('',*,*,#6277,.T.);
#8375=ORIENTED_EDGE('',*,*,#6278,.T.);
#8376=ORIENTED_EDGE('',*,*,#6279,.T.);
#8377=ORIENTED_EDGE('',*,*,#6280,.T.);
#8378=ORIENTED_EDGE('',*,*,#6281,.T.);
#8379=ORIENTED_EDGE('',*,*,#6282,.F.);
#8380=ORIENTED_EDGE('',*,*,#6283,.F.);
#8381=ORIENTED_EDGE('',*,*,#6284,.T.);
#8382=ORIENTED_EDGE('',*,*,#5945,.F.);
#8383=ORIENTED_EDGE('',*,*,#5952,.T.);
#8384=ORIENTED_EDGE('',*,*,#6285,.T.);
#8385=ORIENTED_EDGE('',*,*,#6286,.T.);
#8386=ORIENTED_EDGE('',*,*,#5890,.F.);
#8387=ORIENTED_EDGE('',*,*,#6286,.F.);
#8388=ORIENTED_EDGE('',*,*,#6287,.T.);
#8389=ORIENTED_EDGE('',*,*,#6288,.F.);
#8390=ORIENTED_EDGE('',*,*,#5946,.F.);
#8391=ORIENTED_EDGE('',*,*,#6288,.T.);
#8392=ORIENTED_EDGE('',*,*,#6289,.T.);
#8393=ORIENTED_EDGE('',*,*,#6290,.T.);
#8394=ORIENTED_EDGE('',*,*,#5947,.F.);
#8395=ORIENTED_EDGE('',*,*,#6291,.T.);
#8396=ORIENTED_EDGE('',*,*,#6292,.T.);
#8397=ORIENTED_EDGE('',*,*,#5835,.F.);
#8398=ORIENTED_EDGE('',*,*,#5686,.T.);
#8399=ORIENTED_EDGE('',*,*,#5886,.F.);
#8400=ORIENTED_EDGE('',*,*,#6293,.T.);
#8401=ORIENTED_EDGE('',*,*,#6294,.T.);
#8402=ORIENTED_EDGE('',*,*,#6291,.F.);
#8403=ORIENTED_EDGE('',*,*,#5948,.F.);
#8404=ORIENTED_EDGE('',*,*,#5595,.T.);
#8405=ORIENTED_EDGE('',*,*,#5834,.F.);
#8406=ORIENTED_EDGE('',*,*,#6295,.T.);
#8407=ORIENTED_EDGE('',*,*,#5845,.F.);
#8408=ORIENTED_EDGE('',*,*,#6295,.F.);
#8409=ORIENTED_EDGE('',*,*,#6296,.T.);
#8410=ORIENTED_EDGE('',*,*,#6297,.F.);
#8411=ORIENTED_EDGE('',*,*,#5949,.F.);
#8412=ORIENTED_EDGE('',*,*,#6298,.T.);
#8413=ORIENTED_EDGE('',*,*,#6299,.F.);
#8414=ORIENTED_EDGE('',*,*,#5830,.F.);
#8415=ORIENTED_EDGE('',*,*,#5643,.T.);
#8416=ORIENTED_EDGE('',*,*,#5883,.F.);
#8417=ORIENTED_EDGE('',*,*,#6300,.T.);
#8418=ORIENTED_EDGE('',*,*,#6301,.T.);
#8419=ORIENTED_EDGE('',*,*,#6293,.F.);
#8420=ORIENTED_EDGE('',*,*,#5880,.F.);
#8421=ORIENTED_EDGE('',*,*,#6290,.F.);
#8422=ORIENTED_EDGE('',*,*,#6302,.T.);
#8423=ORIENTED_EDGE('',*,*,#6300,.F.);
#8424=ORIENTED_EDGE('',*,*,#5860,.F.);
#8425=ORIENTED_EDGE('',*,*,#6303,.T.);
#8426=ORIENTED_EDGE('',*,*,#6304,.T.);
#8427=ORIENTED_EDGE('',*,*,#6305,.F.);
#8428=ORIENTED_EDGE('',*,*,#5857,.F.);
#8429=ORIENTED_EDGE('',*,*,#6306,.T.);
#8430=ORIENTED_EDGE('',*,*,#6307,.T.);
#8431=ORIENTED_EDGE('',*,*,#6303,.F.);
#8432=ORIENTED_EDGE('',*,*,#5854,.F.);
#8433=ORIENTED_EDGE('',*,*,#6308,.T.);
#8434=ORIENTED_EDGE('',*,*,#6309,.T.);
#8435=ORIENTED_EDGE('',*,*,#6306,.F.);
#8436=ORIENTED_EDGE('',*,*,#5851,.F.);
#8437=ORIENTED_EDGE('',*,*,#6310,.T.);
#8438=ORIENTED_EDGE('',*,*,#6311,.T.);
#8439=ORIENTED_EDGE('',*,*,#6308,.F.);
#8440=ORIENTED_EDGE('',*,*,#5848,.F.);
#8441=ORIENTED_EDGE('',*,*,#6297,.T.);
#8442=ORIENTED_EDGE('',*,*,#6312,.T.);
#8443=ORIENTED_EDGE('',*,*,#6310,.F.);
#8444=ORIENTED_EDGE('',*,*,#5863,.F.);
#8445=ORIENTED_EDGE('',*,*,#6305,.T.);
#8446=ORIENTED_EDGE('',*,*,#6313,.T.);
#8447=ORIENTED_EDGE('',*,*,#6298,.F.);
#8448=ORIENTED_EDGE('',*,*,#5831,.F.);
#8449=ORIENTED_EDGE('',*,*,#6299,.T.);
#8450=ORIENTED_EDGE('',*,*,#6313,.F.);
#8451=ORIENTED_EDGE('',*,*,#6304,.F.);
#8452=ORIENTED_EDGE('',*,*,#6307,.F.);
#8453=ORIENTED_EDGE('',*,*,#6309,.F.);
#8454=ORIENTED_EDGE('',*,*,#6311,.F.);
#8455=ORIENTED_EDGE('',*,*,#6312,.F.);
#8456=ORIENTED_EDGE('',*,*,#6296,.F.);
#8457=ORIENTED_EDGE('',*,*,#5833,.F.);
#8458=ORIENTED_EDGE('',*,*,#6072,.T.);
#8459=ORIENTED_EDGE('',*,*,#6314,.T.);
#8460=ORIENTED_EDGE('',*,*,#6315,.T.);
#8461=ORIENTED_EDGE('',*,*,#6316,.T.);
#8462=ORIENTED_EDGE('',*,*,#6314,.F.);
#8463=ORIENTED_EDGE('',*,*,#6071,.F.);
#8464=ORIENTED_EDGE('',*,*,#6317,.F.);
#8465=ORIENTED_EDGE('',*,*,#6318,.F.);
#8466=ORIENTED_EDGE('',*,*,#6319,.T.);
#8467=ORIENTED_EDGE('',*,*,#6317,.T.);
#8468=ORIENTED_EDGE('',*,*,#6070,.T.);
#8469=ORIENTED_EDGE('',*,*,#6320,.T.);
#8470=ORIENTED_EDGE('',*,*,#6284,.F.);
#8471=ORIENTED_EDGE('',*,*,#6321,.T.);
#8472=ORIENTED_EDGE('',*,*,#6322,.T.);
#8473=ORIENTED_EDGE('',*,*,#6323,.T.);
#8474=ORIENTED_EDGE('',*,*,#6323,.F.);
#8475=ORIENTED_EDGE('',*,*,#6324,.F.);
#8476=ORIENTED_EDGE('',*,*,#6325,.F.);
#8477=ORIENTED_EDGE('',*,*,#6275,.F.);
#8478=ORIENTED_EDGE('',*,*,#6326,.T.);
#8479=ORIENTED_EDGE('',*,*,#6327,.T.);
#8480=ORIENTED_EDGE('',*,*,#6282,.T.);
#8481=ORIENTED_EDGE('',*,*,#6328,.T.);
#8482=ORIENTED_EDGE('',*,*,#6321,.F.);
#8483=ORIENTED_EDGE('',*,*,#6283,.T.);
#8484=ORIENTED_EDGE('',*,*,#6327,.F.);
#8485=ORIENTED_EDGE('',*,*,#6329,.F.);
#8486=ORIENTED_EDGE('',*,*,#6330,.T.);
#8487=ORIENTED_EDGE('',*,*,#6331,.T.);
#8488=ORIENTED_EDGE('',*,*,#6192,.T.);
#8489=ORIENTED_EDGE('',*,*,#6332,.T.);
#8490=ORIENTED_EDGE('',*,*,#6331,.F.);
#8491=ORIENTED_EDGE('',*,*,#6333,.F.);
#8492=ORIENTED_EDGE('',*,*,#6334,.F.);
#8493=ORIENTED_EDGE('',*,*,#6193,.T.);
#8494=ORIENTED_EDGE('',*,*,#6194,.T.);
#8495=ORIENTED_EDGE('',*,*,#6334,.T.);
#8496=ORIENTED_EDGE('',*,*,#6335,.T.);
#8497=ORIENTED_EDGE('',*,*,#6336,.T.);
#8498=ORIENTED_EDGE('',*,*,#6337,.T.);
#8499=ORIENTED_EDGE('',*,*,#6338,.T.);
#8500=ORIENTED_EDGE('',*,*,#6214,.T.);
#8501=ORIENTED_EDGE('',*,*,#6339,.T.);
#8502=ORIENTED_EDGE('',*,*,#6338,.F.);
#8503=ORIENTED_EDGE('',*,*,#6340,.F.);
#8504=ORIENTED_EDGE('',*,*,#6341,.F.);
#8505=ORIENTED_EDGE('',*,*,#6215,.T.);
#8506=ORIENTED_EDGE('',*,*,#6216,.T.);
#8507=ORIENTED_EDGE('',*,*,#6341,.T.);
#8508=ORIENTED_EDGE('',*,*,#6342,.T.);
#8509=ORIENTED_EDGE('',*,*,#6343,.T.);
#8510=ORIENTED_EDGE('',*,*,#6344,.T.);
#8511=ORIENTED_EDGE('',*,*,#6345,.T.);
#8512=ORIENTED_EDGE('',*,*,#6128,.T.);
#8513=ORIENTED_EDGE('',*,*,#6346,.T.);
#8514=ORIENTED_EDGE('',*,*,#6345,.F.);
#8515=ORIENTED_EDGE('',*,*,#6347,.F.);
#8516=ORIENTED_EDGE('',*,*,#6348,.F.);
#8517=ORIENTED_EDGE('',*,*,#6129,.T.);
#8518=ORIENTED_EDGE('',*,*,#6130,.T.);
#8519=ORIENTED_EDGE('',*,*,#6348,.T.);
#8520=ORIENTED_EDGE('',*,*,#6349,.T.);
#8521=ORIENTED_EDGE('',*,*,#6350,.T.);
#8522=ORIENTED_EDGE('',*,*,#6351,.T.);
#8523=ORIENTED_EDGE('',*,*,#6352,.T.);
#8524=ORIENTED_EDGE('',*,*,#6132,.T.);
#8525=ORIENTED_EDGE('',*,*,#6353,.T.);
#8526=ORIENTED_EDGE('',*,*,#6352,.F.);
#8527=ORIENTED_EDGE('',*,*,#6354,.F.);
#8528=ORIENTED_EDGE('',*,*,#6355,.F.);
#8529=ORIENTED_EDGE('',*,*,#6133,.T.);
#8530=ORIENTED_EDGE('',*,*,#6134,.T.);
#8531=ORIENTED_EDGE('',*,*,#6355,.T.);
#8532=ORIENTED_EDGE('',*,*,#6356,.T.);
#8533=ORIENTED_EDGE('',*,*,#6357,.T.);
#8534=ORIENTED_EDGE('',*,*,#6358,.T.);
#8535=ORIENTED_EDGE('',*,*,#6359,.T.);
#8536=ORIENTED_EDGE('',*,*,#6085,.T.);
#8537=ORIENTED_EDGE('',*,*,#6360,.T.);
#8538=ORIENTED_EDGE('',*,*,#6359,.F.);
#8539=ORIENTED_EDGE('',*,*,#6361,.F.);
#8540=ORIENTED_EDGE('',*,*,#6362,.F.);
#8541=ORIENTED_EDGE('',*,*,#6086,.T.);
#8542=ORIENTED_EDGE('',*,*,#6087,.T.);
#8543=ORIENTED_EDGE('',*,*,#6362,.T.);
#8544=ORIENTED_EDGE('',*,*,#6363,.T.);
#8545=ORIENTED_EDGE('',*,*,#6364,.T.);
#8546=ORIENTED_EDGE('',*,*,#6364,.F.);
#8547=ORIENTED_EDGE('',*,*,#6365,.F.);
#8548=ORIENTED_EDGE('',*,*,#6366,.F.);
#8549=ORIENTED_EDGE('',*,*,#6077,.F.);
#8550=ORIENTED_EDGE('',*,*,#6332,.F.);
#8551=ORIENTED_EDGE('',*,*,#6191,.F.);
#8552=ORIENTED_EDGE('',*,*,#6367,.F.);
#8553=ORIENTED_EDGE('',*,*,#6368,.F.);
#8554=ORIENTED_EDGE('',*,*,#6339,.F.);
#8555=ORIENTED_EDGE('',*,*,#6213,.F.);
#8556=ORIENTED_EDGE('',*,*,#6369,.T.);
#8557=ORIENTED_EDGE('',*,*,#6370,.F.);
#8558=ORIENTED_EDGE('',*,*,#6371,.T.);
#8559=ORIENTED_EDGE('',*,*,#6372,.F.);
#8560=ORIENTED_EDGE('',*,*,#6373,.F.);
#8561=ORIENTED_EDGE('',*,*,#6374,.F.);
#8562=ORIENTED_EDGE('',*,*,#6346,.F.);
#8563=ORIENTED_EDGE('',*,*,#6127,.F.);
#8564=ORIENTED_EDGE('',*,*,#6375,.F.);
#8565=ORIENTED_EDGE('',*,*,#6376,.F.);
#8566=ORIENTED_EDGE('',*,*,#6316,.F.);
#8567=ORIENTED_EDGE('',*,*,#6377,.F.);
#8568=ORIENTED_EDGE('',*,*,#6378,.F.);
#8569=ORIENTED_EDGE('',*,*,#6073,.F.);
#8570=ORIENTED_EDGE('',*,*,#6353,.F.);
#8571=ORIENTED_EDGE('',*,*,#6131,.F.);
#8572=ORIENTED_EDGE('',*,*,#6379,.T.);
#8573=ORIENTED_EDGE('',*,*,#6380,.F.);
#8574=ORIENTED_EDGE('',*,*,#6381,.F.);
#8575=ORIENTED_EDGE('',*,*,#6382,.F.);
#8576=ORIENTED_EDGE('',*,*,#6383,.F.);
#8577=ORIENTED_EDGE('',*,*,#6384,.F.);
#8578=ORIENTED_EDGE('',*,*,#6385,.F.);
#8579=ORIENTED_EDGE('',*,*,#6386,.F.);
#8580=ORIENTED_EDGE('',*,*,#6387,.F.);
#8581=ORIENTED_EDGE('',*,*,#6388,.F.);
#8582=ORIENTED_EDGE('',*,*,#6389,.F.);
#8583=ORIENTED_EDGE('',*,*,#6385,.T.);
#8584=ORIENTED_EDGE('',*,*,#6390,.F.);
#8585=ORIENTED_EDGE('',*,*,#6047,.F.);
#8586=ORIENTED_EDGE('',*,*,#6391,.T.);
#8587=ORIENTED_EDGE('',*,*,#6384,.T.);
#8588=ORIENTED_EDGE('',*,*,#6392,.F.);
#8589=ORIENTED_EDGE('',*,*,#6048,.F.);
#8590=ORIENTED_EDGE('',*,*,#6390,.T.);
#8591=ORIENTED_EDGE('',*,*,#6383,.T.);
#8592=ORIENTED_EDGE('',*,*,#6393,.F.);
#8593=ORIENTED_EDGE('',*,*,#6049,.F.);
#8594=ORIENTED_EDGE('',*,*,#6392,.T.);
#8595=ORIENTED_EDGE('',*,*,#6382,.T.);
#8596=ORIENTED_EDGE('',*,*,#6394,.F.);
#8597=ORIENTED_EDGE('',*,*,#6041,.F.);
#8598=ORIENTED_EDGE('',*,*,#6393,.T.);
#8599=ORIENTED_EDGE('',*,*,#6395,.F.);
#8600=ORIENTED_EDGE('',*,*,#6396,.F.);
#8601=ORIENTED_EDGE('',*,*,#6397,.F.);
#8602=ORIENTED_EDGE('',*,*,#6398,.F.);
#8603=ORIENTED_EDGE('',*,*,#6399,.F.);
#8604=ORIENTED_EDGE('',*,*,#6400,.T.);
#8605=ORIENTED_EDGE('',*,*,#6401,.T.);
#8606=ORIENTED_EDGE('',*,*,#6402,.T.);
#8607=ORIENTED_EDGE('',*,*,#5971,.F.);
#8608=ORIENTED_EDGE('',*,*,#6403,.T.);
#8609=ORIENTED_EDGE('',*,*,#6404,.F.);
#8610=ORIENTED_EDGE('',*,*,#6400,.F.);
#8611=ORIENTED_EDGE('',*,*,#5970,.F.);
#8612=ORIENTED_EDGE('',*,*,#6405,.T.);
#8613=ORIENTED_EDGE('',*,*,#6406,.F.);
#8614=ORIENTED_EDGE('',*,*,#6403,.F.);
#8615=ORIENTED_EDGE('',*,*,#5969,.F.);
#8616=ORIENTED_EDGE('',*,*,#6407,.T.);
#8617=ORIENTED_EDGE('',*,*,#6408,.F.);
#8618=ORIENTED_EDGE('',*,*,#6405,.F.);
#8619=ORIENTED_EDGE('',*,*,#5968,.F.);
#8620=ORIENTED_EDGE('',*,*,#6409,.T.);
#8621=ORIENTED_EDGE('',*,*,#6410,.F.);
#8622=ORIENTED_EDGE('',*,*,#6407,.F.);
#8623=ORIENTED_EDGE('',*,*,#5967,.F.);
#8624=ORIENTED_EDGE('',*,*,#6411,.F.);
#8625=ORIENTED_EDGE('',*,*,#6412,.F.);
#8626=ORIENTED_EDGE('',*,*,#6409,.F.);
#8627=ORIENTED_EDGE('',*,*,#5966,.F.);
#8628=ORIENTED_EDGE('',*,*,#6413,.T.);
#8629=ORIENTED_EDGE('',*,*,#6414,.T.);
#8630=ORIENTED_EDGE('',*,*,#6411,.T.);
#8631=ORIENTED_EDGE('',*,*,#5965,.F.);
#8632=ORIENTED_EDGE('',*,*,#6415,.F.);
#8633=ORIENTED_EDGE('',*,*,#6416,.F.);
#8634=ORIENTED_EDGE('',*,*,#6413,.F.);
#8635=ORIENTED_EDGE('',*,*,#5964,.F.);
#8636=ORIENTED_EDGE('',*,*,#6417,.T.);
#8637=ORIENTED_EDGE('',*,*,#6418,.F.);
#8638=ORIENTED_EDGE('',*,*,#6419,.F.);
#8639=ORIENTED_EDGE('',*,*,#5986,.F.);
#8640=ORIENTED_EDGE('',*,*,#6420,.T.);
#8641=ORIENTED_EDGE('',*,*,#6421,.F.);
#8642=ORIENTED_EDGE('',*,*,#6417,.F.);
#8643=ORIENTED_EDGE('',*,*,#5985,.F.);
#8644=ORIENTED_EDGE('',*,*,#6422,.T.);
#8645=ORIENTED_EDGE('',*,*,#6423,.F.);
#8646=ORIENTED_EDGE('',*,*,#6420,.F.);
#8647=ORIENTED_EDGE('',*,*,#5984,.F.);
#8648=ORIENTED_EDGE('',*,*,#6424,.T.);
#8649=ORIENTED_EDGE('',*,*,#6425,.F.);
#8650=ORIENTED_EDGE('',*,*,#6422,.F.);
#8651=ORIENTED_EDGE('',*,*,#5983,.F.);
#8652=ORIENTED_EDGE('',*,*,#6426,.F.);
#8653=ORIENTED_EDGE('',*,*,#6427,.F.);
#8654=ORIENTED_EDGE('',*,*,#6424,.F.);
#8655=ORIENTED_EDGE('',*,*,#5982,.F.);
#8656=ORIENTED_EDGE('',*,*,#6428,.T.);
#8657=ORIENTED_EDGE('',*,*,#6429,.T.);
#8658=ORIENTED_EDGE('',*,*,#6426,.T.);
#8659=ORIENTED_EDGE('',*,*,#5981,.F.);
#8660=ORIENTED_EDGE('',*,*,#6430,.F.);
#8661=ORIENTED_EDGE('',*,*,#6431,.F.);
#8662=ORIENTED_EDGE('',*,*,#6428,.F.);
#8663=ORIENTED_EDGE('',*,*,#5980,.F.);
#8664=ORIENTED_EDGE('',*,*,#6432,.F.);
#8665=ORIENTED_EDGE('',*,*,#6433,.F.);
#8666=ORIENTED_EDGE('',*,*,#6434,.F.);
#8667=ORIENTED_EDGE('',*,*,#5997,.F.);
#8668=ORIENTED_EDGE('',*,*,#6435,.T.);
#8669=ORIENTED_EDGE('',*,*,#6436,.T.);
#8670=ORIENTED_EDGE('',*,*,#6432,.T.);
#8671=ORIENTED_EDGE('',*,*,#5996,.F.);
#8672=ORIENTED_EDGE('',*,*,#6437,.F.);
#8673=ORIENTED_EDGE('',*,*,#6438,.F.);
#8674=ORIENTED_EDGE('',*,*,#6435,.F.);
#8675=ORIENTED_EDGE('',*,*,#5995,.F.);
#8676=ORIENTED_EDGE('',*,*,#6439,.F.);
#8677=ORIENTED_EDGE('',*,*,#6440,.T.);
#8678=ORIENTED_EDGE('',*,*,#5782,.F.);
#8679=ORIENTED_EDGE('',*,*,#6441,.F.);
#8680=ORIENTED_EDGE('',*,*,#6442,.T.);
#8681=ORIENTED_EDGE('',*,*,#6437,.T.);
#8682=ORIENTED_EDGE('',*,*,#5994,.F.);
#8683=ORIENTED_EDGE('',*,*,#6443,.T.);
#8684=ORIENTED_EDGE('',*,*,#6444,.F.);
#8685=ORIENTED_EDGE('',*,*,#6445,.F.);
#8686=ORIENTED_EDGE('',*,*,#6008,.F.);
#8687=ORIENTED_EDGE('',*,*,#6446,.T.);
#8688=ORIENTED_EDGE('',*,*,#6447,.F.);
#8689=ORIENTED_EDGE('',*,*,#6443,.F.);
#8690=ORIENTED_EDGE('',*,*,#6007,.F.);
#8691=ORIENTED_EDGE('',*,*,#6448,.T.);
#8692=ORIENTED_EDGE('',*,*,#6449,.F.);
#8693=ORIENTED_EDGE('',*,*,#6446,.F.);
#8694=ORIENTED_EDGE('',*,*,#6006,.F.);
#8695=ORIENTED_EDGE('',*,*,#6450,.T.);
#8696=ORIENTED_EDGE('',*,*,#6451,.F.);
#8697=ORIENTED_EDGE('',*,*,#6448,.F.);
#8698=ORIENTED_EDGE('',*,*,#6005,.F.);
#8699=ORIENTED_EDGE('',*,*,#6452,.T.);
#8700=ORIENTED_EDGE('',*,*,#6453,.F.);
#8701=ORIENTED_EDGE('',*,*,#6450,.F.);
#8702=ORIENTED_EDGE('',*,*,#6004,.F.);
#8703=ORIENTED_EDGE('',*,*,#6454,.T.);
#8704=ORIENTED_EDGE('',*,*,#6455,.F.);
#8705=ORIENTED_EDGE('',*,*,#6452,.F.);
#8706=ORIENTED_EDGE('',*,*,#6003,.F.);
#8707=ORIENTED_EDGE('',*,*,#6456,.T.);
#8708=ORIENTED_EDGE('',*,*,#6457,.F.);
#8709=ORIENTED_EDGE('',*,*,#6458,.F.);
#8710=ORIENTED_EDGE('',*,*,#6020,.F.);
#8711=ORIENTED_EDGE('',*,*,#6459,.T.);
#8712=ORIENTED_EDGE('',*,*,#6460,.F.);
#8713=ORIENTED_EDGE('',*,*,#6456,.F.);
#8714=ORIENTED_EDGE('',*,*,#6019,.F.);
#8715=ORIENTED_EDGE('',*,*,#6461,.T.);
#8716=ORIENTED_EDGE('',*,*,#6462,.F.);
#8717=ORIENTED_EDGE('',*,*,#6459,.F.);
#8718=ORIENTED_EDGE('',*,*,#6018,.F.);
#8719=ORIENTED_EDGE('',*,*,#6463,.T.);
#8720=ORIENTED_EDGE('',*,*,#6464,.F.);
#8721=ORIENTED_EDGE('',*,*,#6461,.F.);
#8722=ORIENTED_EDGE('',*,*,#6017,.F.);
#8723=ORIENTED_EDGE('',*,*,#6465,.T.);
#8724=ORIENTED_EDGE('',*,*,#6466,.F.);
#8725=ORIENTED_EDGE('',*,*,#6463,.F.);
#8726=ORIENTED_EDGE('',*,*,#6016,.F.);
#8727=ORIENTED_EDGE('',*,*,#6467,.T.);
#8728=ORIENTED_EDGE('',*,*,#6468,.F.);
#8729=ORIENTED_EDGE('',*,*,#6465,.F.);
#8730=ORIENTED_EDGE('',*,*,#6015,.F.);
#8731=ORIENTED_EDGE('',*,*,#6469,.T.);
#8732=ORIENTED_EDGE('',*,*,#6470,.F.);
#8733=ORIENTED_EDGE('',*,*,#6471,.F.);
#8734=ORIENTED_EDGE('',*,*,#6032,.F.);
#8735=ORIENTED_EDGE('',*,*,#6472,.T.);
#8736=ORIENTED_EDGE('',*,*,#6473,.F.);
#8737=ORIENTED_EDGE('',*,*,#6469,.F.);
#8738=ORIENTED_EDGE('',*,*,#6031,.F.);
#8739=ORIENTED_EDGE('',*,*,#6474,.T.);
#8740=ORIENTED_EDGE('',*,*,#6475,.F.);
#8741=ORIENTED_EDGE('',*,*,#6472,.F.);
#8742=ORIENTED_EDGE('',*,*,#6030,.F.);
#8743=ORIENTED_EDGE('',*,*,#6476,.T.);
#8744=ORIENTED_EDGE('',*,*,#6477,.F.);
#8745=ORIENTED_EDGE('',*,*,#6474,.F.);
#8746=ORIENTED_EDGE('',*,*,#6029,.F.);
#8747=ORIENTED_EDGE('',*,*,#6478,.T.);
#8748=ORIENTED_EDGE('',*,*,#6479,.F.);
#8749=ORIENTED_EDGE('',*,*,#6476,.F.);
#8750=ORIENTED_EDGE('',*,*,#6028,.F.);
#8751=ORIENTED_EDGE('',*,*,#6480,.T.);
#8752=ORIENTED_EDGE('',*,*,#6481,.F.);
#8753=ORIENTED_EDGE('',*,*,#6478,.F.);
#8754=ORIENTED_EDGE('',*,*,#6027,.F.);
#8755=ORIENTED_EDGE('',*,*,#6482,.T.);
#8756=ORIENTED_EDGE('',*,*,#6483,.T.);
#8757=ORIENTED_EDGE('',*,*,#6484,.T.);
#8758=ORIENTED_EDGE('',*,*,#6280,.F.);
#8759=ORIENTED_EDGE('',*,*,#6485,.T.);
#8760=ORIENTED_EDGE('',*,*,#6486,.F.);
#8761=ORIENTED_EDGE('',*,*,#6482,.F.);
#8762=ORIENTED_EDGE('',*,*,#6279,.F.);
#8763=ORIENTED_EDGE('',*,*,#6487,.T.);
#8764=ORIENTED_EDGE('',*,*,#6488,.F.);
#8765=ORIENTED_EDGE('',*,*,#6485,.F.);
#8766=ORIENTED_EDGE('',*,*,#6278,.F.);
#8767=ORIENTED_EDGE('',*,*,#6489,.T.);
#8768=ORIENTED_EDGE('',*,*,#6490,.F.);
#8769=ORIENTED_EDGE('',*,*,#6487,.F.);
#8770=ORIENTED_EDGE('',*,*,#6277,.F.);
#8771=ORIENTED_EDGE('',*,*,#6325,.T.);
#8772=ORIENTED_EDGE('',*,*,#6491,.F.);
#8773=ORIENTED_EDGE('',*,*,#6489,.F.);
#8774=ORIENTED_EDGE('',*,*,#6276,.F.);
#8775=ORIENTED_EDGE('',*,*,#6387,.T.);
#8776=ORIENTED_EDGE('',*,*,#6492,.F.);
#8777=ORIENTED_EDGE('',*,*,#6045,.F.);
#8778=ORIENTED_EDGE('',*,*,#6493,.T.);
#8779=ORIENTED_EDGE('',*,*,#6388,.T.);
#8780=ORIENTED_EDGE('',*,*,#6493,.F.);
#8781=ORIENTED_EDGE('',*,*,#6044,.F.);
#8782=ORIENTED_EDGE('',*,*,#6494,.T.);
#8783=ORIENTED_EDGE('',*,*,#6389,.T.);
#8784=ORIENTED_EDGE('',*,*,#6494,.F.);
#8785=ORIENTED_EDGE('',*,*,#6043,.F.);
#8786=ORIENTED_EDGE('',*,*,#6495,.T.);
#8787=ORIENTED_EDGE('',*,*,#6381,.T.);
#8788=ORIENTED_EDGE('',*,*,#6495,.F.);
#8789=ORIENTED_EDGE('',*,*,#6042,.F.);
#8790=ORIENTED_EDGE('',*,*,#6394,.T.);
#8791=ORIENTED_EDGE('',*,*,#6496,.T.);
#8792=ORIENTED_EDGE('',*,*,#6497,.F.);
#8793=ORIENTED_EDGE('',*,*,#6498,.F.);
#8794=ORIENTED_EDGE('',*,*,#6055,.F.);
#8795=ORIENTED_EDGE('',*,*,#6499,.T.);
#8796=ORIENTED_EDGE('',*,*,#6500,.F.);
#8797=ORIENTED_EDGE('',*,*,#6496,.F.);
#8798=ORIENTED_EDGE('',*,*,#6054,.F.);
#8799=ORIENTED_EDGE('',*,*,#6501,.T.);
#8800=ORIENTED_EDGE('',*,*,#6502,.F.);
#8801=ORIENTED_EDGE('',*,*,#6499,.F.);
#8802=ORIENTED_EDGE('',*,*,#6053,.F.);
#8803=ORIENTED_EDGE('',*,*,#6503,.T.);
#8804=ORIENTED_EDGE('',*,*,#6504,.F.);
#8805=ORIENTED_EDGE('',*,*,#6501,.F.);
#8806=ORIENTED_EDGE('',*,*,#6052,.F.);
#8807=ORIENTED_EDGE('',*,*,#6505,.T.);
#8808=ORIENTED_EDGE('',*,*,#6506,.F.);
#8809=ORIENTED_EDGE('',*,*,#6503,.F.);
#8810=ORIENTED_EDGE('',*,*,#6051,.F.);
#8811=ORIENTED_EDGE('',*,*,#6507,.T.);
#8812=ORIENTED_EDGE('',*,*,#6508,.F.);
#8813=ORIENTED_EDGE('',*,*,#6505,.F.);
#8814=ORIENTED_EDGE('',*,*,#6050,.F.);
#8815=ORIENTED_EDGE('',*,*,#6509,.T.);
#8816=ORIENTED_EDGE('',*,*,#6510,.F.);
#8817=ORIENTED_EDGE('',*,*,#6511,.F.);
#8818=ORIENTED_EDGE('',*,*,#6067,.F.);
#8819=ORIENTED_EDGE('',*,*,#6512,.T.);
#8820=ORIENTED_EDGE('',*,*,#6513,.F.);
#8821=ORIENTED_EDGE('',*,*,#6509,.F.);
#8822=ORIENTED_EDGE('',*,*,#6066,.F.);
#8823=ORIENTED_EDGE('',*,*,#6514,.T.);
#8824=ORIENTED_EDGE('',*,*,#6515,.F.);
#8825=ORIENTED_EDGE('',*,*,#6512,.F.);
#8826=ORIENTED_EDGE('',*,*,#6065,.F.);
#8827=ORIENTED_EDGE('',*,*,#6516,.T.);
#8828=ORIENTED_EDGE('',*,*,#6517,.F.);
#8829=ORIENTED_EDGE('',*,*,#6514,.F.);
#8830=ORIENTED_EDGE('',*,*,#6064,.F.);
#8831=ORIENTED_EDGE('',*,*,#6518,.T.);
#8832=ORIENTED_EDGE('',*,*,#6519,.F.);
#8833=ORIENTED_EDGE('',*,*,#6516,.F.);
#8834=ORIENTED_EDGE('',*,*,#6063,.F.);
#8835=ORIENTED_EDGE('',*,*,#6520,.T.);
#8836=ORIENTED_EDGE('',*,*,#6521,.F.);
#8837=ORIENTED_EDGE('',*,*,#6518,.F.);
#8838=ORIENTED_EDGE('',*,*,#6062,.F.);
#8839=ORIENTED_EDGE('',*,*,#6366,.T.);
#8840=ORIENTED_EDGE('',*,*,#6522,.F.);
#8841=ORIENTED_EDGE('',*,*,#6523,.F.);
#8842=ORIENTED_EDGE('',*,*,#6078,.F.);
#8843=ORIENTED_EDGE('',*,*,#6524,.T.);
#8844=ORIENTED_EDGE('',*,*,#6525,.T.);
#8845=ORIENTED_EDGE('',*,*,#6526,.T.);
#8846=ORIENTED_EDGE('',*,*,#6092,.F.);
#8847=ORIENTED_EDGE('',*,*,#6527,.F.);
#8848=ORIENTED_EDGE('',*,*,#6528,.F.);
#8849=ORIENTED_EDGE('',*,*,#6524,.F.);
#8850=ORIENTED_EDGE('',*,*,#6091,.F.);
#8851=ORIENTED_EDGE('',*,*,#6529,.T.);
#8852=ORIENTED_EDGE('',*,*,#6530,.F.);
#8853=ORIENTED_EDGE('',*,*,#6527,.T.);
#8854=ORIENTED_EDGE('',*,*,#6090,.F.);
#8855=ORIENTED_EDGE('',*,*,#6531,.F.);
#8856=ORIENTED_EDGE('',*,*,#6532,.F.);
#8857=ORIENTED_EDGE('',*,*,#6529,.F.);
#8858=ORIENTED_EDGE('',*,*,#6089,.F.);
#8859=ORIENTED_EDGE('',*,*,#6533,.T.);
#8860=ORIENTED_EDGE('',*,*,#6534,.T.);
#8861=ORIENTED_EDGE('',*,*,#6531,.T.);
#8862=ORIENTED_EDGE('',*,*,#6088,.F.);
#8863=ORIENTED_EDGE('',*,*,#6535,.T.);
#8864=ORIENTED_EDGE('',*,*,#6536,.F.);
#8865=ORIENTED_EDGE('',*,*,#6537,.F.);
#8866=ORIENTED_EDGE('',*,*,#6102,.F.);
#8867=ORIENTED_EDGE('',*,*,#6538,.F.);
#8868=ORIENTED_EDGE('',*,*,#6539,.F.);
#8869=ORIENTED_EDGE('',*,*,#6535,.F.);
#8870=ORIENTED_EDGE('',*,*,#6101,.F.);
#8871=ORIENTED_EDGE('',*,*,#6540,.T.);
#8872=ORIENTED_EDGE('',*,*,#6541,.T.);
#8873=ORIENTED_EDGE('',*,*,#6538,.T.);
#8874=ORIENTED_EDGE('',*,*,#6100,.F.);
#8875=ORIENTED_EDGE('',*,*,#6542,.F.);
#8876=ORIENTED_EDGE('',*,*,#6543,.T.);
#8877=ORIENTED_EDGE('',*,*,#5539,.F.);
#8878=ORIENTED_EDGE('',*,*,#6544,.F.);
#8879=ORIENTED_EDGE('',*,*,#6545,.T.);
#8880=ORIENTED_EDGE('',*,*,#6546,.T.);
#8881=ORIENTED_EDGE('',*,*,#6540,.F.);
#8882=ORIENTED_EDGE('',*,*,#6099,.F.);
#8883=ORIENTED_EDGE('',*,*,#6547,.T.);
#8884=ORIENTED_EDGE('',*,*,#6548,.T.);
#8885=ORIENTED_EDGE('',*,*,#6542,.T.);
#8886=ORIENTED_EDGE('',*,*,#6098,.F.);
#8887=ORIENTED_EDGE('',*,*,#6549,.F.);
#8888=ORIENTED_EDGE('',*,*,#6550,.F.);
#8889=ORIENTED_EDGE('',*,*,#6547,.F.);
#8890=ORIENTED_EDGE('',*,*,#6097,.F.);
#8891=ORIENTED_EDGE('',*,*,#6551,.T.);
#8892=ORIENTED_EDGE('',*,*,#6552,.F.);
#8893=ORIENTED_EDGE('',*,*,#6553,.F.);
#8894=ORIENTED_EDGE('',*,*,#6113,.F.);
#8895=ORIENTED_EDGE('',*,*,#6554,.T.);
#8896=ORIENTED_EDGE('',*,*,#6555,.F.);
#8897=ORIENTED_EDGE('',*,*,#6551,.F.);
#8898=ORIENTED_EDGE('',*,*,#6112,.F.);
#8899=ORIENTED_EDGE('',*,*,#6556,.T.);
#8900=ORIENTED_EDGE('',*,*,#6557,.F.);
#8901=ORIENTED_EDGE('',*,*,#6554,.F.);
#8902=ORIENTED_EDGE('',*,*,#6111,.F.);
#8903=ORIENTED_EDGE('',*,*,#6558,.T.);
#8904=ORIENTED_EDGE('',*,*,#6559,.F.);
#8905=ORIENTED_EDGE('',*,*,#6556,.F.);
#8906=ORIENTED_EDGE('',*,*,#6110,.F.);
#8907=ORIENTED_EDGE('',*,*,#6560,.T.);
#8908=ORIENTED_EDGE('',*,*,#6561,.F.);
#8909=ORIENTED_EDGE('',*,*,#6558,.F.);
#8910=ORIENTED_EDGE('',*,*,#6109,.F.);
#8911=ORIENTED_EDGE('',*,*,#6562,.T.);
#8912=ORIENTED_EDGE('',*,*,#6563,.F.);
#8913=ORIENTED_EDGE('',*,*,#6560,.F.);
#8914=ORIENTED_EDGE('',*,*,#6108,.F.);
#8915=ORIENTED_EDGE('',*,*,#6564,.T.);
#8916=ORIENTED_EDGE('',*,*,#6565,.F.);
#8917=ORIENTED_EDGE('',*,*,#6566,.F.);
#8918=ORIENTED_EDGE('',*,*,#6122,.F.);
#8919=ORIENTED_EDGE('',*,*,#6567,.T.);
#8920=ORIENTED_EDGE('',*,*,#6568,.F.);
#8921=ORIENTED_EDGE('',*,*,#6564,.F.);
#8922=ORIENTED_EDGE('',*,*,#6121,.F.);
#8923=ORIENTED_EDGE('',*,*,#6350,.F.);
#8924=ORIENTED_EDGE('',*,*,#6569,.F.);
#8925=ORIENTED_EDGE('',*,*,#6567,.F.);
#8926=ORIENTED_EDGE('',*,*,#6120,.F.);
#8927=ORIENTED_EDGE('',*,*,#6570,.T.);
#8928=ORIENTED_EDGE('',*,*,#6571,.F.);
#8929=ORIENTED_EDGE('',*,*,#6572,.F.);
#8930=ORIENTED_EDGE('',*,*,#6146,.F.);
#8931=ORIENTED_EDGE('',*,*,#6573,.T.);
#8932=ORIENTED_EDGE('',*,*,#6574,.F.);
#8933=ORIENTED_EDGE('',*,*,#6570,.F.);
#8934=ORIENTED_EDGE('',*,*,#6145,.F.);
#8935=ORIENTED_EDGE('',*,*,#6575,.T.);
#8936=ORIENTED_EDGE('',*,*,#6576,.F.);
#8937=ORIENTED_EDGE('',*,*,#6573,.F.);
#8938=ORIENTED_EDGE('',*,*,#6144,.F.);
#8939=ORIENTED_EDGE('',*,*,#6577,.T.);
#8940=ORIENTED_EDGE('',*,*,#6578,.F.);
#8941=ORIENTED_EDGE('',*,*,#6575,.F.);
#8942=ORIENTED_EDGE('',*,*,#6143,.F.);
#8943=ORIENTED_EDGE('',*,*,#6579,.T.);
#8944=ORIENTED_EDGE('',*,*,#6580,.F.);
#8945=ORIENTED_EDGE('',*,*,#6577,.F.);
#8946=ORIENTED_EDGE('',*,*,#6142,.F.);
#8947=ORIENTED_EDGE('',*,*,#6581,.T.);
#8948=ORIENTED_EDGE('',*,*,#6582,.F.);
#8949=ORIENTED_EDGE('',*,*,#6579,.F.);
#8950=ORIENTED_EDGE('',*,*,#6141,.F.);
#8951=ORIENTED_EDGE('',*,*,#6583,.T.);
#8952=ORIENTED_EDGE('',*,*,#6584,.F.);
#8953=ORIENTED_EDGE('',*,*,#6585,.F.);
#8954=ORIENTED_EDGE('',*,*,#6159,.F.);
#8955=ORIENTED_EDGE('',*,*,#6586,.F.);
#8956=ORIENTED_EDGE('',*,*,#6587,.F.);
#8957=ORIENTED_EDGE('',*,*,#6583,.F.);
#8958=ORIENTED_EDGE('',*,*,#6158,.F.);
#8959=ORIENTED_EDGE('',*,*,#6588,.T.);
#8960=ORIENTED_EDGE('',*,*,#6589,.T.);
#8961=ORIENTED_EDGE('',*,*,#6586,.T.);
#8962=ORIENTED_EDGE('',*,*,#6157,.F.);
#8963=ORIENTED_EDGE('',*,*,#6590,.F.);
#8964=ORIENTED_EDGE('',*,*,#6591,.F.);
#8965=ORIENTED_EDGE('',*,*,#6588,.F.);
#8966=ORIENTED_EDGE('',*,*,#6156,.F.);
#8967=ORIENTED_EDGE('',*,*,#6592,.T.);
#8968=ORIENTED_EDGE('',*,*,#6593,.T.);
#8969=ORIENTED_EDGE('',*,*,#6590,.T.);
#8970=ORIENTED_EDGE('',*,*,#6155,.F.);
#8971=ORIENTED_EDGE('',*,*,#6594,.T.);
#8972=ORIENTED_EDGE('',*,*,#6595,.F.);
#8973=ORIENTED_EDGE('',*,*,#6592,.F.);
#8974=ORIENTED_EDGE('',*,*,#6154,.F.);
#8975=ORIENTED_EDGE('',*,*,#6596,.T.);
#8976=ORIENTED_EDGE('',*,*,#6597,.F.);
#8977=ORIENTED_EDGE('',*,*,#6594,.F.);
#8978=ORIENTED_EDGE('',*,*,#6153,.F.);
#8979=ORIENTED_EDGE('',*,*,#6598,.T.);
#8980=ORIENTED_EDGE('',*,*,#6599,.F.);
#8981=ORIENTED_EDGE('',*,*,#6600,.F.);
#8982=ORIENTED_EDGE('',*,*,#6172,.F.);
#8983=ORIENTED_EDGE('',*,*,#6601,.T.);
#8984=ORIENTED_EDGE('',*,*,#6602,.F.);
#8985=ORIENTED_EDGE('',*,*,#6598,.F.);
#8986=ORIENTED_EDGE('',*,*,#6171,.F.);
#8987=ORIENTED_EDGE('',*,*,#6603,.T.);
#8988=ORIENTED_EDGE('',*,*,#6604,.F.);
#8989=ORIENTED_EDGE('',*,*,#6601,.F.);
#8990=ORIENTED_EDGE('',*,*,#6170,.F.);
#8991=ORIENTED_EDGE('',*,*,#6605,.T.);
#8992=ORIENTED_EDGE('',*,*,#6606,.F.);
#8993=ORIENTED_EDGE('',*,*,#6603,.F.);
#8994=ORIENTED_EDGE('',*,*,#6169,.F.);
#8995=ORIENTED_EDGE('',*,*,#6607,.T.);
#8996=ORIENTED_EDGE('',*,*,#6608,.F.);
#8997=ORIENTED_EDGE('',*,*,#6605,.F.);
#8998=ORIENTED_EDGE('',*,*,#6168,.F.);
#8999=ORIENTED_EDGE('',*,*,#6609,.T.);
#9000=ORIENTED_EDGE('',*,*,#6610,.F.);
#9001=ORIENTED_EDGE('',*,*,#6607,.F.);
#9002=ORIENTED_EDGE('',*,*,#6167,.F.);
#9003=ORIENTED_EDGE('',*,*,#6611,.T.);
#9004=ORIENTED_EDGE('',*,*,#6612,.F.);
#9005=ORIENTED_EDGE('',*,*,#6613,.F.);
#9006=ORIENTED_EDGE('',*,*,#6184,.F.);
#9007=ORIENTED_EDGE('',*,*,#6614,.T.);
#9008=ORIENTED_EDGE('',*,*,#6615,.F.);
#9009=ORIENTED_EDGE('',*,*,#6611,.F.);
#9010=ORIENTED_EDGE('',*,*,#6183,.F.);
#9011=ORIENTED_EDGE('',*,*,#6616,.T.);
#9012=ORIENTED_EDGE('',*,*,#6617,.F.);
#9013=ORIENTED_EDGE('',*,*,#6614,.F.);
#9014=ORIENTED_EDGE('',*,*,#6182,.F.);
#9015=ORIENTED_EDGE('',*,*,#6618,.T.);
#9016=ORIENTED_EDGE('',*,*,#6619,.F.);
#9017=ORIENTED_EDGE('',*,*,#6616,.F.);
#9018=ORIENTED_EDGE('',*,*,#6181,.F.);
#9019=ORIENTED_EDGE('',*,*,#6620,.T.);
#9020=ORIENTED_EDGE('',*,*,#6621,.F.);
#9021=ORIENTED_EDGE('',*,*,#6618,.F.);
#9022=ORIENTED_EDGE('',*,*,#6180,.F.);
#9023=ORIENTED_EDGE('',*,*,#6622,.T.);
#9024=ORIENTED_EDGE('',*,*,#6623,.F.);
#9025=ORIENTED_EDGE('',*,*,#6620,.F.);
#9026=ORIENTED_EDGE('',*,*,#6179,.F.);
#9027=ORIENTED_EDGE('',*,*,#6624,.T.);
#9028=ORIENTED_EDGE('',*,*,#6625,.F.);
#9029=ORIENTED_EDGE('',*,*,#6626,.F.);
#9030=ORIENTED_EDGE('',*,*,#6196,.F.);
#9031=ORIENTED_EDGE('',*,*,#6336,.F.);
#9032=ORIENTED_EDGE('',*,*,#6627,.F.);
#9033=ORIENTED_EDGE('',*,*,#6624,.F.);
#9034=ORIENTED_EDGE('',*,*,#6195,.F.);
#9035=ORIENTED_EDGE('',*,*,#6628,.F.);
#9036=ORIENTED_EDGE('',*,*,#6629,.F.);
#9037=ORIENTED_EDGE('',*,*,#6630,.F.);
#9038=ORIENTED_EDGE('',*,*,#6207,.F.);
#9039=ORIENTED_EDGE('',*,*,#6631,.T.);
#9040=ORIENTED_EDGE('',*,*,#6632,.T.);
#9041=ORIENTED_EDGE('',*,*,#6628,.T.);
#9042=ORIENTED_EDGE('',*,*,#6206,.F.);
#9043=ORIENTED_EDGE('',*,*,#6633,.T.);
#9044=ORIENTED_EDGE('',*,*,#6634,.F.);
#9045=ORIENTED_EDGE('',*,*,#6631,.F.);
#9046=ORIENTED_EDGE('',*,*,#6205,.F.);
#9047=ORIENTED_EDGE('',*,*,#6635,.T.);
#9048=ORIENTED_EDGE('',*,*,#6636,.F.);
#9049=ORIENTED_EDGE('',*,*,#6633,.F.);
#9050=ORIENTED_EDGE('',*,*,#6204,.F.);
#9051=ORIENTED_EDGE('',*,*,#6637,.T.);
#9052=ORIENTED_EDGE('',*,*,#6638,.F.);
#9053=ORIENTED_EDGE('',*,*,#6635,.F.);
#9054=ORIENTED_EDGE('',*,*,#6203,.F.);
#9055=ORIENTED_EDGE('',*,*,#6343,.F.);
#9056=ORIENTED_EDGE('',*,*,#6639,.F.);
#9057=ORIENTED_EDGE('',*,*,#6640,.F.);
#9058=ORIENTED_EDGE('',*,*,#6217,.F.);
#9059=ORIENTED_EDGE('',*,*,#6641,.F.);
#9060=ORIENTED_EDGE('',*,*,#6642,.F.);
#9061=ORIENTED_EDGE('',*,*,#6643,.F.);
#9062=ORIENTED_EDGE('',*,*,#6227,.F.);
#9063=ORIENTED_EDGE('',*,*,#6644,.T.);
#9064=ORIENTED_EDGE('',*,*,#6645,.T.);
#9065=ORIENTED_EDGE('',*,*,#6641,.T.);
#9066=ORIENTED_EDGE('',*,*,#6226,.F.);
#9067=ORIENTED_EDGE('',*,*,#6646,.T.);
#9068=ORIENTED_EDGE('',*,*,#6647,.F.);
#9069=ORIENTED_EDGE('',*,*,#6644,.F.);
#9070=ORIENTED_EDGE('',*,*,#6225,.F.);
#9071=ORIENTED_EDGE('',*,*,#6648,.T.);
#9072=ORIENTED_EDGE('',*,*,#6649,.F.);
#9073=ORIENTED_EDGE('',*,*,#6646,.F.);
#9074=ORIENTED_EDGE('',*,*,#6224,.F.);
#9075=ORIENTED_EDGE('',*,*,#6650,.T.);
#9076=ORIENTED_EDGE('',*,*,#6651,.F.);
#9077=ORIENTED_EDGE('',*,*,#6648,.F.);
#9078=ORIENTED_EDGE('',*,*,#6223,.F.);
#9079=ORIENTED_EDGE('',*,*,#6652,.F.);
#9080=ORIENTED_EDGE('',*,*,#6653,.F.);
#9081=ORIENTED_EDGE('',*,*,#6654,.F.);
#9082=ORIENTED_EDGE('',*,*,#6237,.F.);
#9083=ORIENTED_EDGE('',*,*,#6655,.T.);
#9084=ORIENTED_EDGE('',*,*,#6656,.T.);
#9085=ORIENTED_EDGE('',*,*,#6652,.T.);
#9086=ORIENTED_EDGE('',*,*,#6236,.F.);
#9087=ORIENTED_EDGE('',*,*,#6657,.T.);
#9088=ORIENTED_EDGE('',*,*,#6658,.F.);
#9089=ORIENTED_EDGE('',*,*,#6655,.F.);
#9090=ORIENTED_EDGE('',*,*,#6235,.F.);
#9091=ORIENTED_EDGE('',*,*,#6659,.T.);
#9092=ORIENTED_EDGE('',*,*,#6660,.F.);
#9093=ORIENTED_EDGE('',*,*,#6657,.F.);
#9094=ORIENTED_EDGE('',*,*,#6234,.F.);
#9095=ORIENTED_EDGE('',*,*,#6661,.T.);
#9096=ORIENTED_EDGE('',*,*,#6662,.F.);
#9097=ORIENTED_EDGE('',*,*,#6659,.F.);
#9098=ORIENTED_EDGE('',*,*,#6233,.F.);
#9099=ORIENTED_EDGE('',*,*,#6663,.T.);
#9100=ORIENTED_EDGE('',*,*,#6664,.F.);
#9101=ORIENTED_EDGE('',*,*,#6665,.F.);
#9102=ORIENTED_EDGE('',*,*,#6246,.F.);
#9103=ORIENTED_EDGE('',*,*,#6666,.T.);
#9104=ORIENTED_EDGE('',*,*,#6667,.F.);
#9105=ORIENTED_EDGE('',*,*,#6663,.F.);
#9106=ORIENTED_EDGE('',*,*,#6245,.F.);
#9107=ORIENTED_EDGE('',*,*,#6668,.F.);
#9108=ORIENTED_EDGE('',*,*,#6669,.F.);
#9109=ORIENTED_EDGE('',*,*,#6666,.F.);
#9110=ORIENTED_EDGE('',*,*,#6244,.F.);
#9111=ORIENTED_EDGE('',*,*,#6670,.T.);
#9112=ORIENTED_EDGE('',*,*,#6671,.T.);
#9113=ORIENTED_EDGE('',*,*,#6668,.T.);
#9114=ORIENTED_EDGE('',*,*,#6243,.F.);
#9115=ORIENTED_EDGE('',*,*,#6672,.T.);
#9116=ORIENTED_EDGE('',*,*,#6673,.F.);
#9117=ORIENTED_EDGE('',*,*,#6674,.F.);
#9118=ORIENTED_EDGE('',*,*,#6256,.F.);
#9119=ORIENTED_EDGE('',*,*,#6675,.T.);
#9120=ORIENTED_EDGE('',*,*,#6676,.F.);
#9121=ORIENTED_EDGE('',*,*,#6672,.F.);
#9122=ORIENTED_EDGE('',*,*,#6255,.F.);
#9123=ORIENTED_EDGE('',*,*,#6677,.T.);
#9124=ORIENTED_EDGE('',*,*,#6678,.F.);
#9125=ORIENTED_EDGE('',*,*,#6675,.F.);
#9126=ORIENTED_EDGE('',*,*,#6254,.F.);
#9127=ORIENTED_EDGE('',*,*,#6679,.T.);
#9128=ORIENTED_EDGE('',*,*,#6680,.F.);
#9129=ORIENTED_EDGE('',*,*,#6677,.F.);
#9130=ORIENTED_EDGE('',*,*,#6253,.F.);
#9131=ORIENTED_EDGE('',*,*,#6681,.T.);
#9132=ORIENTED_EDGE('',*,*,#6682,.F.);
#9133=ORIENTED_EDGE('',*,*,#6679,.F.);
#9134=ORIENTED_EDGE('',*,*,#6252,.F.);
#9135=ORIENTED_EDGE('',*,*,#6683,.T.);
#9136=ORIENTED_EDGE('',*,*,#6684,.F.);
#9137=ORIENTED_EDGE('',*,*,#6681,.F.);
#9138=ORIENTED_EDGE('',*,*,#6251,.F.);
#9139=ORIENTED_EDGE('',*,*,#6685,.T.);
#9140=ORIENTED_EDGE('',*,*,#6686,.F.);
#9141=ORIENTED_EDGE('',*,*,#6687,.F.);
#9142=ORIENTED_EDGE('',*,*,#6268,.F.);
#9143=ORIENTED_EDGE('',*,*,#6688,.T.);
#9144=ORIENTED_EDGE('',*,*,#6689,.F.);
#9145=ORIENTED_EDGE('',*,*,#6685,.F.);
#9146=ORIENTED_EDGE('',*,*,#6267,.F.);
#9147=ORIENTED_EDGE('',*,*,#6690,.T.);
#9148=ORIENTED_EDGE('',*,*,#6691,.F.);
#9149=ORIENTED_EDGE('',*,*,#6688,.F.);
#9150=ORIENTED_EDGE('',*,*,#6266,.F.);
#9151=ORIENTED_EDGE('',*,*,#6692,.T.);
#9152=ORIENTED_EDGE('',*,*,#6693,.F.);
#9153=ORIENTED_EDGE('',*,*,#6690,.F.);
#9154=ORIENTED_EDGE('',*,*,#6265,.F.);
#9155=ORIENTED_EDGE('',*,*,#6694,.T.);
#9156=ORIENTED_EDGE('',*,*,#6695,.F.);
#9157=ORIENTED_EDGE('',*,*,#6692,.F.);
#9158=ORIENTED_EDGE('',*,*,#6264,.F.);
#9159=ORIENTED_EDGE('',*,*,#6696,.T.);
#9160=ORIENTED_EDGE('',*,*,#6697,.F.);
#9161=ORIENTED_EDGE('',*,*,#6694,.F.);
#9162=ORIENTED_EDGE('',*,*,#6263,.F.);
#9163=ORIENTED_EDGE('',*,*,#6698,.F.);
#9164=ORIENTED_EDGE('',*,*,#6699,.F.);
#9165=ORIENTED_EDGE('',*,*,#6700,.F.);
#9166=ORIENTED_EDGE('',*,*,#5836,.F.);
#9167=ORIENTED_EDGE('',*,*,#6292,.F.);
#9168=ORIENTED_EDGE('',*,*,#6294,.F.);
#9169=ORIENTED_EDGE('',*,*,#6301,.F.);
#9170=ORIENTED_EDGE('',*,*,#6302,.F.);
#9171=ORIENTED_EDGE('',*,*,#6289,.F.);
#9172=ORIENTED_EDGE('',*,*,#6287,.F.);
#9173=ORIENTED_EDGE('',*,*,#6285,.F.);
#9174=ORIENTED_EDGE('',*,*,#5951,.F.);
#9175=ORIENTED_EDGE('',*,*,#5954,.F.);
#9176=ORIENTED_EDGE('',*,*,#5956,.F.);
#9177=ORIENTED_EDGE('',*,*,#5958,.F.);
#9178=ORIENTED_EDGE('',*,*,#5960,.F.);
#9179=ORIENTED_EDGE('',*,*,#5961,.F.);
#9180=ORIENTED_EDGE('',*,*,#5840,.F.);
#9181=ORIENTED_EDGE('',*,*,#5838,.F.);
#9182=ORIENTED_EDGE('',*,*,#6701,.F.);
#9183=ORIENTED_EDGE('',*,*,#6702,.T.);
#9184=ORIENTED_EDGE('',*,*,#6703,.F.);
#9185=ORIENTED_EDGE('',*,*,#6704,.F.);
#9186=ORIENTED_EDGE('',*,*,#5827,.T.);
#9187=ORIENTED_EDGE('',*,*,#6705,.T.);
#9188=ORIENTED_EDGE('',*,*,#6706,.F.);
#9189=ORIENTED_EDGE('',*,*,#6707,.F.);
#9190=ORIENTED_EDGE('',*,*,#6708,.T.);
#9191=ORIENTED_EDGE('',*,*,#6709,.T.);
#9192=ORIENTED_EDGE('',*,*,#6710,.T.);
#9193=ORIENTED_EDGE('',*,*,#6711,.T.);
#9194=ORIENTED_EDGE('',*,*,#6706,.T.);
#9195=ORIENTED_EDGE('',*,*,#6712,.T.);
#9196=ORIENTED_EDGE('',*,*,#6713,.F.);
#9197=ORIENTED_EDGE('',*,*,#6714,.F.);
#9198=ORIENTED_EDGE('',*,*,#6710,.F.);
#9199=ORIENTED_EDGE('',*,*,#6715,.T.);
#9200=ORIENTED_EDGE('',*,*,#6716,.F.);
#9201=ORIENTED_EDGE('',*,*,#6717,.F.);
#9202=ORIENTED_EDGE('',*,*,#6718,.T.);
#9203=ORIENTED_EDGE('',*,*,#6719,.T.);
#9204=ORIENTED_EDGE('',*,*,#6720,.F.);
#9205=ORIENTED_EDGE('',*,*,#6721,.F.);
#9206=ORIENTED_EDGE('',*,*,#6722,.T.);
#9207=ORIENTED_EDGE('',*,*,#6723,.F.);
#9208=ORIENTED_EDGE('',*,*,#6724,.T.);
#9209=ORIENTED_EDGE('',*,*,#6725,.F.);
#9210=ORIENTED_EDGE('',*,*,#6726,.F.);
#9211=ORIENTED_EDGE('',*,*,#5784,.T.);
#9212=ORIENTED_EDGE('',*,*,#6727,.T.);
#9213=ORIENTED_EDGE('',*,*,#6670,.F.);
#9214=ORIENTED_EDGE('',*,*,#6250,.F.);
#9215=ORIENTED_EDGE('',*,*,#6728,.T.);
#9216=ORIENTED_EDGE('',*,*,#6729,.T.);
#9217=ORIENTED_EDGE('',*,*,#6730,.T.);
#9218=ORIENTED_EDGE('',*,*,#6729,.F.);
#9219=ORIENTED_EDGE('',*,*,#6728,.F.);
#9220=ORIENTED_EDGE('',*,*,#6731,.F.);
#9221=ORIENTED_EDGE('',*,*,#6730,.F.);
#9222=ORIENTED_EDGE('',*,*,#6732,.T.);
#9223=ORIENTED_EDGE('',*,*,#6733,.T.);
#9224=ORIENTED_EDGE('',*,*,#6732,.F.);
#9225=ORIENTED_EDGE('',*,*,#6731,.T.);
#9226=ORIENTED_EDGE('',*,*,#6734,.T.);
#9227=ORIENTED_EDGE('',*,*,#6735,.T.);
#9228=ORIENTED_EDGE('',*,*,#6734,.F.);
#9229=ORIENTED_EDGE('',*,*,#6735,.F.);
#9230=ORIENTED_EDGE('',*,*,#6736,.T.);
#9231=ORIENTED_EDGE('',*,*,#6398,.T.);
#9232=ORIENTED_EDGE('',*,*,#6736,.F.);
#9233=ORIENTED_EDGE('',*,*,#6737,.T.);
#9234=ORIENTED_EDGE('',*,*,#6738,.T.);
#9235=ORIENTED_EDGE('',*,*,#6739,.T.);
#9236=ORIENTED_EDGE('',*,*,#6738,.F.);
#9237=ORIENTED_EDGE('',*,*,#6737,.F.);
#9238=ORIENTED_EDGE('',*,*,#6740,.F.);
#9239=ORIENTED_EDGE('',*,*,#6739,.F.);
#9240=ORIENTED_EDGE('',*,*,#6741,.T.);
#9241=ORIENTED_EDGE('',*,*,#6742,.T.);
#9242=ORIENTED_EDGE('',*,*,#6741,.F.);
#9243=ORIENTED_EDGE('',*,*,#6740,.T.);
#9244=ORIENTED_EDGE('',*,*,#6743,.T.);
#9245=ORIENTED_EDGE('',*,*,#6744,.T.);
#9246=ORIENTED_EDGE('',*,*,#6743,.F.);
#9247=ORIENTED_EDGE('',*,*,#6744,.F.);
#9248=ORIENTED_EDGE('',*,*,#6745,.T.);
#9249=ORIENTED_EDGE('',*,*,#6399,.T.);
#9250=ORIENTED_EDGE('',*,*,#6745,.F.);
#9251=ORIENTED_EDGE('',*,*,#6746,.T.);
#9252=ORIENTED_EDGE('',*,*,#6747,.T.);
#9253=ORIENTED_EDGE('',*,*,#6748,.T.);
#9254=ORIENTED_EDGE('',*,*,#6747,.F.);
#9255=ORIENTED_EDGE('',*,*,#6746,.F.);
#9256=ORIENTED_EDGE('',*,*,#6749,.F.);
#9257=ORIENTED_EDGE('',*,*,#6748,.F.);
#9258=ORIENTED_EDGE('',*,*,#6750,.T.);
#9259=ORIENTED_EDGE('',*,*,#6751,.T.);
#9260=ORIENTED_EDGE('',*,*,#6750,.F.);
#9261=ORIENTED_EDGE('',*,*,#6749,.T.);
#9262=ORIENTED_EDGE('',*,*,#6752,.T.);
#9263=ORIENTED_EDGE('',*,*,#6753,.T.);
#9264=ORIENTED_EDGE('',*,*,#6752,.F.);
#9265=ORIENTED_EDGE('',*,*,#6753,.F.);
#9266=ORIENTED_EDGE('',*,*,#6754,.T.);
#9267=ORIENTED_EDGE('',*,*,#6397,.T.);
#9268=ORIENTED_EDGE('',*,*,#6754,.F.);
#9269=ORIENTED_EDGE('',*,*,#6755,.T.);
#9270=ORIENTED_EDGE('',*,*,#6756,.T.);
#9271=ORIENTED_EDGE('',*,*,#6757,.T.);
#9272=ORIENTED_EDGE('',*,*,#6756,.F.);
#9273=ORIENTED_EDGE('',*,*,#6758,.F.);
#9274=ORIENTED_EDGE('',*,*,#6755,.F.);
#9275=ORIENTED_EDGE('',*,*,#6757,.F.);
#9276=ORIENTED_EDGE('',*,*,#6759,.T.);
#9277=ORIENTED_EDGE('',*,*,#6396,.T.);
#9278=ORIENTED_EDGE('',*,*,#6759,.F.);
#9279=ORIENTED_EDGE('',*,*,#6758,.T.);
#9280=ORIENTED_EDGE('',*,*,#6760,.T.);
#9281=ORIENTED_EDGE('',*,*,#6761,.T.);
#9282=ORIENTED_EDGE('',*,*,#6760,.F.);
#9283=ORIENTED_EDGE('',*,*,#6761,.F.);
#9284=ORIENTED_EDGE('',*,*,#6762,.T.);
#9285=ORIENTED_EDGE('',*,*,#6763,.T.);
#9286=ORIENTED_EDGE('',*,*,#6762,.F.);
#9287=ORIENTED_EDGE('',*,*,#6764,.T.);
#9288=ORIENTED_EDGE('',*,*,#6765,.T.);
#9289=ORIENTED_EDGE('',*,*,#6766,.T.);
#9290=ORIENTED_EDGE('',*,*,#6765,.F.);
#9291=ORIENTED_EDGE('',*,*,#6764,.F.);
#9292=ORIENTED_EDGE('',*,*,#6767,.F.);
#9293=ORIENTED_EDGE('',*,*,#6766,.F.);
#9294=ORIENTED_EDGE('',*,*,#6768,.T.);
#9295=ORIENTED_EDGE('',*,*,#6769,.T.);
#9296=ORIENTED_EDGE('',*,*,#6768,.F.);
#9297=ORIENTED_EDGE('',*,*,#6767,.T.);
#9298=ORIENTED_EDGE('',*,*,#6770,.T.);
#9299=ORIENTED_EDGE('',*,*,#6771,.T.);
#9300=ORIENTED_EDGE('',*,*,#6770,.F.);
#9301=ORIENTED_EDGE('',*,*,#6771,.F.);
#9302=ORIENTED_EDGE('',*,*,#6772,.T.);
#9303=ORIENTED_EDGE('',*,*,#6395,.T.);
#9304=ORIENTED_EDGE('',*,*,#6772,.F.);
#9305=ORIENTED_EDGE('',*,*,#6773,.T.);
#9306=ORIENTED_EDGE('',*,*,#6374,.T.);
#9307=ORIENTED_EDGE('',*,*,#6774,.T.);
#9308=ORIENTED_EDGE('',*,*,#6720,.T.);
#9309=ORIENTED_EDGE('',*,*,#6775,.T.);
#9310=ORIENTED_EDGE('',*,*,#6776,.T.);
#9311=ORIENTED_EDGE('',*,*,#6367,.T.);
#9312=ORIENTED_EDGE('',*,*,#6202,.F.);
#9313=ORIENTED_EDGE('',*,*,#6777,.T.);
#9314=ORIENTED_EDGE('',*,*,#6778,.F.);
#9315=ORIENTED_EDGE('',*,*,#6775,.F.);
#9316=ORIENTED_EDGE('',*,*,#6201,.F.);
#9317=ORIENTED_EDGE('',*,*,#6328,.F.);
#9318=ORIENTED_EDGE('',*,*,#6281,.F.);
#9319=ORIENTED_EDGE('',*,*,#6484,.F.);
#9320=ORIENTED_EDGE('',*,*,#6779,.T.);
#9321=ORIENTED_EDGE('',*,*,#6780,.F.);
#9322=ORIENTED_EDGE('',*,*,#6781,.F.);
#9323=ORIENTED_EDGE('',*,*,#6782,.T.);
#9324=ORIENTED_EDGE('',*,*,#6783,.T.);
#9325=ORIENTED_EDGE('',*,*,#6784,.T.);
#9326=ORIENTED_EDGE('',*,*,#6785,.F.);
#9327=ORIENTED_EDGE('',*,*,#6439,.T.);
#9328=ORIENTED_EDGE('',*,*,#6002,.F.);
#9329=ORIENTED_EDGE('',*,*,#6786,.T.);
#9330=ORIENTED_EDGE('',*,*,#6787,.F.);
#9331=ORIENTED_EDGE('',*,*,#6784,.F.);
#9332=ORIENTED_EDGE('',*,*,#6001,.F.);
#9333=ORIENTED_EDGE('',*,*,#6788,.T.);
#9334=ORIENTED_EDGE('',*,*,#6789,.T.);
#9335=ORIENTED_EDGE('',*,*,#6415,.T.);
#9336=ORIENTED_EDGE('',*,*,#5979,.F.);
#9337=ORIENTED_EDGE('',*,*,#6402,.F.);
#9338=ORIENTED_EDGE('',*,*,#6790,.F.);
#9339=ORIENTED_EDGE('',*,*,#6791,.F.);
#9340=ORIENTED_EDGE('',*,*,#5972,.F.);
#9341=ORIENTED_EDGE('',*,*,#6791,.T.);
#9342=ORIENTED_EDGE('',*,*,#6792,.T.);
#9343=ORIENTED_EDGE('',*,*,#6793,.T.);
#9344=ORIENTED_EDGE('',*,*,#5973,.F.);
#9345=ORIENTED_EDGE('',*,*,#6794,.T.);
#9346=ORIENTED_EDGE('',*,*,#6795,.T.);
#9347=ORIENTED_EDGE('',*,*,#6430,.T.);
#9348=ORIENTED_EDGE('',*,*,#5993,.F.);
#9349=ORIENTED_EDGE('',*,*,#6654,.T.);
#9350=ORIENTED_EDGE('',*,*,#6796,.T.);
#9351=ORIENTED_EDGE('',*,*,#6797,.T.);
#9352=ORIENTED_EDGE('',*,*,#6238,.F.);
#9353=ORIENTED_EDGE('',*,*,#6630,.T.);
#9354=ORIENTED_EDGE('',*,*,#6798,.T.);
#9355=ORIENTED_EDGE('',*,*,#6799,.T.);
#9356=ORIENTED_EDGE('',*,*,#6208,.F.);
#9357=ORIENTED_EDGE('',*,*,#6800,.T.);
#9358=ORIENTED_EDGE('',*,*,#6801,.F.);
#9359=ORIENTED_EDGE('',*,*,#6723,.T.);
#9360=ORIENTED_EDGE('',*,*,#6249,.F.);
#9361=ORIENTED_EDGE('',*,*,#6802,.T.);
#9362=ORIENTED_EDGE('',*,*,#6803,.F.);
#9363=ORIENTED_EDGE('',*,*,#6800,.F.);
#9364=ORIENTED_EDGE('',*,*,#6248,.F.);
#9365=ORIENTED_EDGE('',*,*,#6804,.T.);
#9366=ORIENTED_EDGE('',*,*,#6805,.T.);
#9367=ORIENTED_EDGE('',*,*,#6806,.T.);
#9368=ORIENTED_EDGE('',*,*,#6081,.F.);
#9369=ORIENTED_EDGE('',*,*,#6806,.F.);
#9370=ORIENTED_EDGE('',*,*,#6807,.F.);
#9371=ORIENTED_EDGE('',*,*,#6808,.F.);
#9372=ORIENTED_EDGE('',*,*,#6082,.F.);
#9373=ORIENTED_EDGE('',*,*,#6523,.T.);
#9374=ORIENTED_EDGE('',*,*,#6809,.T.);
#9375=ORIENTED_EDGE('',*,*,#6810,.T.);
#9376=ORIENTED_EDGE('',*,*,#6079,.F.);
#9377=ORIENTED_EDGE('',*,*,#6811,.T.);
#9378=ORIENTED_EDGE('',*,*,#6545,.F.);
#9379=ORIENTED_EDGE('',*,*,#6812,.F.);
#9380=ORIENTED_EDGE('',*,*,#6813,.T.);
#9381=ORIENTED_EDGE('',*,*,#6814,.T.);
#9382=ORIENTED_EDGE('',*,*,#6815,.T.);
#9383=ORIENTED_EDGE('',*,*,#6375,.T.);
#9384=ORIENTED_EDGE('',*,*,#6126,.F.);
#9385=ORIENTED_EDGE('',*,*,#6816,.T.);
#9386=ORIENTED_EDGE('',*,*,#6817,.F.);
#9387=ORIENTED_EDGE('',*,*,#6814,.F.);
#9388=ORIENTED_EDGE('',*,*,#6125,.F.);
#9389=ORIENTED_EDGE('',*,*,#6818,.T.);
#9390=ORIENTED_EDGE('',*,*,#6819,.F.);
#9391=ORIENTED_EDGE('',*,*,#6533,.F.);
#9392=ORIENTED_EDGE('',*,*,#6096,.F.);
#9393=ORIENTED_EDGE('',*,*,#6820,.T.);
#9394=ORIENTED_EDGE('',*,*,#6821,.T.);
#9395=ORIENTED_EDGE('',*,*,#6549,.T.);
#9396=ORIENTED_EDGE('',*,*,#6107,.F.);
#9397=ORIENTED_EDGE('',*,*,#6822,.T.);
#9398=ORIENTED_EDGE('',*,*,#6823,.F.);
#9399=ORIENTED_EDGE('',*,*,#6820,.F.);
#9400=ORIENTED_EDGE('',*,*,#6106,.F.);
#9401=ORIENTED_EDGE('',*,*,#6643,.T.);
#9402=ORIENTED_EDGE('',*,*,#6824,.T.);
#9403=ORIENTED_EDGE('',*,*,#6825,.T.);
#9404=ORIENTED_EDGE('',*,*,#6228,.F.);
#9405=ORIENTED_EDGE('',*,*,#6640,.T.);
#9406=ORIENTED_EDGE('',*,*,#6826,.T.);
#9407=ORIENTED_EDGE('',*,*,#6827,.T.);
#9408=ORIENTED_EDGE('',*,*,#6218,.F.);
#9409=ORIENTED_EDGE('',*,*,#5498,.F.);
#9410=ORIENTED_EDGE('',*,*,#6828,.T.);
#9411=ORIENTED_EDGE('',*,*,#5517,.F.);
#9412=ORIENTED_EDGE('',*,*,#5691,.T.);
#9413=ORIENTED_EDGE('',*,*,#6544,.T.);
#9414=ORIENTED_EDGE('',*,*,#5538,.F.);
#9415=ORIENTED_EDGE('',*,*,#6829,.F.);
#9416=ORIENTED_EDGE('',*,*,#6830,.F.);
#9417=ORIENTED_EDGE('',*,*,#5762,.F.);
#9418=ORIENTED_EDGE('',*,*,#5765,.F.);
#9419=ORIENTED_EDGE('',*,*,#5767,.F.);
#9420=ORIENTED_EDGE('',*,*,#5769,.F.);
#9421=ORIENTED_EDGE('',*,*,#5771,.F.);
#9422=ORIENTED_EDGE('',*,*,#5773,.F.);
#9423=ORIENTED_EDGE('',*,*,#5775,.F.);
#9424=ORIENTED_EDGE('',*,*,#5777,.F.);
#9425=ORIENTED_EDGE('',*,*,#5779,.F.);
#9426=ORIENTED_EDGE('',*,*,#5785,.F.);
#9427=ORIENTED_EDGE('',*,*,#6726,.T.);
#9428=ORIENTED_EDGE('',*,*,#6831,.T.);
#9429=ORIENTED_EDGE('',*,*,#6721,.T.);
#9430=ORIENTED_EDGE('',*,*,#6774,.F.);
#9431=ORIENTED_EDGE('',*,*,#6373,.T.);
#9432=ORIENTED_EDGE('',*,*,#6832,.T.);
#9433=ORIENTED_EDGE('',*,*,#6812,.T.);
#9434=ORIENTED_EDGE('',*,*,#6793,.F.);
#9435=ORIENTED_EDGE('',*,*,#6833,.F.);
#9436=ORIENTED_EDGE('',*,*,#6834,.F.);
#9437=ORIENTED_EDGE('',*,*,#5974,.F.);
#9438=ORIENTED_EDGE('',*,*,#6835,.T.);
#9439=ORIENTED_EDGE('',*,*,#6836,.F.);
#9440=ORIENTED_EDGE('',*,*,#6696,.F.);
#9441=ORIENTED_EDGE('',*,*,#6274,.F.);
#9442=ORIENTED_EDGE('',*,*,#6837,.T.);
#9443=ORIENTED_EDGE('',*,*,#6838,.F.);
#9444=ORIENTED_EDGE('',*,*,#6835,.F.);
#9445=ORIENTED_EDGE('',*,*,#6273,.F.);
#9446=ORIENTED_EDGE('',*,*,#6839,.T.);
#9447=ORIENTED_EDGE('',*,*,#6840,.F.);
#9448=ORIENTED_EDGE('',*,*,#6837,.F.);
#9449=ORIENTED_EDGE('',*,*,#6272,.F.);
#9450=ORIENTED_EDGE('',*,*,#6841,.T.);
#9451=ORIENTED_EDGE('',*,*,#6842,.F.);
#9452=ORIENTED_EDGE('',*,*,#6839,.F.);
#9453=ORIENTED_EDGE('',*,*,#6271,.F.);
#9454=ORIENTED_EDGE('',*,*,#6843,.T.);
#9455=ORIENTED_EDGE('',*,*,#6844,.F.);
#9456=ORIENTED_EDGE('',*,*,#6841,.F.);
#9457=ORIENTED_EDGE('',*,*,#6270,.F.);
#9458=ORIENTED_EDGE('',*,*,#6687,.T.);
#9459=ORIENTED_EDGE('',*,*,#6845,.F.);
#9460=ORIENTED_EDGE('',*,*,#6843,.F.);
#9461=ORIENTED_EDGE('',*,*,#6269,.F.);
#9462=ORIENTED_EDGE('',*,*,#6846,.T.);
#9463=ORIENTED_EDGE('',*,*,#6847,.F.);
#9464=ORIENTED_EDGE('',*,*,#6683,.F.);
#9465=ORIENTED_EDGE('',*,*,#6262,.F.);
#9466=ORIENTED_EDGE('',*,*,#6848,.T.);
#9467=ORIENTED_EDGE('',*,*,#6849,.F.);
#9468=ORIENTED_EDGE('',*,*,#6846,.F.);
#9469=ORIENTED_EDGE('',*,*,#6261,.F.);
#9470=ORIENTED_EDGE('',*,*,#6850,.T.);
#9471=ORIENTED_EDGE('',*,*,#6851,.F.);
#9472=ORIENTED_EDGE('',*,*,#6848,.F.);
#9473=ORIENTED_EDGE('',*,*,#6260,.F.);
#9474=ORIENTED_EDGE('',*,*,#6852,.T.);
#9475=ORIENTED_EDGE('',*,*,#6853,.F.);
#9476=ORIENTED_EDGE('',*,*,#6850,.F.);
#9477=ORIENTED_EDGE('',*,*,#6259,.F.);
#9478=ORIENTED_EDGE('',*,*,#6854,.T.);
#9479=ORIENTED_EDGE('',*,*,#6855,.F.);
#9480=ORIENTED_EDGE('',*,*,#6852,.F.);
#9481=ORIENTED_EDGE('',*,*,#6258,.F.);
#9482=ORIENTED_EDGE('',*,*,#6674,.T.);
#9483=ORIENTED_EDGE('',*,*,#6856,.F.);
#9484=ORIENTED_EDGE('',*,*,#6854,.F.);
#9485=ORIENTED_EDGE('',*,*,#6257,.F.);
#9486=ORIENTED_EDGE('',*,*,#6665,.T.);
#9487=ORIENTED_EDGE('',*,*,#6857,.F.);
#9488=ORIENTED_EDGE('',*,*,#6802,.F.);
#9489=ORIENTED_EDGE('',*,*,#6247,.F.);
#9490=ORIENTED_EDGE('',*,*,#6858,.T.);
#9491=ORIENTED_EDGE('',*,*,#6859,.F.);
#9492=ORIENTED_EDGE('',*,*,#6661,.F.);
#9493=ORIENTED_EDGE('',*,*,#6242,.F.);
#9494=ORIENTED_EDGE('',*,*,#6860,.T.);
#9495=ORIENTED_EDGE('',*,*,#6861,.F.);
#9496=ORIENTED_EDGE('',*,*,#6858,.F.);
#9497=ORIENTED_EDGE('',*,*,#6241,.F.);
#9498=ORIENTED_EDGE('',*,*,#6862,.T.);
#9499=ORIENTED_EDGE('',*,*,#6863,.F.);
#9500=ORIENTED_EDGE('',*,*,#6860,.F.);
#9501=ORIENTED_EDGE('',*,*,#6240,.F.);
#9502=ORIENTED_EDGE('',*,*,#6797,.F.);
#9503=ORIENTED_EDGE('',*,*,#6864,.F.);
#9504=ORIENTED_EDGE('',*,*,#6862,.F.);
#9505=ORIENTED_EDGE('',*,*,#6239,.F.);
#9506=ORIENTED_EDGE('',*,*,#6865,.T.);
#9507=ORIENTED_EDGE('',*,*,#6866,.F.);
#9508=ORIENTED_EDGE('',*,*,#6650,.F.);
#9509=ORIENTED_EDGE('',*,*,#6232,.F.);
#9510=ORIENTED_EDGE('',*,*,#6867,.T.);
#9511=ORIENTED_EDGE('',*,*,#6868,.F.);
#9512=ORIENTED_EDGE('',*,*,#6865,.F.);
#9513=ORIENTED_EDGE('',*,*,#6231,.F.);
#9514=ORIENTED_EDGE('',*,*,#6869,.T.);
#9515=ORIENTED_EDGE('',*,*,#6870,.F.);
#9516=ORIENTED_EDGE('',*,*,#6867,.F.);
#9517=ORIENTED_EDGE('',*,*,#6230,.F.);
#9518=ORIENTED_EDGE('',*,*,#6825,.F.);
#9519=ORIENTED_EDGE('',*,*,#6871,.F.);
#9520=ORIENTED_EDGE('',*,*,#6869,.F.);
#9521=ORIENTED_EDGE('',*,*,#6229,.F.);
#9522=ORIENTED_EDGE('',*,*,#6872,.T.);
#9523=ORIENTED_EDGE('',*,*,#6873,.F.);
#9524=ORIENTED_EDGE('',*,*,#6369,.F.);
#9525=ORIENTED_EDGE('',*,*,#6222,.F.);
#9526=ORIENTED_EDGE('',*,*,#6874,.T.);
#9527=ORIENTED_EDGE('',*,*,#6875,.F.);
#9528=ORIENTED_EDGE('',*,*,#6872,.F.);
#9529=ORIENTED_EDGE('',*,*,#6221,.F.);
#9530=ORIENTED_EDGE('',*,*,#6876,.T.);
#9531=ORIENTED_EDGE('',*,*,#6877,.F.);
#9532=ORIENTED_EDGE('',*,*,#6874,.F.);
#9533=ORIENTED_EDGE('',*,*,#6220,.F.);
#9534=ORIENTED_EDGE('',*,*,#6827,.F.);
#9535=ORIENTED_EDGE('',*,*,#6878,.F.);
#9536=ORIENTED_EDGE('',*,*,#6876,.F.);
#9537=ORIENTED_EDGE('',*,*,#6219,.F.);
#9538=ORIENTED_EDGE('',*,*,#6879,.T.);
#9539=ORIENTED_EDGE('',*,*,#6880,.F.);
#9540=ORIENTED_EDGE('',*,*,#6637,.F.);
#9541=ORIENTED_EDGE('',*,*,#6212,.F.);
#9542=ORIENTED_EDGE('',*,*,#6881,.T.);
#9543=ORIENTED_EDGE('',*,*,#6882,.F.);
#9544=ORIENTED_EDGE('',*,*,#6879,.F.);
#9545=ORIENTED_EDGE('',*,*,#6211,.F.);
#9546=ORIENTED_EDGE('',*,*,#6883,.T.);
#9547=ORIENTED_EDGE('',*,*,#6884,.F.);
#9548=ORIENTED_EDGE('',*,*,#6881,.F.);
#9549=ORIENTED_EDGE('',*,*,#6210,.F.);
#9550=ORIENTED_EDGE('',*,*,#6799,.F.);
#9551=ORIENTED_EDGE('',*,*,#6885,.F.);
#9552=ORIENTED_EDGE('',*,*,#6883,.F.);
#9553=ORIENTED_EDGE('',*,*,#6209,.F.);
#9554=ORIENTED_EDGE('',*,*,#6886,.T.);
#9555=ORIENTED_EDGE('',*,*,#6887,.F.);
#9556=ORIENTED_EDGE('',*,*,#6777,.F.);
#9557=ORIENTED_EDGE('',*,*,#6200,.F.);
#9558=ORIENTED_EDGE('',*,*,#6888,.T.);
#9559=ORIENTED_EDGE('',*,*,#6889,.F.);
#9560=ORIENTED_EDGE('',*,*,#6886,.F.);
#9561=ORIENTED_EDGE('',*,*,#6199,.F.);
#9562=ORIENTED_EDGE('',*,*,#6890,.T.);
#9563=ORIENTED_EDGE('',*,*,#6891,.F.);
#9564=ORIENTED_EDGE('',*,*,#6888,.F.);
#9565=ORIENTED_EDGE('',*,*,#6198,.F.);
#9566=ORIENTED_EDGE('',*,*,#6626,.T.);
#9567=ORIENTED_EDGE('',*,*,#6892,.F.);
#9568=ORIENTED_EDGE('',*,*,#6890,.F.);
#9569=ORIENTED_EDGE('',*,*,#6197,.F.);
#9570=ORIENTED_EDGE('',*,*,#6893,.T.);
#9571=ORIENTED_EDGE('',*,*,#6894,.F.);
#9572=ORIENTED_EDGE('',*,*,#6622,.F.);
#9573=ORIENTED_EDGE('',*,*,#6190,.F.);
#9574=ORIENTED_EDGE('',*,*,#6895,.T.);
#9575=ORIENTED_EDGE('',*,*,#6896,.F.);
#9576=ORIENTED_EDGE('',*,*,#6893,.F.);
#9577=ORIENTED_EDGE('',*,*,#6189,.F.);
#9578=ORIENTED_EDGE('',*,*,#6897,.T.);
#9579=ORIENTED_EDGE('',*,*,#6898,.F.);
#9580=ORIENTED_EDGE('',*,*,#6895,.F.);
#9581=ORIENTED_EDGE('',*,*,#6188,.F.);
#9582=ORIENTED_EDGE('',*,*,#6899,.T.);
#9583=ORIENTED_EDGE('',*,*,#6900,.F.);
#9584=ORIENTED_EDGE('',*,*,#6897,.F.);
#9585=ORIENTED_EDGE('',*,*,#6187,.F.);
#9586=ORIENTED_EDGE('',*,*,#6901,.T.);
#9587=ORIENTED_EDGE('',*,*,#6902,.F.);
#9588=ORIENTED_EDGE('',*,*,#6899,.F.);
#9589=ORIENTED_EDGE('',*,*,#6186,.F.);
#9590=ORIENTED_EDGE('',*,*,#6613,.T.);
#9591=ORIENTED_EDGE('',*,*,#6903,.F.);
#9592=ORIENTED_EDGE('',*,*,#6901,.F.);
#9593=ORIENTED_EDGE('',*,*,#6185,.F.);
#9594=ORIENTED_EDGE('',*,*,#6904,.T.);
#9595=ORIENTED_EDGE('',*,*,#6905,.F.);
#9596=ORIENTED_EDGE('',*,*,#6609,.F.);
#9597=ORIENTED_EDGE('',*,*,#6178,.F.);
#9598=ORIENTED_EDGE('',*,*,#6906,.T.);
#9599=ORIENTED_EDGE('',*,*,#6907,.F.);
#9600=ORIENTED_EDGE('',*,*,#6904,.F.);
#9601=ORIENTED_EDGE('',*,*,#6177,.F.);
#9602=ORIENTED_EDGE('',*,*,#6908,.T.);
#9603=ORIENTED_EDGE('',*,*,#6909,.F.);
#9604=ORIENTED_EDGE('',*,*,#6906,.F.);
#9605=ORIENTED_EDGE('',*,*,#6176,.F.);
#9606=ORIENTED_EDGE('',*,*,#6910,.T.);
#9607=ORIENTED_EDGE('',*,*,#6911,.F.);
#9608=ORIENTED_EDGE('',*,*,#6908,.F.);
#9609=ORIENTED_EDGE('',*,*,#6175,.F.);
#9610=ORIENTED_EDGE('',*,*,#6912,.T.);
#9611=ORIENTED_EDGE('',*,*,#6913,.F.);
#9612=ORIENTED_EDGE('',*,*,#6910,.F.);
#9613=ORIENTED_EDGE('',*,*,#6174,.F.);
#9614=ORIENTED_EDGE('',*,*,#6600,.T.);
#9615=ORIENTED_EDGE('',*,*,#6914,.F.);
#9616=ORIENTED_EDGE('',*,*,#6912,.F.);
#9617=ORIENTED_EDGE('',*,*,#6173,.F.);
#9618=ORIENTED_EDGE('',*,*,#6915,.T.);
#9619=ORIENTED_EDGE('',*,*,#6916,.F.);
#9620=ORIENTED_EDGE('',*,*,#6596,.F.);
#9621=ORIENTED_EDGE('',*,*,#6166,.F.);
#9622=ORIENTED_EDGE('',*,*,#6917,.T.);
#9623=ORIENTED_EDGE('',*,*,#6918,.F.);
#9624=ORIENTED_EDGE('',*,*,#6915,.F.);
#9625=ORIENTED_EDGE('',*,*,#6165,.F.);
#9626=ORIENTED_EDGE('',*,*,#6919,.T.);
#9627=ORIENTED_EDGE('',*,*,#6920,.F.);
#9628=ORIENTED_EDGE('',*,*,#6917,.F.);
#9629=ORIENTED_EDGE('',*,*,#6164,.F.);
#9630=ORIENTED_EDGE('',*,*,#6921,.T.);
#9631=ORIENTED_EDGE('',*,*,#6922,.F.);
#9632=ORIENTED_EDGE('',*,*,#6919,.F.);
#9633=ORIENTED_EDGE('',*,*,#6163,.F.);
#9634=ORIENTED_EDGE('',*,*,#6923,.T.);
#9635=ORIENTED_EDGE('',*,*,#6924,.F.);
#9636=ORIENTED_EDGE('',*,*,#6921,.F.);
#9637=ORIENTED_EDGE('',*,*,#6162,.F.);
#9638=ORIENTED_EDGE('',*,*,#6925,.T.);
#9639=ORIENTED_EDGE('',*,*,#6926,.F.);
#9640=ORIENTED_EDGE('',*,*,#6923,.F.);
#9641=ORIENTED_EDGE('',*,*,#6161,.F.);
#9642=ORIENTED_EDGE('',*,*,#6585,.T.);
#9643=ORIENTED_EDGE('',*,*,#6927,.F.);
#9644=ORIENTED_EDGE('',*,*,#6925,.F.);
#9645=ORIENTED_EDGE('',*,*,#6160,.F.);
#9646=ORIENTED_EDGE('',*,*,#6928,.T.);
#9647=ORIENTED_EDGE('',*,*,#6929,.F.);
#9648=ORIENTED_EDGE('',*,*,#6581,.F.);
#9649=ORIENTED_EDGE('',*,*,#6152,.F.);
#9650=ORIENTED_EDGE('',*,*,#6930,.T.);
#9651=ORIENTED_EDGE('',*,*,#6931,.F.);
#9652=ORIENTED_EDGE('',*,*,#6928,.F.);
#9653=ORIENTED_EDGE('',*,*,#6151,.F.);
#9654=ORIENTED_EDGE('',*,*,#6932,.T.);
#9655=ORIENTED_EDGE('',*,*,#6933,.F.);
#9656=ORIENTED_EDGE('',*,*,#6930,.F.);
#9657=ORIENTED_EDGE('',*,*,#6150,.F.);
#9658=ORIENTED_EDGE('',*,*,#6934,.T.);
#9659=ORIENTED_EDGE('',*,*,#6935,.F.);
#9660=ORIENTED_EDGE('',*,*,#6932,.F.);
#9661=ORIENTED_EDGE('',*,*,#6149,.F.);
#9662=ORIENTED_EDGE('',*,*,#6936,.T.);
#9663=ORIENTED_EDGE('',*,*,#6937,.F.);
#9664=ORIENTED_EDGE('',*,*,#6934,.F.);
#9665=ORIENTED_EDGE('',*,*,#6148,.F.);
#9666=ORIENTED_EDGE('',*,*,#6572,.T.);
#9667=ORIENTED_EDGE('',*,*,#6938,.F.);
#9668=ORIENTED_EDGE('',*,*,#6936,.F.);
#9669=ORIENTED_EDGE('',*,*,#6147,.F.);
#9670=ORIENTED_EDGE('',*,*,#6939,.T.);
#9671=ORIENTED_EDGE('',*,*,#6940,.F.);
#9672=ORIENTED_EDGE('',*,*,#6379,.F.);
#9673=ORIENTED_EDGE('',*,*,#6140,.F.);
#9674=ORIENTED_EDGE('',*,*,#6941,.T.);
#9675=ORIENTED_EDGE('',*,*,#6942,.F.);
#9676=ORIENTED_EDGE('',*,*,#6939,.F.);
#9677=ORIENTED_EDGE('',*,*,#6139,.F.);
#9678=ORIENTED_EDGE('',*,*,#6943,.T.);
#9679=ORIENTED_EDGE('',*,*,#6944,.F.);
#9680=ORIENTED_EDGE('',*,*,#6941,.F.);
#9681=ORIENTED_EDGE('',*,*,#6138,.F.);
#9682=ORIENTED_EDGE('',*,*,#6945,.T.);
#9683=ORIENTED_EDGE('',*,*,#6946,.F.);
#9684=ORIENTED_EDGE('',*,*,#6943,.F.);
#9685=ORIENTED_EDGE('',*,*,#6137,.F.);
#9686=ORIENTED_EDGE('',*,*,#6947,.T.);
#9687=ORIENTED_EDGE('',*,*,#6948,.F.);
#9688=ORIENTED_EDGE('',*,*,#6945,.F.);
#9689=ORIENTED_EDGE('',*,*,#6136,.F.);
#9690=ORIENTED_EDGE('',*,*,#6357,.F.);
#9691=ORIENTED_EDGE('',*,*,#6949,.F.);
#9692=ORIENTED_EDGE('',*,*,#6947,.F.);
#9693=ORIENTED_EDGE('',*,*,#6135,.F.);
#9694=ORIENTED_EDGE('',*,*,#6950,.T.);
#9695=ORIENTED_EDGE('',*,*,#6951,.F.);
#9696=ORIENTED_EDGE('',*,*,#6816,.F.);
#9697=ORIENTED_EDGE('',*,*,#6124,.F.);
#9698=ORIENTED_EDGE('',*,*,#6566,.T.);
#9699=ORIENTED_EDGE('',*,*,#6952,.F.);
#9700=ORIENTED_EDGE('',*,*,#6950,.F.);
#9701=ORIENTED_EDGE('',*,*,#6123,.F.);
#9702=ORIENTED_EDGE('',*,*,#6953,.T.);
#9703=ORIENTED_EDGE('',*,*,#6954,.F.);
#9704=ORIENTED_EDGE('',*,*,#6562,.F.);
#9705=ORIENTED_EDGE('',*,*,#6119,.F.);
#9706=ORIENTED_EDGE('',*,*,#6955,.T.);
#9707=ORIENTED_EDGE('',*,*,#6956,.F.);
#9708=ORIENTED_EDGE('',*,*,#6953,.F.);
#9709=ORIENTED_EDGE('',*,*,#6118,.F.);
#9710=ORIENTED_EDGE('',*,*,#6957,.T.);
#9711=ORIENTED_EDGE('',*,*,#6958,.F.);
#9712=ORIENTED_EDGE('',*,*,#6955,.F.);
#9713=ORIENTED_EDGE('',*,*,#6117,.F.);
#9714=ORIENTED_EDGE('',*,*,#6959,.T.);
#9715=ORIENTED_EDGE('',*,*,#6960,.F.);
#9716=ORIENTED_EDGE('',*,*,#6957,.F.);
#9717=ORIENTED_EDGE('',*,*,#6116,.F.);
#9718=ORIENTED_EDGE('',*,*,#6961,.T.);
#9719=ORIENTED_EDGE('',*,*,#6962,.F.);
#9720=ORIENTED_EDGE('',*,*,#6959,.F.);
#9721=ORIENTED_EDGE('',*,*,#6115,.F.);
#9722=ORIENTED_EDGE('',*,*,#6553,.T.);
#9723=ORIENTED_EDGE('',*,*,#6963,.F.);
#9724=ORIENTED_EDGE('',*,*,#6961,.F.);
#9725=ORIENTED_EDGE('',*,*,#6114,.F.);
#9726=ORIENTED_EDGE('',*,*,#6964,.T.);
#9727=ORIENTED_EDGE('',*,*,#6965,.F.);
#9728=ORIENTED_EDGE('',*,*,#6966,.F.);
#9729=ORIENTED_EDGE('',*,*,#6104,.F.);
#9730=ORIENTED_EDGE('',*,*,#6537,.T.);
#9731=ORIENTED_EDGE('',*,*,#6967,.F.);
#9732=ORIENTED_EDGE('',*,*,#6964,.F.);
#9733=ORIENTED_EDGE('',*,*,#6103,.F.);
#9734=ORIENTED_EDGE('',*,*,#6966,.T.);
#9735=ORIENTED_EDGE('',*,*,#6968,.F.);
#9736=ORIENTED_EDGE('',*,*,#6822,.F.);
#9737=ORIENTED_EDGE('',*,*,#6105,.F.);
#9738=ORIENTED_EDGE('',*,*,#6969,.T.);
#9739=ORIENTED_EDGE('',*,*,#6970,.F.);
#9740=ORIENTED_EDGE('',*,*,#6818,.F.);
#9741=ORIENTED_EDGE('',*,*,#6095,.F.);
#9742=ORIENTED_EDGE('',*,*,#6971,.T.);
#9743=ORIENTED_EDGE('',*,*,#6972,.F.);
#9744=ORIENTED_EDGE('',*,*,#6969,.F.);
#9745=ORIENTED_EDGE('',*,*,#6094,.F.);
#9746=ORIENTED_EDGE('',*,*,#6526,.F.);
#9747=ORIENTED_EDGE('',*,*,#6973,.F.);
#9748=ORIENTED_EDGE('',*,*,#6971,.F.);
#9749=ORIENTED_EDGE('',*,*,#6093,.F.);
#9750=ORIENTED_EDGE('',*,*,#6360,.F.);
#9751=ORIENTED_EDGE('',*,*,#6084,.F.);
#9752=ORIENTED_EDGE('',*,*,#6974,.T.);
#9753=ORIENTED_EDGE('',*,*,#6975,.F.);
#9754=ORIENTED_EDGE('',*,*,#6808,.T.);
#9755=ORIENTED_EDGE('',*,*,#6976,.F.);
#9756=ORIENTED_EDGE('',*,*,#6974,.F.);
#9757=ORIENTED_EDGE('',*,*,#6083,.F.);
#9758=ORIENTED_EDGE('',*,*,#6810,.F.);
#9759=ORIENTED_EDGE('',*,*,#6977,.F.);
#9760=ORIENTED_EDGE('',*,*,#6804,.F.);
#9761=ORIENTED_EDGE('',*,*,#6080,.F.);
#9762=ORIENTED_EDGE('',*,*,#6978,.T.);
#9763=ORIENTED_EDGE('',*,*,#6979,.F.);
#9764=ORIENTED_EDGE('',*,*,#6520,.F.);
#9765=ORIENTED_EDGE('',*,*,#6076,.F.);
#9766=ORIENTED_EDGE('',*,*,#6980,.T.);
#9767=ORIENTED_EDGE('',*,*,#6981,.F.);
#9768=ORIENTED_EDGE('',*,*,#6978,.F.);
#9769=ORIENTED_EDGE('',*,*,#6075,.F.);
#9770=ORIENTED_EDGE('',*,*,#6378,.T.);
#9771=ORIENTED_EDGE('',*,*,#6982,.F.);
#9772=ORIENTED_EDGE('',*,*,#6980,.F.);
#9773=ORIENTED_EDGE('',*,*,#6074,.F.);
#9774=ORIENTED_EDGE('',*,*,#6320,.F.);
#9775=ORIENTED_EDGE('',*,*,#6069,.F.);
#9776=ORIENTED_EDGE('',*,*,#6983,.T.);
#9777=ORIENTED_EDGE('',*,*,#6984,.F.);
#9778=ORIENTED_EDGE('',*,*,#6511,.T.);
#9779=ORIENTED_EDGE('',*,*,#6985,.F.);
#9780=ORIENTED_EDGE('',*,*,#6983,.F.);
#9781=ORIENTED_EDGE('',*,*,#6068,.F.);
#9782=ORIENTED_EDGE('',*,*,#6986,.T.);
#9783=ORIENTED_EDGE('',*,*,#6987,.F.);
#9784=ORIENTED_EDGE('',*,*,#6507,.F.);
#9785=ORIENTED_EDGE('',*,*,#6061,.F.);
#9786=ORIENTED_EDGE('',*,*,#6988,.T.);
#9787=ORIENTED_EDGE('',*,*,#6989,.F.);
#9788=ORIENTED_EDGE('',*,*,#6986,.F.);
#9789=ORIENTED_EDGE('',*,*,#6060,.F.);
#9790=ORIENTED_EDGE('',*,*,#6990,.T.);
#9791=ORIENTED_EDGE('',*,*,#6991,.F.);
#9792=ORIENTED_EDGE('',*,*,#6988,.F.);
#9793=ORIENTED_EDGE('',*,*,#6059,.F.);
#9794=ORIENTED_EDGE('',*,*,#6992,.T.);
#9795=ORIENTED_EDGE('',*,*,#6993,.F.);
#9796=ORIENTED_EDGE('',*,*,#6990,.F.);
#9797=ORIENTED_EDGE('',*,*,#6058,.F.);
#9798=ORIENTED_EDGE('',*,*,#6994,.T.);
#9799=ORIENTED_EDGE('',*,*,#6995,.F.);
#9800=ORIENTED_EDGE('',*,*,#6992,.F.);
#9801=ORIENTED_EDGE('',*,*,#6057,.F.);
#9802=ORIENTED_EDGE('',*,*,#6498,.T.);
#9803=ORIENTED_EDGE('',*,*,#6996,.F.);
#9804=ORIENTED_EDGE('',*,*,#6994,.F.);
#9805=ORIENTED_EDGE('',*,*,#6056,.F.);
#9806=ORIENTED_EDGE('',*,*,#6997,.T.);
#9807=ORIENTED_EDGE('',*,*,#6998,.F.);
#9808=ORIENTED_EDGE('',*,*,#6788,.F.);
#9809=ORIENTED_EDGE('',*,*,#5978,.F.);
#9810=ORIENTED_EDGE('',*,*,#6999,.T.);
#9811=ORIENTED_EDGE('',*,*,#7000,.F.);
#9812=ORIENTED_EDGE('',*,*,#6794,.F.);
#9813=ORIENTED_EDGE('',*,*,#5992,.F.);
#9814=ORIENTED_EDGE('',*,*,#5514,.F.);
#9815=ORIENTED_EDGE('',*,*,#6828,.F.);
#9816=ORIENTED_EDGE('',*,*,#5497,.F.);
#9817=ORIENTED_EDGE('',*,*,#5540,.F.);
#9818=ORIENTED_EDGE('',*,*,#6543,.F.);
#9819=ORIENTED_EDGE('',*,*,#6548,.F.);
#9820=ORIENTED_EDGE('',*,*,#6550,.T.);
#9821=ORIENTED_EDGE('',*,*,#6821,.F.);
#9822=ORIENTED_EDGE('',*,*,#6823,.T.);
#9823=ORIENTED_EDGE('',*,*,#6968,.T.);
#9824=ORIENTED_EDGE('',*,*,#6965,.T.);
#9825=ORIENTED_EDGE('',*,*,#6967,.T.);
#9826=ORIENTED_EDGE('',*,*,#6536,.T.);
#9827=ORIENTED_EDGE('',*,*,#6539,.T.);
#9828=ORIENTED_EDGE('',*,*,#6541,.F.);
#9829=ORIENTED_EDGE('',*,*,#6546,.F.);
#9830=ORIENTED_EDGE('',*,*,#6811,.F.);
#9831=ORIENTED_EDGE('',*,*,#7001,.F.);
#9832=ORIENTED_EDGE('',*,*,#6371,.F.);
#9833=ORIENTED_EDGE('',*,*,#6773,.F.);
#9834=ORIENTED_EDGE('',*,*,#6719,.F.);
#9835=ORIENTED_EDGE('',*,*,#7002,.F.);
#9836=ORIENTED_EDGE('',*,*,#6724,.F.);
#9837=ORIENTED_EDGE('',*,*,#6801,.T.);
#9838=ORIENTED_EDGE('',*,*,#6803,.T.);
#9839=ORIENTED_EDGE('',*,*,#6857,.T.);
#9840=ORIENTED_EDGE('',*,*,#6664,.T.);
#9841=ORIENTED_EDGE('',*,*,#6667,.T.);
#9842=ORIENTED_EDGE('',*,*,#6669,.T.);
#9843=ORIENTED_EDGE('',*,*,#6671,.F.);
#9844=ORIENTED_EDGE('',*,*,#6727,.F.);
#9845=ORIENTED_EDGE('',*,*,#5783,.F.);
#9846=ORIENTED_EDGE('',*,*,#6440,.F.);
#9847=ORIENTED_EDGE('',*,*,#6785,.T.);
#9848=ORIENTED_EDGE('',*,*,#6787,.T.);
#9849=ORIENTED_EDGE('',*,*,#7003,.T.);
#9850=ORIENTED_EDGE('',*,*,#7004,.T.);
#9851=ORIENTED_EDGE('',*,*,#7005,.T.);
#9852=ORIENTED_EDGE('',*,*,#6433,.T.);
#9853=ORIENTED_EDGE('',*,*,#6436,.F.);
#9854=ORIENTED_EDGE('',*,*,#6438,.T.);
#9855=ORIENTED_EDGE('',*,*,#7006,.F.);
#9856=ORIENTED_EDGE('',*,*,#6712,.F.);
#9857=ORIENTED_EDGE('',*,*,#6709,.F.);
#9858=ORIENTED_EDGE('',*,*,#6705,.F.);
#9859=ORIENTED_EDGE('',*,*,#7007,.F.);
#9860=ORIENTED_EDGE('',*,*,#6779,.F.);
#9861=ORIENTED_EDGE('',*,*,#6483,.F.);
#9862=ORIENTED_EDGE('',*,*,#6486,.T.);
#9863=ORIENTED_EDGE('',*,*,#6488,.T.);
#9864=ORIENTED_EDGE('',*,*,#6490,.T.);
#9865=ORIENTED_EDGE('',*,*,#6491,.T.);
#9866=ORIENTED_EDGE('',*,*,#6324,.T.);
#9867=ORIENTED_EDGE('',*,*,#6322,.F.);
#9868=ORIENTED_EDGE('',*,*,#6329,.T.);
#9869=ORIENTED_EDGE('',*,*,#6326,.F.);
#9870=ORIENTED_EDGE('',*,*,#6783,.F.);
#9871=ORIENTED_EDGE('',*,*,#7008,.F.);
#9872=ORIENTED_EDGE('',*,*,#6715,.F.);
#9873=ORIENTED_EDGE('',*,*,#7009,.F.);
#9874=ORIENTED_EDGE('',*,*,#7010,.F.);
#9875=ORIENTED_EDGE('',*,*,#6702,.F.);
#9876=ORIENTED_EDGE('',*,*,#5826,.F.);
#9877=ORIENTED_EDGE('',*,*,#5491,.F.);
#9878=ORIENTED_EDGE('',*,*,#5427,.F.);
#9879=ORIENTED_EDGE('',*,*,#7011,.F.);
#9880=ORIENTED_EDGE('',*,*,#5572,.F.);
#9881=ORIENTED_EDGE('',*,*,#7012,.F.);
#9882=ORIENTED_EDGE('',*,*,#5564,.F.);
#9883=ORIENTED_EDGE('',*,*,#5588,.F.);
#9884=ORIENTED_EDGE('',*,*,#7013,.F.);
#9885=ORIENTED_EDGE('',*,*,#5558,.F.);
#9886=ORIENTED_EDGE('',*,*,#5529,.F.);
#9887=ORIENTED_EDGE('',*,*,#7014,.F.);
#9888=ORIENTED_EDGE('',*,*,#6742,.F.);
#9889=ORIENTED_EDGE('',*,*,#6769,.F.);
#9890=ORIENTED_EDGE('',*,*,#6733,.F.);
#9891=ORIENTED_EDGE('',*,*,#6763,.F.);
#9892=ORIENTED_EDGE('',*,*,#6751,.F.);
#9893=ORIENTED_EDGE('',*,*,#6468,.T.);
#9894=ORIENTED_EDGE('',*,*,#7015,.T.);
#9895=ORIENTED_EDGE('',*,*,#7016,.T.);
#9896=ORIENTED_EDGE('',*,*,#7017,.T.);
#9897=ORIENTED_EDGE('',*,*,#7018,.T.);
#9898=ORIENTED_EDGE('',*,*,#7019,.T.);
#9899=ORIENTED_EDGE('',*,*,#7020,.T.);
#9900=ORIENTED_EDGE('',*,*,#6457,.T.);
#9901=ORIENTED_EDGE('',*,*,#6460,.T.);
#9902=ORIENTED_EDGE('',*,*,#6462,.T.);
#9903=ORIENTED_EDGE('',*,*,#6464,.T.);
#9904=ORIENTED_EDGE('',*,*,#6466,.T.);
#9905=ORIENTED_EDGE('',*,*,#6508,.T.);
#9906=ORIENTED_EDGE('',*,*,#6987,.T.);
#9907=ORIENTED_EDGE('',*,*,#6989,.T.);
#9908=ORIENTED_EDGE('',*,*,#6991,.T.);
#9909=ORIENTED_EDGE('',*,*,#6993,.T.);
#9910=ORIENTED_EDGE('',*,*,#6995,.T.);
#9911=ORIENTED_EDGE('',*,*,#6996,.T.);
#9912=ORIENTED_EDGE('',*,*,#6497,.T.);
#9913=ORIENTED_EDGE('',*,*,#6500,.T.);
#9914=ORIENTED_EDGE('',*,*,#6502,.T.);
#9915=ORIENTED_EDGE('',*,*,#6504,.T.);
#9916=ORIENTED_EDGE('',*,*,#6506,.T.);
#9917=ORIENTED_EDGE('',*,*,#6521,.T.);
#9918=ORIENTED_EDGE('',*,*,#6979,.T.);
#9919=ORIENTED_EDGE('',*,*,#6981,.T.);
#9920=ORIENTED_EDGE('',*,*,#6982,.T.);
#9921=ORIENTED_EDGE('',*,*,#6377,.T.);
#9922=ORIENTED_EDGE('',*,*,#6315,.F.);
#9923=ORIENTED_EDGE('',*,*,#6318,.T.);
#9924=ORIENTED_EDGE('',*,*,#6319,.F.);
#9925=ORIENTED_EDGE('',*,*,#6984,.T.);
#9926=ORIENTED_EDGE('',*,*,#6985,.T.);
#9927=ORIENTED_EDGE('',*,*,#6510,.T.);
#9928=ORIENTED_EDGE('',*,*,#6513,.T.);
#9929=ORIENTED_EDGE('',*,*,#6515,.T.);
#9930=ORIENTED_EDGE('',*,*,#6517,.T.);
#9931=ORIENTED_EDGE('',*,*,#6519,.T.);
#9932=ORIENTED_EDGE('',*,*,#6361,.T.);
#9933=ORIENTED_EDGE('',*,*,#6358,.F.);
#9934=ORIENTED_EDGE('',*,*,#6975,.T.);
#9935=ORIENTED_EDGE('',*,*,#6976,.T.);
#9936=ORIENTED_EDGE('',*,*,#6807,.T.);
#9937=ORIENTED_EDGE('',*,*,#6805,.F.);
#9938=ORIENTED_EDGE('',*,*,#6977,.T.);
#9939=ORIENTED_EDGE('',*,*,#6809,.F.);
#9940=ORIENTED_EDGE('',*,*,#6522,.T.);
#9941=ORIENTED_EDGE('',*,*,#6365,.T.);
#9942=ORIENTED_EDGE('',*,*,#6363,.F.);
#9943=ORIENTED_EDGE('',*,*,#6455,.T.);
#9944=ORIENTED_EDGE('',*,*,#7021,.T.);
#9945=ORIENTED_EDGE('',*,*,#7022,.T.);
#9946=ORIENTED_EDGE('',*,*,#7023,.T.);
#9947=ORIENTED_EDGE('',*,*,#7024,.T.);
#9948=ORIENTED_EDGE('',*,*,#7025,.T.);
#9949=ORIENTED_EDGE('',*,*,#7026,.T.);
#9950=ORIENTED_EDGE('',*,*,#6444,.T.);
#9951=ORIENTED_EDGE('',*,*,#6447,.T.);
#9952=ORIENTED_EDGE('',*,*,#6449,.T.);
#9953=ORIENTED_EDGE('',*,*,#6451,.T.);
#9954=ORIENTED_EDGE('',*,*,#6453,.T.);
#9955=ORIENTED_EDGE('',*,*,#6563,.T.);
#9956=ORIENTED_EDGE('',*,*,#6954,.T.);
#9957=ORIENTED_EDGE('',*,*,#6956,.T.);
#9958=ORIENTED_EDGE('',*,*,#6958,.T.);
#9959=ORIENTED_EDGE('',*,*,#6960,.T.);
#9960=ORIENTED_EDGE('',*,*,#6962,.T.);
#9961=ORIENTED_EDGE('',*,*,#6963,.T.);
#9962=ORIENTED_EDGE('',*,*,#6552,.T.);
#9963=ORIENTED_EDGE('',*,*,#6555,.T.);
#9964=ORIENTED_EDGE('',*,*,#6557,.T.);
#9965=ORIENTED_EDGE('',*,*,#6559,.T.);
#9966=ORIENTED_EDGE('',*,*,#6561,.T.);
#9967=ORIENTED_EDGE('',*,*,#6376,.T.);
#9968=ORIENTED_EDGE('',*,*,#6815,.F.);
#9969=ORIENTED_EDGE('',*,*,#6817,.T.);
#9970=ORIENTED_EDGE('',*,*,#6951,.T.);
#9971=ORIENTED_EDGE('',*,*,#6952,.T.);
#9972=ORIENTED_EDGE('',*,*,#6565,.T.);
#9973=ORIENTED_EDGE('',*,*,#6568,.T.);
#9974=ORIENTED_EDGE('',*,*,#6569,.T.);
#9975=ORIENTED_EDGE('',*,*,#6349,.F.);
#9976=ORIENTED_EDGE('',*,*,#6347,.T.);
#9977=ORIENTED_EDGE('',*,*,#6344,.F.);
#9978=ORIENTED_EDGE('',*,*,#6380,.T.);
#9979=ORIENTED_EDGE('',*,*,#6940,.T.);
#9980=ORIENTED_EDGE('',*,*,#6942,.T.);
#9981=ORIENTED_EDGE('',*,*,#6944,.T.);
#9982=ORIENTED_EDGE('',*,*,#6946,.T.);
#9983=ORIENTED_EDGE('',*,*,#6948,.T.);
#9984=ORIENTED_EDGE('',*,*,#6949,.T.);
#9985=ORIENTED_EDGE('',*,*,#6356,.F.);
#9986=ORIENTED_EDGE('',*,*,#6354,.T.);
#9987=ORIENTED_EDGE('',*,*,#6351,.F.);
#9988=ORIENTED_EDGE('',*,*,#6582,.T.);
#9989=ORIENTED_EDGE('',*,*,#6929,.T.);
#9990=ORIENTED_EDGE('',*,*,#6931,.T.);
#9991=ORIENTED_EDGE('',*,*,#6933,.T.);
#9992=ORIENTED_EDGE('',*,*,#6935,.T.);
#9993=ORIENTED_EDGE('',*,*,#6937,.T.);
#9994=ORIENTED_EDGE('',*,*,#6938,.T.);
#9995=ORIENTED_EDGE('',*,*,#6571,.T.);
#9996=ORIENTED_EDGE('',*,*,#6574,.T.);
#9997=ORIENTED_EDGE('',*,*,#6576,.T.);
#9998=ORIENTED_EDGE('',*,*,#6578,.T.);
#9999=ORIENTED_EDGE('',*,*,#6580,.T.);
#10000=ORIENTED_EDGE('',*,*,#6597,.T.);
#10001=ORIENTED_EDGE('',*,*,#6916,.T.);
#10002=ORIENTED_EDGE('',*,*,#6918,.T.);
#10003=ORIENTED_EDGE('',*,*,#6920,.T.);
#10004=ORIENTED_EDGE('',*,*,#6922,.T.);
#10005=ORIENTED_EDGE('',*,*,#6924,.T.);
#10006=ORIENTED_EDGE('',*,*,#6926,.T.);
#10007=ORIENTED_EDGE('',*,*,#6927,.T.);
#10008=ORIENTED_EDGE('',*,*,#6584,.T.);
#10009=ORIENTED_EDGE('',*,*,#6587,.T.);
#10010=ORIENTED_EDGE('',*,*,#6589,.F.);
#10011=ORIENTED_EDGE('',*,*,#6591,.T.);
#10012=ORIENTED_EDGE('',*,*,#6593,.F.);
#10013=ORIENTED_EDGE('',*,*,#6595,.T.);
#10014=ORIENTED_EDGE('',*,*,#7027,.T.);
#10015=ORIENTED_EDGE('',*,*,#7028,.T.);
#10016=ORIENTED_EDGE('',*,*,#7029,.T.);
#10017=ORIENTED_EDGE('',*,*,#7030,.T.);
#10018=ORIENTED_EDGE('',*,*,#7031,.T.);
#10019=ORIENTED_EDGE('',*,*,#6418,.T.);
#10020=ORIENTED_EDGE('',*,*,#6421,.T.);
#10021=ORIENTED_EDGE('',*,*,#6423,.T.);
#10022=ORIENTED_EDGE('',*,*,#6425,.T.);
#10023=ORIENTED_EDGE('',*,*,#6427,.T.);
#10024=ORIENTED_EDGE('',*,*,#6429,.F.);
#10025=ORIENTED_EDGE('',*,*,#6431,.T.);
#10026=ORIENTED_EDGE('',*,*,#6795,.F.);
#10027=ORIENTED_EDGE('',*,*,#7000,.T.);
#10028=ORIENTED_EDGE('',*,*,#6610,.T.);
#10029=ORIENTED_EDGE('',*,*,#6905,.T.);
#10030=ORIENTED_EDGE('',*,*,#6907,.T.);
#10031=ORIENTED_EDGE('',*,*,#6909,.T.);
#10032=ORIENTED_EDGE('',*,*,#6911,.T.);
#10033=ORIENTED_EDGE('',*,*,#6913,.T.);
#10034=ORIENTED_EDGE('',*,*,#6914,.T.);
#10035=ORIENTED_EDGE('',*,*,#6599,.T.);
#10036=ORIENTED_EDGE('',*,*,#6602,.T.);
#10037=ORIENTED_EDGE('',*,*,#6604,.T.);
#10038=ORIENTED_EDGE('',*,*,#6606,.T.);
#10039=ORIENTED_EDGE('',*,*,#6608,.T.);
#10040=ORIENTED_EDGE('',*,*,#6623,.T.);
#10041=ORIENTED_EDGE('',*,*,#6894,.T.);
#10042=ORIENTED_EDGE('',*,*,#6896,.T.);
#10043=ORIENTED_EDGE('',*,*,#6898,.T.);
#10044=ORIENTED_EDGE('',*,*,#6900,.T.);
#10045=ORIENTED_EDGE('',*,*,#6902,.T.);
#10046=ORIENTED_EDGE('',*,*,#6903,.T.);
#10047=ORIENTED_EDGE('',*,*,#6612,.T.);
#10048=ORIENTED_EDGE('',*,*,#6615,.T.);
#10049=ORIENTED_EDGE('',*,*,#6617,.T.);
#10050=ORIENTED_EDGE('',*,*,#6619,.T.);
#10051=ORIENTED_EDGE('',*,*,#6621,.T.);
#10052=ORIENTED_EDGE('',*,*,#6368,.T.);
#10053=ORIENTED_EDGE('',*,*,#6776,.F.);
#10054=ORIENTED_EDGE('',*,*,#6778,.T.);
#10055=ORIENTED_EDGE('',*,*,#6887,.T.);
#10056=ORIENTED_EDGE('',*,*,#6889,.T.);
#10057=ORIENTED_EDGE('',*,*,#6891,.T.);
#10058=ORIENTED_EDGE('',*,*,#6892,.T.);
#10059=ORIENTED_EDGE('',*,*,#6625,.T.);
#10060=ORIENTED_EDGE('',*,*,#6627,.T.);
#10061=ORIENTED_EDGE('',*,*,#6335,.F.);
#10062=ORIENTED_EDGE('',*,*,#6333,.T.);
#10063=ORIENTED_EDGE('',*,*,#6330,.F.);
#10064=ORIENTED_EDGE('',*,*,#6638,.T.);
#10065=ORIENTED_EDGE('',*,*,#6880,.T.);
#10066=ORIENTED_EDGE('',*,*,#6882,.T.);
#10067=ORIENTED_EDGE('',*,*,#6884,.T.);
#10068=ORIENTED_EDGE('',*,*,#6885,.T.);
#10069=ORIENTED_EDGE('',*,*,#6798,.F.);
#10070=ORIENTED_EDGE('',*,*,#6629,.T.);
#10071=ORIENTED_EDGE('',*,*,#6632,.F.);
#10072=ORIENTED_EDGE('',*,*,#6634,.T.);
#10073=ORIENTED_EDGE('',*,*,#6636,.T.);
#10074=ORIENTED_EDGE('',*,*,#6370,.T.);
#10075=ORIENTED_EDGE('',*,*,#6873,.T.);
#10076=ORIENTED_EDGE('',*,*,#6875,.T.);
#10077=ORIENTED_EDGE('',*,*,#6877,.T.);
#10078=ORIENTED_EDGE('',*,*,#6878,.T.);
#10079=ORIENTED_EDGE('',*,*,#6826,.F.);
#10080=ORIENTED_EDGE('',*,*,#6639,.T.);
#10081=ORIENTED_EDGE('',*,*,#6342,.F.);
#10082=ORIENTED_EDGE('',*,*,#6340,.T.);
#10083=ORIENTED_EDGE('',*,*,#6337,.F.);
#10084=ORIENTED_EDGE('',*,*,#6651,.T.);
#10085=ORIENTED_EDGE('',*,*,#6866,.T.);
#10086=ORIENTED_EDGE('',*,*,#6868,.T.);
#10087=ORIENTED_EDGE('',*,*,#6870,.T.);
#10088=ORIENTED_EDGE('',*,*,#6871,.T.);
#10089=ORIENTED_EDGE('',*,*,#6824,.F.);
#10090=ORIENTED_EDGE('',*,*,#6642,.T.);
#10091=ORIENTED_EDGE('',*,*,#6645,.F.);
#10092=ORIENTED_EDGE('',*,*,#6647,.T.);
#10093=ORIENTED_EDGE('',*,*,#6649,.T.);
#10094=ORIENTED_EDGE('',*,*,#6662,.T.);
#10095=ORIENTED_EDGE('',*,*,#6859,.T.);
#10096=ORIENTED_EDGE('',*,*,#6861,.T.);
#10097=ORIENTED_EDGE('',*,*,#6863,.T.);
#10098=ORIENTED_EDGE('',*,*,#6864,.T.);
#10099=ORIENTED_EDGE('',*,*,#6796,.F.);
#10100=ORIENTED_EDGE('',*,*,#6653,.T.);
#10101=ORIENTED_EDGE('',*,*,#6656,.F.);
#10102=ORIENTED_EDGE('',*,*,#6658,.T.);
#10103=ORIENTED_EDGE('',*,*,#6660,.T.);
#10104=ORIENTED_EDGE('',*,*,#6684,.T.);
#10105=ORIENTED_EDGE('',*,*,#6847,.T.);
#10106=ORIENTED_EDGE('',*,*,#6849,.T.);
#10107=ORIENTED_EDGE('',*,*,#6851,.T.);
#10108=ORIENTED_EDGE('',*,*,#6853,.T.);
#10109=ORIENTED_EDGE('',*,*,#6855,.T.);
#10110=ORIENTED_EDGE('',*,*,#6856,.T.);
#10111=ORIENTED_EDGE('',*,*,#6673,.T.);
#10112=ORIENTED_EDGE('',*,*,#6676,.T.);
#10113=ORIENTED_EDGE('',*,*,#6678,.T.);
#10114=ORIENTED_EDGE('',*,*,#6680,.T.);
#10115=ORIENTED_EDGE('',*,*,#6682,.T.);
#10116=ORIENTED_EDGE('',*,*,#6697,.T.);
#10117=ORIENTED_EDGE('',*,*,#6836,.T.);
#10118=ORIENTED_EDGE('',*,*,#6838,.T.);
#10119=ORIENTED_EDGE('',*,*,#6840,.T.);
#10120=ORIENTED_EDGE('',*,*,#6842,.T.);
#10121=ORIENTED_EDGE('',*,*,#6844,.T.);
#10122=ORIENTED_EDGE('',*,*,#6845,.T.);
#10123=ORIENTED_EDGE('',*,*,#6686,.T.);
#10124=ORIENTED_EDGE('',*,*,#6689,.T.);
#10125=ORIENTED_EDGE('',*,*,#6691,.T.);
#10126=ORIENTED_EDGE('',*,*,#6693,.T.);
#10127=ORIENTED_EDGE('',*,*,#6695,.T.);
#10128=ORIENTED_EDGE('',*,*,#6481,.T.);
#10129=ORIENTED_EDGE('',*,*,#7032,.T.);
#10130=ORIENTED_EDGE('',*,*,#7033,.T.);
#10131=ORIENTED_EDGE('',*,*,#7034,.T.);
#10132=ORIENTED_EDGE('',*,*,#7035,.T.);
#10133=ORIENTED_EDGE('',*,*,#7036,.T.);
#10134=ORIENTED_EDGE('',*,*,#7037,.T.);
#10135=ORIENTED_EDGE('',*,*,#6470,.T.);
#10136=ORIENTED_EDGE('',*,*,#6473,.T.);
#10137=ORIENTED_EDGE('',*,*,#6475,.T.);
#10138=ORIENTED_EDGE('',*,*,#6477,.T.);
#10139=ORIENTED_EDGE('',*,*,#6479,.T.);
#10140=ORIENTED_EDGE('',*,*,#6406,.T.);
#10141=ORIENTED_EDGE('',*,*,#6408,.T.);
#10142=ORIENTED_EDGE('',*,*,#6410,.T.);
#10143=ORIENTED_EDGE('',*,*,#6412,.T.);
#10144=ORIENTED_EDGE('',*,*,#6414,.F.);
#10145=ORIENTED_EDGE('',*,*,#6416,.T.);
#10146=ORIENTED_EDGE('',*,*,#6789,.F.);
#10147=ORIENTED_EDGE('',*,*,#6998,.T.);
#10148=ORIENTED_EDGE('',*,*,#7038,.T.);
#10149=ORIENTED_EDGE('',*,*,#7039,.T.);
#10150=ORIENTED_EDGE('',*,*,#7040,.T.);
#10151=ORIENTED_EDGE('',*,*,#6833,.T.);
#10152=ORIENTED_EDGE('',*,*,#6792,.F.);
#10153=ORIENTED_EDGE('',*,*,#6790,.T.);
#10154=ORIENTED_EDGE('',*,*,#6401,.F.);
#10155=ORIENTED_EDGE('',*,*,#6404,.T.);
#10156=ORIENTED_EDGE('',*,*,#6532,.T.);
#10157=ORIENTED_EDGE('',*,*,#6534,.F.);
#10158=ORIENTED_EDGE('',*,*,#6819,.T.);
#10159=ORIENTED_EDGE('',*,*,#6970,.T.);
#10160=ORIENTED_EDGE('',*,*,#6972,.T.);
#10161=ORIENTED_EDGE('',*,*,#6973,.T.);
#10162=ORIENTED_EDGE('',*,*,#6525,.F.);
#10163=ORIENTED_EDGE('',*,*,#6528,.T.);
#10164=ORIENTED_EDGE('',*,*,#6530,.T.);
#10165=ORIENTED_EDGE('',*,*,#7041,.T.);
#10166=ORIENTED_EDGE('',*,*,#7003,.F.);
#10167=ORIENTED_EDGE('',*,*,#6786,.F.);
#10168=ORIENTED_EDGE('',*,*,#6000,.F.);
#10169=ORIENTED_EDGE('',*,*,#7042,.T.);
#10170=ORIENTED_EDGE('',*,*,#7004,.F.);
#10171=ORIENTED_EDGE('',*,*,#7041,.F.);
#10172=ORIENTED_EDGE('',*,*,#5999,.F.);
#10173=ORIENTED_EDGE('',*,*,#6434,.T.);
#10174=ORIENTED_EDGE('',*,*,#7005,.F.);
#10175=ORIENTED_EDGE('',*,*,#7042,.F.);
#10176=ORIENTED_EDGE('',*,*,#5998,.F.);
#10177=ORIENTED_EDGE('',*,*,#7043,.T.);
#10178=ORIENTED_EDGE('',*,*,#7038,.F.);
#10179=ORIENTED_EDGE('',*,*,#6997,.F.);
#10180=ORIENTED_EDGE('',*,*,#5977,.F.);
#10181=ORIENTED_EDGE('',*,*,#7044,.T.);
#10182=ORIENTED_EDGE('',*,*,#7039,.F.);
#10183=ORIENTED_EDGE('',*,*,#7043,.F.);
#10184=ORIENTED_EDGE('',*,*,#5976,.F.);
#10185=ORIENTED_EDGE('',*,*,#6834,.T.);
#10186=ORIENTED_EDGE('',*,*,#7040,.F.);
#10187=ORIENTED_EDGE('',*,*,#7044,.F.);
#10188=ORIENTED_EDGE('',*,*,#5975,.F.);
#10189=ORIENTED_EDGE('',*,*,#7045,.T.);
#10190=ORIENTED_EDGE('',*,*,#7027,.F.);
#10191=ORIENTED_EDGE('',*,*,#6999,.F.);
#10192=ORIENTED_EDGE('',*,*,#5991,.F.);
#10193=ORIENTED_EDGE('',*,*,#7046,.T.);
#10194=ORIENTED_EDGE('',*,*,#7028,.F.);
#10195=ORIENTED_EDGE('',*,*,#7045,.F.);
#10196=ORIENTED_EDGE('',*,*,#5990,.F.);
#10197=ORIENTED_EDGE('',*,*,#7047,.T.);
#10198=ORIENTED_EDGE('',*,*,#7029,.F.);
#10199=ORIENTED_EDGE('',*,*,#7046,.F.);
#10200=ORIENTED_EDGE('',*,*,#5989,.F.);
#10201=ORIENTED_EDGE('',*,*,#7048,.T.);
#10202=ORIENTED_EDGE('',*,*,#7030,.F.);
#10203=ORIENTED_EDGE('',*,*,#7047,.F.);
#10204=ORIENTED_EDGE('',*,*,#5988,.F.);
#10205=ORIENTED_EDGE('',*,*,#6419,.T.);
#10206=ORIENTED_EDGE('',*,*,#7031,.F.);
#10207=ORIENTED_EDGE('',*,*,#7048,.F.);
#10208=ORIENTED_EDGE('',*,*,#5987,.F.);
#10209=ORIENTED_EDGE('',*,*,#7049,.T.);
#10210=ORIENTED_EDGE('',*,*,#7021,.F.);
#10211=ORIENTED_EDGE('',*,*,#6454,.F.);
#10212=ORIENTED_EDGE('',*,*,#6014,.F.);
#10213=ORIENTED_EDGE('',*,*,#7050,.T.);
#10214=ORIENTED_EDGE('',*,*,#7022,.F.);
#10215=ORIENTED_EDGE('',*,*,#7049,.F.);
#10216=ORIENTED_EDGE('',*,*,#6013,.F.);
#10217=ORIENTED_EDGE('',*,*,#7051,.T.);
#10218=ORIENTED_EDGE('',*,*,#7023,.F.);
#10219=ORIENTED_EDGE('',*,*,#7050,.F.);
#10220=ORIENTED_EDGE('',*,*,#6012,.F.);
#10221=ORIENTED_EDGE('',*,*,#7052,.T.);
#10222=ORIENTED_EDGE('',*,*,#7024,.F.);
#10223=ORIENTED_EDGE('',*,*,#7051,.F.);
#10224=ORIENTED_EDGE('',*,*,#6011,.F.);
#10225=ORIENTED_EDGE('',*,*,#7053,.T.);
#10226=ORIENTED_EDGE('',*,*,#7025,.F.);
#10227=ORIENTED_EDGE('',*,*,#7052,.F.);
#10228=ORIENTED_EDGE('',*,*,#6010,.F.);
#10229=ORIENTED_EDGE('',*,*,#6445,.T.);
#10230=ORIENTED_EDGE('',*,*,#7026,.F.);
#10231=ORIENTED_EDGE('',*,*,#7053,.F.);
#10232=ORIENTED_EDGE('',*,*,#6009,.F.);
#10233=ORIENTED_EDGE('',*,*,#7054,.T.);
#10234=ORIENTED_EDGE('',*,*,#7015,.F.);
#10235=ORIENTED_EDGE('',*,*,#6467,.F.);
#10236=ORIENTED_EDGE('',*,*,#6026,.F.);
#10237=ORIENTED_EDGE('',*,*,#7055,.T.);
#10238=ORIENTED_EDGE('',*,*,#7016,.F.);
#10239=ORIENTED_EDGE('',*,*,#7054,.F.);
#10240=ORIENTED_EDGE('',*,*,#6025,.F.);
#10241=ORIENTED_EDGE('',*,*,#7056,.T.);
#10242=ORIENTED_EDGE('',*,*,#7017,.F.);
#10243=ORIENTED_EDGE('',*,*,#7055,.F.);
#10244=ORIENTED_EDGE('',*,*,#6024,.F.);
#10245=ORIENTED_EDGE('',*,*,#7057,.T.);
#10246=ORIENTED_EDGE('',*,*,#7018,.F.);
#10247=ORIENTED_EDGE('',*,*,#7056,.F.);
#10248=ORIENTED_EDGE('',*,*,#6023,.F.);
#10249=ORIENTED_EDGE('',*,*,#7058,.T.);
#10250=ORIENTED_EDGE('',*,*,#7019,.F.);
#10251=ORIENTED_EDGE('',*,*,#7057,.F.);
#10252=ORIENTED_EDGE('',*,*,#6022,.F.);
#10253=ORIENTED_EDGE('',*,*,#6458,.T.);
#10254=ORIENTED_EDGE('',*,*,#7020,.F.);
#10255=ORIENTED_EDGE('',*,*,#7058,.F.);
#10256=ORIENTED_EDGE('',*,*,#6021,.F.);
#10257=ORIENTED_EDGE('',*,*,#7059,.T.);
#10258=ORIENTED_EDGE('',*,*,#7032,.F.);
#10259=ORIENTED_EDGE('',*,*,#6480,.F.);
#10260=ORIENTED_EDGE('',*,*,#6038,.F.);
#10261=ORIENTED_EDGE('',*,*,#7060,.T.);
#10262=ORIENTED_EDGE('',*,*,#7033,.F.);
#10263=ORIENTED_EDGE('',*,*,#7059,.F.);
#10264=ORIENTED_EDGE('',*,*,#6037,.F.);
#10265=ORIENTED_EDGE('',*,*,#7061,.T.);
#10266=ORIENTED_EDGE('',*,*,#7034,.F.);
#10267=ORIENTED_EDGE('',*,*,#7060,.F.);
#10268=ORIENTED_EDGE('',*,*,#6036,.F.);
#10269=ORIENTED_EDGE('',*,*,#7062,.T.);
#10270=ORIENTED_EDGE('',*,*,#7035,.F.);
#10271=ORIENTED_EDGE('',*,*,#7061,.F.);
#10272=ORIENTED_EDGE('',*,*,#6035,.F.);
#10273=ORIENTED_EDGE('',*,*,#7063,.T.);
#10274=ORIENTED_EDGE('',*,*,#7036,.F.);
#10275=ORIENTED_EDGE('',*,*,#7062,.F.);
#10276=ORIENTED_EDGE('',*,*,#6034,.F.);
#10277=ORIENTED_EDGE('',*,*,#6471,.T.);
#10278=ORIENTED_EDGE('',*,*,#7037,.F.);
#10279=ORIENTED_EDGE('',*,*,#7063,.F.);
#10280=ORIENTED_EDGE('',*,*,#6033,.F.);
#10281=ORIENTED_EDGE('',*,*,#5963,.F.);
#10282=ORIENTED_EDGE('',*,*,#7064,.T.);
#10283=ORIENTED_EDGE('',*,*,#6701,.T.);
#10284=ORIENTED_EDGE('',*,*,#7064,.F.);
#10285=ORIENTED_EDGE('',*,*,#6386,.T.);
#10286=ORIENTED_EDGE('',*,*,#6391,.F.);
#10287=ORIENTED_EDGE('',*,*,#6046,.F.);
#10288=ORIENTED_EDGE('',*,*,#6492,.T.);
#10289=ORIENTED_EDGE('',*,*,#5511,.F.);
#10290=ORIENTED_EDGE('',*,*,#7014,.T.);
#10291=ORIENTED_EDGE('',*,*,#5528,.F.);
#10292=ORIENTED_EDGE('',*,*,#7065,.T.);
#10293=ORIENTED_EDGE('',*,*,#5508,.F.);
#10294=ORIENTED_EDGE('',*,*,#7065,.F.);
#10295=ORIENTED_EDGE('',*,*,#5532,.F.);
#10296=ORIENTED_EDGE('',*,*,#5501,.F.);
#10297=ORIENTED_EDGE('',*,*,#5505,.F.);
#10298=ORIENTED_EDGE('',*,*,#5565,.F.);
#10299=ORIENTED_EDGE('',*,*,#7012,.T.);
#10300=ORIENTED_EDGE('',*,*,#5575,.F.);
#10301=ORIENTED_EDGE('',*,*,#5694,.T.);
#10302=ORIENTED_EDGE('',*,*,#5426,.F.);
#10303=ORIENTED_EDGE('',*,*,#5829,.T.);
#10304=ORIENTED_EDGE('',*,*,#5570,.F.);
#10305=ORIENTED_EDGE('',*,*,#7011,.T.);
#10306=ORIENTED_EDGE('',*,*,#6441,.T.);
#10307=ORIENTED_EDGE('',*,*,#5781,.F.);
#10308=ORIENTED_EDGE('',*,*,#5787,.F.);
#10309=ORIENTED_EDGE('',*,*,#5789,.F.);
#10310=ORIENTED_EDGE('',*,*,#5791,.F.);
#10311=ORIENTED_EDGE('',*,*,#5793,.F.);
#10312=ORIENTED_EDGE('',*,*,#5795,.F.);
#10313=ORIENTED_EDGE('',*,*,#5797,.F.);
#10314=ORIENTED_EDGE('',*,*,#5799,.F.);
#10315=ORIENTED_EDGE('',*,*,#5801,.F.);
#10316=ORIENTED_EDGE('',*,*,#5803,.F.);
#10317=ORIENTED_EDGE('',*,*,#5805,.F.);
#10318=ORIENTED_EDGE('',*,*,#5807,.F.);
#10319=ORIENTED_EDGE('',*,*,#5809,.F.);
#10320=ORIENTED_EDGE('',*,*,#5811,.F.);
#10321=ORIENTED_EDGE('',*,*,#5813,.F.);
#10322=ORIENTED_EDGE('',*,*,#5815,.F.);
#10323=ORIENTED_EDGE('',*,*,#5817,.F.);
#10324=ORIENTED_EDGE('',*,*,#5819,.F.);
#10325=ORIENTED_EDGE('',*,*,#5821,.F.);
#10326=ORIENTED_EDGE('',*,*,#5823,.F.);
#10327=ORIENTED_EDGE('',*,*,#5825,.F.);
#10328=ORIENTED_EDGE('',*,*,#5828,.F.);
#10329=ORIENTED_EDGE('',*,*,#6704,.T.);
#10330=ORIENTED_EDGE('',*,*,#7066,.T.);
#10331=ORIENTED_EDGE('',*,*,#7067,.T.);
#10332=ORIENTED_EDGE('',*,*,#6717,.T.);
#10333=ORIENTED_EDGE('',*,*,#7068,.T.);
#10334=ORIENTED_EDGE('',*,*,#6781,.T.);
#10335=ORIENTED_EDGE('',*,*,#7069,.T.);
#10336=ORIENTED_EDGE('',*,*,#6707,.T.);
#10337=ORIENTED_EDGE('',*,*,#6711,.F.);
#10338=ORIENTED_EDGE('',*,*,#6714,.T.);
#10339=ORIENTED_EDGE('',*,*,#7070,.T.);
#10340=ORIENTED_EDGE('',*,*,#7007,.T.);
#10341=ORIENTED_EDGE('',*,*,#6708,.F.);
#10342=ORIENTED_EDGE('',*,*,#7069,.F.);
#10343=ORIENTED_EDGE('',*,*,#6780,.T.);
#10344=ORIENTED_EDGE('',*,*,#6782,.F.);
#10345=ORIENTED_EDGE('',*,*,#7068,.F.);
#10346=ORIENTED_EDGE('',*,*,#6716,.T.);
#10347=ORIENTED_EDGE('',*,*,#7008,.T.);
#10348=ORIENTED_EDGE('',*,*,#6718,.F.);
#10349=ORIENTED_EDGE('',*,*,#7067,.F.);
#10350=ORIENTED_EDGE('',*,*,#7071,.T.);
#10351=ORIENTED_EDGE('',*,*,#7009,.T.);
#10352=ORIENTED_EDGE('',*,*,#7010,.T.);
#10353=ORIENTED_EDGE('',*,*,#7071,.F.);
#10354=ORIENTED_EDGE('',*,*,#7066,.F.);
#10355=ORIENTED_EDGE('',*,*,#6703,.T.);
#10356=ORIENTED_EDGE('',*,*,#7001,.T.);
#10357=ORIENTED_EDGE('',*,*,#6813,.F.);
#10358=ORIENTED_EDGE('',*,*,#6832,.F.);
#10359=ORIENTED_EDGE('',*,*,#6372,.T.);
#10360=ORIENTED_EDGE('',*,*,#6722,.F.);
#10361=ORIENTED_EDGE('',*,*,#6831,.F.);
#10362=ORIENTED_EDGE('',*,*,#6725,.T.);
#10363=ORIENTED_EDGE('',*,*,#7002,.T.);
#10364=ORIENTED_EDGE('',*,*,#7006,.T.);
#10365=ORIENTED_EDGE('',*,*,#6442,.F.);
#10366=ORIENTED_EDGE('',*,*,#7070,.F.);
#10367=ORIENTED_EDGE('',*,*,#6713,.T.);
#10368=ORIENTED_EDGE('',*,*,#5759,.F.);
#10369=ORIENTED_EDGE('',*,*,#5763,.F.);
#10370=ORIENTED_EDGE('',*,*,#6830,.T.);
#10371=ORIENTED_EDGE('',*,*,#7072,.T.);
#10372=ORIENTED_EDGE('',*,*,#5760,.F.);
#10373=ORIENTED_EDGE('',*,*,#7072,.F.);
#10374=ORIENTED_EDGE('',*,*,#6829,.T.);
#10375=ORIENTED_EDGE('',*,*,#5537,.T.);
#10376=ORIENTED_EDGE('',*,*,#5695,.F.);
#10377=ORIENTED_EDGE('',*,*,#5559,.T.);
#10378=ORIENTED_EDGE('',*,*,#7013,.T.);
#10379=ORIENTED_EDGE('',*,*,#5587,.T.);
#10380=ORIENTED_EDGE('',*,*,#6040,.F.);
#10381=ORIENTED_EDGE('',*,*,#7073,.T.);
#10382=ORIENTED_EDGE('',*,*,#6699,.T.);
#10383=ORIENTED_EDGE('',*,*,#7073,.F.);
#10384=ORIENTED_EDGE('',*,*,#6039,.F.);
#10385=ORIENTED_EDGE('',*,*,#7074,.T.);
#10386=ORIENTED_EDGE('',*,*,#6700,.T.);
#10387=ORIENTED_EDGE('',*,*,#7074,.F.);
#10388=ORIENTED_EDGE('',*,*,#5962,.F.);
#10389=ORIENTED_EDGE('',*,*,#7075,.T.);
#10390=ORIENTED_EDGE('',*,*,#6698,.T.);
#10391=ORIENTED_EDGE('',*,*,#7075,.F.);
#10392=CYLINDRICAL_SURFACE('',#11320,0.5);
#10393=CYLINDRICAL_SURFACE('',#11328,0.5);
#10394=CYLINDRICAL_SURFACE('',#11356,0.5);
#10395=CYLINDRICAL_SURFACE('',#11359,0.5);
#10396=CYLINDRICAL_SURFACE('',#11365,0.5);
#10397=CYLINDRICAL_SURFACE('',#11371,0.5);
#10398=CYLINDRICAL_SURFACE('',#11377,0.5);
#10399=CYLINDRICAL_SURFACE('',#11383,0.5);
#10400=CYLINDRICAL_SURFACE('',#11388,0.5);
#10401=CYLINDRICAL_SURFACE('',#11394,0.5);
#10402=CYLINDRICAL_SURFACE('',#11401,0.5);
#10403=CYLINDRICAL_SURFACE('',#11403,1.);
#10404=CYLINDRICAL_SURFACE('',#11406,1.);
#10405=CYLINDRICAL_SURFACE('',#11411,0.5);
#10406=CYLINDRICAL_SURFACE('',#11414,0.5);
#10407=CYLINDRICAL_SURFACE('',#11424,0.5);
#10408=CYLINDRICAL_SURFACE('',#11430,0.5);
#10409=CYLINDRICAL_SURFACE('',#11435,0.5);
#10410=CYLINDRICAL_SURFACE('',#11440,0.5);
#10411=CYLINDRICAL_SURFACE('',#11442,1.);
#10412=CYLINDRICAL_SURFACE('',#11446,1.);
#10413=CYLINDRICAL_SURFACE('',#11450,1.);
#10414=CYLINDRICAL_SURFACE('',#11457,1.);
#10415=CYLINDRICAL_SURFACE('',#11461,1.);
#10416=CYLINDRICAL_SURFACE('',#11467,1.);
#10417=CYLINDRICAL_SURFACE('',#11468,1.);
#10418=CYLINDRICAL_SURFACE('',#11474,1.);
#10419=CYLINDRICAL_SURFACE('',#11479,1.);
#10420=CYLINDRICAL_SURFACE('',#11480,1.);
#10421=CYLINDRICAL_SURFACE('',#11486,1.);
#10422=CYLINDRICAL_SURFACE('',#11490,1.);
#10423=CYLINDRICAL_SURFACE('',#11495,1.);
#10424=CYLINDRICAL_SURFACE('',#11496,3.1);
#10425=CYLINDRICAL_SURFACE('',#11500,3.09999999999999);
#10426=CYLINDRICAL_SURFACE('',#11503,3.1);
#10427=CYLINDRICAL_SURFACE('',#11506,3.1);
#10428=CYLINDRICAL_SURFACE('',#11509,3.09999999999998);
#10429=CYLINDRICAL_SURFACE('',#11513,3.10000000000004);
#10430=CYLINDRICAL_SURFACE('',#11516,3.1);
#10431=CYLINDRICAL_SURFACE('',#11520,3.10000000000015);
#10432=CYLINDRICAL_SURFACE('',#11524,3.1);
#10433=CYLINDRICAL_SURFACE('',#11528,3.10000000000001);
#10434=CYLINDRICAL_SURFACE('',#11533,3.1);
#10435=CYLINDRICAL_SURFACE('',#11558,0.5);
#10436=CYLINDRICAL_SURFACE('',#11563,0.5);
#10437=CYLINDRICAL_SURFACE('',#11564,0.5);
#10438=CYLINDRICAL_SURFACE('',#11569,0.5);
#10439=CYLINDRICAL_SURFACE('',#11570,0.5);
#10440=CYLINDRICAL_SURFACE('',#11575,0.5);
#10441=CYLINDRICAL_SURFACE('',#11580,0.5);
#10442=CYLINDRICAL_SURFACE('',#11581,0.5);
#10443=CYLINDRICAL_SURFACE('',#11586,0.5);
#10444=CYLINDRICAL_SURFACE('',#11587,0.5);
#10445=CYLINDRICAL_SURFACE('',#11592,0.5);
#10446=CYLINDRICAL_SURFACE('',#11597,0.5);
#10447=CYLINDRICAL_SURFACE('',#11598,0.5);
#10448=CYLINDRICAL_SURFACE('',#11603,0.5);
#10449=CYLINDRICAL_SURFACE('',#11604,0.5);
#10450=CYLINDRICAL_SURFACE('',#11609,0.5);
#10451=CYLINDRICAL_SURFACE('',#11613,0.599999999999994);
#10452=CYLINDRICAL_SURFACE('',#11616,0.399999999999725);
#10453=CYLINDRICAL_SURFACE('',#11619,0.600000000000138);
#10454=CYLINDRICAL_SURFACE('',#11622,0.400000000000036);
#10455=CYLINDRICAL_SURFACE('',#11625,0.599999999999996);
#10456=CYLINDRICAL_SURFACE('',#11628,0.600000000000035);
#10457=CYLINDRICAL_SURFACE('',#11631,0.399999999999986);
#10458=CYLINDRICAL_SURFACE('',#11634,0.599999999999987);
#10459=CYLINDRICAL_SURFACE('',#11637,0.400000000000009);
#10460=CYLINDRICAL_SURFACE('',#11640,0.600000000000005);
#10461=CYLINDRICAL_SURFACE('',#11643,0.599999999999998);
#10462=CYLINDRICAL_SURFACE('',#11646,0.400000000000006);
#10463=CYLINDRICAL_SURFACE('',#11649,0.59999999999999);
#10464=CYLINDRICAL_SURFACE('',#11652,0.400000000000007);
#10465=CYLINDRICAL_SURFACE('',#11655,0.600000000000004);
#10466=CYLINDRICAL_SURFACE('',#11658,0.399999999999997);
#10467=CYLINDRICAL_SURFACE('',#11749,1.50000000000001);
#10468=CYLINDRICAL_SURFACE('',#11752,1.50000000000001);
#10469=CYLINDRICAL_SURFACE('',#11755,0.5);
#10470=CYLINDRICAL_SURFACE('',#11938,0.5);
#10471=CYLINDRICAL_SURFACE('',#11940,2.5);
#10472=CYLINDRICAL_SURFACE('',#11942,0.5);
#10473=CYLINDRICAL_SURFACE('',#11944,0.5);
#10474=CYLINDRICAL_SURFACE('',#11947,0.5);
#10475=CYLINDRICAL_SURFACE('',#11949,0.5);
#10476=CYLINDRICAL_SURFACE('',#11951,1.50000000000001);
#10477=CYLINDRICAL_SURFACE('',#11954,1.50000000000001);
#10478=CYLINDRICAL_SURFACE('',#11957,1.5);
#10479=CYLINDRICAL_SURFACE('',#11960,1.5);
#10480=CYLINDRICAL_SURFACE('',#11964,2.5);
#10481=CYLINDRICAL_SURFACE('',#11966,4.5);
#10482=CYLINDRICAL_SURFACE('',#11968,2.5);
#10483=CYLINDRICAL_SURFACE('',#11970,2.5);
#10484=CYLINDRICAL_SURFACE('',#11973,2.5);
#10485=CYLINDRICAL_SURFACE('',#11976,2.5);
#10486=CYLINDRICAL_SURFACE('',#11979,2.5);
#10487=CYLINDRICAL_SURFACE('',#11981,2.5);
#10488=CYLINDRICAL_SURFACE('',#11984,2.5);
#10489=CYLINDRICAL_SURFACE('',#11986,2.5);
#10490=CYLINDRICAL_SURFACE('',#11989,2.5);
#10491=CYLINDRICAL_SURFACE('',#11991,2.5);
#10492=CYLINDRICAL_SURFACE('',#11994,2.5);
#10493=CYLINDRICAL_SURFACE('',#11996,2.5);
#10494=CYLINDRICAL_SURFACE('',#11999,2.5);
#10495=CYLINDRICAL_SURFACE('',#12001,4.49999999999997);
#10496=CYLINDRICAL_SURFACE('',#12003,3.99999999999999);
#10497=CYLINDRICAL_SURFACE('',#12007,4.);
#10498=CYLINDRICAL_SURFACE('',#12017,2.10000000000005);
#10499=CYLINDRICAL_SURFACE('',#12019,0.199999999999992);
#10500=CYLINDRICAL_SURFACE('',#12030,2.);
#10501=CYLINDRICAL_SURFACE('',#12032,4.50000000000006);
#10502=CYLINDRICAL_SURFACE('',#12035,4.50000000000008);
#10503=CYLINDRICAL_SURFACE('',#12038,4.50000000000012);
#10504=CYLINDRICAL_SURFACE('',#12040,2.);
#10505=CYLINDRICAL_SURFACE('',#12042,4.);
#10506=CYLINDRICAL_SURFACE('',#12044,4.50000000000002);
#10507=CYLINDRICAL_SURFACE('',#12047,4.50000000000014);
#10508=CYLINDRICAL_SURFACE('',#12050,4.50000000000005);
#10509=CYLINDRICAL_SURFACE('',#12052,2.);
#10510=CYLINDRICAL_SURFACE('',#12054,4.);
#10511=CYLINDRICAL_SURFACE('',#12057,2.00000000000001);
#10512=CYLINDRICAL_SURFACE('',#12061,4.49999999999998);
#10513=CYLINDRICAL_SURFACE('',#12064,4.50000000000005);
#10514=CYLINDRICAL_SURFACE('',#12067,4.50000000000014);
#10515=CYLINDRICAL_SURFACE('',#12070,4.49999999999999);
#10516=CYLINDRICAL_SURFACE('',#12073,4.49999999999997);
#10517=CYLINDRICAL_SURFACE('',#12076,4.50000000000006);
#10518=CYLINDRICAL_SURFACE('',#12079,4.5000000000001);
#10519=CYLINDRICAL_SURFACE('',#12082,4.50000000000001);
#10520=CYLINDRICAL_SURFACE('',#12085,4.50000000000002);
#10521=CYLINDRICAL_SURFACE('',#12088,2.);
#10522=CYLINDRICAL_SURFACE('',#12091,4.49999999999999);
#10523=CYLINDRICAL_SURFACE('',#12094,4.49999999999997);
#10524=CYLINDRICAL_SURFACE('',#12097,0.199999999999978);
#10525=CYLINDRICAL_SURFACE('',#12100,4.49999999999999);
#10526=CYLINDRICAL_SURFACE('',#12103,4.49999999999997);
#10527=CYLINDRICAL_SURFACE('',#12106,4.50000000000006);
#10528=CYLINDRICAL_SURFACE('',#12109,4.50000000000003);
#10529=CYLINDRICAL_SURFACE('',#12112,4.49999999999999);
#10530=CYLINDRICAL_SURFACE('',#12115,4.49999999999997);
#10531=CYLINDRICAL_SURFACE('',#12119,2.);
#10532=CYLINDRICAL_SURFACE('',#12121,4.);
#10533=CYLINDRICAL_SURFACE('',#12123,2.00000000000001);
#10534=CYLINDRICAL_SURFACE('',#12125,10.5);
#10535=CYLINDRICAL_SURFACE('',#12127,1.99999999999999);
#10536=CYLINDRICAL_SURFACE('',#12130,4.49999999999997);
#10537=CYLINDRICAL_SURFACE('',#12132,2.);
#10538=CYLINDRICAL_SURFACE('',#12135,2.);
#10539=CYLINDRICAL_SURFACE('',#12138,4.50000000000014);
#10540=CYLINDRICAL_SURFACE('',#12141,4.50000000000005);
#10541=CYLINDRICAL_SURFACE('',#12144,4.50000000000005);
#10542=CYLINDRICAL_SURFACE('',#12148,4.50000000000003);
#10543=CYLINDRICAL_SURFACE('',#12151,4.50000000000003);
#10544=CYLINDRICAL_SURFACE('',#12154,4.49999999999999);
#10545=CYLINDRICAL_SURFACE('',#12157,4.49999999999997);
#10546=CYLINDRICAL_SURFACE('',#12161,4.49999999999998);
#10547=CYLINDRICAL_SURFACE('',#12163,2.);
#10548=CYLINDRICAL_SURFACE('',#12165,4.);
#10549=CYLINDRICAL_SURFACE('',#12167,2.);
#10550=CYLINDRICAL_SURFACE('',#12169,4.50000000000006);
#10551=CYLINDRICAL_SURFACE('',#12172,4.5000000000001);
#10552=CYLINDRICAL_SURFACE('',#12175,4.50000000000002);
#10553=CYLINDRICAL_SURFACE('',#12178,4.50000000000003);
#10554=CYLINDRICAL_SURFACE('',#12181,4.50000000000001);
#10555=CYLINDRICAL_SURFACE('',#12184,4.50000000000002);
#10556=CYLINDRICAL_SURFACE('',#12187,4.50000000000014);
#10557=CYLINDRICAL_SURFACE('',#12190,4.50000000000008);
#10558=CYLINDRICAL_SURFACE('',#12194,2.);
#10559=CYLINDRICAL_SURFACE('',#12197,4.50000000000006);
#10560=CYLINDRICAL_SURFACE('',#12202,2.);
#10561=CYLINDRICAL_SURFACE('',#12205,4.50000000000003);
#10562=CYLINDRICAL_SURFACE('',#12209,2.);
#10563=CYLINDRICAL_SURFACE('',#12212,4.50000000000006);
#10564=CYLINDRICAL_SURFACE('',#12216,4.50000000000003);
#10565=CYLINDRICAL_SURFACE('',#12219,1.99999999999999);
#10566=CYLINDRICAL_SURFACE('',#12222,4.50000000000003);
#10567=CYLINDRICAL_SURFACE('',#12225,4.50000000000014);
#10568=CYLINDRICAL_SURFACE('',#12228,4.50000000000005);
#10569=CYLINDRICAL_SURFACE('',#12230,4.49999999999997);
#10570=CYLINDRICAL_SURFACE('',#12233,4.50000000000006);
#10571=CYLINDRICAL_SURFACE('',#12236,4.50000000000008);
#10572=CYLINDRICAL_SURFACE('',#12250,2.);
#10573=CYLINDRICAL_SURFACE('',#12262,2.5);
#10574=CYLINDRICAL_SURFACE('',#12266,1.05);
#10575=CYLINDRICAL_SURFACE('',#12272,2.5);
#10576=CYLINDRICAL_SURFACE('',#12276,1.05);
#10577=CYLINDRICAL_SURFACE('',#12282,2.5);
#10578=CYLINDRICAL_SURFACE('',#12286,1.05);
#10579=CYLINDRICAL_SURFACE('',#12292,1.05);
#10580=CYLINDRICAL_SURFACE('',#12295,2.5);
#10581=CYLINDRICAL_SURFACE('',#12302,2.5);
#10582=CYLINDRICAL_SURFACE('',#12306,1.05);
#10583=CYLINDRICAL_SURFACE('',#12307,0.5);
#10584=CYLINDRICAL_SURFACE('',#12310,2.);
#10585=CYLINDRICAL_SURFACE('',#12314,2.);
#10586=CYLINDRICAL_SURFACE('',#12317,2.);
#10587=CYLINDRICAL_SURFACE('',#12319,4.);
#10588=CYLINDRICAL_SURFACE('',#12321,2.);
#10589=CYLINDRICAL_SURFACE('',#12323,2.);
#10590=CYLINDRICAL_SURFACE('',#12325,2.);
#10591=CYLINDRICAL_SURFACE('',#12327,2.);
#10592=CYLINDRICAL_SURFACE('',#12329,2.00000000000001);
#10593=CYLINDRICAL_SURFACE('',#12332,2.);
#10594=CYLINDRICAL_SURFACE('',#12334,4.50000000000003);
#10595=CYLINDRICAL_SURFACE('',#12336,2.);
#10596=CYLINDRICAL_SURFACE('',#12339,2.);
#10597=CYLINDRICAL_SURFACE('',#12341,4.50000000000008);
#10598=CYLINDRICAL_SURFACE('',#12344,2.);
#10599=CYLINDRICAL_SURFACE('',#12347,2.);
#10600=CYLINDRICAL_SURFACE('',#12349,2.);
#10601=CYLINDRICAL_SURFACE('',#12351,1.5);
#10602=CYLINDRICAL_SURFACE('',#12356,4.49999999999998);
#10603=CYLINDRICAL_SURFACE('',#12358,4.49999999999999);
#10604=CYLINDRICAL_SURFACE('',#12361,4.50000000000003);
#10605=CYLINDRICAL_SURFACE('',#12364,4.49999999999999);
#10606=CYLINDRICAL_SURFACE('',#12368,4.50000000000005);
#10607=CYLINDRICAL_SURFACE('',#12371,4.5000000000001);
#10608=CYLINDRICAL_SURFACE('',#12374,4.50000000000002);
#10609=CYLINDRICAL_SURFACE('',#12376,4.49999999999999);
#10610=CYLINDRICAL_SURFACE('',#12378,4.50000000000008);
#10611=CYLINDRICAL_SURFACE('',#12381,4.49999999999999);
#10612=CYLINDRICAL_SURFACE('',#12384,4.49999999999999);
#10613=CYLINDRICAL_SURFACE('',#12387,4.49999999999997);
#10614=CYLINDRICAL_SURFACE('',#12390,4.49999999999999);
#10615=CYLINDRICAL_SURFACE('',#12393,4.49999999999997);
#10616=CYLINDRICAL_SURFACE('',#12396,4.50000000000008);
#10617=CYLINDRICAL_SURFACE('',#12399,4.49999999999999);
#10618=CYLINDRICAL_SURFACE('',#12402,4.49999999999997);
#10619=CYLINDRICAL_SURFACE('',#12405,4.50000000000006);
#10620=CYLINDRICAL_SURFACE('',#12408,4.50000000000005);
#10621=CYLINDRICAL_SURFACE('',#12411,4.50000000000005);
#10622=CYLINDRICAL_SURFACE('',#12414,4.5000000000001);
#10623=CYLINDRICAL_SURFACE('',#12417,4.50000000000014);
#10624=CYLINDRICAL_SURFACE('',#12420,4.50000000000005);
#10625=CYLINDRICAL_SURFACE('',#12423,4.50000000000005);
#10626=CYLINDRICAL_SURFACE('',#12426,4.50000000000009);
#10627=CYLINDRICAL_SURFACE('',#12429,4.50000000000012);
#10628=CYLINDRICAL_SURFACE('',#12432,4.49999999999996);
#10629=CYLINDRICAL_SURFACE('',#12435,4.50000000000009);
#10630=CYLINDRICAL_SURFACE('',#12437,4.50000000000006);
#10631=CYLINDRICAL_SURFACE('',#12440,4.50000000000008);
#10632=CYLINDRICAL_SURFACE('',#12443,4.49999999999999);
#10633=CYLINDRICAL_SURFACE('',#12446,4.5000000000001);
#10634=CYLINDRICAL_SURFACE('',#12449,4.50000000000002);
#10635=CYLINDRICAL_SURFACE('',#12452,4.50000000000003);
#10636=CYLINDRICAL_SURFACE('',#12456,4.49999999999999);
#10637=CYLINDRICAL_SURFACE('',#12458,4.5000000000001);
#10638=CYLINDRICAL_SURFACE('',#12461,4.50000000000001);
#10639=CYLINDRICAL_SURFACE('',#12464,4.50000000000002);
#10640=CYLINDRICAL_SURFACE('',#12468,4.49999999999999);
#10641=CYLINDRICAL_SURFACE('',#12470,4.50000000000003);
#10642=CYLINDRICAL_SURFACE('',#12472,4.50000000000002);
#10643=CYLINDRICAL_SURFACE('',#12475,4.50000000000003);
#10644=CYLINDRICAL_SURFACE('',#12477,4.49999999999999);
#10645=CYLINDRICAL_SURFACE('',#12480,3.99999999999999);
#10646=CYLINDRICAL_SURFACE('',#12482,4.50000000000006);
#10647=CYLINDRICAL_SURFACE('',#12485,4.50000000000008);
#10648=CYLINDRICAL_SURFACE('',#12487,4.49999999999999);
#10649=CYLINDRICAL_SURFACE('',#12490,4.50000000000008);
#10650=CYLINDRICAL_SURFACE('',#12493,4.49999999999999);
#10651=CYLINDRICAL_SURFACE('',#12496,4.50000000000003);
#10652=CYLINDRICAL_SURFACE('',#12499,4.49999999999996);
#10653=CYLINDRICAL_SURFACE('',#12501,4.50000000000005);
#10654=CYLINDRICAL_SURFACE('',#12525,4.49999999999997);
#10655=CYLINDRICAL_SURFACE('',#12527,4.50000000000006);
#10656=CYLINDRICAL_SURFACE('',#12529,4.50000000000008);
#10657=CYLINDRICAL_SURFACE('',#12532,4.5000000000001);
#10658=CYLINDRICAL_SURFACE('',#12534,4.50000000000001);
#10659=CYLINDRICAL_SURFACE('',#12536,4.50000000000012);
#10660=CYLINDRICAL_SURFACE('',#12538,4.49999999999996);
#10661=CYLINDRICAL_SURFACE('',#12540,4.50000000000008);
#10662=CYLINDRICAL_SURFACE('',#12542,4.50000000000008);
#10663=CYLINDRICAL_SURFACE('',#12544,4.49999999999999);
#10664=CYLINDRICAL_SURFACE('',#12546,4.50000000000003);
#10665=CYLINDRICAL_SURFACE('',#12548,4.50000000000014);
#10666=CYLINDRICAL_SURFACE('',#12550,4.50000000000005);
#10667=CYLINDRICAL_SURFACE('',#12552,4.50000000000005);
#10668=CYLINDRICAL_SURFACE('',#12554,2.5);
#10669=CYLINDRICAL_SURFACE('',#12555,2.10000000000002);
#10670=CYLINDRICAL_SURFACE('',#12556,1.5);
#10671=CYLINDRICAL_SURFACE('',#12558,1.5);
#10672=CYLINDRICAL_SURFACE('',#12559,1.5);
#10673=CYLINDRICAL_SURFACE('',#12565,2.39999999999999);
#10674=CYLINDRICAL_SURFACE('',#12566,2.40000000000002);
#10675=CYLINDRICAL_SURFACE('',#12568,2.40000000000002);
#10676=CYLINDRICAL_SURFACE('',#12569,2.39999999999934);
#10677=CYLINDRICAL_SURFACE('',#12570,2.40000000000005);
#10678=CYLINDRICAL_SURFACE('',#12571,2.4);
#10679=CYLINDRICAL_SURFACE('',#12573,0.600000000000012);
#10680=CYLINDRICAL_SURFACE('',#12574,0.600000000000003);
#10681=CYLINDRICAL_SURFACE('',#12575,2.49999999999999);
#10682=CYLINDRICAL_SURFACE('',#12576,2.5);
#10683=CYLINDRICAL_SURFACE('',#12577,2.5);
#10684=ADVANCED_FACE('',(#446),#10392,.T.);
#10685=ADVANCED_FACE('',(#447),#437,.F.);
#10686=ADVANCED_FACE('',(#448),#390,.T.);
#10687=ADVANCED_FACE('',(#449),#10393,.T.);
#10688=ADVANCED_FACE('',(#450),#386,.T.);
#10689=ADVANCED_FACE('',(#451),#438,.F.);
#10690=ADVANCED_FACE('',(#452),#382,.T.);
#10691=ADVANCED_FACE('',(#453),#135,.T.);
#10692=ADVANCED_FACE('',(#454),#10394,.T.);
#10693=ADVANCED_FACE('',(#455),#136,.T.);
#10694=ADVANCED_FACE('',(#456),#10395,.T.);
#10695=ADVANCED_FACE('',(#457),#391,.T.);
#10696=ADVANCED_FACE('',(#458),#10396,.T.);
#10697=ADVANCED_FACE('',(#459),#383,.F.);
#10698=ADVANCED_FACE('',(#460),#10397,.T.);
#10699=ADVANCED_FACE('',(#461),#392,.T.);
#10700=ADVANCED_FACE('',(#462),#10398,.T.);
#10701=ADVANCED_FACE('',(#463),#393,.T.);
#10702=ADVANCED_FACE('',(#464),#10399,.T.);
#10703=ADVANCED_FACE('',(#465),#384,.F.);
#10704=ADVANCED_FACE('',(#466),#10400,.T.);
#10705=ADVANCED_FACE('',(#467),#394,.T.);
#10706=ADVANCED_FACE('',(#468),#10401,.T.);
#10707=ADVANCED_FACE('',(#469),#387,.T.);
#10708=ADVANCED_FACE('',(#470),#388,.T.);
#10709=ADVANCED_FACE('',(#471),#137,.T.);
#10710=ADVANCED_FACE('',(#472),#10402,.T.);
#10711=ADVANCED_FACE('',(#473),#10403,.T.);
#10712=ADVANCED_FACE('',(#474),#138,.T.);
#10713=ADVANCED_FACE('',(#475),#10404,.T.);
#10714=ADVANCED_FACE('',(#476),#139,.T.);
#10715=ADVANCED_FACE('',(#477),#10405,.T.);
#10716=ADVANCED_FACE('',(#478),#140,.T.);
#10717=ADVANCED_FACE('',(#479),#10406,.T.);
#10718=ADVANCED_FACE('',(#480),#395,.T.);
#10719=ADVANCED_FACE('',(#481),#396,.T.);
#10720=ADVANCED_FACE('',(#482),#10407,.T.);
#10721=ADVANCED_FACE('',(#483),#397,.T.);
#10722=ADVANCED_FACE('',(#484),#10408,.T.);
#10723=ADVANCED_FACE('',(#485),#385,.F.);
#10724=ADVANCED_FACE('',(#486),#10409,.T.);
#10725=ADVANCED_FACE('',(#487),#389,.T.);
#10726=ADVANCED_FACE('',(#488),#141,.T.);
#10727=ADVANCED_FACE('',(#489),#10410,.T.);
#10728=ADVANCED_FACE('',(#490),#10411,.T.);
#10729=ADVANCED_FACE('',(#491),#142,.T.);
#10730=ADVANCED_FACE('',(#492),#143,.T.);
#10731=ADVANCED_FACE('',(#493),#10412,.T.);
#10732=ADVANCED_FACE('',(#494),#398,.T.);
#10733=ADVANCED_FACE('',(#495),#10413,.T.);
#10734=ADVANCED_FACE('',(#496),#399,.T.);
#10735=ADVANCED_FACE('',(#497),#400,.T.);
#10736=ADVANCED_FACE('',(#498),#10414,.T.);
#10737=ADVANCED_FACE('',(#499),#401,.T.);
#10738=ADVANCED_FACE('',(#500),#10415,.T.);
#10739=ADVANCED_FACE('',(#501),#402,.T.);
#10740=ADVANCED_FACE('',(#502),#10416,.T.);
#10741=ADVANCED_FACE('',(#503),#10417,.T.);
#10742=ADVANCED_FACE('',(#504),#403,.T.);
#10743=ADVANCED_FACE('',(#505),#10418,.T.);
#10744=ADVANCED_FACE('',(#506),#404,.T.);
#10745=ADVANCED_FACE('',(#507),#10419,.T.);
#10746=ADVANCED_FACE('',(#508),#10420,.T.);
#10747=ADVANCED_FACE('',(#509),#405,.T.);
#10748=ADVANCED_FACE('',(#510),#10421,.T.);
#10749=ADVANCED_FACE('',(#511),#406,.T.);
#10750=ADVANCED_FACE('',(#512),#10422,.T.);
#10751=ADVANCED_FACE('',(#513),#407,.T.);
#10752=ADVANCED_FACE('',(#514),#10423,.T.);
#10753=ADVANCED_FACE('',(#515),#10424,.T.);
#10754=ADVANCED_FACE('',(#516),#144,.T.);
#10755=ADVANCED_FACE('',(#517),#10425,.T.);
#10756=ADVANCED_FACE('',(#518),#145,.T.);
#10757=ADVANCED_FACE('',(#519),#10426,.T.);
#10758=ADVANCED_FACE('',(#520),#146,.T.);
#10759=ADVANCED_FACE('',(#521),#10427,.T.);
#10760=ADVANCED_FACE('',(#522),#147,.T.);
#10761=ADVANCED_FACE('',(#523),#10428,.T.);
#10762=ADVANCED_FACE('',(#524),#148,.T.);
#10763=ADVANCED_FACE('',(#525),#149,.T.);
#10764=ADVANCED_FACE('',(#526),#10429,.T.);
#10765=ADVANCED_FACE('',(#527),#150,.T.);
#10766=ADVANCED_FACE('',(#528),#10430,.T.);
#10767=ADVANCED_FACE('',(#529),#151,.T.);
#10768=ADVANCED_FACE('',(#530),#152,.T.);
#10769=ADVANCED_FACE('',(#531),#10431,.T.);
#10770=ADVANCED_FACE('',(#532),#153,.T.);
#10771=ADVANCED_FACE('',(#533),#154,.T.);
#10772=ADVANCED_FACE('',(#534),#10432,.T.);
#10773=ADVANCED_FACE('',(#535),#155,.T.);
#10774=ADVANCED_FACE('',(#536),#10433,.T.);
#10775=ADVANCED_FACE('',(#537),#156,.F.);
#10776=ADVANCED_FACE('',(#538),#408,.T.);
#10777=ADVANCED_FACE('',(#539),#10434,.T.);
#10778=ADVANCED_FACE('',(#540),#157,.F.);
#10779=ADVANCED_FACE('',(#541),#409,.T.);
#10780=ADVANCED_FACE('',(#542),#439,.F.);
#10781=ADVANCED_FACE('',(#543),#440,.F.);
#10782=ADVANCED_FACE('',(#544),#441,.F.);
#10783=ADVANCED_FACE('',(#545),#442,.F.);
#10784=ADVANCED_FACE('',(#546),#443,.F.);
#10785=ADVANCED_FACE('',(#547),#444,.F.);
#10786=ADVANCED_FACE('',(#548),#445,.F.);
#10787=ADVANCED_FACE('',(#549),#10435,.T.);
#10788=ADVANCED_FACE('',(#550),#410,.T.);
#10789=ADVANCED_FACE('',(#551),#10436,.T.);
#10790=ADVANCED_FACE('',(#552),#10437,.T.);
#10791=ADVANCED_FACE('',(#553),#411,.T.);
#10792=ADVANCED_FACE('',(#554),#10438,.T.);
#10793=ADVANCED_FACE('',(#555),#10439,.T.);
#10794=ADVANCED_FACE('',(#556),#412,.T.);
#10795=ADVANCED_FACE('',(#557),#10440,.T.);
#10796=ADVANCED_FACE('',(#558),#413,.T.);
#10797=ADVANCED_FACE('',(#559),#10441,.T.);
#10798=ADVANCED_FACE('',(#560),#10442,.T.);
#10799=ADVANCED_FACE('',(#561),#414,.T.);
#10800=ADVANCED_FACE('',(#562),#10443,.T.);
#10801=ADVANCED_FACE('',(#563),#10444,.T.);
#10802=ADVANCED_FACE('',(#564),#415,.T.);
#10803=ADVANCED_FACE('',(#565),#10445,.T.);
#10804=ADVANCED_FACE('',(#566),#416,.T.);
#10805=ADVANCED_FACE('',(#567),#10446,.T.);
#10806=ADVANCED_FACE('',(#568),#10447,.T.);
#10807=ADVANCED_FACE('',(#569),#417,.T.);
#10808=ADVANCED_FACE('',(#570),#10448,.T.);
#10809=ADVANCED_FACE('',(#571),#10449,.T.);
#10810=ADVANCED_FACE('',(#572),#418,.T.);
#10811=ADVANCED_FACE('',(#573),#10450,.T.);
#10812=ADVANCED_FACE('',(#574),#419,.T.);
#10813=ADVANCED_FACE('',(#575),#10451,.F.);
#10814=ADVANCED_FACE('',(#576),#158,.T.);
#10815=ADVANCED_FACE('',(#577),#10452,.T.);
#10816=ADVANCED_FACE('',(#578),#159,.T.);
#10817=ADVANCED_FACE('',(#579),#10453,.F.);
#10818=ADVANCED_FACE('',(#580),#160,.T.);
#10819=ADVANCED_FACE('',(#581),#10454,.T.);
#10820=ADVANCED_FACE('',(#582),#161,.T.);
#10821=ADVANCED_FACE('',(#583),#10455,.F.);
#10822=ADVANCED_FACE('',(#584),#162,.T.);
#10823=ADVANCED_FACE('',(#585),#10456,.F.);
#10824=ADVANCED_FACE('',(#586),#163,.T.);
#10825=ADVANCED_FACE('',(#587),#10457,.T.);
#10826=ADVANCED_FACE('',(#588),#164,.T.);
#10827=ADVANCED_FACE('',(#589),#10458,.F.);
#10828=ADVANCED_FACE('',(#590),#165,.T.);
#10829=ADVANCED_FACE('',(#591),#10459,.T.);
#10830=ADVANCED_FACE('',(#592),#166,.T.);
#10831=ADVANCED_FACE('',(#593),#10460,.F.);
#10832=ADVANCED_FACE('',(#594),#167,.T.);
#10833=ADVANCED_FACE('',(#595),#10461,.F.);
#10834=ADVANCED_FACE('',(#596),#168,.T.);
#10835=ADVANCED_FACE('',(#597),#10462,.T.);
#10836=ADVANCED_FACE('',(#598),#169,.T.);
#10837=ADVANCED_FACE('',(#599),#10463,.F.);
#10838=ADVANCED_FACE('',(#600),#170,.T.);
#10839=ADVANCED_FACE('',(#601),#10464,.T.);
#10840=ADVANCED_FACE('',(#602),#171,.T.);
#10841=ADVANCED_FACE('',(#603),#10465,.F.);
#10842=ADVANCED_FACE('',(#604),#172,.T.);
#10843=ADVANCED_FACE('',(#605),#10466,.T.);
#10844=ADVANCED_FACE('',(#606),#173,.F.);
#10845=ADVANCED_FACE('',(#607),#80,.T.);
#10846=ADVANCED_FACE('',(#608),#174,.T.);
#10847=ADVANCED_FACE('',(#609),#81,.T.);
#10848=ADVANCED_FACE('',(#610),#175,.T.);
#10849=ADVANCED_FACE('',(#611),#176,.T.);
#10850=ADVANCED_FACE('',(#612),#177,.T.);
#10851=ADVANCED_FACE('',(#613),#82,.F.);
#10852=ADVANCED_FACE('',(#614),#178,.T.);
#10853=ADVANCED_FACE('',(#615),#83,.F.);
#10854=ADVANCED_FACE('',(#616),#179,.T.);
#10855=ADVANCED_FACE('',(#617),#84,.F.);
#10856=ADVANCED_FACE('',(#618),#180,.T.);
#10857=ADVANCED_FACE('',(#619),#85,.T.);
#10858=ADVANCED_FACE('',(#620),#181,.T.);
#10859=ADVANCED_FACE('',(#621),#86,.T.);
#10860=ADVANCED_FACE('',(#622),#182,.T.);
#10861=ADVANCED_FACE('',(#623),#87,.T.);
#10862=ADVANCED_FACE('',(#624),#183,.T.);
#10863=ADVANCED_FACE('',(#625),#184,.T.);
#10864=ADVANCED_FACE('',(#626),#88,.F.);
#10865=ADVANCED_FACE('',(#627),#185,.T.);
#10866=ADVANCED_FACE('',(#628),#89,.F.);
#10867=ADVANCED_FACE('',(#629),#186,.T.);
#10868=ADVANCED_FACE('',(#630),#90,.F.);
#10869=ADVANCED_FACE('',(#631),#187,.T.);
#10870=ADVANCED_FACE('',(#632),#91,.F.);
#10871=ADVANCED_FACE('',(#633),#188,.T.);
#10872=ADVANCED_FACE('',(#634),#189,.T.);
#10873=ADVANCED_FACE('',(#635),#92,.T.);
#10874=ADVANCED_FACE('',(#636),#190,.T.);
#10875=ADVANCED_FACE('',(#637),#191,.T.);
#10876=ADVANCED_FACE('',(#638),#93,.T.);
#10877=ADVANCED_FACE('',(#639),#192,.T.);
#10878=ADVANCED_FACE('',(#640),#94,.T.);
#10879=ADVANCED_FACE('',(#641),#193,.T.);
#10880=ADVANCED_FACE('',(#642),#194,.T.);
#10881=ADVANCED_FACE('',(#643),#95,.T.);
#10882=ADVANCED_FACE('',(#644),#195,.T.);
#10883=ADVANCED_FACE('',(#645),#96,.T.);
#10884=ADVANCED_FACE('',(#646),#97,.T.);
#10885=ADVANCED_FACE('',(#647),#98,.T.);
#10886=ADVANCED_FACE('',(#648),#196,.T.);
#10887=ADVANCED_FACE('',(#649),#197,.T.);
#10888=ADVANCED_FACE('',(#650),#198,.T.);
#10889=ADVANCED_FACE('',(#651),#99,.T.);
#10890=ADVANCED_FACE('',(#652),#100,.T.);
#10891=ADVANCED_FACE('',(#653),#101,.T.);
#10892=ADVANCED_FACE('',(#654),#102,.T.);
#10893=ADVANCED_FACE('',(#655),#103,.T.);
#10894=ADVANCED_FACE('',(#656),#104,.T.);
#10895=ADVANCED_FACE('',(#657),#105,.T.);
#10896=ADVANCED_FACE('',(#658),#199,.F.);
#10897=ADVANCED_FACE('',(#659),#10467,.F.);
#10898=ADVANCED_FACE('',(#660),#200,.F.);
#10899=ADVANCED_FACE('',(#661),#10468,.F.);
#10900=ADVANCED_FACE('',(#662),#201,.F.);
#10901=ADVANCED_FACE('',(#663),#10469,.T.);
#10902=ADVANCED_FACE('',(#664,#15,#16,#17,#18,#19,#20,#21,#22,#23,#24,#25,
#26,#27,#28,#29,#30,#31,#32,#33,#34,#35,#36,#37,#38,#39,#40,#41,#42,#43,
#44,#45,#46),#202,.T.);
#10903=ADVANCED_FACE('',(#665),#10470,.T.);
#10904=ADVANCED_FACE('',(#666),#10471,.F.);
#10905=ADVANCED_FACE('',(#667),#10472,.T.);
#10906=ADVANCED_FACE('',(#668),#10473,.T.);
#10907=ADVANCED_FACE('',(#669),#203,.F.);
#10908=ADVANCED_FACE('',(#670),#10474,.T.);
#10909=ADVANCED_FACE('',(#671),#204,.F.);
#10910=ADVANCED_FACE('',(#672),#10475,.T.);
#10911=ADVANCED_FACE('',(#673),#10476,.F.);
#10912=ADVANCED_FACE('',(#674),#205,.F.);
#10913=ADVANCED_FACE('',(#675),#10477,.F.);
#10914=ADVANCED_FACE('',(#676),#206,.F.);
#10915=ADVANCED_FACE('',(#677),#10478,.F.);
#10916=ADVANCED_FACE('',(#678),#207,.F.);
#10917=ADVANCED_FACE('',(#679),#10479,.F.);
#10918=ADVANCED_FACE('',(#680),#208,.F.);
#10919=ADVANCED_FACE('',(#681),#209,.T.);
#10920=ADVANCED_FACE('',(#682),#10480,.F.);
#10921=ADVANCED_FACE('',(#683),#10481,.T.);
#10922=ADVANCED_FACE('',(#684),#10482,.F.);
#10923=ADVANCED_FACE('',(#685),#10483,.F.);
#10924=ADVANCED_FACE('',(#686),#210,.F.);
#10925=ADVANCED_FACE('',(#687),#10484,.F.);
#10926=ADVANCED_FACE('',(#688),#211,.T.);
#10927=ADVANCED_FACE('',(#689),#10485,.F.);
#10928=ADVANCED_FACE('',(#690),#212,.T.);
#10929=ADVANCED_FACE('',(#691),#10486,.F.);
#10930=ADVANCED_FACE('',(#692),#10487,.F.);
#10931=ADVANCED_FACE('',(#693),#213,.T.);
#10932=ADVANCED_FACE('',(#694),#10488,.F.);
#10933=ADVANCED_FACE('',(#695),#10489,.F.);
#10934=ADVANCED_FACE('',(#696),#214,.T.);
#10935=ADVANCED_FACE('',(#697),#10490,.F.);
#10936=ADVANCED_FACE('',(#698),#10491,.F.);
#10937=ADVANCED_FACE('',(#699),#215,.T.);
#10938=ADVANCED_FACE('',(#700),#10492,.F.);
#10939=ADVANCED_FACE('',(#701),#10493,.F.);
#10940=ADVANCED_FACE('',(#702),#216,.T.);
#10941=ADVANCED_FACE('',(#703),#10494,.F.);
#10942=ADVANCED_FACE('',(#704),#10495,.F.);
#10943=ADVANCED_FACE('',(#705),#10496,.T.);
#10944=ADVANCED_FACE('',(#706),#217,.F.);
#10945=ADVANCED_FACE('',(#707),#218,.T.);
#10946=ADVANCED_FACE('',(#708),#10497,.T.);
#10947=ADVANCED_FACE('',(#709),#219,.F.);
#10948=ADVANCED_FACE('',(#710),#220,.F.);
#10949=ADVANCED_FACE('',(#711),#221,.T.);
#10950=ADVANCED_FACE('',(#712),#222,.F.);
#10951=ADVANCED_FACE('',(#713),#10498,.F.);
#10952=ADVANCED_FACE('',(#714),#223,.F.);
#10953=ADVANCED_FACE('',(#715),#10499,.F.);
#10954=ADVANCED_FACE('',(#716),#224,.F.);
#10955=ADVANCED_FACE('',(#717),#225,.F.);
#10956=ADVANCED_FACE('',(#718),#226,.F.);
#10957=ADVANCED_FACE('',(#719),#227,.F.);
#10958=ADVANCED_FACE('',(#720),#228,.F.);
#10959=ADVANCED_FACE('',(#721),#10500,.F.);
#10960=ADVANCED_FACE('',(#722),#10501,.F.);
#10961=ADVANCED_FACE('',(#723),#229,.F.);
#10962=ADVANCED_FACE('',(#724),#10502,.F.);
#10963=ADVANCED_FACE('',(#725),#230,.F.);
#10964=ADVANCED_FACE('',(#726),#10503,.F.);
#10965=ADVANCED_FACE('',(#727),#10504,.F.);
#10966=ADVANCED_FACE('',(#728),#10505,.T.);
#10967=ADVANCED_FACE('',(#729),#10506,.F.);
#10968=ADVANCED_FACE('',(#730),#231,.F.);
#10969=ADVANCED_FACE('',(#731),#10507,.F.);
#10970=ADVANCED_FACE('',(#732),#232,.F.);
#10971=ADVANCED_FACE('',(#733),#10508,.F.);
#10972=ADVANCED_FACE('',(#734),#10509,.F.);
#10973=ADVANCED_FACE('',(#735),#10510,.T.);
#10974=ADVANCED_FACE('',(#736),#233,.F.);
#10975=ADVANCED_FACE('',(#737),#10511,.F.);
#10976=ADVANCED_FACE('',(#738),#234,.T.);
#10977=ADVANCED_FACE('',(#739),#235,.T.);
#10978=ADVANCED_FACE('',(#740),#10512,.F.);
#10979=ADVANCED_FACE('',(#741),#236,.F.);
#10980=ADVANCED_FACE('',(#742),#10513,.F.);
#10981=ADVANCED_FACE('',(#743),#237,.F.);
#10982=ADVANCED_FACE('',(#744),#10514,.F.);
#10983=ADVANCED_FACE('',(#745),#238,.F.);
#10984=ADVANCED_FACE('',(#746),#10515,.F.);
#10985=ADVANCED_FACE('',(#747),#239,.F.);
#10986=ADVANCED_FACE('',(#748),#10516,.F.);
#10987=ADVANCED_FACE('',(#749),#240,.F.);
#10988=ADVANCED_FACE('',(#750),#10517,.F.);
#10989=ADVANCED_FACE('',(#751),#241,.F.);
#10990=ADVANCED_FACE('',(#752),#10518,.F.);
#10991=ADVANCED_FACE('',(#753),#242,.F.);
#10992=ADVANCED_FACE('',(#754),#10519,.F.);
#10993=ADVANCED_FACE('',(#755),#243,.F.);
#10994=ADVANCED_FACE('',(#756),#10520,.F.);
#10995=ADVANCED_FACE('',(#757),#244,.F.);
#10996=ADVANCED_FACE('',(#758),#10521,.F.);
#10997=ADVANCED_FACE('',(#759),#245,.F.);
#10998=ADVANCED_FACE('',(#760),#10522,.F.);
#10999=ADVANCED_FACE('',(#761),#246,.F.);
#11000=ADVANCED_FACE('',(#762),#10523,.F.);
#11001=ADVANCED_FACE('',(#763),#247,.F.);
#11002=ADVANCED_FACE('',(#764),#10524,.F.);
#11003=ADVANCED_FACE('',(#765),#248,.F.);
#11004=ADVANCED_FACE('',(#766),#249,.F.);
#11005=ADVANCED_FACE('',(#767),#10525,.F.);
#11006=ADVANCED_FACE('',(#768),#250,.F.);
#11007=ADVANCED_FACE('',(#769),#10526,.F.);
#11008=ADVANCED_FACE('',(#770),#251,.F.);
#11009=ADVANCED_FACE('',(#771),#10527,.F.);
#11010=ADVANCED_FACE('',(#772),#252,.F.);
#11011=ADVANCED_FACE('',(#773),#10528,.F.);
#11012=ADVANCED_FACE('',(#774),#253,.F.);
#11013=ADVANCED_FACE('',(#775),#10529,.F.);
#11014=ADVANCED_FACE('',(#776),#254,.F.);
#11015=ADVANCED_FACE('',(#777),#10530,.F.);
#11016=ADVANCED_FACE('',(#778),#255,.F.);
#11017=ADVANCED_FACE('',(#779),#256,.F.);
#11018=ADVANCED_FACE('',(#780),#10531,.F.);
#11019=ADVANCED_FACE('',(#781),#10532,.T.);
#11020=ADVANCED_FACE('',(#782),#10533,.F.);
#11021=ADVANCED_FACE('',(#783),#10534,.T.);
#11022=ADVANCED_FACE('',(#784),#10535,.F.);
#11023=ADVANCED_FACE('',(#785),#257,.F.);
#11024=ADVANCED_FACE('',(#786),#10536,.F.);
#11025=ADVANCED_FACE('',(#787),#10537,.F.);
#11026=ADVANCED_FACE('',(#788),#258,.T.);
#11027=ADVANCED_FACE('',(#789),#10538,.F.);
#11028=ADVANCED_FACE('',(#790),#259,.F.);
#11029=ADVANCED_FACE('',(#791),#10539,.F.);
#11030=ADVANCED_FACE('',(#792),#260,.F.);
#11031=ADVANCED_FACE('',(#793),#10540,.F.);
#11032=ADVANCED_FACE('',(#794),#261,.F.);
#11033=ADVANCED_FACE('',(#795),#10541,.F.);
#11034=ADVANCED_FACE('',(#796),#262,.F.);
#11035=ADVANCED_FACE('',(#797),#263,.F.);
#11036=ADVANCED_FACE('',(#798),#10542,.F.);
#11037=ADVANCED_FACE('',(#799),#264,.F.);
#11038=ADVANCED_FACE('',(#800),#10543,.F.);
#11039=ADVANCED_FACE('',(#801),#265,.F.);
#11040=ADVANCED_FACE('',(#802),#10544,.F.);
#11041=ADVANCED_FACE('',(#803),#266,.F.);
#11042=ADVANCED_FACE('',(#804),#10545,.F.);
#11043=ADVANCED_FACE('',(#805),#267,.F.);
#11044=ADVANCED_FACE('',(#806),#268,.F.);
#11045=ADVANCED_FACE('',(#807),#10546,.F.);
#11046=ADVANCED_FACE('',(#808),#10547,.F.);
#11047=ADVANCED_FACE('',(#809),#10548,.T.);
#11048=ADVANCED_FACE('',(#810),#10549,.F.);
#11049=ADVANCED_FACE('',(#811),#10550,.F.);
#11050=ADVANCED_FACE('',(#812),#269,.F.);
#11051=ADVANCED_FACE('',(#813),#10551,.F.);
#11052=ADVANCED_FACE('',(#814),#270,.F.);
#11053=ADVANCED_FACE('',(#815),#10552,.F.);
#11054=ADVANCED_FACE('',(#816),#271,.F.);
#11055=ADVANCED_FACE('',(#817),#10553,.F.);
#11056=ADVANCED_FACE('',(#818),#272,.F.);
#11057=ADVANCED_FACE('',(#819),#10554,.F.);
#11058=ADVANCED_FACE('',(#820),#273,.F.);
#11059=ADVANCED_FACE('',(#821),#10555,.F.);
#11060=ADVANCED_FACE('',(#822),#274,.F.);
#11061=ADVANCED_FACE('',(#823),#10556,.F.);
#11062=ADVANCED_FACE('',(#824),#275,.F.);
#11063=ADVANCED_FACE('',(#825),#10557,.F.);
#11064=ADVANCED_FACE('',(#826),#276,.F.);
#11065=ADVANCED_FACE('',(#827),#277,.F.);
#11066=ADVANCED_FACE('',(#828),#10558,.F.);
#11067=ADVANCED_FACE('',(#829),#278,.F.);
#11068=ADVANCED_FACE('',(#830),#10559,.F.);
#11069=ADVANCED_FACE('',(#831),#279,.F.);
#11070=ADVANCED_FACE('',(#832),#280,.F.);
#11071=ADVANCED_FACE('',(#833),#281,.F.);
#11072=ADVANCED_FACE('',(#834),#10560,.F.);
#11073=ADVANCED_FACE('',(#835),#282,.F.);
#11074=ADVANCED_FACE('',(#836),#10561,.F.);
#11075=ADVANCED_FACE('',(#837),#283,.F.);
#11076=ADVANCED_FACE('',(#838),#284,.F.);
#11077=ADVANCED_FACE('',(#839),#10562,.F.);
#11078=ADVANCED_FACE('',(#840),#285,.F.);
#11079=ADVANCED_FACE('',(#841),#10563,.F.);
#11080=ADVANCED_FACE('',(#842),#286,.F.);
#11081=ADVANCED_FACE('',(#843),#287,.F.);
#11082=ADVANCED_FACE('',(#844),#10564,.F.);
#11083=ADVANCED_FACE('',(#845),#288,.F.);
#11084=ADVANCED_FACE('',(#846),#10565,.F.);
#11085=ADVANCED_FACE('',(#847),#289,.F.);
#11086=ADVANCED_FACE('',(#848),#10566,.F.);
#11087=ADVANCED_FACE('',(#849),#290,.F.);
#11088=ADVANCED_FACE('',(#850),#10567,.F.);
#11089=ADVANCED_FACE('',(#851),#291,.F.);
#11090=ADVANCED_FACE('',(#852),#10568,.F.);
#11091=ADVANCED_FACE('',(#853),#10569,.F.);
#11092=ADVANCED_FACE('',(#854),#292,.F.);
#11093=ADVANCED_FACE('',(#855),#10570,.F.);
#11094=ADVANCED_FACE('',(#856),#293,.F.);
#11095=ADVANCED_FACE('',(#857),#10571,.F.);
#11096=ADVANCED_FACE('',(#858),#294,.F.);
#11097=ADVANCED_FACE('',(#859),#295,.T.);
#11098=ADVANCED_FACE('',(#860),#296,.T.);
#11099=ADVANCED_FACE('',(#861),#297,.T.);
#11100=ADVANCED_FACE('',(#862),#298,.T.);
#11101=ADVANCED_FACE('',(#863),#299,.T.);
#11102=ADVANCED_FACE('',(#864),#300,.T.);
#11103=ADVANCED_FACE('',(#865),#301,.T.);
#11104=ADVANCED_FACE('',(#866),#10572,.F.);
#11105=ADVANCED_FACE('',(#867),#302,.T.);
#11106=ADVANCED_FACE('',(#868),#303,.T.);
#11107=ADVANCED_FACE('',(#869),#304,.T.);
#11108=ADVANCED_FACE('',(#870),#305,.T.);
#11109=ADVANCED_FACE('',(#871),#106,.T.);
#11110=ADVANCED_FACE('',(#872,#47),#306,.T.);
#11111=ADVANCED_FACE('',(#873),#10573,.T.);
#11112=ADVANCED_FACE('',(#874),#107,.F.);
#11113=ADVANCED_FACE('',(#875),#10574,.F.);
#11114=ADVANCED_FACE('',(#876),#108,.T.);
#11115=ADVANCED_FACE('',(#877,#48),#307,.T.);
#11116=ADVANCED_FACE('',(#878),#10575,.T.);
#11117=ADVANCED_FACE('',(#879),#109,.F.);
#11118=ADVANCED_FACE('',(#880),#10576,.F.);
#11119=ADVANCED_FACE('',(#881),#110,.T.);
#11120=ADVANCED_FACE('',(#882,#49),#308,.T.);
#11121=ADVANCED_FACE('',(#883),#10577,.T.);
#11122=ADVANCED_FACE('',(#884),#111,.F.);
#11123=ADVANCED_FACE('',(#885),#10578,.F.);
#11124=ADVANCED_FACE('',(#886),#112,.F.);
#11125=ADVANCED_FACE('',(#887,#50),#309,.T.);
#11126=ADVANCED_FACE('',(#888),#10579,.F.);
#11127=ADVANCED_FACE('',(#889),#113,.T.);
#11128=ADVANCED_FACE('',(#890),#10580,.T.);
#11129=ADVANCED_FACE('',(#891),#114,.T.);
#11130=ADVANCED_FACE('',(#892,#51),#310,.T.);
#11131=ADVANCED_FACE('',(#893),#10581,.T.);
#11132=ADVANCED_FACE('',(#894),#115,.F.);
#11133=ADVANCED_FACE('',(#895),#10582,.F.);
#11134=ADVANCED_FACE('',(#896),#10583,.F.);
#11135=ADVANCED_FACE('',(#897),#10584,.F.);
#11136=ADVANCED_FACE('',(#898),#311,.F.);
#11137=ADVANCED_FACE('',(#899),#312,.T.);
#11138=ADVANCED_FACE('',(#900),#10585,.F.);
#11139=ADVANCED_FACE('',(#901),#313,.F.);
#11140=ADVANCED_FACE('',(#902),#10586,.F.);
#11141=ADVANCED_FACE('',(#903),#10587,.T.);
#11142=ADVANCED_FACE('',(#904),#10588,.F.);
#11143=ADVANCED_FACE('',(#905),#10589,.F.);
#11144=ADVANCED_FACE('',(#906),#10590,.F.);
#11145=ADVANCED_FACE('',(#907),#10591,.F.);
#11146=ADVANCED_FACE('',(#908),#10592,.F.);
#11147=ADVANCED_FACE('',(#909),#314,.F.);
#11148=ADVANCED_FACE('',(#910),#10593,.F.);
#11149=ADVANCED_FACE('',(#911),#10594,.F.);
#11150=ADVANCED_FACE('',(#912),#10595,.F.);
#11151=ADVANCED_FACE('',(#913),#315,.T.);
#11152=ADVANCED_FACE('',(#914),#10596,.F.);
#11153=ADVANCED_FACE('',(#915),#10597,.F.);
#11154=ADVANCED_FACE('',(#916),#316,.F.);
#11155=ADVANCED_FACE('',(#917),#10598,.F.);
#11156=ADVANCED_FACE('',(#918),#317,.F.);
#11157=ADVANCED_FACE('',(#919),#10599,.F.);
#11158=ADVANCED_FACE('',(#920),#10600,.F.);
#11159=ADVANCED_FACE('',(#921),#10601,.F.);
#11160=ADVANCED_FACE('',(#922),#318,.T.);
#11161=ADVANCED_FACE('',(#923),#10602,.F.);
#11162=ADVANCED_FACE('',(#924),#10603,.F.);
#11163=ADVANCED_FACE('',(#925),#319,.F.);
#11164=ADVANCED_FACE('',(#926),#10604,.F.);
#11165=ADVANCED_FACE('',(#927),#320,.F.);
#11166=ADVANCED_FACE('',(#928),#10605,.F.);
#11167=ADVANCED_FACE('',(#929),#321,.F.);
#11168=ADVANCED_FACE('',(#930),#322,.F.);
#11169=ADVANCED_FACE('',(#931),#10606,.F.);
#11170=ADVANCED_FACE('',(#932),#323,.F.);
#11171=ADVANCED_FACE('',(#933),#10607,.F.);
#11172=ADVANCED_FACE('',(#934),#324,.F.);
#11173=ADVANCED_FACE('',(#935),#10608,.F.);
#11174=ADVANCED_FACE('',(#936),#10609,.F.);
#11175=ADVANCED_FACE('',(#937),#10610,.F.);
#11176=ADVANCED_FACE('',(#938),#325,.F.);
#11177=ADVANCED_FACE('',(#939),#10611,.F.);
#11178=ADVANCED_FACE('',(#940),#326,.F.);
#11179=ADVANCED_FACE('',(#941),#10612,.F.);
#11180=ADVANCED_FACE('',(#942),#327,.F.);
#11181=ADVANCED_FACE('',(#943),#10613,.F.);
#11182=ADVANCED_FACE('',(#944),#328,.F.);
#11183=ADVANCED_FACE('',(#945),#10614,.F.);
#11184=ADVANCED_FACE('',(#946),#329,.F.);
#11185=ADVANCED_FACE('',(#947),#10615,.F.);
#11186=ADVANCED_FACE('',(#948),#330,.F.);
#11187=ADVANCED_FACE('',(#949),#10616,.F.);
#11188=ADVANCED_FACE('',(#950),#331,.F.);
#11189=ADVANCED_FACE('',(#951),#10617,.F.);
#11190=ADVANCED_FACE('',(#952),#332,.F.);
#11191=ADVANCED_FACE('',(#953),#10618,.F.);
#11192=ADVANCED_FACE('',(#954),#333,.F.);
#11193=ADVANCED_FACE('',(#955),#10619,.F.);
#11194=ADVANCED_FACE('',(#956),#334,.F.);
#11195=ADVANCED_FACE('',(#957),#10620,.F.);
#11196=ADVANCED_FACE('',(#958),#335,.F.);
#11197=ADVANCED_FACE('',(#959),#10621,.F.);
#11198=ADVANCED_FACE('',(#960),#336,.F.);
#11199=ADVANCED_FACE('',(#961),#10622,.F.);
#11200=ADVANCED_FACE('',(#962),#337,.F.);
#11201=ADVANCED_FACE('',(#963),#10623,.F.);
#11202=ADVANCED_FACE('',(#964),#338,.F.);
#11203=ADVANCED_FACE('',(#965),#10624,.F.);
#11204=ADVANCED_FACE('',(#966),#339,.F.);
#11205=ADVANCED_FACE('',(#967),#10625,.F.);
#11206=ADVANCED_FACE('',(#968),#340,.F.);
#11207=ADVANCED_FACE('',(#969),#10626,.F.);
#11208=ADVANCED_FACE('',(#970),#341,.F.);
#11209=ADVANCED_FACE('',(#971),#10627,.F.);
#11210=ADVANCED_FACE('',(#972),#342,.F.);
#11211=ADVANCED_FACE('',(#973),#10628,.F.);
#11212=ADVANCED_FACE('',(#974),#343,.F.);
#11213=ADVANCED_FACE('',(#975),#10629,.F.);
#11214=ADVANCED_FACE('',(#976),#10630,.F.);
#11215=ADVANCED_FACE('',(#977),#344,.F.);
#11216=ADVANCED_FACE('',(#978),#10631,.F.);
#11217=ADVANCED_FACE('',(#979),#345,.F.);
#11218=ADVANCED_FACE('',(#980),#10632,.F.);
#11219=ADVANCED_FACE('',(#981),#346,.F.);
#11220=ADVANCED_FACE('',(#982),#10633,.F.);
#11221=ADVANCED_FACE('',(#983),#347,.F.);
#11222=ADVANCED_FACE('',(#984),#10634,.F.);
#11223=ADVANCED_FACE('',(#985),#348,.F.);
#11224=ADVANCED_FACE('',(#986),#10635,.F.);
#11225=ADVANCED_FACE('',(#987),#349,.F.);
#11226=ADVANCED_FACE('',(#988),#350,.F.);
#11227=ADVANCED_FACE('',(#989),#10636,.F.);
#11228=ADVANCED_FACE('',(#990),#10637,.F.);
#11229=ADVANCED_FACE('',(#991),#351,.F.);
#11230=ADVANCED_FACE('',(#992),#10638,.F.);
#11231=ADVANCED_FACE('',(#993),#352,.F.);
#11232=ADVANCED_FACE('',(#994),#10639,.F.);
#11233=ADVANCED_FACE('',(#995),#353,.F.);
#11234=ADVANCED_FACE('',(#996),#354,.F.);
#11235=ADVANCED_FACE('',(#997),#10640,.F.);
#11236=ADVANCED_FACE('',(#998),#10641,.F.);
#11237=ADVANCED_FACE('',(#999),#10642,.F.);
#11238=ADVANCED_FACE('',(#1000),#355,.F.);
#11239=ADVANCED_FACE('',(#1001),#10643,.F.);
#11240=ADVANCED_FACE('',(#1002),#10644,.F.);
#11241=ADVANCED_FACE('',(#1003),#356,.F.);
#11242=ADVANCED_FACE('',(#1004),#10645,.T.);
#11243=ADVANCED_FACE('',(#1005),#10646,.F.);
#11244=ADVANCED_FACE('',(#1006),#357,.F.);
#11245=ADVANCED_FACE('',(#1007),#10647,.F.);
#11246=ADVANCED_FACE('',(#1008),#10648,.F.);
#11247=ADVANCED_FACE('',(#1009),#358,.F.);
#11248=ADVANCED_FACE('',(#1010),#10649,.F.);
#11249=ADVANCED_FACE('',(#1011),#359,.F.);
#11250=ADVANCED_FACE('',(#1012),#10650,.F.);
#11251=ADVANCED_FACE('',(#1013),#360,.F.);
#11252=ADVANCED_FACE('',(#1014),#10651,.F.);
#11253=ADVANCED_FACE('',(#1015),#361,.F.);
#11254=ADVANCED_FACE('',(#1016),#10652,.F.);
#11255=ADVANCED_FACE('',(#1017),#10653,.F.);
#11256=ADVANCED_FACE('',(#1018,#52,#53,#54,#55,#56,#57,#58,#59,#60,#61,
#62,#63,#64,#65,#66,#67,#68,#69,#70,#71,#72,#73,#74,#75,#76,#77,#78,#79),
#362,.F.);
#11257=ADVANCED_FACE('',(#1019),#10654,.F.);
#11258=ADVANCED_FACE('',(#1020),#363,.F.);
#11259=ADVANCED_FACE('',(#1021),#10655,.F.);
#11260=ADVANCED_FACE('',(#1022),#364,.F.);
#11261=ADVANCED_FACE('',(#1023),#10656,.F.);
#11262=ADVANCED_FACE('',(#1024),#365,.F.);
#11263=ADVANCED_FACE('',(#1025),#366,.F.);
#11264=ADVANCED_FACE('',(#1026),#10657,.F.);
#11265=ADVANCED_FACE('',(#1027),#367,.F.);
#11266=ADVANCED_FACE('',(#1028),#10658,.F.);
#11267=ADVANCED_FACE('',(#1029),#368,.F.);
#11268=ADVANCED_FACE('',(#1030),#10659,.F.);
#11269=ADVANCED_FACE('',(#1031),#369,.F.);
#11270=ADVANCED_FACE('',(#1032),#10660,.F.);
#11271=ADVANCED_FACE('',(#1033),#370,.F.);
#11272=ADVANCED_FACE('',(#1034),#10661,.F.);
#11273=ADVANCED_FACE('',(#1035),#371,.F.);
#11274=ADVANCED_FACE('',(#1036),#10662,.F.);
#11275=ADVANCED_FACE('',(#1037),#372,.F.);
#11276=ADVANCED_FACE('',(#1038),#10663,.F.);
#11277=ADVANCED_FACE('',(#1039),#373,.F.);
#11278=ADVANCED_FACE('',(#1040),#10664,.F.);
#11279=ADVANCED_FACE('',(#1041),#374,.F.);
#11280=ADVANCED_FACE('',(#1042),#10665,.F.);
#11281=ADVANCED_FACE('',(#1043),#375,.F.);
#11282=ADVANCED_FACE('',(#1044),#10666,.F.);
#11283=ADVANCED_FACE('',(#1045),#376,.F.);
#11284=ADVANCED_FACE('',(#1046),#10667,.F.);
#11285=ADVANCED_FACE('',(#1047),#377,.F.);
#11286=ADVANCED_FACE('',(#1048),#10668,.F.);
#11287=ADVANCED_FACE('',(#1049),#10669,.F.);
#11288=ADVANCED_FACE('',(#1050),#10670,.F.);
#11289=ADVANCED_FACE('',(#1051),#378,.F.);
#11290=ADVANCED_FACE('',(#1052),#10671,.F.);
#11291=ADVANCED_FACE('',(#1053),#10672,.F.);
#11292=ADVANCED_FACE('',(#1054),#379,.T.);
#11293=ADVANCED_FACE('',(#1055),#10673,.T.);
#11294=ADVANCED_FACE('',(#1056),#10674,.T.);
#11295=ADVANCED_FACE('',(#1057),#380,.T.);
#11296=ADVANCED_FACE('',(#1058),#10675,.T.);
#11297=ADVANCED_FACE('',(#1059),#10676,.T.);
#11298=ADVANCED_FACE('',(#1060),#10677,.T.);
#11299=ADVANCED_FACE('',(#1061),#10678,.T.);
#11300=ADVANCED_FACE('',(#1062),#381,.T.);
#11301=ADVANCED_FACE('',(#1063),#10679,.F.);
#11302=ADVANCED_FACE('',(#1064),#10680,.F.);
#11303=ADVANCED_FACE('',(#1065),#10681,.F.);
#11304=ADVANCED_FACE('',(#1066),#10682,.F.);
#11305=ADVANCED_FACE('',(#1067),#10683,.F.);
#11306=CLOSED_SHELL('',(#10684,#10685,#10686,#10687,#10688,#10689,#10690,
#10691,#10692,#10693,#10694,#10695,#10696,#10697,#10698,#10699,#10700,#10701,
#10702,#10703,#10704,#10705,#10706,#10707,#10708,#10709,#10710,#10711,#10712,
#10713,#10714,#10715,#10716,#10717,#10718,#10719,#10720,#10721,#10722,#10723,
#10724,#10725,#10726,#10727,#10728,#10729,#10730,#10731,#10732,#10733,#10734,
#10735,#10736,#10737,#10738,#10739,#10740,#10741,#10742,#10743,#10744,#10745,
#10746,#10747,#10748,#10749,#10750,#10751,#10752,#10753,#10754,#10755,#10756,
#10757,#10758,#10759,#10760,#10761,#10762,#10763,#10764,#10765,#10766,#10767,
#10768,#10769,#10770,#10771,#10772,#10773,#10774,#10775,#10776,#10777,#10778,
#10779,#10780,#10781,#10782,#10783,#10784,#10785,#10786,#10787,#10788,#10789,
#10790,#10791,#10792,#10793,#10794,#10795,#10796,#10797,#10798,#10799,#10800,
#10801,#10802,#10803,#10804,#10805,#10806,#10807,#10808,#10809,#10810,#10811,
#10812,#10813,#10814,#10815,#10816,#10817,#10818,#10819,#10820,#10821,#10822,
#10823,#10824,#10825,#10826,#10827,#10828,#10829,#10830,#10831,#10832,#10833,
#10834,#10835,#10836,#10837,#10838,#10839,#10840,#10841,#10842,#10843,#10844,
#10845,#10846,#10847,#10848,#10849,#10850,#10851,#10852,#10853,#10854,#10855,
#10856,#10857,#10858,#10859,#10860,#10861,#10862,#10863,#10864,#10865,#10866,
#10867,#10868,#10869,#10870,#10871,#10872,#10873,#10874,#10875,#10876,#10877,
#10878,#10879,#10880,#10881,#10882,#10883,#10884,#10885,#10886,#10887,#10888,
#10889,#10890,#10891,#10892,#10893,#10894,#10895,#10896,#10897,#10898,#10899,
#10900,#10901,#10902,#10903,#10904,#10905,#10906,#10907,#10908,#10909,#10910,
#10911,#10912,#10913,#10914,#10915,#10916,#10917,#10918,#10919,#10920,#10921,
#10922,#10923,#10924,#10925,#10926,#10927,#10928,#10929,#10930,#10931,#10932,
#10933,#10934,#10935,#10936,#10937,#10938,#10939,#10940,#10941,#10942,#10943,
#10944,#10945,#10946,#10947,#10948,#10949,#10950,#10951,#10952,#10953,#10954,
#10955,#10956,#10957,#10958,#10959,#10960,#10961,#10962,#10963,#10964,#10965,
#10966,#10967,#10968,#10969,#10970,#10971,#10972,#10973,#10974,#10975,#10976,
#10977,#10978,#10979,#10980,#10981,#10982,#10983,#10984,#10985,#10986,#10987,
#10988,#10989,#10990,#10991,#10992,#10993,#10994,#10995,#10996,#10997,#10998,
#10999,#11000,#11001,#11002,#11003,#11004,#11005,#11006,#11007,#11008,#11009,
#11010,#11011,#11012,#11013,#11014,#11015,#11016,#11017,#11018,#11019,#11020,
#11021,#11022,#11023,#11024,#11025,#11026,#11027,#11028,#11029,#11030,#11031,
#11032,#11033,#11034,#11035,#11036,#11037,#11038,#11039,#11040,#11041,#11042,
#11043,#11044,#11045,#11046,#11047,#11048,#11049,#11050,#11051,#11052,#11053,
#11054,#11055,#11056,#11057,#11058,#11059,#11060,#11061,#11062,#11063,#11064,
#11065,#11066,#11067,#11068,#11069,#11070,#11071,#11072,#11073,#11074,#11075,
#11076,#11077,#11078,#11079,#11080,#11081,#11082,#11083,#11084,#11085,#11086,
#11087,#11088,#11089,#11090,#11091,#11092,#11093,#11094,#11095,#11096,#11097,
#11098,#11099,#11100,#11101,#11102,#11103,#11104,#11105,#11106,#11107,#11108,
#11109,#11110,#11111,#11112,#11113,#11114,#11115,#11116,#11117,#11118,#11119,
#11120,#11121,#11122,#11123,#11124,#11125,#11126,#11127,#11128,#11129,#11130,
#11131,#11132,#11133,#11134,#11135,#11136,#11137,#11138,#11139,#11140,#11141,
#11142,#11143,#11144,#11145,#11146,#11147,#11148,#11149,#11150,#11151,#11152,
#11153,#11154,#11155,#11156,#11157,#11158,#11159,#11160,#11161,#11162,#11163,
#11164,#11165,#11166,#11167,#11168,#11169,#11170,#11171,#11172,#11173,#11174,
#11175,#11176,#11177,#11178,#11179,#11180,#11181,#11182,#11183,#11184,#11185,
#11186,#11187,#11188,#11189,#11190,#11191,#11192,#11193,#11194,#11195,#11196,
#11197,#11198,#11199,#11200,#11201,#11202,#11203,#11204,#11205,#11206,#11207,
#11208,#11209,#11210,#11211,#11212,#11213,#11214,#11215,#11216,#11217,#11218,
#11219,#11220,#11221,#11222,#11223,#11224,#11225,#11226,#11227,#11228,#11229,
#11230,#11231,#11232,#11233,#11234,#11235,#11236,#11237,#11238,#11239,#11240,
#11241,#11242,#11243,#11244,#11245,#11246,#11247,#11248,#11249,#11250,#11251,
#11252,#11253,#11254,#11255,#11256,#11257,#11258,#11259,#11260,#11261,#11262,
#11263,#11264,#11265,#11266,#11267,#11268,#11269,#11270,#11271,#11272,#11273,
#11274,#11275,#11276,#11277,#11278,#11279,#11280,#11281,#11282,#11283,#11284,
#11285,#11286,#11287,#11288,#11289,#11290,#11291,#11292,#11293,#11294,#11295,
#11296,#11297,#11298,#11299,#11300,#11301,#11302,#11303,#11304,#11305));
#11307=DERIVED_UNIT_ELEMENT(#11309,1.);
#11308=DERIVED_UNIT_ELEMENT(#19757,-3.);
#11309=(
MASS_UNIT()
NAMED_UNIT(*)
SI_UNIT(.KILO.,.GRAM.)
);
#11310=DERIVED_UNIT((#11307,#11308));
#11311=MEASURE_REPRESENTATION_ITEM('density measure',
POSITIVE_RATIO_MEASURE(7850.),#11310);
#11312=PROPERTY_DEFINITION_REPRESENTATION(#11317,#11314);
#11313=PROPERTY_DEFINITION_REPRESENTATION(#11318,#11315);
#11314=REPRESENTATION('material name',(#11316),#19754);
#11315=REPRESENTATION('density',(#11311),#19754);
#11316=DESCRIPTIVE_REPRESENTATION_ITEM('Steel','Steel');
#11317=PROPERTY_DEFINITION('material property','material name',#19764);
#11318=PROPERTY_DEFINITION('material property','density of part',#19764);
#11319=AXIS2_PLACEMENT_3D('',#16088,#12578,#12579);
#11320=AXIS2_PLACEMENT_3D('',#16089,#12580,#12581);
#11321=AXIS2_PLACEMENT_3D('',#16092,#12582,#12583);
#11322=AXIS2_PLACEMENT_3D('',#16096,#12585,#12586);
#11323=AXIS2_PLACEMENT_3D('',#16125,#12588,#12589);
#11324=AXIS2_PLACEMENT_3D('',#16136,#12590,#12591);
#11325=AXIS2_PLACEMENT_3D('',#16139,#12592,#12593);
#11326=AXIS2_PLACEMENT_3D('',#16141,#12594,#12595);
#11327=AXIS2_PLACEMENT_3D('',#16147,#12596,#12597);
#11328=AXIS2_PLACEMENT_3D('',#16148,#12598,#12599);
#11329=AXIS2_PLACEMENT_3D('',#16150,#12600,#12601);
#11330=AXIS2_PLACEMENT_3D('',#16153,#12604,#12605);
#11331=AXIS2_PLACEMENT_3D('',#16154,#12606,#12607);
#11332=AXIS2_PLACEMENT_3D('',#16180,#12608,#12609);
#11333=AXIS2_PLACEMENT_3D('',#16197,#12610,#12611);
#11334=AXIS2_PLACEMENT_3D('',#16198,#12612,#12613);
#11335=AXIS2_PLACEMENT_3D('',#16199,#12614,#12615);
#11336=AXIS2_PLACEMENT_3D('',#16205,#12618,#12619);
#11337=AXIS2_PLACEMENT_3D('',#16211,#12622,#12623);
#11338=AXIS2_PLACEMENT_3D('',#16217,#12626,#12627);
#11339=AXIS2_PLACEMENT_3D('',#16221,#12629,#12630);
#11340=AXIS2_PLACEMENT_3D('',#16227,#12633,#12634);
#11341=AXIS2_PLACEMENT_3D('',#16233,#12637,#12638);
#11342=AXIS2_PLACEMENT_3D('',#16237,#12640,#12641);
#11343=AXIS2_PLACEMENT_3D('',#16243,#12644,#12645);
#11344=AXIS2_PLACEMENT_3D('',#16249,#12648,#12649);
#11345=AXIS2_PLACEMENT_3D('',#16253,#12651,#12652);
#11346=AXIS2_PLACEMENT_3D('',#16261,#12656,#12657);
#11347=AXIS2_PLACEMENT_3D('',#16265,#12659,#12660);
#11348=AXIS2_PLACEMENT_3D('',#16271,#12663,#12664);
#11349=AXIS2_PLACEMENT_3D('',#16277,#12667,#12668);
#11350=AXIS2_PLACEMENT_3D('',#16281,#12670,#12671);
#11351=AXIS2_PLACEMENT_3D('',#16287,#12674,#12675);
#11352=AXIS2_PLACEMENT_3D('',#16291,#12677,#12678);
#11353=AXIS2_PLACEMENT_3D('',#16295,#12680,#12681);
#11354=AXIS2_PLACEMENT_3D('',#16299,#12683,#12684);
#11355=AXIS2_PLACEMENT_3D('',#16302,#12686,#12687);
#11356=AXIS2_PLACEMENT_3D('',#16303,#12688,#12689);
#11357=AXIS2_PLACEMENT_3D('',#16306,#12691,#12692);
#11358=AXIS2_PLACEMENT_3D('',#16307,#12693,#12694);
#11359=AXIS2_PLACEMENT_3D('',#16311,#12697,#12698);
#11360=AXIS2_PLACEMENT_3D('',#16314,#12699,#12700);
#11361=AXIS2_PLACEMENT_3D('',#16318,#12702,#12703);
#11362=AXIS2_PLACEMENT_3D('',#16320,#12705,#12706);
#11363=AXIS2_PLACEMENT_3D('',#16327,#12707,#12708);
#11364=AXIS2_PLACEMENT_3D('',#16328,#12709,#12710);
#11365=AXIS2_PLACEMENT_3D('',#16329,#12711,#12712);
#11366=AXIS2_PLACEMENT_3D('',#16332,#12713,#12714);
#11367=AXIS2_PLACEMENT_3D('',#16336,#12716,#12717);
#11368=AXIS2_PLACEMENT_3D('',#16349,#12719,#12720);
#11369=AXIS2_PLACEMENT_3D('',#16350,#12721,#12722);
#11370=AXIS2_PLACEMENT_3D('',#16351,#12723,#12724);
#11371=AXIS2_PLACEMENT_3D('',#16352,#12725,#12726);
#11372=AXIS2_PLACEMENT_3D('',#16355,#12727,#12728);
#11373=AXIS2_PLACEMENT_3D('',#16358,#12731,#12732);
#11374=AXIS2_PLACEMENT_3D('',#16361,#12733,#12734);
#11375=AXIS2_PLACEMENT_3D('',#16362,#12735,#12736);
#11376=AXIS2_PLACEMENT_3D('',#16363,#12737,#12738);
#11377=AXIS2_PLACEMENT_3D('',#16364,#12739,#12740);
#11378=AXIS2_PLACEMENT_3D('',#16367,#12741,#12742);
#11379=AXIS2_PLACEMENT_3D('',#16370,#12745,#12746);
#11380=AXIS2_PLACEMENT_3D('',#16373,#12747,#12748);
#11381=AXIS2_PLACEMENT_3D('',#16374,#12749,#12750);
#11382=AXIS2_PLACEMENT_3D('',#16375,#12751,#12752);
#11383=AXIS2_PLACEMENT_3D('',#16376,#12753,#12754);
#11384=AXIS2_PLACEMENT_3D('',#16379,#12755,#12756);
#11385=AXIS2_PLACEMENT_3D('',#16392,#12759,#12760);
#11386=AXIS2_PLACEMENT_3D('',#16393,#12761,#12762);
#11387=AXIS2_PLACEMENT_3D('',#16394,#12763,#12764);
#11388=AXIS2_PLACEMENT_3D('',#16395,#12765,#12766);
#11389=AXIS2_PLACEMENT_3D('',#16396,#12767,#12768);
#11390=AXIS2_PLACEMENT_3D('',#16398,#12770,#12771);
#11391=AXIS2_PLACEMENT_3D('',#16401,#12772,#12773);
#11392=AXIS2_PLACEMENT_3D('',#16403,#12774,#12775);
#11393=AXIS2_PLACEMENT_3D('',#16409,#12776,#12777);
#11394=AXIS2_PLACEMENT_3D('',#16410,#12778,#12779);
#11395=AXIS2_PLACEMENT_3D('',#16412,#12780,#12781);
#11396=AXIS2_PLACEMENT_3D('',#16415,#12784,#12785);
#11397=AXIS2_PLACEMENT_3D('',#16416,#12786,#12787);
#11398=AXIS2_PLACEMENT_3D('',#16417,#12788,#12789);
#11399=AXIS2_PLACEMENT_3D('',#16418,#12790,#12791);
#11400=AXIS2_PLACEMENT_3D('',#16419,#12792,#12793);
#11401=AXIS2_PLACEMENT_3D('',#16429,#12799,#12800);
#11402=AXIS2_PLACEMENT_3D('',#16430,#12801,#12802);
#11403=AXIS2_PLACEMENT_3D('',#16431,#12803,#12804);
#11404=AXIS2_PLACEMENT_3D('',#16434,#12806,#12807);
#11405=AXIS2_PLACEMENT_3D('',#16435,#12808,#12809);
#11406=AXIS2_PLACEMENT_3D('',#16443,#12814,#12815);
#11407=AXIS2_PLACEMENT_3D('',#16446,#12817,#12818);
#11408=AXIS2_PLACEMENT_3D('',#16447,#12819,#12820);
#11409=AXIS2_PLACEMENT_3D('',#16451,#12822,#12823);
#11410=AXIS2_PLACEMENT_3D('',#16458,#12827,#12828);
#11411=AXIS2_PLACEMENT_3D('',#16459,#12829,#12830);
#11412=AXIS2_PLACEMENT_3D('',#16462,#12832,#12833);
#11413=AXIS2_PLACEMENT_3D('',#16463,#12834,#12835);
#11414=AXIS2_PLACEMENT_3D('',#16467,#12838,#12839);
#11415=AXIS2_PLACEMENT_3D('',#16470,#12840,#12841);
#11416=AXIS2_PLACEMENT_3D('',#16474,#12843,#12844);
#11417=AXIS2_PLACEMENT_3D('',#16476,#12846,#12847);
#11418=AXIS2_PLACEMENT_3D('',#16483,#12848,#12849);
#11419=AXIS2_PLACEMENT_3D('',#16484,#12850,#12851);
#11420=AXIS2_PLACEMENT_3D('',#16485,#12852,#12853);
#11421=AXIS2_PLACEMENT_3D('',#16493,#12854,#12855);
#11422=AXIS2_PLACEMENT_3D('',#16495,#12856,#12857);
#11423=AXIS2_PLACEMENT_3D('',#16496,#12858,#12859);
#11424=AXIS2_PLACEMENT_3D('',#16497,#12860,#12861);
#11425=AXIS2_PLACEMENT_3D('',#16500,#12862,#12863);
#11426=AXIS2_PLACEMENT_3D('',#16503,#12866,#12867);
#11427=AXIS2_PLACEMENT_3D('',#16506,#12868,#12869);
#11428=AXIS2_PLACEMENT_3D('',#16507,#12870,#12871);
#11429=AXIS2_PLACEMENT_3D('',#16508,#12872,#12873);
#11430=AXIS2_PLACEMENT_3D('',#16509,#12874,#12875);
#11431=AXIS2_PLACEMENT_3D('',#16512,#12876,#12877);
#11432=AXIS2_PLACEMENT_3D('',#16525,#12880,#12881);
#11433=AXIS2_PLACEMENT_3D('',#16526,#12882,#12883);
#11434=AXIS2_PLACEMENT_3D('',#16527,#12884,#12885);
#11435=AXIS2_PLACEMENT_3D('',#16528,#12886,#12887);
#11436=AXIS2_PLACEMENT_3D('',#16529,#12888,#12889);
#11437=AXIS2_PLACEMENT_3D('',#16531,#12891,#12892);
#11438=AXIS2_PLACEMENT_3D('',#16532,#12893,#12894);
#11439=AXIS2_PLACEMENT_3D('',#16533,#12895,#12896);
#11440=AXIS2_PLACEMENT_3D('',#16539,#12900,#12901);
#11441=AXIS2_PLACEMENT_3D('',#16540,#12902,#12903);
#11442=AXIS2_PLACEMENT_3D('',#16541,#12904,#12905);
#11443=AXIS2_PLACEMENT_3D('',#16544,#12907,#12908);
#11444=AXIS2_PLACEMENT_3D('',#16545,#12909,#12910);
#11445=AXIS2_PLACEMENT_3D('',#16549,#12913,#12914);
#11446=AXIS2_PLACEMENT_3D('',#16557,#12919,#12920);
#11447=AXIS2_PLACEMENT_3D('',#16561,#12922,#12923);
#11448=AXIS2_PLACEMENT_3D('',#16576,#12924,#12925);
#11449=AXIS2_PLACEMENT_3D('',#16577,#12926,#12927);
#11450=AXIS2_PLACEMENT_3D('',#16578,#12928,#12929);
#11451=AXIS2_PLACEMENT_3D('',#16582,#12931,#12932);
#11452=AXIS2_PLACEMENT_3D('',#16597,#12933,#12934);
#11453=AXIS2_PLACEMENT_3D('',#16598,#12935,#12936);
#11454=AXIS2_PLACEMENT_3D('',#16599,#12937,#12938);
#11455=AXIS2_PLACEMENT_3D('',#16602,#12939,#12940);
#11456=AXIS2_PLACEMENT_3D('',#16603,#12941,#12942);
#11457=AXIS2_PLACEMENT_3D('',#16618,#12943,#12944);
#11458=AXIS2_PLACEMENT_3D('',#16620,#12945,#12946);
#11459=AXIS2_PLACEMENT_3D('',#16622,#12948,#12949);
#11460=AXIS2_PLACEMENT_3D('',#16623,#12950,#12951);
#11461=AXIS2_PLACEMENT_3D('',#16624,#12952,#12953);
#11462=AXIS2_PLACEMENT_3D('',#16628,#12955,#12956);
#11463=AXIS2_PLACEMENT_3D('',#16629,#12957,#12958);
#11464=AXIS2_PLACEMENT_3D('',#16630,#12959,#12960);
#11465=AXIS2_PLACEMENT_3D('',#16632,#12961,#12962);
#11466=AXIS2_PLACEMENT_3D('',#16633,#12963,#12964);
#11467=AXIS2_PLACEMENT_3D('',#16634,#12965,#12966);
#11468=AXIS2_PLACEMENT_3D('',#16636,#12968,#12969);
#11469=AXIS2_PLACEMENT_3D('',#16640,#12971,#12972);
#11470=AXIS2_PLACEMENT_3D('',#16641,#12973,#12974);
#11471=AXIS2_PLACEMENT_3D('',#16642,#12975,#12976);
#11472=AXIS2_PLACEMENT_3D('',#16644,#12977,#12978);
#11473=AXIS2_PLACEMENT_3D('',#16645,#12979,#12980);
#11474=AXIS2_PLACEMENT_3D('',#16646,#12981,#12982);
#11475=AXIS2_PLACEMENT_3D('',#16648,#12983,#12984);
#11476=AXIS2_PLACEMENT_3D('',#16650,#12986,#12987);
#11477=AXIS2_PLACEMENT_3D('',#16652,#12988,#12989);
#11478=AXIS2_PLACEMENT_3D('',#16653,#12990,#12991);
#11479=AXIS2_PLACEMENT_3D('',#16654,#12992,#12993);
#11480=AXIS2_PLACEMENT_3D('',#16656,#12995,#12996);
#11481=AXIS2_PLACEMENT_3D('',#16660,#12998,#12999);
#11482=AXIS2_PLACEMENT_3D('',#16661,#13000,#13001);
#11483=AXIS2_PLACEMENT_3D('',#16662,#13002,#13003);
#11484=AXIS2_PLACEMENT_3D('',#16664,#13004,#13005);
#11485=AXIS2_PLACEMENT_3D('',#16665,#13006,#13007);
#11486=AXIS2_PLACEMENT_3D('',#16666,#13008,#13009);
#11487=AXIS2_PLACEMENT_3D('',#16668,#13011,#13012);
#11488=AXIS2_PLACEMENT_3D('',#16670,#13013,#13014);
#11489=AXIS2_PLACEMENT_3D('',#16671,#13015,#13016);
#11490=AXIS2_PLACEMENT_3D('',#16672,#13017,#13018);
#11491=AXIS2_PLACEMENT_3D('',#16674,#13019,#13020);
#11492=AXIS2_PLACEMENT_3D('',#16676,#13022,#13023);
#11493=AXIS2_PLACEMENT_3D('',#16678,#13024,#13025);
#11494=AXIS2_PLACEMENT_3D('',#16679,#13026,#13027);
#11495=AXIS2_PLACEMENT_3D('',#16680,#13028,#13029);
#11496=AXIS2_PLACEMENT_3D('',#16682,#13031,#13032);
#11497=AXIS2_PLACEMENT_3D('',#16686,#13034,#13035);
#11498=AXIS2_PLACEMENT_3D('',#16689,#13037,#13038);
#11499=AXIS2_PLACEMENT_3D('',#16691,#13040,#13041);
#11500=AXIS2_PLACEMENT_3D('',#16695,#13044,#13045);
#11501=AXIS2_PLACEMENT_3D('',#16698,#13047,#13048);
#11502=AXIS2_PLACEMENT_3D('',#16699,#13049,#13050);
#11503=AXIS2_PLACEMENT_3D('',#16703,#13053,#13054);
#11504=AXIS2_PLACEMENT_3D('',#16706,#13056,#13057);
#11505=AXIS2_PLACEMENT_3D('',#16707,#13058,#13059);
#11506=AXIS2_PLACEMENT_3D('',#16711,#13062,#13063);
#11507=AXIS2_PLACEMENT_3D('',#16714,#13065,#13066);
#11508=AXIS2_PLACEMENT_3D('',#16715,#13067,#13068);
#11509=AXIS2_PLACEMENT_3D('',#16719,#13071,#13072);
#11510=AXIS2_PLACEMENT_3D('',#16722,#13074,#13075);
#11511=AXIS2_PLACEMENT_3D('',#16723,#13076,#13077);
#11512=AXIS2_PLACEMENT_3D('',#16727,#13080,#13081);
#11513=AXIS2_PLACEMENT_3D('',#16731,#13084,#13085);
#11514=AXIS2_PLACEMENT_3D('',#16734,#13087,#13088);
#11515=AXIS2_PLACEMENT_3D('',#16735,#13089,#13090);
#11516=AXIS2_PLACEMENT_3D('',#16739,#13093,#13094);
#11517=AXIS2_PLACEMENT_3D('',#16742,#13096,#13097);
#11518=AXIS2_PLACEMENT_3D('',#16743,#13098,#13099);
#11519=AXIS2_PLACEMENT_3D('',#16747,#13102,#13103);
#11520=AXIS2_PLACEMENT_3D('',#16751,#13106,#13107);
#11521=AXIS2_PLACEMENT_3D('',#16754,#13109,#13110);
#11522=AXIS2_PLACEMENT_3D('',#16755,#13111,#13112);
#11523=AXIS2_PLACEMENT_3D('',#16763,#13117,#13118);
#11524=AXIS2_PLACEMENT_3D('',#16767,#13121,#13122);
#11525=AXIS2_PLACEMENT_3D('',#16771,#13124,#13125);
#11526=AXIS2_PLACEMENT_3D('',#16774,#13127,#13128);
#11527=AXIS2_PLACEMENT_3D('',#16775,#13129,#13130);
#11528=AXIS2_PLACEMENT_3D('',#16779,#13133,#13134);
#11529=AXIS2_PLACEMENT_3D('',#16780,#13135,#13136);
#11530=AXIS2_PLACEMENT_3D('',#16781,#13137,#13138);
#11531=AXIS2_PLACEMENT_3D('',#16783,#13140,#13141);
#11532=AXIS2_PLACEMENT_3D('',#16784,#13142,#13143);
#11533=AXIS2_PLACEMENT_3D('',#16785,#13144,#13145);
#11534=AXIS2_PLACEMENT_3D('',#16786,#13146,#13147);
#11535=AXIS2_PLACEMENT_3D('',#16787,#13148,#13149);
#11536=AXIS2_PLACEMENT_3D('',#16789,#13151,#13152);
#11537=AXIS2_PLACEMENT_3D('',#16790,#13153,#13154);
#11538=AXIS2_PLACEMENT_3D('',#16808,#13155,#13156);
#11539=AXIS2_PLACEMENT_3D('',#16810,#13157,#13158);
#11540=AXIS2_PLACEMENT_3D('',#16811,#13159,#13160);
#11541=AXIS2_PLACEMENT_3D('',#16833,#13161,#13162);
#11542=AXIS2_PLACEMENT_3D('',#16835,#13163,#13164);
#11543=AXIS2_PLACEMENT_3D('',#16836,#13165,#13166);
#11544=AXIS2_PLACEMENT_3D('',#16863,#13167,#13168);
#11545=AXIS2_PLACEMENT_3D('',#16865,#13169,#13170);
#11546=AXIS2_PLACEMENT_3D('',#16866,#13171,#13172);
#11547=AXIS2_PLACEMENT_3D('',#16893,#13173,#13174);
#11548=AXIS2_PLACEMENT_3D('',#16895,#13175,#13176);
#11549=AXIS2_PLACEMENT_3D('',#16896,#13177,#13178);
#11550=AXIS2_PLACEMENT_3D('',#16923,#13179,#13180);
#11551=AXIS2_PLACEMENT_3D('',#16925,#13181,#13182);
#11552=AXIS2_PLACEMENT_3D('',#16926,#13183,#13184);
#11553=AXIS2_PLACEMENT_3D('',#16953,#13185,#13186);
#11554=AXIS2_PLACEMENT_3D('',#16955,#13187,#13188);
#11555=AXIS2_PLACEMENT_3D('',#16956,#13189,#13190);
#11556=AXIS2_PLACEMENT_3D('',#16983,#13191,#13192);
#11557=AXIS2_PLACEMENT_3D('',#16984,#13193,#13194);
#11558=AXIS2_PLACEMENT_3D('',#16985,#13195,#13196);
#11559=AXIS2_PLACEMENT_3D('',#16988,#13198,#13199);
#11560=AXIS2_PLACEMENT_3D('',#16989,#13200,#13201);
#11561=AXIS2_PLACEMENT_3D('',#16991,#13202,#13203);
#11562=AXIS2_PLACEMENT_3D('',#16992,#13204,#13205);
#11563=AXIS2_PLACEMENT_3D('',#16993,#13206,#13207);
#11564=AXIS2_PLACEMENT_3D('',#16995,#13209,#13210);
#11565=AXIS2_PLACEMENT_3D('',#16998,#13212,#13213);
#11566=AXIS2_PLACEMENT_3D('',#16999,#13214,#13215);
#11567=AXIS2_PLACEMENT_3D('',#17001,#13216,#13217);
#11568=AXIS2_PLACEMENT_3D('',#17002,#13218,#13219);
#11569=AXIS2_PLACEMENT_3D('',#17003,#13220,#13221);
#11570=AXIS2_PLACEMENT_3D('',#17005,#13223,#13224);
#11571=AXIS2_PLACEMENT_3D('',#17008,#13226,#13227);
#11572=AXIS2_PLACEMENT_3D('',#17009,#13228,#13229);
#11573=AXIS2_PLACEMENT_3D('',#17011,#13230,#13231);
#11574=AXIS2_PLACEMENT_3D('',#17012,#13232,#13233);
#11575=AXIS2_PLACEMENT_3D('',#17013,#13234,#13235);
#11576=AXIS2_PLACEMENT_3D('',#17015,#13236,#13237);
#11577=AXIS2_PLACEMENT_3D('',#17017,#13239,#13240);
#11578=AXIS2_PLACEMENT_3D('',#17019,#13241,#13242);
#11579=AXIS2_PLACEMENT_3D('',#17020,#13243,#13244);
#11580=AXIS2_PLACEMENT_3D('',#17021,#13245,#13246);
#11581=AXIS2_PLACEMENT_3D('',#17023,#13248,#13249);
#11582=AXIS2_PLACEMENT_3D('',#17026,#13251,#13252);
#11583=AXIS2_PLACEMENT_3D('',#17027,#13253,#13254);
#11584=AXIS2_PLACEMENT_3D('',#17029,#13255,#13256);
#11585=AXIS2_PLACEMENT_3D('',#17030,#13257,#13258);
#11586=AXIS2_PLACEMENT_3D('',#17031,#13259,#13260);
#11587=AXIS2_PLACEMENT_3D('',#17033,#13262,#13263);
#11588=AXIS2_PLACEMENT_3D('',#17036,#13265,#13266);
#11589=AXIS2_PLACEMENT_3D('',#17037,#13267,#13268);
#11590=AXIS2_PLACEMENT_3D('',#17039,#13269,#13270);
#11591=AXIS2_PLACEMENT_3D('',#17040,#13271,#13272);
#11592=AXIS2_PLACEMENT_3D('',#17041,#13273,#13274);
#11593=AXIS2_PLACEMENT_3D('',#17043,#13275,#13276);
#11594=AXIS2_PLACEMENT_3D('',#17045,#13278,#13279);
#11595=AXIS2_PLACEMENT_3D('',#17047,#13280,#13281);
#11596=AXIS2_PLACEMENT_3D('',#17048,#13282,#13283);
#11597=AXIS2_PLACEMENT_3D('',#17049,#13284,#13285);
#11598=AXIS2_PLACEMENT_3D('',#17051,#13287,#13288);
#11599=AXIS2_PLACEMENT_3D('',#17054,#13290,#13291);
#11600=AXIS2_PLACEMENT_3D('',#17055,#13292,#13293);
#11601=AXIS2_PLACEMENT_3D('',#17057,#13294,#13295);
#11602=AXIS2_PLACEMENT_3D('',#17058,#13296,#13297);
#11603=AXIS2_PLACEMENT_3D('',#17059,#13298,#13299);
#11604=AXIS2_PLACEMENT_3D('',#17061,#13301,#13302);
#11605=AXIS2_PLACEMENT_3D('',#17064,#13304,#13305);
#11606=AXIS2_PLACEMENT_3D('',#17065,#13306,#13307);
#11607=AXIS2_PLACEMENT_3D('',#17067,#13308,#13309);
#11608=AXIS2_PLACEMENT_3D('',#17068,#13310,#13311);
#11609=AXIS2_PLACEMENT_3D('',#17069,#13312,#13313);
#11610=AXIS2_PLACEMENT_3D('',#17071,#13314,#13315);
#11611=AXIS2_PLACEMENT_3D('',#17073,#13317,#13318);
#11612=AXIS2_PLACEMENT_3D('',#17074,#13319,#13320);
#11613=AXIS2_PLACEMENT_3D('',#17075,#13321,#13322);
#11614=AXIS2_PLACEMENT_3D('',#17079,#13324,#13325);
#11615=AXIS2_PLACEMENT_3D('',#17081,#13327,#13328);
#11616=AXIS2_PLACEMENT_3D('',#17085,#13331,#13332);
#11617=AXIS2_PLACEMENT_3D('',#17088,#13334,#13335);
#11618=AXIS2_PLACEMENT_3D('',#17089,#13336,#13337);
#11619=AXIS2_PLACEMENT_3D('',#17093,#13340,#13341);
#11620=AXIS2_PLACEMENT_3D('',#17096,#13343,#13344);
#11621=AXIS2_PLACEMENT_3D('',#17097,#13345,#13346);
#11622=AXIS2_PLACEMENT_3D('',#17101,#13349,#13350);
#11623=AXIS2_PLACEMENT_3D('',#17104,#13352,#13353);
#11624=AXIS2_PLACEMENT_3D('',#17105,#13354,#13355);
#11625=AXIS2_PLACEMENT_3D('',#17109,#13358,#13359);
#11626=AXIS2_PLACEMENT_3D('',#17112,#13361,#13362);
#11627=AXIS2_PLACEMENT_3D('',#17113,#13363,#13364);
#11628=AXIS2_PLACEMENT_3D('',#17125,#13371,#13372);
#11629=AXIS2_PLACEMENT_3D('',#17128,#13374,#13375);
#11630=AXIS2_PLACEMENT_3D('',#17129,#13376,#13377);
#11631=AXIS2_PLACEMENT_3D('',#17133,#13380,#13381);
#11632=AXIS2_PLACEMENT_3D('',#17136,#13383,#13384);
#11633=AXIS2_PLACEMENT_3D('',#17137,#13385,#13386);
#11634=AXIS2_PLACEMENT_3D('',#17141,#13389,#13390);
#11635=AXIS2_PLACEMENT_3D('',#17144,#13392,#13393);
#11636=AXIS2_PLACEMENT_3D('',#17145,#13394,#13395);
#11637=AXIS2_PLACEMENT_3D('',#17149,#13398,#13399);
#11638=AXIS2_PLACEMENT_3D('',#17152,#13401,#13402);
#11639=AXIS2_PLACEMENT_3D('',#17153,#13403,#13404);
#11640=AXIS2_PLACEMENT_3D('',#17157,#13407,#13408);
#11641=AXIS2_PLACEMENT_3D('',#17160,#13410,#13411);
#11642=AXIS2_PLACEMENT_3D('',#17161,#13412,#13413);
#11643=AXIS2_PLACEMENT_3D('',#17165,#13416,#13417);
#11644=AXIS2_PLACEMENT_3D('',#17168,#13419,#13420);
#11645=AXIS2_PLACEMENT_3D('',#17169,#13421,#13422);
#11646=AXIS2_PLACEMENT_3D('',#17173,#13425,#13426);
#11647=AXIS2_PLACEMENT_3D('',#17176,#13428,#13429);
#11648=AXIS2_PLACEMENT_3D('',#17177,#13430,#13431);
#11649=AXIS2_PLACEMENT_3D('',#17181,#13434,#13435);
#11650=AXIS2_PLACEMENT_3D('',#17184,#13437,#13438);
#11651=AXIS2_PLACEMENT_3D('',#17185,#13439,#13440);
#11652=AXIS2_PLACEMENT_3D('',#17189,#13443,#13444);
#11653=AXIS2_PLACEMENT_3D('',#17192,#13446,#13447);
#11654=AXIS2_PLACEMENT_3D('',#17193,#13448,#13449);
#11655=AXIS2_PLACEMENT_3D('',#17197,#13452,#13453);
#11656=AXIS2_PLACEMENT_3D('',#17200,#13455,#13456);
#11657=AXIS2_PLACEMENT_3D('',#17201,#13457,#13458);
#11658=AXIS2_PLACEMENT_3D('',#17205,#13461,#13462);
#11659=AXIS2_PLACEMENT_3D('',#17207,#13463,#13464);
#11660=AXIS2_PLACEMENT_3D('',#17210,#13466,#13467);
#11661=AXIS2_PLACEMENT_3D('',#17211,#13468,#13469);
#11662=AXIS2_PLACEMENT_3D('',#17213,#13471,#13472);
#11663=AXIS2_PLACEMENT_3D('',#17228,#13473,#13474);
#11664=AXIS2_PLACEMENT_3D('',#17233,#13475,#13476);
#11665=AXIS2_PLACEMENT_3D('',#17236,#13478,#13479);
#11666=AXIS2_PLACEMENT_3D('',#17237,#13480,#13481);
#11667=AXIS2_PLACEMENT_3D('',#17252,#13482,#13483);
#11668=AXIS2_PLACEMENT_3D('',#17254,#13485,#13486);
#11669=AXIS2_PLACEMENT_3D('',#17258,#13489,#13490);
#11670=AXIS2_PLACEMENT_3D('',#17261,#13492,#13493);
#11671=AXIS2_PLACEMENT_3D('',#17262,#13494,#13495);
#11672=AXIS2_PLACEMENT_3D('',#17271,#13500,#13501);
#11673=AXIS2_PLACEMENT_3D('',#17275,#13503,#13504);
#11674=AXIS2_PLACEMENT_3D('',#17276,#13505,#13506);
#11675=AXIS2_PLACEMENT_3D('',#17277,#13507,#13508);
#11676=AXIS2_PLACEMENT_3D('',#17283,#13512,#13513);
#11677=AXIS2_PLACEMENT_3D('',#17287,#13515,#13516);
#11678=AXIS2_PLACEMENT_3D('',#17288,#13517,#13518);
#11679=AXIS2_PLACEMENT_3D('',#17289,#13519,#13520);
#11680=AXIS2_PLACEMENT_3D('',#17295,#13524,#13525);
#11681=AXIS2_PLACEMENT_3D('',#17299,#13527,#13528);
#11682=AXIS2_PLACEMENT_3D('',#17300,#13529,#13530);
#11683=AXIS2_PLACEMENT_3D('',#17301,#13531,#13532);
#11684=AXIS2_PLACEMENT_3D('',#17307,#13536,#13537);
#11685=AXIS2_PLACEMENT_3D('',#17311,#13539,#13540);
#11686=AXIS2_PLACEMENT_3D('',#17313,#13542,#13543);
#11687=AXIS2_PLACEMENT_3D('',#17317,#13546,#13547);
#11688=AXIS2_PLACEMENT_3D('',#17320,#13549,#13550);
#11689=AXIS2_PLACEMENT_3D('',#17321,#13551,#13552);
#11690=AXIS2_PLACEMENT_3D('',#17325,#13555,#13556);
#11691=AXIS2_PLACEMENT_3D('',#17328,#13558,#13559);
#11692=AXIS2_PLACEMENT_3D('',#17329,#13560,#13561);
#11693=AXIS2_PLACEMENT_3D('',#17332,#13564,#13565);
#11694=AXIS2_PLACEMENT_3D('',#17341,#13570,#13571);
#11695=AXIS2_PLACEMENT_3D('',#17345,#13573,#13574);
#11696=AXIS2_PLACEMENT_3D('',#17346,#13575,#13576);
#11697=AXIS2_PLACEMENT_3D('',#17347,#13577,#13578);
#11698=AXIS2_PLACEMENT_3D('',#17352,#13582,#13583);
#11699=AXIS2_PLACEMENT_3D('',#17356,#13585,#13586);
#11700=AXIS2_PLACEMENT_3D('',#17359,#13588,#13589);
#11701=AXIS2_PLACEMENT_3D('',#17360,#13590,#13591);
#11702=AXIS2_PLACEMENT_3D('',#17369,#13596,#13597);
#11703=AXIS2_PLACEMENT_3D('',#17373,#13599,#13600);
#11704=AXIS2_PLACEMENT_3D('',#17374,#13601,#13602);
#11705=AXIS2_PLACEMENT_3D('',#17375,#13603,#13604);
#11706=AXIS2_PLACEMENT_3D('',#17381,#13608,#13609);
#11707=AXIS2_PLACEMENT_3D('',#17385,#13611,#13612);
#11708=AXIS2_PLACEMENT_3D('',#17386,#13613,#13614);
#11709=AXIS2_PLACEMENT_3D('',#17387,#13615,#13616);
#11710=AXIS2_PLACEMENT_3D('',#17392,#13620,#13621);
#11711=AXIS2_PLACEMENT_3D('',#17398,#13625,#13626);
#11712=AXIS2_PLACEMENT_3D('',#17401,#13628,#13629);
#11713=AXIS2_PLACEMENT_3D('',#17402,#13630,#13631);
#11714=AXIS2_PLACEMENT_3D('',#17405,#13634,#13635);
#11715=AXIS2_PLACEMENT_3D('',#17411,#13639,#13640);
#11716=AXIS2_PLACEMENT_3D('',#17414,#13642,#13643);
#11717=AXIS2_PLACEMENT_3D('',#17415,#13644,#13645);
#11718=AXIS2_PLACEMENT_3D('',#17419,#13648,#13649);
#11719=AXIS2_PLACEMENT_3D('',#17422,#13651,#13652);
#11720=AXIS2_PLACEMENT_3D('',#17423,#13653,#13654);
#11721=AXIS2_PLACEMENT_3D('',#17425,#13656,#13657);
#11722=AXIS2_PLACEMENT_3D('',#17434,#13660,#13661);
#11723=AXIS2_PLACEMENT_3D('',#17437,#13663,#13664);
#11724=AXIS2_PLACEMENT_3D('',#17438,#13665,#13666);
#11725=AXIS2_PLACEMENT_3D('',#17440,#13668,#13669);
#11726=AXIS2_PLACEMENT_3D('',#17444,#13671,#13672);
#11727=AXIS2_PLACEMENT_3D('',#17449,#13673,#13674);
#11728=AXIS2_PLACEMENT_3D('',#17453,#13676,#13677);
#11729=AXIS2_PLACEMENT_3D('',#17458,#13678,#13679);
#11730=AXIS2_PLACEMENT_3D('',#17461,#13681,#13682);
#11731=AXIS2_PLACEMENT_3D('',#17463,#13684,#13685);
#11732=AXIS2_PLACEMENT_3D('',#17465,#13687,#13688);
#11733=AXIS2_PLACEMENT_3D('',#17467,#13690,#13691);
#11734=AXIS2_PLACEMENT_3D('',#17471,#13694,#13695);
#11735=AXIS2_PLACEMENT_3D('',#17472,#13696,#13697);
#11736=AXIS2_PLACEMENT_3D('',#17473,#13698,#13699);
#11737=AXIS2_PLACEMENT_3D('',#17474,#13700,#13701);
#11738=AXIS2_PLACEMENT_3D('',#17475,#13702,#13703);
#11739=AXIS2_PLACEMENT_3D('',#17476,#13704,#13705);
#11740=AXIS2_PLACEMENT_3D('',#17477,#13706,#13707);
#11741=AXIS2_PLACEMENT_3D('',#17478,#13708,#13709);
#11742=AXIS2_PLACEMENT_3D('',#17479,#13710,#13711);
#11743=AXIS2_PLACEMENT_3D('',#17480,#13712,#13713);
#11744=AXIS2_PLACEMENT_3D('',#17481,#13714,#13715);
#11745=AXIS2_PLACEMENT_3D('',#17482,#13716,#13717);
#11746=AXIS2_PLACEMENT_3D('',#17483,#13718,#13719);
#11747=AXIS2_PLACEMENT_3D('',#17484,#13720,#13721);
#11748=AXIS2_PLACEMENT_3D('',#17485,#13722,#13723);
#11749=AXIS2_PLACEMENT_3D('',#17491,#13727,#13728);
#11750=AXIS2_PLACEMENT_3D('',#17494,#13730,#13731);
#11751=AXIS2_PLACEMENT_3D('',#17495,#13732,#13733);
#11752=AXIS2_PLACEMENT_3D('',#17499,#13736,#13737);
#11753=AXIS2_PLACEMENT_3D('',#17502,#13739,#13740);
#11754=AXIS2_PLACEMENT_3D('',#17503,#13741,#13742);
#11755=AXIS2_PLACEMENT_3D('',#17507,#13745,#13746);
#11756=AXIS2_PLACEMENT_3D('',#17508,#13747,#13748);
#11757=AXIS2_PLACEMENT_3D('',#17509,#13749,#13750);
#11758=AXIS2_PLACEMENT_3D('',#17511,#13751,#13752);
#11759=AXIS2_PLACEMENT_3D('',#17513,#13753,#13754);
#11760=AXIS2_PLACEMENT_3D('',#17516,#13755,#13756);
#11761=AXIS2_PLACEMENT_3D('',#17518,#13757,#13758);
#11762=AXIS2_PLACEMENT_3D('',#17520,#13759,#13760);
#11763=AXIS2_PLACEMENT_3D('',#17524,#13762,#13763);
#11764=AXIS2_PLACEMENT_3D('',#17528,#13765,#13766);
#11765=AXIS2_PLACEMENT_3D('',#17530,#13767,#13768);
#11766=AXIS2_PLACEMENT_3D('',#17532,#13769,#13770);
#11767=AXIS2_PLACEMENT_3D('',#17534,#13771,#13772);
#11768=AXIS2_PLACEMENT_3D('',#17536,#13773,#13774);
#11769=AXIS2_PLACEMENT_3D('',#17540,#13776,#13777);
#11770=AXIS2_PLACEMENT_3D('',#17544,#13779,#13780);
#11771=AXIS2_PLACEMENT_3D('',#17545,#13781,#13782);
#11772=AXIS2_PLACEMENT_3D('',#17548,#13783,#13784);
#11773=AXIS2_PLACEMENT_3D('',#17550,#13785,#13786);
#11774=AXIS2_PLACEMENT_3D('',#17552,#13787,#13788);
#11775=AXIS2_PLACEMENT_3D('',#17556,#13790,#13791);
#11776=AXIS2_PLACEMENT_3D('',#17560,#13793,#13794);
#11777=AXIS2_PLACEMENT_3D('',#17564,#13796,#13797);
#11778=AXIS2_PLACEMENT_3D('',#17568,#13799,#13800);
#11779=AXIS2_PLACEMENT_3D('',#17572,#13802,#13803);
#11780=AXIS2_PLACEMENT_3D('',#17573,#13804,#13805);
#11781=AXIS2_PLACEMENT_3D('',#17580,#13808,#13809);
#11782=AXIS2_PLACEMENT_3D('',#17584,#13811,#13812);
#11783=AXIS2_PLACEMENT_3D('',#17588,#13814,#13815);
#11784=AXIS2_PLACEMENT_3D('',#17591,#13817,#13818);
#11785=AXIS2_PLACEMENT_3D('',#17596,#13820,#13821);
#11786=AXIS2_PLACEMENT_3D('',#17600,#13823,#13824);
#11787=AXIS2_PLACEMENT_3D('',#17604,#13826,#13827);
#11788=AXIS2_PLACEMENT_3D('',#17608,#13829,#13830);
#11789=AXIS2_PLACEMENT_3D('',#17612,#13832,#13833);
#11790=AXIS2_PLACEMENT_3D('',#17615,#13835,#13836);
#11791=AXIS2_PLACEMENT_3D('',#17620,#13838,#13839);
#11792=AXIS2_PLACEMENT_3D('',#17624,#13841,#13842);
#11793=AXIS2_PLACEMENT_3D('',#17628,#13844,#13845);
#11794=AXIS2_PLACEMENT_3D('',#17632,#13847,#13848);
#11795=AXIS2_PLACEMENT_3D('',#17636,#13850,#13851);
#11796=AXIS2_PLACEMENT_3D('',#17639,#13853,#13854);
#11797=AXIS2_PLACEMENT_3D('',#17644,#13856,#13857);
#11798=AXIS2_PLACEMENT_3D('',#17648,#13859,#13860);
#11799=AXIS2_PLACEMENT_3D('',#17652,#13862,#13863);
#11800=AXIS2_PLACEMENT_3D('',#17656,#13865,#13866);
#11801=AXIS2_PLACEMENT_3D('',#17660,#13868,#13869);
#11802=AXIS2_PLACEMENT_3D('',#17663,#13871,#13872);
#11803=AXIS2_PLACEMENT_3D('',#17665,#13873,#13874);
#11804=AXIS2_PLACEMENT_3D('',#17667,#13875,#13876);
#11805=AXIS2_PLACEMENT_3D('',#17670,#13877,#13878);
#11806=AXIS2_PLACEMENT_3D('',#17676,#13881,#13882);
#11807=AXIS2_PLACEMENT_3D('',#17680,#13884,#13885);
#11808=AXIS2_PLACEMENT_3D('',#17684,#13887,#13888);
#11809=AXIS2_PLACEMENT_3D('',#17690,#13891,#13892);
#11810=AXIS2_PLACEMENT_3D('',#17694,#13894,#13895);
#11811=AXIS2_PLACEMENT_3D('',#17698,#13897,#13898);
#11812=AXIS2_PLACEMENT_3D('',#17702,#13900,#13901);
#11813=AXIS2_PLACEMENT_3D('',#17706,#13903,#13904);
#11814=AXIS2_PLACEMENT_3D('',#17709,#13906,#13907);
#11815=AXIS2_PLACEMENT_3D('',#17714,#13909,#13910);
#11816=AXIS2_PLACEMENT_3D('',#17718,#13912,#13913);
#11817=AXIS2_PLACEMENT_3D('',#17722,#13915,#13916);
#11818=AXIS2_PLACEMENT_3D('',#17726,#13918,#13919);
#11819=AXIS2_PLACEMENT_3D('',#17728,#13920,#13921);
#11820=AXIS2_PLACEMENT_3D('',#17730,#13922,#13923);
#11821=AXIS2_PLACEMENT_3D('',#17732,#13924,#13925);
#11822=AXIS2_PLACEMENT_3D('',#17736,#13927,#13928);
#11823=AXIS2_PLACEMENT_3D('',#17739,#13930,#13931);
#11824=AXIS2_PLACEMENT_3D('',#17742,#13932,#13933);
#11825=AXIS2_PLACEMENT_3D('',#17746,#13935,#13936);
#11826=AXIS2_PLACEMENT_3D('',#17748,#13937,#13938);
#11827=AXIS2_PLACEMENT_3D('',#17750,#13939,#13940);
#11828=AXIS2_PLACEMENT_3D('',#17752,#13941,#13942);
#11829=AXIS2_PLACEMENT_3D('',#17756,#13944,#13945);
#11830=AXIS2_PLACEMENT_3D('',#17758,#13946,#13947);
#11831=AXIS2_PLACEMENT_3D('',#17761,#13949,#13950);
#11832=AXIS2_PLACEMENT_3D('',#17764,#13951,#13952);
#11833=AXIS2_PLACEMENT_3D('',#17766,#13953,#13954);
#11834=AXIS2_PLACEMENT_3D('',#17768,#13955,#13956);
#11835=AXIS2_PLACEMENT_3D('',#17770,#13957,#13958);
#11836=AXIS2_PLACEMENT_3D('',#17772,#13959,#13960);
#11837=AXIS2_PLACEMENT_3D('',#17774,#13961,#13962);
#11838=AXIS2_PLACEMENT_3D('',#17778,#13964,#13965);
#11839=AXIS2_PLACEMENT_3D('',#17784,#13968,#13969);
#11840=AXIS2_PLACEMENT_3D('',#17788,#13971,#13972);
#11841=AXIS2_PLACEMENT_3D('',#17790,#13973,#13974);
#11842=AXIS2_PLACEMENT_3D('',#17794,#13976,#13977);
#11843=AXIS2_PLACEMENT_3D('',#17798,#13979,#13980);
#11844=AXIS2_PLACEMENT_3D('',#17801,#13982,#13983);
#11845=AXIS2_PLACEMENT_3D('',#17806,#13985,#13986);
#11846=AXIS2_PLACEMENT_3D('',#17810,#13988,#13989);
#11847=AXIS2_PLACEMENT_3D('',#17814,#13991,#13992);
#11848=AXIS2_PLACEMENT_3D('',#17818,#13994,#13995);
#11849=AXIS2_PLACEMENT_3D('',#17822,#13997,#13998);
#11850=AXIS2_PLACEMENT_3D('',#17825,#14000,#14001);
#11851=AXIS2_PLACEMENT_3D('',#17830,#14003,#14004);
#11852=AXIS2_PLACEMENT_3D('',#17834,#14006,#14007);
#11853=AXIS2_PLACEMENT_3D('',#17838,#14009,#14010);
#11854=AXIS2_PLACEMENT_3D('',#17840,#14011,#14012);
#11855=AXIS2_PLACEMENT_3D('',#17842,#14013,#14014);
#11856=AXIS2_PLACEMENT_3D('',#17844,#14015,#14016);
#11857=AXIS2_PLACEMENT_3D('',#17847,#14018,#14019);
#11858=AXIS2_PLACEMENT_3D('',#17852,#14021,#14022);
#11859=AXIS2_PLACEMENT_3D('',#17856,#14024,#14025);
#11860=AXIS2_PLACEMENT_3D('',#17860,#14027,#14028);
#11861=AXIS2_PLACEMENT_3D('',#17864,#14030,#14031);
#11862=AXIS2_PLACEMENT_3D('',#17867,#14033,#14034);
#11863=AXIS2_PLACEMENT_3D('',#17872,#14036,#14037);
#11864=AXIS2_PLACEMENT_3D('',#17876,#14039,#14040);
#11865=AXIS2_PLACEMENT_3D('',#17880,#14042,#14043);
#11866=AXIS2_PLACEMENT_3D('',#17884,#14045,#14046);
#11867=AXIS2_PLACEMENT_3D('',#17888,#14048,#14049);
#11868=AXIS2_PLACEMENT_3D('',#17891,#14051,#14052);
#11869=AXIS2_PLACEMENT_3D('',#17896,#14054,#14055);
#11870=AXIS2_PLACEMENT_3D('',#17898,#14056,#14057);
#11871=AXIS2_PLACEMENT_3D('',#17900,#14058,#14059);
#11872=AXIS2_PLACEMENT_3D('',#17902,#14060,#14061);
#11873=AXIS2_PLACEMENT_3D('',#17904,#14062,#14063);
#11874=AXIS2_PLACEMENT_3D('',#17908,#14065,#14066);
#11875=AXIS2_PLACEMENT_3D('',#17912,#14068,#14069);
#11876=AXIS2_PLACEMENT_3D('',#17916,#14071,#14072);
#11877=AXIS2_PLACEMENT_3D('',#17919,#14074,#14075);
#11878=AXIS2_PLACEMENT_3D('',#17924,#14077,#14078);
#11879=AXIS2_PLACEMENT_3D('',#17928,#14080,#14081);
#11880=AXIS2_PLACEMENT_3D('',#17932,#14083,#14084);
#11881=AXIS2_PLACEMENT_3D('',#17936,#14086,#14087);
#11882=AXIS2_PLACEMENT_3D('',#17940,#14089,#14090);
#11883=AXIS2_PLACEMENT_3D('',#17943,#14092,#14093);
#11884=AXIS2_PLACEMENT_3D('',#17948,#14095,#14096);
#11885=AXIS2_PLACEMENT_3D('',#17952,#14098,#14099);
#11886=AXIS2_PLACEMENT_3D('',#17956,#14101,#14102);
#11887=AXIS2_PLACEMENT_3D('',#17960,#14104,#14105);
#11888=AXIS2_PLACEMENT_3D('',#17964,#14107,#14108);
#11889=AXIS2_PLACEMENT_3D('',#17967,#14110,#14111);
#11890=AXIS2_PLACEMENT_3D('',#17970,#14112,#14113);
#11891=AXIS2_PLACEMENT_3D('',#17972,#14114,#14115);
#11892=AXIS2_PLACEMENT_3D('',#17976,#14117,#14118);
#11893=AXIS2_PLACEMENT_3D('',#17980,#14120,#14121);
#11894=AXIS2_PLACEMENT_3D('',#17984,#14123,#14124);
#11895=AXIS2_PLACEMENT_3D('',#17988,#14126,#14127);
#11896=AXIS2_PLACEMENT_3D('',#17991,#14129,#14130);
#11897=AXIS2_PLACEMENT_3D('',#17996,#14132,#14133);
#11898=AXIS2_PLACEMENT_3D('',#18000,#14135,#14136);
#11899=AXIS2_PLACEMENT_3D('',#18004,#14138,#14139);
#11900=AXIS2_PLACEMENT_3D('',#18008,#14141,#14142);
#11901=AXIS2_PLACEMENT_3D('',#18011,#14144,#14145);
#11902=AXIS2_PLACEMENT_3D('',#18016,#14147,#14148);
#11903=AXIS2_PLACEMENT_3D('',#18020,#14150,#14151);
#11904=AXIS2_PLACEMENT_3D('',#18024,#14153,#14154);
#11905=AXIS2_PLACEMENT_3D('',#18028,#14156,#14157);
#11906=AXIS2_PLACEMENT_3D('',#18031,#14159,#14160);
#11907=AXIS2_PLACEMENT_3D('',#18036,#14162,#14163);
#11908=AXIS2_PLACEMENT_3D('',#18040,#14165,#14166);
#11909=AXIS2_PLACEMENT_3D('',#18044,#14168,#14169);
#11910=AXIS2_PLACEMENT_3D('',#18048,#14171,#14172);
#11911=AXIS2_PLACEMENT_3D('',#18051,#14174,#14175);
#11912=AXIS2_PLACEMENT_3D('',#18056,#14177,#14178);
#11913=AXIS2_PLACEMENT_3D('',#18060,#14180,#14181);
#11914=AXIS2_PLACEMENT_3D('',#18064,#14183,#14184);
#11915=AXIS2_PLACEMENT_3D('',#18068,#14186,#14187);
#11916=AXIS2_PLACEMENT_3D('',#18071,#14189,#14190);
#11917=AXIS2_PLACEMENT_3D('',#18074,#14191,#14192);
#11918=AXIS2_PLACEMENT_3D('',#18078,#14194,#14195);
#11919=AXIS2_PLACEMENT_3D('',#18082,#14197,#14198);
#11920=AXIS2_PLACEMENT_3D('',#18086,#14200,#14201);
#11921=AXIS2_PLACEMENT_3D('',#18090,#14203,#14204);
#11922=AXIS2_PLACEMENT_3D('',#18094,#14206,#14207);
#11923=AXIS2_PLACEMENT_3D('',#18098,#14209,#14210);
#11924=AXIS2_PLACEMENT_3D('',#18102,#14212,#14213);
#11925=AXIS2_PLACEMENT_3D('',#18106,#14215,#14216);
#11926=AXIS2_PLACEMENT_3D('',#18110,#14218,#14219);
#11927=AXIS2_PLACEMENT_3D('',#18116,#14222,#14223);
#11928=AXIS2_PLACEMENT_3D('',#18120,#14225,#14226);
#11929=AXIS2_PLACEMENT_3D('',#18124,#14228,#14229);
#11930=AXIS2_PLACEMENT_3D('',#18128,#14231,#14232);
#11931=AXIS2_PLACEMENT_3D('',#18132,#14234,#14235);
#11932=AXIS2_PLACEMENT_3D('',#18135,#14237,#14238);
#11933=AXIS2_PLACEMENT_3D('',#18140,#14240,#14241);
#11934=AXIS2_PLACEMENT_3D('',#18144,#14243,#14244);
#11935=AXIS2_PLACEMENT_3D('',#18148,#14246,#14247);
#11936=AXIS2_PLACEMENT_3D('',#18152,#14249,#14250);
#11937=AXIS2_PLACEMENT_3D('',#18155,#14252,#14253);
#11938=AXIS2_PLACEMENT_3D('',#18156,#14254,#14255);
#11939=AXIS2_PLACEMENT_3D('',#18158,#14256,#14257);
#11940=AXIS2_PLACEMENT_3D('',#18160,#14259,#14260);
#11941=AXIS2_PLACEMENT_3D('',#18162,#14261,#14262);
#11942=AXIS2_PLACEMENT_3D('',#18164,#14264,#14265);
#11943=AXIS2_PLACEMENT_3D('',#18166,#14266,#14267);
#11944=AXIS2_PLACEMENT_3D('',#18168,#14269,#14270);
#11945=AXIS2_PLACEMENT_3D('',#18171,#14272,#14273);
#11946=AXIS2_PLACEMENT_3D('',#18172,#14274,#14275);
#11947=AXIS2_PLACEMENT_3D('',#18176,#14278,#14279);
#11948=AXIS2_PLACEMENT_3D('',#18178,#14281,#14282);
#11949=AXIS2_PLACEMENT_3D('',#18182,#14285,#14286);
#11950=AXIS2_PLACEMENT_3D('',#18185,#14288,#14289);
#11951=AXIS2_PLACEMENT_3D('',#18186,#14290,#14291);
#11952=AXIS2_PLACEMENT_3D('',#18189,#14293,#14294);
#11953=AXIS2_PLACEMENT_3D('',#18190,#14295,#14296);
#11954=AXIS2_PLACEMENT_3D('',#18192,#14298,#14299);
#11955=AXIS2_PLACEMENT_3D('',#18196,#14301,#14302);
#11956=AXIS2_PLACEMENT_3D('',#18198,#14304,#14305);
#11957=AXIS2_PLACEMENT_3D('',#18202,#14308,#14309);
#11958=AXIS2_PLACEMENT_3D('',#18205,#14311,#14312);
#11959=AXIS2_PLACEMENT_3D('',#18206,#14313,#14314);
#11960=AXIS2_PLACEMENT_3D('',#18210,#14317,#14318);
#11961=AXIS2_PLACEMENT_3D('',#18211,#14319,#14320);
#11962=AXIS2_PLACEMENT_3D('',#18212,#14321,#14322);
#11963=AXIS2_PLACEMENT_3D('',#18214,#14324,#14325);
#11964=AXIS2_PLACEMENT_3D('',#18215,#14326,#14327);
#11965=AXIS2_PLACEMENT_3D('',#18219,#14329,#14330);
#11966=AXIS2_PLACEMENT_3D('',#18221,#14332,#14333);
#11967=AXIS2_PLACEMENT_3D('',#18224,#14335,#14336);
#11968=AXIS2_PLACEMENT_3D('',#18225,#14337,#14338);
#11969=AXIS2_PLACEMENT_3D('',#18227,#14339,#14340);
#11970=AXIS2_PLACEMENT_3D('',#18229,#14342,#14343);
#11971=AXIS2_PLACEMENT_3D('',#18233,#14345,#14346);
#11972=AXIS2_PLACEMENT_3D('',#18235,#14348,#14349);
#11973=AXIS2_PLACEMENT_3D('',#18239,#14352,#14353);
#11974=AXIS2_PLACEMENT_3D('',#18242,#14354,#14355);
#11975=AXIS2_PLACEMENT_3D('',#18245,#14358,#14359);
#11976=AXIS2_PLACEMENT_3D('',#18247,#14361,#14362);
#11977=AXIS2_PLACEMENT_3D('',#18250,#14363,#14364);
#11978=AXIS2_PLACEMENT_3D('',#18253,#14367,#14368);
#11979=AXIS2_PLACEMENT_3D('',#18257,#14371,#14372);
#11980=AXIS2_PLACEMENT_3D('',#18259,#14373,#14374);
#11981=AXIS2_PLACEMENT_3D('',#18261,#14376,#14377);
#11982=AXIS2_PLACEMENT_3D('',#18264,#14378,#14379);
#11983=AXIS2_PLACEMENT_3D('',#18267,#14382,#14383);
#11984=AXIS2_PLACEMENT_3D('',#18271,#14386,#14387);
#11985=AXIS2_PLACEMENT_3D('',#18273,#14388,#14389);
#11986=AXIS2_PLACEMENT_3D('',#18275,#14391,#14392);
#11987=AXIS2_PLACEMENT_3D('',#18278,#14393,#14394);
#11988=AXIS2_PLACEMENT_3D('',#18281,#14397,#14398);
#11989=AXIS2_PLACEMENT_3D('',#18285,#14401,#14402);
#11990=AXIS2_PLACEMENT_3D('',#18287,#14403,#14404);
#11991=AXIS2_PLACEMENT_3D('',#18289,#14406,#14407);
#11992=AXIS2_PLACEMENT_3D('',#18292,#14408,#14409);
#11993=AXIS2_PLACEMENT_3D('',#18295,#14412,#14413);
#11994=AXIS2_PLACEMENT_3D('',#18299,#14416,#14417);
#11995=AXIS2_PLACEMENT_3D('',#18301,#14418,#14419);
#11996=AXIS2_PLACEMENT_3D('',#18303,#14421,#14422);
#11997=AXIS2_PLACEMENT_3D('',#18306,#14423,#14424);
#11998=AXIS2_PLACEMENT_3D('',#18309,#14427,#14428);
#11999=AXIS2_PLACEMENT_3D('',#18313,#14431,#14432);
#12000=AXIS2_PLACEMENT_3D('',#18315,#14433,#14434);
#12001=AXIS2_PLACEMENT_3D('',#18317,#14436,#14437);
#12002=AXIS2_PLACEMENT_3D('',#18319,#14438,#14439);
#12003=AXIS2_PLACEMENT_3D('',#18321,#14441,#14442);
#12004=AXIS2_PLACEMENT_3D('',#18324,#14444,#14445);
#12005=AXIS2_PLACEMENT_3D('',#18325,#14446,#14447);
#12006=AXIS2_PLACEMENT_3D('',#18329,#14450,#14451);
#12007=AXIS2_PLACEMENT_3D('',#18338,#14456,#14457);
#12008=AXIS2_PLACEMENT_3D('',#18341,#14459,#14460);
#12009=AXIS2_PLACEMENT_3D('',#18342,#14461,#14462);
#12010=AXIS2_PLACEMENT_3D('',#18346,#14465,#14466);
#12011=AXIS2_PLACEMENT_3D('',#18350,#14469,#14470);
#12012=AXIS2_PLACEMENT_3D('',#18355,#14472,#14473);
#12013=AXIS2_PLACEMENT_3D('',#18359,#14475,#14476);
#12014=AXIS2_PLACEMENT_3D('',#18363,#14478,#14479);
#12015=AXIS2_PLACEMENT_3D('',#18367,#14481,#14482);
#12016=AXIS2_PLACEMENT_3D('',#18369,#14484,#14485);
#12017=AXIS2_PLACEMENT_3D('',#18372,#14488,#14489);
#12018=AXIS2_PLACEMENT_3D('',#18374,#14491,#14492);
#12019=AXIS2_PLACEMENT_3D('',#18376,#14494,#14495);
#12020=AXIS2_PLACEMENT_3D('',#18378,#14497,#14498);
#12021=AXIS2_PLACEMENT_3D('',#18380,#14499,#14500);
#12022=AXIS2_PLACEMENT_3D('',#18381,#14501,#14502);
#12023=AXIS2_PLACEMENT_3D('',#18383,#14503,#14504);
#12024=AXIS2_PLACEMENT_3D('',#18384,#14505,#14506);
#12025=AXIS2_PLACEMENT_3D('',#18386,#14507,#14508);
#12026=AXIS2_PLACEMENT_3D('',#18387,#14509,#14510);
#12027=AXIS2_PLACEMENT_3D('',#18389,#14511,#14512);
#12028=AXIS2_PLACEMENT_3D('',#18390,#14513,#14514);
#12029=AXIS2_PLACEMENT_3D('',#18392,#14515,#14516);
#12030=AXIS2_PLACEMENT_3D('',#18393,#14517,#14518);
#12031=AXIS2_PLACEMENT_3D('',#18397,#14520,#14521);
#12032=AXIS2_PLACEMENT_3D('',#18399,#14523,#14524);
#12033=AXIS2_PLACEMENT_3D('',#18402,#14526,#14527);
#12034=AXIS2_PLACEMENT_3D('',#18403,#14528,#14529);
#12035=AXIS2_PLACEMENT_3D('',#18407,#14532,#14533);
#12036=AXIS2_PLACEMENT_3D('',#18410,#14535,#14536);
#12037=AXIS2_PLACEMENT_3D('',#18411,#14537,#14538);
#12038=AXIS2_PLACEMENT_3D('',#18415,#14541,#14542);
#12039=AXIS2_PLACEMENT_3D('',#18418,#14544,#14545);
#12040=AXIS2_PLACEMENT_3D('',#18419,#14546,#14547);
#12041=AXIS2_PLACEMENT_3D('',#18422,#14549,#14550);
#12042=AXIS2_PLACEMENT_3D('',#18423,#14551,#14552);
#12043=AXIS2_PLACEMENT_3D('',#18426,#14554,#14555);
#12044=AXIS2_PLACEMENT_3D('',#18427,#14556,#14557);
#12045=AXIS2_PLACEMENT_3D('',#18431,#14559,#14560);
#12046=AXIS2_PLACEMENT_3D('',#18433,#14562,#14563);
#12047=AXIS2_PLACEMENT_3D('',#18437,#14566,#14567);
#12048=AXIS2_PLACEMENT_3D('',#18440,#14569,#14570);
#12049=AXIS2_PLACEMENT_3D('',#18441,#14571,#14572);
#12050=AXIS2_PLACEMENT_3D('',#18445,#14575,#14576);
#12051=AXIS2_PLACEMENT_3D('',#18448,#14578,#14579);
#12052=AXIS2_PLACEMENT_3D('',#18449,#14580,#14581);
#12053=AXIS2_PLACEMENT_3D('',#18452,#14583,#14584);
#12054=AXIS2_PLACEMENT_3D('',#18453,#14585,#14586);
#12055=AXIS2_PLACEMENT_3D('',#18456,#14588,#14589);
#12056=AXIS2_PLACEMENT_3D('',#18457,#14590,#14591);
#12057=AXIS2_PLACEMENT_3D('',#18463,#14595,#14596);
#12058=AXIS2_PLACEMENT_3D('',#18466,#14598,#14599);
#12059=AXIS2_PLACEMENT_3D('',#18467,#14600,#14601);
#12060=AXIS2_PLACEMENT_3D('',#18471,#14604,#14605);
#12061=AXIS2_PLACEMENT_3D('',#18478,#14610,#14611);
#12062=AXIS2_PLACEMENT_3D('',#18482,#14613,#14614);
#12063=AXIS2_PLACEMENT_3D('',#18484,#14616,#14617);
#12064=AXIS2_PLACEMENT_3D('',#18488,#14620,#14621);
#12065=AXIS2_PLACEMENT_3D('',#18491,#14623,#14624);
#12066=AXIS2_PLACEMENT_3D('',#18492,#14625,#14626);
#12067=AXIS2_PLACEMENT_3D('',#18496,#14629,#14630);
#12068=AXIS2_PLACEMENT_3D('',#18499,#14632,#14633);
#12069=AXIS2_PLACEMENT_3D('',#18500,#14634,#14635);
#12070=AXIS2_PLACEMENT_3D('',#18504,#14638,#14639);
#12071=AXIS2_PLACEMENT_3D('',#18508,#14641,#14642);
#12072=AXIS2_PLACEMENT_3D('',#18510,#14644,#14645);
#12073=AXIS2_PLACEMENT_3D('',#18514,#14648,#14649);
#12074=AXIS2_PLACEMENT_3D('',#18517,#14651,#14652);
#12075=AXIS2_PLACEMENT_3D('',#18518,#14653,#14654);
#12076=AXIS2_PLACEMENT_3D('',#18522,#14657,#14658);
#12077=AXIS2_PLACEMENT_3D('',#18525,#14660,#14661);
#12078=AXIS2_PLACEMENT_3D('',#18526,#14662,#14663);
#12079=AXIS2_PLACEMENT_3D('',#18530,#14666,#14667);
#12080=AXIS2_PLACEMENT_3D('',#18534,#14669,#14670);
#12081=AXIS2_PLACEMENT_3D('',#18536,#14672,#14673);
#12082=AXIS2_PLACEMENT_3D('',#18540,#14676,#14677);
#12083=AXIS2_PLACEMENT_3D('',#18543,#14679,#14680);
#12084=AXIS2_PLACEMENT_3D('',#18544,#14681,#14682);
#12085=AXIS2_PLACEMENT_3D('',#18548,#14685,#14686);
#12086=AXIS2_PLACEMENT_3D('',#18551,#14688,#14689);
#12087=AXIS2_PLACEMENT_3D('',#18552,#14690,#14691);
#12088=AXIS2_PLACEMENT_3D('',#18556,#14694,#14695);
#12089=AXIS2_PLACEMENT_3D('',#18560,#14697,#14698);
#12090=AXIS2_PLACEMENT_3D('',#18562,#14700,#14701);
#12091=AXIS2_PLACEMENT_3D('',#18566,#14704,#14705);
#12092=AXIS2_PLACEMENT_3D('',#18569,#14707,#14708);
#12093=AXIS2_PLACEMENT_3D('',#18570,#14709,#14710);
#12094=AXIS2_PLACEMENT_3D('',#18574,#14713,#14714);
#12095=AXIS2_PLACEMENT_3D('',#18575,#14715,#14716);
#12096=AXIS2_PLACEMENT_3D('',#18576,#14717,#14718);
#12097=AXIS2_PLACEMENT_3D('',#18579,#14721,#14722);
#12098=AXIS2_PLACEMENT_3D('',#18581,#14724,#14725);
#12099=AXIS2_PLACEMENT_3D('',#18583,#14727,#14728);
#12100=AXIS2_PLACEMENT_3D('',#18584,#14729,#14730);
#12101=AXIS2_PLACEMENT_3D('',#18588,#14732,#14733);
#12102=AXIS2_PLACEMENT_3D('',#18590,#14735,#14736);
#12103=AXIS2_PLACEMENT_3D('',#18594,#14739,#14740);
#12104=AXIS2_PLACEMENT_3D('',#18597,#14742,#14743);
#12105=AXIS2_PLACEMENT_3D('',#18598,#14744,#14745);
#12106=AXIS2_PLACEMENT_3D('',#18602,#14748,#14749);
#12107=AXIS2_PLACEMENT_3D('',#18605,#14751,#14752);
#12108=AXIS2_PLACEMENT_3D('',#18606,#14753,#14754);
#12109=AXIS2_PLACEMENT_3D('',#18610,#14757,#14758);
#12110=AXIS2_PLACEMENT_3D('',#18614,#14760,#14761);
#12111=AXIS2_PLACEMENT_3D('',#18616,#14763,#14764);
#12112=AXIS2_PLACEMENT_3D('',#18620,#14767,#14768);
#12113=AXIS2_PLACEMENT_3D('',#18623,#14770,#14771);
#12114=AXIS2_PLACEMENT_3D('',#18624,#14772,#14773);
#12115=AXIS2_PLACEMENT_3D('',#18628,#14776,#14777);
#12116=AXIS2_PLACEMENT_3D('',#18631,#14779,#14780);
#12117=AXIS2_PLACEMENT_3D('',#18632,#14781,#14782);
#12118=AXIS2_PLACEMENT_3D('',#18636,#14785,#14786);
#12119=AXIS2_PLACEMENT_3D('',#18640,#14789,#14790);
#12120=AXIS2_PLACEMENT_3D('',#18644,#14792,#14793);
#12121=AXIS2_PLACEMENT_3D('',#18646,#14795,#14796);
#12122=AXIS2_PLACEMENT_3D('',#18649,#14798,#14799);
#12123=AXIS2_PLACEMENT_3D('',#18650,#14800,#14801);
#12124=AXIS2_PLACEMENT_3D('',#18653,#14803,#14804);
#12125=AXIS2_PLACEMENT_3D('',#18654,#14805,#14806);
#12126=AXIS2_PLACEMENT_3D('',#18657,#14808,#14809);
#12127=AXIS2_PLACEMENT_3D('',#18658,#14810,#14811);
#12128=AXIS2_PLACEMENT_3D('',#18661,#14813,#14814);
#12129=AXIS2_PLACEMENT_3D('',#18662,#14815,#14816);
#12130=AXIS2_PLACEMENT_3D('',#18668,#14820,#14821);
#12131=AXIS2_PLACEMENT_3D('',#18671,#14823,#14824);
#12132=AXIS2_PLACEMENT_3D('',#18672,#14825,#14826);
#12133=AXIS2_PLACEMENT_3D('',#18675,#14828,#14829);
#12134=AXIS2_PLACEMENT_3D('',#18676,#14830,#14831);
#12135=AXIS2_PLACEMENT_3D('',#18685,#14837,#14838);
#12136=AXIS2_PLACEMENT_3D('',#18688,#14840,#14841);
#12137=AXIS2_PLACEMENT_3D('',#18689,#14842,#14843);
#12138=AXIS2_PLACEMENT_3D('',#18693,#14846,#14847);
#12139=AXIS2_PLACEMENT_3D('',#18697,#14849,#14850);
#12140=AXIS2_PLACEMENT_3D('',#18699,#14852,#14853);
#12141=AXIS2_PLACEMENT_3D('',#18703,#14856,#14857);
#12142=AXIS2_PLACEMENT_3D('',#18706,#14859,#14860);
#12143=AXIS2_PLACEMENT_3D('',#18707,#14861,#14862);
#12144=AXIS2_PLACEMENT_3D('',#18711,#14865,#14866);
#12145=AXIS2_PLACEMENT_3D('',#18714,#14868,#14869);
#12146=AXIS2_PLACEMENT_3D('',#18715,#14870,#14871);
#12147=AXIS2_PLACEMENT_3D('',#18719,#14874,#14875);
#12148=AXIS2_PLACEMENT_3D('',#18725,#14879,#14880);
#12149=AXIS2_PLACEMENT_3D('',#18728,#14882,#14883);
#12150=AXIS2_PLACEMENT_3D('',#18729,#14884,#14885);
#12151=AXIS2_PLACEMENT_3D('',#18731,#14887,#14888);
#12152=AXIS2_PLACEMENT_3D('',#18735,#14890,#14891);
#12153=AXIS2_PLACEMENT_3D('',#18737,#14893,#14894);
#12154=AXIS2_PLACEMENT_3D('',#18741,#14897,#14898);
#12155=AXIS2_PLACEMENT_3D('',#18744,#14900,#14901);
#12156=AXIS2_PLACEMENT_3D('',#18745,#14902,#14903);
#12157=AXIS2_PLACEMENT_3D('',#18749,#14906,#14907);
#12158=AXIS2_PLACEMENT_3D('',#18752,#14909,#14910);
#12159=AXIS2_PLACEMENT_3D('',#18753,#14911,#14912);
#12160=AXIS2_PLACEMENT_3D('',#18757,#14915,#14916);
#12161=AXIS2_PLACEMENT_3D('',#18763,#14920,#14921);
#12162=AXIS2_PLACEMENT_3D('',#18766,#14923,#14924);
#12163=AXIS2_PLACEMENT_3D('',#18767,#14925,#14926);
#12164=AXIS2_PLACEMENT_3D('',#18770,#14928,#14929);
#12165=AXIS2_PLACEMENT_3D('',#18771,#14930,#14931);
#12166=AXIS2_PLACEMENT_3D('',#18774,#14933,#14934);
#12167=AXIS2_PLACEMENT_3D('',#18775,#14935,#14936);
#12168=AXIS2_PLACEMENT_3D('',#18778,#14938,#14939);
#12169=AXIS2_PLACEMENT_3D('',#18779,#14940,#14941);
#12170=AXIS2_PLACEMENT_3D('',#18782,#14943,#14944);
#12171=AXIS2_PLACEMENT_3D('',#18783,#14945,#14946);
#12172=AXIS2_PLACEMENT_3D('',#18787,#14949,#14950);
#12173=AXIS2_PLACEMENT_3D('',#18791,#14952,#14953);
#12174=AXIS2_PLACEMENT_3D('',#18793,#14955,#14956);
#12175=AXIS2_PLACEMENT_3D('',#18797,#14959,#14960);
#12176=AXIS2_PLACEMENT_3D('',#18800,#14962,#14963);
#12177=AXIS2_PLACEMENT_3D('',#18801,#14964,#14965);
#12178=AXIS2_PLACEMENT_3D('',#18805,#14968,#14969);
#12179=AXIS2_PLACEMENT_3D('',#18808,#14971,#14972);
#12180=AXIS2_PLACEMENT_3D('',#18809,#14973,#14974);
#12181=AXIS2_PLACEMENT_3D('',#18813,#14977,#14978);
#12182=AXIS2_PLACEMENT_3D('',#18817,#14980,#14981);
#12183=AXIS2_PLACEMENT_3D('',#18819,#14983,#14984);
#12184=AXIS2_PLACEMENT_3D('',#18823,#14987,#14988);
#12185=AXIS2_PLACEMENT_3D('',#18826,#14990,#14991);
#12186=AXIS2_PLACEMENT_3D('',#18827,#14992,#14993);
#12187=AXIS2_PLACEMENT_3D('',#18831,#14996,#14997);
#12188=AXIS2_PLACEMENT_3D('',#18834,#14999,#15000);
#12189=AXIS2_PLACEMENT_3D('',#18835,#15001,#15002);
#12190=AXIS2_PLACEMENT_3D('',#18839,#15005,#15006);
#12191=AXIS2_PLACEMENT_3D('',#18843,#15008,#15009);
#12192=AXIS2_PLACEMENT_3D('',#18845,#15011,#15012);
#12193=AXIS2_PLACEMENT_3D('',#18847,#15014,#15015);
#12194=AXIS2_PLACEMENT_3D('',#18853,#15019,#15020);
#12195=AXIS2_PLACEMENT_3D('',#18856,#15022,#15023);
#12196=AXIS2_PLACEMENT_3D('',#18857,#15024,#15025);
#12197=AXIS2_PLACEMENT_3D('',#18861,#15028,#15029);
#12198=AXIS2_PLACEMENT_3D('',#18864,#15031,#15032);
#12199=AXIS2_PLACEMENT_3D('',#18865,#15033,#15034);
#12200=AXIS2_PLACEMENT_3D('',#18869,#15037,#15038);
#12201=AXIS2_PLACEMENT_3D('',#18873,#15041,#15042);
#12202=AXIS2_PLACEMENT_3D('',#18879,#15046,#15047);
#12203=AXIS2_PLACEMENT_3D('',#18882,#15049,#15050);
#12204=AXIS2_PLACEMENT_3D('',#18883,#15051,#15052);
#12205=AXIS2_PLACEMENT_3D('',#18887,#15055,#15056);
#12206=AXIS2_PLACEMENT_3D('',#18890,#15058,#15059);
#12207=AXIS2_PLACEMENT_3D('',#18891,#15060,#15061);
#12208=AXIS2_PLACEMENT_3D('',#18895,#15064,#15065);
#12209=AXIS2_PLACEMENT_3D('',#18901,#15069,#15070);
#12210=AXIS2_PLACEMENT_3D('',#18904,#15072,#15073);
#12211=AXIS2_PLACEMENT_3D('',#18905,#15074,#15075);
#12212=AXIS2_PLACEMENT_3D('',#18909,#15078,#15079);
#12213=AXIS2_PLACEMENT_3D('',#18912,#15081,#15082);
#12214=AXIS2_PLACEMENT_3D('',#18913,#15083,#15084);
#12215=AXIS2_PLACEMENT_3D('',#18917,#15087,#15088);
#12216=AXIS2_PLACEMENT_3D('',#18923,#15092,#15093);
#12217=AXIS2_PLACEMENT_3D('',#18926,#15095,#15096);
#12218=AXIS2_PLACEMENT_3D('',#18927,#15097,#15098);
#12219=AXIS2_PLACEMENT_3D('',#18931,#15101,#15102);
#12220=AXIS2_PLACEMENT_3D('',#18934,#15104,#15105);
#12221=AXIS2_PLACEMENT_3D('',#18935,#15106,#15107);
#12222=AXIS2_PLACEMENT_3D('',#18941,#15111,#15112);
#12223=AXIS2_PLACEMENT_3D('',#18944,#15114,#15115);
#12224=AXIS2_PLACEMENT_3D('',#18945,#15116,#15117);
#12225=AXIS2_PLACEMENT_3D('',#18949,#15120,#15121);
#12226=AXIS2_PLACEMENT_3D('',#18952,#15123,#15124);
#12227=AXIS2_PLACEMENT_3D('',#18953,#15125,#15126);
#12228=AXIS2_PLACEMENT_3D('',#18957,#15129,#15130);
#12229=AXIS2_PLACEMENT_3D('',#18960,#15132,#15133);
#12230=AXIS2_PLACEMENT_3D('',#18961,#15134,#15135);
#12231=AXIS2_PLACEMENT_3D('',#18965,#15137,#15138);
#12232=AXIS2_PLACEMENT_3D('',#18967,#15140,#15141);
#12233=AXIS2_PLACEMENT_3D('',#18971,#15144,#15145);
#12234=AXIS2_PLACEMENT_3D('',#18974,#15147,#15148);
#12235=AXIS2_PLACEMENT_3D('',#18975,#15149,#15150);
#12236=AXIS2_PLACEMENT_3D('',#18979,#15153,#15154);
#12237=AXIS2_PLACEMENT_3D('',#18982,#15156,#15157);
#12238=AXIS2_PLACEMENT_3D('',#18983,#15158,#15159);
#12239=AXIS2_PLACEMENT_3D('',#18987,#15162,#15163);
#12240=AXIS2_PLACEMENT_3D('',#18989,#15164,#15165);
#12241=AXIS2_PLACEMENT_3D('',#18990,#15166,#15167);
#12242=AXIS2_PLACEMENT_3D('',#18992,#15168,#15169);
#12243=AXIS2_PLACEMENT_3D('',#18993,#15170,#15171);
#12244=AXIS2_PLACEMENT_3D('',#18995,#15172,#15173);
#12245=AXIS2_PLACEMENT_3D('',#18996,#15174,#15175);
#12246=AXIS2_PLACEMENT_3D('',#18997,#15176,#15177);
#12247=AXIS2_PLACEMENT_3D('',#18999,#15178,#15179);
#12248=AXIS2_PLACEMENT_3D('',#19000,#15180,#15181);
#12249=AXIS2_PLACEMENT_3D('',#19006,#15185,#15186);
#12250=AXIS2_PLACEMENT_3D('',#19015,#15191,#15192);
#12251=AXIS2_PLACEMENT_3D('',#19017,#15193,#15194);
#12252=AXIS2_PLACEMENT_3D('',#19020,#15196,#15197);
#12253=AXIS2_PLACEMENT_3D('',#19021,#15198,#15199);
#12254=AXIS2_PLACEMENT_3D('',#19027,#15203,#15204);
#12255=AXIS2_PLACEMENT_3D('',#19036,#15209,#15210);
#12256=AXIS2_PLACEMENT_3D('',#19045,#15215,#15216);
#12257=AXIS2_PLACEMENT_3D('',#19054,#15222,#15223);
#12258=AXIS2_PLACEMENT_3D('',#19056,#15224,#15225);
#12259=AXIS2_PLACEMENT_3D('',#19059,#15227,#15228);
#12260=AXIS2_PLACEMENT_3D('',#19060,#15229,#15230);
#12261=AXIS2_PLACEMENT_3D('',#19062,#15231,#15232);
#12262=AXIS2_PLACEMENT_3D('',#19063,#15233,#15234);
#12263=AXIS2_PLACEMENT_3D('',#19066,#15236,#15237);
#12264=AXIS2_PLACEMENT_3D('',#19067,#15238,#15239);
#12265=AXIS2_PLACEMENT_3D('',#19070,#15241,#15242);
#12266=AXIS2_PLACEMENT_3D('',#19071,#15243,#15244);
#12267=AXIS2_PLACEMENT_3D('',#19073,#15246,#15247);
#12268=AXIS2_PLACEMENT_3D('',#19075,#15248,#15249);
#12269=AXIS2_PLACEMENT_3D('',#19078,#15251,#15252);
#12270=AXIS2_PLACEMENT_3D('',#19079,#15253,#15254);
#12271=AXIS2_PLACEMENT_3D('',#19081,#15255,#15256);
#12272=AXIS2_PLACEMENT_3D('',#19082,#15257,#15258);
#12273=AXIS2_PLACEMENT_3D('',#19085,#15260,#15261);
#12274=AXIS2_PLACEMENT_3D('',#19086,#15262,#15263);
#12275=AXIS2_PLACEMENT_3D('',#19089,#15265,#15266);
#12276=AXIS2_PLACEMENT_3D('',#19090,#15267,#15268);
#12277=AXIS2_PLACEMENT_3D('',#19092,#15270,#15271);
#12278=AXIS2_PLACEMENT_3D('',#19094,#15272,#15273);
#12279=AXIS2_PLACEMENT_3D('',#19097,#15275,#15276);
#12280=AXIS2_PLACEMENT_3D('',#19098,#15277,#15278);
#12281=AXIS2_PLACEMENT_3D('',#19100,#15279,#15280);
#12282=AXIS2_PLACEMENT_3D('',#19101,#15281,#15282);
#12283=AXIS2_PLACEMENT_3D('',#19104,#15284,#15285);
#12284=AXIS2_PLACEMENT_3D('',#19105,#15286,#15287);
#12285=AXIS2_PLACEMENT_3D('',#19108,#15289,#15290);
#12286=AXIS2_PLACEMENT_3D('',#19109,#15291,#15292);
#12287=AXIS2_PLACEMENT_3D('',#19111,#15294,#15295);
#12288=AXIS2_PLACEMENT_3D('',#19113,#15296,#15297);
#12289=AXIS2_PLACEMENT_3D('',#19116,#15299,#15300);
#12290=AXIS2_PLACEMENT_3D('',#19117,#15301,#15302);
#12291=AXIS2_PLACEMENT_3D('',#19119,#15303,#15304);
#12292=AXIS2_PLACEMENT_3D('',#19120,#15305,#15306);
#12293=AXIS2_PLACEMENT_3D('',#19122,#15308,#15309);
#12294=AXIS2_PLACEMENT_3D('',#19125,#15311,#15312);
#12295=AXIS2_PLACEMENT_3D('',#19126,#15313,#15314);
#12296=AXIS2_PLACEMENT_3D('',#19129,#15316,#15317);
#12297=AXIS2_PLACEMENT_3D('',#19130,#15318,#15319);
#12298=AXIS2_PLACEMENT_3D('',#19132,#15320,#15321);
#12299=AXIS2_PLACEMENT_3D('',#19135,#15323,#15324);
#12300=AXIS2_PLACEMENT_3D('',#19136,#15325,#15326);
#12301=AXIS2_PLACEMENT_3D('',#19138,#15327,#15328);
#12302=AXIS2_PLACEMENT_3D('',#19139,#15329,#15330);
#12303=AXIS2_PLACEMENT_3D('',#19142,#15332,#15333);
#12304=AXIS2_PLACEMENT_3D('',#19143,#15334,#15335);
#12305=AXIS2_PLACEMENT_3D('',#19146,#15337,#15338);
#12306=AXIS2_PLACEMENT_3D('',#19147,#15339,#15340);
#12307=AXIS2_PLACEMENT_3D('',#19149,#15342,#15343);
#12308=AXIS2_PLACEMENT_3D('',#19150,#15344,#15345);
#12309=AXIS2_PLACEMENT_3D('',#19151,#15346,#15347);
#12310=AXIS2_PLACEMENT_3D('',#19152,#15348,#15349);
#12311=AXIS2_PLACEMENT_3D('',#19155,#15351,#15352);
#12312=AXIS2_PLACEMENT_3D('',#19156,#15353,#15354);
#12313=AXIS2_PLACEMENT_3D('',#19160,#15357,#15358);
#12314=AXIS2_PLACEMENT_3D('',#19170,#15364,#15365);
#12315=AXIS2_PLACEMENT_3D('',#19173,#15367,#15368);
#12316=AXIS2_PLACEMENT_3D('',#19174,#15369,#15370);
#12317=AXIS2_PLACEMENT_3D('',#19178,#15373,#15374);
#12318=AXIS2_PLACEMENT_3D('',#19181,#15376,#15377);
#12319=AXIS2_PLACEMENT_3D('',#19182,#15378,#15379);
#12320=AXIS2_PLACEMENT_3D('',#19184,#15380,#15381);
#12321=AXIS2_PLACEMENT_3D('',#19186,#15383,#15384);
#12322=AXIS2_PLACEMENT_3D('',#19188,#15385,#15386);
#12323=AXIS2_PLACEMENT_3D('',#19190,#15388,#15389);
#12324=AXIS2_PLACEMENT_3D('',#19193,#15391,#15392);
#12325=AXIS2_PLACEMENT_3D('',#19194,#15393,#15394);
#12326=AXIS2_PLACEMENT_3D('',#19196,#15395,#15396);
#12327=AXIS2_PLACEMENT_3D('',#19198,#15398,#15399);
#12328=AXIS2_PLACEMENT_3D('',#19200,#15400,#15401);
#12329=AXIS2_PLACEMENT_3D('',#19202,#15403,#15404);
#12330=AXIS2_PLACEMENT_3D('',#19205,#15406,#15407);
#12331=AXIS2_PLACEMENT_3D('',#19206,#15408,#15409);
#12332=AXIS2_PLACEMENT_3D('',#19210,#15412,#15413);
#12333=AXIS2_PLACEMENT_3D('',#19214,#15415,#15416);
#12334=AXIS2_PLACEMENT_3D('',#19216,#15418,#15419);
#12335=AXIS2_PLACEMENT_3D('',#19218,#15420,#15421);
#12336=AXIS2_PLACEMENT_3D('',#19220,#15423,#15424);
#12337=AXIS2_PLACEMENT_3D('',#19222,#15425,#15426);
#12338=AXIS2_PLACEMENT_3D('',#19224,#15428,#15429);
#12339=AXIS2_PLACEMENT_3D('',#19230,#15433,#15434);
#12340=AXIS2_PLACEMENT_3D('',#19233,#15436,#15437);
#12341=AXIS2_PLACEMENT_3D('',#19234,#15438,#15439);
#12342=AXIS2_PLACEMENT_3D('',#19237,#15441,#15442);
#12343=AXIS2_PLACEMENT_3D('',#19238,#15443,#15444);
#12344=AXIS2_PLACEMENT_3D('',#19242,#15447,#15448);
#12345=AXIS2_PLACEMENT_3D('',#19245,#15450,#15451);
#12346=AXIS2_PLACEMENT_3D('',#19246,#15452,#15453);
#12347=AXIS2_PLACEMENT_3D('',#19250,#15456,#15457);
#12348=AXIS2_PLACEMENT_3D('',#19252,#15458,#15459);
#12349=AXIS2_PLACEMENT_3D('',#19254,#15461,#15462);
#12350=AXIS2_PLACEMENT_3D('',#19256,#15463,#15464);
#12351=AXIS2_PLACEMENT_3D('',#19258,#15466,#15467);
#12352=AXIS2_PLACEMENT_3D('',#19260,#15469,#15470);
#12353=AXIS2_PLACEMENT_3D('',#19262,#15471,#15472);
#12354=AXIS2_PLACEMENT_3D('',#19264,#15474,#15475);
#12355=AXIS2_PLACEMENT_3D('',#19265,#15476,#15477);
#12356=AXIS2_PLACEMENT_3D('',#19266,#15478,#15479);
#12357=AXIS2_PLACEMENT_3D('',#19268,#15480,#15481);
#12358=AXIS2_PLACEMENT_3D('',#19270,#15483,#15484);
#12359=AXIS2_PLACEMENT_3D('',#19273,#15486,#15487);
#12360=AXIS2_PLACEMENT_3D('',#19274,#15488,#15489);
#12361=AXIS2_PLACEMENT_3D('',#19278,#15492,#15493);
#12362=AXIS2_PLACEMENT_3D('',#19281,#15495,#15496);
#12363=AXIS2_PLACEMENT_3D('',#19282,#15497,#15498);
#12364=AXIS2_PLACEMENT_3D('',#19286,#15501,#15502);
#12365=AXIS2_PLACEMENT_3D('',#19289,#15504,#15505);
#12366=AXIS2_PLACEMENT_3D('',#19290,#15506,#15507);
#12367=AXIS2_PLACEMENT_3D('',#19292,#15509,#15510);
#12368=AXIS2_PLACEMENT_3D('',#19296,#15513,#15514);
#12369=AXIS2_PLACEMENT_3D('',#19299,#15516,#15517);
#12370=AXIS2_PLACEMENT_3D('',#19300,#15518,#15519);
#12371=AXIS2_PLACEMENT_3D('',#19304,#15522,#15523);
#12372=AXIS2_PLACEMENT_3D('',#19307,#15525,#15526);
#12373=AXIS2_PLACEMENT_3D('',#19308,#15527,#15528);
#12374=AXIS2_PLACEMENT_3D('',#19312,#15531,#15532);
#12375=AXIS2_PLACEMENT_3D('',#19313,#15533,#15534);
#12376=AXIS2_PLACEMENT_3D('',#19314,#15535,#15536);
#12377=AXIS2_PLACEMENT_3D('',#19315,#15537,#15538);
#12378=AXIS2_PLACEMENT_3D('',#19316,#15539,#15540);
#12379=AXIS2_PLACEMENT_3D('',#19319,#15542,#15543);
#12380=AXIS2_PLACEMENT_3D('',#19320,#15544,#15545);
#12381=AXIS2_PLACEMENT_3D('',#19324,#15548,#15549);
#12382=AXIS2_PLACEMENT_3D('',#19327,#15551,#15552);
#12383=AXIS2_PLACEMENT_3D('',#19328,#15553,#15554);
#12384=AXIS2_PLACEMENT_3D('',#19330,#15556,#15557);
#12385=AXIS2_PLACEMENT_3D('',#19333,#15559,#15560);
#12386=AXIS2_PLACEMENT_3D('',#19334,#15561,#15562);
#12387=AXIS2_PLACEMENT_3D('',#19338,#15565,#15566);
#12388=AXIS2_PLACEMENT_3D('',#19341,#15568,#15569);
#12389=AXIS2_PLACEMENT_3D('',#19342,#15570,#15571);
#12390=AXIS2_PLACEMENT_3D('',#19344,#15573,#15574);
#12391=AXIS2_PLACEMENT_3D('',#19347,#15576,#15577);
#12392=AXIS2_PLACEMENT_3D('',#19348,#15578,#15579);
#12393=AXIS2_PLACEMENT_3D('',#19352,#15582,#15583);
#12394=AXIS2_PLACEMENT_3D('',#19355,#15585,#15586);
#12395=AXIS2_PLACEMENT_3D('',#19356,#15587,#15588);
#12396=AXIS2_PLACEMENT_3D('',#19358,#15590,#15591);
#12397=AXIS2_PLACEMENT_3D('',#19361,#15593,#15594);
#12398=AXIS2_PLACEMENT_3D('',#19362,#15595,#15596);
#12399=AXIS2_PLACEMENT_3D('',#19366,#15599,#15600);
#12400=AXIS2_PLACEMENT_3D('',#19369,#15602,#15603);
#12401=AXIS2_PLACEMENT_3D('',#19370,#15604,#15605);
#12402=AXIS2_PLACEMENT_3D('',#19372,#15607,#15608);
#12403=AXIS2_PLACEMENT_3D('',#19375,#15610,#15611);
#12404=AXIS2_PLACEMENT_3D('',#19376,#15612,#15613);
#12405=AXIS2_PLACEMENT_3D('',#19380,#15616,#15617);
#12406=AXIS2_PLACEMENT_3D('',#19383,#15619,#15620);
#12407=AXIS2_PLACEMENT_3D('',#19384,#15621,#15622);
#12408=AXIS2_PLACEMENT_3D('',#19386,#15624,#15625);
#12409=AXIS2_PLACEMENT_3D('',#19389,#15627,#15628);
#12410=AXIS2_PLACEMENT_3D('',#19390,#15629,#15630);
#12411=AXIS2_PLACEMENT_3D('',#19394,#15633,#15634);
#12412=AXIS2_PLACEMENT_3D('',#19397,#15636,#15637);
#12413=AXIS2_PLACEMENT_3D('',#19398,#15638,#15639);
#12414=AXIS2_PLACEMENT_3D('',#19402,#15642,#15643);
#12415=AXIS2_PLACEMENT_3D('',#19405,#15645,#15646);
#12416=AXIS2_PLACEMENT_3D('',#19406,#15647,#15648);
#12417=AXIS2_PLACEMENT_3D('',#19408,#15650,#15651);
#12418=AXIS2_PLACEMENT_3D('',#19411,#15653,#15654);
#12419=AXIS2_PLACEMENT_3D('',#19412,#15655,#15656);
#12420=AXIS2_PLACEMENT_3D('',#19416,#15659,#15660);
#12421=AXIS2_PLACEMENT_3D('',#19419,#15662,#15663);
#12422=AXIS2_PLACEMENT_3D('',#19420,#15664,#15665);
#12423=AXIS2_PLACEMENT_3D('',#19424,#15668,#15669);
#12424=AXIS2_PLACEMENT_3D('',#19427,#15671,#15672);
#12425=AXIS2_PLACEMENT_3D('',#19428,#15673,#15674);
#12426=AXIS2_PLACEMENT_3D('',#19430,#15676,#15677);
#12427=AXIS2_PLACEMENT_3D('',#19433,#15679,#15680);
#12428=AXIS2_PLACEMENT_3D('',#19434,#15681,#15682);
#12429=AXIS2_PLACEMENT_3D('',#19438,#15685,#15686);
#12430=AXIS2_PLACEMENT_3D('',#19441,#15688,#15689);
#12431=AXIS2_PLACEMENT_3D('',#19442,#15690,#15691);
#12432=AXIS2_PLACEMENT_3D('',#19446,#15694,#15695);
#12433=AXIS2_PLACEMENT_3D('',#19449,#15697,#15698);
#12434=AXIS2_PLACEMENT_3D('',#19450,#15699,#15700);
#12435=AXIS2_PLACEMENT_3D('',#19454,#15703,#15704);
#12436=AXIS2_PLACEMENT_3D('',#19455,#15705,#15706);
#12437=AXIS2_PLACEMENT_3D('',#19456,#15707,#15708);
#12438=AXIS2_PLACEMENT_3D('',#19459,#15710,#15711);
#12439=AXIS2_PLACEMENT_3D('',#19460,#15712,#15713);
#12440=AXIS2_PLACEMENT_3D('',#19464,#15716,#15717);
#12441=AXIS2_PLACEMENT_3D('',#19467,#15719,#15720);
#12442=AXIS2_PLACEMENT_3D('',#19468,#15721,#15722);
#12443=AXIS2_PLACEMENT_3D('',#19472,#15725,#15726);
#12444=AXIS2_PLACEMENT_3D('',#19475,#15728,#15729);
#12445=AXIS2_PLACEMENT_3D('',#19476,#15730,#15731);
#12446=AXIS2_PLACEMENT_3D('',#19478,#15733,#15734);
#12447=AXIS2_PLACEMENT_3D('',#19481,#15736,#15737);
#12448=AXIS2_PLACEMENT_3D('',#19482,#15738,#15739);
#12449=AXIS2_PLACEMENT_3D('',#19486,#15742,#15743);
#12450=AXIS2_PLACEMENT_3D('',#19489,#15745,#15746);
#12451=AXIS2_PLACEMENT_3D('',#19490,#15747,#15748);
#12452=AXIS2_PLACEMENT_3D('',#19494,#15751,#15752);
#12453=AXIS2_PLACEMENT_3D('',#19497,#15754,#15755);
#12454=AXIS2_PLACEMENT_3D('',#19498,#15756,#15757);
#12455=AXIS2_PLACEMENT_3D('',#19500,#15759,#15760);
#12456=AXIS2_PLACEMENT_3D('',#19504,#15763,#15764);
#12457=AXIS2_PLACEMENT_3D('',#19505,#15765,#15766);
#12458=AXIS2_PLACEMENT_3D('',#19506,#15767,#15768);
#12459=AXIS2_PLACEMENT_3D('',#19509,#15770,#15771);
#12460=AXIS2_PLACEMENT_3D('',#19510,#15772,#15773);
#12461=AXIS2_PLACEMENT_3D('',#19514,#15776,#15777);
#12462=AXIS2_PLACEMENT_3D('',#19517,#15779,#15780);
#12463=AXIS2_PLACEMENT_3D('',#19518,#15781,#15782);
#12464=AXIS2_PLACEMENT_3D('',#19522,#15785,#15786);
#12465=AXIS2_PLACEMENT_3D('',#19525,#15788,#15789);
#12466=AXIS2_PLACEMENT_3D('',#19526,#15790,#15791);
#12467=AXIS2_PLACEMENT_3D('',#19528,#15793,#15794);
#12468=AXIS2_PLACEMENT_3D('',#19534,#15798,#15799);
#12469=AXIS2_PLACEMENT_3D('',#19535,#15800,#15801);
#12470=AXIS2_PLACEMENT_3D('',#19536,#15802,#15803);
#12471=AXIS2_PLACEMENT_3D('',#19537,#15804,#15805);
#12472=AXIS2_PLACEMENT_3D('',#19538,#15806,#15807);
#12473=AXIS2_PLACEMENT_3D('',#19541,#15809,#15810);
#12474=AXIS2_PLACEMENT_3D('',#19542,#15811,#15812);
#12475=AXIS2_PLACEMENT_3D('',#19546,#15815,#15816);
#12476=AXIS2_PLACEMENT_3D('',#19547,#15817,#15818);
#12477=AXIS2_PLACEMENT_3D('',#19548,#15819,#15820);
#12478=AXIS2_PLACEMENT_3D('',#19551,#15822,#15823);
#12479=AXIS2_PLACEMENT_3D('',#19552,#15824,#15825);
#12480=AXIS2_PLACEMENT_3D('',#19554,#15827,#15828);
#12481=AXIS2_PLACEMENT_3D('',#19555,#15829,#15830);
#12482=AXIS2_PLACEMENT_3D('',#19556,#15831,#15832);
#12483=AXIS2_PLACEMENT_3D('',#19559,#15834,#15835);
#12484=AXIS2_PLACEMENT_3D('',#19560,#15836,#15837);
#12485=AXIS2_PLACEMENT_3D('',#19564,#15840,#15841);
#12486=AXIS2_PLACEMENT_3D('',#19565,#15842,#15843);
#12487=AXIS2_PLACEMENT_3D('',#19566,#15844,#15845);
#12488=AXIS2_PLACEMENT_3D('',#19569,#15847,#15848);
#12489=AXIS2_PLACEMENT_3D('',#19570,#15849,#15850);
#12490=AXIS2_PLACEMENT_3D('',#19572,#15852,#15853);
#12491=AXIS2_PLACEMENT_3D('',#19575,#15855,#15856);
#12492=AXIS2_PLACEMENT_3D('',#19576,#15857,#15858);
#12493=AXIS2_PLACEMENT_3D('',#19580,#15861,#15862);
#12494=AXIS2_PLACEMENT_3D('',#19583,#15864,#15865);
#12495=AXIS2_PLACEMENT_3D('',#19584,#15866,#15867);
#12496=AXIS2_PLACEMENT_3D('',#19588,#15870,#15871);
#12497=AXIS2_PLACEMENT_3D('',#19591,#15873,#15874);
#12498=AXIS2_PLACEMENT_3D('',#19592,#15875,#15876);
#12499=AXIS2_PLACEMENT_3D('',#19594,#15878,#15879);
#12500=AXIS2_PLACEMENT_3D('',#19597,#15881,#15882);
#12501=AXIS2_PLACEMENT_3D('',#19598,#15883,#15884);
#12502=AXIS2_PLACEMENT_3D('',#19601,#15886,#15887);
#12503=AXIS2_PLACEMENT_3D('',#19602,#15888,#15889);
#12504=AXIS2_PLACEMENT_3D('',#19603,#15890,#15891);
#12505=AXIS2_PLACEMENT_3D('',#19604,#15892,#15893);
#12506=AXIS2_PLACEMENT_3D('',#19606,#15894,#15895);
#12507=AXIS2_PLACEMENT_3D('',#19609,#15897,#15898);
#12508=AXIS2_PLACEMENT_3D('',#19610,#15899,#15900);
#12509=AXIS2_PLACEMENT_3D('',#19611,#15901,#15902);
#12510=AXIS2_PLACEMENT_3D('',#19612,#15903,#15904);
#12511=AXIS2_PLACEMENT_3D('',#19615,#15906,#15907);
#12512=AXIS2_PLACEMENT_3D('',#19618,#15910,#15911);
#12513=AXIS2_PLACEMENT_3D('',#19621,#15913,#15914);
#12514=AXIS2_PLACEMENT_3D('',#19625,#15916,#15917);
#12515=AXIS2_PLACEMENT_3D('',#19629,#15919,#15920);
#12516=AXIS2_PLACEMENT_3D('',#19632,#15922,#15923);
#12517=AXIS2_PLACEMENT_3D('',#19636,#15925,#15926);
#12518=AXIS2_PLACEMENT_3D('',#19640,#15928,#15929);
#12519=AXIS2_PLACEMENT_3D('',#19645,#15932,#15933);
#12520=AXIS2_PLACEMENT_3D('',#19649,#15935,#15936);
#12521=AXIS2_PLACEMENT_3D('',#19652,#15938,#15939);
#12522=AXIS2_PLACEMENT_3D('',#19656,#15941,#15942);
#12523=AXIS2_PLACEMENT_3D('',#19660,#15944,#15945);
#12524=AXIS2_PLACEMENT_3D('',#19665,#15948,#15949);
#12525=AXIS2_PLACEMENT_3D('',#19667,#15951,#15952);
#12526=AXIS2_PLACEMENT_3D('',#19669,#15954,#15955);
#12527=AXIS2_PLACEMENT_3D('',#19671,#15957,#15958);
#12528=AXIS2_PLACEMENT_3D('',#19672,#15959,#15960);
#12529=AXIS2_PLACEMENT_3D('',#19674,#15962,#15963);
#12530=AXIS2_PLACEMENT_3D('',#19676,#15965,#15966);
#12531=AXIS2_PLACEMENT_3D('',#19677,#15967,#15968);
#12532=AXIS2_PLACEMENT_3D('',#19679,#15970,#15971);
#12533=AXIS2_PLACEMENT_3D('',#19681,#15973,#15974);
#12534=AXIS2_PLACEMENT_3D('',#19683,#15976,#15977);
#12535=AXIS2_PLACEMENT_3D('',#19685,#15979,#15980);
#12536=AXIS2_PLACEMENT_3D('',#19686,#15981,#15982);
#12537=AXIS2_PLACEMENT_3D('',#19688,#15984,#15985);
#12538=AXIS2_PLACEMENT_3D('',#19690,#15987,#15988);
#12539=AXIS2_PLACEMENT_3D('',#19692,#15990,#15991);
#12540=AXIS2_PLACEMENT_3D('',#19694,#15993,#15994);
#12541=AXIS2_PLACEMENT_3D('',#19696,#15996,#15997);
#12542=AXIS2_PLACEMENT_3D('',#19697,#15998,#15999);
#12543=AXIS2_PLACEMENT_3D('',#19699,#16001,#16002);
#12544=AXIS2_PLACEMENT_3D('',#19701,#16004,#16005);
#12545=AXIS2_PLACEMENT_3D('',#19703,#16007,#16008);
#12546=AXIS2_PLACEMENT_3D('',#19705,#16010,#16011);
#12547=AXIS2_PLACEMENT_3D('',#19707,#16013,#16014);
#12548=AXIS2_PLACEMENT_3D('',#19708,#16015,#16016);
#12549=AXIS2_PLACEMENT_3D('',#19710,#16018,#16019);
#12550=AXIS2_PLACEMENT_3D('',#19712,#16021,#16022);
#12551=AXIS2_PLACEMENT_3D('',#19714,#16024,#16025);
#12552=AXIS2_PLACEMENT_3D('',#19716,#16027,#16028);
#12553=AXIS2_PLACEMENT_3D('',#19718,#16030,#16031);
#12554=AXIS2_PLACEMENT_3D('',#19719,#16032,#16033);
#12555=AXIS2_PLACEMENT_3D('',#19721,#16035,#16036);
#12556=AXIS2_PLACEMENT_3D('',#19722,#16037,#16038);
#12557=AXIS2_PLACEMENT_3D('',#19724,#16040,#16041);
#12558=AXIS2_PLACEMENT_3D('',#19725,#16042,#16043);
#12559=AXIS2_PLACEMENT_3D('',#19726,#16044,#16045);
#12560=AXIS2_PLACEMENT_3D('',#19727,#16046,#16047);
#12561=AXIS2_PLACEMENT_3D('',#19729,#16048,#16049);
#12562=AXIS2_PLACEMENT_3D('',#19731,#16051,#16052);
#12563=AXIS2_PLACEMENT_3D('',#19732,#16053,#16054);
#12564=AXIS2_PLACEMENT_3D('',#19733,#16055,#16056);
#12565=AXIS2_PLACEMENT_3D('',#19734,#16057,#16058);
#12566=AXIS2_PLACEMENT_3D('',#19735,#16059,#16060);
#12567=AXIS2_PLACEMENT_3D('',#19736,#16061,#16062);
#12568=AXIS2_PLACEMENT_3D('',#19738,#16064,#16065);
#12569=AXIS2_PLACEMENT_3D('',#19739,#16066,#16067);
#12570=AXIS2_PLACEMENT_3D('',#19740,#16068,#16069);
#12571=AXIS2_PLACEMENT_3D('',#19741,#16070,#16071);
#12572=AXIS2_PLACEMENT_3D('',#19742,#16072,#16073);
#12573=AXIS2_PLACEMENT_3D('',#19744,#16075,#16076);
#12574=AXIS2_PLACEMENT_3D('',#19745,#16077,#16078);
#12575=AXIS2_PLACEMENT_3D('',#19746,#16079,#16080);
#12576=AXIS2_PLACEMENT_3D('',#19748,#16082,#16083);
#12577=AXIS2_PLACEMENT_3D('',#19750,#16085,#16086);
#12578=DIRECTION('axis',(0.,0.,1.));
#12579=DIRECTION('refdir',(1.,0.,0.));
#12580=DIRECTION('center_axis',(0.,-1.,0.));
#12581=DIRECTION('ref_axis',(-0.707106781186548,0.,0.707106781186548));
#12582=DIRECTION('center_axis',(0.,-1.,4.44089209850062E-15));
#12583=DIRECTION('ref_axis',(0.,4.44089209850062E-15,1.));
#12584=DIRECTION('',(0.,-1.,0.));
#12585=DIRECTION('center_axis',(0.,1.,0.));
#12586=DIRECTION('ref_axis',(-1.,0.,0.));
#12587=DIRECTION('',(0.,1.,0.));
#12588=DIRECTION('center_axis',(0.,-0.727783486804645,0.685806967254251));
#12589=DIRECTION('ref_axis',(-0.923855581799225,0.262486615481702,0.278552761019123));
#12590=DIRECTION('center_axis',(0.,-1.,0.));
#12591=DIRECTION('ref_axis',(0.,0.,-1.));
#12592=DIRECTION('center_axis',(-1.11022302462517E-15,0.,-1.));
#12593=DIRECTION('ref_axis',(0.,-1.,0.));
#12594=DIRECTION('center_axis',(0.,1.,0.));
#12595=DIRECTION('ref_axis',(0.707106781186547,0.,-0.707106781186547));
#12596=DIRECTION('center_axis',(0.,-1.,0.));
#12597=DIRECTION('ref_axis',(0.707106781186548,0.,-0.707106781186548));
#12598=DIRECTION('center_axis',(0.,0.,1.));
#12599=DIRECTION('ref_axis',(-0.707106781186546,-0.707106781186549,0.));
#12600=DIRECTION('center_axis',(0.,0.,-1.));
#12601=DIRECTION('ref_axis',(0.,-1.,0.));
#12602=DIRECTION('',(0.,0.,-1.));
#12603=DIRECTION('',(0.,0.,1.));
#12604=DIRECTION('center_axis',(0.40824829046386,-0.816496580927727,-0.408248290463864));
#12605=DIRECTION('ref_axis',(-0.577350269189623,-0.577350269189627,0.577350269189627));
#12606=DIRECTION('center_axis',(-1.,0.,0.));
#12607=DIRECTION('ref_axis',(0.,-0.707106781186549,0.707106781186546));
#12608=DIRECTION('center_axis',(0.2733037231635,0.961927790899592,0.));
#12609=DIRECTION('ref_axis',(-0.961927790899592,0.2733037231635,0.));
#12610=DIRECTION('center_axis',(0.,0.,1.));
#12611=DIRECTION('ref_axis',(-0.961927790899592,0.273303723163498,0.));
#12612=DIRECTION('center_axis',(0.2733037231635,0.961927790899592,0.));
#12613=DIRECTION('ref_axis',(-0.961927790899592,0.2733037231635,0.));
#12614=DIRECTION('center_axis',(0.,0.,1.));
#12615=DIRECTION('ref_axis',(-1.,0.,0.));
#12616=DIRECTION('',(-1.,0.,0.));
#12617=DIRECTION('',(-0.000113001932868826,-0.999999993615282,0.));
#12618=DIRECTION('center_axis',(0.,0.,1.));
#12619=DIRECTION('ref_axis',(-0.707427490870372,0.706785925978191,0.));
#12620=DIRECTION('',(-0.999999479482026,-0.00102031155886383,0.));
#12621=DIRECTION('',(-0.000138947884906196,-0.999999990346743,0.));
#12622=DIRECTION('center_axis',(0.,0.,1.));
#12623=DIRECTION('ref_axis',(-0.707274046955935,0.70693947584116,0.));
#12624=DIRECTION('',(-0.999999812665027,-0.000612102859639933,0.));
#12625=DIRECTION('',(0.,-1.,0.));
#12626=DIRECTION('center_axis',(0.,0.,1.));
#12627=DIRECTION('ref_axis',(-0.707106781186547,0.707106781186548,0.));
#12628=DIRECTION('',(-1.,-5.84343308173005E-17,0.));
#12629=DIRECTION('center_axis',(0.,0.,1.));
#12630=DIRECTION('ref_axis',(0.707106781186547,0.707106781186548,0.));
#12631=DIRECTION('',(0.,1.,0.));
#12632=DIRECTION('',(-1.,6.16793276323767E-17,0.));
#12633=DIRECTION('center_axis',(0.,0.,1.));
#12634=DIRECTION('ref_axis',(0.707123752178599,0.707089809787173,0.));
#12635=DIRECTION('',(4.80017902753198E-5,0.999999998847914,0.));
#12636=DIRECTION('',(-1.,3.61383072016875E-9,0.));
#12637=DIRECTION('center_axis',(0.,0.,1.));
#12638=DIRECTION('ref_axis',(0.707150803513656,0.707062756118572,0.));
#12639=DIRECTION('',(0.000124514206197479,0.999999992248106,0.));
#12640=DIRECTION('center_axis',(0.,0.,1.));
#12641=DIRECTION('ref_axis',(0.707062757396321,-0.707150802236066,0.));
#12642=DIRECTION('',(1.,0.,0.));
#12643=DIRECTION('',(0.589221225957567,0.807971748813696,0.));
#12644=DIRECTION('center_axis',(0.,0.,1.));
#12645=DIRECTION('ref_axis',(0.509868091837043,-0.860252596000996,0.));
#12646=DIRECTION('',(0.991644500991827,0.129000711830094,0.));
#12647=DIRECTION('',(0.865805232347815,0.5003811543605,0.));
#12648=DIRECTION('center_axis',(0.,0.,1.));
#12649=DIRECTION('ref_axis',(-0.258849464781081,-0.965917674847369,0.));
#12650=DIRECTION('',(0.499564186608798,-0.866276874594889,0.));
#12651=DIRECTION('center_axis',(0.,0.,1.));
#12652=DIRECTION('ref_axis',(-0.965990093526151,-0.258579077284566,0.));
#12653=DIRECTION('',(6.31149385372292E-6,-0.999999999980082,0.));
#12654=DIRECTION('',(0.999999999980082,6.31149385199592E-6,0.));
#12655=DIRECTION('',(-6.31149385372292E-6,0.999999999980082,0.));
#12656=DIRECTION('center_axis',(0.,0.,-1.));
#12657=DIRECTION('ref_axis',(-0.965990093526152,-0.258579077284563,0.));
#12658=DIRECTION('',(-0.499564186608798,0.86627687459489,0.));
#12659=DIRECTION('center_axis',(0.,0.,-1.));
#12660=DIRECTION('ref_axis',(-0.258849464781092,-0.965917674847366,0.));
#12661=DIRECTION('',(-0.865805232347815,-0.500381154360499,0.));
#12662=DIRECTION('',(-0.991644500991827,-0.129000711830093,0.));
#12663=DIRECTION('center_axis',(0.,0.,-1.));
#12664=DIRECTION('ref_axis',(0.509868091837099,-0.860252596000962,0.));
#12665=DIRECTION('',(-0.589221225957567,-0.807971748813696,0.));
#12666=DIRECTION('',(-1.,0.,0.));
#12667=DIRECTION('center_axis',(0.,0.,-1.));
#12668=DIRECTION('ref_axis',(0.707062757396328,-0.707150802236059,0.));
#12669=DIRECTION('',(-0.000124514206197479,-0.999999992248106,0.));
#12670=DIRECTION('center_axis',(0.,0.,-1.));
#12671=DIRECTION('ref_axis',(0.707150803513635,0.707062756118593,0.));
#12672=DIRECTION('',(1.,-3.61383071100612E-9,0.));
#12673=DIRECTION('',(-4.80017902750613E-5,-0.999999998847914,0.));
#12674=DIRECTION('center_axis',(0.,0.,-1.));
#12675=DIRECTION('ref_axis',(0.707123752178604,0.707089809787168,0.));
#12676=DIRECTION('',(1.,-6.93080328277294E-17,0.));
#12677=DIRECTION('center_axis',(0.,0.,-1.));
#12678=DIRECTION('ref_axis',(0.602439140201138,0.798164821546098,0.));
#12679=DIRECTION('',(1.,5.84343308173005E-17,0.));
#12680=DIRECTION('center_axis',(0.,0.,-1.));
#12681=DIRECTION('ref_axis',(-0.600851761283804,0.799360469977188,0.));
#12682=DIRECTION('',(0.999999812665027,0.000612102859639904,0.));
#12683=DIRECTION('center_axis',(0.,0.,-1.));
#12684=DIRECTION('ref_axis',(-0.633062404552014,0.774100763429944,0.));
#12685=DIRECTION('',(0.999999479482026,0.00102031155886384,0.));
#12686=DIRECTION('center_axis',(0.,0.,-1.));
#12687=DIRECTION('ref_axis',(-0.60319063534668,0.797597052044495,0.));
#12688=DIRECTION('center_axis',(1.,0.,0.));
#12689=DIRECTION('ref_axis',(0.,-0.707106781186549,0.707106781186546));
#12690=DIRECTION('',(1.,0.,0.));
#12691=DIRECTION('center_axis',(0.98058493706453,0.196094827066274,0.));
#12692=DIRECTION('ref_axis',(0.196094827066274,-0.98058493706453,0.));
#12693=DIRECTION('center_axis',(0.,-1.,0.));
#12694=DIRECTION('ref_axis',(1.,0.,0.));
#12695=DIRECTION('',(1.,-1.12039928570667E-15,0.));
#12696=DIRECTION('',(0.,0.,1.));
#12697=DIRECTION('center_axis',(0.,0.,-1.));
#12698=DIRECTION('ref_axis',(0.707102318272367,0.70711124407256,0.));
#12699=DIRECTION('center_axis',(0.,0.,-1.));
#12700=DIRECTION('ref_axis',(-6.31149385199591E-6,0.999999999980083,0.));
#12701=DIRECTION('',(0.,0.,-1.));
#12702=DIRECTION('center_axis',(0.,0.,1.));
#12703=DIRECTION('ref_axis',(0.999999999980082,6.31149385199592E-6,0.));
#12704=DIRECTION('',(0.,0.,1.));
#12705=DIRECTION('center_axis',(0.999999999980083,6.31149385372292E-6,0.));
#12706=DIRECTION('ref_axis',(0.,0.,-1.));
#12707=DIRECTION('center_axis',(-0.999999999980083,-6.31149385372292E-6,
0.));
#12708=DIRECTION('ref_axis',(4.46290010331732E-6,-0.707106781172465,-0.707106781186546));
#12709=DIRECTION('center_axis',(0.999999999980083,6.31149385372292E-6,0.));
#12710=DIRECTION('ref_axis',(4.4629001033847E-6,-0.707106781172465,-0.707106781186546));
#12711=DIRECTION('center_axis',(0.999999999980083,6.31149385199592E-6,0.));
#12712=DIRECTION('ref_axis',(4.46290010216352E-6,-0.707106781172465,0.707106781186546));
#12713=DIRECTION('center_axis',(0.999999999980083,6.31149385199592E-6,4.16333634226141E-15));
#12714=DIRECTION('ref_axis',(-4.16333634234433E-15,0.,1.));
#12715=DIRECTION('',(0.999999999980082,6.31149385199592E-6,0.));
#12716=DIRECTION('center_axis',(-0.999999999980083,-6.31149385199592E-6,
1.11033513925575E-15));
#12717=DIRECTION('ref_axis',(6.31149385199591E-6,-0.999999999980083,0.));
#12718=DIRECTION('',(-0.999999999980082,-6.31149385199592E-6,0.));
#12719=DIRECTION('center_axis',(0.,0.,1.));
#12720=DIRECTION('ref_axis',(-0.999999999980083,-6.31149385199585E-6,0.));
#12721=DIRECTION('center_axis',(-6.31149385199592E-6,0.999999999980083,
0.));
#12722=DIRECTION('ref_axis',(-0.707106781172461,-4.4629001021635E-6,0.707106781186551));
#12723=DIRECTION('center_axis',(6.31149385199592E-6,-0.999999999980083,
0.));
#12724=DIRECTION('ref_axis',(-0.707106781172461,-4.4629001020452E-6,0.70710678118655));
#12725=DIRECTION('center_axis',(0.,0.,1.));
#12726=DIRECTION('ref_axis',(-0.707102318272355,-0.707111244072573,0.));
#12727=DIRECTION('center_axis',(0.,0.,1.));
#12728=DIRECTION('ref_axis',(-0.999999999980083,-6.31149385199592E-6,0.));
#12729=DIRECTION('',(0.,0.,1.));
#12730=DIRECTION('',(0.,0.,-1.));
#12731=DIRECTION('center_axis',(-0.999999999980083,-6.31149385372292E-6,
0.));
#12732=DIRECTION('ref_axis',(0.,0.,1.));
#12733=DIRECTION('center_axis',(-6.31149385199688E-6,0.999999999980083,
5.51814306298531E-20));
#12734=DIRECTION('ref_axis',(-0.999999999980083,-6.31149385199688E-6,0.));
#12735=DIRECTION('center_axis',(0.999999999980083,6.31149385372292E-6,0.));
#12736=DIRECTION('ref_axis',(-4.46290010331732E-6,0.707106781172465,-0.707106781186546));
#12737=DIRECTION('center_axis',(-0.999999999980083,-6.31149385372292E-6,
0.));
#12738=DIRECTION('ref_axis',(-4.4629001033847E-6,0.707106781172465,-0.707106781186546));
#12739=DIRECTION('center_axis',(-6.31149385372292E-6,0.999999999980083,
0.));
#12740=DIRECTION('ref_axis',(-0.707106781172461,-4.46290010216354E-6,0.70710678118655));
#12741=DIRECTION('center_axis',(-6.31149385199597E-6,0.999999999980083,
-1.77635351096112E-14));
#12742=DIRECTION('ref_axis',(-0.999999999980083,-6.31149385199597E-6,0.));
#12743=DIRECTION('',(-6.31149385372292E-6,0.999999999980082,0.));
#12744=DIRECTION('',(6.31149385372292E-6,-0.999999999980082,0.));
#12745=DIRECTION('center_axis',(-0.999999999980083,-6.31149385372292E-6,
0.));
#12746=DIRECTION('ref_axis',(0.,0.,1.));
#12747=DIRECTION('center_axis',(0.,0.,-1.));
#12748=DIRECTION('ref_axis',(-0.999999999980083,-6.31149385199711E-6,0.));
#12749=DIRECTION('center_axis',(0.999999999980083,6.31149385372292E-6,0.));
#12750=DIRECTION('ref_axis',(4.46290010345609E-6,-0.707106781172463,-0.707106781186548));
#12751=DIRECTION('center_axis',(-0.999999999980083,-6.31149385372292E-6,
0.));
#12752=DIRECTION('ref_axis',(4.46290010338469E-6,-0.707106781172463,-0.707106781186548));
#12753=DIRECTION('center_axis',(0.,0.,1.));
#12754=DIRECTION('ref_axis',(-0.707111244072572,0.707102318272355,0.));
#12755=DIRECTION('center_axis',(0.,0.,-1.));
#12756=DIRECTION('ref_axis',(-0.999999999980082,-6.31149385199591E-6,0.));
#12757=DIRECTION('',(0.,0.,-1.));
#12758=DIRECTION('',(0.,0.,1.));
#12759=DIRECTION('center_axis',(-0.999999999980083,-6.31149385199569E-6,
-2.77555756150761E-16));
#12760=DIRECTION('ref_axis',(-2.77555756156289E-16,0.,1.));
#12761=DIRECTION('center_axis',(6.31149385199592E-6,-0.999999999980083,
0.));
#12762=DIRECTION('ref_axis',(-0.707106781172461,-4.4629001021635E-6,0.70710678118655));
#12763=DIRECTION('center_axis',(-6.31149385199592E-6,0.999999999980083,
0.));
#12764=DIRECTION('ref_axis',(-0.707106781172461,-4.46290010225336E-6,0.70710678118655));
#12765=DIRECTION('center_axis',(0.999999999980083,6.31149385199592E-6,0.));
#12766=DIRECTION('ref_axis',(-4.46290010216344E-6,0.707106781172478,0.707106781186533));
#12767=DIRECTION('center_axis',(-0.999999999980083,-6.3114938519958E-6,
-2.22044604920609E-15));
#12768=DIRECTION('ref_axis',(-2.22044604925031E-15,0.,1.));
#12769=DIRECTION('',(-0.999999999980082,-6.31149385199592E-6,0.));
#12770=DIRECTION('center_axis',(0.999999999980083,6.31149385372292E-6,0.));
#12771=DIRECTION('ref_axis',(0.,0.,-1.));
#12772=DIRECTION('center_axis',(0.,0.,-1.));
#12773=DIRECTION('ref_axis',(0.999999999980083,6.31149385199626E-6,0.));
#12774=DIRECTION('center_axis',(-0.999999999980083,-6.31149385372292E-6,
0.));
#12775=DIRECTION('ref_axis',(-4.4629001034561E-6,0.707106781172464,-0.707106781186547));
#12776=DIRECTION('center_axis',(0.999999999980083,6.31149385372292E-6,0.));
#12777=DIRECTION('ref_axis',(-4.4629001033847E-6,0.707106781172464,-0.707106781186547));
#12778=DIRECTION('center_axis',(0.,0.,1.));
#12779=DIRECTION('ref_axis',(0.707111244072559,-0.707102318272368,0.));
#12780=DIRECTION('center_axis',(0.,0.,-1.));
#12781=DIRECTION('ref_axis',(0.999999999980083,6.31149385199591E-6,0.));
#12782=DIRECTION('',(0.,0.,-1.));
#12783=DIRECTION('',(0.,0.,1.));
#12784=DIRECTION('center_axis',(0.408250867112295,-0.408245713799161,-0.81649658092773));
#12785=DIRECTION('ref_axis',(0.577353913120794,-0.577346625235465,0.57735026918962));
#12786=DIRECTION('center_axis',(6.31149385372292E-6,-0.999999999980083,
0.));
#12787=DIRECTION('ref_axis',(0.707106781172465,4.46290009392669E-6,0.707106781186546));
#12788=DIRECTION('center_axis',(-0.816499157580236,0.408247002109162,0.408244425485085));
#12789=DIRECTION('ref_axis',(0.577346625235444,0.577353913120816,0.577350269189618));
#12790=DIRECTION('center_axis',(-6.31149385372292E-6,0.999999999980083,
0.));
#12791=DIRECTION('ref_axis',(0.707106781172465,4.46290011169026E-6,0.707106781186546));
#12792=DIRECTION('center_axis',(0.999999999980083,6.31149385372292E-6,0.));
#12793=DIRECTION('ref_axis',(-6.31149385372292E-6,0.999999999980082,0.));
#12794=DIRECTION('',(-6.31149385372292E-6,0.999999999980082,0.));
#12795=DIRECTION('',(0.,0.,1.));
#12796=DIRECTION('',(-6.31149385372292E-6,0.999999999980082,0.));
#12797=DIRECTION('',(0.,0.,-1.));
#12798=DIRECTION('',(-6.31149385208843E-6,0.999999999980082,0.));
#12799=DIRECTION('center_axis',(-6.31149385372292E-6,0.999999999980083,
0.));
#12800=DIRECTION('ref_axis',(0.707106781172465,4.46290008960278E-6,0.707106781186546));
#12801=DIRECTION('center_axis',(6.31149388752305E-6,-0.999999999980083,
0.));
#12802=DIRECTION('ref_axis',(0.999999999980082,6.31149388752305E-6,0.));
#12803=DIRECTION('center_axis',(6.31149385372292E-6,-0.999999999980083,
0.));
#12804=DIRECTION('ref_axis',(-0.707106781172465,-4.46290010216351E-6,0.707106781186546));
#12805=DIRECTION('',(6.31149385372292E-6,-0.999999999980082,0.));
#12806=DIRECTION('center_axis',(-6.31149383423232E-6,0.999999999980083,
0.));
#12807=DIRECTION('ref_axis',(-0.999999999980083,-6.31149383423232E-6,0.));
#12808=DIRECTION('center_axis',(-0.999999999980083,-6.31149385372292E-6,
0.));
#12809=DIRECTION('ref_axis',(6.31149385372292E-6,-0.999999999980082,0.));
#12810=DIRECTION('',(6.31149385372292E-6,-0.999999999980082,0.));
#12811=DIRECTION('',(0.,0.,1.));
#12812=DIRECTION('',(-6.31149385372292E-6,0.999999999980082,0.));
#12813=DIRECTION('',(0.,0.,1.));
#12814=DIRECTION('center_axis',(6.31149385372292E-6,-0.999999999980083,
0.));
#12815=DIRECTION('ref_axis',(-0.707106781172465,-4.46290010216351E-6,0.707106781186546));
#12816=DIRECTION('',(-6.31149385372292E-6,0.999999999980082,0.));
#12817=DIRECTION('center_axis',(-6.31149385421637E-6,0.999999999980083,
0.));
#12818=DIRECTION('ref_axis',(-0.999999999980083,-6.31149385421637E-6,0.));
#12819=DIRECTION('center_axis',(0.,0.,1.));
#12820=DIRECTION('ref_axis',(-1.,0.,0.));
#12821=DIRECTION('',(6.31149385372292E-6,-0.999999999980082,0.));
#12822=DIRECTION('center_axis',(0.,0.,1.));
#12823=DIRECTION('ref_axis',(-0.707109012633078,0.707104549732975,0.));
#12824=DIRECTION('',(-1.,0.,0.));
#12825=DIRECTION('',(0.,-1.,0.));
#12826=DIRECTION('',(1.,0.,0.));
#12827=DIRECTION('center_axis',(0.,0.,-1.));
#12828=DIRECTION('ref_axis',(-0.707109012633079,0.707104549732974,0.));
#12829=DIRECTION('center_axis',(-6.31149385372292E-6,0.999999999980083,
0.));
#12830=DIRECTION('ref_axis',(0.707106781172465,4.46290008960278E-6,0.707106781186546));
#12831=DIRECTION('',(-6.31149385372292E-6,0.999999999980082,0.));
#12832=DIRECTION('center_axis',(6.31149383867318E-6,-0.999999999980083,
0.));
#12833=DIRECTION('ref_axis',(0.999999999980082,6.31149383867318E-6,0.));
#12834=DIRECTION('center_axis',(0.999999999980083,6.31149385372292E-6,0.));
#12835=DIRECTION('ref_axis',(-6.31149385372292E-6,0.999999999980082,0.));
#12836=DIRECTION('',(-6.31149385372292E-6,0.999999999980082,0.));
#12837=DIRECTION('',(0.,0.,-1.));
#12838=DIRECTION('center_axis',(0.,0.,-1.));
#12839=DIRECTION('ref_axis',(0.707106781186548,-0.707106781186548,0.));
#12840=DIRECTION('center_axis',(0.,0.,-1.));
#12841=DIRECTION('ref_axis',(1.,0.,0.));
#12842=DIRECTION('',(0.,0.,-1.));
#12843=DIRECTION('center_axis',(1.11022302462516E-15,0.,1.));
#12844=DIRECTION('ref_axis',(0.,-1.,0.));
#12845=DIRECTION('',(0.,0.,1.));
#12846=DIRECTION('center_axis',(0.,-1.,0.));
#12847=DIRECTION('ref_axis',(0.,0.,-1.));
#12848=DIRECTION('center_axis',(0.,1.,0.));
#12849=DIRECTION('ref_axis',(-0.707106781186547,0.,-0.707106781186547));
#12850=DIRECTION('center_axis',(0.,-1.,0.));
#12851=DIRECTION('ref_axis',(-0.707106781186548,0.,-0.707106781186548));
#12852=DIRECTION('center_axis',(0.,-1.,0.));
#12853=DIRECTION('ref_axis',(0.,0.,-1.));
#12854=DIRECTION('center_axis',(0.,1.,0.));
#12855=DIRECTION('ref_axis',(0.707106781186548,0.,-0.707106781186548));
#12856=DIRECTION('center_axis',(1.,-4.44089209850062E-15,-4.44089209850063E-15));
#12857=DIRECTION('ref_axis',(4.44089209850062E-15,1.,-5.55111512312578E-16));
#12858=DIRECTION('center_axis',(0.,-1.,0.));
#12859=DIRECTION('ref_axis',(0.707106781186547,0.,-0.707106781186547));
#12860=DIRECTION('center_axis',(1.,0.,0.));
#12861=DIRECTION('ref_axis',(0.,0.707106781186548,0.707106781186547));
#12862=DIRECTION('center_axis',(1.,0.,-4.44089209850063E-15));
#12863=DIRECTION('ref_axis',(0.,1.,0.));
#12864=DIRECTION('',(1.,0.,0.));
#12865=DIRECTION('',(1.,0.,0.));
#12866=DIRECTION('center_axis',(0.,1.,0.));
#12867=DIRECTION('ref_axis',(0.,0.,1.));
#12868=DIRECTION('center_axis',(1.11022302462516E-15,0.,-1.));
#12869=DIRECTION('ref_axis',(0.,1.,0.));
#12870=DIRECTION('center_axis',(0.,-1.,0.));
#12871=DIRECTION('ref_axis',(-0.707106781186547,0.,-0.707106781186547));
#12872=DIRECTION('center_axis',(0.,1.,0.));
#12873=DIRECTION('ref_axis',(-0.707106781186548,0.,-0.707106781186548));
#12874=DIRECTION('center_axis',(0.,0.,-1.));
#12875=DIRECTION('ref_axis',(0.707106781186548,0.707106781186548,0.));
#12876=DIRECTION('center_axis',(0.,0.,-1.));
#12877=DIRECTION('ref_axis',(-8.88178419700124E-15,1.,0.));
#12878=DIRECTION('',(0.,0.,-1.));
#12879=DIRECTION('',(0.,0.,1.));
#12880=DIRECTION('center_axis',(0.,1.,0.));
#12881=DIRECTION('ref_axis',(0.,0.,1.));
#12882=DIRECTION('center_axis',(-1.,0.,0.));
#12883=DIRECTION('ref_axis',(0.,0.707106781186547,0.707106781186548));
#12884=DIRECTION('center_axis',(1.,0.,0.));
#12885=DIRECTION('ref_axis',(0.,0.707106781186547,0.707106781186548));
#12886=DIRECTION('center_axis',(0.,1.,0.));
#12887=DIRECTION('ref_axis',(0.707106781186549,0.,0.707106781186546));
#12888=DIRECTION('center_axis',(0.,1.,0.));
#12889=DIRECTION('ref_axis',(0.,0.,1.));
#12890=DIRECTION('',(0.,1.,0.));
#12891=DIRECTION('center_axis',(-0.408248290463863,-0.816496580927726,-0.408248290463863));
#12892=DIRECTION('ref_axis',(0.577350269189626,-0.577350269189626,0.577350269189626));
#12893=DIRECTION('center_axis',(1.,0.,0.));
#12894=DIRECTION('ref_axis',(0.,-0.707106781186549,0.707106781186546));
#12895=DIRECTION('center_axis',(0.,-1.,0.));
#12896=DIRECTION('ref_axis',(1.,0.,0.));
#12897=DIRECTION('',(1.,0.,0.));
#12898=DIRECTION('',(0.,0.,1.));
#12899=DIRECTION('',(1.,8.02156194854187E-16,0.));
#12900=DIRECTION('center_axis',(1.,0.,0.));
#12901=DIRECTION('ref_axis',(0.,-0.707106781186549,0.707106781186546));
#12902=DIRECTION('center_axis',(-1.,-3.33066907387547E-15,0.));
#12903=DIRECTION('ref_axis',(3.33066907387547E-15,-1.,0.));
#12904=DIRECTION('center_axis',(-1.,0.,0.));
#12905=DIRECTION('ref_axis',(0.,0.707106781186547,0.707106781186548));
#12906=DIRECTION('',(-1.,0.,0.));
#12907=DIRECTION('center_axis',(1.,2.22044604925031E-15,0.));
#12908=DIRECTION('ref_axis',(-2.22044604925031E-15,1.,0.));
#12909=DIRECTION('center_axis',(0.,1.,0.));
#12910=DIRECTION('ref_axis',(-1.,0.,0.));
#12911=DIRECTION('',(0.,0.,1.));
#12912=DIRECTION('',(1.,0.,0.));
#12913=DIRECTION('center_axis',(0.,1.,0.));
#12914=DIRECTION('ref_axis',(-1.,0.,0.));
#12915=DIRECTION('',(1.,0.,0.));
#12916=DIRECTION('',(0.,0.,1.));
#12917=DIRECTION('',(1.,0.,0.));
#12918=DIRECTION('',(0.,0.,-1.));
#12919=DIRECTION('center_axis',(-0.999999479482026,-0.00102031155886384,
0.));
#12920=DIRECTION('ref_axis',(-0.000721469222198621,0.707106413124759,0.707106781186547));
#12921=DIRECTION('',(-0.999999479482026,-0.00102031155886384,0.));
#12922=DIRECTION('center_axis',(0.999999479482026,0.00102031155885918,0.));
#12923=DIRECTION('ref_axis',(-0.00102031155885918,0.999999479482026,0.));
#12924=DIRECTION('center_axis',(0.,0.,1.));
#12925=DIRECTION('ref_axis',(1.,0.,0.));
#12926=DIRECTION('center_axis',(0.,0.,1.));
#12927=DIRECTION('ref_axis',(-0.60319063534668,0.797597052044495,0.));
#12928=DIRECTION('center_axis',(-0.999999812665027,-0.000612102859639904,
0.));
#12929=DIRECTION('ref_axis',(-0.000432822082830863,0.707106648720717,0.707106781186548));
#12930=DIRECTION('',(-0.999999812665027,-0.000612102859639904,0.));
#12931=DIRECTION('center_axis',(0.999999812665027,0.00061210285964286,0.));
#12932=DIRECTION('ref_axis',(-0.00061210285964286,0.999999812665027,0.));
#12933=DIRECTION('center_axis',(0.,0.,1.));
#12934=DIRECTION('ref_axis',(-0.768916008812894,0.639349803621812,0.));
#12935=DIRECTION('center_axis',(0.,0.,1.));
#12936=DIRECTION('ref_axis',(-0.633062404552014,0.774100763429944,0.));
#12937=DIRECTION('center_axis',(0.,0.,1.));
#12938=DIRECTION('ref_axis',(1.,0.,0.));
#12939=DIRECTION('center_axis',(0.,0.,1.));
#12940=DIRECTION('ref_axis',(0.602439140201138,0.798164821546098,0.));
#12941=DIRECTION('center_axis',(1.,0.,0.));
#12942=DIRECTION('ref_axis',(0.,1.,0.));
#12943=DIRECTION('center_axis',(-1.,-5.84343308173005E-17,0.));
#12944=DIRECTION('ref_axis',(0.,0.707106781186548,0.707106781186547));
#12945=DIRECTION('center_axis',(1.,0.,0.));
#12946=DIRECTION('ref_axis',(0.,1.,0.));
#12947=DIRECTION('',(-1.,-5.84343308173005E-17,0.));
#12948=DIRECTION('center_axis',(0.,0.,1.));
#12949=DIRECTION('ref_axis',(-0.729938302842585,0.683513038678332,0.));
#12950=DIRECTION('center_axis',(0.,0.,1.));
#12951=DIRECTION('ref_axis',(-0.600851761283804,0.799360469977188,0.));
#12952=DIRECTION('center_axis',(4.80017902750613E-5,0.999999998847914,0.));
#12953=DIRECTION('ref_axis',(0.707106780371909,-3.39423914132363E-5,0.707106781186539));
#12954=DIRECTION('',(4.80017902750613E-5,0.999999998847914,0.));
#12955=DIRECTION('center_axis',(-4.80017902859671E-5,-0.999999998847914,
0.));
#12956=DIRECTION('ref_axis',(0.999999998847914,-4.80017902859671E-5,0.));
#12957=DIRECTION('center_axis',(-0.707089808509464,0.707123753456246,-7.85065072346486E-16));
#12958=DIRECTION('ref_axis',(-0.707123753456246,-0.707089808509464,-7.85027391558902E-16));
#12959=DIRECTION('center_axis',(0.,0.,1.));
#12960=DIRECTION('ref_axis',(1.,0.,0.));
#12961=DIRECTION('center_axis',(1.,0.,0.));
#12962=DIRECTION('ref_axis',(0.,1.,0.));
#12963=DIRECTION('center_axis',(0.,0.,1.));
#12964=DIRECTION('ref_axis',(0.707123752178604,0.707089809787168,0.));
#12965=DIRECTION('center_axis',(-1.,6.93080328277294E-17,0.));
#12966=DIRECTION('ref_axis',(0.,0.707106781186548,0.707106781186547));
#12967=DIRECTION('',(-1.,6.93080328277294E-17,0.));
#12968=DIRECTION('center_axis',(1.,0.,0.));
#12969=DIRECTION('ref_axis',(0.,-0.707106781186546,0.707106781186549));
#12970=DIRECTION('',(1.,0.,0.));
#12971=DIRECTION('center_axis',(-1.,0.,0.));
#12972=DIRECTION('ref_axis',(0.,-1.,0.));
#12973=DIRECTION('center_axis',(0.891409340863547,0.453199058936817,0.));
#12974=DIRECTION('ref_axis',(-0.453199058936817,0.891409340863547,0.));
#12975=DIRECTION('center_axis',(0.,0.,1.));
#12976=DIRECTION('ref_axis',(1.,0.,0.));
#12977=DIRECTION('center_axis',(-0.000124514206207847,-0.999999992248106,
0.));
#12978=DIRECTION('ref_axis',(0.999999992248106,-0.000124514206207847,0.));
#12979=DIRECTION('center_axis',(0.,0.,1.));
#12980=DIRECTION('ref_axis',(0.707062757396328,-0.707150802236059,0.));
#12981=DIRECTION('center_axis',(0.000124514206197479,0.999999992248106,
0.));
#12982=DIRECTION('ref_axis',(0.707106775705128,-8.80448395573497E-5,0.70710678118655));
#12983=DIRECTION('center_axis',(-0.000124514206194527,-0.999999992248106,
0.));
#12984=DIRECTION('ref_axis',(0.999999992248106,-0.000124514206194527,0.));
#12985=DIRECTION('',(0.000124514206197479,0.999999992248106,0.));
#12986=DIRECTION('center_axis',(0.,0.,1.));
#12987=DIRECTION('ref_axis',(1.,0.,0.));
#12988=DIRECTION('center_axis',(1.,-3.61383811764426E-9,0.));
#12989=DIRECTION('ref_axis',(3.61383811764426E-9,1.,0.));
#12990=DIRECTION('center_axis',(0.,0.,1.));
#12991=DIRECTION('ref_axis',(0.707150803513635,0.707062756118593,0.));
#12992=DIRECTION('center_axis',(-1.,3.61383071100612E-9,0.));
#12993=DIRECTION('ref_axis',(2.55538199983635E-9,0.707106781186548,0.707106781186548));
#12994=DIRECTION('',(-1.,3.61383071100612E-9,0.));
#12995=DIRECTION('center_axis',(0.991644500991827,0.129000711830093,0.));
#12996=DIRECTION('ref_axis',(0.0912172781129409,-0.701198551177678,0.707106781186542));
#12997=DIRECTION('',(0.991644500991827,0.129000711830093,0.));
#12998=DIRECTION('center_axis',(-0.991644500991827,-0.129000711830089,0.));
#12999=DIRECTION('ref_axis',(0.129000711830089,-0.991644500991827,0.));
#13000=DIRECTION('center_axis',(0.94710650733927,0.320919403831569,-8.41199560976297E-15));
#13001=DIRECTION('ref_axis',(-0.320919403831569,0.94710650733927,-4.20723797293886E-14));
#13002=DIRECTION('center_axis',(0.,0.,1.));
#13003=DIRECTION('ref_axis',(1.,0.,0.));
#13004=DIRECTION('center_axis',(-0.589221225957571,-0.807971748813693,0.));
#13005=DIRECTION('ref_axis',(0.807971748813693,-0.589221225957571,0.));
#13006=DIRECTION('center_axis',(0.,0.,1.));
#13007=DIRECTION('ref_axis',(0.509868091837099,-0.860252596000962,0.));
#13008=DIRECTION('center_axis',(0.589221225957567,0.807971748813696,0.));
#13009=DIRECTION('ref_axis',(0.571322302593316,-0.416642324493637,0.707106781186555));
#13010=DIRECTION('',(0.589221225957566,0.807971748813696,0.));
#13011=DIRECTION('center_axis',(0.,0.,1.));
#13012=DIRECTION('ref_axis',(1.,0.,0.));
#13013=DIRECTION('center_axis',(-0.4995641866088,0.866276874594888,0.));
#13014=DIRECTION('ref_axis',(-0.866276874594888,-0.4995641866088,0.));
#13015=DIRECTION('center_axis',(0.,0.,1.));
#13016=DIRECTION('ref_axis',(-0.965990093526152,-0.258579077284563,0.));
#13017=DIRECTION('center_axis',(0.499564186608798,-0.86627687459489,0.));
#13018=DIRECTION('ref_axis',(-0.612550252411136,-0.353245223989024,0.707106781186546));
#13019=DIRECTION('center_axis',(-0.499564186608797,0.86627687459489,0.));
#13020=DIRECTION('ref_axis',(-0.86627687459489,-0.499564186608797,0.));
#13021=DIRECTION('',(0.499564186608798,-0.86627687459489,0.));
#13022=DIRECTION('center_axis',(0.,0.,1.));
#13023=DIRECTION('ref_axis',(1.,0.,0.));
#13024=DIRECTION('center_axis',(-0.865805232347813,-0.500381154360503,0.));
#13025=DIRECTION('ref_axis',(0.500381154360503,-0.865805232347813,0.));
#13026=DIRECTION('center_axis',(0.,0.,1.));
#13027=DIRECTION('ref_axis',(-0.258849464781092,-0.965917674847366,0.));
#13028=DIRECTION('center_axis',(0.865805232347815,0.500381154360499,0.));
#13029=DIRECTION('ref_axis',(0.353822907426269,-0.612216750979925,0.707106781186552));
#13030=DIRECTION('',(0.865805232347815,0.500381154360499,0.));
#13031=DIRECTION('center_axis',(0.,0.,1.));
#13032=DIRECTION('ref_axis',(-0.00102031155887866,0.999999479482026,0.));
#13033=DIRECTION('',(0.,0.,1.));
#13034=DIRECTION('center_axis',(0.,0.,-1.));
#13035=DIRECTION('ref_axis',(-0.00102031155887866,0.999999479482026,0.));
#13036=DIRECTION('',(0.,0.,-1.));
#13037=DIRECTION('center_axis',(0.,0.,-1.));
#13038=DIRECTION('ref_axis',(-0.00102031155887866,0.999999479482026,0.));
#13039=DIRECTION('',(0.,0.,1.));
#13040=DIRECTION('center_axis',(-0.00102031155886384,0.999999479482026,
0.));
#13041=DIRECTION('ref_axis',(-0.999999479482026,-0.00102031155886384,0.));
#13042=DIRECTION('',(0.,0.,1.));
#13043=DIRECTION('',(0.999999479482026,0.00102031155886384,0.));
#13044=DIRECTION('center_axis',(0.,0.,1.));
#13045=DIRECTION('ref_axis',(-0.000612102859612778,0.999999812665027,0.));
#13046=DIRECTION('',(0.,0.,1.));
#13047=DIRECTION('center_axis',(0.,0.,-1.));
#13048=DIRECTION('ref_axis',(-0.000612102859612778,0.999999812665027,0.));
#13049=DIRECTION('center_axis',(-0.000612102859639904,0.999999812665027,
0.));
#13050=DIRECTION('ref_axis',(-0.999999812665027,-0.000612102859639904,0.));
#13051=DIRECTION('',(0.,0.,1.));
#13052=DIRECTION('',(0.999999812665027,0.000612102859639904,0.));
#13053=DIRECTION('center_axis',(0.,0.,1.));
#13054=DIRECTION('ref_axis',(0.,1.,0.));
#13055=DIRECTION('',(0.,0.,1.));
#13056=DIRECTION('center_axis',(0.,0.,-1.));
#13057=DIRECTION('ref_axis',(0.,1.,0.));
#13058=DIRECTION('center_axis',(-5.84343308173005E-17,1.,0.));
#13059=DIRECTION('ref_axis',(-1.,-5.84343308173005E-17,0.));
#13060=DIRECTION('',(0.,0.,1.));
#13061=DIRECTION('',(1.,5.84343308173005E-17,0.));
#13062=DIRECTION('center_axis',(0.,0.,1.));
#13063=DIRECTION('ref_axis',(0.961691457662051,0.274134164707429,0.));
#13064=DIRECTION('',(0.,0.,1.));
#13065=DIRECTION('center_axis',(0.,0.,-1.));
#13066=DIRECTION('ref_axis',(0.961691457662051,0.274134164707429,0.));
#13067=DIRECTION('center_axis',(6.93080328277294E-17,1.,0.));
#13068=DIRECTION('ref_axis',(-1.,6.93080328277294E-17,0.));
#13069=DIRECTION('',(0.,0.,1.));
#13070=DIRECTION('',(1.,-6.93080328277294E-17,0.));
#13071=DIRECTION('center_axis',(0.,0.,1.));
#13072=DIRECTION('ref_axis',(0.999999998847914,-4.80017902981803E-5,0.));
#13073=DIRECTION('',(0.,0.,1.));
#13074=DIRECTION('center_axis',(0.,0.,-1.));
#13075=DIRECTION('ref_axis',(0.999999998847914,-4.80017902981803E-5,0.));
#13076=DIRECTION('center_axis',(0.999999998847914,-4.80017902750613E-5,
0.));
#13077=DIRECTION('ref_axis',(4.80017902750613E-5,0.999999998847914,0.));
#13078=DIRECTION('',(0.,0.,1.));
#13079=DIRECTION('',(-4.80017902750613E-5,-0.999999998847914,0.));
#13080=DIRECTION('center_axis',(3.61383071100612E-9,1.,0.));
#13081=DIRECTION('ref_axis',(-1.,3.61383071100612E-9,0.));
#13082=DIRECTION('',(0.,0.,1.));
#13083=DIRECTION('',(1.,-3.61383071100612E-9,0.));
#13084=DIRECTION('center_axis',(0.,0.,1.));
#13085=DIRECTION('ref_axis',(0.999999992248106,-0.00012451420612347,0.));
#13086=DIRECTION('',(0.,0.,1.));
#13087=DIRECTION('center_axis',(0.,0.,-1.));
#13088=DIRECTION('ref_axis',(0.999999992248106,-0.00012451420612347,0.));
#13089=DIRECTION('center_axis',(0.999999992248106,-0.000124514206197479,
0.));
#13090=DIRECTION('ref_axis',(0.000124514206197479,0.999999992248106,0.));
#13091=DIRECTION('',(0.,0.,1.));
#13092=DIRECTION('',(-0.000124514206197479,-0.999999992248106,0.));
#13093=DIRECTION('center_axis',(0.,0.,1.));
#13094=DIRECTION('ref_axis',(0.,-1.,0.));
#13095=DIRECTION('',(0.,0.,1.));
#13096=DIRECTION('center_axis',(0.,0.,-1.));
#13097=DIRECTION('ref_axis',(0.,-1.,0.));
#13098=DIRECTION('center_axis',(0.,-1.,0.));
#13099=DIRECTION('ref_axis',(1.,0.,0.));
#13100=DIRECTION('',(0.,0.,1.));
#13101=DIRECTION('',(-1.,0.,0.));
#13102=DIRECTION('center_axis',(0.807971748813696,-0.589221225957567,0.));
#13103=DIRECTION('ref_axis',(0.589221225957567,0.807971748813696,0.));
#13104=DIRECTION('',(0.,0.,1.));
#13105=DIRECTION('',(-0.589221225957566,-0.807971748813696,0.));
#13106=DIRECTION('center_axis',(0.,0.,1.));
#13107=DIRECTION('ref_axis',(0.12900071183024,-0.991644500991808,0.));
#13108=DIRECTION('',(0.,0.,1.));
#13109=DIRECTION('center_axis',(0.,0.,-1.));
#13110=DIRECTION('ref_axis',(0.12900071183024,-0.991644500991808,0.));
#13111=DIRECTION('center_axis',(0.129000711830093,-0.991644500991827,0.));
#13112=DIRECTION('ref_axis',(0.991644500991827,0.129000711830093,0.));
#13113=DIRECTION('',(0.,0.,1.));
#13114=DIRECTION('',(-0.991644500991827,-0.129000711830093,0.));
#13115=DIRECTION('',(0.,0.,1.));
#13116=DIRECTION('',(-0.991644500991827,-0.129000711830093,0.));
#13117=DIRECTION('center_axis',(0.500381154360499,-0.865805232347815,0.));
#13118=DIRECTION('ref_axis',(0.865805232347815,0.500381154360499,0.));
#13119=DIRECTION('',(0.,0.,1.));
#13120=DIRECTION('',(-0.865805232347815,-0.500381154360499,0.));
#13121=DIRECTION('center_axis',(0.,0.,1.));
#13122=DIRECTION('ref_axis',(-0.866276874594881,-0.499564186608814,0.));
#13123=DIRECTION('',(0.,0.,1.));
#13124=DIRECTION('center_axis',(0.,0.,-1.));
#13125=DIRECTION('ref_axis',(-0.866276874594881,-0.499564186608814,0.));
#13126=DIRECTION('',(0.,0.,-1.));
#13127=DIRECTION('center_axis',(0.,0.,-1.));
#13128=DIRECTION('ref_axis',(-0.866276874594881,-0.499564186608814,0.));
#13129=DIRECTION('center_axis',(-0.86627687459489,-0.499564186608798,0.));
#13130=DIRECTION('ref_axis',(0.499564186608798,-0.86627687459489,0.));
#13131=DIRECTION('',(0.,0.,1.));
#13132=DIRECTION('',(-0.499564186608798,0.86627687459489,0.));
#13133=DIRECTION('center_axis',(0.,0.,1.));
#13134=DIRECTION('ref_axis',(-0.999999999980083,-6.31149387663568E-6,0.));
#13135=DIRECTION('center_axis',(0.,0.,-1.));
#13136=DIRECTION('ref_axis',(-0.999999999980082,-6.31149387663568E-6,0.));
#13137=DIRECTION('center_axis',(6.31149385199592E-6,-0.999999999980083,
0.));
#13138=DIRECTION('ref_axis',(0.,0.,-1.));
#13139=DIRECTION('',(0.999999999980082,6.31149385199592E-6,0.));
#13140=DIRECTION('center_axis',(0.,0.,1.));
#13141=DIRECTION('ref_axis',(-0.70710901263308,0.707104549732974,0.));
#13142=DIRECTION('center_axis',(0.,0.,1.));
#13143=DIRECTION('ref_axis',(-0.707109012633079,0.707104549732974,0.));
#13144=DIRECTION('center_axis',(0.,0.,1.));
#13145=DIRECTION('ref_axis',(-3.76043282534327E-15,1.,0.));
#13146=DIRECTION('center_axis',(0.,0.,-1.));
#13147=DIRECTION('ref_axis',(-3.76043282534327E-15,1.,0.));
#13148=DIRECTION('center_axis',(-1.,0.,0.));
#13149=DIRECTION('ref_axis',(0.,1.,0.));
#13150=DIRECTION('',(0.,-1.,0.));
#13151=DIRECTION('center_axis',(0.,0.,-1.));
#13152=DIRECTION('ref_axis',(-1.,0.,0.));
#13153=DIRECTION('center_axis',(0.,0.,-1.));
#13154=DIRECTION('ref_axis',(-0.707109012633078,0.707104549732975,0.));
#13155=DIRECTION('center_axis',(0.88510719292942,0.465387211926373,-8.67254405868387E-15));
#13156=DIRECTION('ref_axis',(-0.465387211926373,0.88510719292942,0.));
#13157=DIRECTION('center_axis',(-0.985698214587711,-0.168520116777196,0.));
#13158=DIRECTION('ref_axis',(-0.168520116777196,0.985698214587711,0.));
#13159=DIRECTION('center_axis',(0.,0.,1.));
#13160=DIRECTION('ref_axis',(-0.129000711830089,0.991644500991827,0.));
#13161=DIRECTION('center_axis',(0.667932940132441,0.744221464005193,-1.05097160531587E-14));
#13162=DIRECTION('ref_axis',(-0.744221464005193,0.667932940132441,0.));
#13163=DIRECTION('center_axis',(-0.994870183619247,-0.101159862323974,0.));
#13164=DIRECTION('ref_axis',(-0.101159862323974,0.994870183619247,0.));
#13165=DIRECTION('center_axis',(0.,0.,1.));
#13166=DIRECTION('ref_axis',(0.,1.,0.));
#13167=DIRECTION('center_axis',(-0.980578864666263,0.196125190044072,-1.13226204881875E-14));
#13168=DIRECTION('ref_axis',(-0.196125190044072,-0.980578864666263,0.));
#13169=DIRECTION('center_axis',(0.196078116733429,-0.980588278605385,1.13207808126639E-14));
#13170=DIRECTION('ref_axis',(-0.980588278605385,-0.196078116733429,0.));
#13171=DIRECTION('center_axis',(0.,0.,1.));
#13172=DIRECTION('ref_axis',(-0.999999998847914,4.80017902815305E-5,0.));
#13173=DIRECTION('center_axis',(-0.980580675690921,0.19611613513818,-1.08866324365453E-15));
#13174=DIRECTION('ref_axis',(-0.19611613513818,-0.980580675690921,0.));
#13175=DIRECTION('center_axis',(0.196116135138186,-0.98058067569092,0.));
#13176=DIRECTION('ref_axis',(-0.98058067569092,-0.196116135138186,0.));
#13177=DIRECTION('center_axis',(0.,0.,1.));
#13178=DIRECTION('ref_axis',(-1.,-4.16333634234424E-15,0.));
#13179=DIRECTION('center_axis',(-0.196000740170787,-0.980603747623118,4.3547554345796E-15));
#13180=DIRECTION('ref_axis',(0.980603747623118,-0.196000740170788,0.));
#13181=DIRECTION('center_axis',(0.980483591308193,0.19660093381108,1.74168873334003E-14));
#13182=DIRECTION('ref_axis',(0.19660093381108,-0.980483591308193,0.));
#13183=DIRECTION('center_axis',(0.,0.,1.));
#13184=DIRECTION('ref_axis',(0.000612102859642852,-0.999999812665027,0.));
#13185=DIRECTION('center_axis',(-0.19603389563532,-0.980597120004969,8.70945200408507E-15));
#13186=DIRECTION('ref_axis',(0.980597120004969,-0.19603389563532,0.));
#13187=DIRECTION('center_axis',(0.980423961973253,0.196898082237157,4.37201568808457E-16));
#13188=DIRECTION('ref_axis',(0.196898082237157,-0.980423961973253,0.));
#13189=DIRECTION('center_axis',(0.,0.,1.));
#13190=DIRECTION('ref_axis',(0.0010203115588636,-0.999999479482026,0.));
#13191=DIRECTION('center_axis',(-0.196205633807487,-0.980562771709289,4.35457346496765E-15));
#13192=DIRECTION('ref_axis',(0.980562771709288,-0.196205633807487,0.));
#13193=DIRECTION('center_axis',(0.,0.,1.));
#13194=DIRECTION('ref_axis',(0.,-1.,0.));
#13195=DIRECTION('center_axis',(0.000113001932868826,0.999999993615282,
0.));
#13196=DIRECTION('ref_axis',(0.707106776671874,-7.99044330124234E-5,0.707106781186543));
#13197=DIRECTION('',(0.000113001932868826,0.999999993615282,0.));
#13198=DIRECTION('center_axis',(-0.000113001932864344,-0.999999993615282,
0.));
#13199=DIRECTION('ref_axis',(0.999999993615282,-0.000113001932864344,0.));
#13200=DIRECTION('center_axis',(0.,0.,-1.));
#13201=DIRECTION('ref_axis',(-1.,0.,0.));
#13202=DIRECTION('center_axis',(-0.999999479482026,-0.00102031155886806,
0.));
#13203=DIRECTION('ref_axis',(0.00102031155886806,-0.999999479482026,0.));
#13204=DIRECTION('center_axis',(0.,0.,-1.));
#13205=DIRECTION('ref_axis',(-0.707427490870372,0.706785925978191,0.));
#13206=DIRECTION('center_axis',(0.999999479482026,0.00102031155886383,0.));
#13207=DIRECTION('ref_axis',(0.000721469222198626,-0.707106413124756,0.70710678118655));
#13208=DIRECTION('',(0.999999479482026,0.00102031155886383,0.));
#13209=DIRECTION('center_axis',(0.000138947884906196,0.999999990346743,
0.));
#13210=DIRECTION('ref_axis',(0.707106774360671,-9.82509916538072E-5,0.707106781186541));
#13211=DIRECTION('',(0.000138947884906196,0.999999990346743,0.));
#13212=DIRECTION('center_axis',(-0.000138947884904539,-0.999999990346743,
0.));
#13213=DIRECTION('ref_axis',(0.999999990346743,-0.000138947884904539,0.));
#13214=DIRECTION('center_axis',(0.,0.,-1.));
#13215=DIRECTION('ref_axis',(-1.,0.,0.));
#13216=DIRECTION('center_axis',(-0.999999812665027,-0.000612102859616215,
0.));
#13217=DIRECTION('ref_axis',(0.000612102859616215,-0.999999812665027,0.));
#13218=DIRECTION('center_axis',(0.,0.,-1.));
#13219=DIRECTION('ref_axis',(-0.707274046955935,0.70693947584116,0.));
#13220=DIRECTION('center_axis',(0.999999812665027,0.000612102859639934,
0.));
#13221=DIRECTION('ref_axis',(0.000432822082830865,-0.707106648720718,0.707106781186547));
#13222=DIRECTION('',(0.999999812665027,0.000612102859639933,0.));
#13223=DIRECTION('center_axis',(0.,1.,0.));
#13224=DIRECTION('ref_axis',(0.707106781186541,0.,0.707106781186554));
#13225=DIRECTION('',(0.,1.,0.));
#13226=DIRECTION('center_axis',(3.33066907387548E-15,-1.,0.));
#13227=DIRECTION('ref_axis',(1.,3.33066907387548E-15,0.));
#13228=DIRECTION('center_axis',(0.,0.,-1.));
#13229=DIRECTION('ref_axis',(-1.,0.,0.));
#13230=DIRECTION('center_axis',(-1.,0.,0.));
#13231=DIRECTION('ref_axis',(0.,-1.,0.));
#13232=DIRECTION('center_axis',(0.,0.,-1.));
#13233=DIRECTION('ref_axis',(-0.707106781186547,0.707106781186548,0.));
#13234=DIRECTION('center_axis',(1.,5.84343308173005E-17,0.));
#13235=DIRECTION('ref_axis',(0.,-0.707106781186548,0.707106781186548));
#13236=DIRECTION('center_axis',(-1.,0.,0.));
#13237=DIRECTION('ref_axis',(0.,-1.,0.));
#13238=DIRECTION('',(1.,5.84343308173005E-17,0.));
#13239=DIRECTION('center_axis',(0.,0.,-1.));
#13240=DIRECTION('ref_axis',(-1.,0.,0.));
#13241=DIRECTION('center_axis',(-1.66533453693771E-14,1.,0.));
#13242=DIRECTION('ref_axis',(-1.,-1.66533453693771E-14,0.));
#13243=DIRECTION('center_axis',(0.,0.,-1.));
#13244=DIRECTION('ref_axis',(0.707106781186547,0.707106781186548,0.));
#13245=DIRECTION('center_axis',(0.,-1.,0.));
#13246=DIRECTION('ref_axis',(-0.707106781186554,0.,0.707106781186541));
#13247=DIRECTION('',(0.,-1.,0.));
#13248=DIRECTION('center_axis',(1.,-6.16793276323767E-17,0.));
#13249=DIRECTION('ref_axis',(0.,-0.707106781186549,0.707106781186546));
#13250=DIRECTION('',(1.,-6.16793276323767E-17,0.));
#13251=DIRECTION('center_axis',(-1.,0.,0.));
#13252=DIRECTION('ref_axis',(0.,-1.,0.));
#13253=DIRECTION('center_axis',(0.,0.,-1.));
#13254=DIRECTION('ref_axis',(0.707123752178604,0.707089809787167,0.));
#13255=DIRECTION('center_axis',(4.80017902981804E-5,0.999999998847914,0.));
#13256=DIRECTION('ref_axis',(-0.999999998847914,4.80017902981804E-5,0.));
#13257=DIRECTION('center_axis',(0.,0.,-1.));
#13258=DIRECTION('ref_axis',(0.707123752178599,0.707089809787173,0.));
#13259=DIRECTION('center_axis',(-4.80017902753198E-5,-0.999999998847914,
0.));
#13260=DIRECTION('ref_axis',(-0.707106780371885,3.39423914132376E-5,0.707106781186562));
#13261=DIRECTION('',(-4.80017902753198E-5,-0.999999998847914,0.));
#13262=DIRECTION('center_axis',(1.,-3.61383072016875E-9,0.));
#13263=DIRECTION('ref_axis',(-2.55535687835702E-9,-0.707106781186551,0.707106781186544));
#13264=DIRECTION('',(1.,-3.61383072016875E-9,0.));
#13265=DIRECTION('center_axis',(-1.,3.61382035407583E-9,0.));
#13266=DIRECTION('ref_axis',(-3.61382035407583E-9,-1.,0.));
#13267=DIRECTION('center_axis',(0.,0.,-1.));
#13268=DIRECTION('ref_axis',(0.707150803513635,0.707062756118593,0.));
#13269=DIRECTION('center_axis',(0.000124514206123472,0.999999992248106,
0.));
#13270=DIRECTION('ref_axis',(-0.999999992248106,0.000124514206123472,0.));
#13271=DIRECTION('center_axis',(0.,0.,-1.));
#13272=DIRECTION('ref_axis',(0.707150803513656,0.707062756118572,0.));
#13273=DIRECTION('center_axis',(-0.000124514206197479,-0.999999992248106,
0.));
#13274=DIRECTION('ref_axis',(-0.707106775705117,8.80448395573515E-5,0.707106781186561));
#13275=DIRECTION('center_axis',(0.000124514206198968,0.999999992248106,
0.));
#13276=DIRECTION('ref_axis',(-0.999999992248106,0.000124514206198968,0.));
#13277=DIRECTION('',(-0.000124514206197479,-0.999999992248106,0.));
#13278=DIRECTION('center_axis',(0.,0.,-1.));
#13279=DIRECTION('ref_axis',(-1.,0.,0.));
#13280=DIRECTION('center_axis',(1.,0.,0.));
#13281=DIRECTION('ref_axis',(0.,1.,0.));
#13282=DIRECTION('center_axis',(0.,0.,-1.));
#13283=DIRECTION('ref_axis',(0.707062757396321,-0.707150802236066,0.));
#13284=DIRECTION('center_axis',(-1.,0.,0.));
#13285=DIRECTION('ref_axis',(0.,0.707106781186554,0.707106781186541));
#13286=DIRECTION('',(-1.,0.,0.));
#13287=DIRECTION('center_axis',(-0.589221225957567,-0.807971748813696,0.));
#13288=DIRECTION('ref_axis',(-0.571322302593314,0.416642324493648,0.70710678118655));
#13289=DIRECTION('',(-0.589221225957567,-0.807971748813696,0.));
#13290=DIRECTION('center_axis',(0.589221225957578,0.807971748813688,0.));
#13291=DIRECTION('ref_axis',(-0.807971748813688,0.589221225957578,0.));
#13292=DIRECTION('center_axis',(0.,0.,-1.));
#13293=DIRECTION('ref_axis',(-1.,0.,0.));
#13294=DIRECTION('center_axis',(0.991644500991808,0.12900071183024,0.));
#13295=DIRECTION('ref_axis',(-0.12900071183024,0.991644500991808,0.));
#13296=DIRECTION('center_axis',(0.,0.,-1.));
#13297=DIRECTION('ref_axis',(0.509868091837043,-0.860252596000996,0.));
#13298=DIRECTION('center_axis',(-0.991644500991827,-0.129000711830094,0.));
#13299=DIRECTION('ref_axis',(-0.0912172781129676,0.701198551177665,0.707106781186551));
#13300=DIRECTION('',(-0.991644500991827,-0.129000711830094,0.));
#13301=DIRECTION('center_axis',(-0.865805232347815,-0.5003811543605,0.));
#13302=DIRECTION('ref_axis',(-0.353822907426254,0.612216750979944,0.707106781186543));
#13303=DIRECTION('',(-0.865805232347815,-0.5003811543605,0.));
#13304=DIRECTION('center_axis',(0.865805232347818,0.500381154360495,0.));
#13305=DIRECTION('ref_axis',(-0.500381154360495,0.865805232347818,0.));
#13306=DIRECTION('center_axis',(0.,0.,-1.));
#13307=DIRECTION('ref_axis',(-1.,0.,0.));
#13308=DIRECTION('center_axis',(0.499564186608831,-0.866276874594871,0.));
#13309=DIRECTION('ref_axis',(0.866276874594871,0.499564186608831,0.));
#13310=DIRECTION('center_axis',(0.,0.,-1.));
#13311=DIRECTION('ref_axis',(-0.258849464781081,-0.965917674847369,0.));
#13312=DIRECTION('center_axis',(-0.499564186608798,0.866276874594889,0.));
#13313=DIRECTION('ref_axis',(0.612550252411135,0.353245223989005,0.707106781186556));
#13314=DIRECTION('center_axis',(0.499564186608807,-0.866276874594885,0.));
#13315=DIRECTION('ref_axis',(0.866276874594885,0.499564186608807,0.));
#13316=DIRECTION('',(-0.499564186608798,0.866276874594889,0.));
#13317=DIRECTION('center_axis',(0.,0.,-1.));
#13318=DIRECTION('ref_axis',(-1.,0.,0.));
#13319=DIRECTION('center_axis',(0.,0.,-1.));
#13320=DIRECTION('ref_axis',(-0.965990093526151,-0.258579077284566,0.));
#13321=DIRECTION('center_axis',(0.,0.,1.));
#13322=DIRECTION('ref_axis',(-0.866276874594882,-0.499564186608812,0.));
#13323=DIRECTION('',(0.,0.,1.));
#13324=DIRECTION('center_axis',(0.,0.,-1.));
#13325=DIRECTION('ref_axis',(-0.866276874594882,-0.499564186608812,0.));
#13326=DIRECTION('',(0.,0.,1.));
#13327=DIRECTION('center_axis',(-0.5003811543605,0.865805232347815,0.));
#13328=DIRECTION('ref_axis',(-0.865805232347815,-0.5003811543605,0.));
#13329=DIRECTION('',(0.,0.,1.));
#13330=DIRECTION('',(-0.865805232347815,-0.5003811543605,0.));
#13331=DIRECTION('center_axis',(0.,0.,1.));
#13332=DIRECTION('ref_axis',(-0.129000711829963,0.991644500991844,0.));
#13333=DIRECTION('',(0.,0.,1.));
#13334=DIRECTION('center_axis',(0.,0.,1.));
#13335=DIRECTION('ref_axis',(-0.129000711829963,0.991644500991844,0.));
#13336=DIRECTION('center_axis',(-0.129000711830094,0.991644500991827,0.));
#13337=DIRECTION('ref_axis',(-0.991644500991827,-0.129000711830094,0.));
#13338=DIRECTION('',(0.,0.,1.));
#13339=DIRECTION('',(-0.991644500991827,-0.129000711830094,0.));
#13340=DIRECTION('center_axis',(0.,0.,1.));
#13341=DIRECTION('ref_axis',(0.12900071183024,-0.991644500991808,0.));
#13342=DIRECTION('',(0.,0.,1.));
#13343=DIRECTION('center_axis',(0.,0.,-1.));
#13344=DIRECTION('ref_axis',(0.12900071183024,-0.991644500991808,0.));
#13345=DIRECTION('center_axis',(-0.807971748813696,0.589221225957567,0.));
#13346=DIRECTION('ref_axis',(-0.589221225957567,-0.807971748813696,0.));
#13347=DIRECTION('',(0.,0.,1.));
#13348=DIRECTION('',(-0.589221225957567,-0.807971748813696,0.));
#13349=DIRECTION('center_axis',(0.,0.,1.));
#13350=DIRECTION('ref_axis',(0.,1.,0.));
#13351=DIRECTION('',(0.,0.,1.));
#13352=DIRECTION('center_axis',(0.,0.,1.));
#13353=DIRECTION('ref_axis',(0.,1.,0.));
#13354=DIRECTION('center_axis',(0.,1.,0.));
#13355=DIRECTION('ref_axis',(-1.,0.,0.));
#13356=DIRECTION('',(0.,0.,1.));
#13357=DIRECTION('',(-1.,0.,0.));
#13358=DIRECTION('center_axis',(0.,0.,1.));
#13359=DIRECTION('ref_axis',(0.,-1.,0.));
#13360=DIRECTION('',(0.,0.,1.));
#13361=DIRECTION('center_axis',(0.,0.,-1.));
#13362=DIRECTION('ref_axis',(0.,-1.,0.));
#13363=DIRECTION('center_axis',(-0.999999992248106,0.000124514206197479,
0.));
#13364=DIRECTION('ref_axis',(-0.000124514206197479,-0.999999992248106,0.));
#13365=DIRECTION('',(0.,0.,1.));
#13366=DIRECTION('',(-0.000124514206197479,-0.999999992248106,0.));
#13367=DIRECTION('',(0.,0.,-1.));
#13368=DIRECTION('',(-0.000124514206197479,-0.999999992248106,0.));
#13369=DIRECTION('',(0.,0.,-1.));
#13370=DIRECTION('',(-0.000124514206197479,-0.999999992248106,0.));
#13371=DIRECTION('center_axis',(0.,0.,1.));
#13372=DIRECTION('ref_axis',(0.999999992248106,-0.000124514206123464,0.));
#13373=DIRECTION('',(0.,0.,1.));
#13374=DIRECTION('center_axis',(0.,0.,-1.));
#13375=DIRECTION('ref_axis',(0.999999992248106,-0.000124514206123464,0.));
#13376=DIRECTION('center_axis',(-3.61383072016875E-9,-1.,0.));
#13377=DIRECTION('ref_axis',(1.,-3.61383072016875E-9,0.));
#13378=DIRECTION('',(0.,0.,1.));
#13379=DIRECTION('',(1.,-3.61383072016875E-9,0.));
#13380=DIRECTION('center_axis',(0.,0.,1.));
#13381=DIRECTION('ref_axis',(-0.999999998847914,4.80017903287128E-5,0.));
#13382=DIRECTION('',(0.,0.,1.));
#13383=DIRECTION('center_axis',(0.,0.,1.));
#13384=DIRECTION('ref_axis',(-0.999999998847914,4.80017903287128E-5,0.));
#13385=DIRECTION('center_axis',(-0.999999998847914,4.80017902753198E-5,
0.));
#13386=DIRECTION('ref_axis',(-4.80017902753198E-5,-0.999999998847914,0.));
#13387=DIRECTION('',(0.,0.,1.));
#13388=DIRECTION('',(-4.80017902753198E-5,-0.999999998847914,0.));
#13389=DIRECTION('center_axis',(0.,0.,1.));
#13390=DIRECTION('ref_axis',(0.999999998847914,-4.8001790298181E-5,0.));
#13391=DIRECTION('',(0.,0.,1.));
#13392=DIRECTION('center_axis',(0.,0.,-1.));
#13393=DIRECTION('ref_axis',(0.999999998847914,-4.8001790298181E-5,0.));
#13394=DIRECTION('center_axis',(-6.16793276323767E-17,-1.,0.));
#13395=DIRECTION('ref_axis',(1.,-6.16793276323767E-17,0.));
#13396=DIRECTION('',(0.,0.,1.));
#13397=DIRECTION('',(1.,-6.16793276323767E-17,0.));
#13398=DIRECTION('center_axis',(0.,0.,1.));
#13399=DIRECTION('ref_axis',(-1.,-2.08166817117212E-14,0.));
#13400=DIRECTION('',(0.,0.,1.));
#13401=DIRECTION('center_axis',(0.,0.,1.));
#13402=DIRECTION('ref_axis',(-1.,-2.08166817117212E-14,0.));
#13403=DIRECTION('center_axis',(-1.,0.,0.));
#13404=DIRECTION('ref_axis',(0.,-1.,0.));
#13405=DIRECTION('',(0.,0.,1.));
#13406=DIRECTION('',(0.,-1.,0.));
#13407=DIRECTION('center_axis',(0.,0.,1.));
#13408=DIRECTION('ref_axis',(1.,1.66533453693772E-14,0.));
#13409=DIRECTION('',(0.,0.,1.));
#13410=DIRECTION('center_axis',(0.,0.,-1.));
#13411=DIRECTION('ref_axis',(1.,1.66533453693772E-14,0.));
#13412=DIRECTION('center_axis',(5.84343308173005E-17,-1.,0.));
#13413=DIRECTION('ref_axis',(1.,5.84343308173005E-17,0.));
#13414=DIRECTION('',(0.,0.,1.));
#13415=DIRECTION('',(1.,5.84343308173005E-17,0.));
#13416=DIRECTION('center_axis',(0.,0.,1.));
#13417=DIRECTION('ref_axis',(0.,1.,0.));
#13418=DIRECTION('',(0.,0.,1.));
#13419=DIRECTION('center_axis',(0.,0.,-1.));
#13420=DIRECTION('ref_axis',(0.,1.,0.));
#13421=DIRECTION('center_axis',(1.,0.,0.));
#13422=DIRECTION('ref_axis',(0.,1.,0.));
#13423=DIRECTION('',(0.,0.,1.));
#13424=DIRECTION('',(0.,1.,0.));
#13425=DIRECTION('center_axis',(0.,0.,1.));
#13426=DIRECTION('ref_axis',(0.000612102859687261,-0.999999812665027,0.));
#13427=DIRECTION('',(0.,0.,1.));
#13428=DIRECTION('center_axis',(0.,0.,1.));
#13429=DIRECTION('ref_axis',(0.000612102859687261,-0.999999812665027,0.));
#13430=DIRECTION('center_axis',(0.000612102859639934,-0.999999812665027,
0.));
#13431=DIRECTION('ref_axis',(0.999999812665027,0.000612102859639933,0.));
#13432=DIRECTION('',(0.,0.,1.));
#13433=DIRECTION('',(0.999999812665027,0.000612102859639933,0.));
#13434=DIRECTION('center_axis',(0.,0.,1.));
#13435=DIRECTION('ref_axis',(-0.000612102859613264,0.999999812665027,0.));
#13436=DIRECTION('',(0.,0.,1.));
#13437=DIRECTION('center_axis',(0.,0.,-1.));
#13438=DIRECTION('ref_axis',(-0.000612102859613264,0.999999812665027,0.));
#13439=DIRECTION('center_axis',(0.999999990346743,-0.000138947884906196,
0.));
#13440=DIRECTION('ref_axis',(0.000138947884906196,0.999999990346743,0.));
#13441=DIRECTION('',(0.,0.,1.));
#13442=DIRECTION('',(0.000138947884906196,0.999999990346743,0.));
#13443=DIRECTION('center_axis',(0.,0.,1.));
#13444=DIRECTION('ref_axis',(0.0010203115588636,-0.999999479482026,0.));
#13445=DIRECTION('',(0.,0.,1.));
#13446=DIRECTION('center_axis',(0.,0.,1.));
#13447=DIRECTION('ref_axis',(0.0010203115588636,-0.999999479482026,0.));
#13448=DIRECTION('center_axis',(0.00102031155886383,-0.999999479482026,
0.));
#13449=DIRECTION('ref_axis',(0.999999479482026,0.00102031155886383,0.));
#13450=DIRECTION('',(0.,0.,1.));
#13451=DIRECTION('',(0.999999479482026,0.00102031155886383,0.));
#13452=DIRECTION('center_axis',(0.,0.,1.));
#13453=DIRECTION('ref_axis',(-0.00102031155887841,0.999999479482026,0.));
#13454=DIRECTION('',(0.,0.,1.));
#13455=DIRECTION('center_axis',(0.,0.,-1.));
#13456=DIRECTION('ref_axis',(-0.00102031155887841,0.999999479482026,0.));
#13457=DIRECTION('center_axis',(0.999999993615282,-0.000113001932868826,
0.));
#13458=DIRECTION('ref_axis',(0.000113001932868826,0.999999993615282,0.));
#13459=DIRECTION('',(0.,0.,1.));
#13460=DIRECTION('',(0.000113001932868826,0.999999993615282,0.));
#13461=DIRECTION('center_axis',(0.,0.,1.));
#13462=DIRECTION('ref_axis',(-2.22044604925033E-14,-1.,0.));
#13463=DIRECTION('center_axis',(0.,0.,1.));
#13464=DIRECTION('ref_axis',(-3.33066907387549E-14,-1.,0.));
#13465=DIRECTION('',(0.,0.,-1.));
#13466=DIRECTION('center_axis',(0.,0.,1.));
#13467=DIRECTION('ref_axis',(-2.22044604925033E-14,-1.,0.));
#13468=DIRECTION('center_axis',(1.,0.,0.));
#13469=DIRECTION('ref_axis',(0.,-1.,0.));
#13470=DIRECTION('',(0.,1.,0.));
#13471=DIRECTION('center_axis',(0.,0.,1.));
#13472=DIRECTION('ref_axis',(-0.00102031155887866,0.999999479482026,0.));
#13473=DIRECTION('center_axis',(0.,0.,1.));
#13474=DIRECTION('ref_axis',(-0.00102031155887866,0.999999479482026,0.));
#13475=DIRECTION('center_axis',(0.,0.707106781186548,-0.707106781186547));
#13476=DIRECTION('ref_axis',(-1.,0.,0.));
#13477=DIRECTION('',(-1.,0.,0.));
#13478=DIRECTION('center_axis',(0.,0.707106781186548,-0.707106781186547));
#13479=DIRECTION('ref_axis',(0.,0.707106781186547,0.707106781186548));
#13480=DIRECTION('center_axis',(0.,0.,1.));
#13481=DIRECTION('ref_axis',(-0.86627687459488,-0.499564186608814,0.));
#13482=DIRECTION('center_axis',(0.,0.,1.));
#13483=DIRECTION('ref_axis',(-0.86627687459488,-0.499564186608814,0.));
#13484=DIRECTION('',(0.353822907426264,-0.612216750979941,0.707106781186541));
#13485=DIRECTION('center_axis',(0.353822907426259,-0.612216750979929,-0.707106781186554));
#13486=DIRECTION('ref_axis',(-0.894290804295578,0.,-0.447486264987393));
#13487=DIRECTION('',(0.865805232347815,0.500381154360499,0.));
#13488=DIRECTION('',(0.229136961302811,-0.676235542415811,0.700144088126514));
#13489=DIRECTION('center_axis',(0.0912172781129515,-0.701198551177677,-0.707106781186541));
#13490=DIRECTION('ref_axis',(-0.991781837073458,0.,-0.127940562962636));
#13491=DIRECTION('',(0.991644500991827,0.129000711830093,0.));
#13492=DIRECTION('center_axis',(0.0912172781129515,-0.701198551177677,-0.707106781186541));
#13493=DIRECTION('ref_axis',(0.09121727811295,-0.701198551177664,0.707106781186554));
#13494=DIRECTION('center_axis',(0.707106781186549,1.16303145087687E-16,
-0.707106781186546));
#13495=DIRECTION('ref_axis',(-0.707106781186546,0.,-0.707106781186549));
#13496=DIRECTION('',(-0.707106781186548,0.,-0.707106781186547));
#13497=DIRECTION('',(-1.64477485129653E-16,1.,0.));
#13498=DIRECTION('',(0.707106781186545,0.,0.70710678118655));
#13499=DIRECTION('',(1.64477485129653E-16,-1.,0.));
#13500=DIRECTION('center_axis',(0.,0.,-1.));
#13501=DIRECTION('ref_axis',(-2.22044604925031E-15,-1.,0.));
#13502=DIRECTION('',(-1.57009245868378E-15,-0.707106781186546,-0.707106781186549));
#13503=DIRECTION('center_axis',(0.,0.,-1.));
#13504=DIRECTION('ref_axis',(-2.22044604925031E-15,-1.,0.));
#13505=DIRECTION('center_axis',(0.,0.,1.));
#13506=DIRECTION('ref_axis',(-2.22044604925031E-15,-1.,0.));
#13507=DIRECTION('center_axis',(0.,0.707106781186549,-0.707106781186546));
#13508=DIRECTION('ref_axis',(-1.,0.,0.));
#13509=DIRECTION('',(0.,-0.707106781186543,-0.707106781186552));
#13510=DIRECTION('',(-1.,0.,0.));
#13511=DIRECTION('',(1.,0.,0.));
#13512=DIRECTION('center_axis',(0.,0.,-1.));
#13513=DIRECTION('ref_axis',(1.,0.,0.));
#13514=DIRECTION('',(0.707106781186546,0.,-0.707106781186549));
#13515=DIRECTION('center_axis',(0.,0.,-1.));
#13516=DIRECTION('ref_axis',(1.,0.,0.));
#13517=DIRECTION('center_axis',(0.,0.,1.));
#13518=DIRECTION('ref_axis',(1.,0.,0.));
#13519=DIRECTION('center_axis',(-0.707106781186549,0.,-0.707106781186546));
#13520=DIRECTION('ref_axis',(-0.707106781186546,0.,0.707106781186549));
#13521=DIRECTION('',(0.707106781186546,0.,-0.707106781186549));
#13522=DIRECTION('',(0.,-1.,0.));
#13523=DIRECTION('',(0.,1.,0.));
#13524=DIRECTION('center_axis',(0.,0.,-1.));
#13525=DIRECTION('ref_axis',(5.92118946466745E-15,1.,0.));
#13526=DIRECTION('',(0.,0.707106781186547,-0.707106781186548));
#13527=DIRECTION('center_axis',(0.,0.,-1.));
#13528=DIRECTION('ref_axis',(5.92118946466745E-15,1.,0.));
#13529=DIRECTION('center_axis',(0.,0.,1.));
#13530=DIRECTION('ref_axis',(5.92118946466745E-15,1.,0.));
#13531=DIRECTION('center_axis',(0.,-0.707106781186549,-0.707106781186546));
#13532=DIRECTION('ref_axis',(-1.,0.,0.));
#13533=DIRECTION('',(0.,0.707106781186546,-0.707106781186549));
#13534=DIRECTION('',(1.,0.,0.));
#13535=DIRECTION('',(-1.,0.,0.));
#13536=DIRECTION('center_axis',(0.,0.,1.));
#13537=DIRECTION('ref_axis',(-0.86627687459488,-0.499564186608814,0.));
#13538=DIRECTION('',(0.612550252411131,0.353245223989046,-0.707106781186539));
#13539=DIRECTION('center_axis',(0.,0.,1.));
#13540=DIRECTION('ref_axis',(-0.86627687459488,-0.499564186608814,0.));
#13541=DIRECTION('',(-0.286477252232734,-0.646475663852246,0.707106781186533));
#13542=DIRECTION('center_axis',(-0.612550252411126,-0.353245223989018,-0.707106781186557));
#13543=DIRECTION('ref_axis',(-0.755834877756993,0.,0.65476227561312));
#13544=DIRECTION('',(0.612550252411138,0.353245223989034,-0.70710678118654));
#13545=DIRECTION('',(0.499564186608798,-0.86627687459489,0.));
#13546=DIRECTION('center_axis',(0.,0.,1.));
#13547=DIRECTION('ref_axis',(-0.999999999980082,-6.31149387663568E-6,0.));
#13548=DIRECTION('',(0.707106781172463,4.46290011472426E-6,-0.707106781186548));
#13549=DIRECTION('center_axis',(0.,0.,1.));
#13550=DIRECTION('ref_axis',(-0.999999999980083,-6.31149387663568E-6,0.));
#13551=DIRECTION('center_axis',(-0.70710678117246,-4.46290010338467E-6,
-0.707106781186551));
#13552=DIRECTION('ref_axis',(-0.707106781193593,0.,0.707106781179502));
#13553=DIRECTION('',(0.707106781172467,4.46290010844387E-6,-0.707106781186544));
#13554=DIRECTION('',(6.31149385372292E-6,-0.999999999980082,0.));
#13555=DIRECTION('center_axis',(0.,0.,1.));
#13556=DIRECTION('ref_axis',(-3.76043282534327E-15,1.,0.));
#13557=DIRECTION('',(2.35513868802566E-15,-0.707106781186549,-0.707106781186546));
#13558=DIRECTION('center_axis',(0.,0.,1.));
#13559=DIRECTION('ref_axis',(-3.76043282534327E-15,1.,0.));
#13560=DIRECTION('center_axis',(0.,0.707106781186547,-0.707106781186548));
#13561=DIRECTION('ref_axis',(-1.,0.,0.));
#13562=DIRECTION('',(3.14018491736755E-15,-0.707106781186548,-0.707106781186547));
#13563=DIRECTION('',(-1.,0.,0.));
#13564=DIRECTION('center_axis',(0.353245223989022,-0.61255025241113,-0.707106781186552));
#13565=DIRECTION('ref_axis',(-0.894583085134096,0.,-0.446901671279));
#13566=DIRECTION('',(-0.353245223989034,0.612550252411137,-0.70710678118654));
#13567=DIRECTION('',(0.866276874594888,0.4995641866088,0.));
#13568=DIRECTION('',(0.353245223989034,-0.612550252411137,0.70710678118654));
#13569=DIRECTION('',(-0.866276874594888,-0.4995641866088,0.));
#13570=DIRECTION('center_axis',(0.,0.,-1.));
#13571=DIRECTION('ref_axis',(-0.866276874594889,-0.499564186608799,0.));
#13572=DIRECTION('',(-0.612550252411134,-0.353245223989025,-0.707106781186547));
#13573=DIRECTION('center_axis',(0.,0.,-1.));
#13574=DIRECTION('ref_axis',(-0.866276874594889,-0.499564186608799,0.));
#13575=DIRECTION('center_axis',(0.,0.,1.));
#13576=DIRECTION('ref_axis',(-0.866276874594889,-0.499564186608799,0.));
#13577=DIRECTION('center_axis',(0.612550252411132,0.353245223989024,-0.707106781186549));
#13578=DIRECTION('ref_axis',(-0.755834877756986,0.,-0.654762275613128));
#13579=DIRECTION('',(-0.612550252411136,-0.353245223989024,-0.707106781186546));
#13580=DIRECTION('',(-0.4995641866088,0.866276874594888,0.));
#13581=DIRECTION('',(0.4995641866088,-0.866276874594888,0.));
#13582=DIRECTION('center_axis',(0.,0.,-1.));
#13583=DIRECTION('ref_axis',(-0.499564186608801,0.866276874594888,0.));
#13584=DIRECTION('',(-0.232830181528938,-0.667675150480532,-0.707106781186548));
#13585=DIRECTION('center_axis',(0.,0.,-1.));
#13586=DIRECTION('ref_axis',(-1.,0.,0.));
#13587=DIRECTION('',(-0.694505344385727,0.132899686303849,0.707106781186548));
#13588=DIRECTION('center_axis',(0.,0.,1.));
#13589=DIRECTION('ref_axis',(-1.,0.,0.));
#13590=DIRECTION('center_axis',(-0.353245223989015,0.612550252411118,-0.707106781186566));
#13591=DIRECTION('ref_axis',(-0.894583085134103,0.,0.446901671278986));
#13592=DIRECTION('',(0.353245223989028,-0.612550252411153,-0.707106781186529));
#13593=DIRECTION('',(-0.866276874594888,-0.4995641866088,0.));
#13594=DIRECTION('',(-0.353245223989023,0.612550252411154,0.707106781186531));
#13595=DIRECTION('',(0.866276874594888,0.4995641866088,0.));
#13596=DIRECTION('center_axis',(0.,0.,-1.));
#13597=DIRECTION('ref_axis',(0.86627687459489,0.499564186608797,0.));
#13598=DIRECTION('',(0.61255025241114,0.353245223989023,-0.707106781186543));
#13599=DIRECTION('center_axis',(0.,0.,-1.));
#13600=DIRECTION('ref_axis',(0.86627687459489,0.499564186608797,0.));
#13601=DIRECTION('center_axis',(0.,0.,1.));
#13602=DIRECTION('ref_axis',(0.86627687459489,0.499564186608797,0.));
#13603=DIRECTION('center_axis',(-0.612550252411135,-0.353245223989025,-0.707106781186547));
#13604=DIRECTION('ref_axis',(-0.755834877756984,0.,0.654762275613131));
#13605=DIRECTION('',(0.612550252411132,0.353245223989025,-0.707106781186549));
#13606=DIRECTION('',(0.4995641866088,-0.866276874594888,0.));
#13607=DIRECTION('',(-0.4995641866088,0.866276874594888,0.));
#13608=DIRECTION('center_axis',(0.,0.,-1.));
#13609=DIRECTION('ref_axis',(-0.499564186608797,0.86627687459489,0.));
#13610=DIRECTION('',(-0.353245223989023,0.61255025241114,-0.707106781186543));
#13611=DIRECTION('center_axis',(0.,0.,-1.));
#13612=DIRECTION('ref_axis',(-0.499564186608797,0.86627687459489,0.));
#13613=DIRECTION('center_axis',(0.,0.,1.));
#13614=DIRECTION('ref_axis',(-0.499564186608797,0.86627687459489,0.));
#13615=DIRECTION('center_axis',(0.353245223989025,-0.612550252411135,-0.707106781186547));
#13616=DIRECTION('ref_axis',(-0.894583085134093,0.,-0.446901671279006));
#13617=DIRECTION('',(-0.353245223989034,0.612550252411123,-0.707106781186552));
#13618=DIRECTION('',(0.866276874594888,0.4995641866088,0.));
#13619=DIRECTION('',(-0.866276874594888,-0.4995641866088,0.));
#13620=DIRECTION('center_axis',(0.571322302593321,-0.416642324493648,-0.707106781186544));
#13621=DIRECTION('ref_axis',(-0.777834921948483,0.,-0.628468642175086));
#13622=DIRECTION('',(-0.571322302593302,0.416642324493633,-0.707106781186568));
#13623=DIRECTION('',(0.589221225957567,0.807971748813696,0.));
#13624=DIRECTION('',(0.338301468910948,-0.665414200379242,0.665414200379244));
#13625=DIRECTION('center_axis',(0.,0.,1.));
#13626=DIRECTION('ref_axis',(0.12900071183024,-0.991644500991808,0.));
#13627=DIRECTION('',(-0.0912172781130546,0.701198551177658,-0.707106781186546));
#13628=DIRECTION('center_axis',(0.,0.,1.));
#13629=DIRECTION('ref_axis',(0.12900071183024,-0.991644500991808,0.));
#13630=DIRECTION('center_axis',(0.0912172781129514,-0.701198551177676,-0.707106781186542));
#13631=DIRECTION('ref_axis',(-0.991781837073458,0.,-0.127940562962636));
#13632=DIRECTION('',(-0.0912172781129566,0.701198551177652,-0.707106781186566));
#13633=DIRECTION('',(0.991644500991827,0.129000711830093,0.));
#13634=DIRECTION('center_axis',(2.55536420181262E-9,0.707106781186545,-0.70710678118655));
#13635=DIRECTION('ref_axis',(-1.,0.,-3.61383071100609E-9));
#13636=DIRECTION('',(-2.55535687835701E-9,-0.707106781186549,-0.707106781186546));
#13637=DIRECTION('',(-1.,3.61383071100612E-9,0.));
#13638=DIRECTION('',(0.577368745782759,0.57734102962807,0.577341031714571));
#13639=DIRECTION('center_axis',(0.,0.,1.));
#13640=DIRECTION('ref_axis',(0.999999992248106,-0.00012451420612347,0.));
#13641=DIRECTION('',(-0.707106775705129,8.80448395039666E-5,-0.70710678118655));
#13642=DIRECTION('center_axis',(0.,0.,1.));
#13643=DIRECTION('ref_axis',(0.999999992248106,-0.00012451420612347,0.));
#13644=DIRECTION('center_axis',(0.70710677570512,-8.80448395562961E-5,-0.707106781186558));
#13645=DIRECTION('ref_axis',(-0.707106783927266,0.,-0.707106778445829));
#13646=DIRECTION('',(-0.707106775705141,8.80448395573482E-5,-0.707106781186537));
#13647=DIRECTION('',(0.000124514206197479,0.999999992248106,0.));
#13648=DIRECTION('center_axis',(0.,0.,1.));
#13649=DIRECTION('ref_axis',(0.,-1.,0.));
#13650=DIRECTION('',(0.,0.707106781186546,-0.707106781186549));
#13651=DIRECTION('center_axis',(0.,0.,1.));
#13652=DIRECTION('ref_axis',(0.,-1.,0.));
#13653=DIRECTION('center_axis',(0.,-0.707106781186549,-0.707106781186546));
#13654=DIRECTION('ref_axis',(-1.,0.,0.));
#13655=DIRECTION('',(1.,0.,0.));
#13656=DIRECTION('center_axis',(4.90081800031871E-17,0.707106781186544,
-0.707106781186551));
#13657=DIRECTION('ref_axis',(-1.,0.,-6.93080328277287E-17));
#13658=DIRECTION('',(0.,-0.707106781186547,-0.707106781186548));
#13659=DIRECTION('',(-1.,6.93080328277294E-17,0.));
#13660=DIRECTION('center_axis',(0.,0.,1.));
#13661=DIRECTION('ref_axis',(0.999999998847914,-4.80017902981803E-5,0.));
#13662=DIRECTION('',(-0.707106780371897,3.39423914289378E-5,-0.707106781186551));
#13663=DIRECTION('center_axis',(0.,0.,1.));
#13664=DIRECTION('ref_axis',(0.999999998847914,-4.80017902981803E-5,0.));
#13665=DIRECTION('center_axis',(0.707106780371903,-3.39423914125905E-5,
-0.707106781186544));
#13666=DIRECTION('ref_axis',(-0.707106781593868,0.,-0.707106780779227));
#13667=DIRECTION('',(4.80017902750613E-5,0.999999998847914,0.));
#13668=DIRECTION('center_axis',(0.,0.,1.));
#13669=DIRECTION('ref_axis',(0.,1.,0.));
#13670=DIRECTION('',(0.,-0.707106781186547,-0.707106781186548));
#13671=DIRECTION('center_axis',(0.,0.,1.));
#13672=DIRECTION('ref_axis',(0.,1.,0.));
#13673=DIRECTION('center_axis',(0.,0.,1.));
#13674=DIRECTION('ref_axis',(-0.000612102859612778,0.999999812665027,0.));
#13675=DIRECTION('',(0.000432822082818303,-0.707106648720718,-0.707106781186547));
#13676=DIRECTION('center_axis',(0.,0.,1.));
#13677=DIRECTION('ref_axis',(-0.000612102859612778,0.999999812665027,0.));
#13678=DIRECTION('center_axis',(0.,0.,1.));
#13679=DIRECTION('ref_axis',(-0.00102031155887866,0.999999479482026,0.));
#13680=DIRECTION('',(0.000721469222204902,-0.707106413124758,-0.707106781186548));
#13681=DIRECTION('center_axis',(0.,0.,1.));
#13682=DIRECTION('ref_axis',(-0.00102031155887866,0.999999479482026,0.));
#13683=DIRECTION('',(-0.604772698512523,0.366401396195324,0.707106781186546));
#13684=DIRECTION('center_axis',(-0.00072146922219564,0.707106413124761,
-0.707106781186545));
#13685=DIRECTION('ref_axis',(-0.999999479482568,0.,0.00102031102777389));
#13686=DIRECTION('',(-0.999999479482026,-0.00102031155886384,0.));
#13687=DIRECTION('center_axis',(-0.000432822082835053,0.707106648720716,
-0.707106781186549));
#13688=DIRECTION('ref_axis',(-0.999999812665097,0.,0.000612102744971671));
#13689=DIRECTION('',(-0.999999812665027,-0.000612102859639904,0.));
#13690=DIRECTION('center_axis',(-4.13193115750112E-17,0.707106781186548,
-0.707106781186547));
#13691=DIRECTION('ref_axis',(-1.,0.,5.84343308173005E-17));
#13692=DIRECTION('',(0.,-0.707106781186544,-0.707106781186551));
#13693=DIRECTION('',(-1.,-5.84343308173005E-17,0.));
#13694=DIRECTION('center_axis',(0.,0.,1.));
#13695=DIRECTION('ref_axis',(0.961691457662051,0.27413416470743,0.));
#13696=DIRECTION('center_axis',(0.,0.,1.));
#13697=DIRECTION('ref_axis',(0.961691457662051,0.274134164707429,0.));
#13698=DIRECTION('center_axis',(0.,0.,1.));
#13699=DIRECTION('ref_axis',(-0.947257769393086,-0.320472648324994,0.));
#13700=DIRECTION('center_axis',(0.,0.,-1.));
#13701=DIRECTION('ref_axis',(-0.947257769393086,-0.320472648324994,0.));
#13702=DIRECTION('center_axis',(0.,0.,1.));
#13703=DIRECTION('ref_axis',(-0.579721519741713,-0.814814678039343,0.));
#13704=DIRECTION('center_axis',(0.,0.,-1.));
#13705=DIRECTION('ref_axis',(-0.579721519741713,-0.814814678039343,0.));
#13706=DIRECTION('center_axis',(0.,0.,1.));
#13707=DIRECTION('ref_axis',(0.995605710902206,0.0936443720621404,0.));
#13708=DIRECTION('center_axis',(0.,0.,-1.));
#13709=DIRECTION('ref_axis',(0.995605710902206,0.0936443720621404,0.));
#13710=DIRECTION('center_axis',(0.,0.,1.));
#13711=DIRECTION('ref_axis',(0.743560843183455,-0.668668282846068,0.));
#13712=DIRECTION('center_axis',(0.,0.,-1.));
#13713=DIRECTION('ref_axis',(0.743560843183455,-0.668668282846068,0.));
#13714=DIRECTION('center_axis',(0.,0.,1.));
#13715=DIRECTION('ref_axis',(0.707106781186548,0.707106781186548,0.));
#13716=DIRECTION('center_axis',(0.,0.,-1.));
#13717=DIRECTION('ref_axis',(0.707106781186548,0.707106781186548,0.));
#13718=DIRECTION('center_axis',(0.,0.,1.));
#13719=DIRECTION('ref_axis',(-0.871254791599982,-0.490831017880973,0.));
#13720=DIRECTION('center_axis',(0.,0.,-1.));
#13721=DIRECTION('ref_axis',(-0.871254791599982,-0.490831017880973,0.));
#13722=DIRECTION('center_axis',(-0.4995641866088,0.866276874594888,0.));
#13723=DIRECTION('ref_axis',(-0.866276874594888,-0.4995641866088,0.));
#13724=DIRECTION('',(0.,0.,1.));
#13725=DIRECTION('',(-0.866276874594888,-0.4995641866088,0.));
#13726=DIRECTION('',(0.,0.,1.));
#13727=DIRECTION('center_axis',(0.,0.,1.));
#13728=DIRECTION('ref_axis',(-0.499564186608797,0.86627687459489,0.));
#13729=DIRECTION('',(0.,0.,1.));
#13730=DIRECTION('center_axis',(0.,0.,1.));
#13731=DIRECTION('ref_axis',(-0.499564186608797,0.86627687459489,0.));
#13732=DIRECTION('center_axis',(0.866276874594888,0.4995641866088,0.));
#13733=DIRECTION('ref_axis',(-0.4995641866088,0.866276874594888,0.));
#13734=DIRECTION('',(0.,0.,1.));
#13735=DIRECTION('',(-0.4995641866088,0.866276874594888,0.));
#13736=DIRECTION('center_axis',(0.,0.,1.));
#13737=DIRECTION('ref_axis',(0.86627687459489,0.499564186608797,0.));
#13738=DIRECTION('',(0.,0.,1.));
#13739=DIRECTION('center_axis',(0.,0.,1.));
#13740=DIRECTION('ref_axis',(0.86627687459489,0.499564186608797,0.));
#13741=DIRECTION('center_axis',(0.4995641866088,-0.866276874594888,0.));
#13742=DIRECTION('ref_axis',(0.866276874594888,0.4995641866088,0.));
#13743=DIRECTION('',(0.,0.,-1.));
#13744=DIRECTION('',(0.866276874594888,0.4995641866088,0.));
#13745=DIRECTION('center_axis',(0.,0.,-1.));
#13746=DIRECTION('ref_axis',(-0.947257769393087,-0.32047264832499,0.));
#13747=DIRECTION('center_axis',(0.,0.,1.));
#13748=DIRECTION('ref_axis',(-0.947257769393087,-0.32047264832499,0.));
#13749=DIRECTION('center_axis',(0.,0.,-1.));
#13750=DIRECTION('ref_axis',(1.,0.,0.));
#13751=DIRECTION('center_axis',(0.,0.,1.));
#13752=DIRECTION('ref_axis',(1.,0.,0.));
#13753=DIRECTION('center_axis',(0.,0.,1.));
#13754=DIRECTION('ref_axis',(1.,0.,0.));
#13755=DIRECTION('center_axis',(0.,0.,-1.));
#13756=DIRECTION('ref_axis',(1.,0.,0.));
#13757=DIRECTION('center_axis',(0.,0.,1.));
#13758=DIRECTION('ref_axis',(0.0917471858994228,-0.995782332580538,0.));
#13759=DIRECTION('center_axis',(0.,0.,1.));
#13760=DIRECTION('ref_axis',(0.866025403784435,-0.500000000000006,0.));
#13761=DIRECTION('',(0.499999999999999,0.866025403784439,0.));
#13762=DIRECTION('center_axis',(0.,0.,1.));
#13763=DIRECTION('ref_axis',(0.866025403784442,0.499999999999995,0.));
#13764=DIRECTION('',(-0.500000000000002,0.866025403784438,0.));
#13765=DIRECTION('center_axis',(0.,0.,1.));
#13766=DIRECTION('ref_axis',(3.94745964311162E-15,1.,0.));
#13767=DIRECTION('center_axis',(0.,0.,1.));
#13768=DIRECTION('ref_axis',(0.0917471858994354,0.995782332580537,0.));
#13769=DIRECTION('center_axis',(0.,0.,-1.));
#13770=DIRECTION('ref_axis',(1.,0.,0.));
#13771=DIRECTION('center_axis',(0.,0.,1.));
#13772=DIRECTION('ref_axis',(-0.0917471858994351,0.995782332580537,0.));
#13773=DIRECTION('center_axis',(0.,0.,1.));
#13774=DIRECTION('ref_axis',(-0.866025403784438,0.500000000000001,0.));
#13775=DIRECTION('',(-0.500000000000004,-0.866025403784436,0.));
#13776=DIRECTION('center_axis',(0.,0.,1.));
#13777=DIRECTION('ref_axis',(-0.866025403784442,-0.499999999999995,0.));
#13778=DIRECTION('',(0.500000000000001,-0.866025403784438,0.));
#13779=DIRECTION('center_axis',(0.,0.,1.));
#13780=DIRECTION('ref_axis',(7.89491928622341E-15,-1.,0.));
#13781=DIRECTION('center_axis',(0.,0.,1.));
#13782=DIRECTION('ref_axis',(-0.0917471858994234,-0.995782332580538,0.));
#13783=DIRECTION('center_axis',(0.,0.,-1.));
#13784=DIRECTION('ref_axis',(1.,0.,0.));
#13785=DIRECTION('center_axis',(0.,0.,1.));
#13786=DIRECTION('ref_axis',(0.0917471858994222,-0.995782332580538,0.));
#13787=DIRECTION('center_axis',(0.,0.,1.));
#13788=DIRECTION('ref_axis',(0.866025403784437,-0.500000000000004,0.));
#13789=DIRECTION('',(0.499999999999999,0.866025403784439,0.));
#13790=DIRECTION('center_axis',(0.,0.,1.));
#13791=DIRECTION('ref_axis',(0.866025403784447,0.499999999999985,0.));
#13792=DIRECTION('',(-0.500000000000002,0.866025403784438,0.));
#13793=DIRECTION('center_axis',(0.,0.,1.));
#13794=DIRECTION('ref_axis',(0.,1.,0.));
#13795=DIRECTION('',(-1.,-2.19767164158122E-15,0.));
#13796=DIRECTION('center_axis',(0.,0.,1.));
#13797=DIRECTION('ref_axis',(-0.866025403784439,0.499999999999999,0.));
#13798=DIRECTION('',(-0.5,-0.866025403784439,0.));
#13799=DIRECTION('center_axis',(0.,0.,1.));
#13800=DIRECTION('ref_axis',(-0.866025403784442,-0.499999999999994,0.));
#13801=DIRECTION('',(0.500000000000005,-0.866025403784436,0.));
#13802=DIRECTION('center_axis',(0.,0.,1.));
#13803=DIRECTION('ref_axis',(0.,-1.,0.));
#13804=DIRECTION('center_axis',(0.,0.,1.));
#13805=DIRECTION('ref_axis',(-0.0917471858994225,-0.995782332580538,0.));
#13806=DIRECTION('',(-1.,3.61383086083056E-9,0.));
#13807=DIRECTION('',(-1.,-1.5621155830031E-9,0.));
#13808=DIRECTION('center_axis',(0.,0.,1.));
#13809=DIRECTION('ref_axis',(-0.866025403784439,-0.499999999999999,0.));
#13810=DIRECTION('',(0.499999999999999,-0.866025403784439,0.));
#13811=DIRECTION('center_axis',(0.,0.,1.));
#13812=DIRECTION('ref_axis',(-1.18423789293348E-14,-1.,0.));
#13813=DIRECTION('',(1.,1.09872824582724E-15,0.));
#13814=DIRECTION('center_axis',(0.,0.,1.));
#13815=DIRECTION('ref_axis',(0.866025403784443,-0.499999999999992,0.));
#13816=DIRECTION('',(0.499999999999995,0.866025403784442,0.));
#13817=DIRECTION('center_axis',(0.,0.,1.));
#13818=DIRECTION('ref_axis',(0.866025403784441,-0.499999999999995,0.));
#13819=DIRECTION('',(0.499999999999999,0.866025403784439,0.));
#13820=DIRECTION('center_axis',(0.,0.,1.));
#13821=DIRECTION('ref_axis',(0.866025403784447,0.499999999999985,0.));
#13822=DIRECTION('',(-0.500000000000002,0.866025403784438,0.));
#13823=DIRECTION('center_axis',(0.,0.,1.));
#13824=DIRECTION('ref_axis',(3.94745964311162E-15,1.,0.));
#13825=DIRECTION('',(-1.,-1.09883582079061E-15,0.));
#13826=DIRECTION('center_axis',(0.,0.,1.));
#13827=DIRECTION('ref_axis',(-0.866025403784438,0.500000000000001,0.));
#13828=DIRECTION('',(-0.500000000000004,-0.866025403784436,0.));
#13829=DIRECTION('center_axis',(0.,0.,1.));
#13830=DIRECTION('ref_axis',(-0.866025403784442,-0.499999999999995,0.));
#13831=DIRECTION('',(0.500000000000001,-0.866025403784438,0.));
#13832=DIRECTION('center_axis',(0.,0.,1.));
#13833=DIRECTION('ref_axis',(7.89491928622341E-15,-1.,0.));
#13834=DIRECTION('',(1.,-4.39534328316244E-15,0.));
#13835=DIRECTION('center_axis',(0.,0.,1.));
#13836=DIRECTION('ref_axis',(0.866025403784435,-0.500000000000006,0.));
#13837=DIRECTION('',(0.499999999999999,-0.866025403784439,0.));
#13838=DIRECTION('center_axis',(0.,0.,1.));
#13839=DIRECTION('ref_axis',(-1.18423789293348E-14,-1.,0.));
#13840=DIRECTION('',(1.,1.09872824582724E-15,0.));
#13841=DIRECTION('center_axis',(0.,0.,1.));
#13842=DIRECTION('ref_axis',(0.866025403784443,-0.499999999999992,0.));
#13843=DIRECTION('',(0.499999999999995,0.866025403784442,0.));
#13844=DIRECTION('center_axis',(0.,0.,1.));
#13845=DIRECTION('ref_axis',(0.866025403784439,0.499999999999999,0.));
#13846=DIRECTION('',(-0.500000000000002,0.866025403784438,0.));
#13847=DIRECTION('center_axis',(0.,0.,1.));
#13848=DIRECTION('ref_axis',(3.94745964311164E-15,1.,0.));
#13849=DIRECTION('',(-1.,-2.19745649165448E-15,0.));
#13850=DIRECTION('center_axis',(0.,0.,1.));
#13851=DIRECTION('ref_axis',(-0.86602540378444,0.499999999999997,0.));
#13852=DIRECTION('',(-0.499999999999998,-0.86602540378444,0.));
#13853=DIRECTION('center_axis',(0.,0.,1.));
#13854=DIRECTION('ref_axis',(-0.866025403784442,-0.499999999999994,0.));
#13855=DIRECTION('',(-0.500000000000002,0.866025403784438,0.));
#13856=DIRECTION('center_axis',(0.,0.,1.));
#13857=DIRECTION('ref_axis',(0.,1.,0.));
#13858=DIRECTION('',(-1.,-2.19767164158122E-15,0.));
#13859=DIRECTION('center_axis',(0.,0.,1.));
#13860=DIRECTION('ref_axis',(-0.866025403784439,0.499999999999999,0.));
#13861=DIRECTION('',(-0.5,-0.866025403784439,0.));
#13862=DIRECTION('center_axis',(0.,0.,1.));
#13863=DIRECTION('ref_axis',(-0.866025403784442,-0.499999999999994,0.));
#13864=DIRECTION('',(0.500000000000005,-0.866025403784436,0.));
#13865=DIRECTION('center_axis',(0.,0.,1.));
#13866=DIRECTION('ref_axis',(0.,-1.,0.));
#13867=DIRECTION('',(1.,2.19767164158123E-15,0.));
#13868=DIRECTION('center_axis',(0.,0.,1.));
#13869=DIRECTION('ref_axis',(0.866025403784437,-0.500000000000004,0.));
#13870=DIRECTION('',(0.499999999999999,0.866025403784439,0.));
#13871=DIRECTION('center_axis',(0.,0.,1.));
#13872=DIRECTION('ref_axis',(0.866025403784447,0.499999999999985,0.));
#13873=DIRECTION('center_axis',(0.,0.,1.));
#13874=DIRECTION('ref_axis',(1.,0.,0.));
#13875=DIRECTION('center_axis',(0.,0.,1.));
#13876=DIRECTION('ref_axis',(1.,0.,0.));
#13877=DIRECTION('center_axis',(0.,0.,1.));
#13878=DIRECTION('ref_axis',(-0.999999992653008,0.000121218746151902,0.));
#13879=DIRECTION('',(-0.000121218746211727,-0.999999992653008,0.));
#13880=DIRECTION('',(0.,-1.,0.));
#13881=DIRECTION('center_axis',(0.,0.,1.));
#13882=DIRECTION('ref_axis',(0.,-1.,0.));
#13883=DIRECTION('',(1.,-1.26850923713917E-14,0.));
#13884=DIRECTION('center_axis',(0.,0.,1.));
#13885=DIRECTION('ref_axis',(0.999999992248106,-0.000124514206221804,0.));
#13886=DIRECTION('',(0.000124514206197479,0.999999992248106,0.));
#13887=DIRECTION('center_axis',(0.,0.,1.));
#13888=DIRECTION('ref_axis',(3.61383727175997E-9,1.,0.));
#13889=DIRECTION('',(-1.,3.61383680655621E-9,0.));
#13890=DIRECTION('',(0.499999999999999,-0.866025403784439,0.));
#13891=DIRECTION('center_axis',(0.,0.,1.));
#13892=DIRECTION('ref_axis',(-1.18423789293349E-14,-1.,0.));
#13893=DIRECTION('',(1.,2.19745649165448E-15,0.));
#13894=DIRECTION('center_axis',(0.,0.,1.));
#13895=DIRECTION('ref_axis',(0.866025403784444,-0.499999999999991,0.));
#13896=DIRECTION('',(0.499999999999995,0.866025403784442,0.));
#13897=DIRECTION('center_axis',(0.,0.,1.));
#13898=DIRECTION('ref_axis',(0.86602540378444,0.499999999999998,0.));
#13899=DIRECTION('',(-0.500000000000002,0.866025403784438,0.));
#13900=DIRECTION('center_axis',(0.,0.,1.));
#13901=DIRECTION('ref_axis',(3.94745964311164E-15,1.,0.));
#13902=DIRECTION('',(-1.,-4.39491298330895E-15,0.));
#13903=DIRECTION('center_axis',(0.,0.,1.));
#13904=DIRECTION('ref_axis',(-0.86602540378444,0.499999999999997,0.));
#13905=DIRECTION('',(-0.499999999999997,-0.86602540378444,0.));
#13906=DIRECTION('center_axis',(0.,0.,1.));
#13907=DIRECTION('ref_axis',(-0.866025403784442,-0.499999999999994,0.));
#13908=DIRECTION('',(1.,1.09872824582724E-15,0.));
#13909=DIRECTION('center_axis',(0.,0.,1.));
#13910=DIRECTION('ref_axis',(0.866025403784443,-0.499999999999992,0.));
#13911=DIRECTION('',(0.499999999999995,0.866025403784442,0.));
#13912=DIRECTION('center_axis',(0.,0.,1.));
#13913=DIRECTION('ref_axis',(0.866025403784439,0.499999999999999,0.));
#13914=DIRECTION('',(-0.500000000000002,0.866025403784438,0.));
#13915=DIRECTION('center_axis',(0.,0.,1.));
#13916=DIRECTION('ref_axis',(3.94745964311164E-15,1.,0.));
#13917=DIRECTION('',(-1.,-2.19745649165448E-15,0.));
#13918=DIRECTION('center_axis',(0.,0.,1.));
#13919=DIRECTION('ref_axis',(-0.86602540378444,0.499999999999997,0.));
#13920=DIRECTION('center_axis',(0.,0.,-1.));
#13921=DIRECTION('ref_axis',(-0.537745924870675,0.843106944749586,0.));
#13922=DIRECTION('center_axis',(0.,0.,-1.));
#13923=DIRECTION('ref_axis',(1.,0.,0.));
#13924=DIRECTION('center_axis',(0.,0.,-1.));
#13925=DIRECTION('ref_axis',(-0.703011102583753,0.71117887317044,0.));
#13926=DIRECTION('',(-0.499999999999998,-0.86602540378444,0.));
#13927=DIRECTION('center_axis',(0.,0.,1.));
#13928=DIRECTION('ref_axis',(-0.866025403784442,-0.499999999999994,0.));
#13929=DIRECTION('',(0.499999999999999,-0.866025403784439,0.));
#13930=DIRECTION('center_axis',(0.,0.,1.));
#13931=DIRECTION('ref_axis',(-1.18423789293348E-14,-1.,0.));
#13932=DIRECTION('center_axis',(0.,0.,1.));
#13933=DIRECTION('ref_axis',(0.866025403784444,-0.499999999999991,0.));
#13934=DIRECTION('',(0.499999999999995,0.866025403784442,0.));
#13935=DIRECTION('center_axis',(0.,0.,1.));
#13936=DIRECTION('ref_axis',(-0.866025403784442,0.499999999999994,0.));
#13937=DIRECTION('center_axis',(0.,0.,-1.));
#13938=DIRECTION('ref_axis',(1.,0.,0.));
#13939=DIRECTION('center_axis',(0.,0.,1.));
#13940=DIRECTION('ref_axis',(-0.027697191343825,-0.999616359205702,0.));
#13941=DIRECTION('center_axis',(0.,0.,1.));
#13942=DIRECTION('ref_axis',(3.94745964311164E-15,1.,0.));
#13943=DIRECTION('',(-1.,-4.39491298330895E-15,0.));
#13944=DIRECTION('center_axis',(0.,0.,1.));
#13945=DIRECTION('ref_axis',(-0.86602540378444,0.499999999999997,0.));
#13946=DIRECTION('center_axis',(0.,0.,-1.));
#13947=DIRECTION('ref_axis',(-0.923976133114746,0.382450134572237,0.));
#13948=DIRECTION('',(-0.4995641866088,0.866276874594888,0.));
#13949=DIRECTION('center_axis',(0.,0.,-1.));
#13950=DIRECTION('ref_axis',(-0.132816901954852,-0.991140590711083,0.));
#13951=DIRECTION('center_axis',(0.,0.,1.));
#13952=DIRECTION('ref_axis',(0.866025403784439,-0.5,0.));
#13953=DIRECTION('center_axis',(0.,0.,-1.));
#13954=DIRECTION('ref_axis',(1.,0.,0.));
#13955=DIRECTION('center_axis',(0.,0.,1.));
#13956=DIRECTION('ref_axis',(0.209967729335162,0.97770831674781,0.));
#13957=DIRECTION('center_axis',(0.,0.,-1.));
#13958=DIRECTION('ref_axis',(1.,0.,0.));
#13959=DIRECTION('center_axis',(0.,0.,1.));
#13960=DIRECTION('ref_axis',(0.957148318079916,0.289598165043889,0.));
#13961=DIRECTION('center_axis',(0.,0.,1.));
#13962=DIRECTION('ref_axis',(0.,1.,0.));
#13963=DIRECTION('',(-1.,-2.19767164158122E-15,0.));
#13964=DIRECTION('center_axis',(0.,0.,1.));
#13965=DIRECTION('ref_axis',(-0.866025403784439,0.5,0.));
#13966=DIRECTION('',(-0.5,-0.866025403784439,0.));
#13967=DIRECTION('',(6.31149385375018E-6,-0.999999999980082,0.));
#13968=DIRECTION('center_axis',(0.,0.,1.));
#13969=DIRECTION('ref_axis',(-0.965990093526156,-0.25857907728455,0.));
#13970=DIRECTION('',(0.499564186608798,-0.86627687459489,0.));
#13971=DIRECTION('center_axis',(0.,0.,1.));
#13972=DIRECTION('ref_axis',(-0.0154051686836951,-0.999881333348026,0.));
#13973=DIRECTION('center_axis',(0.,0.,1.));
#13974=DIRECTION('ref_axis',(0.866025403784444,-0.499999999999991,0.));
#13975=DIRECTION('',(0.499999999999995,0.866025403784442,0.));
#13976=DIRECTION('center_axis',(0.,0.,1.));
#13977=DIRECTION('ref_axis',(0.86602540378444,0.499999999999998,0.));
#13978=DIRECTION('',(-0.500000000000002,0.866025403784438,0.));
#13979=DIRECTION('center_axis',(0.,0.,1.));
#13980=DIRECTION('ref_axis',(3.94745964311164E-15,1.,0.));
#13981=DIRECTION('',(-1.,-4.39491298330895E-15,0.));
#13982=DIRECTION('center_axis',(0.,0.,1.));
#13983=DIRECTION('ref_axis',(-0.707109012633077,0.707104549732976,0.));
#13984=DIRECTION('',(0.500000000000005,-0.866025403784436,0.));
#13985=DIRECTION('center_axis',(0.,0.,1.));
#13986=DIRECTION('ref_axis',(0.,-1.,0.));
#13987=DIRECTION('',(1.,2.19767164158123E-15,0.));
#13988=DIRECTION('center_axis',(0.,0.,1.));
#13989=DIRECTION('ref_axis',(0.866025403784437,-0.500000000000004,0.));
#13990=DIRECTION('',(0.499999999999999,0.866025403784439,0.));
#13991=DIRECTION('center_axis',(0.,0.,1.));
#13992=DIRECTION('ref_axis',(0.866025403784447,0.499999999999985,0.));
#13993=DIRECTION('',(-0.500000000000002,0.866025403784438,0.));
#13994=DIRECTION('center_axis',(0.,0.,1.));
#13995=DIRECTION('ref_axis',(0.,1.,0.));
#13996=DIRECTION('',(-1.,-2.19767164158122E-15,0.));
#13997=DIRECTION('center_axis',(0.,0.,1.));
#13998=DIRECTION('ref_axis',(-0.866025403784439,0.499999999999999,0.));
#13999=DIRECTION('',(-0.5,-0.866025403784439,0.));
#14000=DIRECTION('center_axis',(0.,0.,1.));
#14001=DIRECTION('ref_axis',(-0.866025403784442,-0.499999999999994,0.));
#14002=DIRECTION('',(-0.500000000000002,0.866025403784438,0.));
#14003=DIRECTION('center_axis',(0.,0.,1.));
#14004=DIRECTION('ref_axis',(3.94745964311164E-15,1.,0.));
#14005=DIRECTION('',(-1.,-4.39491298330895E-15,0.));
#14006=DIRECTION('center_axis',(0.,0.,1.));
#14007=DIRECTION('ref_axis',(-0.86602540378444,0.499999999999997,0.));
#14008=DIRECTION('',(-0.499999999999997,-0.86602540378444,0.));
#14009=DIRECTION('center_axis',(0.,0.,1.));
#14010=DIRECTION('ref_axis',(-0.866025403784442,-0.499999999999994,0.));
#14011=DIRECTION('center_axis',(0.,0.,1.));
#14012=DIRECTION('ref_axis',(-0.758243996721844,-0.651970890021391,0.));
#14013=DIRECTION('center_axis',(0.,0.,-1.));
#14014=DIRECTION('ref_axis',(1.,0.,0.));
#14015=DIRECTION('center_axis',(0.,0.,-1.));
#14016=DIRECTION('ref_axis',(-0.0189998099680869,-0.999819487318174,0.));
#14017=DIRECTION('',(-0.866276874594888,-0.4995641866088,0.));
#14018=DIRECTION('center_axis',(0.,0.,-1.));
#14019=DIRECTION('ref_axis',(0.965860681910589,-0.259062044960685,0.));
#14020=DIRECTION('',(0.500000000000005,-0.866025403784436,0.));
#14021=DIRECTION('center_axis',(0.,0.,-1.));
#14022=DIRECTION('ref_axis',(-0.259062044960686,-0.965860681910589,0.));
#14023=DIRECTION('',(-0.866276874594888,-0.4995641866088,0.));
#14024=DIRECTION('center_axis',(0.,0.,-1.));
#14025=DIRECTION('ref_axis',(0.965860681910589,-0.259062044960685,0.));
#14026=DIRECTION('',(-0.500000000000001,0.866025403784438,0.));
#14027=DIRECTION('center_axis',(0.,0.,1.));
#14028=DIRECTION('ref_axis',(0.,1.,0.));
#14029=DIRECTION('',(-1.,-2.19767164158122E-15,0.));
#14030=DIRECTION('center_axis',(0.,0.,1.));
#14031=DIRECTION('ref_axis',(-0.866025403784439,0.5,0.));
#14032=DIRECTION('',(-0.5,-0.866025403784439,0.));
#14033=DIRECTION('center_axis',(0.,0.,1.));
#14034=DIRECTION('ref_axis',(-0.866025403784442,-0.499999999999994,0.));
#14035=DIRECTION('',(1.,2.19745649165448E-15,0.));
#14036=DIRECTION('center_axis',(0.,0.,1.));
#14037=DIRECTION('ref_axis',(0.866025403784444,-0.499999999999991,0.));
#14038=DIRECTION('',(0.499999999999995,0.866025403784442,0.));
#14039=DIRECTION('center_axis',(0.,0.,1.));
#14040=DIRECTION('ref_axis',(0.86602540378444,0.499999999999998,0.));
#14041=DIRECTION('',(-0.500000000000002,0.866025403784438,0.));
#14042=DIRECTION('center_axis',(0.,0.,1.));
#14043=DIRECTION('ref_axis',(3.94745964311164E-15,1.,0.));
#14044=DIRECTION('',(-1.,-4.39491298330895E-15,0.));
#14045=DIRECTION('center_axis',(0.,0.,1.));
#14046=DIRECTION('ref_axis',(-0.86602540378444,0.499999999999997,0.));
#14047=DIRECTION('',(-0.499999999999997,-0.86602540378444,0.));
#14048=DIRECTION('center_axis',(0.,0.,1.));
#14049=DIRECTION('ref_axis',(-0.866025403784442,-0.499999999999994,0.));
#14050=DIRECTION('',(0.499999999999999,-0.866025403784439,0.));
#14051=DIRECTION('center_axis',(0.,0.,1.));
#14052=DIRECTION('ref_axis',(-1.18423789293349E-14,-1.,0.));
#14053=DIRECTION('',(-0.500000000000002,0.866025403784438,0.));
#14054=DIRECTION('center_axis',(0.,0.,1.));
#14055=DIRECTION('ref_axis',(3.94745964311162E-15,1.,0.));
#14056=DIRECTION('center_axis',(0.,0.,1.));
#14057=DIRECTION('ref_axis',(0.0917471858994358,0.995782332580537,0.));
#14058=DIRECTION('center_axis',(0.,0.,-1.));
#14059=DIRECTION('ref_axis',(1.,0.,0.));
#14060=DIRECTION('center_axis',(0.,0.,1.));
#14061=DIRECTION('ref_axis',(-0.0917471858994351,0.995782332580537,0.));
#14062=DIRECTION('center_axis',(0.,0.,1.));
#14063=DIRECTION('ref_axis',(-0.866025403784438,0.500000000000001,0.));
#14064=DIRECTION('',(-0.500000000000003,-0.866025403784437,0.));
#14065=DIRECTION('center_axis',(0.,0.,1.));
#14066=DIRECTION('ref_axis',(-0.866025403784441,-0.499999999999996,0.));
#14067=DIRECTION('',(0.500000000000001,-0.866025403784438,0.));
#14068=DIRECTION('center_axis',(0.,0.,1.));
#14069=DIRECTION('ref_axis',(7.89491928622341E-15,-1.,0.));
#14070=DIRECTION('',(1.,-4.39534328316244E-15,0.));
#14071=DIRECTION('center_axis',(0.,0.,1.));
#14072=DIRECTION('ref_axis',(0.866025403784435,-0.500000000000006,0.));
#14073=DIRECTION('',(0.499999999999999,0.866025403784439,0.));
#14074=DIRECTION('center_axis',(0.,0.,1.));
#14075=DIRECTION('ref_axis',(0.866025403784441,0.499999999999996,0.));
#14076=DIRECTION('',(-0.500000000000001,0.866025403784438,0.));
#14077=DIRECTION('center_axis',(0.,0.,1.));
#14078=DIRECTION('ref_axis',(0.,1.,0.));
#14079=DIRECTION('',(-1.,-2.19767164158122E-15,0.));
#14080=DIRECTION('center_axis',(0.,0.,1.));
#14081=DIRECTION('ref_axis',(-0.866025403784439,0.5,0.));
#14082=DIRECTION('',(-0.5,-0.866025403784439,0.));
#14083=DIRECTION('center_axis',(0.,0.,1.));
#14084=DIRECTION('ref_axis',(-0.866025403784442,-0.499999999999994,0.));
#14085=DIRECTION('',(0.500000000000004,-0.866025403784436,0.));
#14086=DIRECTION('center_axis',(0.,0.,1.));
#14087=DIRECTION('ref_axis',(0.,-1.,0.));
#14088=DIRECTION('',(1.,2.19767164158123E-15,0.));
#14089=DIRECTION('center_axis',(0.,0.,1.));
#14090=DIRECTION('ref_axis',(0.866025403784437,-0.500000000000004,0.));
#14091=DIRECTION('',(0.499999999999999,0.866025403784439,0.));
#14092=DIRECTION('center_axis',(0.,0.,1.));
#14093=DIRECTION('ref_axis',(0.866025403784447,0.499999999999986,0.));
#14094=DIRECTION('',(0.499999999999999,0.866025403784439,0.));
#14095=DIRECTION('center_axis',(0.,0.,1.));
#14096=DIRECTION('ref_axis',(0.866025403784447,0.499999999999985,0.));
#14097=DIRECTION('',(-0.500000000000002,0.866025403784438,0.));
#14098=DIRECTION('center_axis',(0.,0.,1.));
#14099=DIRECTION('ref_axis',(0.,1.,0.));
#14100=DIRECTION('',(-1.,-2.19767164158122E-15,0.));
#14101=DIRECTION('center_axis',(0.,0.,1.));
#14102=DIRECTION('ref_axis',(-0.866025403784439,0.499999999999999,0.));
#14103=DIRECTION('',(-0.5,-0.866025403784439,0.));
#14104=DIRECTION('center_axis',(0.,0.,1.));
#14105=DIRECTION('ref_axis',(-0.866025403784442,-0.499999999999994,0.));
#14106=DIRECTION('',(0.500000000000005,-0.866025403784436,0.));
#14107=DIRECTION('center_axis',(0.,0.,1.));
#14108=DIRECTION('ref_axis',(0.,-1.,0.));
#14109=DIRECTION('',(1.,2.19767164158123E-15,0.));
#14110=DIRECTION('center_axis',(0.,0.,1.));
#14111=DIRECTION('ref_axis',(0.866025403784437,-0.500000000000004,0.));
#14112=DIRECTION('center_axis',(0.,0.,-1.));
#14113=DIRECTION('ref_axis',(1.,0.,0.));
#14114=DIRECTION('center_axis',(0.,0.,-1.));
#14115=DIRECTION('ref_axis',(0.594677279921801,0.803964509630126,0.));
#14116=DIRECTION('',(1.,0.,0.));
#14117=DIRECTION('center_axis',(0.,0.,-1.));
#14118=DIRECTION('ref_axis',(-0.500000000000001,0.866025403784438,0.));
#14119=DIRECTION('',(-0.499999999999998,-0.86602540378444,0.));
#14120=DIRECTION('center_axis',(0.,0.,1.));
#14121=DIRECTION('ref_axis',(-0.866025403784442,-0.499999999999994,0.));
#14122=DIRECTION('',(0.499999999999999,-0.866025403784439,0.));
#14123=DIRECTION('center_axis',(0.,0.,1.));
#14124=DIRECTION('ref_axis',(-1.18423789293348E-14,-1.,0.));
#14125=DIRECTION('',(1.,1.09872824582724E-15,0.));
#14126=DIRECTION('center_axis',(0.,0.,1.));
#14127=DIRECTION('ref_axis',(0.866025403784443,-0.499999999999992,0.));
#14128=DIRECTION('',(0.499999999999995,0.866025403784442,0.));
#14129=DIRECTION('center_axis',(0.,0.,1.));
#14130=DIRECTION('ref_axis',(-0.866025403784441,0.499999999999995,0.));
#14131=DIRECTION('',(0.499999999999999,-0.866025403784439,0.));
#14132=DIRECTION('center_axis',(0.,0.,1.));
#14133=DIRECTION('ref_axis',(-1.18423789293349E-14,-1.,0.));
#14134=DIRECTION('',(1.,2.19745649165448E-15,0.));
#14135=DIRECTION('center_axis',(0.,0.,1.));
#14136=DIRECTION('ref_axis',(0.707063922588964,-0.707149637186578,0.));
#14137=DIRECTION('',(0.000121218746211822,0.999999992653008,0.));
#14138=DIRECTION('center_axis',(0.,0.,1.));
#14139=DIRECTION('ref_axis',(0.707149637186579,0.707063922588962,0.));
#14140=DIRECTION('',(-1.,-4.39491298330895E-15,0.));
#14141=DIRECTION('center_axis',(0.,0.,1.));
#14142=DIRECTION('ref_axis',(-0.86602540378444,0.499999999999997,0.));
#14143=DIRECTION('',(-0.499999999999997,-0.86602540378444,0.));
#14144=DIRECTION('center_axis',(0.,0.,1.));
#14145=DIRECTION('ref_axis',(-0.866025403784442,-0.499999999999994,0.));
#14146=DIRECTION('',(-0.500000000000002,0.866025403784438,0.));
#14147=DIRECTION('center_axis',(0.,0.,-1.));
#14148=DIRECTION('ref_axis',(0.499999999999999,0.866025403784439,0.));
#14149=DIRECTION('',(1.,0.,0.));
#14150=DIRECTION('center_axis',(0.,0.,-1.));
#14151=DIRECTION('ref_axis',(-0.707109012633079,0.707104549732974,0.));
#14152=DIRECTION('',(6.31149385375018E-6,-0.999999999980082,0.));
#14153=DIRECTION('center_axis',(0.,0.,1.));
#14154=DIRECTION('ref_axis',(-0.707104549732973,-0.70710901263308,0.));
#14155=DIRECTION('',(1.,1.09872824582724E-15,0.));
#14156=DIRECTION('center_axis',(0.,0.,1.));
#14157=DIRECTION('ref_axis',(0.866025403784443,-0.499999999999992,0.));
#14158=DIRECTION('',(0.499999999999995,0.866025403784442,0.));
#14159=DIRECTION('center_axis',(0.,0.,1.));
#14160=DIRECTION('ref_axis',(0.866025403784439,0.499999999999999,0.));
#14161=DIRECTION('',(-0.500000000000002,0.866025403784438,0.));
#14162=DIRECTION('center_axis',(0.,0.,1.));
#14163=DIRECTION('ref_axis',(3.94745964311164E-15,1.,0.));
#14164=DIRECTION('',(-1.,-4.39491298330895E-15,0.));
#14165=DIRECTION('center_axis',(0.,0.,1.));
#14166=DIRECTION('ref_axis',(-0.707109012633077,0.707104549732976,0.));
#14167=DIRECTION('',(6.31149385375018E-6,-0.999999999980082,0.));
#14168=DIRECTION('center_axis',(0.,0.,1.));
#14169=DIRECTION('ref_axis',(-0.707104549732976,-0.707109012633077,0.));
#14170=DIRECTION('',(1.,2.19745649165448E-15,0.));
#14171=DIRECTION('center_axis',(0.,0.,1.));
#14172=DIRECTION('ref_axis',(0.866025403784444,-0.499999999999991,0.));
#14173=DIRECTION('',(0.499999999999995,0.866025403784442,0.));
#14174=DIRECTION('center_axis',(0.,0.,1.));
#14175=DIRECTION('ref_axis',(0.86602540378444,0.499999999999998,0.));
#14176=DIRECTION('',(0.499999999999999,-0.866025403784439,0.));
#14177=DIRECTION('center_axis',(0.,0.,1.));
#14178=DIRECTION('ref_axis',(-1.18423789293348E-14,-1.,0.));
#14179=DIRECTION('',(1.,1.09872824582724E-15,0.));
#14180=DIRECTION('center_axis',(0.,0.,1.));
#14181=DIRECTION('ref_axis',(0.707063922588964,-0.707149637186578,0.));
#14182=DIRECTION('',(0.000121218746211822,0.999999992653008,0.));
#14183=DIRECTION('center_axis',(0.,0.,1.));
#14184=DIRECTION('ref_axis',(0.707149637186575,0.707063922588967,0.));
#14185=DIRECTION('',(-1.,-2.19745649165448E-15,0.));
#14186=DIRECTION('center_axis',(0.,0.,1.));
#14187=DIRECTION('ref_axis',(-0.86602540378444,0.499999999999997,0.));
#14188=DIRECTION('',(-0.499999999999998,-0.86602540378444,0.));
#14189=DIRECTION('center_axis',(0.,0.,1.));
#14190=DIRECTION('ref_axis',(-0.866025403784442,-0.499999999999994,0.));
#14191=DIRECTION('center_axis',(0.,0.,1.));
#14192=DIRECTION('ref_axis',(0.866025403784438,0.500000000000001,0.));
#14193=DIRECTION('',(-0.500000000000002,0.866025403784438,0.));
#14194=DIRECTION('center_axis',(0.,0.,1.));
#14195=DIRECTION('ref_axis',(3.94745964311164E-15,1.,0.));
#14196=DIRECTION('',(-1.,-4.39491298330895E-15,0.));
#14197=DIRECTION('center_axis',(0.,0.,1.));
#14198=DIRECTION('ref_axis',(-0.86602540378444,0.499999999999997,0.));
#14199=DIRECTION('',(-0.499999999999997,-0.86602540378444,0.));
#14200=DIRECTION('center_axis',(0.,0.,1.));
#14201=DIRECTION('ref_axis',(-0.86602540378444,0.499999999999997,0.));
#14202=DIRECTION('',(1.,0.,0.));
#14203=DIRECTION('center_axis',(0.,0.,1.));
#14204=DIRECTION('ref_axis',(0.866025403784437,-0.500000000000004,0.));
#14205=DIRECTION('',(0.499999999999999,0.866025403784439,0.));
#14206=DIRECTION('center_axis',(0.,0.,1.));
#14207=DIRECTION('ref_axis',(0.866025403784447,0.499999999999986,0.));
#14208=DIRECTION('',(-0.500000000000001,0.866025403784438,0.));
#14209=DIRECTION('center_axis',(0.,0.,1.));
#14210=DIRECTION('ref_axis',(0.,1.,0.));
#14211=DIRECTION('',(-1.,-2.19767164158122E-15,0.));
#14212=DIRECTION('center_axis',(0.,0.,1.));
#14213=DIRECTION('ref_axis',(-0.866025403784439,0.5,0.));
#14214=DIRECTION('',(-0.5,-0.866025403784438,0.));
#14215=DIRECTION('center_axis',(0.,0.,1.));
#14216=DIRECTION('ref_axis',(-0.866025403784442,-0.499999999999994,0.));
#14217=DIRECTION('',(0.500000000000005,-0.866025403784436,0.));
#14218=DIRECTION('center_axis',(0.,0.,1.));
#14219=DIRECTION('ref_axis',(0.,-1.,0.));
#14220=DIRECTION('',(1.,2.19767164158123E-15,0.));
#14221=DIRECTION('',(-0.499999999999997,-0.86602540378444,0.));
#14222=DIRECTION('center_axis',(0.,0.,1.));
#14223=DIRECTION('ref_axis',(-0.866025403784442,-0.499999999999994,0.));
#14224=DIRECTION('',(0.499999999999999,-0.866025403784439,0.));
#14225=DIRECTION('center_axis',(0.,0.,1.));
#14226=DIRECTION('ref_axis',(-1.18423789293349E-14,-1.,0.));
#14227=DIRECTION('',(1.,2.19745649165448E-15,0.));
#14228=DIRECTION('center_axis',(0.,0.,1.));
#14229=DIRECTION('ref_axis',(0.866025403784444,-0.499999999999991,0.));
#14230=DIRECTION('',(0.499999999999995,0.866025403784442,0.));
#14231=DIRECTION('center_axis',(0.,0.,1.));
#14232=DIRECTION('ref_axis',(0.86602540378444,0.499999999999998,0.));
#14233=DIRECTION('',(-0.500000000000002,0.866025403784438,0.));
#14234=DIRECTION('center_axis',(0.,0.,1.));
#14235=DIRECTION('ref_axis',(3.94745964311164E-15,1.,0.));
#14236=DIRECTION('',(-1.,-4.39491298330895E-15,0.));
#14237=DIRECTION('center_axis',(0.,0.,1.));
#14238=DIRECTION('ref_axis',(-0.86602540378444,0.499999999999997,0.));
#14239=DIRECTION('',(1.,1.09872824582724E-15,0.));
#14240=DIRECTION('center_axis',(0.,0.,1.));
#14241=DIRECTION('ref_axis',(0.866025403784443,-0.499999999999992,0.));
#14242=DIRECTION('',(0.499999999999995,0.866025403784442,0.));
#14243=DIRECTION('center_axis',(0.,0.,1.));
#14244=DIRECTION('ref_axis',(0.866025403784439,0.499999999999999,0.));
#14245=DIRECTION('',(-0.500000000000002,0.866025403784438,0.));
#14246=DIRECTION('center_axis',(0.,0.,1.));
#14247=DIRECTION('ref_axis',(0.499999999999997,0.86602540378444,0.));
#14248=DIRECTION('',(-1.,6.84912225088103E-17,0.));
#14249=DIRECTION('center_axis',(0.,0.,-1.));
#14250=DIRECTION('ref_axis',(-0.707106781186547,0.707106781186547,0.));
#14251=DIRECTION('',(0.,1.,0.));
#14252=DIRECTION('center_axis',(0.,0.,-1.));
#14253=DIRECTION('ref_axis',(0.,-1.,0.));
#14254=DIRECTION('center_axis',(0.,0.,1.));
#14255=DIRECTION('ref_axis',(-0.579721519741716,-0.814814678039342,0.));
#14256=DIRECTION('center_axis',(0.,0.,1.));
#14257=DIRECTION('ref_axis',(-0.579721519741716,-0.814814678039342,0.));
#14258=DIRECTION('',(0.,0.,-1.));
#14259=DIRECTION('center_axis',(0.,0.,1.));
#14260=DIRECTION('ref_axis',(-0.499564186608801,0.866276874594888,0.));
#14261=DIRECTION('center_axis',(0.,0.,1.));
#14262=DIRECTION('ref_axis',(1.,0.,0.));
#14263=DIRECTION('',(0.,0.,1.));
#14264=DIRECTION('center_axis',(0.,0.,-1.));
#14265=DIRECTION('ref_axis',(0.995605710902206,0.0936443720621438,0.));
#14266=DIRECTION('center_axis',(0.,0.,1.));
#14267=DIRECTION('ref_axis',(0.995605710902206,0.0936443720621438,0.));
#14268=DIRECTION('',(0.,0.,-1.));
#14269=DIRECTION('center_axis',(0.,0.,1.));
#14270=DIRECTION('ref_axis',(0.743560843183451,-0.668668282846073,0.));
#14271=DIRECTION('',(0.,0.,1.));
#14272=DIRECTION('center_axis',(0.,0.,1.));
#14273=DIRECTION('ref_axis',(0.743560843183451,-0.668668282846073,0.));
#14274=DIRECTION('center_axis',(-0.866276874594888,-0.4995641866088,0.));
#14275=DIRECTION('ref_axis',(0.4995641866088,-0.866276874594888,0.));
#14276=DIRECTION('',(0.,0.,1.));
#14277=DIRECTION('',(0.4995641866088,-0.866276874594888,0.));
#14278=DIRECTION('center_axis',(0.,0.,-1.));
#14279=DIRECTION('ref_axis',(0.707106781186548,0.707106781186548,0.));
#14280=DIRECTION('',(0.,0.,-1.));
#14281=DIRECTION('center_axis',(-1.,-1.64477485129653E-16,0.));
#14282=DIRECTION('ref_axis',(1.64477485129653E-16,-1.,0.));
#14283=DIRECTION('',(1.64477485129653E-16,-1.,0.));
#14284=DIRECTION('',(0.,0.,1.));
#14285=DIRECTION('center_axis',(0.,0.,1.));
#14286=DIRECTION('ref_axis',(-0.871254791599983,-0.490831017880972,0.));
#14287=DIRECTION('',(0.,0.,1.));
#14288=DIRECTION('center_axis',(0.,0.,1.));
#14289=DIRECTION('ref_axis',(-0.871254791599983,-0.490831017880972,0.));
#14290=DIRECTION('center_axis',(0.,0.,1.));
#14291=DIRECTION('ref_axis',(-0.866276874594889,-0.499564186608799,0.));
#14292=DIRECTION('',(0.,0.,1.));
#14293=DIRECTION('center_axis',(0.,0.,1.));
#14294=DIRECTION('ref_axis',(-0.866276874594889,-0.499564186608799,0.));
#14295=DIRECTION('center_axis',(-0.4995641866088,0.866276874594888,0.));
#14296=DIRECTION('ref_axis',(-0.866276874594888,-0.4995641866088,0.));
#14297=DIRECTION('',(-0.866276874594888,-0.4995641866088,0.));
#14298=DIRECTION('center_axis',(0.,0.,1.));
#14299=DIRECTION('ref_axis',(5.92118946466745E-15,1.,0.));
#14300=DIRECTION('',(0.,0.,1.));
#14301=DIRECTION('center_axis',(0.,0.,1.));
#14302=DIRECTION('ref_axis',(5.92118946466745E-15,1.,0.));
#14303=DIRECTION('',(0.,0.,1.));
#14304=DIRECTION('center_axis',(1.,0.,0.));
#14305=DIRECTION('ref_axis',(0.,1.,0.));
#14306=DIRECTION('',(0.,0.,1.));
#14307=DIRECTION('',(0.,1.,0.));
#14308=DIRECTION('center_axis',(0.,0.,1.));
#14309=DIRECTION('ref_axis',(1.,0.,0.));
#14310=DIRECTION('',(0.,0.,1.));
#14311=DIRECTION('center_axis',(0.,0.,1.));
#14312=DIRECTION('ref_axis',(1.,0.,0.));
#14313=DIRECTION('center_axis',(0.,-1.,0.));
#14314=DIRECTION('ref_axis',(1.,0.,0.));
#14315=DIRECTION('',(0.,0.,1.));
#14316=DIRECTION('',(1.,0.,0.));
#14317=DIRECTION('center_axis',(0.,0.,1.));
#14318=DIRECTION('ref_axis',(-2.22044604925031E-15,-1.,0.));
#14319=DIRECTION('center_axis',(0.,0.,1.));
#14320=DIRECTION('ref_axis',(-2.22044604925031E-15,-1.,0.));
#14321=DIRECTION('center_axis',(0.,1.,0.));
#14322=DIRECTION('ref_axis',(-1.,0.,0.));
#14323=DIRECTION('',(-1.,0.,0.));
#14324=DIRECTION('center_axis',(0.,0.,-1.));
#14325=DIRECTION('ref_axis',(1.,0.,0.));
#14326=DIRECTION('center_axis',(0.,0.,1.));
#14327=DIRECTION('ref_axis',(-0.703011102583753,0.71117887317044,0.));
#14328=DIRECTION('',(0.,0.,1.));
#14329=DIRECTION('center_axis',(0.,0.,1.));
#14330=DIRECTION('ref_axis',(-0.703011102583753,0.71117887317044,0.));
#14331=DIRECTION('',(0.,0.,-1.));
#14332=DIRECTION('center_axis',(0.,0.,1.));
#14333=DIRECTION('ref_axis',(1.,0.,0.));
#14334=DIRECTION('',(0.,0.,-1.));
#14335=DIRECTION('center_axis',(0.,0.,1.));
#14336=DIRECTION('ref_axis',(1.,0.,0.));
#14337=DIRECTION('center_axis',(0.,0.,-1.));
#14338=DIRECTION('ref_axis',(-0.537745924870675,0.843106944749586,0.));
#14339=DIRECTION('center_axis',(0.,0.,1.));
#14340=DIRECTION('ref_axis',(-0.537745924870675,0.843106944749586,0.));
#14341=DIRECTION('',(0.,0.,1.));
#14342=DIRECTION('center_axis',(0.,0.,-1.));
#14343=DIRECTION('ref_axis',(0.,-1.,0.));
#14344=DIRECTION('',(0.,0.,1.));
#14345=DIRECTION('center_axis',(0.,0.,1.));
#14346=DIRECTION('ref_axis',(0.,-1.,0.));
#14347=DIRECTION('',(0.,0.,-1.));
#14348=DIRECTION('center_axis',(1.09872824582724E-15,-1.,0.));
#14349=DIRECTION('ref_axis',(1.,1.09872824582724E-15,0.));
#14350=DIRECTION('',(-1.,-1.09872824582724E-15,0.));
#14351=DIRECTION('',(0.,0.,1.));
#14352=DIRECTION('center_axis',(0.,0.,-1.));
#14353=DIRECTION('ref_axis',(-0.707106781186547,0.707106781186547,0.));
#14354=DIRECTION('center_axis',(0.,0.,1.));
#14355=DIRECTION('ref_axis',(-0.707106781186547,0.707106781186547,0.));
#14356=DIRECTION('',(0.,0.,-1.));
#14357=DIRECTION('',(0.,0.,1.));
#14358=DIRECTION('center_axis',(1.,0.,0.));
#14359=DIRECTION('ref_axis',(0.,1.,0.));
#14360=DIRECTION('',(0.,1.,0.));
#14361=DIRECTION('center_axis',(0.,0.,-1.));
#14362=DIRECTION('ref_axis',(0.594677279921801,0.803964509630126,0.));
#14363=DIRECTION('center_axis',(0.,0.,1.));
#14364=DIRECTION('ref_axis',(0.594677279921801,0.803964509630126,0.));
#14365=DIRECTION('',(0.,0.,-1.));
#14366=DIRECTION('',(0.,0.,1.));
#14367=DIRECTION('center_axis',(0.,-1.,0.));
#14368=DIRECTION('ref_axis',(1.,0.,0.));
#14369=DIRECTION('',(1.,0.,0.));
#14370=DIRECTION('',(0.,0.,1.));
#14371=DIRECTION('center_axis',(0.,0.,1.));
#14372=DIRECTION('ref_axis',(-0.500000000000001,0.866025403784438,0.));
#14373=DIRECTION('center_axis',(0.,0.,1.));
#14374=DIRECTION('ref_axis',(-0.500000000000001,0.866025403784438,0.));
#14375=DIRECTION('',(0.,0.,-1.));
#14376=DIRECTION('center_axis',(0.,0.,-1.));
#14377=DIRECTION('ref_axis',(0.499999999999999,0.866025403784439,0.));
#14378=DIRECTION('center_axis',(0.,0.,1.));
#14379=DIRECTION('ref_axis',(0.499999999999999,0.866025403784439,0.));
#14380=DIRECTION('',(0.,0.,-1.));
#14381=DIRECTION('',(0.,0.,1.));
#14382=DIRECTION('center_axis',(0.,-1.,0.));
#14383=DIRECTION('ref_axis',(1.,0.,0.));
#14384=DIRECTION('',(1.,0.,0.));
#14385=DIRECTION('',(0.,0.,1.));
#14386=DIRECTION('center_axis',(0.,0.,1.));
#14387=DIRECTION('ref_axis',(-0.707109012633079,0.707104549732974,0.));
#14388=DIRECTION('center_axis',(0.,0.,1.));
#14389=DIRECTION('ref_axis',(-0.707109012633079,0.707104549732974,0.));
#14390=DIRECTION('',(0.,0.,-1.));
#14391=DIRECTION('center_axis',(0.,0.,-1.));
#14392=DIRECTION('ref_axis',(-0.0189998099680869,-0.999819487318174,0.));
#14393=DIRECTION('center_axis',(0.,0.,1.));
#14394=DIRECTION('ref_axis',(-0.0189998099680869,-0.999819487318174,0.));
#14395=DIRECTION('',(0.,0.,-1.));
#14396=DIRECTION('',(0.,0.,1.));
#14397=DIRECTION('center_axis',(-0.4995641866088,0.866276874594888,0.));
#14398=DIRECTION('ref_axis',(-0.866276874594888,-0.4995641866088,0.));
#14399=DIRECTION('',(-0.866276874594888,-0.4995641866088,0.));
#14400=DIRECTION('',(0.,0.,1.));
#14401=DIRECTION('center_axis',(0.,0.,1.));
#14402=DIRECTION('ref_axis',(0.965860681910589,-0.259062044960685,0.));
#14403=DIRECTION('center_axis',(0.,0.,1.));
#14404=DIRECTION('ref_axis',(0.965860681910589,-0.259062044960685,0.));
#14405=DIRECTION('',(0.,0.,-1.));
#14406=DIRECTION('center_axis',(0.,0.,-1.));
#14407=DIRECTION('ref_axis',(-0.259062044960686,-0.965860681910589,0.));
#14408=DIRECTION('center_axis',(0.,0.,1.));
#14409=DIRECTION('ref_axis',(-0.259062044960686,-0.965860681910589,0.));
#14410=DIRECTION('',(0.,0.,-1.));
#14411=DIRECTION('',(0.,0.,1.));
#14412=DIRECTION('center_axis',(-0.4995641866088,0.866276874594888,0.));
#14413=DIRECTION('ref_axis',(-0.866276874594888,-0.4995641866088,0.));
#14414=DIRECTION('',(-0.866276874594888,-0.4995641866088,0.));
#14415=DIRECTION('',(0.,0.,1.));
#14416=DIRECTION('center_axis',(0.,0.,1.));
#14417=DIRECTION('ref_axis',(0.965860681910589,-0.259062044960685,0.));
#14418=DIRECTION('center_axis',(0.,0.,1.));
#14419=DIRECTION('ref_axis',(0.965860681910589,-0.259062044960685,0.));
#14420=DIRECTION('',(0.,0.,-1.));
#14421=DIRECTION('center_axis',(0.,0.,-1.));
#14422=DIRECTION('ref_axis',(-0.923976133114746,0.382450134572237,0.));
#14423=DIRECTION('center_axis',(0.,0.,1.));
#14424=DIRECTION('ref_axis',(-0.923976133114746,0.382450134572237,0.));
#14425=DIRECTION('',(0.,0.,-1.));
#14426=DIRECTION('',(0.,0.,1.));
#14427=DIRECTION('center_axis',(0.866276874594888,0.4995641866088,0.));
#14428=DIRECTION('ref_axis',(-0.4995641866088,0.866276874594888,0.));
#14429=DIRECTION('',(-0.4995641866088,0.866276874594888,0.));
#14430=DIRECTION('',(0.,0.,1.));
#14431=DIRECTION('center_axis',(0.,0.,1.));
#14432=DIRECTION('ref_axis',(-0.132816901954852,-0.991140590711083,0.));
#14433=DIRECTION('center_axis',(0.,0.,1.));
#14434=DIRECTION('ref_axis',(-0.132816901954852,-0.991140590711083,0.));
#14435=DIRECTION('',(0.,0.,-1.));
#14436=DIRECTION('center_axis',(0.,0.,1.));
#14437=DIRECTION('ref_axis',(0.866025403784444,-0.499999999999991,0.));
#14438=DIRECTION('center_axis',(0.,0.,-1.));
#14439=DIRECTION('ref_axis',(0.866025403784444,-0.499999999999991,0.));
#14440=DIRECTION('',(0.,0.,1.));
#14441=DIRECTION('center_axis',(0.,0.,1.));
#14442=DIRECTION('ref_axis',(1.,0.,0.));
#14443=DIRECTION('',(0.,0.,-1.));
#14444=DIRECTION('center_axis',(0.,0.,1.));
#14445=DIRECTION('ref_axis',(1.,0.,0.));
#14446=DIRECTION('center_axis',(0.866025403784438,0.500000000000002,0.));
#14447=DIRECTION('ref_axis',(-0.500000000000002,0.866025403784438,0.));
#14448=DIRECTION('',(0.,0.,1.));
#14449=DIRECTION('',(0.500000000000002,-0.866025403784438,0.));
#14450=DIRECTION('center_axis',(-0.129000711830094,0.991644500991827,0.));
#14451=DIRECTION('ref_axis',(-0.991644500991827,-0.129000711830094,0.));
#14452=DIRECTION('',(-0.991644500991827,-0.129000711830094,0.));
#14453=DIRECTION('',(0.,0.,-1.));
#14454=DIRECTION('',(-0.991644500991827,-0.129000711830094,0.));
#14455=DIRECTION('',(0.,0.,1.));
#14456=DIRECTION('center_axis',(0.,0.,1.));
#14457=DIRECTION('ref_axis',(1.,0.,0.));
#14458=DIRECTION('',(0.,0.,-1.));
#14459=DIRECTION('center_axis',(0.,0.,1.));
#14460=DIRECTION('ref_axis',(1.,0.,0.));
#14461=DIRECTION('center_axis',(-0.86602540378444,0.499999999999998,0.));
#14462=DIRECTION('ref_axis',(-0.499999999999998,-0.86602540378444,0.));
#14463=DIRECTION('',(0.499999999999998,0.86602540378444,0.));
#14464=DIRECTION('',(0.,0.,1.));
#14465=DIRECTION('center_axis',(-0.866025403784436,-0.500000000000005,0.));
#14466=DIRECTION('ref_axis',(0.500000000000005,-0.866025403784436,0.));
#14467=DIRECTION('',(0.,0.,1.));
#14468=DIRECTION('',(-0.500000000000005,0.866025403784436,0.));
#14469=DIRECTION('center_axis',(0.,0.,-1.));
#14470=DIRECTION('ref_axis',(1.,0.,0.));
#14471=DIRECTION('',(-0.000121218746211727,-0.999999992653008,0.));
#14472=DIRECTION('center_axis',(0.,0.,1.));
#14473=DIRECTION('ref_axis',(-0.999999992653008,0.000121218746151902,0.));
#14474=DIRECTION('',(-1.,3.61383680655621E-9,0.));
#14475=DIRECTION('center_axis',(0.,0.,1.));
#14476=DIRECTION('ref_axis',(3.61383727175997E-9,1.,0.));
#14477=DIRECTION('',(0.000124514206197479,0.999999992248106,0.));
#14478=DIRECTION('center_axis',(0.,0.,1.));
#14479=DIRECTION('ref_axis',(0.999999992248106,-0.000124514206221804,0.));
#14480=DIRECTION('',(1.,-1.26850923713917E-14,0.));
#14481=DIRECTION('center_axis',(0.,0.,1.));
#14482=DIRECTION('ref_axis',(0.,-1.,0.));
#14483=DIRECTION('',(0.,-1.,0.));
#14484=DIRECTION('center_axis',(0.999999992248106,-0.000124514206197479,
0.));
#14485=DIRECTION('ref_axis',(0.000124514206197479,0.999999992248106,0.));
#14486=DIRECTION('',(0.,0.,1.));
#14487=DIRECTION('',(0.,0.,1.));
#14488=DIRECTION('center_axis',(0.,0.,1.));
#14489=DIRECTION('ref_axis',(3.61383727175997E-9,1.,0.));
#14490=DIRECTION('',(0.,0.,1.));
#14491=DIRECTION('center_axis',(3.61383680655621E-9,1.,0.));
#14492=DIRECTION('ref_axis',(-1.,3.61383680655621E-9,0.));
#14493=DIRECTION('',(0.,0.,1.));
#14494=DIRECTION('center_axis',(0.,0.,1.));
#14495=DIRECTION('ref_axis',(-0.999999992653008,0.000121218746151902,0.));
#14496=DIRECTION('',(0.,0.,1.));
#14497=DIRECTION('center_axis',(0.,0.,-1.));
#14498=DIRECTION('ref_axis',(1.,0.,0.));
#14499=DIRECTION('center_axis',(0.,0.,-1.));
#14500=DIRECTION('ref_axis',(-1.,0.,0.));
#14501=DIRECTION('center_axis',(0.,0.,-1.));
#14502=DIRECTION('ref_axis',(1.,0.,0.));
#14503=DIRECTION('center_axis',(0.,0.,-1.));
#14504=DIRECTION('ref_axis',(-1.,0.,0.));
#14505=DIRECTION('center_axis',(0.,0.,-1.));
#14506=DIRECTION('ref_axis',(1.,0.,0.));
#14507=DIRECTION('center_axis',(0.,0.,-1.));
#14508=DIRECTION('ref_axis',(-1.,0.,0.));
#14509=DIRECTION('center_axis',(0.,0.,-1.));
#14510=DIRECTION('ref_axis',(1.,0.,0.));
#14511=DIRECTION('center_axis',(0.,0.,-1.));
#14512=DIRECTION('ref_axis',(-1.,0.,0.));
#14513=DIRECTION('center_axis',(0.,0.,-1.));
#14514=DIRECTION('ref_axis',(1.,0.,0.));
#14515=DIRECTION('center_axis',(0.,0.,-1.));
#14516=DIRECTION('ref_axis',(-1.,0.,0.));
#14517=DIRECTION('center_axis',(0.,0.,-1.));
#14518=DIRECTION('ref_axis',(0.0917471858994354,0.995782332580537,0.));
#14519=DIRECTION('',(0.,0.,1.));
#14520=DIRECTION('center_axis',(0.,0.,1.));
#14521=DIRECTION('ref_axis',(0.0917471858994354,0.995782332580537,0.));
#14522=DIRECTION('',(0.,0.,-1.));
#14523=DIRECTION('center_axis',(0.,0.,1.));
#14524=DIRECTION('ref_axis',(3.94745964311162E-15,1.,0.));
#14525=DIRECTION('',(0.,0.,1.));
#14526=DIRECTION('center_axis',(0.,0.,-1.));
#14527=DIRECTION('ref_axis',(3.94745964311162E-15,1.,0.));
#14528=DIRECTION('center_axis',(0.866025403784438,0.500000000000002,0.));
#14529=DIRECTION('ref_axis',(-0.500000000000002,0.866025403784438,0.));
#14530=DIRECTION('',(0.,0.,1.));
#14531=DIRECTION('',(0.500000000000002,-0.866025403784438,0.));
#14532=DIRECTION('center_axis',(0.,0.,1.));
#14533=DIRECTION('ref_axis',(0.866025403784442,0.499999999999995,0.));
#14534=DIRECTION('',(0.,0.,1.));
#14535=DIRECTION('center_axis',(0.,0.,-1.));
#14536=DIRECTION('ref_axis',(0.866025403784442,0.499999999999995,0.));
#14537=DIRECTION('center_axis',(0.866025403784439,-0.499999999999999,0.));
#14538=DIRECTION('ref_axis',(0.499999999999999,0.866025403784439,0.));
#14539=DIRECTION('',(0.,0.,1.));
#14540=DIRECTION('',(-0.499999999999999,-0.866025403784439,0.));
#14541=DIRECTION('center_axis',(0.,0.,1.));
#14542=DIRECTION('ref_axis',(0.866025403784435,-0.500000000000006,0.));
#14543=DIRECTION('',(0.,0.,-1.));
#14544=DIRECTION('center_axis',(0.,0.,-1.));
#14545=DIRECTION('ref_axis',(0.866025403784435,-0.500000000000006,0.));
#14546=DIRECTION('center_axis',(0.,0.,1.));
#14547=DIRECTION('ref_axis',(0.0917471858994228,-0.995782332580538,0.));
#14548=DIRECTION('',(0.,0.,1.));
#14549=DIRECTION('center_axis',(0.,0.,1.));
#14550=DIRECTION('ref_axis',(0.0917471858994228,-0.995782332580538,0.));
#14551=DIRECTION('center_axis',(0.,0.,1.));
#14552=DIRECTION('ref_axis',(1.,0.,0.));
#14553=DIRECTION('',(0.,0.,-1.));
#14554=DIRECTION('center_axis',(0.,0.,1.));
#14555=DIRECTION('ref_axis',(1.,0.,0.));
#14556=DIRECTION('center_axis',(0.,0.,1.));
#14557=DIRECTION('ref_axis',(0.,1.,0.));
#14558=DIRECTION('',(0.,0.,1.));
#14559=DIRECTION('center_axis',(0.,0.,-1.));
#14560=DIRECTION('ref_axis',(0.,1.,0.));
#14561=DIRECTION('',(0.,0.,1.));
#14562=DIRECTION('center_axis',(0.866025403784438,0.500000000000002,0.));
#14563=DIRECTION('ref_axis',(-0.500000000000002,0.866025403784438,0.));
#14564=DIRECTION('',(0.,0.,1.));
#14565=DIRECTION('',(0.500000000000002,-0.866025403784438,0.));
#14566=DIRECTION('center_axis',(0.,0.,1.));
#14567=DIRECTION('ref_axis',(0.866025403784447,0.499999999999985,0.));
#14568=DIRECTION('',(0.,0.,1.));
#14569=DIRECTION('center_axis',(0.,0.,-1.));
#14570=DIRECTION('ref_axis',(0.866025403784447,0.499999999999985,0.));
#14571=DIRECTION('center_axis',(0.866025403784439,-0.499999999999999,0.));
#14572=DIRECTION('ref_axis',(0.499999999999999,0.866025403784439,0.));
#14573=DIRECTION('',(0.,0.,1.));
#14574=DIRECTION('',(-0.499999999999999,-0.866025403784439,0.));
#14575=DIRECTION('center_axis',(0.,0.,1.));
#14576=DIRECTION('ref_axis',(0.866025403784437,-0.500000000000004,0.));
#14577=DIRECTION('',(0.,0.,-1.));
#14578=DIRECTION('center_axis',(0.,0.,-1.));
#14579=DIRECTION('ref_axis',(0.866025403784437,-0.500000000000004,0.));
#14580=DIRECTION('center_axis',(0.,0.,1.));
#14581=DIRECTION('ref_axis',(0.0917471858994222,-0.995782332580538,0.));
#14582=DIRECTION('',(0.,0.,1.));
#14583=DIRECTION('center_axis',(0.,0.,1.));
#14584=DIRECTION('ref_axis',(0.0917471858994222,-0.995782332580538,0.));
#14585=DIRECTION('center_axis',(0.,0.,1.));
#14586=DIRECTION('ref_axis',(1.,0.,0.));
#14587=DIRECTION('',(0.,0.,-1.));
#14588=DIRECTION('center_axis',(0.,0.,1.));
#14589=DIRECTION('ref_axis',(1.,0.,0.));
#14590=DIRECTION('center_axis',(-0.866025403784439,-0.499999999999999,0.));
#14591=DIRECTION('ref_axis',(0.499999999999999,-0.866025403784439,0.));
#14592=DIRECTION('',(0.,0.,-1.));
#14593=DIRECTION('',(-0.499999999999999,0.866025403784439,0.));
#14594=DIRECTION('',(0.,0.,1.));
#14595=DIRECTION('center_axis',(0.,0.,-1.));
#14596=DIRECTION('ref_axis',(-0.866025403784439,-0.499999999999999,0.));
#14597=DIRECTION('',(0.,0.,1.));
#14598=DIRECTION('center_axis',(0.,0.,1.));
#14599=DIRECTION('ref_axis',(-0.866025403784439,-0.499999999999999,0.));
#14600=DIRECTION('center_axis',(1.5621155830031E-9,-1.,0.));
#14601=DIRECTION('ref_axis',(1.,1.5621155830031E-9,0.));
#14602=DIRECTION('',(0.,0.,-1.));
#14603=DIRECTION('',(1.,1.5621155830031E-9,0.));
#14604=DIRECTION('center_axis',(-3.61383086083056E-9,-1.,0.));
#14605=DIRECTION('ref_axis',(1.,-3.61383086083056E-9,0.));
#14606=DIRECTION('',(0.,0.,-1.));
#14607=DIRECTION('',(1.,-3.61383086083056E-9,0.));
#14608=DIRECTION('',(1.,-3.61383086083056E-9,0.));
#14609=DIRECTION('',(0.,0.,-1.));
#14610=DIRECTION('center_axis',(0.,0.,1.));
#14611=DIRECTION('ref_axis',(-0.866025403784438,0.500000000000001,0.));
#14612=DIRECTION('',(0.,0.,1.));
#14613=DIRECTION('center_axis',(0.,0.,-1.));
#14614=DIRECTION('ref_axis',(-0.866025403784438,0.500000000000001,0.));
#14615=DIRECTION('',(0.,0.,1.));
#14616=DIRECTION('center_axis',(-1.09883582079061E-15,1.,0.));
#14617=DIRECTION('ref_axis',(-1.,-1.09883582079061E-15,0.));
#14618=DIRECTION('',(0.,0.,1.));
#14619=DIRECTION('',(1.,1.09883582079061E-15,0.));
#14620=DIRECTION('center_axis',(0.,0.,1.));
#14621=DIRECTION('ref_axis',(3.94745964311162E-15,1.,0.));
#14622=DIRECTION('',(0.,0.,1.));
#14623=DIRECTION('center_axis',(0.,0.,-1.));
#14624=DIRECTION('ref_axis',(3.94745964311162E-15,1.,0.));
#14625=DIRECTION('center_axis',(0.866025403784438,0.500000000000002,0.));
#14626=DIRECTION('ref_axis',(-0.500000000000002,0.866025403784438,0.));
#14627=DIRECTION('',(0.,0.,1.));
#14628=DIRECTION('',(0.500000000000002,-0.866025403784438,0.));
#14629=DIRECTION('center_axis',(0.,0.,1.));
#14630=DIRECTION('ref_axis',(0.866025403784447,0.499999999999985,0.));
#14631=DIRECTION('',(0.,0.,1.));
#14632=DIRECTION('center_axis',(0.,0.,-1.));
#14633=DIRECTION('ref_axis',(0.866025403784447,0.499999999999985,0.));
#14634=DIRECTION('center_axis',(0.866025403784439,-0.499999999999999,0.));
#14635=DIRECTION('ref_axis',(0.499999999999999,0.866025403784439,0.));
#14636=DIRECTION('',(0.,0.,1.));
#14637=DIRECTION('',(-0.499999999999999,-0.866025403784439,0.));
#14638=DIRECTION('center_axis',(0.,0.,1.));
#14639=DIRECTION('ref_axis',(0.866025403784439,0.499999999999999,0.));
#14640=DIRECTION('',(0.,0.,1.));
#14641=DIRECTION('center_axis',(0.,0.,-1.));
#14642=DIRECTION('ref_axis',(0.866025403784439,0.499999999999999,0.));
#14643=DIRECTION('',(0.,0.,1.));
#14644=DIRECTION('center_axis',(0.866025403784441,-0.499999999999995,0.));
#14645=DIRECTION('ref_axis',(0.499999999999995,0.866025403784442,0.));
#14646=DIRECTION('',(0.,0.,1.));
#14647=DIRECTION('',(-0.499999999999995,-0.866025403784442,0.));
#14648=DIRECTION('center_axis',(0.,0.,1.));
#14649=DIRECTION('ref_axis',(0.866025403784443,-0.499999999999992,0.));
#14650=DIRECTION('',(0.,0.,1.));
#14651=DIRECTION('center_axis',(0.,0.,-1.));
#14652=DIRECTION('ref_axis',(0.866025403784443,-0.499999999999992,0.));
#14653=DIRECTION('center_axis',(1.09872824582724E-15,-1.,0.));
#14654=DIRECTION('ref_axis',(1.,1.09872824582724E-15,0.));
#14655=DIRECTION('',(0.,0.,1.));
#14656=DIRECTION('',(-1.,-1.09872824582724E-15,0.));
#14657=DIRECTION('center_axis',(0.,0.,1.));
#14658=DIRECTION('ref_axis',(-1.18423789293348E-14,-1.,0.));
#14659=DIRECTION('',(0.,0.,1.));
#14660=DIRECTION('center_axis',(0.,0.,-1.));
#14661=DIRECTION('ref_axis',(-1.18423789293348E-14,-1.,0.));
#14662=DIRECTION('center_axis',(-0.866025403784439,-0.499999999999999,0.));
#14663=DIRECTION('ref_axis',(0.499999999999999,-0.866025403784439,0.));
#14664=DIRECTION('',(0.,0.,1.));
#14665=DIRECTION('',(-0.499999999999999,0.866025403784439,0.));
#14666=DIRECTION('center_axis',(0.,0.,1.));
#14667=DIRECTION('ref_axis',(-0.866025403784442,-0.499999999999994,0.));
#14668=DIRECTION('',(0.,0.,1.));
#14669=DIRECTION('center_axis',(0.,0.,-1.));
#14670=DIRECTION('ref_axis',(-0.866025403784442,-0.499999999999994,0.));
#14671=DIRECTION('',(0.,0.,1.));
#14672=DIRECTION('center_axis',(-0.866025403784439,0.5,0.));
#14673=DIRECTION('ref_axis',(-0.5,-0.866025403784439,0.));
#14674=DIRECTION('',(0.,0.,1.));
#14675=DIRECTION('',(0.5,0.866025403784439,0.));
#14676=DIRECTION('center_axis',(0.,0.,1.));
#14677=DIRECTION('ref_axis',(-0.866025403784439,0.499999999999999,0.));
#14678=DIRECTION('',(0.,0.,1.));
#14679=DIRECTION('center_axis',(0.,0.,-1.));
#14680=DIRECTION('ref_axis',(-0.866025403784439,0.499999999999999,0.));
#14681=DIRECTION('center_axis',(-2.19767164158122E-15,1.,0.));
#14682=DIRECTION('ref_axis',(-1.,-2.19767164158122E-15,0.));
#14683=DIRECTION('',(0.,0.,1.));
#14684=DIRECTION('',(1.,2.19767164158122E-15,0.));
#14685=DIRECTION('center_axis',(0.,0.,1.));
#14686=DIRECTION('ref_axis',(0.,1.,0.));
#14687=DIRECTION('',(0.,0.,1.));
#14688=DIRECTION('center_axis',(0.,0.,-1.));
#14689=DIRECTION('ref_axis',(0.,1.,0.));
#14690=DIRECTION('center_axis',(0.866025403784438,0.500000000000002,0.));
#14691=DIRECTION('ref_axis',(-0.500000000000002,0.866025403784438,0.));
#14692=DIRECTION('',(0.,0.,1.));
#14693=DIRECTION('',(0.500000000000002,-0.866025403784438,0.));
#14694=DIRECTION('center_axis',(0.,0.,-1.));
#14695=DIRECTION('ref_axis',(0.499999999999997,0.86602540378444,0.));
#14696=DIRECTION('',(0.,0.,1.));
#14697=DIRECTION('center_axis',(0.,0.,1.));
#14698=DIRECTION('ref_axis',(0.499999999999997,0.86602540378444,0.));
#14699=DIRECTION('',(0.,0.,-1.));
#14700=DIRECTION('center_axis',(0.866025403784438,0.500000000000002,0.));
#14701=DIRECTION('ref_axis',(-0.500000000000002,0.866025403784438,0.));
#14702=DIRECTION('',(0.,0.,1.));
#14703=DIRECTION('',(0.500000000000002,-0.866025403784438,0.));
#14704=DIRECTION('center_axis',(0.,0.,1.));
#14705=DIRECTION('ref_axis',(0.866025403784439,0.499999999999999,0.));
#14706=DIRECTION('',(0.,0.,1.));
#14707=DIRECTION('center_axis',(0.,0.,-1.));
#14708=DIRECTION('ref_axis',(0.866025403784439,0.499999999999999,0.));
#14709=DIRECTION('center_axis',(0.866025403784441,-0.499999999999995,0.));
#14710=DIRECTION('ref_axis',(0.499999999999995,0.866025403784442,0.));
#14711=DIRECTION('',(0.,0.,1.));
#14712=DIRECTION('',(-0.499999999999995,-0.866025403784442,0.));
#14713=DIRECTION('center_axis',(0.,0.,1.));
#14714=DIRECTION('ref_axis',(0.866025403784443,-0.499999999999992,0.));
#14715=DIRECTION('center_axis',(0.,0.,-1.));
#14716=DIRECTION('ref_axis',(0.866025403784443,-0.499999999999992,0.));
#14717=DIRECTION('center_axis',(-1.26850923713917E-14,-1.,0.));
#14718=DIRECTION('ref_axis',(1.,-1.26850923713917E-14,0.));
#14719=DIRECTION('',(0.,0.,1.));
#14720=DIRECTION('',(0.,0.,1.));
#14721=DIRECTION('center_axis',(0.,0.,1.));
#14722=DIRECTION('ref_axis',(0.,-1.,0.));
#14723=DIRECTION('',(0.,0.,1.));
#14724=DIRECTION('center_axis',(-1.,0.,0.));
#14725=DIRECTION('ref_axis',(0.,-1.,0.));
#14726=DIRECTION('',(0.,0.,1.));
#14727=DIRECTION('center_axis',(-0.999999992653008,0.000121218746211727,
0.));
#14728=DIRECTION('ref_axis',(-0.000121218746211727,-0.999999992653008,0.));
#14729=DIRECTION('center_axis',(0.,0.,1.));
#14730=DIRECTION('ref_axis',(0.86602540378444,0.499999999999998,0.));
#14731=DIRECTION('',(0.,0.,1.));
#14732=DIRECTION('center_axis',(0.,0.,-1.));
#14733=DIRECTION('ref_axis',(0.86602540378444,0.499999999999998,0.));
#14734=DIRECTION('',(0.,0.,1.));
#14735=DIRECTION('center_axis',(0.866025403784441,-0.499999999999995,0.));
#14736=DIRECTION('ref_axis',(0.499999999999995,0.866025403784442,0.));
#14737=DIRECTION('',(0.,0.,1.));
#14738=DIRECTION('',(-0.499999999999995,-0.866025403784442,0.));
#14739=DIRECTION('center_axis',(0.,0.,1.));
#14740=DIRECTION('ref_axis',(0.866025403784444,-0.499999999999991,0.));
#14741=DIRECTION('',(0.,0.,1.));
#14742=DIRECTION('center_axis',(0.,0.,-1.));
#14743=DIRECTION('ref_axis',(0.866025403784444,-0.499999999999991,0.));
#14744=DIRECTION('center_axis',(2.19745649165448E-15,-1.,0.));
#14745=DIRECTION('ref_axis',(1.,2.19745649165448E-15,0.));
#14746=DIRECTION('',(0.,0.,1.));
#14747=DIRECTION('',(-1.,-2.19745649165448E-15,0.));
#14748=DIRECTION('center_axis',(0.,0.,1.));
#14749=DIRECTION('ref_axis',(-1.18423789293349E-14,-1.,0.));
#14750=DIRECTION('',(0.,0.,1.));
#14751=DIRECTION('center_axis',(0.,0.,-1.));
#14752=DIRECTION('ref_axis',(-1.18423789293349E-14,-1.,0.));
#14753=DIRECTION('center_axis',(-0.866025403784439,-0.499999999999999,0.));
#14754=DIRECTION('ref_axis',(0.499999999999999,-0.866025403784439,0.));
#14755=DIRECTION('',(0.,0.,1.));
#14756=DIRECTION('',(-0.499999999999999,0.866025403784439,0.));
#14757=DIRECTION('center_axis',(0.,0.,1.));
#14758=DIRECTION('ref_axis',(3.94745964311164E-15,1.,0.));
#14759=DIRECTION('',(0.,0.,1.));
#14760=DIRECTION('center_axis',(0.,0.,-1.));
#14761=DIRECTION('ref_axis',(3.94745964311164E-15,1.,0.));
#14762=DIRECTION('',(0.,0.,1.));
#14763=DIRECTION('center_axis',(0.866025403784438,0.500000000000002,0.));
#14764=DIRECTION('ref_axis',(-0.500000000000002,0.866025403784438,0.));
#14765=DIRECTION('',(0.,0.,1.));
#14766=DIRECTION('',(0.500000000000002,-0.866025403784438,0.));
#14767=DIRECTION('center_axis',(0.,0.,1.));
#14768=DIRECTION('ref_axis',(0.866025403784439,0.499999999999999,0.));
#14769=DIRECTION('',(0.,0.,1.));
#14770=DIRECTION('center_axis',(0.,0.,-1.));
#14771=DIRECTION('ref_axis',(0.866025403784439,0.499999999999999,0.));
#14772=DIRECTION('center_axis',(0.866025403784441,-0.499999999999995,0.));
#14773=DIRECTION('ref_axis',(0.499999999999995,0.866025403784442,0.));
#14774=DIRECTION('',(0.,0.,1.));
#14775=DIRECTION('',(-0.499999999999995,-0.866025403784442,0.));
#14776=DIRECTION('center_axis',(0.,0.,1.));
#14777=DIRECTION('ref_axis',(0.866025403784443,-0.499999999999992,0.));
#14778=DIRECTION('',(0.,0.,1.));
#14779=DIRECTION('center_axis',(0.,0.,-1.));
#14780=DIRECTION('ref_axis',(0.866025403784443,-0.499999999999992,0.));
#14781=DIRECTION('center_axis',(1.09872824582724E-15,-1.,0.));
#14782=DIRECTION('ref_axis',(1.,1.09872824582724E-15,0.));
#14783=DIRECTION('',(0.,0.,1.));
#14784=DIRECTION('',(-1.,-1.09872824582724E-15,0.));
#14785=DIRECTION('center_axis',(0.866025403784441,-0.499999999999995,0.));
#14786=DIRECTION('ref_axis',(0.499999999999995,0.866025403784442,0.));
#14787=DIRECTION('',(-0.499999999999995,-0.866025403784442,0.));
#14788=DIRECTION('',(0.,0.,1.));
#14789=DIRECTION('center_axis',(0.,0.,1.));
#14790=DIRECTION('ref_axis',(0.957148318079916,0.289598165043889,0.));
#14791=DIRECTION('',(0.,0.,1.));
#14792=DIRECTION('center_axis',(0.,0.,1.));
#14793=DIRECTION('ref_axis',(0.957148318079916,0.289598165043889,0.));
#14794=DIRECTION('',(0.,0.,-1.));
#14795=DIRECTION('center_axis',(0.,0.,1.));
#14796=DIRECTION('ref_axis',(-0.990488360333483,0.137596540813669,0.));
#14797=DIRECTION('',(0.,0.,-1.));
#14798=DIRECTION('center_axis',(0.,0.,1.));
#14799=DIRECTION('ref_axis',(1.,0.,0.));
#14800=DIRECTION('center_axis',(0.,0.,1.));
#14801=DIRECTION('ref_axis',(0.209967729335162,0.97770831674781,0.));
#14802=DIRECTION('',(0.,0.,1.));
#14803=DIRECTION('center_axis',(0.,0.,1.));
#14804=DIRECTION('ref_axis',(0.209967729335162,0.97770831674781,0.));
#14805=DIRECTION('center_axis',(0.,0.,1.));
#14806=DIRECTION('ref_axis',(1.,0.,0.));
#14807=DIRECTION('',(0.,0.,-1.));
#14808=DIRECTION('center_axis',(0.,0.,1.));
#14809=DIRECTION('ref_axis',(1.,0.,0.));
#14810=DIRECTION('center_axis',(0.,0.,1.));
#14811=DIRECTION('ref_axis',(0.866025403784439,-0.5,0.));
#14812=DIRECTION('',(0.,0.,1.));
#14813=DIRECTION('center_axis',(0.,0.,1.));
#14814=DIRECTION('ref_axis',(0.866025403784439,-0.5,0.));
#14815=DIRECTION('center_axis',(0.866025403784441,-0.499999999999995,0.));
#14816=DIRECTION('ref_axis',(0.499999999999995,0.866025403784442,0.));
#14817=DIRECTION('',(0.,0.,1.));
#14818=DIRECTION('',(-0.499999999999995,-0.866025403784442,0.));
#14819=DIRECTION('',(0.,0.,1.));
#14820=DIRECTION('center_axis',(0.,0.,1.));
#14821=DIRECTION('ref_axis',(0.866025403784444,-0.499999999999991,0.));
#14822=DIRECTION('',(0.,0.,-1.));
#14823=DIRECTION('center_axis',(0.,0.,-1.));
#14824=DIRECTION('ref_axis',(0.866025403784444,-0.499999999999991,0.));
#14825=DIRECTION('center_axis',(0.,0.,1.));
#14826=DIRECTION('ref_axis',(-0.0154051686836951,-0.999881333348026,0.));
#14827=DIRECTION('',(0.,0.,1.));
#14828=DIRECTION('center_axis',(0.,0.,1.));
#14829=DIRECTION('ref_axis',(-0.0154051686836951,-0.999881333348026,0.));
#14830=DIRECTION('center_axis',(0.866276874594889,0.499564186608798,0.));
#14831=DIRECTION('ref_axis',(-0.499564186608798,0.86627687459489,0.));
#14832=DIRECTION('',(0.,0.,-1.));
#14833=DIRECTION('',(-0.499564186608798,0.86627687459489,0.));
#14834=DIRECTION('',(-0.499564186608798,0.86627687459489,0.));
#14835=DIRECTION('',(0.,0.,-1.));
#14836=DIRECTION('',(-0.499564186608798,0.86627687459489,0.));
#14837=DIRECTION('center_axis',(0.,0.,-1.));
#14838=DIRECTION('ref_axis',(-0.965990093526156,-0.25857907728455,0.));
#14839=DIRECTION('',(0.,0.,1.));
#14840=DIRECTION('center_axis',(0.,0.,1.));
#14841=DIRECTION('ref_axis',(-0.965990093526156,-0.25857907728455,0.));
#14842=DIRECTION('center_axis',(-0.999999999980083,-6.31149385375019E-6,
0.));
#14843=DIRECTION('ref_axis',(6.31149385375018E-6,-0.999999999980082,0.));
#14844=DIRECTION('',(0.,0.,-1.));
#14845=DIRECTION('',(-6.31149385375018E-6,0.999999999980082,0.));
#14846=DIRECTION('center_axis',(0.,0.,1.));
#14847=DIRECTION('ref_axis',(0.866025403784447,0.499999999999985,0.));
#14848=DIRECTION('',(0.,0.,1.));
#14849=DIRECTION('center_axis',(0.,0.,-1.));
#14850=DIRECTION('ref_axis',(0.866025403784447,0.499999999999985,0.));
#14851=DIRECTION('',(0.,0.,1.));
#14852=DIRECTION('center_axis',(0.866025403784439,-0.499999999999999,0.));
#14853=DIRECTION('ref_axis',(0.499999999999999,0.866025403784439,0.));
#14854=DIRECTION('',(0.,0.,1.));
#14855=DIRECTION('',(-0.499999999999999,-0.866025403784439,0.));
#14856=DIRECTION('center_axis',(0.,0.,1.));
#14857=DIRECTION('ref_axis',(0.866025403784437,-0.500000000000004,0.));
#14858=DIRECTION('',(0.,0.,1.));
#14859=DIRECTION('center_axis',(0.,0.,-1.));
#14860=DIRECTION('ref_axis',(0.866025403784437,-0.500000000000004,0.));
#14861=DIRECTION('center_axis',(2.19767164158123E-15,-1.,0.));
#14862=DIRECTION('ref_axis',(1.,2.19767164158123E-15,0.));
#14863=DIRECTION('',(0.,0.,1.));
#14864=DIRECTION('',(-1.,-2.19767164158123E-15,0.));
#14865=DIRECTION('center_axis',(0.,0.,1.));
#14866=DIRECTION('ref_axis',(0.,-1.,0.));
#14867=DIRECTION('',(0.,0.,1.));
#14868=DIRECTION('center_axis',(0.,0.,-1.));
#14869=DIRECTION('ref_axis',(0.,-1.,0.));
#14870=DIRECTION('center_axis',(-0.866025403784436,-0.500000000000005,0.));
#14871=DIRECTION('ref_axis',(0.500000000000005,-0.866025403784436,0.));
#14872=DIRECTION('',(0.,0.,1.));
#14873=DIRECTION('',(-0.500000000000005,0.866025403784436,0.));
#14874=DIRECTION('center_axis',(-4.39491298330895E-15,1.,0.));
#14875=DIRECTION('ref_axis',(-1.,-4.39491298330895E-15,0.));
#14876=DIRECTION('',(0.,0.,1.));
#14877=DIRECTION('',(1.,4.39491298330895E-15,0.));
#14878=DIRECTION('',(0.,0.,1.));
#14879=DIRECTION('center_axis',(0.,0.,1.));
#14880=DIRECTION('ref_axis',(3.94745964311164E-15,1.,0.));
#14881=DIRECTION('',(0.,0.,1.));
#14882=DIRECTION('center_axis',(0.,0.,-1.));
#14883=DIRECTION('ref_axis',(3.94745964311164E-15,1.,0.));
#14884=DIRECTION('center_axis',(0.866025403784438,0.500000000000002,0.));
#14885=DIRECTION('ref_axis',(-0.500000000000002,0.866025403784438,0.));
#14886=DIRECTION('',(0.500000000000002,-0.866025403784438,0.));
#14887=DIRECTION('center_axis',(0.,0.,1.));
#14888=DIRECTION('ref_axis',(3.94745964311164E-15,1.,0.));
#14889=DIRECTION('',(0.,0.,1.));
#14890=DIRECTION('center_axis',(0.,0.,-1.));
#14891=DIRECTION('ref_axis',(3.94745964311164E-15,1.,0.));
#14892=DIRECTION('',(0.,0.,1.));
#14893=DIRECTION('center_axis',(0.866025403784438,0.500000000000002,0.));
#14894=DIRECTION('ref_axis',(-0.500000000000002,0.866025403784438,0.));
#14895=DIRECTION('',(0.,0.,1.));
#14896=DIRECTION('',(0.500000000000002,-0.866025403784438,0.));
#14897=DIRECTION('center_axis',(0.,0.,1.));
#14898=DIRECTION('ref_axis',(0.86602540378444,0.499999999999998,0.));
#14899=DIRECTION('',(0.,0.,1.));
#14900=DIRECTION('center_axis',(0.,0.,-1.));
#14901=DIRECTION('ref_axis',(0.86602540378444,0.499999999999998,0.));
#14902=DIRECTION('center_axis',(0.866025403784441,-0.499999999999995,0.));
#14903=DIRECTION('ref_axis',(0.499999999999995,0.866025403784442,0.));
#14904=DIRECTION('',(0.,0.,1.));
#14905=DIRECTION('',(-0.499999999999995,-0.866025403784442,0.));
#14906=DIRECTION('center_axis',(0.,0.,1.));
#14907=DIRECTION('ref_axis',(0.866025403784444,-0.499999999999991,0.));
#14908=DIRECTION('',(0.,0.,1.));
#14909=DIRECTION('center_axis',(0.,0.,-1.));
#14910=DIRECTION('ref_axis',(0.866025403784444,-0.499999999999991,0.));
#14911=DIRECTION('center_axis',(2.19745649165448E-15,-1.,0.));
#14912=DIRECTION('ref_axis',(1.,2.19745649165448E-15,0.));
#14913=DIRECTION('',(0.,0.,1.));
#14914=DIRECTION('',(-1.,-2.19745649165448E-15,0.));
#14915=DIRECTION('center_axis',(-0.866025403784437,0.500000000000003,0.));
#14916=DIRECTION('ref_axis',(-0.500000000000003,-0.866025403784437,0.));
#14917=DIRECTION('',(0.,0.,1.));
#14918=DIRECTION('',(0.500000000000003,0.866025403784437,0.));
#14919=DIRECTION('',(0.,0.,1.));
#14920=DIRECTION('center_axis',(0.,0.,1.));
#14921=DIRECTION('ref_axis',(-0.866025403784438,0.500000000000001,0.));
#14922=DIRECTION('',(0.,0.,-1.));
#14923=DIRECTION('center_axis',(0.,0.,-1.));
#14924=DIRECTION('ref_axis',(-0.866025403784438,0.500000000000001,0.));
#14925=DIRECTION('center_axis',(0.,0.,1.));
#14926=DIRECTION('ref_axis',(-0.0917471858994351,0.995782332580537,0.));
#14927=DIRECTION('',(0.,0.,1.));
#14928=DIRECTION('center_axis',(0.,0.,1.));
#14929=DIRECTION('ref_axis',(-0.0917471858994351,0.995782332580537,0.));
#14930=DIRECTION('center_axis',(0.,0.,1.));
#14931=DIRECTION('ref_axis',(1.,0.,0.));
#14932=DIRECTION('',(0.,0.,-1.));
#14933=DIRECTION('center_axis',(0.,0.,1.));
#14934=DIRECTION('ref_axis',(1.,0.,0.));
#14935=DIRECTION('center_axis',(0.,0.,1.));
#14936=DIRECTION('ref_axis',(0.0917471858994358,0.995782332580537,0.));
#14937=DIRECTION('',(0.,0.,1.));
#14938=DIRECTION('center_axis',(0.,0.,1.));
#14939=DIRECTION('ref_axis',(0.0917471858994358,0.995782332580537,0.));
#14940=DIRECTION('center_axis',(0.,0.,1.));
#14941=DIRECTION('ref_axis',(3.94745964311162E-15,1.,0.));
#14942=DIRECTION('',(0.,0.,1.));
#14943=DIRECTION('center_axis',(0.,0.,-1.));
#14944=DIRECTION('ref_axis',(3.94745964311162E-15,1.,0.));
#14945=DIRECTION('center_axis',(0.866025403784438,0.500000000000002,0.));
#14946=DIRECTION('ref_axis',(-0.500000000000002,0.866025403784438,0.));
#14947=DIRECTION('',(0.,0.,1.));
#14948=DIRECTION('',(0.500000000000002,-0.866025403784438,0.));
#14949=DIRECTION('center_axis',(0.,0.,1.));
#14950=DIRECTION('ref_axis',(-0.866025403784442,-0.499999999999994,0.));
#14951=DIRECTION('',(0.,0.,1.));
#14952=DIRECTION('center_axis',(0.,0.,-1.));
#14953=DIRECTION('ref_axis',(-0.866025403784442,-0.499999999999994,0.));
#14954=DIRECTION('',(0.,0.,1.));
#14955=DIRECTION('center_axis',(-0.866025403784439,0.5,0.));
#14956=DIRECTION('ref_axis',(-0.5,-0.866025403784439,0.));
#14957=DIRECTION('',(0.,0.,1.));
#14958=DIRECTION('',(0.5,0.866025403784439,0.));
#14959=DIRECTION('center_axis',(0.,0.,1.));
#14960=DIRECTION('ref_axis',(-0.866025403784439,0.5,0.));
#14961=DIRECTION('',(0.,0.,1.));
#14962=DIRECTION('center_axis',(0.,0.,-1.));
#14963=DIRECTION('ref_axis',(-0.866025403784439,0.5,0.));
#14964=DIRECTION('center_axis',(-2.19767164158122E-15,1.,0.));
#14965=DIRECTION('ref_axis',(-1.,-2.19767164158122E-15,0.));
#14966=DIRECTION('',(0.,0.,1.));
#14967=DIRECTION('',(1.,2.19767164158122E-15,0.));
#14968=DIRECTION('center_axis',(0.,0.,1.));
#14969=DIRECTION('ref_axis',(0.,1.,0.));
#14970=DIRECTION('',(0.,0.,1.));
#14971=DIRECTION('center_axis',(0.,0.,-1.));
#14972=DIRECTION('ref_axis',(0.,1.,0.));
#14973=DIRECTION('center_axis',(0.866025403784438,0.500000000000001,0.));
#14974=DIRECTION('ref_axis',(-0.500000000000001,0.866025403784438,0.));
#14975=DIRECTION('',(0.,0.,1.));
#14976=DIRECTION('',(0.500000000000001,-0.866025403784438,0.));
#14977=DIRECTION('center_axis',(0.,0.,1.));
#14978=DIRECTION('ref_axis',(-0.866025403784439,0.499999999999999,0.));
#14979=DIRECTION('',(0.,0.,1.));
#14980=DIRECTION('center_axis',(0.,0.,-1.));
#14981=DIRECTION('ref_axis',(-0.866025403784439,0.499999999999999,0.));
#14982=DIRECTION('',(0.,0.,1.));
#14983=DIRECTION('center_axis',(-2.19767164158122E-15,1.,0.));
#14984=DIRECTION('ref_axis',(-1.,-2.19767164158122E-15,0.));
#14985=DIRECTION('',(0.,0.,1.));
#14986=DIRECTION('',(1.,2.19767164158122E-15,0.));
#14987=DIRECTION('center_axis',(0.,0.,1.));
#14988=DIRECTION('ref_axis',(0.,1.,0.));
#14989=DIRECTION('',(0.,0.,1.));
#14990=DIRECTION('center_axis',(0.,0.,-1.));
#14991=DIRECTION('ref_axis',(0.,1.,0.));
#14992=DIRECTION('center_axis',(0.866025403784438,0.500000000000002,0.));
#14993=DIRECTION('ref_axis',(-0.500000000000002,0.866025403784438,0.));
#14994=DIRECTION('',(0.,0.,1.));
#14995=DIRECTION('',(0.500000000000002,-0.866025403784438,0.));
#14996=DIRECTION('center_axis',(0.,0.,1.));
#14997=DIRECTION('ref_axis',(0.866025403784447,0.499999999999985,0.));
#14998=DIRECTION('',(0.,0.,1.));
#14999=DIRECTION('center_axis',(0.,0.,-1.));
#15000=DIRECTION('ref_axis',(0.866025403784447,0.499999999999985,0.));
#15001=DIRECTION('center_axis',(0.866025403784439,-0.499999999999999,0.));
#15002=DIRECTION('ref_axis',(0.499999999999999,0.866025403784439,0.));
#15003=DIRECTION('',(0.,0.,1.));
#15004=DIRECTION('',(-0.499999999999999,-0.866025403784439,0.));
#15005=DIRECTION('center_axis',(0.,0.,1.));
#15006=DIRECTION('ref_axis',(-0.866025403784442,-0.499999999999994,0.));
#15007=DIRECTION('',(0.,0.,1.));
#15008=DIRECTION('center_axis',(0.,0.,-1.));
#15009=DIRECTION('ref_axis',(-0.866025403784442,-0.499999999999994,0.));
#15010=DIRECTION('',(0.,0.,1.));
#15011=DIRECTION('center_axis',(-0.86602540378444,0.499999999999998,0.));
#15012=DIRECTION('ref_axis',(-0.499999999999998,-0.86602540378444,0.));
#15013=DIRECTION('',(0.499999999999998,0.86602540378444,0.));
#15014=DIRECTION('center_axis',(0.999999992653008,-0.000121218746211822,
0.));
#15015=DIRECTION('ref_axis',(0.000121218746211822,0.999999992653008,0.));
#15016=DIRECTION('',(0.,0.,-1.));
#15017=DIRECTION('',(-0.000121218746211822,-0.999999992653008,0.));
#15018=DIRECTION('',(0.,0.,1.));
#15019=DIRECTION('center_axis',(0.,0.,1.));
#15020=DIRECTION('ref_axis',(0.707063922588964,-0.707149637186578,0.));
#15021=DIRECTION('',(0.,0.,1.));
#15022=DIRECTION('center_axis',(0.,0.,1.));
#15023=DIRECTION('ref_axis',(0.707063922588964,-0.707149637186578,0.));
#15024=DIRECTION('center_axis',(2.19745649165448E-15,-1.,0.));
#15025=DIRECTION('ref_axis',(1.,2.19745649165448E-15,0.));
#15026=DIRECTION('',(0.,0.,1.));
#15027=DIRECTION('',(-1.,-2.19745649165448E-15,0.));
#15028=DIRECTION('center_axis',(0.,0.,1.));
#15029=DIRECTION('ref_axis',(-1.18423789293349E-14,-1.,0.));
#15030=DIRECTION('',(0.,0.,1.));
#15031=DIRECTION('center_axis',(0.,0.,-1.));
#15032=DIRECTION('ref_axis',(-1.18423789293349E-14,-1.,0.));
#15033=DIRECTION('center_axis',(-0.866025403784439,-0.499999999999999,0.));
#15034=DIRECTION('ref_axis',(0.499999999999999,-0.866025403784439,0.));
#15035=DIRECTION('',(0.,0.,1.));
#15036=DIRECTION('',(-0.499999999999999,0.866025403784439,0.));
#15037=DIRECTION('center_axis',(-0.999999999980083,-6.31149385375019E-6,
0.));
#15038=DIRECTION('ref_axis',(6.31149385375018E-6,-0.999999999980082,0.));
#15039=DIRECTION('',(-6.31149385375018E-6,0.999999999980082,0.));
#15040=DIRECTION('',(0.,0.,1.));
#15041=DIRECTION('center_axis',(-0.999999999980083,-6.31149385375019E-6,
0.));
#15042=DIRECTION('ref_axis',(6.31149385375018E-6,-0.999999999980082,0.));
#15043=DIRECTION('',(0.,0.,-1.));
#15044=DIRECTION('',(-6.31149385375018E-6,0.999999999980082,0.));
#15045=DIRECTION('',(0.,0.,1.));
#15046=DIRECTION('center_axis',(0.,0.,1.));
#15047=DIRECTION('ref_axis',(-0.707109012633077,0.707104549732976,0.));
#15048=DIRECTION('',(0.,0.,1.));
#15049=DIRECTION('center_axis',(0.,0.,1.));
#15050=DIRECTION('ref_axis',(-0.707109012633077,0.707104549732976,0.));
#15051=DIRECTION('center_axis',(-4.39491298330895E-15,1.,0.));
#15052=DIRECTION('ref_axis',(-1.,-4.39491298330895E-15,0.));
#15053=DIRECTION('',(0.,0.,1.));
#15054=DIRECTION('',(1.,4.39491298330895E-15,0.));
#15055=DIRECTION('center_axis',(0.,0.,1.));
#15056=DIRECTION('ref_axis',(3.94745964311164E-15,1.,0.));
#15057=DIRECTION('',(0.,0.,1.));
#15058=DIRECTION('center_axis',(0.,0.,-1.));
#15059=DIRECTION('ref_axis',(3.94745964311164E-15,1.,0.));
#15060=DIRECTION('center_axis',(0.866025403784438,0.500000000000002,0.));
#15061=DIRECTION('ref_axis',(-0.500000000000002,0.866025403784438,0.));
#15062=DIRECTION('',(0.,0.,1.));
#15063=DIRECTION('',(0.500000000000002,-0.866025403784438,0.));
#15064=DIRECTION('center_axis',(0.999999992653008,-0.000121218746211822,
0.));
#15065=DIRECTION('ref_axis',(0.000121218746211822,0.999999992653008,0.));
#15066=DIRECTION('',(0.,0.,-1.));
#15067=DIRECTION('',(-0.000121218746211822,-0.999999992653008,0.));
#15068=DIRECTION('',(0.,0.,1.));
#15069=DIRECTION('center_axis',(0.,0.,1.));
#15070=DIRECTION('ref_axis',(0.707063922588964,-0.707149637186578,0.));
#15071=DIRECTION('',(0.,0.,1.));
#15072=DIRECTION('center_axis',(0.,0.,1.));
#15073=DIRECTION('ref_axis',(0.707063922588964,-0.707149637186578,0.));
#15074=DIRECTION('center_axis',(1.09872824582724E-15,-1.,0.));
#15075=DIRECTION('ref_axis',(1.,1.09872824582724E-15,0.));
#15076=DIRECTION('',(0.,0.,1.));
#15077=DIRECTION('',(-1.,-1.09872824582724E-15,0.));
#15078=DIRECTION('center_axis',(0.,0.,1.));
#15079=DIRECTION('ref_axis',(-1.18423789293348E-14,-1.,0.));
#15080=DIRECTION('',(0.,0.,1.));
#15081=DIRECTION('center_axis',(0.,0.,-1.));
#15082=DIRECTION('ref_axis',(-1.18423789293348E-14,-1.,0.));
#15083=DIRECTION('center_axis',(-0.866025403784439,-0.499999999999999,0.));
#15084=DIRECTION('ref_axis',(0.499999999999999,-0.866025403784439,0.));
#15085=DIRECTION('',(0.,0.,1.));
#15086=DIRECTION('',(-0.499999999999999,0.866025403784439,0.));
#15087=DIRECTION('center_axis',(-4.39491298330895E-15,1.,0.));
#15088=DIRECTION('ref_axis',(-1.,-4.39491298330895E-15,0.));
#15089=DIRECTION('',(0.,0.,1.));
#15090=DIRECTION('',(1.,4.39491298330895E-15,0.));
#15091=DIRECTION('',(0.,0.,1.));
#15092=DIRECTION('center_axis',(0.,0.,1.));
#15093=DIRECTION('ref_axis',(3.94745964311164E-15,1.,0.));
#15094=DIRECTION('',(0.,0.,1.));
#15095=DIRECTION('center_axis',(0.,0.,-1.));
#15096=DIRECTION('ref_axis',(3.94745964311164E-15,1.,0.));
#15097=DIRECTION('center_axis',(0.866025403784438,0.500000000000002,0.));
#15098=DIRECTION('ref_axis',(-0.500000000000002,0.866025403784438,0.));
#15099=DIRECTION('',(0.,0.,-1.));
#15100=DIRECTION('',(0.500000000000002,-0.866025403784438,0.));
#15101=DIRECTION('center_axis',(0.,0.,-1.));
#15102=DIRECTION('ref_axis',(0.866025403784438,0.500000000000001,0.));
#15103=DIRECTION('',(0.,0.,1.));
#15104=DIRECTION('center_axis',(0.,0.,1.));
#15105=DIRECTION('ref_axis',(0.866025403784438,0.500000000000001,0.));
#15106=DIRECTION('center_axis',(-2.19767164158122E-15,1.,0.));
#15107=DIRECTION('ref_axis',(-1.,-2.19767164158122E-15,0.));
#15108=DIRECTION('',(0.,0.,1.));
#15109=DIRECTION('',(1.,2.19767164158122E-15,0.));
#15110=DIRECTION('',(0.,0.,1.));
#15111=DIRECTION('center_axis',(0.,0.,1.));
#15112=DIRECTION('ref_axis',(0.,1.,0.));
#15113=DIRECTION('',(0.,0.,1.));
#15114=DIRECTION('center_axis',(0.,0.,-1.));
#15115=DIRECTION('ref_axis',(0.,1.,0.));
#15116=DIRECTION('center_axis',(0.866025403784438,0.500000000000001,0.));
#15117=DIRECTION('ref_axis',(-0.500000000000001,0.866025403784438,0.));
#15118=DIRECTION('',(0.,0.,1.));
#15119=DIRECTION('',(0.500000000000001,-0.866025403784438,0.));
#15120=DIRECTION('center_axis',(0.,0.,1.));
#15121=DIRECTION('ref_axis',(0.866025403784447,0.499999999999986,0.));
#15122=DIRECTION('',(0.,0.,1.));
#15123=DIRECTION('center_axis',(0.,0.,-1.));
#15124=DIRECTION('ref_axis',(0.866025403784447,0.499999999999986,0.));
#15125=DIRECTION('center_axis',(0.866025403784439,-0.499999999999999,0.));
#15126=DIRECTION('ref_axis',(0.499999999999999,0.866025403784439,0.));
#15127=DIRECTION('',(0.,0.,1.));
#15128=DIRECTION('',(-0.499999999999999,-0.866025403784439,0.));
#15129=DIRECTION('center_axis',(0.,0.,1.));
#15130=DIRECTION('ref_axis',(0.866025403784437,-0.500000000000004,0.));
#15131=DIRECTION('',(0.,0.,1.));
#15132=DIRECTION('center_axis',(0.,0.,-1.));
#15133=DIRECTION('ref_axis',(0.866025403784437,-0.500000000000004,0.));
#15134=DIRECTION('center_axis',(0.,0.,1.));
#15135=DIRECTION('ref_axis',(0.866025403784444,-0.499999999999991,0.));
#15136=DIRECTION('',(0.,0.,1.));
#15137=DIRECTION('center_axis',(0.,0.,-1.));
#15138=DIRECTION('ref_axis',(0.866025403784444,-0.499999999999991,0.));
#15139=DIRECTION('',(0.,0.,1.));
#15140=DIRECTION('center_axis',(2.19745649165448E-15,-1.,0.));
#15141=DIRECTION('ref_axis',(1.,2.19745649165448E-15,0.));
#15142=DIRECTION('',(0.,0.,1.));
#15143=DIRECTION('',(-1.,-2.19745649165448E-15,0.));
#15144=DIRECTION('center_axis',(0.,0.,1.));
#15145=DIRECTION('ref_axis',(-1.18423789293349E-14,-1.,0.));
#15146=DIRECTION('',(0.,0.,1.));
#15147=DIRECTION('center_axis',(0.,0.,-1.));
#15148=DIRECTION('ref_axis',(-1.18423789293349E-14,-1.,0.));
#15149=DIRECTION('center_axis',(-0.866025403784439,-0.499999999999999,0.));
#15150=DIRECTION('ref_axis',(0.499999999999999,-0.866025403784439,0.));
#15151=DIRECTION('',(0.,0.,1.));
#15152=DIRECTION('',(-0.499999999999999,0.866025403784439,0.));
#15153=DIRECTION('center_axis',(0.,0.,1.));
#15154=DIRECTION('ref_axis',(-0.866025403784442,-0.499999999999994,0.));
#15155=DIRECTION('',(0.,0.,1.));
#15156=DIRECTION('center_axis',(0.,0.,-1.));
#15157=DIRECTION('ref_axis',(-0.866025403784442,-0.499999999999994,0.));
#15158=DIRECTION('center_axis',(-0.86602540378444,0.499999999999997,0.));
#15159=DIRECTION('ref_axis',(-0.499999999999997,-0.86602540378444,0.));
#15160=DIRECTION('',(0.,0.,1.));
#15161=DIRECTION('',(0.499999999999997,0.86602540378444,0.));
#15162=DIRECTION('center_axis',(0.,0.,-1.));
#15163=DIRECTION('ref_axis',(1.,0.,0.));
#15164=DIRECTION('center_axis',(0.,0.,1.));
#15165=DIRECTION('ref_axis',(1.,0.,0.));
#15166=DIRECTION('center_axis',(0.,0.,-1.));
#15167=DIRECTION('ref_axis',(1.,0.,0.));
#15168=DIRECTION('center_axis',(0.,0.,1.));
#15169=DIRECTION('ref_axis',(1.,0.,0.));
#15170=DIRECTION('center_axis',(0.,0.,-1.));
#15171=DIRECTION('ref_axis',(1.,0.,0.));
#15172=DIRECTION('center_axis',(0.,0.,1.));
#15173=DIRECTION('ref_axis',(1.,0.,0.));
#15174=DIRECTION('center_axis',(0.,0.,-1.));
#15175=DIRECTION('ref_axis',(1.,0.,0.));
#15176=DIRECTION('center_axis',(0.,0.,-1.));
#15177=DIRECTION('ref_axis',(1.,0.,0.));
#15178=DIRECTION('center_axis',(0.,0.,1.));
#15179=DIRECTION('ref_axis',(1.,0.,0.));
#15180=DIRECTION('center_axis',(0.00102031155886382,-0.999999479482026,
0.));
#15181=DIRECTION('ref_axis',(0.999999479482026,0.00102031155886382,0.));
#15182=DIRECTION('',(0.999999479482026,0.00102031155886382,0.));
#15183=DIRECTION('',(0.,0.,-1.));
#15184=DIRECTION('',(0.999999479482026,0.00102031155886382,0.));
#15185=DIRECTION('center_axis',(-6.68814941610548E-17,-1.,0.));
#15186=DIRECTION('ref_axis',(1.,-6.68814941610548E-17,0.));
#15187=DIRECTION('',(1.,-6.68814941610548E-17,0.));
#15188=DIRECTION('',(0.,0.,-1.));
#15189=DIRECTION('',(1.,-6.68814941610548E-17,0.));
#15190=DIRECTION('',(0.,0.,-1.));
#15191=DIRECTION('center_axis',(0.,0.,1.));
#15192=DIRECTION('ref_axis',(0.7071237521786,0.707089809787171,0.));
#15193=DIRECTION('center_axis',(0.,0.,-1.));
#15194=DIRECTION('ref_axis',(0.7071237521786,0.707089809787171,0.));
#15195=DIRECTION('',(0.,0.,1.));
#15196=DIRECTION('center_axis',(0.,0.,1.));
#15197=DIRECTION('ref_axis',(0.7071237521786,0.707089809787171,0.));
#15198=DIRECTION('center_axis',(-0.999999998847914,4.80017902752423E-5,
0.));
#15199=DIRECTION('ref_axis',(-4.80017902752423E-5,-0.999999998847914,0.));
#15200=DIRECTION('',(-4.80017902752423E-5,-0.999999998847914,0.));
#15201=DIRECTION('',(0.,0.,-1.));
#15202=DIRECTION('',(-4.80017902752423E-5,-0.999999998847914,0.));
#15203=DIRECTION('center_axis',(0.000612102859639923,-0.999999812665027,
0.));
#15204=DIRECTION('ref_axis',(0.999999812665027,0.000612102859639923,0.));
#15205=DIRECTION('',(0.999999812665027,0.000612102859639923,0.));
#15206=DIRECTION('',(0.,0.,-1.));
#15207=DIRECTION('',(0.999999812665027,0.000612102859639923,0.));
#15208=DIRECTION('',(0.,0.,-1.));
#15209=DIRECTION('center_axis',(-0.807971748813695,0.589221225957568,0.));
#15210=DIRECTION('ref_axis',(-0.589221225957568,-0.807971748813695,0.));
#15211=DIRECTION('',(-0.589221225957568,-0.807971748813695,0.));
#15212=DIRECTION('',(0.,0.,-1.));
#15213=DIRECTION('',(-0.589221225957568,-0.807971748813695,0.));
#15214=DIRECTION('',(0.,0.,-1.));
#15215=DIRECTION('center_axis',(0.,1.,0.));
#15216=DIRECTION('ref_axis',(-1.,0.,0.));
#15217=DIRECTION('',(0.,0.,-1.));
#15218=DIRECTION('',(-1.,0.,0.));
#15219=DIRECTION('',(0.,0.,-1.));
#15220=DIRECTION('',(-1.,0.,0.));
#15221=DIRECTION('',(-1.,0.,0.));
#15222=DIRECTION('center_axis',(0.,0.,-1.));
#15223=DIRECTION('ref_axis',(-1.,0.,0.));
#15224=DIRECTION('center_axis',(0.,0.,-1.));
#15225=DIRECTION('ref_axis',(-1.,0.,0.));
#15226=DIRECTION('',(0.70710678118654,8.65956056235483E-17,-0.707106781186555));
#15227=DIRECTION('center_axis',(0.,0.,1.));
#15228=DIRECTION('ref_axis',(-1.,0.,0.));
#15229=DIRECTION('center_axis',(0.,0.,1.));
#15230=DIRECTION('ref_axis',(-1.,0.,0.));
#15231=DIRECTION('center_axis',(0.,0.,1.));
#15232=DIRECTION('ref_axis',(-1.,0.,0.));
#15233=DIRECTION('center_axis',(0.,0.,1.));
#15234=DIRECTION('ref_axis',(-1.,0.,0.));
#15235=DIRECTION('',(0.,0.,-1.));
#15236=DIRECTION('center_axis',(0.,0.,1.));
#15237=DIRECTION('ref_axis',(-1.,0.,0.));
#15238=DIRECTION('center_axis',(0.,0.,1.));
#15239=DIRECTION('ref_axis',(-1.,0.,0.));
#15240=DIRECTION('',(-0.70710678118654,-8.65956056235484E-17,-0.707106781186555));
#15241=DIRECTION('center_axis',(0.,0.,-1.));
#15242=DIRECTION('ref_axis',(-1.,0.,0.));
#15243=DIRECTION('center_axis',(0.,0.,-1.));
#15244=DIRECTION('ref_axis',(-1.,0.,0.));
#15245=DIRECTION('',(0.,0.,-1.));
#15246=DIRECTION('center_axis',(0.,0.,-1.));
#15247=DIRECTION('ref_axis',(-1.,0.,0.));
#15248=DIRECTION('center_axis',(0.,0.,-1.));
#15249=DIRECTION('ref_axis',(-1.,0.,0.));
#15250=DIRECTION('',(0.707106781186548,8.65956056235493E-17,-0.707106781186548));
#15251=DIRECTION('center_axis',(0.,0.,1.));
#15252=DIRECTION('ref_axis',(-1.,0.,0.));
#15253=DIRECTION('center_axis',(0.,0.,1.));
#15254=DIRECTION('ref_axis',(-1.,0.,0.));
#15255=DIRECTION('center_axis',(0.,0.,1.));
#15256=DIRECTION('ref_axis',(-1.,0.,0.));
#15257=DIRECTION('center_axis',(0.,0.,1.));
#15258=DIRECTION('ref_axis',(-1.,0.,0.));
#15259=DIRECTION('',(0.,0.,-1.));
#15260=DIRECTION('center_axis',(0.,0.,1.));
#15261=DIRECTION('ref_axis',(-1.,0.,0.));
#15262=DIRECTION('center_axis',(0.,0.,1.));
#15263=DIRECTION('ref_axis',(-1.,0.,0.));
#15264=DIRECTION('',(-0.707106781186547,-8.65956056235493E-17,-0.707106781186547));
#15265=DIRECTION('center_axis',(0.,0.,-1.));
#15266=DIRECTION('ref_axis',(-1.,0.,0.));
#15267=DIRECTION('center_axis',(0.,0.,-1.));
#15268=DIRECTION('ref_axis',(-1.,0.,0.));
#15269=DIRECTION('',(0.,0.,-1.));
#15270=DIRECTION('center_axis',(0.,0.,-1.));
#15271=DIRECTION('ref_axis',(-1.,0.,0.));
#15272=DIRECTION('center_axis',(0.,0.,-1.));
#15273=DIRECTION('ref_axis',(-1.,0.,0.));
#15274=DIRECTION('',(0.70710678118654,8.65956056235483E-17,-0.707106781186555));
#15275=DIRECTION('center_axis',(0.,0.,1.));
#15276=DIRECTION('ref_axis',(-1.,0.,0.));
#15277=DIRECTION('center_axis',(0.,0.,1.));
#15278=DIRECTION('ref_axis',(-1.,0.,0.));
#15279=DIRECTION('center_axis',(0.,0.,1.));
#15280=DIRECTION('ref_axis',(-1.,0.,0.));
#15281=DIRECTION('center_axis',(0.,0.,1.));
#15282=DIRECTION('ref_axis',(-1.,0.,0.));
#15283=DIRECTION('',(0.,0.,-1.));
#15284=DIRECTION('center_axis',(0.,0.,1.));
#15285=DIRECTION('ref_axis',(-1.,0.,0.));
#15286=DIRECTION('center_axis',(0.,0.,1.));
#15287=DIRECTION('ref_axis',(-1.,0.,0.));
#15288=DIRECTION('',(-0.70710678118654,-8.65956056235484E-17,-0.707106781186555));
#15289=DIRECTION('center_axis',(0.,0.,-1.));
#15290=DIRECTION('ref_axis',(-1.,0.,0.));
#15291=DIRECTION('center_axis',(0.,0.,-1.));
#15292=DIRECTION('ref_axis',(-1.,0.,0.));
#15293=DIRECTION('',(0.,0.,-1.));
#15294=DIRECTION('center_axis',(0.,0.,1.));
#15295=DIRECTION('ref_axis',(-1.,0.,0.));
#15296=DIRECTION('center_axis',(0.,0.,1.));
#15297=DIRECTION('ref_axis',(-1.,0.,0.));
#15298=DIRECTION('',(-0.70710678118654,-8.65956056235484E-17,-0.707106781186555));
#15299=DIRECTION('center_axis',(0.,0.,-1.));
#15300=DIRECTION('ref_axis',(-1.,0.,0.));
#15301=DIRECTION('center_axis',(0.,0.,1.));
#15302=DIRECTION('ref_axis',(-1.,0.,0.));
#15303=DIRECTION('center_axis',(0.,0.,-1.));
#15304=DIRECTION('ref_axis',(-1.,0.,0.));
#15305=DIRECTION('center_axis',(0.,0.,-1.));
#15306=DIRECTION('ref_axis',(-1.,0.,0.));
#15307=DIRECTION('',(0.,0.,-1.));
#15308=DIRECTION('center_axis',(0.,0.,-1.));
#15309=DIRECTION('ref_axis',(-1.,0.,0.));
#15310=DIRECTION('',(0.70710678118654,8.65956056235483E-17,-0.707106781186555));
#15311=DIRECTION('center_axis',(0.,0.,1.));
#15312=DIRECTION('ref_axis',(-1.,0.,0.));
#15313=DIRECTION('center_axis',(0.,0.,1.));
#15314=DIRECTION('ref_axis',(-1.,0.,0.));
#15315=DIRECTION('',(0.,0.,-1.));
#15316=DIRECTION('center_axis',(0.,0.,1.));
#15317=DIRECTION('ref_axis',(-1.,0.,0.));
#15318=DIRECTION('center_axis',(0.,0.,-1.));
#15319=DIRECTION('ref_axis',(-1.,0.,0.));
#15320=DIRECTION('center_axis',(0.,0.,-1.));
#15321=DIRECTION('ref_axis',(-1.,0.,0.));
#15322=DIRECTION('',(0.70710678118654,8.65956056235483E-17,-0.707106781186555));
#15323=DIRECTION('center_axis',(0.,0.,1.));
#15324=DIRECTION('ref_axis',(-1.,0.,0.));
#15325=DIRECTION('center_axis',(0.,0.,1.));
#15326=DIRECTION('ref_axis',(-1.,0.,0.));
#15327=DIRECTION('center_axis',(0.,0.,1.));
#15328=DIRECTION('ref_axis',(-1.,0.,0.));
#15329=DIRECTION('center_axis',(0.,0.,1.));
#15330=DIRECTION('ref_axis',(-1.,0.,0.));
#15331=DIRECTION('',(0.,0.,-1.));
#15332=DIRECTION('center_axis',(0.,0.,1.));
#15333=DIRECTION('ref_axis',(-1.,0.,0.));
#15334=DIRECTION('center_axis',(0.,0.,1.));
#15335=DIRECTION('ref_axis',(-1.,0.,0.));
#15336=DIRECTION('',(-0.70710678118654,-8.65956056235484E-17,-0.707106781186555));
#15337=DIRECTION('center_axis',(0.,0.,-1.));
#15338=DIRECTION('ref_axis',(-1.,0.,0.));
#15339=DIRECTION('center_axis',(0.,0.,-1.));
#15340=DIRECTION('ref_axis',(-1.,0.,0.));
#15341=DIRECTION('',(0.,0.,-1.));
#15342=DIRECTION('center_axis',(0.,0.,-1.));
#15343=DIRECTION('ref_axis',(0.509868091837026,-0.860252596001006,0.));
#15344=DIRECTION('center_axis',(0.,0.,-1.));
#15345=DIRECTION('ref_axis',(0.509868091837026,-0.860252596001006,0.));
#15346=DIRECTION('center_axis',(0.,0.,1.));
#15347=DIRECTION('ref_axis',(0.509868091837026,-0.860252596001006,0.));
#15348=DIRECTION('center_axis',(0.,0.,1.));
#15349=DIRECTION('ref_axis',(-0.866025403784441,0.499999999999995,0.));
#15350=DIRECTION('',(0.,0.,1.));
#15351=DIRECTION('center_axis',(0.,0.,1.));
#15352=DIRECTION('ref_axis',(-0.866025403784441,0.499999999999995,0.));
#15353=DIRECTION('center_axis',(0.866025403784441,-0.499999999999995,0.));
#15354=DIRECTION('ref_axis',(0.499999999999995,0.866025403784442,0.));
#15355=DIRECTION('',(0.,0.,1.));
#15356=DIRECTION('',(-0.499999999999995,-0.866025403784442,0.));
#15357=DIRECTION('center_axis',(-6.84912225088103E-17,-1.,0.));
#15358=DIRECTION('ref_axis',(1.,-6.84912225088103E-17,0.));
#15359=DIRECTION('',(1.,-6.84912225088103E-17,0.));
#15360=DIRECTION('',(0.,0.,-1.));
#15361=DIRECTION('',(1.,-6.84912225088103E-17,0.));
#15362=DIRECTION('',(0.,0.,-1.));
#15363=DIRECTION('',(1.,-6.84912225088103E-17,0.));
#15364=DIRECTION('center_axis',(0.,0.,1.));
#15365=DIRECTION('ref_axis',(0.866025403784441,-0.499999999999995,0.));
#15366=DIRECTION('',(0.,0.,1.));
#15367=DIRECTION('center_axis',(0.,0.,1.));
#15368=DIRECTION('ref_axis',(0.866025403784441,-0.499999999999995,0.));
#15369=DIRECTION('center_axis',(0.866025403784441,-0.499999999999995,0.));
#15370=DIRECTION('ref_axis',(0.499999999999995,0.866025403784442,0.));
#15371=DIRECTION('',(0.,0.,1.));
#15372=DIRECTION('',(-0.499999999999995,-0.866025403784442,0.));
#15373=DIRECTION('center_axis',(0.,0.,-1.));
#15374=DIRECTION('ref_axis',(-0.0917471858994234,-0.995782332580538,0.));
#15375=DIRECTION('',(0.,0.,1.));
#15376=DIRECTION('center_axis',(0.,0.,1.));
#15377=DIRECTION('ref_axis',(-0.0917471858994234,-0.995782332580538,0.));
#15378=DIRECTION('center_axis',(0.,0.,1.));
#15379=DIRECTION('ref_axis',(1.,0.,0.));
#15380=DIRECTION('center_axis',(0.,0.,1.));
#15381=DIRECTION('ref_axis',(1.,0.,0.));
#15382=DIRECTION('',(0.,0.,1.));
#15383=DIRECTION('center_axis',(0.,0.,1.));
#15384=DIRECTION('ref_axis',(-0.0917471858994351,0.995782332580537,0.));
#15385=DIRECTION('center_axis',(0.,0.,1.));
#15386=DIRECTION('ref_axis',(-0.0917471858994351,0.995782332580537,0.));
#15387=DIRECTION('',(0.,0.,-1.));
#15388=DIRECTION('center_axis',(0.,0.,-1.));
#15389=DIRECTION('ref_axis',(-0.0917471858994225,-0.995782332580538,0.));
#15390=DIRECTION('',(0.,0.,1.));
#15391=DIRECTION('center_axis',(0.,0.,1.));
#15392=DIRECTION('ref_axis',(-0.0917471858994225,-0.995782332580538,0.));
#15393=DIRECTION('center_axis',(0.,0.,1.));
#15394=DIRECTION('ref_axis',(0.707149637186575,0.707063922588967,0.));
#15395=DIRECTION('center_axis',(0.,0.,1.));
#15396=DIRECTION('ref_axis',(0.707149637186575,0.707063922588967,0.));
#15397=DIRECTION('',(0.,0.,-1.));
#15398=DIRECTION('center_axis',(0.,0.,1.));
#15399=DIRECTION('ref_axis',(0.707149637186579,0.707063922588962,0.));
#15400=DIRECTION('center_axis',(0.,0.,1.));
#15401=DIRECTION('ref_axis',(0.707149637186579,0.707063922588962,0.));
#15402=DIRECTION('',(0.,0.,-1.));
#15403=DIRECTION('center_axis',(0.,0.,1.));
#15404=DIRECTION('ref_axis',(-0.86602540378444,0.499999999999997,0.));
#15405=DIRECTION('',(0.,0.,1.));
#15406=DIRECTION('center_axis',(0.,0.,1.));
#15407=DIRECTION('ref_axis',(-0.86602540378444,0.499999999999997,0.));
#15408=DIRECTION('center_axis',(-0.86602540378444,0.499999999999997,0.));
#15409=DIRECTION('ref_axis',(-0.499999999999997,-0.86602540378444,0.));
#15410=DIRECTION('',(0.,0.,1.));
#15411=DIRECTION('',(0.499999999999997,0.86602540378444,0.));
#15412=DIRECTION('center_axis',(0.,0.,-1.));
#15413=DIRECTION('ref_axis',(-0.027697191343825,-0.999616359205702,0.));
#15414=DIRECTION('',(0.,0.,1.));
#15415=DIRECTION('center_axis',(0.,0.,1.));
#15416=DIRECTION('ref_axis',(-0.027697191343825,-0.999616359205702,0.));
#15417=DIRECTION('',(0.,0.,-1.));
#15418=DIRECTION('center_axis',(0.,0.,1.));
#15419=DIRECTION('ref_axis',(3.94745964311164E-15,1.,0.));
#15420=DIRECTION('center_axis',(0.,0.,-1.));
#15421=DIRECTION('ref_axis',(3.94745964311164E-15,1.,0.));
#15422=DIRECTION('',(0.,0.,1.));
#15423=DIRECTION('center_axis',(0.,0.,1.));
#15424=DIRECTION('ref_axis',(-0.866025403784442,0.499999999999994,0.));
#15425=DIRECTION('center_axis',(0.,0.,1.));
#15426=DIRECTION('ref_axis',(-0.866025403784442,0.499999999999994,0.));
#15427=DIRECTION('',(0.,0.,-1.));
#15428=DIRECTION('center_axis',(-0.500381154360501,0.865805232347814,0.));
#15429=DIRECTION('ref_axis',(-0.865805232347814,-0.500381154360501,0.));
#15430=DIRECTION('',(-0.865805232347814,-0.500381154360501,0.));
#15431=DIRECTION('',(-0.865805232347814,-0.500381154360501,0.));
#15432=DIRECTION('',(0.,0.,-1.));
#15433=DIRECTION('center_axis',(0.,0.,1.));
#15434=DIRECTION('ref_axis',(-0.758243996721844,-0.651970890021391,0.));
#15435=DIRECTION('',(0.,0.,1.));
#15436=DIRECTION('center_axis',(0.,0.,1.));
#15437=DIRECTION('ref_axis',(-0.758243996721844,-0.651970890021391,0.));
#15438=DIRECTION('center_axis',(0.,0.,1.));
#15439=DIRECTION('ref_axis',(-0.866025403784442,-0.499999999999994,0.));
#15440=DIRECTION('',(0.,0.,1.));
#15441=DIRECTION('center_axis',(0.,0.,-1.));
#15442=DIRECTION('ref_axis',(-0.866025403784442,-0.499999999999994,0.));
#15443=DIRECTION('center_axis',(-0.866025403784439,0.5,0.));
#15444=DIRECTION('ref_axis',(-0.5,-0.866025403784439,0.));
#15445=DIRECTION('',(0.,0.,1.));
#15446=DIRECTION('',(0.5,0.866025403784439,0.));
#15447=DIRECTION('center_axis',(0.,0.,1.));
#15448=DIRECTION('ref_axis',(-0.707109012633077,0.707104549732976,0.));
#15449=DIRECTION('',(0.,0.,1.));
#15450=DIRECTION('center_axis',(0.,0.,1.));
#15451=DIRECTION('ref_axis',(-0.707109012633077,0.707104549732976,0.));
#15452=DIRECTION('center_axis',(-4.39491298330895E-15,1.,0.));
#15453=DIRECTION('ref_axis',(-1.,-4.39491298330895E-15,0.));
#15454=DIRECTION('',(0.,0.,1.));
#15455=DIRECTION('',(1.,4.39491298330895E-15,0.));
#15456=DIRECTION('center_axis',(0.,0.,1.));
#15457=DIRECTION('ref_axis',(-0.707104549732976,-0.707109012633077,0.));
#15458=DIRECTION('center_axis',(0.,0.,1.));
#15459=DIRECTION('ref_axis',(-0.707104549732976,-0.707109012633077,0.));
#15460=DIRECTION('',(0.,0.,-1.));
#15461=DIRECTION('center_axis',(0.,0.,1.));
#15462=DIRECTION('ref_axis',(-0.707104549732973,-0.70710901263308,0.));
#15463=DIRECTION('center_axis',(0.,0.,1.));
#15464=DIRECTION('ref_axis',(-0.707104549732973,-0.70710901263308,0.));
#15465=DIRECTION('',(0.,0.,-1.));
#15466=DIRECTION('center_axis',(-0.999999999980083,-6.31149385199592E-6,
0.));
#15467=DIRECTION('ref_axis',(4.46290010216352E-6,-0.707106781172464,-0.707106781186547));
#15468=DIRECTION('',(-0.999999999980082,-6.31149385199592E-6,0.));
#15469=DIRECTION('center_axis',(0.,0.,1.));
#15470=DIRECTION('ref_axis',(-1.,0.,0.));
#15471=DIRECTION('center_axis',(0.,0.,-1.));
#15472=DIRECTION('ref_axis',(-0.999999999980082,-6.31149387568055E-6,0.));
#15473=DIRECTION('',(-0.499564186608798,0.866276874594889,0.));
#15474=DIRECTION('center_axis',(0.,0.,1.));
#15475=DIRECTION('ref_axis',(0.,1.,0.));
#15476=DIRECTION('center_axis',(0.,0.,1.));
#15477=DIRECTION('ref_axis',(-0.129000711829821,0.991644500991862,0.));
#15478=DIRECTION('center_axis',(0.,0.,1.));
#15479=DIRECTION('ref_axis',(-0.866025403784438,0.500000000000001,0.));
#15480=DIRECTION('center_axis',(0.,0.,-1.));
#15481=DIRECTION('ref_axis',(-0.866025403784438,0.500000000000001,0.));
#15482=DIRECTION('',(0.,0.,1.));
#15483=DIRECTION('center_axis',(0.,0.,1.));
#15484=DIRECTION('ref_axis',(-0.86602540378444,0.499999999999997,0.));
#15485=DIRECTION('',(0.,0.,1.));
#15486=DIRECTION('center_axis',(0.,0.,-1.));
#15487=DIRECTION('ref_axis',(-0.86602540378444,0.499999999999997,0.));
#15488=DIRECTION('center_axis',(-4.39491298330895E-15,1.,0.));
#15489=DIRECTION('ref_axis',(-1.,-4.39491298330895E-15,0.));
#15490=DIRECTION('',(0.,0.,1.));
#15491=DIRECTION('',(1.,4.39491298330895E-15,0.));
#15492=DIRECTION('center_axis',(0.,0.,1.));
#15493=DIRECTION('ref_axis',(3.94745964311164E-15,1.,0.));
#15494=DIRECTION('',(0.,0.,1.));
#15495=DIRECTION('center_axis',(0.,0.,-1.));
#15496=DIRECTION('ref_axis',(3.94745964311164E-15,1.,0.));
#15497=DIRECTION('center_axis',(0.866025403784438,0.500000000000002,0.));
#15498=DIRECTION('ref_axis',(-0.500000000000002,0.866025403784438,0.));
#15499=DIRECTION('',(0.,0.,1.));
#15500=DIRECTION('',(0.500000000000002,-0.866025403784438,0.));
#15501=DIRECTION('center_axis',(0.,0.,1.));
#15502=DIRECTION('ref_axis',(0.86602540378444,0.499999999999998,0.));
#15503=DIRECTION('',(0.,0.,1.));
#15504=DIRECTION('center_axis',(0.,0.,-1.));
#15505=DIRECTION('ref_axis',(0.86602540378444,0.499999999999998,0.));
#15506=DIRECTION('center_axis',(0.866025403784441,-0.499999999999995,0.));
#15507=DIRECTION('ref_axis',(0.499999999999995,0.866025403784442,0.));
#15508=DIRECTION('',(-0.499999999999995,-0.866025403784442,0.));
#15509=DIRECTION('center_axis',(2.19767164158123E-15,-1.,0.));
#15510=DIRECTION('ref_axis',(1.,2.19767164158123E-15,0.));
#15511=DIRECTION('',(0.,0.,1.));
#15512=DIRECTION('',(-1.,-2.19767164158123E-15,0.));
#15513=DIRECTION('center_axis',(0.,0.,1.));
#15514=DIRECTION('ref_axis',(0.,-1.,0.));
#15515=DIRECTION('',(0.,0.,1.));
#15516=DIRECTION('center_axis',(0.,0.,-1.));
#15517=DIRECTION('ref_axis',(0.,-1.,0.));
#15518=DIRECTION('center_axis',(-0.866025403784436,-0.500000000000005,0.));
#15519=DIRECTION('ref_axis',(0.500000000000005,-0.866025403784436,0.));
#15520=DIRECTION('',(0.,0.,1.));
#15521=DIRECTION('',(-0.500000000000004,0.866025403784436,0.));
#15522=DIRECTION('center_axis',(0.,0.,1.));
#15523=DIRECTION('ref_axis',(-0.866025403784442,-0.499999999999994,0.));
#15524=DIRECTION('',(0.,0.,1.));
#15525=DIRECTION('center_axis',(0.,0.,-1.));
#15526=DIRECTION('ref_axis',(-0.866025403784442,-0.499999999999994,0.));
#15527=DIRECTION('center_axis',(-0.866025403784439,0.5,0.));
#15528=DIRECTION('ref_axis',(-0.5,-0.866025403784439,0.));
#15529=DIRECTION('',(0.,0.,1.));
#15530=DIRECTION('',(0.5,0.866025403784438,0.));
#15531=DIRECTION('center_axis',(0.,0.,1.));
#15532=DIRECTION('ref_axis',(-0.866025403784439,0.5,0.));
#15533=DIRECTION('center_axis',(0.,0.,-1.));
#15534=DIRECTION('ref_axis',(-0.866025403784439,0.5,0.));
#15535=DIRECTION('center_axis',(0.,0.,1.));
#15536=DIRECTION('ref_axis',(-0.86602540378444,0.499999999999997,0.));
#15537=DIRECTION('center_axis',(0.,0.,-1.));
#15538=DIRECTION('ref_axis',(-0.86602540378444,0.499999999999997,0.));
#15539=DIRECTION('center_axis',(0.,0.,1.));
#15540=DIRECTION('ref_axis',(-0.866025403784442,-0.499999999999994,0.));
#15541=DIRECTION('',(0.,0.,1.));
#15542=DIRECTION('center_axis',(0.,0.,-1.));
#15543=DIRECTION('ref_axis',(-0.866025403784442,-0.499999999999994,0.));
#15544=DIRECTION('center_axis',(-0.86602540378444,0.499999999999998,0.));
#15545=DIRECTION('ref_axis',(-0.499999999999998,-0.86602540378444,0.));
#15546=DIRECTION('',(0.,0.,1.));
#15547=DIRECTION('',(0.499999999999998,0.86602540378444,0.));
#15548=DIRECTION('center_axis',(0.,0.,1.));
#15549=DIRECTION('ref_axis',(-0.86602540378444,0.499999999999997,0.));
#15550=DIRECTION('',(0.,0.,1.));
#15551=DIRECTION('center_axis',(0.,0.,-1.));
#15552=DIRECTION('ref_axis',(-0.86602540378444,0.499999999999997,0.));
#15553=DIRECTION('center_axis',(-2.19745649165448E-15,1.,0.));
#15554=DIRECTION('ref_axis',(-1.,-2.19745649165448E-15,0.));
#15555=DIRECTION('',(1.,2.19745649165448E-15,0.));
#15556=DIRECTION('center_axis',(0.,0.,1.));
#15557=DIRECTION('ref_axis',(0.86602540378444,0.499999999999998,0.));
#15558=DIRECTION('',(0.,0.,1.));
#15559=DIRECTION('center_axis',(0.,0.,-1.));
#15560=DIRECTION('ref_axis',(0.86602540378444,0.499999999999998,0.));
#15561=DIRECTION('center_axis',(0.866025403784441,-0.499999999999995,0.));
#15562=DIRECTION('ref_axis',(0.499999999999995,0.866025403784442,0.));
#15563=DIRECTION('',(0.,0.,1.));
#15564=DIRECTION('',(-0.499999999999995,-0.866025403784442,0.));
#15565=DIRECTION('center_axis',(0.,0.,1.));
#15566=DIRECTION('ref_axis',(0.866025403784444,-0.499999999999991,0.));
#15567=DIRECTION('',(0.,0.,1.));
#15568=DIRECTION('center_axis',(0.,0.,-1.));
#15569=DIRECTION('ref_axis',(0.866025403784444,-0.499999999999991,0.));
#15570=DIRECTION('center_axis',(2.19745649165448E-15,-1.,0.));
#15571=DIRECTION('ref_axis',(1.,2.19745649165448E-15,0.));
#15572=DIRECTION('',(-1.,-2.19745649165448E-15,0.));
#15573=DIRECTION('center_axis',(0.,0.,1.));
#15574=DIRECTION('ref_axis',(0.866025403784439,0.499999999999999,0.));
#15575=DIRECTION('',(0.,0.,1.));
#15576=DIRECTION('center_axis',(0.,0.,-1.));
#15577=DIRECTION('ref_axis',(0.866025403784439,0.499999999999999,0.));
#15578=DIRECTION('center_axis',(0.866025403784441,-0.499999999999995,0.));
#15579=DIRECTION('ref_axis',(0.499999999999995,0.866025403784442,0.));
#15580=DIRECTION('',(0.,0.,1.));
#15581=DIRECTION('',(-0.499999999999995,-0.866025403784442,0.));
#15582=DIRECTION('center_axis',(0.,0.,1.));
#15583=DIRECTION('ref_axis',(0.866025403784443,-0.499999999999992,0.));
#15584=DIRECTION('',(0.,0.,1.));
#15585=DIRECTION('center_axis',(0.,0.,-1.));
#15586=DIRECTION('ref_axis',(0.866025403784443,-0.499999999999992,0.));
#15587=DIRECTION('center_axis',(1.09872824582724E-15,-1.,0.));
#15588=DIRECTION('ref_axis',(1.,1.09872824582724E-15,0.));
#15589=DIRECTION('',(-1.,-1.09872824582724E-15,0.));
#15590=DIRECTION('center_axis',(0.,0.,1.));
#15591=DIRECTION('ref_axis',(-0.866025403784442,-0.499999999999994,0.));
#15592=DIRECTION('',(0.,0.,1.));
#15593=DIRECTION('center_axis',(0.,0.,-1.));
#15594=DIRECTION('ref_axis',(-0.866025403784442,-0.499999999999994,0.));
#15595=DIRECTION('center_axis',(-0.86602540378444,0.499999999999997,0.));
#15596=DIRECTION('ref_axis',(-0.499999999999997,-0.86602540378444,0.));
#15597=DIRECTION('',(0.,0.,1.));
#15598=DIRECTION('',(0.499999999999997,0.86602540378444,0.));
#15599=DIRECTION('center_axis',(0.,0.,1.));
#15600=DIRECTION('ref_axis',(-0.86602540378444,0.499999999999997,0.));
#15601=DIRECTION('',(0.,0.,1.));
#15602=DIRECTION('center_axis',(0.,0.,-1.));
#15603=DIRECTION('ref_axis',(-0.86602540378444,0.499999999999997,0.));
#15604=DIRECTION('center_axis',(-4.39491298330895E-15,1.,0.));
#15605=DIRECTION('ref_axis',(-1.,-4.39491298330895E-15,0.));
#15606=DIRECTION('',(1.,4.39491298330895E-15,0.));
#15607=DIRECTION('center_axis',(0.,0.,1.));
#15608=DIRECTION('ref_axis',(0.866025403784443,-0.499999999999992,0.));
#15609=DIRECTION('',(0.,0.,1.));
#15610=DIRECTION('center_axis',(0.,0.,-1.));
#15611=DIRECTION('ref_axis',(0.866025403784443,-0.499999999999992,0.));
#15612=DIRECTION('center_axis',(1.09872824582724E-15,-1.,0.));
#15613=DIRECTION('ref_axis',(1.,1.09872824582724E-15,0.));
#15614=DIRECTION('',(0.,0.,1.));
#15615=DIRECTION('',(-1.,-1.09872824582724E-15,0.));
#15616=DIRECTION('center_axis',(0.,0.,1.));
#15617=DIRECTION('ref_axis',(-1.18423789293348E-14,-1.,0.));
#15618=DIRECTION('',(0.,0.,1.));
#15619=DIRECTION('center_axis',(0.,0.,-1.));
#15620=DIRECTION('ref_axis',(-1.18423789293348E-14,-1.,0.));
#15621=DIRECTION('center_axis',(-0.866025403784439,-0.499999999999999,0.));
#15622=DIRECTION('ref_axis',(0.499999999999999,-0.866025403784439,0.));
#15623=DIRECTION('',(-0.499999999999999,0.866025403784439,0.));
#15624=DIRECTION('center_axis',(0.,0.,1.));
#15625=DIRECTION('ref_axis',(0.866025403784437,-0.500000000000004,0.));
#15626=DIRECTION('',(0.,0.,1.));
#15627=DIRECTION('center_axis',(0.,0.,-1.));
#15628=DIRECTION('ref_axis',(0.866025403784437,-0.500000000000004,0.));
#15629=DIRECTION('center_axis',(2.19767164158123E-15,-1.,0.));
#15630=DIRECTION('ref_axis',(1.,2.19767164158123E-15,0.));
#15631=DIRECTION('',(0.,0.,1.));
#15632=DIRECTION('',(-1.,-2.19767164158123E-15,0.));
#15633=DIRECTION('center_axis',(0.,0.,1.));
#15634=DIRECTION('ref_axis',(0.,-1.,0.));
#15635=DIRECTION('',(0.,0.,1.));
#15636=DIRECTION('center_axis',(0.,0.,-1.));
#15637=DIRECTION('ref_axis',(0.,-1.,0.));
#15638=DIRECTION('center_axis',(-0.866025403784436,-0.500000000000005,0.));
#15639=DIRECTION('ref_axis',(0.500000000000005,-0.866025403784436,0.));
#15640=DIRECTION('',(0.,0.,1.));
#15641=DIRECTION('',(-0.500000000000005,0.866025403784436,0.));
#15642=DIRECTION('center_axis',(0.,0.,1.));
#15643=DIRECTION('ref_axis',(-0.866025403784442,-0.499999999999994,0.));
#15644=DIRECTION('',(0.,0.,1.));
#15645=DIRECTION('center_axis',(0.,0.,-1.));
#15646=DIRECTION('ref_axis',(-0.866025403784442,-0.499999999999994,0.));
#15647=DIRECTION('center_axis',(-0.866025403784439,0.5,0.));
#15648=DIRECTION('ref_axis',(-0.5,-0.866025403784439,0.));
#15649=DIRECTION('',(0.5,0.866025403784439,0.));
#15650=DIRECTION('center_axis',(0.,0.,1.));
#15651=DIRECTION('ref_axis',(0.866025403784447,0.499999999999986,0.));
#15652=DIRECTION('',(0.,0.,1.));
#15653=DIRECTION('center_axis',(0.,0.,-1.));
#15654=DIRECTION('ref_axis',(0.866025403784447,0.499999999999986,0.));
#15655=DIRECTION('center_axis',(0.866025403784439,-0.499999999999999,0.));
#15656=DIRECTION('ref_axis',(0.499999999999999,0.866025403784439,0.));
#15657=DIRECTION('',(0.,0.,1.));
#15658=DIRECTION('',(-0.499999999999999,-0.866025403784439,0.));
#15659=DIRECTION('center_axis',(0.,0.,1.));
#15660=DIRECTION('ref_axis',(0.866025403784437,-0.500000000000004,0.));
#15661=DIRECTION('',(0.,0.,1.));
#15662=DIRECTION('center_axis',(0.,0.,-1.));
#15663=DIRECTION('ref_axis',(0.866025403784437,-0.500000000000004,0.));
#15664=DIRECTION('center_axis',(2.19767164158123E-15,-1.,0.));
#15665=DIRECTION('ref_axis',(1.,2.19767164158123E-15,0.));
#15666=DIRECTION('',(0.,0.,1.));
#15667=DIRECTION('',(-1.,-2.19767164158123E-15,0.));
#15668=DIRECTION('center_axis',(0.,0.,1.));
#15669=DIRECTION('ref_axis',(0.,-1.,0.));
#15670=DIRECTION('',(0.,0.,1.));
#15671=DIRECTION('center_axis',(0.,0.,-1.));
#15672=DIRECTION('ref_axis',(0.,-1.,0.));
#15673=DIRECTION('center_axis',(-0.866025403784436,-0.500000000000005,0.));
#15674=DIRECTION('ref_axis',(0.500000000000005,-0.866025403784436,0.));
#15675=DIRECTION('',(-0.500000000000005,0.866025403784436,0.));
#15676=DIRECTION('center_axis',(0.,0.,1.));
#15677=DIRECTION('ref_axis',(0.866025403784441,0.499999999999996,0.));
#15678=DIRECTION('',(0.,0.,1.));
#15679=DIRECTION('center_axis',(0.,0.,-1.));
#15680=DIRECTION('ref_axis',(0.866025403784441,0.499999999999996,0.));
#15681=DIRECTION('center_axis',(0.866025403784439,-0.499999999999999,0.));
#15682=DIRECTION('ref_axis',(0.499999999999999,0.866025403784439,0.));
#15683=DIRECTION('',(0.,0.,1.));
#15684=DIRECTION('',(-0.499999999999999,-0.866025403784439,0.));
#15685=DIRECTION('center_axis',(0.,0.,1.));
#15686=DIRECTION('ref_axis',(0.866025403784435,-0.500000000000006,0.));
#15687=DIRECTION('',(0.,0.,1.));
#15688=DIRECTION('center_axis',(0.,0.,-1.));
#15689=DIRECTION('ref_axis',(0.866025403784435,-0.500000000000006,0.));
#15690=DIRECTION('center_axis',(-4.39534328316244E-15,-1.,0.));
#15691=DIRECTION('ref_axis',(1.,-4.39534328316244E-15,0.));
#15692=DIRECTION('',(0.,0.,1.));
#15693=DIRECTION('',(-1.,4.39534328316244E-15,0.));
#15694=DIRECTION('center_axis',(0.,0.,1.));
#15695=DIRECTION('ref_axis',(7.89491928622341E-15,-1.,0.));
#15696=DIRECTION('',(0.,0.,1.));
#15697=DIRECTION('center_axis',(0.,0.,-1.));
#15698=DIRECTION('ref_axis',(7.89491928622341E-15,-1.,0.));
#15699=DIRECTION('center_axis',(-0.866025403784438,-0.500000000000001,0.));
#15700=DIRECTION('ref_axis',(0.500000000000001,-0.866025403784438,0.));
#15701=DIRECTION('',(0.,0.,1.));
#15702=DIRECTION('',(-0.500000000000001,0.866025403784438,0.));
#15703=DIRECTION('center_axis',(0.,0.,1.));
#15704=DIRECTION('ref_axis',(-0.866025403784441,-0.499999999999996,0.));
#15705=DIRECTION('center_axis',(0.,0.,-1.));
#15706=DIRECTION('ref_axis',(-0.866025403784441,-0.499999999999996,0.));
#15707=DIRECTION('center_axis',(0.,0.,1.));
#15708=DIRECTION('ref_axis',(-1.18423789293349E-14,-1.,0.));
#15709=DIRECTION('',(0.,0.,1.));
#15710=DIRECTION('center_axis',(0.,0.,-1.));
#15711=DIRECTION('ref_axis',(-1.18423789293349E-14,-1.,0.));
#15712=DIRECTION('center_axis',(-0.866025403784439,-0.499999999999999,0.));
#15713=DIRECTION('ref_axis',(0.499999999999999,-0.866025403784439,0.));
#15714=DIRECTION('',(0.,0.,1.));
#15715=DIRECTION('',(-0.499999999999999,0.866025403784439,0.));
#15716=DIRECTION('center_axis',(0.,0.,1.));
#15717=DIRECTION('ref_axis',(-0.866025403784442,-0.499999999999994,0.));
#15718=DIRECTION('',(0.,0.,1.));
#15719=DIRECTION('center_axis',(0.,0.,-1.));
#15720=DIRECTION('ref_axis',(-0.866025403784442,-0.499999999999994,0.));
#15721=DIRECTION('center_axis',(-0.86602540378444,0.499999999999997,0.));
#15722=DIRECTION('ref_axis',(-0.499999999999997,-0.86602540378444,0.));
#15723=DIRECTION('',(0.,0.,1.));
#15724=DIRECTION('',(0.499999999999997,0.86602540378444,0.));
#15725=DIRECTION('center_axis',(0.,0.,1.));
#15726=DIRECTION('ref_axis',(-0.86602540378444,0.499999999999997,0.));
#15727=DIRECTION('',(0.,0.,1.));
#15728=DIRECTION('center_axis',(0.,0.,-1.));
#15729=DIRECTION('ref_axis',(-0.86602540378444,0.499999999999997,0.));
#15730=DIRECTION('center_axis',(-4.39491298330895E-15,1.,0.));
#15731=DIRECTION('ref_axis',(-1.,-4.39491298330895E-15,0.));
#15732=DIRECTION('',(1.,4.39491298330895E-15,0.));
#15733=DIRECTION('center_axis',(0.,0.,1.));
#15734=DIRECTION('ref_axis',(-0.866025403784442,-0.499999999999994,0.));
#15735=DIRECTION('',(0.,0.,1.));
#15736=DIRECTION('center_axis',(0.,0.,-1.));
#15737=DIRECTION('ref_axis',(-0.866025403784442,-0.499999999999994,0.));
#15738=DIRECTION('center_axis',(-0.866025403784439,0.5,0.));
#15739=DIRECTION('ref_axis',(-0.5,-0.866025403784439,0.));
#15740=DIRECTION('',(0.,0.,1.));
#15741=DIRECTION('',(0.5,0.866025403784439,0.));
#15742=DIRECTION('center_axis',(0.,0.,1.));
#15743=DIRECTION('ref_axis',(-0.866025403784439,0.5,0.));
#15744=DIRECTION('',(0.,0.,1.));
#15745=DIRECTION('center_axis',(0.,0.,-1.));
#15746=DIRECTION('ref_axis',(-0.866025403784439,0.5,0.));
#15747=DIRECTION('center_axis',(-2.19767164158122E-15,1.,0.));
#15748=DIRECTION('ref_axis',(-1.,-2.19767164158122E-15,0.));
#15749=DIRECTION('',(0.,0.,1.));
#15750=DIRECTION('',(1.,2.19767164158122E-15,0.));
#15751=DIRECTION('center_axis',(0.,0.,1.));
#15752=DIRECTION('ref_axis',(0.,1.,0.));
#15753=DIRECTION('',(0.,0.,1.));
#15754=DIRECTION('center_axis',(0.,0.,-1.));
#15755=DIRECTION('ref_axis',(0.,1.,0.));
#15756=DIRECTION('center_axis',(0.866025403784438,0.500000000000001,0.));
#15757=DIRECTION('ref_axis',(-0.500000000000001,0.866025403784438,0.));
#15758=DIRECTION('',(0.500000000000001,-0.866025403784438,0.));
#15759=DIRECTION('center_axis',(-0.86602540378444,0.499999999999997,0.));
#15760=DIRECTION('ref_axis',(-0.499999999999997,-0.86602540378444,0.));
#15761=DIRECTION('',(0.,0.,1.));
#15762=DIRECTION('',(0.499999999999997,0.86602540378444,0.));
#15763=DIRECTION('center_axis',(0.,0.,1.));
#15764=DIRECTION('ref_axis',(-0.86602540378444,0.499999999999997,0.));
#15765=DIRECTION('center_axis',(0.,0.,-1.));
#15766=DIRECTION('ref_axis',(-0.86602540378444,0.499999999999997,0.));
#15767=DIRECTION('center_axis',(0.,0.,1.));
#15768=DIRECTION('ref_axis',(-0.866025403784442,-0.499999999999994,0.));
#15769=DIRECTION('',(0.,0.,1.));
#15770=DIRECTION('center_axis',(0.,0.,-1.));
#15771=DIRECTION('ref_axis',(-0.866025403784442,-0.499999999999994,0.));
#15772=DIRECTION('center_axis',(-0.866025403784439,0.5,0.));
#15773=DIRECTION('ref_axis',(-0.5,-0.866025403784439,0.));
#15774=DIRECTION('',(0.,0.,1.));
#15775=DIRECTION('',(0.5,0.866025403784439,0.));
#15776=DIRECTION('center_axis',(0.,0.,1.));
#15777=DIRECTION('ref_axis',(-0.866025403784439,0.499999999999999,0.));
#15778=DIRECTION('',(0.,0.,1.));
#15779=DIRECTION('center_axis',(0.,0.,-1.));
#15780=DIRECTION('ref_axis',(-0.866025403784439,0.499999999999999,0.));
#15781=DIRECTION('center_axis',(-2.19767164158122E-15,1.,0.));
#15782=DIRECTION('ref_axis',(-1.,-2.19767164158122E-15,0.));
#15783=DIRECTION('',(0.,0.,1.));
#15784=DIRECTION('',(1.,2.19767164158122E-15,0.));
#15785=DIRECTION('center_axis',(0.,0.,1.));
#15786=DIRECTION('ref_axis',(0.,1.,0.));
#15787=DIRECTION('',(0.,0.,1.));
#15788=DIRECTION('center_axis',(0.,0.,-1.));
#15789=DIRECTION('ref_axis',(0.,1.,0.));
#15790=DIRECTION('center_axis',(0.866025403784438,0.500000000000002,0.));
#15791=DIRECTION('ref_axis',(-0.500000000000002,0.866025403784438,0.));
#15792=DIRECTION('',(0.500000000000002,-0.866025403784438,0.));
#15793=DIRECTION('center_axis',(0.866025403784438,0.500000000000002,0.));
#15794=DIRECTION('ref_axis',(-0.500000000000002,0.866025403784438,0.));
#15795=DIRECTION('',(0.,0.,1.));
#15796=DIRECTION('',(0.500000000000002,-0.866025403784438,0.));
#15797=DIRECTION('',(0.,0.,1.));
#15798=DIRECTION('center_axis',(0.,0.,1.));
#15799=DIRECTION('ref_axis',(0.86602540378444,0.499999999999998,0.));
#15800=DIRECTION('center_axis',(0.,0.,-1.));
#15801=DIRECTION('ref_axis',(0.86602540378444,0.499999999999998,0.));
#15802=DIRECTION('center_axis',(0.,0.,1.));
#15803=DIRECTION('ref_axis',(3.94745964311164E-15,1.,0.));
#15804=DIRECTION('center_axis',(0.,0.,-1.));
#15805=DIRECTION('ref_axis',(3.94745964311164E-15,1.,0.));
#15806=DIRECTION('center_axis',(0.,0.,1.));
#15807=DIRECTION('ref_axis',(-0.866025403784439,0.5,0.));
#15808=DIRECTION('',(0.,0.,1.));
#15809=DIRECTION('center_axis',(0.,0.,-1.));
#15810=DIRECTION('ref_axis',(-0.866025403784439,0.5,0.));
#15811=DIRECTION('center_axis',(-2.19767164158122E-15,1.,0.));
#15812=DIRECTION('ref_axis',(-1.,-2.19767164158122E-15,0.));
#15813=DIRECTION('',(0.,0.,1.));
#15814=DIRECTION('',(1.,2.19767164158122E-15,0.));
#15815=DIRECTION('center_axis',(0.,0.,1.));
#15816=DIRECTION('ref_axis',(0.,1.,0.));
#15817=DIRECTION('center_axis',(0.,0.,-1.));
#15818=DIRECTION('ref_axis',(0.,1.,0.));
#15819=DIRECTION('center_axis',(0.,0.,1.));
#15820=DIRECTION('ref_axis',(-0.86602540378444,0.499999999999997,0.));
#15821=DIRECTION('',(0.,0.,1.));
#15822=DIRECTION('center_axis',(0.,0.,-1.));
#15823=DIRECTION('ref_axis',(-0.86602540378444,0.499999999999997,0.));
#15824=DIRECTION('center_axis',(-4.39491298330895E-15,1.,0.));
#15825=DIRECTION('ref_axis',(-1.,-4.39491298330895E-15,0.));
#15826=DIRECTION('',(1.,4.39491298330895E-15,0.));
#15827=DIRECTION('center_axis',(0.,0.,1.));
#15828=DIRECTION('ref_axis',(-0.969827653992304,-0.243791553487367,0.));
#15829=DIRECTION('center_axis',(0.,0.,1.));
#15830=DIRECTION('ref_axis',(1.,0.,0.));
#15831=DIRECTION('center_axis',(0.,0.,1.));
#15832=DIRECTION('ref_axis',(-1.18423789293348E-14,-1.,0.));
#15833=DIRECTION('',(0.,0.,1.));
#15834=DIRECTION('center_axis',(0.,0.,-1.));
#15835=DIRECTION('ref_axis',(-1.18423789293348E-14,-1.,0.));
#15836=DIRECTION('center_axis',(-0.866025403784439,-0.499999999999999,0.));
#15837=DIRECTION('ref_axis',(0.499999999999999,-0.866025403784439,0.));
#15838=DIRECTION('',(0.,0.,1.));
#15839=DIRECTION('',(-0.499999999999999,0.866025403784439,0.));
#15840=DIRECTION('center_axis',(0.,0.,1.));
#15841=DIRECTION('ref_axis',(-0.866025403784442,-0.499999999999994,0.));
#15842=DIRECTION('center_axis',(0.,0.,-1.));
#15843=DIRECTION('ref_axis',(-0.866025403784442,-0.499999999999994,0.));
#15844=DIRECTION('center_axis',(0.,0.,1.));
#15845=DIRECTION('ref_axis',(-0.86602540378444,0.499999999999997,0.));
#15846=DIRECTION('',(0.,0.,1.));
#15847=DIRECTION('center_axis',(0.,0.,-1.));
#15848=DIRECTION('ref_axis',(-0.86602540378444,0.499999999999997,0.));
#15849=DIRECTION('center_axis',(-2.19745649165448E-15,1.,0.));
#15850=DIRECTION('ref_axis',(-1.,-2.19745649165448E-15,0.));
#15851=DIRECTION('',(1.,2.19745649165448E-15,0.));
#15852=DIRECTION('center_axis',(0.,0.,1.));
#15853=DIRECTION('ref_axis',(-0.866025403784442,-0.499999999999994,0.));
#15854=DIRECTION('',(0.,0.,1.));
#15855=DIRECTION('center_axis',(0.,0.,-1.));
#15856=DIRECTION('ref_axis',(-0.866025403784442,-0.499999999999994,0.));
#15857=DIRECTION('center_axis',(-0.86602540378444,0.499999999999997,0.));
#15858=DIRECTION('ref_axis',(-0.499999999999997,-0.86602540378444,0.));
#15859=DIRECTION('',(0.,0.,1.));
#15860=DIRECTION('',(0.499999999999997,0.86602540378444,0.));
#15861=DIRECTION('center_axis',(0.,0.,1.));
#15862=DIRECTION('ref_axis',(-0.86602540378444,0.499999999999997,0.));
#15863=DIRECTION('',(0.,0.,1.));
#15864=DIRECTION('center_axis',(0.,0.,-1.));
#15865=DIRECTION('ref_axis',(-0.86602540378444,0.499999999999997,0.));
#15866=DIRECTION('center_axis',(-4.39491298330895E-15,1.,0.));
#15867=DIRECTION('ref_axis',(-1.,-4.39491298330895E-15,0.));
#15868=DIRECTION('',(0.,0.,1.));
#15869=DIRECTION('',(1.,4.39491298330895E-15,0.));
#15870=DIRECTION('center_axis',(0.,0.,1.));
#15871=DIRECTION('ref_axis',(3.94745964311164E-15,1.,0.));
#15872=DIRECTION('',(0.,0.,1.));
#15873=DIRECTION('center_axis',(0.,0.,-1.));
#15874=DIRECTION('ref_axis',(3.94745964311164E-15,1.,0.));
#15875=DIRECTION('center_axis',(0.866025403784438,0.500000000000002,0.));
#15876=DIRECTION('ref_axis',(-0.500000000000002,0.866025403784438,0.));
#15877=DIRECTION('',(0.500000000000002,-0.866025403784438,0.));
#15878=DIRECTION('center_axis',(0.,0.,1.));
#15879=DIRECTION('ref_axis',(7.89491928622341E-15,-1.,0.));
#15880=DIRECTION('',(0.,0.,1.));
#15881=DIRECTION('center_axis',(0.,0.,-1.));
#15882=DIRECTION('ref_axis',(7.89491928622341E-15,-1.,0.));
#15883=DIRECTION('center_axis',(0.,0.,1.));
#15884=DIRECTION('ref_axis',(0.,-1.,0.));
#15885=DIRECTION('',(0.,0.,1.));
#15886=DIRECTION('center_axis',(0.,0.,-1.));
#15887=DIRECTION('ref_axis',(0.,-1.,0.));
#15888=DIRECTION('center_axis',(0.,0.,-1.));
#15889=DIRECTION('ref_axis',(1.,0.,0.));
#15890=DIRECTION('center_axis',(0.,0.,1.));
#15891=DIRECTION('ref_axis',(-0.129000711829821,0.991644500991862,0.));
#15892=DIRECTION('center_axis',(0.,0.,1.));
#15893=DIRECTION('ref_axis',(0.,1.,0.));
#15894=DIRECTION('center_axis',(0.,0.,-1.));
#15895=DIRECTION('ref_axis',(0.866025403784443,-0.499999999999992,0.));
#15896=DIRECTION('',(-1.,-1.09872824582724E-15,0.));
#15897=DIRECTION('center_axis',(0.,0.,-1.));
#15898=DIRECTION('ref_axis',(-1.18423789293348E-14,-1.,0.));
#15899=DIRECTION('center_axis',(0.,0.,1.));
#15900=DIRECTION('ref_axis',(-0.999999998847914,4.8001790303731E-5,0.));
#15901=DIRECTION('center_axis',(0.,0.,1.));
#15902=DIRECTION('ref_axis',(-0.99804976434367,-0.0624232960804251,0.));
#15903=DIRECTION('center_axis',(0.,0.,1.));
#15904=DIRECTION('ref_axis',(0.000612102859709469,-0.999999812665027,0.));
#15905=DIRECTION('',(0.000138947884901998,0.999999990346743,0.));
#15906=DIRECTION('center_axis',(0.,0.,1.));
#15907=DIRECTION('ref_axis',(0.00102031155888581,-0.999999479482026,0.));
#15908=DIRECTION('',(0.,-1.,0.));
#15909=DIRECTION('',(0.,1.,0.));
#15910=DIRECTION('center_axis',(0.,0.,-1.));
#15911=DIRECTION('ref_axis',(-3.70074341541717E-15,1.,0.));
#15912=DIRECTION('',(0.999999999980082,6.31149385199592E-6,0.));
#15913=DIRECTION('center_axis',(0.,0.,-1.));
#15914=DIRECTION('ref_axis',(-0.866025403784442,-0.499999999999994,0.));
#15915=DIRECTION('',(0.499999999999998,0.86602540378444,0.));
#15916=DIRECTION('center_axis',(0.,0.,-1.));
#15917=DIRECTION('ref_axis',(-0.86602540378444,0.499999999999997,0.));
#15918=DIRECTION('',(1.,2.19745649165448E-15,0.));
#15919=DIRECTION('center_axis',(0.,0.,-1.));
#15920=DIRECTION('ref_axis',(3.94745964311164E-15,1.,0.));
#15921=DIRECTION('',(0.500000000000002,-0.866025403784438,0.));
#15922=DIRECTION('center_axis',(0.,0.,-1.));
#15923=DIRECTION('ref_axis',(0.866025403784435,-0.500000000000006,0.));
#15924=DIRECTION('',(-1.,4.39534328316244E-15,0.));
#15925=DIRECTION('center_axis',(0.,0.,-1.));
#15926=DIRECTION('ref_axis',(7.89491928622341E-15,-1.,0.));
#15927=DIRECTION('',(-0.500000000000001,0.866025403784438,0.));
#15928=DIRECTION('center_axis',(0.,0.,-1.));
#15929=DIRECTION('ref_axis',(-0.866025403784442,-0.499999999999995,0.));
#15930=DIRECTION('',(0.500000000000004,0.866025403784436,0.));
#15931=DIRECTION('',(-0.500000000000005,0.866025403784436,0.));
#15932=DIRECTION('center_axis',(0.,0.,-1.));
#15933=DIRECTION('ref_axis',(-0.866025403784442,-0.499999999999994,0.));
#15934=DIRECTION('',(0.5,0.866025403784439,0.));
#15935=DIRECTION('center_axis',(0.,0.,-1.));
#15936=DIRECTION('ref_axis',(-0.866025403784439,0.499999999999999,0.));
#15937=DIRECTION('',(1.,2.19767164158122E-15,0.));
#15938=DIRECTION('center_axis',(0.,0.,-1.));
#15939=DIRECTION('ref_axis',(0.866025403784447,0.499999999999985,0.));
#15940=DIRECTION('',(-0.499999999999999,-0.866025403784439,0.));
#15941=DIRECTION('center_axis',(0.,0.,-1.));
#15942=DIRECTION('ref_axis',(0.866025403784437,-0.500000000000004,0.));
#15943=DIRECTION('',(-1.,-2.19767164158123E-15,0.));
#15944=DIRECTION('center_axis',(0.,0.,-1.));
#15945=DIRECTION('ref_axis',(0.,-1.,0.));
#15946=DIRECTION('',(-0.500000000000005,0.866025403784436,0.));
#15947=DIRECTION('',(-0.500000000000001,0.866025403784438,0.));
#15948=DIRECTION('center_axis',(0.,0.,-1.));
#15949=DIRECTION('ref_axis',(-0.866025403784442,-0.499999999999995,0.));
#15950=DIRECTION('',(0.500000000000004,0.866025403784436,0.));
#15951=DIRECTION('center_axis',(0.,0.,1.));
#15952=DIRECTION('ref_axis',(0.866025403784443,-0.499999999999992,0.));
#15953=DIRECTION('',(0.,0.,1.));
#15954=DIRECTION('center_axis',(1.09872824582724E-15,-1.,0.));
#15955=DIRECTION('ref_axis',(1.,1.09872824582724E-15,0.));
#15956=DIRECTION('',(0.,0.,1.));
#15957=DIRECTION('center_axis',(0.,0.,1.));
#15958=DIRECTION('ref_axis',(-1.18423789293348E-14,-1.,0.));
#15959=DIRECTION('center_axis',(-0.866025403784438,-0.500000000000001,0.));
#15960=DIRECTION('ref_axis',(0.500000000000001,-0.866025403784438,0.));
#15961=DIRECTION('',(0.,0.,1.));
#15962=DIRECTION('center_axis',(0.,0.,1.));
#15963=DIRECTION('ref_axis',(-0.866025403784442,-0.499999999999995,0.));
#15964=DIRECTION('',(0.,0.,1.));
#15965=DIRECTION('center_axis',(-0.866025403784436,0.500000000000004,0.));
#15966=DIRECTION('ref_axis',(-0.500000000000004,-0.866025403784436,0.));
#15967=DIRECTION('center_axis',(-0.866025403784436,-0.500000000000005,0.));
#15968=DIRECTION('ref_axis',(0.500000000000005,-0.866025403784436,0.));
#15969=DIRECTION('',(0.,0.,1.));
#15970=DIRECTION('center_axis',(0.,0.,1.));
#15971=DIRECTION('ref_axis',(-0.866025403784442,-0.499999999999994,0.));
#15972=DIRECTION('',(0.,0.,1.));
#15973=DIRECTION('center_axis',(-0.866025403784439,0.5,0.));
#15974=DIRECTION('ref_axis',(-0.5,-0.866025403784439,0.));
#15975=DIRECTION('',(0.,0.,1.));
#15976=DIRECTION('center_axis',(0.,0.,1.));
#15977=DIRECTION('ref_axis',(-0.866025403784439,0.499999999999999,0.));
#15978=DIRECTION('',(0.,0.,1.));
#15979=DIRECTION('center_axis',(-2.19767164158122E-15,1.,0.));
#15980=DIRECTION('ref_axis',(-1.,-2.19767164158122E-15,0.));
#15981=DIRECTION('center_axis',(0.,0.,1.));
#15982=DIRECTION('ref_axis',(0.866025403784435,-0.500000000000006,0.));
#15983=DIRECTION('',(0.,0.,1.));
#15984=DIRECTION('center_axis',(-4.39534328316244E-15,-1.,0.));
#15985=DIRECTION('ref_axis',(1.,-4.39534328316244E-15,0.));
#15986=DIRECTION('',(0.,0.,1.));
#15987=DIRECTION('center_axis',(0.,0.,1.));
#15988=DIRECTION('ref_axis',(7.89491928622341E-15,-1.,0.));
#15989=DIRECTION('',(0.,0.,1.));
#15990=DIRECTION('center_axis',(-0.866025403784438,-0.500000000000001,0.));
#15991=DIRECTION('ref_axis',(0.500000000000001,-0.866025403784438,0.));
#15992=DIRECTION('',(0.,0.,1.));
#15993=DIRECTION('center_axis',(0.,0.,1.));
#15994=DIRECTION('ref_axis',(-0.866025403784442,-0.499999999999995,0.));
#15995=DIRECTION('',(0.,0.,1.));
#15996=DIRECTION('center_axis',(-0.866025403784436,0.500000000000004,0.));
#15997=DIRECTION('ref_axis',(-0.500000000000004,-0.866025403784436,0.));
#15998=DIRECTION('center_axis',(0.,0.,1.));
#15999=DIRECTION('ref_axis',(-0.866025403784442,-0.499999999999994,0.));
#16000=DIRECTION('',(0.,0.,1.));
#16001=DIRECTION('center_axis',(-0.86602540378444,0.499999999999998,0.));
#16002=DIRECTION('ref_axis',(-0.499999999999998,-0.86602540378444,0.));
#16003=DIRECTION('',(0.,0.,1.));
#16004=DIRECTION('center_axis',(0.,0.,1.));
#16005=DIRECTION('ref_axis',(-0.86602540378444,0.499999999999997,0.));
#16006=DIRECTION('',(0.,0.,1.));
#16007=DIRECTION('center_axis',(-2.19745649165448E-15,1.,0.));
#16008=DIRECTION('ref_axis',(-1.,-2.19745649165448E-15,0.));
#16009=DIRECTION('',(0.,0.,1.));
#16010=DIRECTION('center_axis',(0.,0.,1.));
#16011=DIRECTION('ref_axis',(3.94745964311164E-15,1.,0.));
#16012=DIRECTION('',(0.,0.,1.));
#16013=DIRECTION('center_axis',(0.866025403784438,0.500000000000002,0.));
#16014=DIRECTION('ref_axis',(-0.500000000000002,0.866025403784438,0.));
#16015=DIRECTION('center_axis',(0.,0.,1.));
#16016=DIRECTION('ref_axis',(0.866025403784447,0.499999999999985,0.));
#16017=DIRECTION('',(0.,0.,1.));
#16018=DIRECTION('center_axis',(0.866025403784439,-0.499999999999999,0.));
#16019=DIRECTION('ref_axis',(0.499999999999999,0.866025403784439,0.));
#16020=DIRECTION('',(0.,0.,1.));
#16021=DIRECTION('center_axis',(0.,0.,1.));
#16022=DIRECTION('ref_axis',(0.866025403784437,-0.500000000000004,0.));
#16023=DIRECTION('',(0.,0.,1.));
#16024=DIRECTION('center_axis',(2.19767164158123E-15,-1.,0.));
#16025=DIRECTION('ref_axis',(1.,2.19767164158123E-15,0.));
#16026=DIRECTION('',(0.,0.,1.));
#16027=DIRECTION('center_axis',(0.,0.,1.));
#16028=DIRECTION('ref_axis',(0.,-1.,0.));
#16029=DIRECTION('',(0.,0.,1.));
#16030=DIRECTION('center_axis',(-0.866025403784436,-0.500000000000005,0.));
#16031=DIRECTION('ref_axis',(0.500000000000005,-0.866025403784436,0.));
#16032=DIRECTION('center_axis',(0.,0.,1.));
#16033=DIRECTION('ref_axis',(1.,0.,0.));
#16034=DIRECTION('',(0.,0.,1.));
#16035=DIRECTION('center_axis',(0.,0.,1.));
#16036=DIRECTION('ref_axis',(0.999999992248106,-0.000124514206221804,0.));
#16037=DIRECTION('center_axis',(0.999999999980083,6.31149385199592E-6,0.));
#16038=DIRECTION('ref_axis',(-4.46290010216352E-6,0.707106781172464,-0.707106781186547));
#16039=DIRECTION('',(-0.999999999980082,-6.31149385199592E-6,0.));
#16040=DIRECTION('center_axis',(-6.31149385199592E-6,0.999999999980083,
0.));
#16041=DIRECTION('ref_axis',(0.,0.,1.));
#16042=DIRECTION('center_axis',(0.,1.,0.));
#16043=DIRECTION('ref_axis',(-0.707106781186547,0.,-0.707106781186548));
#16044=DIRECTION('center_axis',(0.,-1.,0.));
#16045=DIRECTION('ref_axis',(0.707106781186548,0.,-0.707106781186547));
#16046=DIRECTION('center_axis',(0.,0.,1.));
#16047=DIRECTION('ref_axis',(-1.,0.,0.));
#16048=DIRECTION('center_axis',(0.,0.,1.));
#16049=DIRECTION('ref_axis',(0.00102031155888581,-0.999999479482026,0.));
#16050=DIRECTION('',(0.000138947884901998,0.999999990346743,0.));
#16051=DIRECTION('center_axis',(0.,0.,1.));
#16052=DIRECTION('ref_axis',(0.000612102859709469,-0.999999812665027,0.));
#16053=DIRECTION('center_axis',(0.,0.,1.));
#16054=DIRECTION('ref_axis',(-0.99804976434367,-0.0624232960804251,0.));
#16055=DIRECTION('center_axis',(0.,0.,1.));
#16056=DIRECTION('ref_axis',(-0.999999998847914,4.8001790303731E-5,0.));
#16057=DIRECTION('center_axis',(0.,0.,1.));
#16058=DIRECTION('ref_axis',(-0.99804976434367,-0.0624232960804251,0.));
#16059=DIRECTION('center_axis',(0.,0.,1.));
#16060=DIRECTION('ref_axis',(0.000612102859709469,-0.999999812665027,0.));
#16061=DIRECTION('center_axis',(0.999999990346743,-0.000138947884901998,
0.));
#16062=DIRECTION('ref_axis',(0.000138947884901998,0.999999990346743,0.));
#16063=DIRECTION('',(0.,0.,-1.));
#16064=DIRECTION('center_axis',(0.,0.,1.));
#16065=DIRECTION('ref_axis',(0.00102031155888581,-0.999999479482026,0.));
#16066=DIRECTION('center_axis',(0.,0.,1.));
#16067=DIRECTION('ref_axis',(-0.129000711829821,0.991644500991862,0.));
#16068=DIRECTION('center_axis',(0.,0.,1.));
#16069=DIRECTION('ref_axis',(0.,1.,0.));
#16070=DIRECTION('center_axis',(0.,0.,1.));
#16071=DIRECTION('ref_axis',(-0.999999998847914,4.8001790303731E-5,0.));
#16072=DIRECTION('center_axis',(0.866276874594889,0.499564186608798,0.));
#16073=DIRECTION('ref_axis',(-0.499564186608798,0.866276874594889,0.));
#16074=DIRECTION('',(0.,0.,1.));
#16075=DIRECTION('center_axis',(0.,0.,1.));
#16076=DIRECTION('ref_axis',(-0.999999999980082,-6.31149387568055E-6,0.));
#16077=DIRECTION('center_axis',(0.,0.,1.));
#16078=DIRECTION('ref_axis',(-3.70074341541717E-15,1.,0.));
#16079=DIRECTION('center_axis',(0.,0.,1.));
#16080=DIRECTION('ref_axis',(1.,0.,0.));
#16081=DIRECTION('',(0.,0.,1.));
#16082=DIRECTION('center_axis',(0.,0.,1.));
#16083=DIRECTION('ref_axis',(1.,0.,0.));
#16084=DIRECTION('',(0.,0.,1.));
#16085=DIRECTION('center_axis',(0.,0.,1.));
#16086=DIRECTION('ref_axis',(1.,0.,0.));
#16087=DIRECTION('',(0.,0.,1.));
#16088=CARTESIAN_POINT('',(0.,0.,0.));
#16089=CARTESIAN_POINT('Origin',(21.3680968662274,-28.321365705403,12.));
#16090=CARTESIAN_POINT('',(21.3680968662274,-7.8661236188739,12.5));
#16091=CARTESIAN_POINT('',(20.8680968662274,-7.8661236188739,12.));
#16092=CARTESIAN_POINT('Origin',(21.3680968662274,-7.8661236188739,12.));
#16093=CARTESIAN_POINT('',(20.8680968662274,-9.00009821508946,12.));
#16094=CARTESIAN_POINT('',(20.8680968662274,-28.321365705403,12.));
#16095=CARTESIAN_POINT('',(21.3680968662274,-9.00009821508946,12.5));
#16096=CARTESIAN_POINT('Origin',(21.3680968662274,-9.00009821508946,12.));
#16097=CARTESIAN_POINT('',(21.3680968662274,-28.321365705403,12.5));
#16098=CARTESIAN_POINT('Ctrl Pts',(20.8680968662274,-7.14215863051202,11.6392763805096));
#16099=CARTESIAN_POINT('Ctrl Pts',(20.8680968662274,-7.22817460500938,11.7203311937542));
#16100=CARTESIAN_POINT('Ctrl Pts',(20.8680968662274,-7.43870389130899,11.8999410886621));
#16101=CARTESIAN_POINT('Ctrl Pts',(20.8680968662274,-7.70855387239561,12.));
#16102=CARTESIAN_POINT('Ctrl Pts',(20.8680968662274,-7.8661236188739,12.));
#16103=CARTESIAN_POINT('Ctrl Pts',(20.8680968662274,-7.11971207342106,11.6630968349033));
#16104=CARTESIAN_POINT('Ctrl Pts',(20.8680877052612,-7.19357553087788,11.7587312437456));
#16105=CARTESIAN_POINT('Ctrl Pts',(20.8683704227975,-7.38272700769424,11.9753594814479));
#16106=CARTESIAN_POINT('Ctrl Pts',(20.8684676125272,-7.67755807673622,12.1194164095787));
#16107=CARTESIAN_POINT('Ctrl Pts',(20.8680968662274,-7.8661236188739,12.1308996938996));
#16108=CARTESIAN_POINT('Ctrl Pts',(20.8745455251675,-7.07481957330477,11.7107370920399));
#16109=CARTESIAN_POINT('Ctrl Pts',(20.8820415884525,-7.12438202553798,11.8355263111611));
#16110=CARTESIAN_POINT('Ctrl Pts',(20.9141897378161,-7.27081726276948,12.1266966201845));
#16111=CARTESIAN_POINT('Ctrl Pts',(20.9565364077606,-7.61611006620463,12.3581880020776));
#16112=CARTESIAN_POINT('Ctrl Pts',(20.9764920577229,-7.8661236188739,12.3916048085045));
#16113=CARTESIAN_POINT('Ctrl Pts',(20.8936419011877,-7.03165269983183,11.7565461012664));
#16114=CARTESIAN_POINT('Ctrl Pts',(20.9230136168569,-7.05983417248856,11.9072621113217));
#16115=CARTESIAN_POINT('Ctrl Pts',(21.0467053311461,-7.18801455804297,12.2508468623102));
#16116=CARTESIAN_POINT('Ctrl Pts',(21.1803072380448,-7.59012798389661,12.4817338227325));
#16117=CARTESIAN_POINT('Ctrl Pts',(21.2371971723278,-7.8661236188739,12.5));
#16118=CARTESIAN_POINT('Ctrl Pts',(20.9061690753278,-7.01091532277117,11.7785527610191));
#16119=CARTESIAN_POINT('Ctrl Pts',(20.9496741182772,-7.02982564805398,11.9406623875083));
#16120=CARTESIAN_POINT('Ctrl Pts',(21.1296048082365,-7.16047354437115,12.2998821773241));
#16121=CARTESIAN_POINT('Ctrl Pts',(21.2998671645684,-7.5903765625369,12.5));
#16122=CARTESIAN_POINT('Ctrl Pts',(21.3680968662274,-7.8661236188739,12.5));
#16123=CARTESIAN_POINT('',(20.9061690753278,-7.01091532277117,11.7785527610191));
#16124=CARTESIAN_POINT('',(20.8680968662274,-7.14215863051202,11.6392763805096));
#16125=CARTESIAN_POINT('Origin',(21.3680968662274,-7.14215863051202,11.6392763805096));
#16126=CARTESIAN_POINT('Ctrl Pts',(20.8680968662274,-7.14215863051202,11.6392763805096));
#16127=CARTESIAN_POINT('Ctrl Pts',(20.8680968662274,-7.22817460500938,11.7203311937542));
#16128=CARTESIAN_POINT('Ctrl Pts',(20.8680968662274,-7.43870389130899,11.8999410886621));
#16129=CARTESIAN_POINT('Ctrl Pts',(20.8680968662274,-7.70855387239561,12.));
#16130=CARTESIAN_POINT('Ctrl Pts',(20.8680968662274,-7.8661236188739,12.));
#16131=CARTESIAN_POINT('Ctrl Pts',(21.3680968662274,-7.8661236188739,12.5));
#16132=CARTESIAN_POINT('Ctrl Pts',(21.2998671645684,-7.5903765625369,12.5));
#16133=CARTESIAN_POINT('Ctrl Pts',(21.1296048082365,-7.16047354437115,12.2998821773241));
#16134=CARTESIAN_POINT('Ctrl Pts',(20.9496741182772,-7.02982564805398,11.9406623875083));
#16135=CARTESIAN_POINT('Ctrl Pts',(20.9061690753278,-7.01091532277117,11.7785527610191));
#16136=CARTESIAN_POINT('Origin',(19.3680968662274,-9.00009821508946,4.3));
#16137=CARTESIAN_POINT('',(21.3680968662274,-9.50009821508946,4.3));
#16138=CARTESIAN_POINT('',(20.8680968662274,-9.00009821508946,4.3));
#16139=CARTESIAN_POINT('Origin',(21.3680968662274,-9.00009821508946,4.3));
#16140=CARTESIAN_POINT('',(19.3680968662274,-9.00009821508946,2.8));
#16141=CARTESIAN_POINT('Origin',(19.3680968662274,-9.00009821508946,4.3));
#16142=CARTESIAN_POINT('',(20.6909725217597,-9.50009821508946,2.8));
#16143=CARTESIAN_POINT('Ctrl Pts',(20.6909725217597,-9.50009821508946,2.8));
#16144=CARTESIAN_POINT('Ctrl Pts',(20.2357758532197,-9.50009821508946,2.8));
#16145=CARTESIAN_POINT('Ctrl Pts',(19.7623087449012,-9.22769654935948,2.8));
#16146=CARTESIAN_POINT('Ctrl Pts',(19.3680968662274,-9.00009821508946,2.8));
#16147=CARTESIAN_POINT('Origin',(19.3680968662274,-9.50009821508946,4.3));
#16148=CARTESIAN_POINT('Origin',(21.3680968662274,-9.00009821508946,9.5));
#16149=CARTESIAN_POINT('',(21.3680968662274,-9.50009821508946,12.));
#16150=CARTESIAN_POINT('Origin',(21.3680968662274,-9.00009821508946,12.));
#16151=CARTESIAN_POINT('',(20.8680968662274,-9.00009821508946,9.5));
#16152=CARTESIAN_POINT('',(21.3680968662274,-9.50009821508946,9.5));
#16153=CARTESIAN_POINT('Origin',(21.3680968662274,-9.00009821508946,12.));
#16154=CARTESIAN_POINT('Origin',(21.3680968662274,-9.00009821508946,12.));
#16155=CARTESIAN_POINT('Ctrl Pts',(20.9061690753278,-7.01091532277117,11.7785527610191));
#16156=CARTESIAN_POINT('Ctrl Pts',(20.8826851202317,-7.00424304193772,11.6943778013956));
#16157=CARTESIAN_POINT('Ctrl Pts',(20.869971300437,-7.00063078089444,11.6062555696039));
#16158=CARTESIAN_POINT('Ctrl Pts',(20.8681667700096,-7.00011807621012,11.5137536984366));
#16159=CARTESIAN_POINT('Ctrl Pts',(20.8680968662274,-7.00009821508946,11.506867262953));
#16160=CARTESIAN_POINT('Ctrl Pts',(20.8680968662274,-7.00009821508946,11.5));
#16161=CARTESIAN_POINT('Ctrl Pts',(20.8811147270475,-7.0523900768925,11.7345394415138));
#16162=CARTESIAN_POINT('Ctrl Pts',(20.8729224856877,-7.03515573914448,11.6621325595809));
#16163=CARTESIAN_POINT('Ctrl Pts',(20.8687335319117,-7.0181507579009,11.5890628290345));
#16164=CARTESIAN_POINT('Ctrl Pts',(20.8681197285919,-7.00240220276339,11.5115421983848));
#16165=CARTESIAN_POINT('Ctrl Pts',(20.8680968662274,-7.00124192909346,11.5057662948721));
#16166=CARTESIAN_POINT('Ctrl Pts',(20.8680968662274,-7.00009821508946,11.5));
#16167=CARTESIAN_POINT('Ctrl Pts',(20.8680968662274,-7.09726551633013,11.6869172892971));
#16168=CARTESIAN_POINT('Ctrl Pts',(20.8681401306938,-7.06633223956487,11.6296533468786));
#16169=CARTESIAN_POINT('Ctrl Pts',(20.8681012161347,-7.0356863902561,11.5718540831234));
#16170=CARTESIAN_POINT('Ctrl Pts',(20.8680968539372,-7.004686468582,11.5093305988869));
#16171=CARTESIAN_POINT('Ctrl Pts',(20.8680968662274,-7.00238564309747,11.5046653267913));
#16172=CARTESIAN_POINT('Ctrl Pts',(20.8680968662274,-7.00009821508946,11.5));
#16173=CARTESIAN_POINT('Ctrl Pts',(20.8680968662274,-7.14215863051206,11.6392763805096));
#16174=CARTESIAN_POINT('Ctrl Pts',(20.8680968662274,-7.09749508191782,11.5971889006978));
#16175=CARTESIAN_POINT('Ctrl Pts',(20.868096866215,-7.05322278295903,11.5546444979747));
#16176=CARTESIAN_POINT('Ctrl Pts',(20.8680968662271,-7.00697067235702,11.5071190671256));
#16177=CARTESIAN_POINT('Ctrl Pts',(20.8680968662274,-7.00352935710148,11.5035643587104));
#16178=CARTESIAN_POINT('Ctrl Pts',(20.8680968662274,-7.00009821508946,11.5));
#16179=CARTESIAN_POINT('',(20.8680968662274,-7.00009821508946,11.5));
#16180=CARTESIAN_POINT('Origin',(21.830024657127,-7.27340193825295,11.5));
#16181=CARTESIAN_POINT('Ctrl Pts',(20.8680968662274,-7.00009821508946,11.5));
#16182=CARTESIAN_POINT('Ctrl Pts',(20.8680968662274,-7.00352935710148,11.5035643587104));
#16183=CARTESIAN_POINT('Ctrl Pts',(20.8680968662271,-7.00697067235702,11.5071190671256));
#16184=CARTESIAN_POINT('Ctrl Pts',(20.868096866215,-7.05322278295903,11.5546444979747));
#16185=CARTESIAN_POINT('Ctrl Pts',(20.8680968662274,-7.09749508191782,11.5971889006978));
#16186=CARTESIAN_POINT('Ctrl Pts',(20.8680968662274,-7.14215863051206,11.6392763805096));
#16187=CARTESIAN_POINT('Ctrl Pts',(20.8878864021264,-7.03437469672463,11.7785527610191));
#16188=CARTESIAN_POINT('Ctrl Pts',(20.9017834043771,-7.02635125873423,11.7785527610191));
#16189=CARTESIAN_POINT('Ctrl Pts',(20.9061690753278,-7.01091532277117,11.7785527610191));
#16190=CARTESIAN_POINT('Ctrl Pts',(20.9925077792989,-7.21558423754535,12.5));
#16191=CARTESIAN_POINT('Ctrl Pts',(21.0798740898482,-7.16514327463161,12.5));
#16192=CARTESIAN_POINT('Ctrl Pts',(21.1074454957768,-7.06810214657867,12.5));
#16193=CARTESIAN_POINT('Ctrl Pts',(21.3680968662274,-7.8661236188739,12.5));
#16194=CARTESIAN_POINT('Ctrl Pts',(21.719216829872,-7.66340441334588,12.5));
#16195=CARTESIAN_POINT('Ctrl Pts',(21.830024657127,-7.27340193825289,12.5));
#16196=CARTESIAN_POINT('',(21.830024657127,-7.27340193825295,12.5));
#16197=CARTESIAN_POINT('Origin',(20.8680968662274,-7.00009821508946,12.5));
#16198=CARTESIAN_POINT('Origin',(21.830024657127,-7.27340193825295,11.5));
#16199=CARTESIAN_POINT('Origin',(70.4748639468862,-49.6426331957165,12.5));
#16200=CARTESIAN_POINT('',(22.7499427470582,-9.00009821508946,12.5));
#16201=CARTESIAN_POINT('',(36.7874319734122,-9.00009821508946,12.5));
#16202=CARTESIAN_POINT('',(22.7500730250393,-7.84721545477015,12.5));
#16203=CARTESIAN_POINT('',(22.7476410598201,-29.3686632916616,12.5));
#16204=CARTESIAN_POINT('',(23.8489506753014,-6.74734032946607,12.5));
#16205=CARTESIAN_POINT('Origin',(23.8500730180162,-7.84733975689631,12.5));
#16206=CARTESIAN_POINT('',(41.7508919854745,-6.72907476231365,12.5));
#16207=CARTESIAN_POINT('',(47.1399997712987,-6.7235761904857,12.5));
#16208=CARTESIAN_POINT('',(41.7510838834473,-5.34799601355735,12.5));
#16209=CARTESIAN_POINT('',(41.747903949349,-28.2338000673116,12.5));
#16210=CARTESIAN_POINT('',(42.8504105596832,-4.24814906229922,12.5));
#16211=CARTESIAN_POINT('Origin',(42.8510838728287,-5.34814885623074,12.5));
#16212=CARTESIAN_POINT('',(60.7502066982297,-4.2371925438433,12.5));
#16213=CARTESIAN_POINT('',(56.6487390340866,-4.23970306439955,12.5));
#16214=CARTESIAN_POINT('',(60.7502066982297,-3.1,12.5));
#16215=CARTESIAN_POINT('',(60.7502066982297,-26.9898822739979,12.5));
#16216=CARTESIAN_POINT('',(61.8502066982297,-2.,12.5));
#16217=CARTESIAN_POINT('Origin',(61.8502066982297,-3.1,12.5));
#16218=CARTESIAN_POINT('',(80.8497059497289,-2.,12.5));
#16219=CARTESIAN_POINT('',(66.162535322558,-2.,12.5));
#16220=CARTESIAN_POINT('',(81.9497059497289,-3.09999999999999,12.5));
#16221=CARTESIAN_POINT('Origin',(80.8497059497289,-3.10000000000001,12.5));
#16222=CARTESIAN_POINT('',(81.9497059497289,-4.25018408940697,12.5));
#16223=CARTESIAN_POINT('',(81.9497059497289,-26.3713165978582,12.5));
#16224=CARTESIAN_POINT('',(99.8496269482577,-4.25018408940698,12.5));
#16225=CARTESIAN_POINT('',(76.1622849483076,-4.25018408940697,12.5));
#16226=CARTESIAN_POINT('',(100.94962694699,-5.35023689137629,12.5));
#16227=CARTESIAN_POINT('Origin',(99.8496269482577,-5.35018408940696,12.5));
#16228=CARTESIAN_POINT('',(100.949451739487,-9.00025707451724,12.5));
#16229=CARTESIAN_POINT('',(100.948563854723,-27.497166414108,12.5));
#16230=CARTESIAN_POINT('',(137.849727897809,-9.00025720786861,12.5));
#16231=CARTESIAN_POINT('',(85.6621555166575,-9.00025701927155,12.5));
#16232=CARTESIAN_POINT('',(138.949727885307,-10.1003941734954,12.5));
#16233=CARTESIAN_POINT('Origin',(137.849727893834,-10.1002572078686,12.5));
#16234=CARTESIAN_POINT('',(138.942599455193,-67.3503279468407,12.5));
#16235=CARTESIAN_POINT('',(138.947265569265,-29.8757764247095,12.5));
#16236=CARTESIAN_POINT('',(137.84259946372,-68.4501909812138,12.5));
#16237=CARTESIAN_POINT('Origin',(137.84259946372,-67.3501909812138,12.5));
#16238=CARTESIAN_POINT('',(82.4164505259927,-68.4501909812138,12.5));
#16239=CARTESIAN_POINT('',(104.158731705303,-68.4501909812138,12.5));
#16240=CARTESIAN_POINT('',(72.0386405254684,-82.6808006836277,12.5));
#16241=CARTESIAN_POINT('',(84.8353744754434,-65.1332327190453,12.5));
#16242=CARTESIAN_POINT('',(71.2917723847865,-83.1234662861653,12.5));
#16243=CARTESIAN_POINT('Origin',(71.1498716017732,-82.0326573350742,12.5));
#16244=CARTESIAN_POINT('',(33.8974146383864,-87.9880107503256,12.5));
#16245=CARTESIAN_POINT('',(73.0315970637415,-82.8971365663713,12.5));
#16246=CARTESIAN_POINT('',(18.0658683734505,-97.1376521470155,12.5));
#16247=CARTESIAN_POINT('',(55.9218743675236,-75.2592535521885,12.5));
#16248=CARTESIAN_POINT('',(16.5625445415995,-96.7347869967026,12.5));
#16249=CARTESIAN_POINT('Origin',(17.5154491036539,-96.1852663914329,12.5));
#16250=CARTESIAN_POINT('',(2.14748099762686,-71.7381268503296,12.5));
#16251=CARTESIAN_POINT('',(13.100020248207,-90.7305440916006,12.5));
#16252=CARTESIAN_POINT('',(2.00038555970314,-71.1886131877032,12.5));
#16253=CARTESIAN_POINT('Origin',(3.10038555968124,-71.1886062450599,12.5));
#16254=CARTESIAN_POINT('',(2.00035339205163,-66.091935245144,12.5));
#16255=CARTESIAN_POINT('',(2.00031756740683,-60.4158392802637,12.5));
#16256=CARTESIAN_POINT('',(1.00035339207155,-66.0919415566378,12.5));
#16257=CARTESIAN_POINT('',(36.4876605779345,-66.0917175787167,12.5));
#16258=CARTESIAN_POINT('',(1.00038555972306,-71.1886194991971,12.5));
#16259=CARTESIAN_POINT('',(1.00012478755527,-29.8715915767723,12.5));
#16260=CARTESIAN_POINT('',(1.28120412303196,-72.2376910369384,12.5));
#16261=CARTESIAN_POINT('Origin',(3.10038555968124,-71.1886062450599,12.5));
#16262=CARTESIAN_POINT('',(15.6962676670047,-97.2343511833114,12.5));
#16263=CARTESIAN_POINT('',(5.02621160162579,-78.7317782050229,12.5));
#16264=CARTESIAN_POINT('',(18.566249527811,-98.0034573793633,12.5));
#16265=CARTESIAN_POINT('Origin',(17.5154491036539,-96.1852663914329,12.5));
#16266=CARTESIAN_POINT('',(34.2246857889804,-88.9538627140626,12.5));
#16267=CARTESIAN_POINT('',(48.4978268892278,-80.7048818194507,12.5));
#16268=CARTESIAN_POINT('',(71.4207730966169,-84.1151107871571,12.5));
#16269=CARTESIAN_POINT('',(54.6616893411355,-86.2952607621884,12.5));
#16270=CARTESIAN_POINT('',(72.8466122742821,-83.2700219095852,12.5));
#16271=CARTESIAN_POINT('Origin',(71.1498716017732,-82.0326573350742,12.5));
#16272=CARTESIAN_POINT('',(82.9248578739545,-69.4501909812138,12.5));
#16273=CARTESIAN_POINT('',(80.4394630039523,-72.8582977349119,12.5));
#16274=CARTESIAN_POINT('',(137.84259946372,-69.4501909812138,12.5));
#16275=CARTESIAN_POINT('',(76.9540645844013,-69.4501909812138,12.5));
#16276=CARTESIAN_POINT('',(139.942599447441,-67.3504524610469,12.5));
#16277=CARTESIAN_POINT('Origin',(137.84259946372,-67.3501909812138,12.5));
#16278=CARTESIAN_POINT('',(139.949727877555,-10.1005186877014,12.5));
#16279=CARTESIAN_POINT('',(139.943701346456,-58.5008678255884,12.5));
#16280=CARTESIAN_POINT('',(137.849727901423,-8.00025720786861,12.5));
#16281=CARTESIAN_POINT('Origin',(137.849727893834,-10.1002572078686,12.5));
#16282=CARTESIAN_POINT('',(101.949499742429,-8.00025707813126,12.5));
#16283=CARTESIAN_POINT('',(104.162295999399,-8.00025708612793,12.5));
#16284=CARTESIAN_POINT('',(101.949626945838,-5.3502848931666,12.5));
#16285=CARTESIAN_POINT('',(101.948524253913,-28.3221765092925,12.5));
#16286=CARTESIAN_POINT('',(99.8496269482577,-3.25018408940698,12.5));
#16287=CARTESIAN_POINT('Origin',(99.8496269482577,-5.35018408940696,12.5));
#16288=CARTESIAN_POINT('',(82.944328765247,-3.25018408940698,12.5));
#16289=CARTESIAN_POINT('',(85.162245447572,-3.25018408940698,12.5));
#16290=CARTESIAN_POINT('',(80.8497059497289,-1.,12.5));
#16291=CARTESIAN_POINT('Origin',(80.8497059497289,-3.10000000000001,12.5));
#16292=CARTESIAN_POINT('',(61.8502066982297,-1.,12.5));
#16293=CARTESIAN_POINT('',(75.6622849483076,-1.,12.5));
#16294=CARTESIAN_POINT('',(59.7547328390504,-3.23780168901819,12.5));
#16295=CARTESIAN_POINT('Origin',(61.8502066982297,-3.1,12.5));
#16296=CARTESIAN_POINT('',(42.8497984568236,-3.24814924963419,12.5));
#16297=CARTESIAN_POINT('',(64.6597159498719,-3.23479933426728,12.5));
#16298=CARTESIAN_POINT('',(40.7861032611306,-5.7300586273951,12.5));
#16299=CARTESIAN_POINT('Origin',(42.8510838728287,-5.34814885623074,12.5));
#16300=CARTESIAN_POINT('',(23.8479303637425,-5.74734084998405,12.5));
#16301=CARTESIAN_POINT('',(55.1220872681785,-5.71543144959131,12.5));
#16302=CARTESIAN_POINT('Origin',(23.8500730180162,-7.84733975689631,12.5));
#16303=CARTESIAN_POINT('Origin',(36.7874319734122,-9.00009821508946,12.));
#16304=CARTESIAN_POINT('',(22.8499314475033,-9.50009821508946,12.));
#16305=CARTESIAN_POINT('',(36.7874319734122,-9.50009821508946,12.));
#16306=CARTESIAN_POINT('Origin',(22.7499427470582,-9.00009821508946,12.));
#16307=CARTESIAN_POINT('Origin',(3.09999999993826,-9.50009821508946,6.5));
#16308=CARTESIAN_POINT('',(22.8499314475033,-9.50009821508946,2.8));
#16309=CARTESIAN_POINT('',(22.8499314475033,-9.50009821508946,2.8));
#16310=CARTESIAN_POINT('',(22.8499314475033,-9.50009821508946,6.5));
#16311=CARTESIAN_POINT('Origin',(2.00035339205163,-66.0919352451439,5.65));
#16312=CARTESIAN_POINT('',(2.0003502363047,-65.5919352451539,12.));
#16313=CARTESIAN_POINT('',(2.50035339204167,-66.091932089397,12.));
#16314=CARTESIAN_POINT('Origin',(2.00035339205163,-66.0919352451439,12.));
#16315=CARTESIAN_POINT('',(2.50035339204167,-66.091932089397,4.3));
#16316=CARTESIAN_POINT('',(2.50035339204167,-66.091932089397,5.65));
#16317=CARTESIAN_POINT('',(2.00035023630471,-65.5919352451539,4.3));
#16318=CARTESIAN_POINT('Origin',(2.00035339205163,-66.0919352451439,4.3));
#16319=CARTESIAN_POINT('',(2.0003502363047,-65.5919352451539,5.65));
#16320=CARTESIAN_POINT('Origin',(2.00034076906392,-64.0919352451838,4.3));
#16321=CARTESIAN_POINT('',(2.50034911837553,-65.4148077449428,2.8));
#16322=CARTESIAN_POINT('',(2.00034076906393,-64.0919352451838,2.8));
#16323=CARTESIAN_POINT('Ctrl Pts',(2.00034076906392,-64.0919352451838,2.8));
#16324=CARTESIAN_POINT('Ctrl Pts',(2.22794159139527,-64.4861456873642,2.8));
#16325=CARTESIAN_POINT('Ctrl Pts',(2.50034624540455,-64.9596110764118,2.8));
#16326=CARTESIAN_POINT('Ctrl Pts',(2.50034911837553,-65.4148077449428,2.8));
#16327=CARTESIAN_POINT('Origin',(2.00034076906392,-64.0919352451838,4.3));
#16328=CARTESIAN_POINT('Origin',(2.50034076905396,-64.0919320894369,4.3));
#16329=CARTESIAN_POINT('Origin',(36.4875595940328,-50.0917175787366,12.));
#16330=CARTESIAN_POINT('',(1.00025240816989,-50.0919415566577,12.5));
#16331=CARTESIAN_POINT('',(1.00025556391682,-50.5919415566478,12.));
#16332=CARTESIAN_POINT('Origin',(1.00025240816989,-50.0919415566577,12.));
#16333=CARTESIAN_POINT('',(2.00025556389689,-50.5919352451539,12.));
#16334=CARTESIAN_POINT('',(36.4875627497798,-50.5917175787266,12.));
#16335=CARTESIAN_POINT('',(2.00025240814997,-50.0919352451639,12.5));
#16336=CARTESIAN_POINT('Origin',(2.00025240814997,-50.0919352451639,12.));
#16337=CARTESIAN_POINT('',(36.4875595940328,-50.0917175787366,12.5));
#16338=CARTESIAN_POINT('Ctrl Pts',(0.500255563926773,-50.5919447123947,
11.5));
#16339=CARTESIAN_POINT('Ctrl Pts',(0.500255563926772,-50.5919447123947,
12.));
#16340=CARTESIAN_POINT('Ctrl Pts',(1.00025556391681,-50.5919415566478,12.));
#16341=CARTESIAN_POINT('Ctrl Pts',(0.00025556393672202,-50.5919478681416,
11.5));
#16342=CARTESIAN_POINT('Ctrl Pts',(0.000255563936720077,-50.5919478681416,
12.5));
#16343=CARTESIAN_POINT('Ctrl Pts',(1.00025556391681,-50.5919415566478,12.5));
#16344=CARTESIAN_POINT('Ctrl Pts',(0.000252408189804904,-50.0919478681516,
11.5));
#16345=CARTESIAN_POINT('Ctrl Pts',(0.000252408189802961,-50.0919478681516,
12.5));
#16346=CARTESIAN_POINT('Ctrl Pts',(1.00025240816989,-50.0919415566577,12.5));
#16347=CARTESIAN_POINT('',(0.000252408189800328,-50.0919478681516,11.5));
#16348=CARTESIAN_POINT('',(0.500255563926773,-50.5919447123947,11.5));
#16349=CARTESIAN_POINT('Origin',(0.500252408179847,-50.0919447124047,11.5));
#16350=CARTESIAN_POINT('Origin',(1.00025556391681,-50.5919415566478,11.5));
#16351=CARTESIAN_POINT('Origin',(1.00025240816989,-50.0919415566577,11.5));
#16352=CARTESIAN_POINT('Origin',(0.500252408179841,-50.0919447124046,4.75));
#16353=CARTESIAN_POINT('',(0.000252408189800324,-50.0919478681516,4.3));
#16354=CARTESIAN_POINT('',(0.50025556392677,-50.5919447123947,4.3));
#16355=CARTESIAN_POINT('Origin',(0.500252408179841,-50.0919447124046,4.3));
#16356=CARTESIAN_POINT('',(0.500255563926767,-50.5919447123947,4.75));
#16357=CARTESIAN_POINT('',(0.000252408189800324,-50.0919478681516,4.75));
#16358=CARTESIAN_POINT('Origin',(0.500265031167473,-52.0919447123648,4.3));
#16359=CARTESIAN_POINT('',(0.000265031177507785,-52.0919478681117,2.3));
#16360=CARTESIAN_POINT('',(0.500265031167477,-52.0919447123648,2.8));
#16361=CARTESIAN_POINT('Origin',(0.500265031167473,-52.0919447123648,2.3));
#16362=CARTESIAN_POINT('Origin',(0.500265031167473,-52.0919447123648,4.3));
#16363=CARTESIAN_POINT('Origin',(0.000265031177507785,-52.0919478681117,
4.3));
#16364=CARTESIAN_POINT('Origin',(0.500124787565217,-29.8715947325192,2.3));
#16365=CARTESIAN_POINT('',(0.000340769103754335,-64.0919478681715,2.3));
#16366=CARTESIAN_POINT('',(0.500340769093794,-64.0919447124246,2.8));
#16367=CARTESIAN_POINT('Origin',(0.500340769093792,-64.0919447124246,2.3));
#16368=CARTESIAN_POINT('',(0.500124787565217,-29.8715947325192,2.8));
#16369=CARTESIAN_POINT('',(0.000124787575179613,-29.8715978882662,2.3));
#16370=CARTESIAN_POINT('Origin',(0.500340769093701,-64.0919447124246,4.3));
#16371=CARTESIAN_POINT('',(0.000353392091461803,-66.0919478681317,4.3));
#16372=CARTESIAN_POINT('',(0.500350236334484,-65.5919447123947,4.3));
#16373=CARTESIAN_POINT('Origin',(0.500353392081409,-66.0919447123847,4.3));
#16374=CARTESIAN_POINT('Origin',(0.500340769093701,-64.0919447124246,4.3));
#16375=CARTESIAN_POINT('Origin',(0.000340769103754357,-64.0919478681715,
4.3));
#16376=CARTESIAN_POINT('Origin',(0.500353392081503,-66.0919447123847,5.65));
#16377=CARTESIAN_POINT('',(0.000353392091461781,-66.0919478681317,11.5));
#16378=CARTESIAN_POINT('',(0.500350236334577,-65.5919447123947,11.5));
#16379=CARTESIAN_POINT('Origin',(0.500353392081503,-66.0919447123847,11.5));
#16380=CARTESIAN_POINT('',(0.500350236334577,-65.5919447123947,5.65));
#16381=CARTESIAN_POINT('',(0.000353392091461749,-66.0919478681317,5.65));
#16382=CARTESIAN_POINT('Ctrl Pts',(1.00035023632462,-65.5919415566478,12.));
#16383=CARTESIAN_POINT('Ctrl Pts',(0.500350236334582,-65.5919447123947,
12.));
#16384=CARTESIAN_POINT('Ctrl Pts',(0.500350236334582,-65.5919447123947,
11.5));
#16385=CARTESIAN_POINT('Ctrl Pts',(1.00035023632462,-65.5919415566478,12.5));
#16386=CARTESIAN_POINT('Ctrl Pts',(0.000350236344536237,-65.5919478681416,
12.5));
#16387=CARTESIAN_POINT('Ctrl Pts',(0.000350236344535959,-65.5919478681416,
11.5));
#16388=CARTESIAN_POINT('Ctrl Pts',(1.00035339207155,-66.0919415566378,12.5));
#16389=CARTESIAN_POINT('Ctrl Pts',(0.000353392091466675,-66.0919478681317,
12.5));
#16390=CARTESIAN_POINT('Ctrl Pts',(0.000353392091466398,-66.0919478681317,
11.5));
#16391=CARTESIAN_POINT('',(1.00035023632462,-65.5919415566478,12.));
#16392=CARTESIAN_POINT('Origin',(1.00035339207155,-66.0919415566378,12.));
#16393=CARTESIAN_POINT('Origin',(1.00035023632462,-65.5919415566478,11.5));
#16394=CARTESIAN_POINT('Origin',(1.00035339207155,-66.0919415566378,11.5));
#16395=CARTESIAN_POINT('Origin',(36.4876605779345,-66.0917175787167,12.));
#16396=CARTESIAN_POINT('Origin',(2.00035339205163,-66.091935245144,12.));
#16397=CARTESIAN_POINT('',(36.4876574221876,-65.5917175787266,12.));
#16398=CARTESIAN_POINT('Origin',(2.0002650311377,-52.091935245124,4.3));
#16399=CARTESIAN_POINT('',(2.50025240814001,-50.0919320894169,4.3));
#16400=CARTESIAN_POINT('',(2.00025556389693,-50.5919352451539,4.3));
#16401=CARTESIAN_POINT('Origin',(2.00025240814999,-50.0919352451639,4.3));
#16402=CARTESIAN_POINT('',(2.00026503113771,-52.091935245124,2.8));
#16403=CARTESIAN_POINT('Origin',(2.0002650311377,-52.091935245124,4.3));
#16404=CARTESIAN_POINT('',(2.50025668180615,-50.7690564338712,2.8));
#16405=CARTESIAN_POINT('Ctrl Pts',(2.50025668180616,-50.7690564338711,2.8));
#16406=CARTESIAN_POINT('Ctrl Pts',(2.50025955477714,-51.2242531024021,2.8));
#16407=CARTESIAN_POINT('Ctrl Pts',(2.22786087733734,-51.6977219299727,2.8));
#16408=CARTESIAN_POINT('Ctrl Pts',(2.0002650311377,-52.091935245124,2.8));
#16409=CARTESIAN_POINT('Origin',(2.50026503112771,-52.0919320893771,4.3));
#16410=CARTESIAN_POINT('Origin',(2.00025240814997,-50.0919352451639,4.75));
#16411=CARTESIAN_POINT('',(2.50025240814001,-50.0919320894169,12.));
#16412=CARTESIAN_POINT('Origin',(2.00025240814997,-50.0919352451639,12.));
#16413=CARTESIAN_POINT('',(2.00025556389689,-50.5919352451539,4.75));
#16414=CARTESIAN_POINT('',(2.50025240814001,-50.0919320894169,4.75));
#16415=CARTESIAN_POINT('Origin',(2.00025240814997,-50.0919352451639,12.));
#16416=CARTESIAN_POINT('Origin',(2.00025240814997,-50.0919352451638,12.));
#16417=CARTESIAN_POINT('Origin',(2.00035339205163,-66.091935245144,12.));
#16418=CARTESIAN_POINT('Origin',(2.00035339205163,-66.091935245144,12.));
#16419=CARTESIAN_POINT('Origin',(2.50038555969318,-71.1886100319562,6.5));
#16420=CARTESIAN_POINT('',(2.50038555969318,-71.1886100319562,12.));
#16421=CARTESIAN_POINT('',(2.50031756739687,-60.4158361245168,12.));
#16422=CARTESIAN_POINT('',(2.50038555969317,-71.1886100319562,4.8));
#16423=CARTESIAN_POINT('',(2.50038555969318,-71.1886100319562,6.5));
#16424=CARTESIAN_POINT('',(2.50036130507891,-67.3456823777784,4.8));
#16425=CARTESIAN_POINT('',(2.50031756739688,-60.4158361245168,4.8));
#16426=CARTESIAN_POINT('',(2.50036130507891,-67.3456823777784,2.8));
#16427=CARTESIAN_POINT('',(2.50036130507891,-67.3456823777784,4.8));
#16428=CARTESIAN_POINT('',(2.50035023629474,-65.591932089407,2.8));
#16429=CARTESIAN_POINT('Origin',(2.00031756740683,-60.4158392802637,12.));
#16430=CARTESIAN_POINT('Origin',(2.00038555970314,-71.1886131877032,12.));
#16431=CARTESIAN_POINT('Origin',(1.00012478755527,-29.8715915767723,11.5));
#16432=CARTESIAN_POINT('',(0.000385559742971386,-71.1886258106909,11.5));
#16433=CARTESIAN_POINT('',(0.000124787575179613,-29.8715978882662,11.5));
#16434=CARTESIAN_POINT('Origin',(1.00038555972306,-71.1886194991971,11.5));
#16435=CARTESIAN_POINT('Origin',(-5.55111512312578E-16,-10.1001177807204,
6.5));
#16436=CARTESIAN_POINT('',(0.,-10.1001177807204,11.5));
#16437=CARTESIAN_POINT('',(0.000124787575179613,-29.8715978882662,11.5));
#16438=CARTESIAN_POINT('',(0.,-10.1001177807204,-1.7));
#16439=CARTESIAN_POINT('',(0.,-10.1001177807204,6.5));
#16440=CARTESIAN_POINT('',(0.000385559742971386,-71.1886258106909,-1.7));
#16441=CARTESIAN_POINT('',(0.000124787575179613,-29.8715978882662,-1.7));
#16442=CARTESIAN_POINT('',(0.000385559742971386,-71.1886258106909,6.5));
#16443=CARTESIAN_POINT('Origin',(1.00012478755527,-29.8715915767723,11.5));
#16444=CARTESIAN_POINT('',(0.999999999980082,-10.1001114692265,12.5));
#16445=CARTESIAN_POINT('',(1.00012478755527,-29.8715915767723,12.5));
#16446=CARTESIAN_POINT('Origin',(0.999999999980082,-10.1001114692265,11.5));
#16447=CARTESIAN_POINT('Origin',(70.4748639468862,-49.6426331957165,12.5));
#16448=CARTESIAN_POINT('',(1.99999999996016,-10.1001051577327,12.5));
#16449=CARTESIAN_POINT('',(2.00031756740683,-60.4158392802637,12.5));
#16450=CARTESIAN_POINT('',(3.09999999993825,-9.00009821508946,12.5));
#16451=CARTESIAN_POINT('Origin',(3.09999999993826,-10.1000982150895,12.5));
#16452=CARTESIAN_POINT('',(5.36809686622742,-9.00009821508946,12.5));
#16453=CARTESIAN_POINT('',(36.7874319734122,-9.00009821508946,12.5));
#16454=CARTESIAN_POINT('',(5.36809686622742,-8.00009821508946,12.5));
#16455=CARTESIAN_POINT('',(5.36809686622742,-31.250676214729,12.5));
#16456=CARTESIAN_POINT('',(3.09999999993825,-8.00009821508946,12.5));
#16457=CARTESIAN_POINT('',(45.6714804065568,-8.00009821508946,12.5));
#16458=CARTESIAN_POINT('Origin',(3.09999999993826,-10.1000982150895,12.5));
#16459=CARTESIAN_POINT('Origin',(2.00031756740683,-60.4158392802637,12.));
#16460=CARTESIAN_POINT('',(2.49999999995021,-10.1001020019858,12.));
#16461=CARTESIAN_POINT('',(2.50031756739687,-60.4158361245168,12.));
#16462=CARTESIAN_POINT('Origin',(1.99999999996016,-10.1001051577327,12.));
#16463=CARTESIAN_POINT('Origin',(2.50038555969318,-71.1886100319562,6.5));
#16464=CARTESIAN_POINT('',(2.49999999995021,-10.1001020019858,2.8));
#16465=CARTESIAN_POINT('',(2.50031756739688,-60.4158361245168,2.8));
#16466=CARTESIAN_POINT('',(2.49999999995021,-10.1001020019858,4.8));
#16467=CARTESIAN_POINT('Origin',(5.36809686622742,-9.00009821508946,9.5));
#16468=CARTESIAN_POINT('',(5.86809686622742,-9.00009821508946,12.));
#16469=CARTESIAN_POINT('',(5.36809686622742,-9.50009821508946,12.));
#16470=CARTESIAN_POINT('Origin',(5.36809686622742,-9.00009821508946,12.));
#16471=CARTESIAN_POINT('',(5.36809686622742,-9.50009821508946,4.3));
#16472=CARTESIAN_POINT('',(5.36809686622742,-9.50009821508946,9.5));
#16473=CARTESIAN_POINT('',(5.86809686622742,-9.00009821508946,4.3));
#16474=CARTESIAN_POINT('Origin',(5.36809686622742,-9.00009821508946,4.3));
#16475=CARTESIAN_POINT('',(5.86809686622742,-9.00009821508946,9.5));
#16476=CARTESIAN_POINT('Origin',(7.36809686622742,-9.00009821508946,4.3));
#16477=CARTESIAN_POINT('',(6.04522121069513,-9.50009821508946,2.8));
#16478=CARTESIAN_POINT('',(7.36809686622742,-9.00009821508946,2.8));
#16479=CARTESIAN_POINT('Ctrl Pts',(7.36809686622742,-9.00009821508946,2.8));
#16480=CARTESIAN_POINT('Ctrl Pts',(6.97388498755369,-9.22769654935948,2.8));
#16481=CARTESIAN_POINT('Ctrl Pts',(6.50041787923518,-9.50009821508946,2.8));
#16482=CARTESIAN_POINT('Ctrl Pts',(6.04522121069513,-9.50009821508946,2.8));
#16483=CARTESIAN_POINT('Origin',(7.36809686622742,-9.00009821508946,4.3));
#16484=CARTESIAN_POINT('Origin',(7.36809686622742,-9.50009821508946,4.3));
#16485=CARTESIAN_POINT('Origin',(19.3680968662274,-7.50009821508946,4.3));
#16486=CARTESIAN_POINT('',(20.8680968662274,-7.00009821508946,2.97712434446771));
#16487=CARTESIAN_POINT('',(20.8680968662274,-7.50009821508946,4.3));
#16488=CARTESIAN_POINT('Ctrl Pts',(20.8680968662274,-7.00009821508946,2.97712434446771));
#16489=CARTESIAN_POINT('Ctrl Pts',(20.8680968662274,-7.00009821508946,3.43232101300777));
#16490=CARTESIAN_POINT('Ctrl Pts',(20.8680968662274,-7.27249988081943,3.90578812132627));
#16491=CARTESIAN_POINT('Ctrl Pts',(20.8680968662274,-7.50009821508946,4.3));
#16492=CARTESIAN_POINT('',(19.3680968662274,-7.00009821508946,2.3));
#16493=CARTESIAN_POINT('Origin',(19.3680968662274,-7.00009821508946,4.3));
#16494=CARTESIAN_POINT('',(19.3680968662274,-7.50009821508946,2.8));
#16495=CARTESIAN_POINT('Origin',(19.3680968662274,-7.50009821508946,2.3));
#16496=CARTESIAN_POINT('Origin',(19.3680968662274,-7.50009821508946,4.3));
#16497=CARTESIAN_POINT('Origin',(45.6714804065568,-7.50009821508946,2.3));
#16498=CARTESIAN_POINT('',(7.36809686622742,-7.00009821508946,2.3));
#16499=CARTESIAN_POINT('',(7.36809686622742,-7.50009821508946,2.8));
#16500=CARTESIAN_POINT('Origin',(7.36809686622742,-7.50009821508946,2.3));
#16501=CARTESIAN_POINT('',(45.6714804065568,-7.50009821508946,2.8));
#16502=CARTESIAN_POINT('',(27.6558401135229,-7.00009821508946,2.3));
#16503=CARTESIAN_POINT('Origin',(7.36809686622742,-7.50009821508946,4.3));
#16504=CARTESIAN_POINT('',(5.36809686622742,-7.00009821508946,4.3));
#16505=CARTESIAN_POINT('',(5.86809686622742,-7.50009821508946,4.3));
#16506=CARTESIAN_POINT('Origin',(5.36809686622742,-7.50009821508946,4.3));
#16507=CARTESIAN_POINT('Origin',(7.36809686622742,-7.50009821508946,4.3));
#16508=CARTESIAN_POINT('Origin',(7.36809686622742,-7.00009821508946,4.3));
#16509=CARTESIAN_POINT('Origin',(5.36809686622742,-7.50009821508946,9.5));
#16510=CARTESIAN_POINT('',(5.36809686622742,-7.00009821508946,11.5));
#16511=CARTESIAN_POINT('',(5.86809686622742,-7.50009821508946,11.5));
#16512=CARTESIAN_POINT('Origin',(5.36809686622742,-7.50009821508946,11.5));
#16513=CARTESIAN_POINT('',(5.86809686622742,-7.50009821508946,9.5));
#16514=CARTESIAN_POINT('',(5.36809686622742,-7.00009821508946,9.5));
#16515=CARTESIAN_POINT('Ctrl Pts',(5.86809686622742,-8.00009821508946,12.));
#16516=CARTESIAN_POINT('Ctrl Pts',(5.86809686622742,-7.50009821508946,12.));
#16517=CARTESIAN_POINT('Ctrl Pts',(5.86809686622742,-7.50009821508946,11.5));
#16518=CARTESIAN_POINT('Ctrl Pts',(5.86809686622742,-8.00009821508946,12.5));
#16519=CARTESIAN_POINT('Ctrl Pts',(5.86809686622742,-7.00009821508945,12.5));
#16520=CARTESIAN_POINT('Ctrl Pts',(5.86809686622742,-7.00009821508945,11.5));
#16521=CARTESIAN_POINT('Ctrl Pts',(5.36809686622742,-8.00009821508946,12.5));
#16522=CARTESIAN_POINT('Ctrl Pts',(5.36809686622742,-7.00009821508945,12.5));
#16523=CARTESIAN_POINT('Ctrl Pts',(5.36809686622742,-7.00009821508945,11.5));
#16524=CARTESIAN_POINT('',(5.86809686622742,-8.00009821508946,12.));
#16525=CARTESIAN_POINT('Origin',(5.36809686622742,-8.00009821508946,12.));
#16526=CARTESIAN_POINT('Origin',(5.86809686622742,-8.00009821508946,11.5));
#16527=CARTESIAN_POINT('Origin',(5.36809686622742,-8.00009821508946,11.5));
#16528=CARTESIAN_POINT('Origin',(5.36809686622742,-31.250676214729,12.));
#16529=CARTESIAN_POINT('Origin',(5.36809686622742,-9.00009821508946,12.));
#16530=CARTESIAN_POINT('',(5.86809686622742,-31.250676214729,12.));
#16531=CARTESIAN_POINT('Origin',(5.36809686622742,-9.00009821508946,12.));
#16532=CARTESIAN_POINT('Origin',(5.36809686622742,-9.00009821508946,12.));
#16533=CARTESIAN_POINT('Origin',(3.09999999993826,-9.50009821508946,6.5));
#16534=CARTESIAN_POINT('',(3.09999999993826,-9.50009821508946,12.));
#16535=CARTESIAN_POINT('',(36.7874319734122,-9.50009821508946,12.));
#16536=CARTESIAN_POINT('',(3.09999999993826,-9.50009821508946,2.8));
#16537=CARTESIAN_POINT('',(3.09999999993826,-9.50009821508946,6.5));
#16538=CARTESIAN_POINT('',(5.86809686622742,-9.50009821508946,2.8));
#16539=CARTESIAN_POINT('Origin',(36.7874319734122,-9.00009821508946,12.));
#16540=CARTESIAN_POINT('Origin',(3.09999999993825,-9.00009821508946,12.));
#16541=CARTESIAN_POINT('Origin',(45.6714804065568,-8.00009821508946,11.5));
#16542=CARTESIAN_POINT('',(3.09999999993825,-7.00009821508945,11.5));
#16543=CARTESIAN_POINT('',(45.6714804065568,-7.00009821508946,11.5));
#16544=CARTESIAN_POINT('Origin',(3.09999999993825,-8.00009821508946,11.5));
#16545=CARTESIAN_POINT('Origin',(20.8680968662274,-7.00009821508946,6.5));
#16546=CARTESIAN_POINT('',(20.8680968662274,-7.00009821508946,2.3));
#16547=CARTESIAN_POINT('',(20.8680968662274,-7.00009821508946,6.5));
#16548=CARTESIAN_POINT('',(27.6558401135229,-7.00009821508946,2.3));
#16549=CARTESIAN_POINT('Origin',(20.8680968662274,-7.00009821508946,6.5));
#16550=CARTESIAN_POINT('',(5.94358336081839,-7.00009821508946,2.3));
#16551=CARTESIAN_POINT('',(27.6558401135229,-7.00009821508946,2.3));
#16552=CARTESIAN_POINT('',(5.94358336081839,-7.00009821508946,-1.7));
#16553=CARTESIAN_POINT('',(5.94358336081839,-7.00009821508946,2.15));
#16554=CARTESIAN_POINT('',(3.09999999993825,-7.00009821508945,-1.7));
#16555=CARTESIAN_POINT('',(45.6714804065568,-7.00009821508946,-1.7));
#16556=CARTESIAN_POINT('',(3.09999999993825,-7.00009821508945,0.8));
#16557=CARTESIAN_POINT('Origin',(55.1220872681785,-5.71543144959131,11.5));
#16558=CARTESIAN_POINT('',(39.8131256690611,-4.7310508476773,11.5));
#16559=CARTESIAN_POINT('',(23.8469100521836,-4.74734137050202,11.5));
#16560=CARTESIAN_POINT('',(55.1210669566197,-4.71543197010929,11.5));
#16561=CARTESIAN_POINT('Origin',(23.8479303637425,-5.74734084998405,11.5));
#16562=CARTESIAN_POINT('Ctrl Pts',(40.7861032611306,-5.7300586273951,12.5));
#16563=CARTESIAN_POINT('Ctrl Pts',(40.7845435664576,-5.72876228744439,12.5));
#16564=CARTESIAN_POINT('Ctrl Pts',(40.7829845930492,-5.72746507923651,12.4999974730649));
#16565=CARTESIAN_POINT('Ctrl Pts',(40.6698839358854,-5.63324872305192,12.4996299174583));
#16566=CARTESIAN_POINT('Ctrl Pts',(40.5620561310367,-5.53584333045465,12.4862929042214));
#16567=CARTESIAN_POINT('Ctrl Pts',(40.3636625404336,-5.34492675059879,12.427767387972));
#16568=CARTESIAN_POINT('Ctrl Pts',(40.2724478405792,-5.25146712599837,12.3843877920846));
#16569=CARTESIAN_POINT('Ctrl Pts',(40.104566333627,-5.07165617486807,12.2601417647327));
#16570=CARTESIAN_POINT('Ctrl Pts',(40.0286719481138,-4.98594152882006,12.1786710266972));
#16571=CARTESIAN_POINT('Ctrl Pts',(39.9168681507616,-4.8561939219635,11.9949227848725));
#16572=CARTESIAN_POINT('Ctrl Pts',(39.8769604596163,-4.80839999011364,11.9008722549894));
#16573=CARTESIAN_POINT('Ctrl Pts',(39.8258368944485,-4.74667431086132,11.7021525919503));
#16574=CARTESIAN_POINT('Ctrl Pts',(39.8131256690611,-4.7310508476773,11.6020406635717));
#16575=CARTESIAN_POINT('Ctrl Pts',(39.8131256690611,-4.7310508476773,11.5));
#16576=CARTESIAN_POINT('Origin',(23.8500730180162,-7.84733975689631,11.5));
#16577=CARTESIAN_POINT('Origin',(23.8500730180162,-7.84733975689631,11.5));
#16578=CARTESIAN_POINT('Origin',(64.6597159498719,-3.23479933426728,11.5));
#16579=CARTESIAN_POINT('',(58.8723643912537,-2.23834160203467,11.5));
#16580=CARTESIAN_POINT('',(42.8491863539639,-2.24814943696916,11.5));
#16581=CARTESIAN_POINT('',(64.6591038470123,-2.23479952160225,11.5));
#16582=CARTESIAN_POINT('Origin',(42.8497984568236,-3.24814924963419,11.5));
#16583=CARTESIAN_POINT('Ctrl Pts',(59.7547328390504,-3.23780168901819,12.5));
#16584=CARTESIAN_POINT('Ctrl Pts',(59.7533133415104,-3.23647328897246,12.5));
#16585=CARTESIAN_POINT('Ctrl Pts',(59.7518945168521,-3.23514416953246,12.4999973495678));
#16586=CARTESIAN_POINT('Ctrl Pts',(59.6539394832059,-3.14328938152541,12.4996306110205));
#16587=CARTESIAN_POINT('Ctrl Pts',(59.5605619573003,-3.04942829662805,12.4869634438325));
#16588=CARTESIAN_POINT('Ctrl Pts',(59.387602496415,-2.86574342951049,12.4328158801056));
#16589=CARTESIAN_POINT('Ctrl Pts',(59.3076636466637,-2.77601690341287,12.3927185744992));
#16590=CARTESIAN_POINT('Ctrl Pts',(59.1533560236601,-2.59578726374608,12.2747147794306));
#16591=CARTESIAN_POINT('Ctrl Pts',(59.0810848707241,-2.50690061170839,12.1935303890489));
#16592=CARTESIAN_POINT('Ctrl Pts',(58.9734072661205,-2.37093426115549,12.0084522656967));
#16593=CARTESIAN_POINT('Ctrl Pts',(58.9346800007976,-2.32047687859901,11.9123667493193));
#16594=CARTESIAN_POINT('Ctrl Pts',(58.8847886739291,-2.25495296140577,11.7085126976128));
#16595=CARTESIAN_POINT('Ctrl Pts',(58.8723643912537,-2.23834160203467,11.6052058411404));
#16596=CARTESIAN_POINT('Ctrl Pts',(58.8723643912537,-2.23834160203467,11.5));
#16597=CARTESIAN_POINT('Origin',(42.8510838728287,-5.34814885623074,11.5));
#16598=CARTESIAN_POINT('Origin',(42.8510838728287,-5.34814885623074,11.5));
#16599=CARTESIAN_POINT('Origin',(80.8497059497289,-3.10000000000001,11.5));
#16600=CARTESIAN_POINT('',(83.8309494684813,-2.25018408940697,11.5));
#16601=CARTESIAN_POINT('',(80.8497059497289,-2.70616862252382E-15,11.5));
#16602=CARTESIAN_POINT('Origin',(80.8497059497289,-3.10000000000001,11.5));
#16603=CARTESIAN_POINT('Origin',(80.8497059497289,-1.,11.5));
#16604=CARTESIAN_POINT('Ctrl Pts',(82.944328765247,-3.25018408940698,12.5));
#16605=CARTESIAN_POINT('Ctrl Pts',(82.9457549457387,-3.24885650460579,12.5));
#16606=CARTESIAN_POINT('Ctrl Pts',(82.9471804502153,-3.24752819319954,12.4999973562786));
#16607=CARTESIAN_POINT('Ctrl Pts',(83.0458717883587,-3.15547208812968,12.4996305165812));
#16608=CARTESIAN_POINT('Ctrl Pts',(83.1399478589705,-3.06135434593184,12.4869245463091));
#16609=CARTESIAN_POINT('Ctrl Pts',(83.3141329311729,-2.87716211015057,12.4325401224446));
#16610=CARTESIAN_POINT('Ctrl Pts',(83.3946123869707,-2.78718193727373,12.3922657532851));
#16611=CARTESIAN_POINT('Ctrl Pts',(83.5495523378601,-2.60687733676252,12.2739256756648));
#16612=CARTESIAN_POINT('Ctrl Pts',(83.621980182939,-2.51811678383021,12.1927213312171));
#16613=CARTESIAN_POINT('Ctrl Pts',(83.7298206324008,-2.38242494293864,12.0077087478304));
#16614=CARTESIAN_POINT('Ctrl Pts',(83.76858902682,-2.33209111717272,11.9117338424808));
#16615=CARTESIAN_POINT('Ctrl Pts',(83.8185172706328,-2.26674798798068,11.7081610476874));
#16616=CARTESIAN_POINT('Ctrl Pts',(83.8309494684813,-2.25018408940698,11.6050309691853));
#16617=CARTESIAN_POINT('Ctrl Pts',(83.8309494684813,-2.25018408940698,11.5));
#16618=CARTESIAN_POINT('Origin',(75.6622849483076,-1.,11.5));
#16619=CARTESIAN_POINT('',(61.8502066982297,6.93889390390723E-17,11.5));
#16620=CARTESIAN_POINT('Origin',(61.8502066982297,-1.,11.5));
#16621=CARTESIAN_POINT('',(75.6622849483076,8.32667268468867E-16,11.5));
#16622=CARTESIAN_POINT('Origin',(61.8502066982297,-3.1,11.5));
#16623=CARTESIAN_POINT('Origin',(61.8502066982297,-3.1,11.5));
#16624=CARTESIAN_POINT('Origin',(101.948524253913,-28.3221765092925,11.5));
#16625=CARTESIAN_POINT('',(102.949547745371,-7.00025708174527,11.5));
#16626=CARTESIAN_POINT('',(102.949626944686,-5.35033289495689,11.5));
#16627=CARTESIAN_POINT('',(102.948524252761,-28.3222245110828,11.5));
#16628=CARTESIAN_POINT('Origin',(101.949626945838,-5.3502848931666,11.5));
#16629=CARTESIAN_POINT('Origin',(101.949499742429,-8.00025707813127,11.5));
#16630=CARTESIAN_POINT('Origin',(99.8496269482577,-5.35018408940696,11.5));
#16631=CARTESIAN_POINT('',(99.8496269482577,-2.25018408940698,11.5));
#16632=CARTESIAN_POINT('Origin',(99.8496269482577,-3.25018408940698,11.5));
#16633=CARTESIAN_POINT('Origin',(99.8496269482577,-5.35018408940696,11.5));
#16634=CARTESIAN_POINT('Origin',(85.162245447572,-3.25018408940698,11.5));
#16635=CARTESIAN_POINT('',(85.162245447572,-2.25018408940697,11.5));
#16636=CARTESIAN_POINT('Origin',(76.9540645844013,-69.4501909812138,11.5));
#16637=CARTESIAN_POINT('',(83.4332652219163,-70.4501909812138,11.5));
#16638=CARTESIAN_POINT('',(137.84259946372,-70.4501909812138,11.5));
#16639=CARTESIAN_POINT('',(76.9540645844013,-70.4501909812138,11.5));
#16640=CARTESIAN_POINT('Origin',(137.84259946372,-69.4501909812138,11.5));
#16641=CARTESIAN_POINT('Origin',(82.9248578739545,-69.4501909812138,11.5));
#16642=CARTESIAN_POINT('Origin',(137.84259946372,-67.3501909812138,11.5));
#16643=CARTESIAN_POINT('',(140.942599439689,-67.3505769752531,11.5));
#16644=CARTESIAN_POINT('Origin',(139.942599447441,-67.3504524610469,11.5));
#16645=CARTESIAN_POINT('Origin',(137.84259946372,-67.3501909812138,11.5));
#16646=CARTESIAN_POINT('Origin',(139.943701346456,-58.5008678255884,11.5));
#16647=CARTESIAN_POINT('',(140.949727869803,-10.1006432019076,11.5));
#16648=CARTESIAN_POINT('Origin',(139.949727877555,-10.1005186877014,11.5));
#16649=CARTESIAN_POINT('',(140.943701338704,-58.5009923397946,11.5));
#16650=CARTESIAN_POINT('Origin',(137.849727893834,-10.1002572078686,11.5));
#16651=CARTESIAN_POINT('',(137.849727905037,-7.00025720786861,11.5));
#16652=CARTESIAN_POINT('Origin',(137.849727901423,-8.00025720786861,11.5));
#16653=CARTESIAN_POINT('Origin',(137.849727893834,-10.1002572078686,11.5));
#16654=CARTESIAN_POINT('Origin',(104.162295999399,-8.00025708612793,11.5));
#16655=CARTESIAN_POINT('',(104.162296003013,-7.00025708612793,11.5));
#16656=CARTESIAN_POINT('Origin',(54.6616893411355,-86.2952607621884,11.5));
#16657=CARTESIAN_POINT('',(34.5519569395744,-89.9197146777995,11.5));
#16658=CARTESIAN_POINT('',(71.549773808447,-85.1067552881489,11.5));
#16659=CARTESIAN_POINT('',(54.7906900529656,-87.2869052631802,11.5));
#16660=CARTESIAN_POINT('Origin',(71.4207730966169,-84.1151107871571,11.5));
#16661=CARTESIAN_POINT('Origin',(34.2246857889804,-88.9538627140626,11.5));
#16662=CARTESIAN_POINT('Origin',(71.1498716017732,-82.0326573350742,11.5));
#16663=CARTESIAN_POINT('',(73.6545840230957,-83.8592431355428,11.5));
#16664=CARTESIAN_POINT('Origin',(72.8466122742821,-83.2700219095852,11.5));
#16665=CARTESIAN_POINT('Origin',(71.1498716017732,-82.0326573350742,11.5));
#16666=CARTESIAN_POINT('Origin',(80.4394630039523,-72.8582977349119,11.5));
#16667=CARTESIAN_POINT('',(81.247434752766,-73.4475189608695,11.5));
#16668=CARTESIAN_POINT('Origin',(3.10038555968124,-71.1886062450599,11.5));
#16669=CARTESIAN_POINT('',(0.414927248437075,-72.7372552235472,11.5));
#16670=CARTESIAN_POINT('Origin',(1.28120412303196,-72.2376910369384,11.5));
#16671=CARTESIAN_POINT('Origin',(3.10038555968124,-71.1886062450599,11.5));
#16672=CARTESIAN_POINT('Origin',(5.02621160162579,-78.7317782050229,11.5));
#16673=CARTESIAN_POINT('',(14.8299907924098,-97.7339153699202,11.5));
#16674=CARTESIAN_POINT('Origin',(15.6962676670047,-97.2343511833114,11.5));
#16675=CARTESIAN_POINT('',(4.1599347270309,-79.2313423916317,11.5));
#16676=CARTESIAN_POINT('Origin',(17.5154491036539,-96.1852663914329,11.5));
#16677=CARTESIAN_POINT('',(19.0666306821715,-98.8692626117111,11.5));
#16678=CARTESIAN_POINT('Origin',(18.566249527811,-98.0034573793633,11.5));
#16679=CARTESIAN_POINT('Origin',(17.5154491036539,-96.1852663914329,11.5));
#16680=CARTESIAN_POINT('Origin',(48.4978268892278,-80.7048818194507,11.5));
#16681=CARTESIAN_POINT('',(48.9982080435883,-81.5706870517985,11.5));
#16682=CARTESIAN_POINT('Origin',(23.8500730180162,-7.84733975689631,6.5));
#16683=CARTESIAN_POINT('',(23.8469100521836,-4.74734137050202,-1.7));
#16684=CARTESIAN_POINT('',(23.8469100521836,-4.74734137050202,6.5));
#16685=CARTESIAN_POINT('',(21.1987119856091,-6.24101330320352,-1.7));
#16686=CARTESIAN_POINT('Origin',(23.8500730180162,-7.84733975689631,-1.7));
#16687=CARTESIAN_POINT('',(21.1987119856091,-6.24101330320353,2.3));
#16688=CARTESIAN_POINT('',(21.1987119856091,-6.24101330320352,6.5));
#16689=CARTESIAN_POINT('Origin',(23.8500730180162,-7.84733975689631,2.3));
#16690=CARTESIAN_POINT('',(20.8680968662274,-7.00009821508946,6.5));
#16691=CARTESIAN_POINT('Origin',(39.8131256690611,-4.7310508476773,6.5));
#16692=CARTESIAN_POINT('',(39.8131256690611,-4.7310508476773,-1.7));
#16693=CARTESIAN_POINT('',(39.8131256690611,-4.7310508476773,6.5));
#16694=CARTESIAN_POINT('',(55.1210669566197,-4.71543197010929,-1.7));
#16695=CARTESIAN_POINT('Origin',(42.8510838728287,-5.34814885623074,6.5));
#16696=CARTESIAN_POINT('',(42.8491863539639,-2.24814943696916,-1.7));
#16697=CARTESIAN_POINT('',(42.8491863539639,-2.24814943696916,6.5));
#16698=CARTESIAN_POINT('Origin',(42.8510838728287,-5.34814885623074,-1.7));
#16699=CARTESIAN_POINT('Origin',(58.8723643912537,-2.23834160203467,6.5));
#16700=CARTESIAN_POINT('',(58.8723643912537,-2.23834160203467,-1.7));
#16701=CARTESIAN_POINT('',(58.8723643912537,-2.23834160203467,6.5));
#16702=CARTESIAN_POINT('',(64.6591038470123,-2.23479952160225,-1.7));
#16703=CARTESIAN_POINT('Origin',(61.8502066982297,-3.1,6.5));
#16704=CARTESIAN_POINT('',(61.8502066982297,6.93889390390723E-17,-1.7));
#16705=CARTESIAN_POINT('',(61.8502066982297,6.93889390390723E-17,6.5));
#16706=CARTESIAN_POINT('Origin',(61.8502066982297,-3.1,-1.7));
#16707=CARTESIAN_POINT('Origin',(80.8497059497289,1.17961196366423E-15,
6.5));
#16708=CARTESIAN_POINT('',(80.8497059497289,-2.70616862252382E-15,-1.7));
#16709=CARTESIAN_POINT('',(80.8497059497289,-2.70616862252382E-15,6.5));
#16710=CARTESIAN_POINT('',(75.6622849483076,9.0205620750794E-16,-1.7));
#16711=CARTESIAN_POINT('Origin',(80.8497059497289,-3.10000000000001,6.5));
#16712=CARTESIAN_POINT('',(83.8309494684813,-2.25018408940697,-1.7));
#16713=CARTESIAN_POINT('',(83.8309494684813,-2.25018408940697,6.5));
#16714=CARTESIAN_POINT('Origin',(80.8497059497289,-3.10000000000001,-1.7));
#16715=CARTESIAN_POINT('Origin',(99.8496269482577,-2.25018408940698,6.5));
#16716=CARTESIAN_POINT('',(99.8496269482577,-2.25018408940698,-1.7));
#16717=CARTESIAN_POINT('',(99.8496269482577,-2.25018408940698,6.5));
#16718=CARTESIAN_POINT('',(85.162245447572,-2.25018408940697,-1.7));
#16719=CARTESIAN_POINT('Origin',(99.8496269482577,-5.35018408940696,6.5));
#16720=CARTESIAN_POINT('',(102.949626944686,-5.35033289495689,-1.7));
#16721=CARTESIAN_POINT('',(102.949626944686,-5.35033289495689,6.5));
#16722=CARTESIAN_POINT('Origin',(99.8496269482577,-5.35018408940696,-1.7));
#16723=CARTESIAN_POINT('Origin',(102.949547745371,-7.00025708174527,6.5));
#16724=CARTESIAN_POINT('',(102.949547745371,-7.00025708174527,-1.7));
#16725=CARTESIAN_POINT('',(102.949547745371,-7.00025708174527,6.5));
#16726=CARTESIAN_POINT('',(102.948524252761,-28.3222245110828,-1.7));
#16727=CARTESIAN_POINT('Origin',(137.849727905037,-7.00025720786861,6.5));
#16728=CARTESIAN_POINT('',(137.849727905037,-7.00025720786861,-1.7));
#16729=CARTESIAN_POINT('',(137.849727905037,-7.00025720786861,6.5));
#16730=CARTESIAN_POINT('',(104.162296003013,-7.00025708612793,-1.7));
#16731=CARTESIAN_POINT('Origin',(137.849727893834,-10.1002572078686,6.5));
#16732=CARTESIAN_POINT('',(140.949727869803,-10.1006432019076,-1.7));
#16733=CARTESIAN_POINT('',(140.949727869803,-10.1006432019076,6.5));
#16734=CARTESIAN_POINT('Origin',(137.849727893834,-10.1002572078686,-1.7));
#16735=CARTESIAN_POINT('Origin',(140.942599439689,-67.3505769752531,6.5));
#16736=CARTESIAN_POINT('',(140.942599439689,-67.3505769752531,-1.7));
#16737=CARTESIAN_POINT('',(140.942599439689,-67.3505769752531,6.5));
#16738=CARTESIAN_POINT('',(140.943701338704,-58.5009923397946,-1.7));
#16739=CARTESIAN_POINT('Origin',(137.84259946372,-67.3501909812138,6.5));
#16740=CARTESIAN_POINT('',(137.84259946372,-70.4501909812138,-1.7));
#16741=CARTESIAN_POINT('',(137.84259946372,-70.4501909812138,6.5));
#16742=CARTESIAN_POINT('Origin',(137.84259946372,-67.3501909812138,-1.7));
#16743=CARTESIAN_POINT('Origin',(83.4332652219163,-70.4501909812138,6.5));
#16744=CARTESIAN_POINT('',(83.4332652219163,-70.4501909812138,-1.7));
#16745=CARTESIAN_POINT('',(83.4332652219163,-70.4501909812138,6.5));
#16746=CARTESIAN_POINT('',(76.9540645844013,-70.4501909812138,-1.7));
#16747=CARTESIAN_POINT('Origin',(73.6545840230958,-83.8592431355428,6.5));
#16748=CARTESIAN_POINT('',(73.6545840230957,-83.8592431355428,-1.7));
#16749=CARTESIAN_POINT('',(73.6545840230957,-83.8592431355428,6.5));
#16750=CARTESIAN_POINT('',(81.247434752766,-73.4475189608695,-1.7));
#16751=CARTESIAN_POINT('Origin',(71.1498716017732,-82.0326573350742,6.5));
#16752=CARTESIAN_POINT('',(71.549773808447,-85.1067552881489,-1.7));
#16753=CARTESIAN_POINT('',(71.549773808447,-85.1067552881489,6.5));
#16754=CARTESIAN_POINT('Origin',(71.1498716017732,-82.0326573350742,-1.7));
#16755=CARTESIAN_POINT('Origin',(34.5519569395744,-89.9197146777995,6.5));
#16756=CARTESIAN_POINT('',(34.5519569395744,-89.9197146777995,2.3));
#16757=CARTESIAN_POINT('',(34.5519569395744,-89.9197146777995,6.5));
#16758=CARTESIAN_POINT('',(37.085417264848,-89.5901427545682,2.3));
#16759=CARTESIAN_POINT('',(32.9235407067367,-90.13155153363,2.3));
#16760=CARTESIAN_POINT('',(37.085417264848,-89.5901427545682,-1.7));
#16761=CARTESIAN_POINT('',(37.085417264848,-89.5901427545682,2.15));
#16762=CARTESIAN_POINT('',(54.7906900529656,-87.2869052631802,-1.7));
#16763=CARTESIAN_POINT('Origin',(19.0666306821715,-98.8692626117111,6.5));
#16764=CARTESIAN_POINT('',(19.0666306821715,-98.8692626117111,2.3));
#16765=CARTESIAN_POINT('',(19.0666306821715,-98.8692626117111,6.5));
#16766=CARTESIAN_POINT('',(28.4136092831822,-93.4672948625976,2.3));
#16767=CARTESIAN_POINT('Origin',(17.5154491036539,-96.1852663914329,6.5));
#16768=CARTESIAN_POINT('',(14.8299907924098,-97.7339153699202,-1.7));
#16769=CARTESIAN_POINT('',(14.8299907924098,-97.7339153699202,6.5));
#16770=CARTESIAN_POINT('',(16.2595150558553,-99.0194558112812,-1.7));
#16771=CARTESIAN_POINT('Origin',(17.5154491036539,-96.1852663914329,-1.7));
#16772=CARTESIAN_POINT('',(16.2595150558553,-99.0194558112812,2.3));
#16773=CARTESIAN_POINT('',(16.2595150558553,-99.0194558112812,6.5));
#16774=CARTESIAN_POINT('Origin',(17.5154491036539,-96.1852663914329,2.3));
#16775=CARTESIAN_POINT('Origin',(0.414927248437074,-72.7372552235472,6.5));
#16776=CARTESIAN_POINT('',(0.414927248437075,-72.7372552235472,-1.7));
#16777=CARTESIAN_POINT('',(0.414927248437075,-72.7372552235472,6.5));
#16778=CARTESIAN_POINT('',(4.15993472703089,-79.2313423916317,-1.7));
#16779=CARTESIAN_POINT('Origin',(3.10038555968124,-71.1886062450599,6.5));
#16780=CARTESIAN_POINT('Origin',(3.10038555968124,-71.1886062450599,-1.7));
#16781=CARTESIAN_POINT('Origin',(2.50035023629474,-65.591932089407,4.8));
#16782=CARTESIAN_POINT('',(36.4876574221876,-65.5917175787266,4.3));
#16783=CARTESIAN_POINT('Origin',(3.09999999993826,-10.1000982150895,11.5));
#16784=CARTESIAN_POINT('Origin',(3.09999999993826,-10.1000982150895,11.5));
#16785=CARTESIAN_POINT('Origin',(3.09999999993826,-10.1000982150895,6.5));
#16786=CARTESIAN_POINT('Origin',(3.09999999993826,-10.1000982150895,-1.7));
#16787=CARTESIAN_POINT('Origin',(5.86809686622742,-12.8587192337416,12.5));
#16788=CARTESIAN_POINT('',(5.86809686622742,-31.250676214729,4.3));
#16789=CARTESIAN_POINT('Origin',(3.09999999993826,-10.1000982150895,12.));
#16790=CARTESIAN_POINT('Origin',(3.09999999993826,-10.1000982150895,12.));
#16791=CARTESIAN_POINT('Ctrl Pts',(33.6645350615828,-87.5451034610128,11.9999999999998));
#16792=CARTESIAN_POINT('Ctrl Pts',(33.6645350615828,-87.5451034610126,12.2617993877989));
#16793=CARTESIAN_POINT('Ctrl Pts',(33.7754791771103,-87.756105035938,12.5000000000001));
#16794=CARTESIAN_POINT('Ctrl Pts',(33.8974146383865,-87.9880107503258,12.5));
#16795=CARTESIAN_POINT('Ctrl Pts',(33.7100969358446,-87.5187715535743,11.9999999999998));
#16796=CARTESIAN_POINT('Ctrl Pts',(33.7100969358445,-87.5187715535742,12.2673239071637));
#16797=CARTESIAN_POINT('Ctrl Pts',(33.801406423109,-87.7473197976735,12.5000000000001));
#16798=CARTESIAN_POINT('Ctrl Pts',(33.8974146383865,-87.9880107503258,12.5));
#16799=CARTESIAN_POINT('Ctrl Pts',(33.7609032364908,-87.5015562482333,11.9999999999998));
#16800=CARTESIAN_POINT('Ctrl Pts',(33.7609032364907,-87.5015562482332,12.2673239071637));
#16801=CARTESIAN_POINT('Ctrl Pts',(33.8273336691076,-87.7385345594089,12.5000000000001));
#16802=CARTESIAN_POINT('Ctrl Pts',(33.8974146383865,-87.9880107503258,12.5));
#16803=CARTESIAN_POINT('Ctrl Pts',(33.8130872385949,-87.4947677535552,11.9999999999998));
#16804=CARTESIAN_POINT('Ctrl Pts',(33.8130872385948,-87.4947677535551,12.261799387799));
#16805=CARTESIAN_POINT('Ctrl Pts',(33.8532609151063,-87.7297493211444,12.5000000000001));
#16806=CARTESIAN_POINT('Ctrl Pts',(33.8974146383865,-87.9880107503258,12.5));
#16807=CARTESIAN_POINT('',(33.6645350615828,-87.5451034610128,12.));
#16808=CARTESIAN_POINT('Origin',(33.8974146383864,-87.9880107503256,12.));
#16809=CARTESIAN_POINT('',(33.8130872385949,-87.4947677535552,12.));
#16810=CARTESIAN_POINT('Origin',(33.8974146383864,-87.9880107503256,12.));
#16811=CARTESIAN_POINT('Origin',(33.8646875233269,-87.8914255539516,12.));
#16812=CARTESIAN_POINT('Ctrl Pts',(82.042421091671,-68.1145024908308,12.));
#16813=CARTESIAN_POINT('Ctrl Pts',(82.042421091671,-68.1145024908308,12.149599650171));
#16814=CARTESIAN_POINT('Ctrl Pts',(82.1363841032182,-68.1988335583985,12.4085465425275));
#16815=CARTESIAN_POINT('Ctrl Pts',(82.3325185172005,-68.3748626601223,12.5));
#16816=CARTESIAN_POINT('Ctrl Pts',(82.4164505259927,-68.4501909812139,12.5));
#16817=CARTESIAN_POINT('Ctrl Pts',(82.1163252785955,-68.013161105756,12.));
#16818=CARTESIAN_POINT('Ctrl Pts',(82.1163252785955,-68.013161105756,12.1689874575046));
#16819=CARTESIAN_POINT('Ctrl Pts',(82.2144838568212,-68.1546861082995,12.4388019507231));
#16820=CARTESIAN_POINT('Ctrl Pts',(82.3566929753946,-68.3625721879434,12.5));
#16821=CARTESIAN_POINT('Ctrl Pts',(82.4164505259927,-68.4501909812139,12.5));
#16822=CARTESIAN_POINT('Ctrl Pts',(82.2401828994474,-67.9501909812138,12.));
#16823=CARTESIAN_POINT('Ctrl Pts',(82.2401828994474,-67.9501909812138,12.1689874575046));
#16824=CARTESIAN_POINT('Ctrl Pts',(82.296693985453,-68.1128898748262,12.4388019507231));
#16825=CARTESIAN_POINT('Ctrl Pts',(82.3808674335887,-68.3502817157645,12.5));
#16826=CARTESIAN_POINT('Ctrl Pts',(82.4164505259927,-68.4501909812139,12.5));
#16827=CARTESIAN_POINT('Ctrl Pts',(82.3656097911966,-67.9501909812138,12.));
#16828=CARTESIAN_POINT('Ctrl Pts',(82.3656097911966,-67.9501909812138,12.149599650171));
#16829=CARTESIAN_POINT('Ctrl Pts',(82.3783819104801,-68.0758000949959,12.4085465425275));
#16830=CARTESIAN_POINT('Ctrl Pts',(82.4050418917828,-68.3379912435856,12.5));
#16831=CARTESIAN_POINT('Ctrl Pts',(82.4164505259927,-68.4501909812139,12.5));
#16832=CARTESIAN_POINT('',(82.042421091671,-68.1145024908308,12.));
#16833=CARTESIAN_POINT('Origin',(82.4164505259927,-68.4501909812138,12.));
#16834=CARTESIAN_POINT('',(82.3656097911966,-67.9501909812138,12.));
#16835=CARTESIAN_POINT('Origin',(82.4164505259927,-68.4501909812138,12.));
#16836=CARTESIAN_POINT('Origin',(82.3656097911966,-68.3501909812139,12.));
#16837=CARTESIAN_POINT('Ctrl Pts',(100.849446937747,-9.50025707415585,12.0000000000001));
#16838=CARTESIAN_POINT('Ctrl Pts',(100.849446937747,-9.50025707415584,12.1121997376283));
#16839=CARTESIAN_POINT('Ctrl Pts',(100.867734075135,-9.40882577757759,12.3744093557454));
#16840=CARTESIAN_POINT('Ctrl Pts',(100.919530372775,-9.14985672458012,12.5));
#16841=CARTESIAN_POINT('Ctrl Pts',(100.949451739487,-9.00025707451731,12.5));
#16842=CARTESIAN_POINT('Ctrl Pts',(100.744723982749,-9.50025707377741,12.0000000000001));
#16843=CARTESIAN_POINT('Ctrl Pts',(100.744723982749,-9.50025707377738,12.1359328086084));
#16844=CARTESIAN_POINT('Ctrl Pts',(100.810106287542,-9.36243004076394,12.4220453284011));
#16845=CARTESIAN_POINT('Ctrl Pts',(100.899583752848,-9.12990914708385,12.5));
#16846=CARTESIAN_POINT('Ctrl Pts',(100.949451739487,-9.0002570745173,12.5));
#16847=CARTESIAN_POINT('Ctrl Pts',(100.536227845174,-9.41346113232611,12.0000000000001));
#16848=CARTESIAN_POINT('Ctrl Pts',(100.536227845174,-9.41346113232609,12.1628727602578));
#16849=CARTESIAN_POINT('Ctrl Pts',(100.693965309095,-9.25573124047431,12.4717902419243));
#16850=CARTESIAN_POINT('Ctrl Pts',(100.859690512992,-9.09001399209131,12.5));
#16851=CARTESIAN_POINT('Ctrl Pts',(100.949451739487,-9.00025707451729,12.5));
#16852=CARTESIAN_POINT('Ctrl Pts',(100.449441912764,-9.20496082831719,12.));
#16853=CARTESIAN_POINT('Ctrl Pts',(100.449441912764,-9.20496082831718,12.1359328086084));
#16854=CARTESIAN_POINT('Ctrl Pts',(100.587272084323,-9.13958514004214,12.4220453284011));
#16855=CARTESIAN_POINT('Ctrl Pts',(100.819797273137,-9.05011883709877,12.5));
#16856=CARTESIAN_POINT('Ctrl Pts',(100.949451739487,-9.00025707451728,12.5));
#16857=CARTESIAN_POINT('Ctrl Pts',(100.449446939653,-9.10023787343975,12.));
#16858=CARTESIAN_POINT('Ctrl Pts',(100.449446939653,-9.10023787343975,12.1121997376282));
#16859=CARTESIAN_POINT('Ctrl Pts',(100.540879114008,-9.08195512526971,12.3744093557454));
#16860=CARTESIAN_POINT('Ctrl Pts',(100.799850653209,-9.0301712596025,12.5));
#16861=CARTESIAN_POINT('Ctrl Pts',(100.949451739487,-9.00025707451727,12.5));
#16862=CARTESIAN_POINT('',(100.849446937747,-9.50025707415585,12.));
#16863=CARTESIAN_POINT('Origin',(100.949451739487,-9.00025707451725,12.));
#16864=CARTESIAN_POINT('',(100.449446939653,-9.10023787343975,12.));
#16865=CARTESIAN_POINT('Origin',(100.949451739487,-9.00025707451725,12.));
#16866=CARTESIAN_POINT('Origin',(100.849446939193,-9.10025707415586,12.));
#16867=CARTESIAN_POINT('Ctrl Pts',(81.8497059497289,-4.75018408940698,12.));
#16868=CARTESIAN_POINT('Ctrl Pts',(81.8497059497289,-4.75018408940698,12.1121997376282));
#16869=CARTESIAN_POINT('Ctrl Pts',(81.867988307694,-4.65877229958145,12.3744256133383));
#16870=CARTESIAN_POINT('Ctrl Pts',(81.9197860196947,-4.39978373957793,12.5));
#16871=CARTESIAN_POINT('Ctrl Pts',(81.9497059497289,-4.25018408940697,12.5));
#16872=CARTESIAN_POINT('Ctrl Pts',(81.7449861946093,-4.75018408940698,12.));
#16873=CARTESIAN_POINT('Ctrl Pts',(81.7449861946093,-4.75018408940698,12.1359309300405));
#16874=CARTESIAN_POINT('Ctrl Pts',(81.8103587851726,-4.61239314778866,12.4221321766676));
#16875=CARTESIAN_POINT('Ctrl Pts',(81.8998393996719,-4.37983711955514,12.5));
#16876=CARTESIAN_POINT('Ctrl Pts',(81.9497059497289,-4.25018408940697,12.5));
#16877=CARTESIAN_POINT('Ctrl Pts',(81.5364852815867,-4.66340475754918,12.));
#16878=CARTESIAN_POINT('Ctrl Pts',(81.5364852815867,-4.66340475754918,12.1628685399501));
#16879=CARTESIAN_POINT('Ctrl Pts',(81.6942355155869,-4.50565452354901,12.4720059674653));
#16880=CARTESIAN_POINT('Ctrl Pts',(81.8599461596263,-4.33994387950955,12.5));
#16881=CARTESIAN_POINT('Ctrl Pts',(81.9497059497289,-4.25018408940697,12.5));
#16882=CARTESIAN_POINT('Ctrl Pts',(81.4497059497289,-4.45490384452664,12.));
#16883=CARTESIAN_POINT('Ctrl Pts',(81.4497059497289,-4.45490384452664,12.1359309300405));
#16884=CARTESIAN_POINT('Ctrl Pts',(81.5874968913472,-4.38953125396331,12.4221321766676));
#16885=CARTESIAN_POINT('Ctrl Pts',(81.8200529195807,-4.30005063946397,12.5));
#16886=CARTESIAN_POINT('Ctrl Pts',(81.9497059497289,-4.25018408940697,12.5));
#16887=CARTESIAN_POINT('Ctrl Pts',(81.4497059497289,-4.35018408940698,12.));
#16888=CARTESIAN_POINT('Ctrl Pts',(81.4497059497289,-4.35018408940698,12.1121997376282));
#16889=CARTESIAN_POINT('Ctrl Pts',(81.5411177395545,-4.33190173144188,12.3744256133383));
#16890=CARTESIAN_POINT('Ctrl Pts',(81.800106299558,-4.28010401944117,12.5));
#16891=CARTESIAN_POINT('Ctrl Pts',(81.9497059497289,-4.25018408940697,12.5));
#16892=CARTESIAN_POINT('',(81.8497059497289,-4.75018408940698,12.));
#16893=CARTESIAN_POINT('Origin',(81.9497059497289,-4.25018408940698,12.));
#16894=CARTESIAN_POINT('',(81.4497059497289,-4.35018408940698,12.));
#16895=CARTESIAN_POINT('Origin',(81.9497059497289,-4.25018408940697,12.));
#16896=CARTESIAN_POINT('Origin',(81.8497059497289,-4.35018408940697,12.));
#16897=CARTESIAN_POINT('Ctrl Pts',(61.2502066982297,-4.33713135227937,12.));
#16898=CARTESIAN_POINT('Ctrl Pts',(61.2502066982297,-4.33713135227937,12.1121997376282));
#16899=CARTESIAN_POINT('Ctrl Pts',(61.158819404673,-4.31886507783086,12.3744460292951));
#16900=CARTESIAN_POINT('Ctrl Pts',(60.8998063484006,-4.26709416540437,12.5));
#16901=CARTESIAN_POINT('Ctrl Pts',(60.7502066982297,-4.2371925438433,12.5));
#16902=CARTESIAN_POINT('Ctrl Pts',(61.2502066982297,-4.44181030053917,12.));
#16903=CARTESIAN_POINT('Ctrl Pts',(61.2502066982297,-4.44181030053917,12.1359069844949));
#16904=CARTESIAN_POINT('Ctrl Pts',(61.1124944740797,-4.37649956743033,12.4222116210247));
#16905=CARTESIAN_POINT('Ctrl Pts',(60.879871937761,-4.28704078169047,12.5));
#16906=CARTESIAN_POINT('Ctrl Pts',(60.7502066982297,-4.2371925438433,12.5));
#16907=CARTESIAN_POINT('Ctrl Pts',(61.1635128690902,-4.65024580619404,12.));
#16908=CARTESIAN_POINT('Ctrl Pts',(61.1635128690902,-4.65024580619404,12.1628147473217));
#16909=CARTESIAN_POINT('Ctrl Pts',(61.005774336034,-4.49260379581311,12.4722161593402));
#16910=CARTESIAN_POINT('Ctrl Pts',(60.8400031164817,-4.32693401426266,12.5));
#16911=CARTESIAN_POINT('Ctrl Pts',(60.7502066982297,-4.2371925438433,12.5));
#16912=CARTESIAN_POINT('Ctrl Pts',(60.9551304680233,-4.7370672030618,12.));
#16913=CARTESIAN_POINT('Ctrl Pts',(60.9551304680233,-4.7370672030618,12.1359069844949));
#16914=CARTESIAN_POINT('Ctrl Pts',(60.8897354531033,-4.59939498159659,12.4222116210247));
#16915=CARTESIAN_POINT('Ctrl Pts',(60.8001342952025,-4.36682724683484,12.5));
#16916=CARTESIAN_POINT('Ctrl Pts',(60.7502066982297,-4.2371925438433,12.5));
#16917=CARTESIAN_POINT('Ctrl Pts',(60.8504515393736,-4.73713127734538,12.));
#16918=CARTESIAN_POINT('Ctrl Pts',(60.8504515393736,-4.73713127734538,12.1121997376282));
#16919=CARTESIAN_POINT('Ctrl Pts',(60.8321293299232,-4.64575518174753,12.3744460292951));
#16920=CARTESIAN_POINT('Ctrl Pts',(60.7801998845628,-4.38677386312094,12.5));
#16921=CARTESIAN_POINT('Ctrl Pts',(60.7502066982297,-4.2371925438433,12.5));
#16922=CARTESIAN_POINT('',(61.2502066982297,-4.33713135227937,12.));
#16923=CARTESIAN_POINT('Origin',(60.7502066982297,-4.2371925438433,12.));
#16924=CARTESIAN_POINT('',(60.8504515393736,-4.73713127734538,12.));
#16925=CARTESIAN_POINT('Origin',(60.7502066982297,-4.2371925438433,12.));
#16926=CARTESIAN_POINT('Origin',(60.8502066982297,-4.33713135227937,12.));
#16927=CARTESIAN_POINT('Ctrl Pts',(42.2508781019577,-6.82902837647202,11.9999999999999));
#16928=CARTESIAN_POINT('Ctrl Pts',(42.2508781019577,-6.82902837647202,12.1121997376281));
#16929=CARTESIAN_POINT('Ctrl Pts',(42.1595208075099,-6.81076488582948,12.3744689172494));
#16930=CARTESIAN_POINT('Ctrl Pts',(41.9004874817068,-6.75898081373647,12.5));
#16931=CARTESIAN_POINT('Ctrl Pts',(41.7508919854744,-6.72907476231365,12.5));
#16932=CARTESIAN_POINT('Ctrl Pts',(42.2508635621076,-6.93367084660679,11.9999999999999));
#16933=CARTESIAN_POINT('Ctrl Pts',(42.2508635621077,-6.9336708466068,12.1358855971149));
#16934=CARTESIAN_POINT('Ctrl Pts',(42.1132402033622,-6.86839782718985,12.4223078478948));
#16935=CARTESIAN_POINT('Ctrl Pts',(41.8805612136435,-6.77892465183603,12.5));
#16936=CARTESIAN_POINT('Ctrl Pts',(41.7508919854744,-6.72907476231365,12.5));
#16937=CARTESIAN_POINT('Ctrl Pts',(42.1642210453275,-7.14203968931818,11.9999999999999));
#16938=CARTESIAN_POINT('Ctrl Pts',(42.1642210453275,-7.14203968931819,12.1627667052305));
#16939=CARTESIAN_POINT('Ctrl Pts',(42.006506437169,-6.98446402389343,12.4724676059987));
#16940=CARTESIAN_POINT('Ctrl Pts',(41.840708677517,-6.81881232803514,12.5));
#16941=CARTESIAN_POINT('Ctrl Pts',(41.7508919854744,-6.72907476231365,12.5));
#16942=CARTESIAN_POINT('Ctrl Pts',(41.9559286471191,-7.22886582118802,12.));
#16943=CARTESIAN_POINT('Ctrl Pts',(41.9559286471192,-7.22886582118802,12.1358855971149));
#16944=CARTESIAN_POINT('Ctrl Pts',(41.8905343568166,-7.09130004516792,12.4223078478948));
#16945=CARTESIAN_POINT('Ctrl Pts',(41.8008561413904,-6.85870000423425,12.5));
#16946=CARTESIAN_POINT('Ctrl Pts',(41.7508919854744,-6.72907476231365,12.5));
#16947=CARTESIAN_POINT('Ctrl Pts',(41.8512862304425,-7.22897258911087,12.));
#16948=CARTESIAN_POINT('Ctrl Pts',(41.8512862304425,-7.22897258911087,12.1121997376282));
#16949=CARTESIAN_POINT('Ctrl Pts',(41.8329422278872,-7.13763142692468,12.3744689172494));
#16950=CARTESIAN_POINT('Ctrl Pts',(41.7809298733272,-6.8786438423338,12.5));
#16951=CARTESIAN_POINT('Ctrl Pts',(41.7508919854744,-6.72907476231365,12.5));
#16952=CARTESIAN_POINT('',(42.2508781019577,-6.82902837647202,12.));
#16953=CARTESIAN_POINT('Origin',(41.7508919854745,-6.72907476231365,12.));
#16954=CARTESIAN_POINT('',(41.8512862304425,-7.22897258911087,12.));
#16955=CARTESIAN_POINT('Origin',(41.7508919854745,-6.72907476231365,12.));
#16956=CARTESIAN_POINT('Origin',(41.850878105819,-6.82897279731805,12.));
#16957=CARTESIAN_POINT('Ctrl Pts',(23.2499314449494,-9.1001434158626,12.0000000000001));
#16958=CARTESIAN_POINT('Ctrl Pts',(23.2499314449494,-9.1001434158626,12.149599650171));
#16959=CARTESIAN_POINT('Ctrl Pts',(23.1244370993778,-9.07503263425582,12.4086808444758));
#16960=CARTESIAN_POINT('Ctrl Pts',(22.8621399484992,-9.02254830564487,12.5));
#16961=CARTESIAN_POINT('Ctrl Pts',(22.7499427470583,-9.00009821508945,12.5));
#16962=CARTESIAN_POINT('Ctrl Pts',(23.249919612266,-9.2048556368515,12.0000000000001));
#16963=CARTESIAN_POINT('Ctrl Pts',(23.249919612266,-9.2048556368515,12.181235343782));
#16964=CARTESIAN_POINT('Ctrl Pts',(23.073407308339,-9.1229884405407,12.4467889279984));
#16965=CARTESIAN_POINT('Ctrl Pts',(22.8471799835777,-9.03750658015701,12.5));
#16966=CARTESIAN_POINT('Ctrl Pts',(22.7499427470583,-9.00009821508946,12.5));
#16967=CARTESIAN_POINT('Ctrl Pts',(23.1631869229247,-9.41338909098531,12.0000000000001));
#16968=CARTESIAN_POINT('Ctrl Pts',(23.1631869229247,-9.4133890909853,12.2171448071049));
#16969=CARTESIAN_POINT('Ctrl Pts',(22.9694314132502,-9.21961168532648,12.4858460830478));
#16970=CARTESIAN_POINT('Ctrl Pts',(22.8172600537345,-9.06742312918129,12.5));
#16971=CARTESIAN_POINT('Ctrl Pts',(22.7499427470583,-9.00009821508947,12.5));
#16972=CARTESIAN_POINT('Ctrl Pts',(22.9546436691608,-9.50009821508946,12.));
#16973=CARTESIAN_POINT('Ctrl Pts',(22.9546436691608,-9.50009821508946,12.1812353437819));
#16974=CARTESIAN_POINT('Ctrl Pts',(22.8727964196042,-9.32357666113803,12.4467889279984));
#16975=CARTESIAN_POINT('Ctrl Pts',(22.7873401238913,-9.09733967820557,12.5));
#16976=CARTESIAN_POINT('Ctrl Pts',(22.7499427470583,-9.00009821508949,12.5));
#16977=CARTESIAN_POINT('Ctrl Pts',(22.8499314475033,-9.50009821508946,12.));
#16978=CARTESIAN_POINT('Ctrl Pts',(22.8499314475033,-9.50009821508946,12.1495996501709));
#16979=CARTESIAN_POINT('Ctrl Pts',(22.8248348471605,-9.37460103275224,12.4086808444758));
#16980=CARTESIAN_POINT('Ctrl Pts',(22.7723801589697,-9.11229795271771,12.5));
#16981=CARTESIAN_POINT('Ctrl Pts',(22.7499427470583,-9.0000982150895,12.5));
#16982=CARTESIAN_POINT('',(23.2499314449494,-9.1001434158626,12.));
#16983=CARTESIAN_POINT('Origin',(22.7499427470582,-9.00009821508946,12.));
#16984=CARTESIAN_POINT('Origin',(22.8499314475033,-9.10009821508946,12.));
#16985=CARTESIAN_POINT('Origin',(22.7476410598201,-29.3686632916616,12.));
#16986=CARTESIAN_POINT('',(23.250073021847,-7.84727195573658,12.));
#16987=CARTESIAN_POINT('',(23.2476410566278,-29.368719792628,12.));
#16988=CARTESIAN_POINT('Origin',(22.7500730250393,-7.84721545477015,12.));
#16989=CARTESIAN_POINT('Origin',(23.8500730180162,-7.84733975689631,12.));
#16990=CARTESIAN_POINT('',(23.8494608310808,-7.24734006920709,12.));
#16991=CARTESIAN_POINT('Origin',(23.8489506753014,-6.74734032946607,12.));
#16992=CARTESIAN_POINT('Origin',(23.8500730180162,-7.84733975689631,12.));
#16993=CARTESIAN_POINT('Origin',(47.1399997712987,-6.7235761904857,12.));
#16994=CARTESIAN_POINT('',(47.1405099270781,-7.22357593022671,12.));
#16995=CARTESIAN_POINT('Origin',(41.747903949349,-28.2338000673116,12.));
#16996=CARTESIAN_POINT('',(42.2510838786207,-5.3480654874998,12.));
#16997=CARTESIAN_POINT('',(42.2479039445224,-28.233869541254,12.));
#16998=CARTESIAN_POINT('Origin',(41.7510838834473,-5.34799601355735,12.));
#16999=CARTESIAN_POINT('Origin',(42.8510838728287,-5.34814885623074,12.));
#17000=CARTESIAN_POINT('',(42.850716611113,-4.74814896863173,12.));
#17001=CARTESIAN_POINT('Origin',(42.8504105596832,-4.24814906229922,12.));
#17002=CARTESIAN_POINT('Origin',(42.8510838728287,-5.34814885623074,12.));
#17003=CARTESIAN_POINT('Origin',(56.6487390340866,-4.23970306439955,12.));
#17004=CARTESIAN_POINT('',(56.6490450855164,-4.73970297073207,12.));
#17005=CARTESIAN_POINT('Origin',(60.7502066982297,-26.9898822739979,12.));
#17006=CARTESIAN_POINT('',(61.2502066982297,-3.1,12.));
#17007=CARTESIAN_POINT('',(61.2502066982297,-26.9898822739979,12.));
#17008=CARTESIAN_POINT('Origin',(60.7502066982297,-3.1,12.));
#17009=CARTESIAN_POINT('Origin',(61.8502066982297,-3.1,12.));
#17010=CARTESIAN_POINT('',(61.8502066982297,-2.5,12.));
#17011=CARTESIAN_POINT('Origin',(61.8502066982297,-2.,12.));
#17012=CARTESIAN_POINT('Origin',(61.8502066982297,-3.1,12.));
#17013=CARTESIAN_POINT('Origin',(66.162535322558,-2.,12.));
#17014=CARTESIAN_POINT('',(80.8497059497289,-2.5,12.));
#17015=CARTESIAN_POINT('Origin',(80.8497059497289,-2.,12.));
#17016=CARTESIAN_POINT('',(66.162535322558,-2.5,12.));
#17017=CARTESIAN_POINT('Origin',(80.8497059497289,-3.10000000000001,12.));
#17018=CARTESIAN_POINT('',(81.4497059497289,-3.1,12.));
#17019=CARTESIAN_POINT('Origin',(81.9497059497289,-3.09999999999999,12.));
#17020=CARTESIAN_POINT('Origin',(80.8497059497289,-3.10000000000001,12.));
#17021=CARTESIAN_POINT('Origin',(81.9497059497289,-26.3713165978582,12.));
#17022=CARTESIAN_POINT('',(81.4497059497289,-26.3713165978582,12.));
#17023=CARTESIAN_POINT('Origin',(76.1622849483076,-4.25018408940697,12.));
#17024=CARTESIAN_POINT('',(99.8496269482577,-4.75018408940698,12.));
#17025=CARTESIAN_POINT('',(76.1622849483076,-4.75018408940697,12.));
#17026=CARTESIAN_POINT('Origin',(99.8496269482577,-4.25018408940698,12.));
#17027=CARTESIAN_POINT('Origin',(99.8496269482577,-5.35018408940696,12.));
#17028=CARTESIAN_POINT('',(100.449626947566,-5.35021289048114,12.));
#17029=CARTESIAN_POINT('Origin',(100.94962694699,-5.35023689137629,12.));
#17030=CARTESIAN_POINT('Origin',(99.8496269482577,-5.35018408940696,12.));
#17031=CARTESIAN_POINT('Origin',(100.948563854723,-27.497166414108,12.));
#17032=CARTESIAN_POINT('',(100.448563855299,-27.4971424132129,12.));
#17033=CARTESIAN_POINT('Origin',(85.6621555166575,-9.00025701927155,12.));
#17034=CARTESIAN_POINT('',(137.849727896002,-9.50025720786861,12.));
#17035=CARTESIAN_POINT('',(85.6621555148506,-9.50025701927156,12.));
#17036=CARTESIAN_POINT('Origin',(137.849727897809,-9.00025720786861,12.));
#17037=CARTESIAN_POINT('Origin',(137.849727893834,-10.1002572078686,12.));
#17038=CARTESIAN_POINT('',(138.449727889183,-10.1003319163923,12.));
#17039=CARTESIAN_POINT('Origin',(138.949727885307,-10.1003941734954,12.));
#17040=CARTESIAN_POINT('Origin',(137.849727893834,-10.1002572078686,12.));
#17041=CARTESIAN_POINT('Origin',(138.947265569265,-29.8757764247095,12.));
#17042=CARTESIAN_POINT('',(138.442599459069,-67.3502656897376,12.));
#17043=CARTESIAN_POINT('Origin',(138.942599455193,-67.3503279468407,12.));
#17044=CARTESIAN_POINT('',(138.447265573141,-29.8757141676064,12.));
#17045=CARTESIAN_POINT('Origin',(137.84259946372,-67.3501909812138,12.));
#17046=CARTESIAN_POINT('',(137.84259946372,-67.9501909812138,12.));
#17047=CARTESIAN_POINT('Origin',(137.84259946372,-68.4501909812138,12.));
#17048=CARTESIAN_POINT('Origin',(137.84259946372,-67.3501909812138,12.));
#17049=CARTESIAN_POINT('Origin',(104.158731705303,-68.4501909812138,12.));
#17050=CARTESIAN_POINT('',(104.158731705303,-67.9501909812138,12.));
#17051=CARTESIAN_POINT('Origin',(84.8353744754434,-65.1332327190453,12.));
#17052=CARTESIAN_POINT('',(71.6346546510615,-82.3861900706489,12.));
#17053=CARTESIAN_POINT('',(84.4313886010366,-64.8386221060665,12.));
#17054=CARTESIAN_POINT('Origin',(72.0386405254684,-82.6808006836277,12.));
#17055=CARTESIAN_POINT('Origin',(71.1498716017732,-82.0326573350742,12.));
#17056=CARTESIAN_POINT('',(71.2272720288714,-82.6276440356694,12.));
#17057=CARTESIAN_POINT('Origin',(71.2917723847865,-83.1234662861653,12.));
#17058=CARTESIAN_POINT('Origin',(71.1498716017732,-82.0326573350742,12.));
#17059=CARTESIAN_POINT('Origin',(73.0315970637415,-82.8971365663713,12.));
#17060=CARTESIAN_POINT('',(72.9670967078265,-82.4013143158754,12.));
#17061=CARTESIAN_POINT('Origin',(55.9218743675236,-75.2592535521885,12.));
#17062=CARTESIAN_POINT('',(17.8156777962702,-96.7047495308416,12.));
#17063=CARTESIAN_POINT('',(55.6716837903433,-74.8263509360146,12.));
#17064=CARTESIAN_POINT('Origin',(18.0658683734505,-97.1376521470155,12.));
#17065=CARTESIAN_POINT('Origin',(17.5154491036539,-96.1852663914329,12.));
#17066=CARTESIAN_POINT('',(16.995682978897,-96.4850049033982,12.));
#17067=CARTESIAN_POINT('Origin',(16.5625445415995,-96.7347869967026,12.));
#17068=CARTESIAN_POINT('Origin',(17.5154491036539,-96.1852663914329,12.));
#17069=CARTESIAN_POINT('Origin',(13.100020248207,-90.7305440916006,12.));
#17070=CARTESIAN_POINT('',(2.5806194349243,-71.4883447570252,12.));
#17071=CARTESIAN_POINT('Origin',(2.14748099762686,-71.7381268503296,12.));
#17072=CARTESIAN_POINT('',(13.5331586855045,-90.4807619982962,12.));
#17073=CARTESIAN_POINT('Origin',(3.10038555968124,-71.1886062450599,12.));
#17074=CARTESIAN_POINT('Origin',(3.10038555968124,-71.1886062450599,12.));
#17075=CARTESIAN_POINT('Origin',(17.5154491036539,-96.1852663914329,6.5));
#17076=CARTESIAN_POINT('',(17.8156777962702,-96.7047495308416,4.8));
#17077=CARTESIAN_POINT('',(17.8156777962702,-96.7047495308416,6.5));
#17078=CARTESIAN_POINT('',(16.995682978897,-96.4850049033982,4.8));
#17079=CARTESIAN_POINT('Origin',(17.5154491036539,-96.1852663914329,4.8));
#17080=CARTESIAN_POINT('',(16.995682978897,-96.4850049033982,6.5));
#17081=CARTESIAN_POINT('Origin',(33.6645350615827,-87.5451034610128,6.5));
#17082=CARTESIAN_POINT('',(33.6645350615827,-87.5451034610128,4.8));
#17083=CARTESIAN_POINT('',(33.6645350615827,-87.5451034610128,6.5));
#17084=CARTESIAN_POINT('',(55.6716837903433,-74.8263509360146,4.8));
#17085=CARTESIAN_POINT('Origin',(33.8646875233268,-87.8914255539517,6.5));
#17086=CARTESIAN_POINT('',(33.8130872385949,-87.4947677535552,4.8));
#17087=CARTESIAN_POINT('',(33.8130872385949,-87.4947677535552,6.5));
#17088=CARTESIAN_POINT('Origin',(33.8646875233268,-87.8914255539517,4.8));
#17089=CARTESIAN_POINT('Origin',(71.2272720288714,-82.6276440356694,6.5));
#17090=CARTESIAN_POINT('',(71.2272720288714,-82.6276440356694,4.8));
#17091=CARTESIAN_POINT('',(71.2272720288714,-82.6276440356694,6.5));
#17092=CARTESIAN_POINT('',(72.9670967078265,-82.4013143158754,4.8));
#17093=CARTESIAN_POINT('Origin',(71.1498716017732,-82.0326573350742,6.5));
#17094=CARTESIAN_POINT('',(71.6346546510615,-82.3861900706489,4.8));
#17095=CARTESIAN_POINT('',(71.6346546510615,-82.3861900706489,6.5));
#17096=CARTESIAN_POINT('Origin',(71.1498716017732,-82.0326573350742,4.8));
#17097=CARTESIAN_POINT('Origin',(82.042421091671,-68.1145024908308,6.5));
#17098=CARTESIAN_POINT('',(82.042421091671,-68.1145024908308,4.8));
#17099=CARTESIAN_POINT('',(82.042421091671,-68.1145024908308,6.5));
#17100=CARTESIAN_POINT('',(84.4313886010366,-64.8386221060665,4.8));
#17101=CARTESIAN_POINT('Origin',(82.3656097911965,-68.3501909812139,6.5));
#17102=CARTESIAN_POINT('',(82.3656097911965,-67.9501909812138,4.8));
#17103=CARTESIAN_POINT('',(82.3656097911965,-67.9501909812138,6.5));
#17104=CARTESIAN_POINT('Origin',(82.3656097911965,-68.3501909812139,4.8));
#17105=CARTESIAN_POINT('Origin',(137.84259946372,-67.9501909812138,6.5));
#17106=CARTESIAN_POINT('',(137.84259946372,-67.9501909812138,4.8));
#17107=CARTESIAN_POINT('',(137.84259946372,-67.9501909812138,6.5));
#17108=CARTESIAN_POINT('',(104.158731705303,-67.9501909812138,4.8));
#17109=CARTESIAN_POINT('Origin',(137.84259946372,-67.3501909812138,6.5));
#17110=CARTESIAN_POINT('',(138.442599459069,-67.3502656897376,4.8));
#17111=CARTESIAN_POINT('',(138.442599459069,-67.3502656897376,6.5));
#17112=CARTESIAN_POINT('Origin',(137.84259946372,-67.3501909812138,4.8));
#17113=CARTESIAN_POINT('Origin',(138.449727889183,-10.1003319163923,6.5));
#17114=CARTESIAN_POINT('',(138.449727889183,-10.1003319163923,4.8));
#17115=CARTESIAN_POINT('',(138.449727889183,-10.1003319163923,6.5));
#17116=CARTESIAN_POINT('',(138.449553578595,-11.5002572100363,4.8));
#17117=CARTESIAN_POINT('',(138.447265573141,-29.8757141676064,4.8));
#17118=CARTESIAN_POINT('',(138.449553578595,-11.5002572100363,2.8));
#17119=CARTESIAN_POINT('',(138.449553578595,-11.5002572100363,4.75));
#17120=CARTESIAN_POINT('',(138.442773788261,-65.9501909812138,2.8));
#17121=CARTESIAN_POINT('',(138.442599459069,-67.3502656897376,2.8));
#17122=CARTESIAN_POINT('',(138.442773788261,-65.9501909812138,4.8));
#17123=CARTESIAN_POINT('',(138.442773788261,-65.9501909812138,4.75));
#17124=CARTESIAN_POINT('',(138.447265573141,-29.8757141676064,4.8));
#17125=CARTESIAN_POINT('Origin',(137.849727893834,-10.1002572078686,6.5));
#17126=CARTESIAN_POINT('',(137.849727896002,-9.50025720786861,4.8));
#17127=CARTESIAN_POINT('',(137.849727896002,-9.50025720786861,6.5));
#17128=CARTESIAN_POINT('Origin',(137.849727893834,-10.1002572078686,4.8));
#17129=CARTESIAN_POINT('Origin',(100.849446937747,-9.50025707415586,6.5));
#17130=CARTESIAN_POINT('',(100.849446937747,-9.50025707415587,4.8));
#17131=CARTESIAN_POINT('',(100.849446937747,-9.50025707415586,6.5));
#17132=CARTESIAN_POINT('',(85.6621555148506,-9.50025701927156,4.8));
#17133=CARTESIAN_POINT('Origin',(100.849446939193,-9.10025707415588,6.5));
#17134=CARTESIAN_POINT('',(100.449446939653,-9.10023787343975,4.8));
#17135=CARTESIAN_POINT('',(100.449446939653,-9.10023787343975,6.5));
#17136=CARTESIAN_POINT('Origin',(100.849446939193,-9.10025707415588,4.8));
#17137=CARTESIAN_POINT('Origin',(100.449626947566,-5.35021289048114,6.5));
#17138=CARTESIAN_POINT('',(100.449626947566,-5.35021289048114,4.8));
#17139=CARTESIAN_POINT('',(100.449626947566,-5.35021289048114,6.5));
#17140=CARTESIAN_POINT('',(100.448563855299,-27.4971424132129,4.8));
#17141=CARTESIAN_POINT('Origin',(99.8496269482577,-5.35018408940696,6.5));
#17142=CARTESIAN_POINT('',(99.8496269482577,-4.75018408940698,4.8));
#17143=CARTESIAN_POINT('',(99.8496269482577,-4.75018408940698,6.5));
#17144=CARTESIAN_POINT('Origin',(99.8496269482577,-5.35018408940696,4.8));
#17145=CARTESIAN_POINT('Origin',(81.8497059497289,-4.75018408940698,6.5));
#17146=CARTESIAN_POINT('',(81.8497059497289,-4.75018408940697,4.8));
#17147=CARTESIAN_POINT('',(81.8497059497289,-4.75018408940698,6.5));
#17148=CARTESIAN_POINT('',(76.1622849483076,-4.75018408940698,4.8));
#17149=CARTESIAN_POINT('Origin',(81.8497059497289,-4.35018408940697,6.5));
#17150=CARTESIAN_POINT('',(81.4497059497289,-4.35018408940698,4.8));
#17151=CARTESIAN_POINT('',(81.4497059497289,-4.35018408940698,6.5));
#17152=CARTESIAN_POINT('Origin',(81.8497059497289,-4.35018408940697,4.8));
#17153=CARTESIAN_POINT('Origin',(81.4497059497289,-3.1,6.5));
#17154=CARTESIAN_POINT('',(81.4497059497289,-3.1,4.8));
#17155=CARTESIAN_POINT('',(81.4497059497289,-3.1,6.5));
#17156=CARTESIAN_POINT('',(81.4497059497289,-26.3713165978582,4.8));
#17157=CARTESIAN_POINT('Origin',(80.8497059497289,-3.10000000000001,6.5));
#17158=CARTESIAN_POINT('',(80.8497059497289,-2.5,4.8));
#17159=CARTESIAN_POINT('',(80.8497059497289,-2.5,6.5));
#17160=CARTESIAN_POINT('Origin',(80.8497059497289,-3.10000000000001,4.8));
#17161=CARTESIAN_POINT('Origin',(61.8502066982297,-2.5,6.5));
#17162=CARTESIAN_POINT('',(61.8502066982297,-2.5,4.8));
#17163=CARTESIAN_POINT('',(61.8502066982297,-2.5,6.5));
#17164=CARTESIAN_POINT('',(66.162535322558,-2.5,4.8));
#17165=CARTESIAN_POINT('Origin',(61.8502066982297,-3.1,6.5));
#17166=CARTESIAN_POINT('',(61.2502066982297,-3.1,4.8));
#17167=CARTESIAN_POINT('',(61.2502066982297,-3.1,6.5));
#17168=CARTESIAN_POINT('Origin',(61.8502066982297,-3.1,4.8));
#17169=CARTESIAN_POINT('Origin',(61.2502066982297,-4.33713135227937,6.5));
#17170=CARTESIAN_POINT('',(61.2502066982297,-4.33713135227937,4.8));
#17171=CARTESIAN_POINT('',(61.2502066982297,-4.33713135227937,6.5));
#17172=CARTESIAN_POINT('',(61.2502066982297,-26.9898822739979,4.8));
#17173=CARTESIAN_POINT('Origin',(60.8502066982297,-4.33713135227937,6.5));
#17174=CARTESIAN_POINT('',(60.8504515393736,-4.73713127734538,4.8));
#17175=CARTESIAN_POINT('',(60.8504515393736,-4.73713127734538,6.5));
#17176=CARTESIAN_POINT('Origin',(60.8502066982297,-4.33713135227937,4.8));
#17177=CARTESIAN_POINT('Origin',(42.850716611113,-4.74814896863173,6.5));
#17178=CARTESIAN_POINT('',(42.850716611113,-4.74814896863173,4.8));
#17179=CARTESIAN_POINT('',(42.850716611113,-4.74814896863173,6.5));
#17180=CARTESIAN_POINT('',(56.6490450855164,-4.73970297073206,4.8));
#17181=CARTESIAN_POINT('Origin',(42.8510838728287,-5.34814885623074,6.5));
#17182=CARTESIAN_POINT('',(42.2510838786207,-5.3480654874998,4.8));
#17183=CARTESIAN_POINT('',(42.2510838786207,-5.3480654874998,6.5));
#17184=CARTESIAN_POINT('Origin',(42.8510838728287,-5.34814885623074,4.8));
#17185=CARTESIAN_POINT('Origin',(42.2508781019577,-6.82902837647202,6.5));
#17186=CARTESIAN_POINT('',(42.2508781019577,-6.82902837647202,4.8));
#17187=CARTESIAN_POINT('',(42.2508781019577,-6.82902837647202,6.5));
#17188=CARTESIAN_POINT('',(42.2479039445224,-28.233869541254,4.8));
#17189=CARTESIAN_POINT('Origin',(41.850878105819,-6.82897279731805,6.5));
#17190=CARTESIAN_POINT('',(41.8512862304425,-7.22897258911086,4.8));
#17191=CARTESIAN_POINT('',(41.8512862304425,-7.22897258911086,6.5));
#17192=CARTESIAN_POINT('Origin',(41.850878105819,-6.82897279731805,4.8));
#17193=CARTESIAN_POINT('Origin',(23.8494608310808,-7.24734006920709,6.5));
#17194=CARTESIAN_POINT('',(23.8494608310808,-7.24734006920709,4.8));
#17195=CARTESIAN_POINT('',(23.8494608310808,-7.24734006920709,6.5));
#17196=CARTESIAN_POINT('',(47.1405099270781,-7.22357593022672,4.8));
#17197=CARTESIAN_POINT('Origin',(23.8500730180162,-7.84733975689631,6.5));
#17198=CARTESIAN_POINT('',(23.250073021847,-7.84727195573658,4.8));
#17199=CARTESIAN_POINT('',(23.250073021847,-7.84727195573658,6.5));
#17200=CARTESIAN_POINT('Origin',(23.8500730180162,-7.84733975689631,4.8));
#17201=CARTESIAN_POINT('Origin',(23.2499314449494,-9.1001434158626,6.5));
#17202=CARTESIAN_POINT('',(23.2499314449494,-9.1001434158626,4.8));
#17203=CARTESIAN_POINT('',(23.2499314449494,-9.1001434158626,6.5));
#17204=CARTESIAN_POINT('',(23.2476410566278,-29.368719792628,4.8));
#17205=CARTESIAN_POINT('Origin',(22.8499314475033,-9.10009821508946,6.5));
#17206=CARTESIAN_POINT('',(23.2215905182387,-9.24798173391469,2.8));
#17207=CARTESIAN_POINT('Origin',(22.8499314475033,-9.10009821508946,2.8));
#17208=CARTESIAN_POINT('',(23.2215905182387,-9.24798173391469,4.8));
#17209=CARTESIAN_POINT('',(23.2215905182387,-9.24798173391469,6.5));
#17210=CARTESIAN_POINT('Origin',(22.8499314475033,-9.10009821508946,4.8));
#17211=CARTESIAN_POINT('Origin',(20.8680968662274,-7.00009821508946,12.5));
#17212=CARTESIAN_POINT('',(20.8680968662274,-28.321365705403,4.3));
#17213=CARTESIAN_POINT('Origin',(23.8500730180162,-7.84733975689631,2.05));
#17214=CARTESIAN_POINT('',(21.4095855466615,-6.95066763055312,1.8));
#17215=CARTESIAN_POINT('Ctrl Pts',(21.1987119856091,-6.24101330320352,2.3));
#17216=CARTESIAN_POINT('Ctrl Pts',(21.1786816956647,-6.27407478339276,2.3));
#17217=CARTESIAN_POINT('Ctrl Pts',(21.1624247055479,-6.30968339949543,2.29619340351807));
#17218=CARTESIAN_POINT('Ctrl Pts',(21.1387090410807,-6.38307460171907,2.28125481196244));
#17219=CARTESIAN_POINT('Ctrl Pts',(21.1312541198704,-6.42085753865755,2.27011858267047));
#17220=CARTESIAN_POINT('Ctrl Pts',(21.1218350519955,-6.53270611006248,2.22766339855802));
#17221=CARTESIAN_POINT('Ctrl Pts',(21.1334034116482,-6.60536968960775,2.18673767683572));
#17222=CARTESIAN_POINT('Ctrl Pts',(21.1802782128474,-6.73896758031703,2.09016669749117));
#17223=CARTESIAN_POINT('Ctrl Pts',(21.2231821376137,-6.80497858172205,2.02598724237241));
#17224=CARTESIAN_POINT('Ctrl Pts',(21.3163510138807,-6.89643458481583,1.90619012302587));
#17225=CARTESIAN_POINT('Ctrl Pts',(21.3623358806055,-6.92793619694606,1.85219033113172));
#17226=CARTESIAN_POINT('Ctrl Pts',(21.4095855466615,-6.95066763055312,1.8));
#17227=CARTESIAN_POINT('',(21.2733651743436,-7.50009821508946,1.8));
#17228=CARTESIAN_POINT('Origin',(23.8500730180162,-7.84733975689631,1.8));
#17229=CARTESIAN_POINT('Ctrl Pts',(21.2733651743436,-7.50009821508946,1.8));
#17230=CARTESIAN_POINT('Ctrl Pts',(21.1309715846125,-7.33722825527885,1.96286995981061));
#17231=CARTESIAN_POINT('Ctrl Pts',(20.9956732265892,-7.16897103087992,2.13112718420954));
#17232=CARTESIAN_POINT('Ctrl Pts',(20.8680968662274,-7.00009821508946,2.3));
#17233=CARTESIAN_POINT('Origin',(27.6558401135229,-7.25009821508946,2.05));
#17234=CARTESIAN_POINT('',(6.44358336081839,-7.50009821508946,1.8));
#17235=CARTESIAN_POINT('',(27.6558401135229,-7.50009821508946,1.8));
#17236=CARTESIAN_POINT('Origin',(5.94358336081839,-7.50009821508946,1.8));
#17237=CARTESIAN_POINT('Origin',(17.5154491036539,-96.1852663914329,2.05));
#17238=CARTESIAN_POINT('',(16.9365721680171,-98.7200053313215,1.8));
#17239=CARTESIAN_POINT('Ctrl Pts',(16.2595150558553,-99.0194558112812,2.3));
#17240=CARTESIAN_POINT('Ctrl Pts',(16.2948563376391,-99.0351168390073,2.3));
#17241=CARTESIAN_POINT('Ctrl Pts',(16.3322439705281,-99.0467111555186,2.29619340351808));
#17242=CARTESIAN_POINT('Ctrl Pts',(16.4080561117619,-99.0608963783398,2.28125481196245));
#17243=CARTESIAN_POINT('Ctrl Pts',(16.446480490554,-99.0634835173762,2.27011858267047));
#17244=CARTESIAN_POINT('Ctrl Pts',(16.5586184741197,-99.0585953268334,2.22766339855803));
#17245=CARTESIAN_POINT('Ctrl Pts',(16.6292196515859,-99.0378758558516,2.18673767683571));
#17246=CARTESIAN_POINT('Ctrl Pts',(16.7557678200017,-98.9743840889835,2.09016669749117));
#17247=CARTESIAN_POINT('Ctrl Pts',(16.8157836004472,-98.9234301375728,2.02598724237241));
#17248=CARTESIAN_POINT('Ctrl Pts',(16.894642284112,-98.8193823215582,1.90619012302587));
#17249=CARTESIAN_POINT('Ctrl Pts',(16.9200371391088,-98.76976316322,1.85219033113171));
#17250=CARTESIAN_POINT('Ctrl Pts',(16.9365721680171,-98.7200053313215,1.80000000000001));
#17251=CARTESIAN_POINT('',(18.8164401049912,-98.4363599955372,1.8));
#17252=CARTESIAN_POINT('Origin',(17.5154491036539,-96.1852663914329,1.8));
#17253=CARTESIAN_POINT('',(18.8164401049912,-98.4363599955372,1.8));
#17254=CARTESIAN_POINT('Origin',(28.2885139945921,-93.2508435545107,2.05));
#17255=CARTESIAN_POINT('',(34.3883213642774,-89.4367886959311,1.8));
#17256=CARTESIAN_POINT('',(28.163418706002,-93.0343922464237,1.8));
#17257=CARTESIAN_POINT('',(34.3883213642774,-89.4367886959311,1.8));
#17258=CARTESIAN_POINT('Origin',(32.8912905287792,-89.8836404083821,2.05));
#17259=CARTESIAN_POINT('',(36.525094658437,-89.1588208599874,1.8));
#17260=CARTESIAN_POINT('',(32.8590403508217,-89.6357292831341,1.8));
#17261=CARTESIAN_POINT('Origin',(37.020916908933,-89.0943205040723,1.8));
#17262=CARTESIAN_POINT('Origin',(6.1935833608184,-28.321365705403,-1.95));
#17263=CARTESIAN_POINT('',(6.4435833608184,-20.5000982150895,-1.7));
#17264=CARTESIAN_POINT('',(5.9435833608184,-20.5000982150895,-2.2));
#17265=CARTESIAN_POINT('',(6.4435833608184,-20.5000982150895,-1.7));
#17266=CARTESIAN_POINT('',(5.9435833608184,-7.50009821508946,-2.2));
#17267=CARTESIAN_POINT('',(5.9435833608184,-28.321365705403,-2.2));
#17268=CARTESIAN_POINT('',(6.44358336081839,-7.50009821508946,-1.7));
#17269=CARTESIAN_POINT('',(5.9435833608184,-7.50009821508946,-2.2));
#17270=CARTESIAN_POINT('',(6.4435833608184,-28.321365705403,-1.7));
#17271=CARTESIAN_POINT('Origin',(7.9435833608184,-20.5000982150895,-1.95));
#17272=CARTESIAN_POINT('',(7.94358336081839,-22.0000982150895,-1.7));
#17273=CARTESIAN_POINT('',(7.94358336081839,-22.5000982150895,-2.2));
#17274=CARTESIAN_POINT('',(7.94358336081839,-22.0000982150895,-1.7));
#17275=CARTESIAN_POINT('Origin',(7.9435833608184,-20.5000982150895,-2.2));
#17276=CARTESIAN_POINT('Origin',(7.9435833608184,-20.5000982150895,-1.7));
#17277=CARTESIAN_POINT('Origin',(39.2092236538523,-22.2500982150895,-1.95));
#17278=CARTESIAN_POINT('',(60.9435833608184,-22.0000982150895,-1.7));
#17279=CARTESIAN_POINT('',(60.9435833608184,-22.5000982150895,-2.2));
#17280=CARTESIAN_POINT('',(60.9435833608184,-22.0000982150895,-1.7));
#17281=CARTESIAN_POINT('',(39.2092236538523,-22.5000982150895,-2.2));
#17282=CARTESIAN_POINT('',(39.2092236538523,-22.0000982150895,-1.7));
#17283=CARTESIAN_POINT('Origin',(60.9435833608184,-20.5000982150895,-1.95));
#17284=CARTESIAN_POINT('',(62.4435833608184,-20.5000982150895,-1.7));
#17285=CARTESIAN_POINT('',(62.9435833608184,-20.5000982150895,-2.2));
#17286=CARTESIAN_POINT('',(62.4435833608184,-20.5000982150895,-1.7));
#17287=CARTESIAN_POINT('Origin',(60.9435833608184,-20.5000982150895,-2.2));
#17288=CARTESIAN_POINT('Origin',(60.9435833608184,-20.5000982150895,-1.7));
#17289=CARTESIAN_POINT('Origin',(62.6935833608184,-35.071365705403,-1.95));
#17290=CARTESIAN_POINT('',(62.4435833608184,-8.50009821508946,-1.7));
#17291=CARTESIAN_POINT('',(62.9435833608184,-8.50009821508946,-2.2));
#17292=CARTESIAN_POINT('',(62.4435833608184,-8.50009821508946,-1.7));
#17293=CARTESIAN_POINT('',(62.9435833608184,-35.071365705403,-2.2));
#17294=CARTESIAN_POINT('',(62.4435833608184,-35.071365705403,-1.7));
#17295=CARTESIAN_POINT('Origin',(60.9435833608184,-8.50009821508947,-1.95));
#17296=CARTESIAN_POINT('',(60.9435833608184,-7.00009821508946,-1.7));
#17297=CARTESIAN_POINT('',(60.9435833608184,-6.50009821508946,-2.2));
#17298=CARTESIAN_POINT('',(60.9435833608184,-7.00009821508946,-1.7));
#17299=CARTESIAN_POINT('Origin',(60.9435833608184,-8.50009821508947,-2.2));
#17300=CARTESIAN_POINT('Origin',(60.9435833608184,-8.50009821508947,-1.7));
#17301=CARTESIAN_POINT('Origin',(65.7092236538523,-6.75009821508946,-1.95));
#17302=CARTESIAN_POINT('',(21.6263508618038,-7.00009821508946,-1.7));
#17303=CARTESIAN_POINT('',(21.6263508618038,-6.50009821508946,-2.2));
#17304=CARTESIAN_POINT('',(21.6263508618038,-7.00009821508946,-1.7));
#17305=CARTESIAN_POINT('',(65.7092236538523,-6.50009821508946,-2.2));
#17306=CARTESIAN_POINT('',(65.7092236538523,-7.00009821508946,-1.7));
#17307=CARTESIAN_POINT('Origin',(17.5154491036539,-96.1852663914329,-1.95));
#17308=CARTESIAN_POINT('',(15.2631292297072,-97.4841332766158,-2.2));
#17309=CARTESIAN_POINT('',(14.8299907924098,-97.7339153699202,-1.7));
#17310=CARTESIAN_POINT('',(16.4620850635647,-98.5623284854992,-2.2));
#17311=CARTESIAN_POINT('Origin',(17.5154491036539,-96.1852663914329,-2.2));
#17312=CARTESIAN_POINT('',(16.4620850635647,-98.5623284854992,-2.2));
#17313=CARTESIAN_POINT('Origin',(4.37650394567962,-79.1064513449795,-1.95));
#17314=CARTESIAN_POINT('',(0.848065685734526,-72.4874731302428,-2.2));
#17315=CARTESIAN_POINT('',(0.414927248437075,-72.7372552235472,-1.7));
#17316=CARTESIAN_POINT('',(4.59307316432835,-78.9815602983273,-2.2));
#17317=CARTESIAN_POINT('Origin',(3.10038555968124,-71.1886062450599,-1.95));
#17318=CARTESIAN_POINT('',(0.500385559733011,-71.188622654944,-2.2));
#17319=CARTESIAN_POINT('',(0.000385559742971386,-71.1886258106909,-1.7));
#17320=CARTESIAN_POINT('Origin',(3.10038555968124,-71.1886062450599,-2.2));
#17321=CARTESIAN_POINT('Origin',(0.250124787570203,-29.8715963103927,-1.95));
#17322=CARTESIAN_POINT('',(0.499999999990046,-10.1001146249735,-2.2));
#17323=CARTESIAN_POINT('',(0.,-10.1001177807204,-1.7));
#17324=CARTESIAN_POINT('',(0.500124787565226,-29.8715947325192,-2.2));
#17325=CARTESIAN_POINT('Origin',(3.09999999993826,-10.1000982150895,-1.95));
#17326=CARTESIAN_POINT('',(3.09999999993825,-7.50009821508946,-2.2));
#17327=CARTESIAN_POINT('',(3.09999999993825,-7.00009821508945,-1.7));
#17328=CARTESIAN_POINT('Origin',(3.09999999993826,-10.1000982150895,-2.2));
#17329=CARTESIAN_POINT('Origin',(45.6714804065568,-7.25009821508946,-1.95));
#17330=CARTESIAN_POINT('',(5.94358336081839,-7.00009821508946,-1.7));
#17331=CARTESIAN_POINT('',(45.6714804065568,-7.50009821508946,-2.2));
#17332=CARTESIAN_POINT('Origin',(50.5430420253081,-63.1151329082949,-1.95));
#17333=CARTESIAN_POINT('',(11.484762295831,-85.9278367019139,-1.7));
#17334=CARTESIAN_POINT('',(11.2349802025266,-85.4946982646165,-2.2));
#17335=CARTESIAN_POINT('',(11.484762295831,-85.9278367019139,-1.7));
#17336=CARTESIAN_POINT('',(28.0468471483849,-75.7996378486142,-2.2));
#17337=CARTESIAN_POINT('',(50.4181509786559,-62.8985636896462,-2.2));
#17338=CARTESIAN_POINT('',(28.2966292416893,-76.2327762859116,-1.7));
#17339=CARTESIAN_POINT('',(28.0468471483849,-75.7996378486142,-2.2));
#17340=CARTESIAN_POINT('',(50.6679330719603,-63.3317021269436,-1.7));
#17341=CARTESIAN_POINT('Origin',(12.2341085757442,-87.2272520138063,-1.95));
#17342=CARTESIAN_POINT('',(10.9346932638518,-87.9765982937194,-1.7));
#17343=CARTESIAN_POINT('',(10.5015548265544,-88.2263803870239,-2.2));
#17344=CARTESIAN_POINT('',(10.9346932638518,-87.9765982937194,-1.7));
#17345=CARTESIAN_POINT('Origin',(12.2341085757442,-87.2272520138063,-2.2));
#17346=CARTESIAN_POINT('Origin',(12.2341085757442,-87.2272520138063,-1.7));
#17347=CARTESIAN_POINT('Origin',(9.85295617203578,-86.6012318334134,-1.95));
#17348=CARTESIAN_POINT('',(16.8952235008622,-98.3125463921949,-1.7));
#17349=CARTESIAN_POINT('',(16.8952235008622,-98.3125463921949,-1.7));
#17350=CARTESIAN_POINT('',(9.63638695338705,-86.7261228800656,-2.2));
#17351=CARTESIAN_POINT('',(10.0695253906845,-86.4763407867613,-1.7));
#17352=CARTESIAN_POINT('Origin',(29.0346619497289,-72.966932089407,-1.95));
#17353=CARTESIAN_POINT('',(28.2114829486089,-75.3275202220796,-1.7));
#17354=CARTESIAN_POINT('',(28.2114829486089,-75.3275202220796,-1.7));
#17355=CARTESIAN_POINT('',(31.9811985812416,-73.5307777058251,-2.2));
#17356=CARTESIAN_POINT('Origin',(29.0346619497289,-72.966932089407,-2.2));
#17357=CARTESIAN_POINT('',(31.4901091426561,-73.4368034364221,-1.7));
#17358=CARTESIAN_POINT('',(31.9811985812416,-73.5307777058251,-2.2));
#17359=CARTESIAN_POINT('Origin',(29.0346619497289,-72.966932089407,-1.7));
#17360=CARTESIAN_POINT('Origin',(56.8992875246167,-77.3422786958534,-1.95));
#17361=CARTESIAN_POINT('',(64.8908994484921,-72.4450879305708,-1.7));
#17362=CARTESIAN_POINT('',(65.1406815417965,-72.8782263678683,-2.2));
#17363=CARTESIAN_POINT('',(64.8908994484921,-72.4450879305708,-1.7));
#17364=CARTESIAN_POINT('',(37.020916908933,-89.0943205040724,-2.2));
#17365=CARTESIAN_POINT('',(57.0241785712689,-77.5588479145022,-2.2));
#17366=CARTESIAN_POINT('',(36.7711348156285,-88.6611820667749,-1.7));
#17367=CARTESIAN_POINT('',(37.020916908933,-89.0943205040724,-2.2));
#17368=CARTESIAN_POINT('',(56.7743964779645,-77.1257094772047,-1.7));
#17369=CARTESIAN_POINT('Origin',(64.1415531685789,-71.1456726186785,-1.95));
#17370=CARTESIAN_POINT('',(65.4409684804712,-70.3963263387653,-1.7));
#17371=CARTESIAN_POINT('',(65.8741069177687,-70.1465442454609,-2.2));
#17372=CARTESIAN_POINT('',(65.4409684804712,-70.3963263387653,-1.7));
#17373=CARTESIAN_POINT('Origin',(64.1415531685789,-71.1456726186785,-2.2));
#17374=CARTESIAN_POINT('Origin',(64.1415531685789,-71.1456726186785,-1.7));
#17375=CARTESIAN_POINT('Origin',(61.7949847062998,-63.5735165375856,-1.95));
#17376=CARTESIAN_POINT('',(59.4461982411656,-60.0010038436266,-1.7));
#17377=CARTESIAN_POINT('',(59.879336678463,-59.7512217503222,-2.2));
#17378=CARTESIAN_POINT('',(59.4461982411656,-60.0010038436266,-1.7));
#17379=CARTESIAN_POINT('',(62.0115539249485,-63.4486254909334,-2.2));
#17380=CARTESIAN_POINT('',(61.5784154876511,-63.6984075842378,-1.7));
#17381=CARTESIAN_POINT('Origin',(58.1467829292733,-60.7503501235398,-1.95));
#17382=CARTESIAN_POINT('',(57.3974366493601,-59.4509348116475,-1.7));
#17383=CARTESIAN_POINT('',(57.1476545560557,-59.01779637435,-2.2));
#17384=CARTESIAN_POINT('',(57.3974366493601,-59.4509348116475,-1.7));
#17385=CARTESIAN_POINT('Origin',(58.1467829292733,-60.7503501235398,-2.2));
#17386=CARTESIAN_POINT('Origin',(58.1467829292733,-60.7503501235398,-1.7));
#17387=CARTESIAN_POINT('Origin',(64.3017539846817,-55.1807646360453,-1.95));
#17388=CARTESIAN_POINT('',(32.230980674546,-73.9639161431225,-1.7));
#17389=CARTESIAN_POINT('',(32.230980674546,-73.9639161431225,-1.7));
#17390=CARTESIAN_POINT('',(64.1768629380295,-54.9641954173966,-2.2));
#17391=CARTESIAN_POINT('',(64.4266450313339,-55.397333854694,-1.7));
#17392=CARTESIAN_POINT('Origin',(81.0454418155626,-73.3002136543801,-1.95));
#17393=CARTESIAN_POINT('',(73.2505981486889,-83.564632522564,-2.2));
#17394=CARTESIAN_POINT('',(73.6545840230957,-83.8592431355428,-1.7));
#17395=CARTESIAN_POINT('',(83.1790615479354,-69.9501909812138,-2.2));
#17396=CARTESIAN_POINT('',(80.8434488783592,-73.1529083478907,-2.2));
#17397=CARTESIAN_POINT('',(83.1790615479354,-69.9501909812138,-2.2));
#17398=CARTESIAN_POINT('Origin',(71.1498716017732,-82.0326573350742,-1.95));
#17399=CARTESIAN_POINT('',(71.4852734525318,-84.610933037653,-2.2));
#17400=CARTESIAN_POINT('',(71.549773808447,-85.1067552881489,-1.7));
#17401=CARTESIAN_POINT('Origin',(71.1498716017732,-82.0326573350742,-2.2));
#17402=CARTESIAN_POINT('Origin',(54.7584398750081,-87.0389941379323,-1.95));
#17403=CARTESIAN_POINT('',(37.085417264848,-89.5901427545682,-1.7));
#17404=CARTESIAN_POINT('',(54.7261896970506,-86.7910830126843,-2.2));
#17405=CARTESIAN_POINT('Origin',(104.162296002109,-7.25025708612794,-1.95));
#17406=CARTESIAN_POINT('',(137.84972790323,-7.50025720786861,-2.2));
#17407=CARTESIAN_POINT('',(137.849727905037,-7.00025720786861,-1.7));
#17408=CARTESIAN_POINT('',(102.4495237439,-7.50025707993828,-2.2));
#17409=CARTESIAN_POINT('',(104.162296001206,-7.50025708612794,-2.2));
#17410=CARTESIAN_POINT('',(102.4495237439,-7.50025707993828,-2.2));
#17411=CARTESIAN_POINT('Origin',(137.849727893834,-10.1002572078686,-1.95));
#17412=CARTESIAN_POINT('',(140.449727873679,-10.1005809448046,-2.2));
#17413=CARTESIAN_POINT('',(140.949727869803,-10.1006432019076,-1.7));
#17414=CARTESIAN_POINT('Origin',(137.849727893834,-10.1002572078686,-2.2));
#17415=CARTESIAN_POINT('Origin',(140.693701340642,-58.500961211243,-1.95));
#17416=CARTESIAN_POINT('',(140.442599443565,-67.35051471815,-2.2));
#17417=CARTESIAN_POINT('',(140.942599439689,-67.3505769752531,-1.7));
#17418=CARTESIAN_POINT('',(140.44370134258,-58.5009300826915,-2.2));
#17419=CARTESIAN_POINT('Origin',(137.84259946372,-67.3501909812138,-1.95));
#17420=CARTESIAN_POINT('',(137.84259946372,-69.9501909812138,-2.2));
#17421=CARTESIAN_POINT('',(137.84259946372,-70.4501909812138,-1.7));
#17422=CARTESIAN_POINT('Origin',(137.84259946372,-67.3501909812138,-2.2));
#17423=CARTESIAN_POINT('Origin',(76.9540645844013,-70.2001909812138,-1.95));
#17424=CARTESIAN_POINT('',(76.9540645844013,-69.9501909812138,-2.2));
#17425=CARTESIAN_POINT('Origin',(85.162245447572,-2.50018408940698,-1.95));
#17426=CARTESIAN_POINT('',(99.8496269482577,-2.75018408940698,-2.2));
#17427=CARTESIAN_POINT('',(99.8496269482577,-2.25018408940698,-1.7));
#17428=CARTESIAN_POINT('',(83.4260655575275,-2.75018408940698,-2.2));
#17429=CARTESIAN_POINT('',(85.162245447572,-2.75018408940698,-2.2));
#17430=CARTESIAN_POINT('Ctrl Pts',(83.4260655575275,-2.75018408940698,-2.2));
#17431=CARTESIAN_POINT('Ctrl Pts',(83.5683220506306,-2.58730680105381,-2.03712271164683));
#17432=CARTESIAN_POINT('Ctrl Pts',(83.7034919582058,-2.41905110709403,-1.86886701768705));
#17433=CARTESIAN_POINT('Ctrl Pts',(83.8309494684813,-2.25018408940698,-1.7));
#17434=CARTESIAN_POINT('Origin',(99.8496269482577,-5.35018408940696,-1.95));
#17435=CARTESIAN_POINT('',(102.449626945262,-5.35030889406174,-2.2));
#17436=CARTESIAN_POINT('',(102.949626944686,-5.35033289495689,-1.7));
#17437=CARTESIAN_POINT('Origin',(99.8496269482577,-5.35018408940696,-2.2));
#17438=CARTESIAN_POINT('Origin',(102.698524253049,-28.3222125106352,-1.95));
#17439=CARTESIAN_POINT('',(102.448524253337,-28.3222005101876,-2.2));
#17440=CARTESIAN_POINT('Origin',(61.8502066982297,-3.1,-1.95));
#17441=CARTESIAN_POINT('',(61.8502066982297,-0.499999999999999,-2.2));
#17442=CARTESIAN_POINT('',(61.8502066982297,6.93889390390723E-17,-1.7));
#17443=CARTESIAN_POINT('',(59.2755174516723,-2.73809492451479,-2.2));
#17444=CARTESIAN_POINT('Origin',(61.8502066982297,-3.1,-2.2));
#17445=CARTESIAN_POINT('Ctrl Pts',(59.2755174516723,-2.73809492451479,-2.2));
#17446=CARTESIAN_POINT('Ctrl Pts',(59.1338876407494,-2.57526562390692,-2.03708403788348));
#17447=CARTESIAN_POINT('Ctrl Pts',(58.9992953966137,-2.4071003658944,-1.86883642707667));
#17448=CARTESIAN_POINT('Ctrl Pts',(58.8723643912538,-2.23834160203467,-1.7));
#17449=CARTESIAN_POINT('Origin',(42.8510838728287,-5.34814885623074,-1.95));
#17450=CARTESIAN_POINT('',(42.8494924053938,-2.74814934330168,-2.2));
#17451=CARTESIAN_POINT('',(42.8491863539639,-2.24814943696916,-1.7));
#17452=CARTESIAN_POINT('',(40.2537424188105,-5.23060154133961,-2.2));
#17453=CARTESIAN_POINT('Origin',(42.8510838728287,-5.34814885623074,-2.2));
#17454=CARTESIAN_POINT('Ctrl Pts',(40.2537424188105,-5.23060154133961,-2.2));
#17455=CARTESIAN_POINT('Ctrl Pts',(40.0987425125563,-5.06859373420651,-2.0378341289989));
#17456=CARTESIAN_POINT('Ctrl Pts',(39.9516296572875,-4.9003412661153,-1.86943164753943));
#17457=CARTESIAN_POINT('Ctrl Pts',(39.8131256690611,-4.7310508476773,-1.7));
#17458=CARTESIAN_POINT('Origin',(23.8500730180162,-7.84733975689631,-1.95));
#17459=CARTESIAN_POINT('',(23.8474202079631,-5.24734111024303,-2.2));
#17460=CARTESIAN_POINT('',(23.8469100521836,-4.74734137050202,-1.7));
#17461=CARTESIAN_POINT('Origin',(23.8500730180162,-7.84733975689631,-2.2));
#17462=CARTESIAN_POINT('',(21.6263508618038,-6.50009821508946,-2.2));
#17463=CARTESIAN_POINT('Origin',(55.1213220345094,-4.96543183997979,-1.95));
#17464=CARTESIAN_POINT('',(55.1215771123991,-5.2154317098503,-2.2));
#17465=CARTESIAN_POINT('Origin',(64.6592568727272,-2.48479947476851,-1.95));
#17466=CARTESIAN_POINT('',(64.6594098984421,-2.73479942793477,-2.2));
#17467=CARTESIAN_POINT('Origin',(75.6622849483076,-0.249999999999999,-1.95));
#17468=CARTESIAN_POINT('',(80.8497059497289,-0.499999999999998,-2.2));
#17469=CARTESIAN_POINT('',(80.8497059497289,-2.70616862252382E-15,-1.7));
#17470=CARTESIAN_POINT('',(75.6622849483076,-0.499999999999998,-2.2));
#17471=CARTESIAN_POINT('Origin',(80.8497059497289,-3.10000000000001,-1.95));
#17472=CARTESIAN_POINT('Origin',(80.8497059497289,-3.10000000000001,-2.2));
#17473=CARTESIAN_POINT('Origin',(37.020916908933,-89.0943205040723,-1.7));
#17474=CARTESIAN_POINT('Origin',(37.020916908933,-89.0943205040723,-1.7));
#17475=CARTESIAN_POINT('Origin',(31.9811985812416,-73.5307777058251,-1.7));
#17476=CARTESIAN_POINT('Origin',(31.9811985812416,-73.5307777058251,-1.7));
#17477=CARTESIAN_POINT('Origin',(28.0468471483849,-75.7996378486142,-1.7));
#17478=CARTESIAN_POINT('Origin',(28.0468471483849,-75.7996378486142,-1.7));
#17479=CARTESIAN_POINT('Origin',(16.4620850635647,-98.5623284854993,-1.7));
#17480=CARTESIAN_POINT('Origin',(16.4620850635647,-98.5623284854993,-1.7));
#17481=CARTESIAN_POINT('Origin',(5.94358336081839,-7.50009821508946,-1.7));
#17482=CARTESIAN_POINT('Origin',(5.94358336081839,-7.50009821508946,-1.7));
#17483=CARTESIAN_POINT('Origin',(21.6263508618038,-6.50009821508946,-1.7));
#17484=CARTESIAN_POINT('Origin',(21.6263508618038,-6.50009821508946,-1.7));
#17485=CARTESIAN_POINT('Origin',(57.3974366493601,-59.4509348116475,-2.2));
#17486=CARTESIAN_POINT('',(57.3974366493601,-59.4509348116475,1.8));
#17487=CARTESIAN_POINT('',(57.3974366493601,-59.4509348116475,-2.2));
#17488=CARTESIAN_POINT('',(32.230980674546,-73.9639161431226,1.8));
#17489=CARTESIAN_POINT('',(57.3974366493601,-59.4509348116475,1.8));
#17490=CARTESIAN_POINT('',(32.230980674546,-73.9639161431225,-1.38777878078145E-16));
#17491=CARTESIAN_POINT('Origin',(58.1467829292733,-60.7503501235398,-2.2));
#17492=CARTESIAN_POINT('',(59.4461982411656,-60.0010038436266,1.8));
#17493=CARTESIAN_POINT('',(59.4461982411656,-60.0010038436266,-2.2));
#17494=CARTESIAN_POINT('Origin',(58.1467829292733,-60.7503501235398,1.8));
#17495=CARTESIAN_POINT('Origin',(65.4409684804712,-70.3963263387653,-2.2));
#17496=CARTESIAN_POINT('',(65.4409684804712,-70.3963263387653,1.8));
#17497=CARTESIAN_POINT('',(65.4409684804712,-70.3963263387653,-2.2));
#17498=CARTESIAN_POINT('',(65.4409684804712,-70.3963263387653,1.8));
#17499=CARTESIAN_POINT('Origin',(64.1415531685789,-71.1456726186785,-2.2));
#17500=CARTESIAN_POINT('',(64.8908994484921,-72.4450879305708,1.8));
#17501=CARTESIAN_POINT('',(64.8908994484921,-72.4450879305708,-2.2));
#17502=CARTESIAN_POINT('Origin',(64.1415531685789,-71.1456726186785,1.8));
#17503=CARTESIAN_POINT('Origin',(34.5994767434893,-89.9135329377456,-2.2));
#17504=CARTESIAN_POINT('',(36.7711348156286,-88.6611820667749,1.8));
#17505=CARTESIAN_POINT('',(36.7711348156285,-88.6611820667749,2.15));
#17506=CARTESIAN_POINT('',(17.6788097830707,-99.6713361007504,1.8));
#17507=CARTESIAN_POINT('Origin',(37.020916908933,-89.0943205040723,2.15));
#17508=CARTESIAN_POINT('Origin',(37.020916908933,-89.0943205040723,1.8));
#17509=CARTESIAN_POINT('Origin',(70.4748639468862,-49.6426331957165,-2.2));
#17510=CARTESIAN_POINT('',(116.244661949729,-48.087432089407,-2.2));
#17511=CARTESIAN_POINT('Origin',(118.744661949729,-48.087432089407,-2.2));
#17512=CARTESIAN_POINT('',(116.244661949729,-29.087432089407,-2.2));
#17513=CARTESIAN_POINT('Origin',(118.744661949729,-29.087432089407,-2.2));
#17514=CARTESIAN_POINT('',(116.078184028008,-45.1058393115486,-2.2));
#17515=CARTESIAN_POINT('',(121.411139871449,-45.1058393115485,-2.2));
#17516=CARTESIAN_POINT('Origin',(118.744661949729,-48.087432089407,-2.2));
#17517=CARTESIAN_POINT('',(124.327571584643,-44.8371315891892,-2.2));
#17518=CARTESIAN_POINT('Origin',(122.74437883231,-43.6150429226193,-2.2));
#17519=CARTESIAN_POINT('',(124.662502208923,-44.337432089407,-2.2));
#17520=CARTESIAN_POINT('Origin',(120.765387891893,-42.0874320894069,-2.2));
#17521=CARTESIAN_POINT('',(126.683228151086,-40.837432089407,-2.2));
#17522=CARTESIAN_POINT('',(116.740437693606,-58.0588503307743,-2.2));
#17523=CARTESIAN_POINT('',(126.683228151086,-36.337432089407,-2.2));
#17524=CARTESIAN_POINT('Origin',(122.786113834056,-38.587432089407,-2.2));
#17525=CARTESIAN_POINT('',(124.662502208922,-32.837432089407,-2.2));
#17526=CARTESIAN_POINT('',(122.537843165692,-29.1574146777717,-2.2));
#17527=CARTESIAN_POINT('',(124.327571584643,-32.3377325896248,-2.2));
#17528=CARTESIAN_POINT('Origin',(120.765387891893,-35.087432089407,-2.2));
#17529=CARTESIAN_POINT('',(121.411139871449,-32.0690248672654,-2.2));
#17530=CARTESIAN_POINT('Origin',(122.74437883231,-33.5598212561947,-2.2));
#17531=CARTESIAN_POINT('',(116.078184028008,-32.0690248672654,-2.2));
#17532=CARTESIAN_POINT('Origin',(118.744661949729,-29.087432089407,-2.2));
#17533=CARTESIAN_POINT('',(113.161752314815,-32.3377325896247,-2.2));
#17534=CARTESIAN_POINT('Origin',(114.744945067148,-33.5598212561946,-2.2));
#17535=CARTESIAN_POINT('',(112.826821690535,-32.837432089407,-2.2));
#17536=CARTESIAN_POINT('Origin',(116.723936007565,-35.087432089407,-2.2));
#17537=CARTESIAN_POINT('',(110.806095748371,-36.337432089407,-2.2));
#17538=CARTESIAN_POINT('',(103.894394204136,-48.3088503307743,-2.2));
#17539=CARTESIAN_POINT('',(110.806095748372,-40.837432089407,-2.2));
#17540=CARTESIAN_POINT('Origin',(114.703210065402,-38.587432089407,-2.2));
#17541=CARTESIAN_POINT('',(112.826821690535,-44.337432089407,-2.2));
#17542=CARTESIAN_POINT('',(107.67107373406,-35.4074146777718,-2.2));
#17543=CARTESIAN_POINT('',(113.161752314815,-44.8371315891892,-2.2));
#17544=CARTESIAN_POINT('Origin',(116.723936007565,-42.087432089407,-2.2));
#17545=CARTESIAN_POINT('Origin',(114.744945067148,-43.6150429226193,-2.2));
#17546=CARTESIAN_POINT('',(116.078184028008,-26.1058393115485,-2.2));
#17547=CARTESIAN_POINT('',(121.411139871449,-26.1058393115485,-2.2));
#17548=CARTESIAN_POINT('Origin',(118.744661949729,-29.087432089407,-2.2));
#17549=CARTESIAN_POINT('',(124.327571584643,-25.8371315891892,-2.2));
#17550=CARTESIAN_POINT('Origin',(122.74437883231,-24.6150429226193,-2.2));
#17551=CARTESIAN_POINT('',(124.662502208923,-25.3374320894069,-2.2));
#17552=CARTESIAN_POINT('Origin',(120.765387891893,-23.0874320894069,-2.2));
#17553=CARTESIAN_POINT('',(126.683228151086,-21.837432089407,-2.2));
#17554=CARTESIAN_POINT('',(112.62681702563,-46.1838503307743,-2.2));
#17555=CARTESIAN_POINT('',(126.683228151086,-17.337432089407,-2.2));
#17556=CARTESIAN_POINT('Origin',(122.786113834056,-19.587432089407,-2.2));
#17557=CARTESIAN_POINT('',(124.662502208923,-13.837432089407,-2.2));
#17558=CARTESIAN_POINT('',(126.651463833669,-17.2824146777717,-2.2));
#17559=CARTESIAN_POINT('',(120.765387891893,-11.587432089407,-2.2));
#17560=CARTESIAN_POINT('Origin',(120.765387891893,-16.087432089407,-2.2));
#17561=CARTESIAN_POINT('',(116.723936007565,-11.587432089407,-2.2));
#17562=CARTESIAN_POINT('',(95.6201259193894,-11.587432089407,-2.2));
#17563=CARTESIAN_POINT('',(112.826821690535,-13.837432089407,-2.2));
#17564=CARTESIAN_POINT('Origin',(116.723936007565,-16.087432089407,-2.2));
#17565=CARTESIAN_POINT('',(110.806095748372,-17.337432089407,-2.2));
#17566=CARTESIAN_POINT('',(99.7807735361604,-36.4338503307743,-2.2));
#17567=CARTESIAN_POINT('',(110.806095748372,-21.837432089407,-2.2));
#17568=CARTESIAN_POINT('Origin',(114.703210065402,-19.587432089407,-2.2));
#17569=CARTESIAN_POINT('',(112.826821690535,-25.337432089407,-2.2));
#17570=CARTESIAN_POINT('',(111.784694402036,-23.5324146777716,-2.2));
#17571=CARTESIAN_POINT('',(113.161752314815,-25.8371315891892,-2.2));
#17572=CARTESIAN_POINT('Origin',(116.723936007565,-23.0874320894069,-2.2));
#17573=CARTESIAN_POINT('Origin',(114.744945067148,-24.6150429226193,-2.2));
#17574=CARTESIAN_POINT('',(107.247987078336,-11.5002570972791,-2.2));
#17575=CARTESIAN_POINT('',(100.849446930519,-11.5002570741559,-2.2));
#17576=CARTESIAN_POINT('',(85.6621555076229,-11.5002570192716,-2.2));
#17577=CARTESIAN_POINT('',(97.3317779317902,-11.5002570796509,-2.2));
#17578=CARTESIAN_POINT('',(82.2252470921107,-11.500257103249,-2.2));
#17579=CARTESIAN_POINT('',(95.5997271273456,-14.5002570796509,-2.2));
#17580=CARTESIAN_POINT('Origin',(97.3317779349145,-13.5002570796509,-2.2));
#17581=CARTESIAN_POINT('',(96.3718444024234,-15.8376034294873,-2.2));
#17582=CARTESIAN_POINT('',(99.4432635894688,-21.1574575127919,-2.2));
#17583=CARTESIAN_POINT('',(100.268958719453,-18.0876034294873,-2.2));
#17584=CARTESIAN_POINT('Origin',(100.268958719453,-13.5876034294873,-2.2));
#17585=CARTESIAN_POINT('',(104.310806296747,-18.0876034294873,-2.2));
#17586=CARTESIAN_POINT('',(85.3719113331698,-18.0876034294873,-2.2));
#17587=CARTESIAN_POINT('',(108.207920613777,-15.8376034294873,-2.2));
#17588=CARTESIAN_POINT('Origin',(104.310806296747,-13.5876034294874,-2.2));
#17589=CARTESIAN_POINT('',(108.980037878677,-14.5002570972791,-2.2));
#17590=CARTESIAN_POINT('',(96.1722848921047,-36.6839360008145,-2.2));
#17591=CARTESIAN_POINT('Origin',(107.247987071108,-13.5002570972791,-2.2));
#17592=CARTESIAN_POINT('',(91.6625022089225,-25.337432089407,-2.2));
#17593=CARTESIAN_POINT('',(93.6832281510863,-21.837432089407,-2.2));
#17594=CARTESIAN_POINT('',(83.7518170256296,-39.0391407495527,-2.2));
#17595=CARTESIAN_POINT('',(93.6832281510863,-17.337432089407,-2.2));
#17596=CARTESIAN_POINT('Origin',(89.7861138340561,-19.587432089407,-2.2));
#17597=CARTESIAN_POINT('',(91.6625022089225,-13.837432089407,-2.2));
#17598=CARTESIAN_POINT('',(97.7764638336685,-24.4271242589933,-2.2));
#17599=CARTESIAN_POINT('',(87.7653878918925,-11.587432089407,-2.2));
#17600=CARTESIAN_POINT('Origin',(87.7653878918925,-16.087432089407,-2.2));
#17601=CARTESIAN_POINT('',(83.7239360075652,-11.587432089407,-2.2));
#17602=CARTESIAN_POINT('',(79.1201259193894,-11.587432089407,-2.2));
#17603=CARTESIAN_POINT('',(79.8268216905352,-13.837432089407,-2.2));
#17604=CARTESIAN_POINT('Origin',(83.7239360075652,-16.087432089407,-2.2));
#17605=CARTESIAN_POINT('',(77.8060957483715,-17.337432089407,-2.2));
#17606=CARTESIAN_POINT('',(70.9057735361604,-29.2891407495526,-2.2));
#17607=CARTESIAN_POINT('',(77.8060957483715,-21.837432089407,-2.2));
#17608=CARTESIAN_POINT('Origin',(81.7032100654016,-19.587432089407,-2.2));
#17609=CARTESIAN_POINT('',(79.8268216905352,-25.337432089407,-2.2));
#17610=CARTESIAN_POINT('',(82.9096944020357,-30.6771242589934,-2.2));
#17611=CARTESIAN_POINT('',(83.7239360075652,-27.587432089407,-2.2));
#17612=CARTESIAN_POINT('Origin',(83.7239360075652,-23.087432089407,-2.2));
#17613=CARTESIAN_POINT('',(87.7653878918926,-27.587432089407,-2.2));
#17614=CARTESIAN_POINT('',(77.0993999772257,-27.587432089407,-2.2));
#17615=CARTESIAN_POINT('Origin',(87.7653878918925,-23.0874320894069,-2.2));
#17616=CARTESIAN_POINT('',(94.3509206137768,-31.3372607493267,-2.2));
#17617=CARTESIAN_POINT('',(96.3718444024234,-34.8376034294873,-2.2));
#17618=CARTESIAN_POINT('',(95.3296429214927,-33.0324575127919,-2.2));
#17619=CARTESIAN_POINT('',(100.268958719453,-37.0876034294873,-2.2));
#17620=CARTESIAN_POINT('Origin',(100.268958719453,-32.5876034294873,-2.2));
#17621=CARTESIAN_POINT('',(104.310806296747,-37.0876034294873,-2.2));
#17622=CARTESIAN_POINT('',(85.3719113331698,-37.0876034294874,-2.2));
#17623=CARTESIAN_POINT('',(108.207920613777,-34.8376034294873,-2.2));
#17624=CARTESIAN_POINT('Origin',(104.310806296747,-32.5876034294874,-2.2));
#17625=CARTESIAN_POINT('',(110.228844402423,-31.3372607493267,-2.2));
#17626=CARTESIAN_POINT('',(100.285905560081,-48.5589360008145,-2.2));
#17627=CARTESIAN_POINT('',(110.228844402423,-26.8372607493267,-2.2));
#17628=CARTESIAN_POINT('Origin',(106.331730085393,-29.0872607493267,-2.2));
#17629=CARTESIAN_POINT('',(108.207920613777,-23.336918069166,-2.2));
#17630=CARTESIAN_POINT('',(110.197104815816,-26.7822861727115,-2.2));
#17631=CARTESIAN_POINT('',(104.310806296747,-21.086918069166,-2.2));
#17632=CARTESIAN_POINT('Origin',(104.310806296747,-25.5869180691661,-2.2));
#17633=CARTESIAN_POINT('',(100.268958719453,-21.086918069166,-2.2));
#17634=CARTESIAN_POINT('',(87.3928351218164,-21.0869180691661,-2.2));
#17635=CARTESIAN_POINT('',(96.3718444024234,-23.336918069166,-2.2));
#17636=CARTESIAN_POINT('Origin',(100.268958719453,-25.586918069166,-2.2));
#17637=CARTESIAN_POINT('',(94.3509206137767,-26.8372607493267,-2.2));
#17638=CARTESIAN_POINT('',(87.439367454404,-38.8084219805735,-2.2));
#17639=CARTESIAN_POINT('Origin',(98.2480349308068,-29.0872607493267,-2.2));
#17640=CARTESIAN_POINT('',(93.6832281510863,-36.337432089407,-2.2));
#17641=CARTESIAN_POINT('',(91.6625022089226,-32.837432089407,-2.2));
#17642=CARTESIAN_POINT('',(93.6628431656924,-36.3021242589933,-2.2));
#17643=CARTESIAN_POINT('',(87.7653878918926,-30.587432089407,-2.2));
#17644=CARTESIAN_POINT('Origin',(87.7653878918926,-35.087432089407,-2.2));
#17645=CARTESIAN_POINT('',(83.7239360075652,-30.587432089407,-2.2));
#17646=CARTESIAN_POINT('',(79.1201259193894,-30.587432089407,-2.2));
#17647=CARTESIAN_POINT('',(79.8268216905352,-32.837432089407,-2.2));
#17648=CARTESIAN_POINT('Origin',(83.7239360075652,-35.087432089407,-2.2));
#17649=CARTESIAN_POINT('',(77.8060957483716,-36.337432089407,-2.2));
#17650=CARTESIAN_POINT('',(75.0193942041365,-41.1641407495527,-2.2));
#17651=CARTESIAN_POINT('',(77.8060957483716,-40.837432089407,-2.2));
#17652=CARTESIAN_POINT('Origin',(81.7032100654016,-38.587432089407,-2.2));
#17653=CARTESIAN_POINT('',(79.8268216905353,-44.337432089407,-2.2));
#17654=CARTESIAN_POINT('',(78.7960737340596,-42.5521242589933,-2.2));
#17655=CARTESIAN_POINT('',(83.7239360075653,-46.587432089407,-2.2));
#17656=CARTESIAN_POINT('Origin',(83.7239360075653,-42.0874320894069,-2.2));
#17657=CARTESIAN_POINT('',(87.7653878918926,-46.587432089407,-2.2));
#17658=CARTESIAN_POINT('',(77.0993999772257,-46.587432089407,-2.2));
#17659=CARTESIAN_POINT('',(91.6625022089226,-44.3374320894069,-2.2));
#17660=CARTESIAN_POINT('Origin',(87.7653878918926,-42.0874320894069,-2.2));
#17661=CARTESIAN_POINT('',(93.6832281510863,-40.837432089407,-2.2));
#17662=CARTESIAN_POINT('',(87.8654376936057,-50.9141407495527,-2.2));
#17663=CARTESIAN_POINT('Origin',(89.7861138340561,-38.587432089407,-2.2));
#17664=CARTESIAN_POINT('',(40.2896619497289,-25.597432089407,-2.2));
#17665=CARTESIAN_POINT('Origin',(42.7896619497289,-25.597432089407,-2.2));
#17666=CARTESIAN_POINT('',(73.1006619497289,-65.352432089407,-2.2));
#17667=CARTESIAN_POINT('Origin',(75.6006619497289,-65.352432089407,-2.2));
#17668=CARTESIAN_POINT('',(137.149764267432,-8.00025720533906,-2.2));
#17669=CARTESIAN_POINT('',(136.949764268179,-8.20023296158982,-2.2));
#17670=CARTESIAN_POINT('Origin',(137.14976426671,-8.20025720533905,-2.2));
#17671=CARTESIAN_POINT('',(136.942424491638,-68.7500795541825,-2.2));
#17672=CARTESIAN_POINT('',(136.947251981909,-28.9254617761823,-2.2));
#17673=CARTESIAN_POINT('',(136.942424491638,-69.2501909812138,-2.2));
#17674=CARTESIAN_POINT('',(136.942424491638,-59.1963563749495,-2.2));
#17675=CARTESIAN_POINT('',(137.142424491638,-69.4501909812138,-2.2));
#17676=CARTESIAN_POINT('Origin',(137.142424491638,-69.2501909812138,-2.2));
#17677=CARTESIAN_POINT('',(137.84259946372,-69.4501909812138,-2.2));
#17678=CARTESIAN_POINT('',(103.808644219262,-69.4501909812134,-2.2));
#17679=CARTESIAN_POINT('',(139.942599447441,-67.3504524610469,-2.2));
#17680=CARTESIAN_POINT('Origin',(137.84259946372,-67.3501909812138,-2.2));
#17681=CARTESIAN_POINT('',(139.949727877555,-10.1005186877015,-2.2));
#17682=CARTESIAN_POINT('',(139.943701346456,-58.5008678255884,-2.2));
#17683=CARTESIAN_POINT('',(137.849727901423,-8.00025720786861,-2.2));
#17684=CARTESIAN_POINT('Origin',(137.849727893834,-10.1002572078687,-2.2));
#17685=CARTESIAN_POINT('',(104.162295999399,-8.00025708612773,-2.2));
#17686=CARTESIAN_POINT('',(94.3509206137768,-50.3372607493267,-2.2));
#17687=CARTESIAN_POINT('',(96.3718444024234,-53.8376034294873,-2.2));
#17688=CARTESIAN_POINT('',(91.2160222535167,-44.9074575127919,-2.2));
#17689=CARTESIAN_POINT('',(100.268958719453,-56.0876034294873,-2.2));
#17690=CARTESIAN_POINT('Origin',(100.268958719453,-51.5876034294873,-2.2));
#17691=CARTESIAN_POINT('',(104.310806296747,-56.0876034294873,-2.2));
#17692=CARTESIAN_POINT('',(85.3719113331698,-56.0876034294874,-2.2));
#17693=CARTESIAN_POINT('',(108.207920613777,-53.8376034294873,-2.2));
#17694=CARTESIAN_POINT('Origin',(104.310806296747,-51.5876034294874,-2.2));
#17695=CARTESIAN_POINT('',(110.228844402423,-50.3372607493267,-2.2));
#17696=CARTESIAN_POINT('',(104.399526228057,-60.4339360008144,-2.2));
#17697=CARTESIAN_POINT('',(110.228844402423,-45.8372607493267,-2.2));
#17698=CARTESIAN_POINT('Origin',(106.331730085393,-48.0872607493267,-2.2));
#17699=CARTESIAN_POINT('',(108.207920613777,-42.336918069166,-2.2));
#17700=CARTESIAN_POINT('',(106.08348414784,-38.6572861727115,-2.2));
#17701=CARTESIAN_POINT('',(104.310806296747,-40.086918069166,-2.2));
#17702=CARTESIAN_POINT('Origin',(104.310806296747,-44.586918069166,-2.2));
#17703=CARTESIAN_POINT('',(100.268958719453,-40.086918069166,-2.2));
#17704=CARTESIAN_POINT('',(87.3928351218165,-40.0869180691661,-2.2));
#17705=CARTESIAN_POINT('',(96.3718444024234,-42.336918069166,-2.2));
#17706=CARTESIAN_POINT('Origin',(100.268958719453,-44.586918069166,-2.2));
#17707=CARTESIAN_POINT('',(94.3509206137767,-45.8372607493267,-2.2));
#17708=CARTESIAN_POINT('',(91.5529881223801,-50.6834219805735,-2.2));
#17709=CARTESIAN_POINT('Origin',(98.2480349308068,-48.0872607493267,-2.2));
#17710=CARTESIAN_POINT('',(67.2689587194534,-37.0876034294873,-2.2));
#17711=CARTESIAN_POINT('',(71.3108062967468,-37.0876034294873,-2.2));
#17712=CARTESIAN_POINT('',(68.8719113331698,-37.0876034294873,-2.2));
#17713=CARTESIAN_POINT('',(75.2079206137767,-34.8376034294873,-2.2));
#17714=CARTESIAN_POINT('Origin',(71.3108062967468,-32.5876034294874,-2.2));
#17715=CARTESIAN_POINT('',(77.2288444024234,-31.3372607493267,-2.2));
#17716=CARTESIAN_POINT('',(71.4109055600806,-41.4142264195929,-2.2));
#17717=CARTESIAN_POINT('',(77.2288444024234,-26.8372607493267,-2.2));
#17718=CARTESIAN_POINT('Origin',(73.3317300853934,-29.0872607493267,-2.2));
#17719=CARTESIAN_POINT('',(75.2079206137767,-23.336918069166,-2.2));
#17720=CARTESIAN_POINT('',(81.3221048158161,-33.9269957539331,-2.2));
#17721=CARTESIAN_POINT('',(71.3108062967467,-21.086918069166,-2.2));
#17722=CARTESIAN_POINT('Origin',(71.3108062967467,-25.5869180691661,-2.2));
#17723=CARTESIAN_POINT('',(67.2689587194534,-21.086918069166,-2.2));
#17724=CARTESIAN_POINT('',(70.8928351218164,-21.086918069166,-2.2));
#17725=CARTESIAN_POINT('',(67.1722899328396,-21.0879565061279,-2.2));
#17726=CARTESIAN_POINT('Origin',(67.2689587194534,-25.586918069166,-2.2));
#17727=CARTESIAN_POINT('',(64.9822764380512,-22.4847791032706,-2.2));
#17728=CARTESIAN_POINT('Origin',(67.2259948142917,-23.5873795967046,-2.2));
#17729=CARTESIAN_POINT('',(63.1484185504107,-24.4229417993706,-2.2));
#17730=CARTESIAN_POINT('Origin',(60.9435833608184,-20.5000982150895,-2.2));
#17731=CARTESIAN_POINT('',(62.2082634796119,-25.3522993461935,-2.2));
#17732=CARTESIAN_POINT('Origin',(64.373326989073,-26.6022993461935,-2.2));
#17733=CARTESIAN_POINT('',(61.3509206137767,-26.8372607493267,-2.2));
#17734=CARTESIAN_POINT('',(58.564367454404,-31.6637123993519,-2.2));
#17735=CARTESIAN_POINT('',(61.3509206137768,-31.3372607493267,-2.2));
#17736=CARTESIAN_POINT('Origin',(65.2480349308068,-29.0872607493267,-2.2));
#17737=CARTESIAN_POINT('',(63.3718444024234,-34.8376034294873,-2.2));
#17738=CARTESIAN_POINT('',(66.4546429214927,-40.1771670940135,-2.2));
#17739=CARTESIAN_POINT('Origin',(67.2689587194534,-32.5876034294873,-2.2));
#17740=CARTESIAN_POINT('',(74.4796548804756,-73.7826619036626,-2.2));
#17741=CARTESIAN_POINT('',(75.2079206137767,-72.8376034294873,-2.2));
#17742=CARTESIAN_POINT('Origin',(71.3108062967468,-70.5876034294874,-2.2));
#17743=CARTESIAN_POINT('',(75.6303854098217,-72.1058729383282,-2.2));
#17744=CARTESIAN_POINT('',(79.6381468960328,-65.1642264195928,-2.2));
#17745=CARTESIAN_POINT('',(74.4657770514115,-69.1880593220211,-2.2));
#17746=CARTESIAN_POINT('Origin',(73.8983346022528,-71.1058729383282,-2.2));
#17747=CARTESIAN_POINT('',(72.7869201666472,-62.5093954772368,-2.2));
#17748=CARTESIAN_POINT('Origin',(75.6006619497289,-65.352432089407,-2.2));
#17749=CARTESIAN_POINT('',(71.4354436577939,-59.0886444527404,-2.2));
#17750=CARTESIAN_POINT('Origin',(71.3800492751063,-61.0878771711518,-2.2));
#17751=CARTESIAN_POINT('',(71.3108062967467,-59.086918069166,-2.2));
#17752=CARTESIAN_POINT('Origin',(71.3108062967467,-63.586918069166,-2.2));
#17753=CARTESIAN_POINT('',(67.2689587194534,-59.086918069166,-2.2));
#17754=CARTESIAN_POINT('',(70.8928351218165,-59.086918069166,-2.2));
#17755=CARTESIAN_POINT('',(66.0998914136485,-59.2414282654157,-2.2));
#17756=CARTESIAN_POINT('Origin',(67.2689587194534,-63.586918069166,-2.2));
#17757=CARTESIAN_POINT('',(64.5836810637196,-62.9044997340212,-2.2));
#17758=CARTESIAN_POINT('Origin',(66.7493732502068,-61.6555892674992,-2.2));
#17759=CARTESIAN_POINT('',(70.5534912585835,-73.2565398845317,-2.2));
#17760=CARTESIAN_POINT('',(68.0397991042559,-68.8976337789389,-2.2));
#17761=CARTESIAN_POINT('Origin',(72.7191834450707,-72.0076294180097,-2.2));
#17762=CARTESIAN_POINT('',(12.1520262130136,-73.738262948761,-2.2));
#17763=CARTESIAN_POINT('',(14.9288175268735,-76.4437005097743,-2.2));
#17764=CARTESIAN_POINT('Origin',(13.8840770205825,-74.738262948761,-2.2));
#17765=CARTESIAN_POINT('',(22.6183663429204,-75.1313103792419,-2.2));
#17766=CARTESIAN_POINT('Origin',(20.4137051849012,-85.3972477050939,-2.2));
#17767=CARTESIAN_POINT('',(25.0370885176368,-73.1062398602998,-2.2));
#17768=CARTESIAN_POINT('Origin',(23.0383018015907,-73.1758937457462,-2.2));
#17769=CARTESIAN_POINT('',(25.2264309899609,-71.7432585393681,-2.2));
#17770=CARTESIAN_POINT('Origin',(29.0346619497289,-72.966932089407,-2.2));
#17771=CARTESIAN_POINT('',(24.5678576046244,-69.566613504302,-2.2));
#17772=CARTESIAN_POINT('Origin',(23.322315510077,-71.1314217643487,-2.2));
#17773=CARTESIAN_POINT('',(21.7653878918926,-68.587432089407,-2.2));
#17774=CARTESIAN_POINT('Origin',(21.7653878918926,-73.087432089407,-2.2));
#17775=CARTESIAN_POINT('',(17.7239360075652,-68.587432089407,-2.2));
#17776=CARTESIAN_POINT('',(46.1201259193894,-68.5874320894069,-2.2));
#17777=CARTESIAN_POINT('',(13.8268216905352,-70.837432089407,-2.2));
#17778=CARTESIAN_POINT('Origin',(17.7239360075652,-73.087432089407,-2.2));
#17779=CARTESIAN_POINT('',(25.4966355400887,-50.6247215871095,-2.2));
#17780=CARTESIAN_POINT('',(3.00032180301607,-61.0869306921537,-2.2));
#17781=CARTESIAN_POINT('',(3.0003633985465,-67.6773720993589,-2.2));
#17782=CARTESIAN_POINT('',(3.00027937751966,-54.3649885652482,-2.2));
#17783=CARTESIAN_POINT('',(3.2678096493169,-68.6764878495888,-2.2));
#17784=CARTESIAN_POINT('Origin',(5.00036339850667,-67.6773594763712,-2.2));
#17785=CARTESIAN_POINT('',(5.70444202667463,-72.9017672770893,-2.2));
#17786=CARTESIAN_POINT('',(14.9156874685642,-88.8746675097779,-2.2));
#17787=CARTESIAN_POINT('',(9.13794735915855,-72.9546672833792,-2.2));
#17788=CARTESIAN_POINT('Origin',(7.43699577586442,-71.9026389038717,-2.2));
#17789=CARTESIAN_POINT('',(9.20792061377675,-72.8376034294873,-2.2));
#17790=CARTESIAN_POINT('Origin',(5.31080629674678,-70.5876034294874,-2.2));
#17791=CARTESIAN_POINT('',(11.2288444024234,-69.3372607493267,-2.2));
#17792=CARTESIAN_POINT('',(21.8881468960326,-50.8748072571497,-2.2));
#17793=CARTESIAN_POINT('',(11.2288444024234,-64.8372607493267,-2.2));
#17794=CARTESIAN_POINT('Origin',(7.33173008539344,-67.0872607493267,-2.2));
#17795=CARTESIAN_POINT('',(9.20792061377672,-61.336918069166,-2.2));
#17796=CARTESIAN_POINT('',(15.3448634798639,-71.9664149163764,-2.2));
#17797=CARTESIAN_POINT('',(5.31080629674674,-59.086918069166,-2.2));
#17798=CARTESIAN_POINT('Origin',(5.31080629674673,-63.586918069166,-2.2));
#17799=CARTESIAN_POINT('',(5.00032180297623,-59.086918069166,-2.2));
#17800=CARTESIAN_POINT('',(37.8928351218165,-59.0869180691659,-2.2));
#17801=CARTESIAN_POINT('Origin',(5.00032180297624,-61.086918069166,-2.2));
#17802=CARTESIAN_POINT('',(11.8060957483716,-40.837432089407,-2.2));
#17803=CARTESIAN_POINT('',(13.8268216905353,-44.337432089407,-2.2));
#17804=CARTESIAN_POINT('',(21.0460737340598,-56.8415434214367,-2.2));
#17805=CARTESIAN_POINT('',(17.7239360075653,-46.587432089407,-2.2));
#17806=CARTESIAN_POINT('Origin',(17.7239360075653,-42.0874320894069,-2.2));
#17807=CARTESIAN_POINT('',(21.7653878918926,-46.587432089407,-2.2));
#17808=CARTESIAN_POINT('',(44.0993999772257,-46.5874320894069,-2.2));
#17809=CARTESIAN_POINT('',(25.6625022089226,-44.3374320894069,-2.2));
#17810=CARTESIAN_POINT('Origin',(21.7653878918926,-42.0874320894069,-2.2));
#17811=CARTESIAN_POINT('',(27.6832281510863,-40.837432089407,-2.2));
#17812=CARTESIAN_POINT('',(30.1154376936057,-36.6247215871095,-2.2));
#17813=CARTESIAN_POINT('',(27.6832281510863,-36.337432089407,-2.2));
#17814=CARTESIAN_POINT('Origin',(23.7861138340561,-38.587432089407,-2.2));
#17815=CARTESIAN_POINT('',(25.6625022089226,-32.837432089407,-2.2));
#17816=CARTESIAN_POINT('',(35.9128431656925,-50.5915434214366,-2.2));
#17817=CARTESIAN_POINT('',(21.7653878918926,-30.587432089407,-2.2));
#17818=CARTESIAN_POINT('Origin',(21.7653878918926,-35.087432089407,-2.2));
#17819=CARTESIAN_POINT('',(17.7239360075652,-30.587432089407,-2.2));
#17820=CARTESIAN_POINT('',(46.1201259193894,-30.5874320894069,-2.2));
#17821=CARTESIAN_POINT('',(13.8268216905352,-32.837432089407,-2.2));
#17822=CARTESIAN_POINT('Origin',(17.7239360075652,-35.087432089407,-2.2));
#17823=CARTESIAN_POINT('',(11.8060957483716,-36.337432089407,-2.2));
#17824=CARTESIAN_POINT('',(17.2693942041365,-26.8747215871095,-2.2));
#17825=CARTESIAN_POINT('Origin',(15.7032100654017,-38.587432089407,-2.2));
#17826=CARTESIAN_POINT('',(42.4344689620808,-61.7293113187996,-2.2));
#17827=CARTESIAN_POINT('',(42.2079206137767,-61.336918069166,-2.2));
#17828=CARTESIAN_POINT('',(44.2198634798639,-64.8217053351548,-2.2));
#17829=CARTESIAN_POINT('',(38.3108062967467,-59.086918069166,-2.2));
#17830=CARTESIAN_POINT('Origin',(38.3108062967467,-63.586918069166,-2.2));
#17831=CARTESIAN_POINT('',(34.2689587194534,-59.086918069166,-2.2));
#17832=CARTESIAN_POINT('',(54.3928351218165,-59.0869180691659,-2.2));
#17833=CARTESIAN_POINT('',(30.3718444024234,-61.336918069166,-2.2));
#17834=CARTESIAN_POINT('Origin',(34.2689587194534,-63.586918069166,-2.2));
#17835=CARTESIAN_POINT('',(28.3509206137767,-64.8372607493267,-2.2));
#17836=CARTESIAN_POINT('',(37.9166087903561,-48.2690028181303,-2.2));
#17837=CARTESIAN_POINT('',(27.7502046752988,-66.9475360462929,-2.2));
#17838=CARTESIAN_POINT('Origin',(32.2480349308068,-67.0872607493267,-2.2));
#17839=CARTESIAN_POINT('',(29.5110475461853,-68.9954013060076,-2.2));
#17840=CARTESIAN_POINT('Origin',(29.7492403444135,-67.0096359143079,-2.2));
#17841=CARTESIAN_POINT('',(31.1631249830247,-69.5802456386275,-2.2));
#17842=CARTESIAN_POINT('Origin',(29.0346619497289,-72.966932089407,-2.2));
#17843=CARTESIAN_POINT('',(33.7423248453565,-69.6292587933775,-2.2));
#17844=CARTESIAN_POINT('Origin',(32.4934143788345,-67.4635666068903,-2.2));
#17845=CARTESIAN_POINT('',(41.5183159191417,-65.1450035052868,-2.2));
#17846=CARTESIAN_POINT('',(55.8987440895337,-56.8521041878628,-2.2));
#17847=CARTESIAN_POINT('Origin',(40.2694054526197,-62.9793113187996,-2.2));
#17848=CARTESIAN_POINT('',(44.8060957483716,-59.837432089407,-2.2));
#17849=CARTESIAN_POINT('',(45.0344093892141,-60.2328829154074,-2.2));
#17850=CARTESIAN_POINT('',(45.8074530660836,-61.571833840215,-2.2));
#17851=CARTESIAN_POINT('',(48.4483833651973,-61.1485751018946,-2.2));
#17852=CARTESIAN_POINT('Origin',(47.1994728986753,-58.9828829154074,-2.2));
#17853=CARTESIAN_POINT('',(57.9774301919796,-55.6533683535846,-2.2));
#17854=CARTESIAN_POINT('',(55.8987440895337,-56.8521041878628,-2.2));
#17855=CARTESIAN_POINT('',(58.8935832349187,-52.2376761670974,-2.2));
#17856=CARTESIAN_POINT('Origin',(56.7285197254576,-53.4876761670974,-2.2));
#17857=CARTESIAN_POINT('',(58.6625022089226,-51.837432089407,-2.2));
#17858=CARTESIAN_POINT('',(60.6742224977164,-55.321833840215,-2.2));
#17859=CARTESIAN_POINT('',(54.7653878918926,-49.587432089407,-2.2));
#17860=CARTESIAN_POINT('Origin',(54.7653878918926,-54.087432089407,-2.2));
#17861=CARTESIAN_POINT('',(50.7239360075652,-49.587432089407,-2.2));
#17862=CARTESIAN_POINT('',(62.6201259193894,-49.587432089407,-2.2));
#17863=CARTESIAN_POINT('',(46.8268216905352,-51.837432089407,-2.2));
#17864=CARTESIAN_POINT('Origin',(50.7239360075652,-54.087432089407,-2.2));
#17865=CARTESIAN_POINT('',(44.8060957483716,-55.337432089407,-2.2));
#17866=CARTESIAN_POINT('',(50.2580148721126,-45.8944311683311,-2.2));
#17867=CARTESIAN_POINT('Origin',(48.7032100654017,-57.587432089407,-2.2));
#17868=CARTESIAN_POINT('',(67.2689587194534,-56.0876034294873,-2.2));
#17869=CARTESIAN_POINT('',(71.3108062967468,-56.0876034294873,-2.2));
#17870=CARTESIAN_POINT('',(68.8719113331698,-56.0876034294873,-2.2));
#17871=CARTESIAN_POINT('',(75.2079206137767,-53.8376034294873,-2.2));
#17872=CARTESIAN_POINT('Origin',(71.3108062967468,-51.5876034294874,-2.2));
#17873=CARTESIAN_POINT('',(77.2288444024234,-50.3372607493267,-2.2));
#17874=CARTESIAN_POINT('',(75.5245262280567,-53.2892264195928,-2.2));
#17875=CARTESIAN_POINT('',(77.2288444024234,-45.8372607493267,-2.2));
#17876=CARTESIAN_POINT('Origin',(73.3317300853934,-48.0872607493267,-2.2));
#17877=CARTESIAN_POINT('',(75.2079206137767,-42.336918069166,-2.2));
#17878=CARTESIAN_POINT('',(77.20848414784,-45.8019957539331,-2.2));
#17879=CARTESIAN_POINT('',(71.3108062967467,-40.086918069166,-2.2));
#17880=CARTESIAN_POINT('Origin',(71.3108062967467,-44.586918069166,-2.2));
#17881=CARTESIAN_POINT('',(67.2689587194534,-40.086918069166,-2.2));
#17882=CARTESIAN_POINT('',(70.8928351218165,-40.086918069166,-2.2));
#17883=CARTESIAN_POINT('',(63.3718444024234,-42.336918069166,-2.2));
#17884=CARTESIAN_POINT('Origin',(67.2689587194534,-44.586918069166,-2.2));
#17885=CARTESIAN_POINT('',(61.3509206137767,-45.8372607493267,-2.2));
#17886=CARTESIAN_POINT('',(62.67798812238,-43.5387123993519,-2.2));
#17887=CARTESIAN_POINT('',(61.3509206137768,-50.3372607493267,-2.2));
#17888=CARTESIAN_POINT('Origin',(65.2480349308068,-48.0872607493267,-2.2));
#17889=CARTESIAN_POINT('',(63.3718444024234,-53.8376034294873,-2.2));
#17890=CARTESIAN_POINT('',(62.3410222535167,-52.0521670940135,-2.2));
#17891=CARTESIAN_POINT('Origin',(67.2689587194534,-51.5876034294873,-2.2));
#17892=CARTESIAN_POINT('',(126.683228151086,-55.337432089407,-2.2));
#17893=CARTESIAN_POINT('',(124.662502208922,-51.837432089407,-2.2));
#17894=CARTESIAN_POINT('',(118.424222497716,-41.0324146777717,-2.2));
#17895=CARTESIAN_POINT('',(124.327571584643,-51.3377325896248,-2.2));
#17896=CARTESIAN_POINT('Origin',(120.765387891893,-54.087432089407,-2.2));
#17897=CARTESIAN_POINT('',(121.411139871449,-51.0690248672654,-2.2));
#17898=CARTESIAN_POINT('Origin',(122.74437883231,-52.5598212561947,-2.2));
#17899=CARTESIAN_POINT('',(116.078184028008,-51.0690248672654,-2.2));
#17900=CARTESIAN_POINT('Origin',(118.744661949729,-48.087432089407,-2.2));
#17901=CARTESIAN_POINT('',(113.161752314815,-51.3377325896247,-2.2));
#17902=CARTESIAN_POINT('Origin',(114.744945067148,-52.5598212561946,-2.2));
#17903=CARTESIAN_POINT('',(112.826821690535,-51.837432089407,-2.2));
#17904=CARTESIAN_POINT('Origin',(116.723936007565,-54.087432089407,-2.2));
#17905=CARTESIAN_POINT('',(110.806095748371,-55.337432089407,-2.2));
#17906=CARTESIAN_POINT('',(108.008014872113,-60.1838503307744,-2.2));
#17907=CARTESIAN_POINT('',(110.806095748372,-59.837432089407,-2.2));
#17908=CARTESIAN_POINT('Origin',(114.703210065402,-57.587432089407,-2.2));
#17909=CARTESIAN_POINT('',(112.826821690535,-63.337432089407,-2.2));
#17910=CARTESIAN_POINT('',(103.557453066083,-47.2824146777718,-2.2));
#17911=CARTESIAN_POINT('',(116.723936007565,-65.587432089407,-2.2));
#17912=CARTESIAN_POINT('Origin',(116.723936007565,-61.087432089407,-2.2));
#17913=CARTESIAN_POINT('',(120.765387891893,-65.587432089407,-2.2));
#17914=CARTESIAN_POINT('',(93.5993999772257,-65.5874320894069,-2.2));
#17915=CARTESIAN_POINT('',(124.662502208923,-63.337432089407,-2.2));
#17916=CARTESIAN_POINT('Origin',(120.765387891893,-61.0874320894069,-2.2));
#17917=CARTESIAN_POINT('',(126.683228151086,-59.837432089407,-2.2));
#17918=CARTESIAN_POINT('',(120.854058361582,-69.9338503307743,-2.2));
#17919=CARTESIAN_POINT('Origin',(122.786113834056,-57.587432089407,-2.2));
#17920=CARTESIAN_POINT('',(93.6832281510863,-55.337432089407,-2.2));
#17921=CARTESIAN_POINT('',(91.6625022089226,-51.837432089407,-2.2));
#17922=CARTESIAN_POINT('',(89.5492224977164,-48.1771242589934,-2.2));
#17923=CARTESIAN_POINT('',(87.7653878918926,-49.587432089407,-2.2));
#17924=CARTESIAN_POINT('Origin',(87.7653878918926,-54.087432089407,-2.2));
#17925=CARTESIAN_POINT('',(83.7239360075652,-49.587432089407,-2.2));
#17926=CARTESIAN_POINT('',(79.1201259193894,-49.587432089407,-2.2));
#17927=CARTESIAN_POINT('',(79.8268216905352,-51.837432089407,-2.2));
#17928=CARTESIAN_POINT('Origin',(83.7239360075652,-54.087432089407,-2.2));
#17929=CARTESIAN_POINT('',(77.8060957483715,-55.337432089407,-2.2));
#17930=CARTESIAN_POINT('',(79.1330148721126,-53.0391407495527,-2.2));
#17931=CARTESIAN_POINT('',(77.8060957483716,-59.837432089407,-2.2));
#17932=CARTESIAN_POINT('Origin',(81.7032100654016,-57.587432089407,-2.2));
#17933=CARTESIAN_POINT('',(79.8268216905353,-63.337432089407,-2.2));
#17934=CARTESIAN_POINT('',(74.6824530660835,-54.4271242589934,-2.2));
#17935=CARTESIAN_POINT('',(83.7239360075653,-65.587432089407,-2.2));
#17936=CARTESIAN_POINT('Origin',(83.7239360075653,-61.0874320894069,-2.2));
#17937=CARTESIAN_POINT('',(87.7653878918926,-65.587432089407,-2.2));
#17938=CARTESIAN_POINT('',(77.0993999772258,-65.587432089407,-2.2));
#17939=CARTESIAN_POINT('',(91.6625022089226,-63.337432089407,-2.2));
#17940=CARTESIAN_POINT('Origin',(87.7653878918926,-61.0874320894069,-2.2));
#17941=CARTESIAN_POINT('',(93.6832281510863,-59.837432089407,-2.2));
#17942=CARTESIAN_POINT('',(91.9790583615818,-62.7891407495527,-2.2));
#17943=CARTESIAN_POINT('Origin',(89.7861138340561,-57.587432089407,-2.2));
#17944=CARTESIAN_POINT('',(58.6625022089226,-44.3374320894069,-2.2));
#17945=CARTESIAN_POINT('',(60.6832281510863,-40.837432089407,-2.2));
#17946=CARTESIAN_POINT('',(58.9904376936057,-43.7694311683311,-2.2));
#17947=CARTESIAN_POINT('',(60.6832281510863,-36.337432089407,-2.2));
#17948=CARTESIAN_POINT('Origin',(56.7861138340561,-38.587432089407,-2.2));
#17949=CARTESIAN_POINT('',(58.6625022089226,-32.837432089407,-2.2));
#17950=CARTESIAN_POINT('',(64.7878431656925,-43.446833840215,-2.2));
#17951=CARTESIAN_POINT('',(54.7653878918926,-30.587432089407,-2.2));
#17952=CARTESIAN_POINT('Origin',(54.7653878918926,-35.087432089407,-2.2));
#17953=CARTESIAN_POINT('',(50.7239360075652,-30.587432089407,-2.2));
#17954=CARTESIAN_POINT('',(62.6201259193894,-30.587432089407,-2.2));
#17955=CARTESIAN_POINT('',(46.8268216905352,-32.837432089407,-2.2));
#17956=CARTESIAN_POINT('Origin',(50.7239360075652,-35.087432089407,-2.2));
#17957=CARTESIAN_POINT('',(44.8060957483716,-36.337432089407,-2.2));
#17958=CARTESIAN_POINT('',(46.1443942041365,-34.0194311683311,-2.2));
#17959=CARTESIAN_POINT('',(44.8060957483716,-40.837432089407,-2.2));
#17960=CARTESIAN_POINT('Origin',(48.7032100654017,-38.587432089407,-2.2));
#17961=CARTESIAN_POINT('',(46.8268216905353,-44.337432089407,-2.2));
#17962=CARTESIAN_POINT('',(49.9210737340597,-49.696833840215,-2.2));
#17963=CARTESIAN_POINT('',(50.7239360075653,-46.587432089407,-2.2));
#17964=CARTESIAN_POINT('Origin',(50.7239360075653,-42.0874320894069,-2.2));
#17965=CARTESIAN_POINT('',(54.7653878918926,-46.587432089407,-2.2));
#17966=CARTESIAN_POINT('',(60.5993999772257,-46.5874320894069,-2.2));
#17967=CARTESIAN_POINT('Origin',(54.7653878918926,-42.0874320894069,-2.2));
#17968=CARTESIAN_POINT('',(42.1400359572725,-29.544327840491,-2.2));
#17969=CARTESIAN_POINT('',(38.9648665278048,-26.7683035513654,-2.2));
#17970=CARTESIAN_POINT('Origin',(42.7896619497289,-25.597432089407,-2.2));
#17971=CARTESIAN_POINT('',(36.5743693891023,-25.0000982150895,-2.2));
#17972=CARTESIAN_POINT('Origin',(36.5743693891023,-27.5000982150895,-2.2));
#17973=CARTESIAN_POINT('',(30.8549825704378,-25.0000982150895,-2.2));
#17974=CARTESIAN_POINT('',(7.94358336081839,-25.0000982150895,-2.2));
#17975=CARTESIAN_POINT('',(28.6899190609767,-26.2500982150895,-2.2));
#17976=CARTESIAN_POINT('Origin',(30.8549825704378,-27.5000982150895,-2.2));
#17977=CARTESIAN_POINT('',(28.3509206137767,-26.8372607493267,-2.2));
#17978=CARTESIAN_POINT('',(29.6893674544039,-24.5190028181303,-2.2));
#17979=CARTESIAN_POINT('',(28.3509206137768,-31.3372607493267,-2.2));
#17980=CARTESIAN_POINT('Origin',(32.2480349308068,-29.0872607493267,-2.2));
#17981=CARTESIAN_POINT('',(30.3718444024234,-34.8376034294873,-2.2));
#17982=CARTESIAN_POINT('',(37.5796429214927,-47.3218766752351,-2.2));
#17983=CARTESIAN_POINT('',(34.2689587194534,-37.0876034294873,-2.2));
#17984=CARTESIAN_POINT('Origin',(34.2689587194534,-32.5876034294873,-2.2));
#17985=CARTESIAN_POINT('',(38.3108062967468,-37.0876034294873,-2.2));
#17986=CARTESIAN_POINT('',(52.3719113331698,-37.0876034294873,-2.2));
#17987=CARTESIAN_POINT('',(42.2079206137767,-34.8376034294873,-2.2));
#17988=CARTESIAN_POINT('Origin',(38.3108062967468,-32.5876034294874,-2.2));
#17989=CARTESIAN_POINT('',(43.5472737686132,-32.517775716033,-2.2));
#17990=CARTESIAN_POINT('',(42.5359055600806,-34.2695168383713,-2.2));
#17991=CARTESIAN_POINT('Origin',(41.8152229610443,-31.517775716033,-2.2));
#17992=CARTESIAN_POINT('',(127.350920613777,-50.3372607493267,-2.2));
#17993=CARTESIAN_POINT('',(129.371844402423,-53.8376034294873,-2.2));
#17994=CARTESIAN_POINT('',(120.091022253517,-37.7627479315703,-2.2));
#17995=CARTESIAN_POINT('',(133.268958719453,-56.0876034294873,-2.2));
#17996=CARTESIAN_POINT('Origin',(133.268958719453,-51.5876034294873,-2.2));
#17997=CARTESIAN_POINT('',(133.944201836582,-56.0876034294873,-2.2));
#17998=CARTESIAN_POINT('',(101.87191133317,-56.0876034294874,-2.2));
#17999=CARTESIAN_POINT('',(135.944201821888,-54.0878458669798,-2.2));
#18000=CARTESIAN_POINT('Origin',(133.944201836582,-54.0876034294873,-2.2));
#18001=CARTESIAN_POINT('',(135.945656529932,-42.0871605066584,-2.2));
#18002=CARTESIAN_POINT('',(135.944349558384,-52.8690864007579,-2.2));
#18003=CARTESIAN_POINT('',(133.945656544626,-40.086918069166,-2.2));
#18004=CARTESIAN_POINT('Origin',(133.945656544626,-42.086918069166,-2.2));
#18005=CARTESIAN_POINT('',(133.268958719453,-40.086918069166,-2.2));
#18006=CARTESIAN_POINT('',(103.21038147185,-40.0869180691662,-2.2));
#18007=CARTESIAN_POINT('',(129.371844402423,-42.336918069166,-2.2));
#18008=CARTESIAN_POINT('Origin',(133.268958719453,-44.586918069166,-2.2));
#18009=CARTESIAN_POINT('',(127.350920613777,-45.8372607493267,-2.2));
#18010=CARTESIAN_POINT('',(120.42798812238,-57.8281315617951,-2.2));
#18011=CARTESIAN_POINT('Origin',(131.248034930807,-48.0872607493267,-2.2));
#18012=CARTESIAN_POINT('',(11.2288444024234,-26.8372607493267,-2.2));
#18013=CARTESIAN_POINT('',(10.8898459552235,-26.2500982150894,-2.2));
#18014=CARTESIAN_POINT('',(23.5721048158161,-48.2164149163764,-2.2));
#18015=CARTESIAN_POINT('',(8.7247824457624,-25.0000982150895,-2.2));
#18016=CARTESIAN_POINT('Origin',(8.7247824457624,-27.5000982150895,-2.2));
#18017=CARTESIAN_POINT('',(5.50010981997912,-25.0000982150895,-2.2));
#18018=CARTESIAN_POINT('',(7.94358336081839,-25.0000982150895,-2.2));
#18019=CARTESIAN_POINT('',(3.00010982002891,-27.5001139938241,-2.2));
#18020=CARTESIAN_POINT('Origin',(5.50010981997912,-27.5000982150895,-2.2));
#18021=CARTESIAN_POINT('',(3.00015770850151,-35.087616052475,-2.2));
#18022=CARTESIAN_POINT('',(3.00015945913643,-35.3649885652482,-2.2));
#18023=CARTESIAN_POINT('',(5.00015770846169,-37.0876034294873,-2.2));
#18024=CARTESIAN_POINT('Origin',(5.00015770846168,-35.0876034294873,-2.2));
#18025=CARTESIAN_POINT('',(5.31080629674676,-37.0876034294873,-2.2));
#18026=CARTESIAN_POINT('',(36.7375171391479,-37.0876034294873,-2.2));
#18027=CARTESIAN_POINT('',(9.20792061377675,-34.8376034294873,-2.2));
#18028=CARTESIAN_POINT('Origin',(5.31080629674678,-32.5876034294874,-2.2));
#18029=CARTESIAN_POINT('',(11.2288444024234,-31.3372607493267,-2.2));
#18030=CARTESIAN_POINT('',(13.6609055600805,-27.1248072571498,-2.2));
#18031=CARTESIAN_POINT('Origin',(7.33173008539344,-29.0872607493267,-2.2));
#18032=CARTESIAN_POINT('',(11.2288444024234,-45.8372607493267,-2.2));
#18033=CARTESIAN_POINT('',(9.20792061377672,-42.336918069166,-2.2));
#18034=CARTESIAN_POINT('',(19.45848414784,-60.0914149163764,-2.2));
#18035=CARTESIAN_POINT('',(5.31080629674674,-40.086918069166,-2.2));
#18036=CARTESIAN_POINT('Origin',(5.31080629674673,-44.586918069166,-2.2));
#18037=CARTESIAN_POINT('',(5.00020188459301,-40.086918069166,-2.2));
#18038=CARTESIAN_POINT('',(37.8928351218165,-40.0869180691659,-2.2));
#18039=CARTESIAN_POINT('',(3.00020188463284,-42.0869306921537,-2.2));
#18040=CARTESIAN_POINT('Origin',(5.00020188459301,-42.086918069166,-2.2));
#18041=CARTESIAN_POINT('',(3.00027762688474,-54.087616052475,-2.2));
#18042=CARTESIAN_POINT('',(3.00021941832805,-44.8649885652482,-2.2));
#18043=CARTESIAN_POINT('',(5.00027762684491,-56.0876034294873,-2.2));
#18044=CARTESIAN_POINT('Origin',(5.00027762684491,-54.0876034294873,-2.2));
#18045=CARTESIAN_POINT('',(5.31080629674676,-56.0876034294873,-2.2));
#18046=CARTESIAN_POINT('',(36.7375770983395,-56.0876034294873,-2.2));
#18047=CARTESIAN_POINT('',(9.20792061377675,-53.8376034294873,-2.2));
#18048=CARTESIAN_POINT('Origin',(5.31080629674678,-51.5876034294874,-2.2));
#18049=CARTESIAN_POINT('',(11.2288444024234,-50.3372607493267,-2.2));
#18050=CARTESIAN_POINT('',(17.7745262280566,-38.9998072571497,-2.2));
#18051=CARTESIAN_POINT('Origin',(7.33173008539344,-48.0872607493267,-2.2));
#18052=CARTESIAN_POINT('',(127.350920613777,-31.3372607493267,-2.2));
#18053=CARTESIAN_POINT('',(129.371844402423,-34.8376034294873,-2.2));
#18054=CARTESIAN_POINT('',(124.204642921493,-25.8877479315703,-2.2));
#18055=CARTESIAN_POINT('',(133.268958719453,-37.0876034294873,-2.2));
#18056=CARTESIAN_POINT('Origin',(133.268958719453,-32.5876034294873,-2.2));
#18057=CARTESIAN_POINT('',(133.946504992777,-37.0876034294873,-2.2));
#18058=CARTESIAN_POINT('',(101.87191133317,-37.0876034294874,-2.2));
#18059=CARTESIAN_POINT('',(135.946504978083,-35.0878458669798,-2.2));
#18060=CARTESIAN_POINT('Origin',(133.946504992777,-35.0876034294873,-2.2));
#18061=CARTESIAN_POINT('',(135.947959686127,-23.0871605066585,-2.2));
#18062=CARTESIAN_POINT('',(135.945501136481,-43.3690864007579,-2.2));
#18063=CARTESIAN_POINT('',(133.947959700821,-21.086918069166,-2.2));
#18064=CARTESIAN_POINT('Origin',(133.947959700821,-23.086918069166,-2.2));
#18065=CARTESIAN_POINT('',(133.268958719453,-21.086918069166,-2.2));
#18066=CARTESIAN_POINT('',(103.211533049948,-21.0869180691661,-2.2));
#18067=CARTESIAN_POINT('',(129.371844402423,-23.336918069166,-2.2));
#18068=CARTESIAN_POINT('Origin',(133.268958719453,-25.586918069166,-2.2));
#18069=CARTESIAN_POINT('',(127.350920613777,-26.8372607493267,-2.2));
#18070=CARTESIAN_POINT('',(116.314367454404,-45.9531315617951,-2.2));
#18071=CARTESIAN_POINT('Origin',(131.248034930807,-29.0872607493267,-2.2));
#18072=CARTESIAN_POINT('',(107.407293356255,-65.9501909812138,-2.2));
#18073=CARTESIAN_POINT('',(109.139344163824,-62.9501909812138,-2.2));
#18074=CARTESIAN_POINT('Origin',(107.407293356255,-63.9501909812138,-2.2));
#18075=CARTESIAN_POINT('',(108.207920613777,-61.336918069166,-2.2));
#18076=CARTESIAN_POINT('',(101.969863479864,-50.5322861727115,-2.2));
#18077=CARTESIAN_POINT('',(104.310806296747,-59.086918069166,-2.2));
#18078=CARTESIAN_POINT('Origin',(104.310806296747,-63.586918069166,-2.2));
#18079=CARTESIAN_POINT('',(100.268958719453,-59.086918069166,-2.2));
#18080=CARTESIAN_POINT('',(87.3928351218165,-59.0869180691661,-2.2));
#18081=CARTESIAN_POINT('',(96.3718444024234,-61.336918069166,-2.2));
#18082=CARTESIAN_POINT('Origin',(100.268958719453,-63.586918069166,-2.2));
#18083=CARTESIAN_POINT('',(95.4404208523763,-62.9501909812138,-2.2));
#18084=CARTESIAN_POINT('',(95.6666087903562,-62.5584219805735,-2.2));
#18085=CARTESIAN_POINT('',(97.1724716599452,-65.9501909812138,-2.2));
#18086=CARTESIAN_POINT('Origin',(97.1724716599452,-63.9501909812138,-2.2));
#18087=CARTESIAN_POINT('',(103.458818859822,-65.9501909812138,-2.2));
#18088=CARTESIAN_POINT('',(21.7653878918926,-65.587432089407,-2.2));
#18089=CARTESIAN_POINT('',(25.6625022089226,-63.337432089407,-2.2));
#18090=CARTESIAN_POINT('Origin',(21.7653878918926,-61.0874320894069,-2.2));
#18091=CARTESIAN_POINT('',(27.6832281510863,-59.837432089407,-2.2));
#18092=CARTESIAN_POINT('',(34.2290583615818,-48.4997215871094,-2.2));
#18093=CARTESIAN_POINT('',(27.6832281510863,-55.337432089407,-2.2));
#18094=CARTESIAN_POINT('Origin',(23.7861138340561,-57.587432089407,-2.2));
#18095=CARTESIAN_POINT('',(25.6625022089226,-51.837432089407,-2.2));
#18096=CARTESIAN_POINT('',(31.7992224977164,-62.4665434214366,-2.2));
#18097=CARTESIAN_POINT('',(21.7653878918926,-49.587432089407,-2.2));
#18098=CARTESIAN_POINT('Origin',(21.7653878918926,-54.087432089407,-2.2));
#18099=CARTESIAN_POINT('',(17.7239360075652,-49.587432089407,-2.2));
#18100=CARTESIAN_POINT('',(46.1201259193894,-49.5874320894069,-2.2));
#18101=CARTESIAN_POINT('',(13.8268216905352,-51.837432089407,-2.2));
#18102=CARTESIAN_POINT('Origin',(17.7239360075652,-54.087432089407,-2.2));
#18103=CARTESIAN_POINT('',(11.8060957483716,-55.337432089407,-2.2));
#18104=CARTESIAN_POINT('',(21.3830148721126,-38.7497215871095,-2.2));
#18105=CARTESIAN_POINT('',(11.8060957483716,-59.837432089407,-2.2));
#18106=CARTESIAN_POINT('Origin',(15.7032100654017,-57.587432089407,-2.2));
#18107=CARTESIAN_POINT('',(13.8268216905353,-63.337432089407,-2.2));
#18108=CARTESIAN_POINT('',(16.9324530660837,-68.7165434214367,-2.2));
#18109=CARTESIAN_POINT('',(17.7239360075653,-65.587432089407,-2.2));
#18110=CARTESIAN_POINT('Origin',(17.7239360075653,-61.0874320894069,-2.2));
#18111=CARTESIAN_POINT('',(44.0993999772258,-65.5874320894069,-2.2));
#18112=CARTESIAN_POINT('',(30.3718444024234,-42.336918069166,-2.2));
#18113=CARTESIAN_POINT('',(28.3509206137767,-45.8372607493267,-2.2));
#18114=CARTESIAN_POINT('',(33.80298812238,-36.3940028181303,-2.2));
#18115=CARTESIAN_POINT('',(28.3509206137768,-50.3372607493267,-2.2));
#18116=CARTESIAN_POINT('Origin',(32.2480349308068,-48.0872607493267,-2.2));
#18117=CARTESIAN_POINT('',(30.3718444024234,-53.8376034294873,-2.2));
#18118=CARTESIAN_POINT('',(33.4660222535166,-59.1968766752351,-2.2));
#18119=CARTESIAN_POINT('',(34.2689587194534,-56.0876034294873,-2.2));
#18120=CARTESIAN_POINT('Origin',(34.2689587194534,-51.5876034294873,-2.2));
#18121=CARTESIAN_POINT('',(38.3108062967468,-56.0876034294873,-2.2));
#18122=CARTESIAN_POINT('',(52.3719113331698,-56.0876034294873,-2.2));
#18123=CARTESIAN_POINT('',(42.2079206137767,-53.8376034294873,-2.2));
#18124=CARTESIAN_POINT('Origin',(38.3108062967468,-51.5876034294874,-2.2));
#18125=CARTESIAN_POINT('',(44.2288444024234,-50.3372607493267,-2.2));
#18126=CARTESIAN_POINT('',(46.6495262280566,-46.1445168383713,-2.2));
#18127=CARTESIAN_POINT('',(44.2288444024234,-45.8372607493267,-2.2));
#18128=CARTESIAN_POINT('Origin',(40.3317300853934,-48.0872607493267,-2.2));
#18129=CARTESIAN_POINT('',(42.2079206137767,-42.336918069166,-2.2));
#18130=CARTESIAN_POINT('',(48.33348414784,-52.9467053351548,-2.2));
#18131=CARTESIAN_POINT('',(38.3108062967467,-40.086918069166,-2.2));
#18132=CARTESIAN_POINT('Origin',(38.3108062967467,-44.586918069166,-2.2));
#18133=CARTESIAN_POINT('',(34.2689587194534,-40.086918069166,-2.2));
#18134=CARTESIAN_POINT('',(54.3928351218165,-40.0869180691659,-2.2));
#18135=CARTESIAN_POINT('Origin',(34.2689587194534,-44.586918069166,-2.2));
#18136=CARTESIAN_POINT('',(67.9435833608184,-18.0876034294873,-2.2));
#18137=CARTESIAN_POINT('',(71.3108062967468,-18.0876034294873,-2.2));
#18138=CARTESIAN_POINT('',(68.8719113331698,-18.0876034294873,-2.2));
#18139=CARTESIAN_POINT('',(75.2079206137767,-15.8376034294873,-2.2));
#18140=CARTESIAN_POINT('Origin',(71.3108062967468,-13.5876034294874,-2.2));
#18141=CARTESIAN_POINT('',(77.2288444024234,-12.3372607493267,-2.2));
#18142=CARTESIAN_POINT('',(67.2972848921046,-29.5392264195929,-2.2));
#18143=CARTESIAN_POINT('',(77.2288444024234,-7.83726074932667,-2.2));
#18144=CARTESIAN_POINT('Origin',(73.3317300853934,-10.0872607493267,-2.2));
#18145=CARTESIAN_POINT('',(75.8794262796333,-5.5,-2.2));
#18146=CARTESIAN_POINT('',(85.4357254837922,-22.0519957539331,-2.2));
#18147=CARTESIAN_POINT('',(74.1473754720644,-4.5,-2.2));
#18148=CARTESIAN_POINT('Origin',(74.1473754720644,-6.5,-2.2));
#18149=CARTESIAN_POINT('',(67.9435833608184,-4.5,-2.2));
#18150=CARTESIAN_POINT('',(66.8597689885135,-4.5,-2.2));
#18151=CARTESIAN_POINT('',(65.4435833608184,-7.,-2.2));
#18152=CARTESIAN_POINT('Origin',(67.9435833608184,-7.,-2.2));
#18153=CARTESIAN_POINT('',(65.4435833608184,-15.5876034294873,-2.2));
#18154=CARTESIAN_POINT('',(65.4435833608184,-20.5000982150895,-2.2));
#18155=CARTESIAN_POINT('Origin',(67.9435833608184,-15.5876034294873,-2.2));
#18156=CARTESIAN_POINT('Origin',(31.9811985812416,-73.5307777058251,-1.38777878078145E-16));
#18157=CARTESIAN_POINT('',(31.4901091426561,-73.4368034364221,1.8));
#18158=CARTESIAN_POINT('Origin',(31.9811985812416,-73.5307777058251,1.8));
#18159=CARTESIAN_POINT('',(31.4901091426561,-73.4368034364221,-1.38777878078145E-16));
#18160=CARTESIAN_POINT('Origin',(29.0346619497289,-72.966932089407,-1.38777878078145E-16));
#18161=CARTESIAN_POINT('',(28.2114829486089,-75.3275202220796,1.8));
#18162=CARTESIAN_POINT('Origin',(29.0346619497289,-72.966932089407,1.8));
#18163=CARTESIAN_POINT('',(28.2114829486089,-75.3275202220796,-1.38777878078145E-16));
#18164=CARTESIAN_POINT('Origin',(28.0468471483849,-75.7996378486142,-1.38777878078145E-16));
#18165=CARTESIAN_POINT('',(28.2966292416893,-76.2327762859116,1.8));
#18166=CARTESIAN_POINT('Origin',(28.0468471483849,-75.7996378486142,1.8));
#18167=CARTESIAN_POINT('',(28.2966292416893,-76.2327762859116,-1.38777878078145E-16));
#18168=CARTESIAN_POINT('Origin',(16.4620850635647,-98.5623284854993,6.5));
#18169=CARTESIAN_POINT('',(16.8952235008622,-98.3125463921949,1.8));
#18170=CARTESIAN_POINT('',(16.8952235008622,-98.3125463921949,6.5));
#18171=CARTESIAN_POINT('Origin',(16.4620850635647,-98.5623284854993,1.8));
#18172=CARTESIAN_POINT('Origin',(10.9346932638518,-87.9765982937194,-2.2));
#18173=CARTESIAN_POINT('',(10.9346932638519,-87.9765982937194,1.8));
#18174=CARTESIAN_POINT('',(10.9346932638518,-87.9765982937194,-2.2));
#18175=CARTESIAN_POINT('',(10.9346932638518,-87.9765982937194,1.8));
#18176=CARTESIAN_POINT('Origin',(5.94358336081839,-7.50009821508946,2.15));
#18177=CARTESIAN_POINT('',(6.44358336081839,-7.50009821508946,2.15));
#18178=CARTESIAN_POINT('Origin',(6.44358336081839,-7.00009821508946,-2.2));
#18179=CARTESIAN_POINT('',(6.4435833608184,-20.5000982150895,1.8));
#18180=CARTESIAN_POINT('',(6.44358336081839,-7.00009821508946,1.8));
#18181=CARTESIAN_POINT('',(6.4435833608184,-20.5000982150895,-2.2));
#18182=CARTESIAN_POINT('Origin',(21.6263508618038,-6.50009821508946,6.5));
#18183=CARTESIAN_POINT('',(21.6263508618038,-7.00009821508946,1.8));
#18184=CARTESIAN_POINT('',(21.6263508618038,-7.00009821508946,6.5));
#18185=CARTESIAN_POINT('Origin',(21.6263508618038,-6.50009821508946,1.8));
#18186=CARTESIAN_POINT('Origin',(12.2341085757442,-87.2272520138063,-2.2));
#18187=CARTESIAN_POINT('',(11.484762295831,-85.9278367019139,1.8));
#18188=CARTESIAN_POINT('',(11.484762295831,-85.9278367019139,-2.2));
#18189=CARTESIAN_POINT('Origin',(12.2341085757442,-87.2272520138063,1.8));
#18190=CARTESIAN_POINT('Origin',(29.8800127306129,-75.3196713561467,-2.2));
#18191=CARTESIAN_POINT('',(57.3974366493601,-59.4509348116475,1.8));
#18192=CARTESIAN_POINT('Origin',(60.9435833608184,-8.50009821508947,-2.2));
#18193=CARTESIAN_POINT('',(62.4435833608184,-8.50009821508946,1.8));
#18194=CARTESIAN_POINT('',(62.4435833608184,-8.50009821508946,-2.2));
#18195=CARTESIAN_POINT('',(60.9435833608184,-7.00009821508946,1.8));
#18196=CARTESIAN_POINT('Origin',(60.9435833608184,-8.50009821508947,1.8));
#18197=CARTESIAN_POINT('',(60.9435833608184,-7.00009821508946,-2.2));
#18198=CARTESIAN_POINT('Origin',(62.4435833608184,-20.5000982150895,-2.2));
#18199=CARTESIAN_POINT('',(62.4435833608184,-20.5000982150895,1.8));
#18200=CARTESIAN_POINT('',(62.4435833608184,-20.5000982150895,-2.2));
#18201=CARTESIAN_POINT('',(62.4435833608184,-20.5000982150895,1.8));
#18202=CARTESIAN_POINT('Origin',(60.9435833608184,-20.5000982150895,-2.2));
#18203=CARTESIAN_POINT('',(60.9435833608184,-22.0000982150895,1.8));
#18204=CARTESIAN_POINT('',(60.9435833608184,-22.0000982150895,-2.2));
#18205=CARTESIAN_POINT('Origin',(60.9435833608184,-20.5000982150895,1.8));
#18206=CARTESIAN_POINT('Origin',(7.94358336081839,-22.0000982150895,-2.2));
#18207=CARTESIAN_POINT('',(7.9435833608184,-22.0000982150895,1.8));
#18208=CARTESIAN_POINT('',(7.94358336081839,-22.0000982150895,-2.2));
#18209=CARTESIAN_POINT('',(7.94358336081839,-22.0000982150895,1.8));
#18210=CARTESIAN_POINT('Origin',(7.9435833608184,-20.5000982150895,-2.2));
#18211=CARTESIAN_POINT('Origin',(7.9435833608184,-20.5000982150895,1.8));
#18212=CARTESIAN_POINT('Origin',(60.9435833608184,-7.00009821508946,-2.2));
#18213=CARTESIAN_POINT('',(62.4435833608184,-7.00009821508946,1.8));
#18214=CARTESIAN_POINT('Origin',(34.4435833608184,-14.5000982150895,1.8));
#18215=CARTESIAN_POINT('Origin',(64.373326989073,-26.6022993461935,-2.2));
#18216=CARTESIAN_POINT('',(63.1484185504107,-24.4229417993706,2.8));
#18217=CARTESIAN_POINT('',(63.1484185504107,-24.4229417993706,-2.2));
#18218=CARTESIAN_POINT('',(62.2082634796119,-25.3522993461935,2.8));
#18219=CARTESIAN_POINT('Origin',(64.373326989073,-26.6022993461935,2.8));
#18220=CARTESIAN_POINT('',(62.2082634796119,-25.3522993461935,-2.2));
#18221=CARTESIAN_POINT('Origin',(60.9435833608184,-20.5000982150895,-2.2));
#18222=CARTESIAN_POINT('',(64.9822764380512,-22.4847791032706,2.8));
#18223=CARTESIAN_POINT('',(64.9822764380512,-22.4847791032706,0.));
#18224=CARTESIAN_POINT('Origin',(60.9435833608184,-20.5000982150895,2.8));
#18225=CARTESIAN_POINT('Origin',(67.2259948142917,-23.5873795967046,-1.38777878078145E-16));
#18226=CARTESIAN_POINT('',(67.1722899328396,-21.0879565061279,2.8));
#18227=CARTESIAN_POINT('Origin',(67.2259948142917,-23.5873795967046,2.8));
#18228=CARTESIAN_POINT('',(67.1722899328396,-21.0879565061279,-1.38777878078145E-16));
#18229=CARTESIAN_POINT('Origin',(67.9435833608184,-15.5876034294873,-1.38777878078145E-16));
#18230=CARTESIAN_POINT('',(65.4435833608184,-15.5876034294873,2.8));
#18231=CARTESIAN_POINT('',(65.4435833608184,-15.5876034294873,-1.38777878078145E-16));
#18232=CARTESIAN_POINT('',(67.9435833608184,-18.0876034294873,2.8));
#18233=CARTESIAN_POINT('Origin',(67.9435833608184,-15.5876034294873,2.8));
#18234=CARTESIAN_POINT('',(67.9435833608184,-18.0876034294873,-1.38777878078145E-16));
#18235=CARTESIAN_POINT('Origin',(67.2689587194534,-18.0876034294873,-1.38777878078145E-16));
#18236=CARTESIAN_POINT('',(71.3108062967468,-18.0876034294873,2.8));
#18237=CARTESIAN_POINT('',(68.8719113331698,-18.0876034294873,2.8));
#18238=CARTESIAN_POINT('',(71.3108062967468,-18.0876034294873,-1.38777878078145E-16));
#18239=CARTESIAN_POINT('Origin',(67.9435833608184,-7.,0.4));
#18240=CARTESIAN_POINT('',(67.9435833608184,-4.5,2.8));
#18241=CARTESIAN_POINT('',(65.4435833608184,-7.,2.8));
#18242=CARTESIAN_POINT('Origin',(67.9435833608184,-7.,2.8));
#18243=CARTESIAN_POINT('',(65.4435833608184,-7.,0.4));
#18244=CARTESIAN_POINT('',(67.9435833608184,-4.5,0.4));
#18245=CARTESIAN_POINT('Origin',(65.4435833608184,-17.7007536577294,-2.2));
#18246=CARTESIAN_POINT('',(65.4435833608184,-20.5000982150895,2.8));
#18247=CARTESIAN_POINT('Origin',(36.5743693891023,-27.5000982150895,-1.38777878078145E-16));
#18248=CARTESIAN_POINT('',(38.9648665278048,-26.7683035513654,2.8));
#18249=CARTESIAN_POINT('',(36.5743693891023,-25.0000982150895,2.8));
#18250=CARTESIAN_POINT('Origin',(36.5743693891023,-27.5000982150895,2.8));
#18251=CARTESIAN_POINT('',(36.5743693891023,-25.0000982150895,-1.38777878078145E-16));
#18252=CARTESIAN_POINT('',(38.9648665278048,-26.7683035513654,-1.38777878078145E-16));
#18253=CARTESIAN_POINT('Origin',(29.4116068974637,-25.0000982150895,-2.2));
#18254=CARTESIAN_POINT('',(30.8549825704378,-25.0000982150895,2.8));
#18255=CARTESIAN_POINT('',(7.94358336081839,-25.0000982150895,2.8));
#18256=CARTESIAN_POINT('',(30.8549825704378,-25.0000982150895,-1.1));
#18257=CARTESIAN_POINT('Origin',(30.8549825704378,-27.5000982150895,-1.1));
#18258=CARTESIAN_POINT('',(28.6899190609767,-26.2500982150895,2.8));
#18259=CARTESIAN_POINT('Origin',(30.8549825704378,-27.5000982150895,2.8));
#18260=CARTESIAN_POINT('',(28.6899190609767,-26.2500982150895,-1.1));
#18261=CARTESIAN_POINT('Origin',(8.7247824457624,-27.5000982150895,-1.1));
#18262=CARTESIAN_POINT('',(10.8898459552235,-26.2500982150894,2.8));
#18263=CARTESIAN_POINT('',(8.7247824457624,-25.0000982150895,2.8));
#18264=CARTESIAN_POINT('Origin',(8.7247824457624,-27.5000982150895,2.8));
#18265=CARTESIAN_POINT('',(8.7247824457624,-25.0000982150895,-1.1));
#18266=CARTESIAN_POINT('',(10.8898459552235,-26.2500982150895,-1.1));
#18267=CARTESIAN_POINT('Origin',(3.00009404119469,-25.0000982150895,-2.2));
#18268=CARTESIAN_POINT('',(5.50010981997912,-25.0000982150895,2.8));
#18269=CARTESIAN_POINT('',(7.94358336081839,-25.0000982150895,2.8));
#18270=CARTESIAN_POINT('',(5.50010981997912,-25.0000982150895,-1.1));
#18271=CARTESIAN_POINT('Origin',(5.50010981997912,-27.5000982150895,-1.1));
#18272=CARTESIAN_POINT('',(3.0001098200289,-27.5001139938241,2.8));
#18273=CARTESIAN_POINT('Origin',(5.50010981997912,-27.5000982150895,2.8));
#18274=CARTESIAN_POINT('',(3.00010982002891,-27.5001139938241,-1.1));
#18275=CARTESIAN_POINT('Origin',(32.4934143788345,-67.4635666068903,-1.38777878078145E-16));
#18276=CARTESIAN_POINT('',(31.1631249830247,-69.5802456386275,2.8));
#18277=CARTESIAN_POINT('',(33.7423248453565,-69.6292587933775,2.8));
#18278=CARTESIAN_POINT('Origin',(32.4934143788345,-67.4635666068903,2.8));
#18279=CARTESIAN_POINT('',(33.7423248453565,-69.6292587933775,-1.38777878078145E-16));
#18280=CARTESIAN_POINT('',(31.1631249830247,-69.5802456386275,-1.38777878078145E-16));
#18281=CARTESIAN_POINT('Origin',(43.6850980714839,-63.8954644777103,-2.2));
#18282=CARTESIAN_POINT('',(41.5183159191417,-65.1450035052868,2.8));
#18283=CARTESIAN_POINT('',(55.8987440895337,-56.8521041878628,2.8));
#18284=CARTESIAN_POINT('',(41.5183159191417,-65.1450035052868,-1.1));
#18285=CARTESIAN_POINT('Origin',(40.2694054526197,-62.9793113187996,-1.1));
#18286=CARTESIAN_POINT('',(42.4344689620808,-61.7293113187996,2.8));
#18287=CARTESIAN_POINT('Origin',(40.2694054526197,-62.9793113187996,2.8));
#18288=CARTESIAN_POINT('',(42.4344689620808,-61.7293113187996,-1.1));
#18289=CARTESIAN_POINT('Origin',(47.1994728986753,-58.9828829154074,-1.1));
#18290=CARTESIAN_POINT('',(45.0344093892141,-60.2328829154074,2.8));
#18291=CARTESIAN_POINT('',(48.4483833651973,-61.1485751018946,2.8));
#18292=CARTESIAN_POINT('Origin',(47.1994728986753,-58.9828829154074,2.8));
#18293=CARTESIAN_POINT('',(48.4483833651973,-61.1485751018946,-1.1));
#18294=CARTESIAN_POINT('',(45.0344093892142,-60.2328829154074,-1.1));
#18295=CARTESIAN_POINT('Origin',(60.1442123443218,-54.4038293260082,-2.2));
#18296=CARTESIAN_POINT('',(57.9774301919796,-55.6533683535846,2.8));
#18297=CARTESIAN_POINT('',(55.8987440895337,-56.8521041878628,2.8));
#18298=CARTESIAN_POINT('',(57.9774301919796,-55.6533683535846,-1.1));
#18299=CARTESIAN_POINT('Origin',(56.7285197254576,-53.4876761670974,-1.1));
#18300=CARTESIAN_POINT('',(58.8935832349187,-52.2376761670974,2.8));
#18301=CARTESIAN_POINT('Origin',(56.7285197254576,-53.4876761670974,2.8));
#18302=CARTESIAN_POINT('',(58.8935832349187,-52.2376761670974,-1.1));
#18303=CARTESIAN_POINT('Origin',(66.7493732502068,-61.6555892674992,-1.38777878078145E-16));
#18304=CARTESIAN_POINT('',(66.0998914136485,-59.2414282654157,2.8));
#18305=CARTESIAN_POINT('',(64.5836810637196,-62.9044997340212,2.8));
#18306=CARTESIAN_POINT('Origin',(66.7493732502068,-61.6555892674992,2.8));
#18307=CARTESIAN_POINT('',(64.5836810637196,-62.9044997340212,-1.38777878078145E-16));
#18308=CARTESIAN_POINT('',(66.0998914136485,-59.2414282654157,-1.38777878078145E-16));
#18309=CARTESIAN_POINT('Origin',(71.6039173782413,-75.0780472710141,-2.2));
#18310=CARTESIAN_POINT('',(70.5534912585835,-73.2565398845317,2.8));
#18311=CARTESIAN_POINT('',(68.0397991042559,-68.8976337789389,2.8));
#18312=CARTESIAN_POINT('',(70.5534912585835,-73.2565398845317,-1.38777878078145E-16));
#18313=CARTESIAN_POINT('Origin',(72.7191834450707,-72.0076294180097,-1.38777878078145E-16));
#18314=CARTESIAN_POINT('',(74.4796548804756,-73.7826619036626,2.8));
#18315=CARTESIAN_POINT('Origin',(72.7191834450707,-72.0076294180097,2.8));
#18316=CARTESIAN_POINT('',(74.4796548804756,-73.7826619036626,-1.38777878078145E-16));
#18317=CARTESIAN_POINT('Origin',(71.3108062967468,-70.5876034294874,-1.38777878078145E-16));
#18318=CARTESIAN_POINT('',(75.2079206137767,-72.8376034294873,2.8));
#18319=CARTESIAN_POINT('Origin',(71.3108062967468,-70.5876034294874,2.8));
#18320=CARTESIAN_POINT('',(75.2079206137767,-72.8376034294873,-1.38777878078145E-16));
#18321=CARTESIAN_POINT('Origin',(42.7896619497289,-25.597432089407,-1.38777878078145E-16));
#18322=CARTESIAN_POINT('',(42.1400359572725,-29.544327840491,2.8));
#18323=CARTESIAN_POINT('',(42.1400359572725,-29.544327840491,-1.38777878078145E-16));
#18324=CARTESIAN_POINT('Origin',(42.7896619497289,-25.597432089407,2.8));
#18325=CARTESIAN_POINT('Origin',(11.2288444024234,-26.8372607493267,-1.38777878078145E-16));
#18326=CARTESIAN_POINT('',(11.2288444024234,-26.8372607493267,2.8));
#18327=CARTESIAN_POINT('',(11.2288444024234,-26.8372607493267,-1.38777878078145E-16));
#18328=CARTESIAN_POINT('',(23.5721048158161,-48.2164149163764,2.8));
#18329=CARTESIAN_POINT('Origin',(70.3730042448546,-80.7219219287267,3.));
#18330=CARTESIAN_POINT('',(70.1600519732987,-80.7496243912413,2.8));
#18331=CARTESIAN_POINT('',(33.5550858149352,-85.5114787515715,2.8));
#18332=CARTESIAN_POINT('',(38.293840814198,-84.8950252064937,2.8));
#18333=CARTESIAN_POINT('',(33.5550858149352,-85.5114787515715,4.8));
#18334=CARTESIAN_POINT('',(33.5550858149352,-85.5114787515715,3.));
#18335=CARTESIAN_POINT('',(70.1600519732987,-80.7496243912413,4.8));
#18336=CARTESIAN_POINT('',(33.5550858149352,-85.5114787515715,4.8));
#18337=CARTESIAN_POINT('',(70.1600519732987,-80.7496243912413,3.));
#18338=CARTESIAN_POINT('Origin',(29.0346619497289,-72.966932089407,-1.38777878078145E-16));
#18339=CARTESIAN_POINT('',(29.5110475461853,-68.9954013060076,2.8));
#18340=CARTESIAN_POINT('',(29.5110475461853,-68.9954013060076,-1.38777878078145E-16));
#18341=CARTESIAN_POINT('Origin',(29.0346619497289,-72.966932089407,2.8));
#18342=CARTESIAN_POINT('Origin',(63.3718444024234,-23.336918069166,-1.38777878078145E-16));
#18343=CARTESIAN_POINT('',(61.3509206137767,-26.8372607493267,2.8));
#18344=CARTESIAN_POINT('',(58.564367454404,-31.6637123993519,2.8));
#18345=CARTESIAN_POINT('',(61.3509206137767,-26.8372607493267,-1.38777878078145E-16));
#18346=CARTESIAN_POINT('Origin',(44.8060957483716,-59.837432089407,-1.38777878078145E-16));
#18347=CARTESIAN_POINT('',(44.8060957483716,-59.837432089407,2.8));
#18348=CARTESIAN_POINT('',(44.8060957483716,-59.837432089407,-1.38777878078145E-16));
#18349=CARTESIAN_POINT('',(45.8074530660836,-61.571833840215,2.8));
#18350=CARTESIAN_POINT('Origin',(138.446076192736,-38.7252240932764,-1.7));
#18351=CARTESIAN_POINT('',(136.949764268179,-8.20023296158982,-1.7));
#18352=CARTESIAN_POINT('',(136.942424491638,-68.7500795541825,-1.7));
#18353=CARTESIAN_POINT('',(136.94791417861,-23.4626376126392,-1.7));
#18354=CARTESIAN_POINT('',(137.149764267433,-8.00025720533906,-1.7));
#18355=CARTESIAN_POINT('Origin',(137.14976426671,-8.20025720533905,-1.7));
#18356=CARTESIAN_POINT('',(137.849727901423,-8.00025720786861,-1.7));
#18357=CARTESIAN_POINT('',(138.147902102597,-8.00025720894617,-1.7));
#18358=CARTESIAN_POINT('',(139.949727877555,-10.1005186877015,-1.7));
#18359=CARTESIAN_POINT('Origin',(137.849727893834,-10.1002572078687,-1.7));
#18360=CARTESIAN_POINT('',(139.942599447441,-67.3504524610469,-1.7));
#18361=CARTESIAN_POINT('',(139.94438155962,-53.0379316682632,-1.7));
#18362=CARTESIAN_POINT('',(137.84259946372,-69.4501909812138,-1.7));
#18363=CARTESIAN_POINT('Origin',(137.84259946372,-67.3501909812138,-1.7));
#18364=CARTESIAN_POINT('',(137.142424491638,-69.4501909812138,-1.7));
#18365=CARTESIAN_POINT('',(137.794250342187,-69.4501909812138,-1.7));
#18366=CARTESIAN_POINT('',(136.942424491638,-69.2501909812138,-1.7));
#18367=CARTESIAN_POINT('Origin',(137.142424491638,-69.2501909812138,-1.7));
#18368=CARTESIAN_POINT('',(136.942424491638,-53.7376518237295,-1.7));
#18369=CARTESIAN_POINT('Origin',(139.942599447441,-67.3504524610469,-1.38777878078145E-16));
#18370=CARTESIAN_POINT('',(139.949727877555,-10.1005186877015,-1.38777878078145E-16));
#18371=CARTESIAN_POINT('',(139.942599447441,-67.3504524610469,-1.38777878078145E-16));
#18372=CARTESIAN_POINT('Origin',(137.849727893834,-10.1002572078687,-1.38777878078145E-16));
#18373=CARTESIAN_POINT('',(137.849727901423,-8.00025720786861,-1.38777878078145E-16));
#18374=CARTESIAN_POINT('Origin',(137.849727901423,-8.00025720786861,-1.38777878078145E-16));
#18375=CARTESIAN_POINT('',(137.149764267433,-8.00025720533906,-1.38777878078145E-16));
#18376=CARTESIAN_POINT('Origin',(137.14976426671,-8.20025720533905,-1.38777878078145E-16));
#18377=CARTESIAN_POINT('',(136.949764268179,-8.20023296158982,-1.38777878078145E-16));
#18378=CARTESIAN_POINT('Origin',(118.744661949729,-29.087432089407,2.));
#18379=CARTESIAN_POINT('',(119.794661949729,-29.087432089407,2.));
#18380=CARTESIAN_POINT('Origin',(118.744661949729,-29.087432089407,2.));
#18381=CARTESIAN_POINT('Origin',(118.744661949729,-48.087432089407,2.));
#18382=CARTESIAN_POINT('',(119.794661949729,-48.087432089407,2.));
#18383=CARTESIAN_POINT('Origin',(118.744661949729,-48.087432089407,2.));
#18384=CARTESIAN_POINT('Origin',(75.6006619497289,-65.352432089407,2.));
#18385=CARTESIAN_POINT('',(76.6506619497289,-65.352432089407,2.));
#18386=CARTESIAN_POINT('Origin',(75.6006619497289,-65.352432089407,2.));
#18387=CARTESIAN_POINT('Origin',(42.7896619497289,-25.597432089407,2.));
#18388=CARTESIAN_POINT('',(43.8396619497289,-25.597432089407,2.));
#18389=CARTESIAN_POINT('Origin',(42.7896619497289,-25.597432089407,2.));
#18390=CARTESIAN_POINT('Origin',(29.0346619497289,-72.966932089407,2.));
#18391=CARTESIAN_POINT('',(30.0846619497289,-72.966932089407,2.));
#18392=CARTESIAN_POINT('Origin',(29.0346619497289,-72.966932089407,2.));
#18393=CARTESIAN_POINT('Origin',(122.74437883231,-33.5598212561947,-1.38777878078145E-16));
#18394=CARTESIAN_POINT('',(124.327571584643,-32.3377325896248,2.8));
#18395=CARTESIAN_POINT('',(124.327571584643,-32.3377325896248,-1.38777878078145E-16));
#18396=CARTESIAN_POINT('',(121.411139871449,-32.0690248672654,2.8));
#18397=CARTESIAN_POINT('Origin',(122.74437883231,-33.5598212561947,2.8));
#18398=CARTESIAN_POINT('',(121.411139871449,-32.0690248672654,0.8));
#18399=CARTESIAN_POINT('Origin',(120.765387891893,-35.087432089407,-1.38777878078145E-16));
#18400=CARTESIAN_POINT('',(124.662502208923,-32.837432089407,2.8));
#18401=CARTESIAN_POINT('',(124.662502208923,-32.837432089407,-1.38777878078145E-16));
#18402=CARTESIAN_POINT('Origin',(120.765387891893,-35.087432089407,2.8));
#18403=CARTESIAN_POINT('Origin',(126.683228151086,-36.337432089407,-1.38777878078145E-16));
#18404=CARTESIAN_POINT('',(126.683228151086,-36.337432089407,2.8));
#18405=CARTESIAN_POINT('',(126.683228151086,-36.337432089407,-1.38777878078145E-16));
#18406=CARTESIAN_POINT('',(122.537843165692,-29.1574146777717,2.8));
#18407=CARTESIAN_POINT('Origin',(122.786113834056,-38.587432089407,-1.38777878078145E-16));
#18408=CARTESIAN_POINT('',(126.683228151086,-40.837432089407,2.8));
#18409=CARTESIAN_POINT('',(126.683228151086,-40.837432089407,-1.38777878078145E-16));
#18410=CARTESIAN_POINT('Origin',(122.786113834056,-38.587432089407,2.8));
#18411=CARTESIAN_POINT('Origin',(124.662502208923,-44.337432089407,-1.38777878078145E-16));
#18412=CARTESIAN_POINT('',(124.662502208923,-44.337432089407,2.8));
#18413=CARTESIAN_POINT('',(124.662502208923,-44.337432089407,-1.38777878078145E-16));
#18414=CARTESIAN_POINT('',(116.740437693606,-58.0588503307743,2.8));
#18415=CARTESIAN_POINT('Origin',(120.765387891893,-42.0874320894069,-1.38777878078145E-16));
#18416=CARTESIAN_POINT('',(124.327571584643,-44.8371315891892,2.8));
#18417=CARTESIAN_POINT('',(124.327571584643,-44.8371315891892,0.8));
#18418=CARTESIAN_POINT('Origin',(120.765387891893,-42.0874320894069,2.8));
#18419=CARTESIAN_POINT('Origin',(122.74437883231,-43.6150429226193,-1.38777878078145E-16));
#18420=CARTESIAN_POINT('',(121.411139871449,-45.1058393115485,2.8));
#18421=CARTESIAN_POINT('',(121.411139871449,-45.1058393115485,-1.38777878078145E-16));
#18422=CARTESIAN_POINT('Origin',(122.74437883231,-43.6150429226193,2.8));
#18423=CARTESIAN_POINT('Origin',(118.744661949729,-48.087432089407,-1.38777878078145E-16));
#18424=CARTESIAN_POINT('',(116.078184028008,-45.1058393115486,2.8));
#18425=CARTESIAN_POINT('',(116.078184028008,-45.1058393115486,-1.38777878078145E-16));
#18426=CARTESIAN_POINT('Origin',(118.744661949729,-48.087432089407,2.8));
#18427=CARTESIAN_POINT('Origin',(120.765387891893,-16.087432089407,-1.38777878078145E-16));
#18428=CARTESIAN_POINT('',(124.662502208923,-13.837432089407,2.8));
#18429=CARTESIAN_POINT('',(124.662502208923,-13.837432089407,-1.38777878078145E-16));
#18430=CARTESIAN_POINT('',(120.765387891893,-11.587432089407,2.8));
#18431=CARTESIAN_POINT('Origin',(120.765387891893,-16.087432089407,2.8));
#18432=CARTESIAN_POINT('',(120.765387891893,-11.587432089407,-1.38777878078145E-16));
#18433=CARTESIAN_POINT('Origin',(126.683228151086,-17.337432089407,-1.38777878078145E-16));
#18434=CARTESIAN_POINT('',(126.683228151086,-17.337432089407,2.8));
#18435=CARTESIAN_POINT('',(126.683228151086,-17.337432089407,-1.38777878078145E-16));
#18436=CARTESIAN_POINT('',(126.651463833669,-17.2824146777717,2.8));
#18437=CARTESIAN_POINT('Origin',(122.786113834056,-19.587432089407,-1.38777878078145E-16));
#18438=CARTESIAN_POINT('',(126.683228151086,-21.837432089407,2.8));
#18439=CARTESIAN_POINT('',(126.683228151086,-21.837432089407,-1.38777878078145E-16));
#18440=CARTESIAN_POINT('Origin',(122.786113834056,-19.587432089407,2.8));
#18441=CARTESIAN_POINT('Origin',(124.662502208923,-25.3374320894069,-1.38777878078145E-16));
#18442=CARTESIAN_POINT('',(124.662502208923,-25.3374320894069,2.8));
#18443=CARTESIAN_POINT('',(124.662502208923,-25.3374320894069,-1.38777878078145E-16));
#18444=CARTESIAN_POINT('',(112.62681702563,-46.1838503307743,2.8));
#18445=CARTESIAN_POINT('Origin',(120.765387891893,-23.0874320894069,-1.38777878078145E-16));
#18446=CARTESIAN_POINT('',(124.327571584643,-25.8371315891892,2.8));
#18447=CARTESIAN_POINT('',(124.327571584643,-25.8371315891892,0.8));
#18448=CARTESIAN_POINT('Origin',(120.765387891893,-23.0874320894069,2.8));
#18449=CARTESIAN_POINT('Origin',(122.74437883231,-24.6150429226193,-1.38777878078145E-16));
#18450=CARTESIAN_POINT('',(121.411139871449,-26.1058393115485,2.8));
#18451=CARTESIAN_POINT('',(121.411139871449,-26.1058393115485,-1.38777878078145E-16));
#18452=CARTESIAN_POINT('Origin',(122.74437883231,-24.6150429226193,2.8));
#18453=CARTESIAN_POINT('Origin',(118.744661949729,-29.087432089407,-1.38777878078145E-16));
#18454=CARTESIAN_POINT('',(116.078184028009,-26.1058393115485,2.8));
#18455=CARTESIAN_POINT('',(116.078184028009,-26.1058393115485,-1.38777878078145E-16));
#18456=CARTESIAN_POINT('Origin',(118.744661949729,-29.087432089407,2.8));
#18457=CARTESIAN_POINT('Origin',(94.3509206137768,-12.3372607493267,-1.38777878078145E-16));
#18458=CARTESIAN_POINT('',(95.5997271273456,-14.5002570796509,2.8));
#18459=CARTESIAN_POINT('',(95.5997271273456,-14.5002570796509,0.8));
#18460=CARTESIAN_POINT('',(96.3718444024234,-15.8376034294873,2.8));
#18461=CARTESIAN_POINT('',(99.4432635894688,-21.1574575127919,2.8));
#18462=CARTESIAN_POINT('',(96.3718444024234,-15.8376034294873,-1.38777878078145E-16));
#18463=CARTESIAN_POINT('Origin',(97.3317779349145,-13.5002570796509,-1.38777878078145E-16));
#18464=CARTESIAN_POINT('',(97.3317779317902,-11.5002570796509,2.8));
#18465=CARTESIAN_POINT('',(97.3317779317902,-11.5002570796509,-1.38777878078145E-16));
#18466=CARTESIAN_POINT('Origin',(97.3317779349145,-13.5002570796509,2.8));
#18467=CARTESIAN_POINT('Origin',(93.9756302969179,-11.5002570848936,-1.38777878078145E-16));
#18468=CARTESIAN_POINT('',(100.849446930519,-11.5002570741559,2.8));
#18469=CARTESIAN_POINT('',(100.849446930519,-11.5002570741559,0.800000000000001));
#18470=CARTESIAN_POINT('',(100.849446930519,-11.5002570741559,2.8));
#18471=CARTESIAN_POINT('Origin',(100.849446930519,-11.5002570741559,3.));
#18472=CARTESIAN_POINT('',(107.247987078336,-11.5002570972791,2.8));
#18473=CARTESIAN_POINT('',(107.247987078336,-11.5002570972791,0.800000000000001));
#18474=CARTESIAN_POINT('',(85.6621555076229,-11.5002570192716,2.8));
#18475=CARTESIAN_POINT('',(100.849446930519,-11.5002570741559,4.8));
#18476=CARTESIAN_POINT('',(136.449553563092,-11.5002572028086,4.8));
#18477=CARTESIAN_POINT('',(100.849446930519,-11.5002570741559,3.));
#18478=CARTESIAN_POINT('Origin',(83.7239360075652,-16.087432089407,-1.38777878078145E-16));
#18479=CARTESIAN_POINT('',(83.7239360075652,-11.587432089407,2.8));
#18480=CARTESIAN_POINT('',(83.7239360075652,-11.587432089407,-1.38777878078145E-16));
#18481=CARTESIAN_POINT('',(79.8268216905352,-13.837432089407,2.8));
#18482=CARTESIAN_POINT('Origin',(83.7239360075652,-16.087432089407,2.8));
#18483=CARTESIAN_POINT('',(79.8268216905352,-13.837432089407,-1.38777878078145E-16));
#18484=CARTESIAN_POINT('Origin',(87.7653878918925,-11.587432089407,-1.38777878078145E-16));
#18485=CARTESIAN_POINT('',(87.7653878918925,-11.587432089407,2.8));
#18486=CARTESIAN_POINT('',(87.7653878918925,-11.587432089407,-1.38777878078145E-16));
#18487=CARTESIAN_POINT('',(79.1201259193894,-11.587432089407,2.8));
#18488=CARTESIAN_POINT('Origin',(87.7653878918925,-16.087432089407,-1.38777878078145E-16));
#18489=CARTESIAN_POINT('',(91.6625022089225,-13.837432089407,2.8));
#18490=CARTESIAN_POINT('',(91.6625022089225,-13.837432089407,-1.38777878078145E-16));
#18491=CARTESIAN_POINT('Origin',(87.7653878918925,-16.087432089407,2.8));
#18492=CARTESIAN_POINT('Origin',(93.6832281510862,-17.337432089407,-1.38777878078145E-16));
#18493=CARTESIAN_POINT('',(93.6832281510863,-17.337432089407,2.8));
#18494=CARTESIAN_POINT('',(93.6832281510863,-17.337432089407,-1.38777878078145E-16));
#18495=CARTESIAN_POINT('',(97.7764638336685,-24.4271242589933,2.8));
#18496=CARTESIAN_POINT('Origin',(89.7861138340561,-19.587432089407,-1.38777878078145E-16));
#18497=CARTESIAN_POINT('',(93.6832281510863,-21.837432089407,2.8));
#18498=CARTESIAN_POINT('',(93.6832281510863,-21.837432089407,-1.38777878078145E-16));
#18499=CARTESIAN_POINT('Origin',(89.7861138340561,-19.587432089407,2.8));
#18500=CARTESIAN_POINT('Origin',(91.6625022089225,-25.337432089407,-1.38777878078145E-16));
#18501=CARTESIAN_POINT('',(91.6625022089225,-25.337432089407,2.8));
#18502=CARTESIAN_POINT('',(91.6625022089225,-25.337432089407,-1.38777878078145E-16));
#18503=CARTESIAN_POINT('',(83.7518170256296,-39.0391407495527,2.8));
#18504=CARTESIAN_POINT('Origin',(106.331730085393,-29.0872607493267,-1.38777878078145E-16));
#18505=CARTESIAN_POINT('',(110.228844402423,-31.3372607493267,2.8));
#18506=CARTESIAN_POINT('',(110.228844402423,-31.3372607493267,-1.38777878078145E-16));
#18507=CARTESIAN_POINT('',(110.228844402423,-26.8372607493267,2.8));
#18508=CARTESIAN_POINT('Origin',(106.331730085393,-29.0872607493267,2.8));
#18509=CARTESIAN_POINT('',(110.228844402423,-26.8372607493267,-1.38777878078145E-16));
#18510=CARTESIAN_POINT('Origin',(108.207920613777,-34.8376034294873,-1.38777878078145E-16));
#18511=CARTESIAN_POINT('',(108.207920613777,-34.8376034294873,2.8));
#18512=CARTESIAN_POINT('',(108.207920613777,-34.8376034294873,-1.38777878078145E-16));
#18513=CARTESIAN_POINT('',(100.285905560081,-48.5589360008145,2.8));
#18514=CARTESIAN_POINT('Origin',(104.310806296747,-32.5876034294874,-1.38777878078145E-16));
#18515=CARTESIAN_POINT('',(104.310806296747,-37.0876034294873,2.8));
#18516=CARTESIAN_POINT('',(104.310806296747,-37.0876034294873,-1.38777878078145E-16));
#18517=CARTESIAN_POINT('Origin',(104.310806296747,-32.5876034294874,2.8));
#18518=CARTESIAN_POINT('Origin',(100.268958719453,-37.0876034294873,-1.38777878078145E-16));
#18519=CARTESIAN_POINT('',(100.268958719453,-37.0876034294873,2.8));
#18520=CARTESIAN_POINT('',(100.268958719453,-37.0876034294873,-1.38777878078145E-16));
#18521=CARTESIAN_POINT('',(85.3719113331698,-37.0876034294874,2.8));
#18522=CARTESIAN_POINT('Origin',(100.268958719453,-32.5876034294873,-1.38777878078145E-16));
#18523=CARTESIAN_POINT('',(96.3718444024234,-34.8376034294873,2.8));
#18524=CARTESIAN_POINT('',(96.3718444024234,-34.8376034294873,-1.38777878078145E-16));
#18525=CARTESIAN_POINT('Origin',(100.268958719453,-32.5876034294873,2.8));
#18526=CARTESIAN_POINT('Origin',(94.3509206137768,-31.3372607493267,-1.38777878078145E-16));
#18527=CARTESIAN_POINT('',(94.3509206137768,-31.3372607493267,2.8));
#18528=CARTESIAN_POINT('',(94.3509206137768,-31.3372607493267,-1.38777878078145E-16));
#18529=CARTESIAN_POINT('',(95.3296429214927,-33.0324575127919,2.8));
#18530=CARTESIAN_POINT('Origin',(81.7032100654016,-38.587432089407,-1.38777878078145E-16));
#18531=CARTESIAN_POINT('',(77.8060957483716,-36.337432089407,2.8));
#18532=CARTESIAN_POINT('',(77.8060957483716,-36.337432089407,-1.38777878078145E-16));
#18533=CARTESIAN_POINT('',(77.8060957483716,-40.837432089407,2.8));
#18534=CARTESIAN_POINT('Origin',(81.7032100654016,-38.587432089407,2.8));
#18535=CARTESIAN_POINT('',(77.8060957483716,-40.837432089407,-1.38777878078145E-16));
#18536=CARTESIAN_POINT('Origin',(79.8268216905352,-32.837432089407,-1.38777878078145E-16));
#18537=CARTESIAN_POINT('',(79.8268216905352,-32.837432089407,2.8));
#18538=CARTESIAN_POINT('',(79.8268216905352,-32.837432089407,-1.38777878078145E-16));
#18539=CARTESIAN_POINT('',(75.0193942041365,-41.1641407495527,2.8));
#18540=CARTESIAN_POINT('Origin',(83.7239360075652,-35.087432089407,-1.38777878078145E-16));
#18541=CARTESIAN_POINT('',(83.7239360075652,-30.587432089407,2.8));
#18542=CARTESIAN_POINT('',(83.7239360075652,-30.587432089407,-1.38777878078145E-16));
#18543=CARTESIAN_POINT('Origin',(83.7239360075652,-35.087432089407,2.8));
#18544=CARTESIAN_POINT('Origin',(87.7653878918926,-30.587432089407,-1.38777878078145E-16));
#18545=CARTESIAN_POINT('',(87.7653878918926,-30.587432089407,2.8));
#18546=CARTESIAN_POINT('',(87.7653878918926,-30.587432089407,-1.38777878078145E-16));
#18547=CARTESIAN_POINT('',(79.1201259193894,-30.587432089407,2.8));
#18548=CARTESIAN_POINT('Origin',(87.7653878918926,-35.087432089407,-1.38777878078145E-16));
#18549=CARTESIAN_POINT('',(91.6625022089226,-32.837432089407,2.8));
#18550=CARTESIAN_POINT('',(91.6625022089226,-32.837432089407,-1.38777878078145E-16));
#18551=CARTESIAN_POINT('Origin',(87.7653878918926,-35.087432089407,2.8));
#18552=CARTESIAN_POINT('Origin',(93.6832281510863,-36.337432089407,-1.38777878078145E-16));
#18553=CARTESIAN_POINT('',(93.6832281510863,-36.337432089407,2.8));
#18554=CARTESIAN_POINT('',(93.6832281510863,-36.337432089407,-1.38777878078145E-16));
#18555=CARTESIAN_POINT('',(93.6628431656925,-36.3021242589933,2.8));
#18556=CARTESIAN_POINT('Origin',(74.1473754720644,-6.5,1.5));
#18557=CARTESIAN_POINT('',(75.8794262796333,-5.5,2.8));
#18558=CARTESIAN_POINT('',(75.8794262796333,-5.5,1.5));
#18559=CARTESIAN_POINT('',(74.1473754720644,-4.5,2.8));
#18560=CARTESIAN_POINT('Origin',(74.1473754720644,-6.5,2.8));
#18561=CARTESIAN_POINT('',(74.1473754720644,-4.5,0.800000000000001));
#18562=CARTESIAN_POINT('Origin',(77.2288444024234,-7.83726074932667,-1.38777878078145E-16));
#18563=CARTESIAN_POINT('',(77.2288444024234,-7.83726074932667,2.8));
#18564=CARTESIAN_POINT('',(77.2288444024234,-7.83726074932667,-1.38777878078145E-16));
#18565=CARTESIAN_POINT('',(85.4357254837922,-22.0519957539331,2.8));
#18566=CARTESIAN_POINT('Origin',(73.3317300853934,-10.0872607493267,-1.38777878078145E-16));
#18567=CARTESIAN_POINT('',(77.2288444024234,-12.3372607493267,2.8));
#18568=CARTESIAN_POINT('',(77.2288444024234,-12.3372607493267,-1.38777878078145E-16));
#18569=CARTESIAN_POINT('Origin',(73.3317300853934,-10.0872607493267,2.8));
#18570=CARTESIAN_POINT('Origin',(75.2079206137767,-15.8376034294873,-1.38777878078145E-16));
#18571=CARTESIAN_POINT('',(75.2079206137767,-15.8376034294873,2.8));
#18572=CARTESIAN_POINT('',(75.2079206137767,-15.8376034294873,-1.38777878078145E-16));
#18573=CARTESIAN_POINT('',(67.2972848921046,-29.5392264195929,2.8));
#18574=CARTESIAN_POINT('Origin',(71.3108062967468,-13.5876034294874,-1.38777878078145E-16));
#18575=CARTESIAN_POINT('Origin',(71.3108062967468,-13.5876034294874,2.8));
#18576=CARTESIAN_POINT('Origin',(137.142424491638,-69.4501909812138,-1.38777878078145E-16));
#18577=CARTESIAN_POINT('',(137.84259946372,-69.4501909812138,-1.38777878078145E-16));
#18578=CARTESIAN_POINT('',(137.142424491638,-69.4501909812138,-1.38777878078145E-16));
#18579=CARTESIAN_POINT('Origin',(137.142424491638,-69.2501909812138,-1.38777878078145E-16));
#18580=CARTESIAN_POINT('',(136.942424491638,-69.2501909812138,-1.38777878078145E-16));
#18581=CARTESIAN_POINT('Origin',(136.942424491638,-68.7500795541825,-1.38777878078145E-16));
#18582=CARTESIAN_POINT('',(136.942424491638,-68.7500795541825,-1.38777878078145E-16));
#18583=CARTESIAN_POINT('Origin',(136.949764268179,-8.20023296158982,-1.38777878078145E-16));
#18584=CARTESIAN_POINT('Origin',(106.331730085393,-48.0872607493267,-1.38777878078145E-16));
#18585=CARTESIAN_POINT('',(110.228844402423,-50.3372607493267,2.8));
#18586=CARTESIAN_POINT('',(110.228844402423,-50.3372607493267,-1.38777878078145E-16));
#18587=CARTESIAN_POINT('',(110.228844402423,-45.8372607493267,2.8));
#18588=CARTESIAN_POINT('Origin',(106.331730085393,-48.0872607493267,2.8));
#18589=CARTESIAN_POINT('',(110.228844402423,-45.8372607493267,-1.38777878078145E-16));
#18590=CARTESIAN_POINT('Origin',(108.207920613777,-53.8376034294873,-1.38777878078145E-16));
#18591=CARTESIAN_POINT('',(108.207920613777,-53.8376034294873,2.8));
#18592=CARTESIAN_POINT('',(108.207920613777,-53.8376034294873,-1.38777878078145E-16));
#18593=CARTESIAN_POINT('',(104.399526228057,-60.4339360008144,2.8));
#18594=CARTESIAN_POINT('Origin',(104.310806296747,-51.5876034294874,-1.38777878078145E-16));
#18595=CARTESIAN_POINT('',(104.310806296747,-56.0876034294873,2.8));
#18596=CARTESIAN_POINT('',(104.310806296747,-56.0876034294873,-1.38777878078145E-16));
#18597=CARTESIAN_POINT('Origin',(104.310806296747,-51.5876034294874,2.8));
#18598=CARTESIAN_POINT('Origin',(100.268958719453,-56.0876034294873,-1.38777878078145E-16));
#18599=CARTESIAN_POINT('',(100.268958719453,-56.0876034294873,2.8));
#18600=CARTESIAN_POINT('',(100.268958719453,-56.0876034294873,-1.38777878078145E-16));
#18601=CARTESIAN_POINT('',(85.3719113331698,-56.0876034294874,2.8));
#18602=CARTESIAN_POINT('Origin',(100.268958719453,-51.5876034294873,-1.38777878078145E-16));
#18603=CARTESIAN_POINT('',(96.3718444024234,-53.8376034294873,2.8));
#18604=CARTESIAN_POINT('',(96.3718444024234,-53.8376034294873,-1.38777878078145E-16));
#18605=CARTESIAN_POINT('Origin',(100.268958719453,-51.5876034294873,2.8));
#18606=CARTESIAN_POINT('Origin',(94.3509206137768,-50.3372607493267,-1.38777878078145E-16));
#18607=CARTESIAN_POINT('',(94.3509206137768,-50.3372607493267,2.8));
#18608=CARTESIAN_POINT('',(94.3509206137768,-50.3372607493267,-1.38777878078145E-16));
#18609=CARTESIAN_POINT('',(91.2160222535167,-44.9074575127919,2.8));
#18610=CARTESIAN_POINT('Origin',(71.3108062967467,-25.5869180691661,-1.38777878078145E-16));
#18611=CARTESIAN_POINT('',(75.2079206137767,-23.336918069166,2.8));
#18612=CARTESIAN_POINT('',(75.2079206137767,-23.336918069166,-1.38777878078145E-16));
#18613=CARTESIAN_POINT('',(71.3108062967467,-21.086918069166,2.8));
#18614=CARTESIAN_POINT('Origin',(71.3108062967467,-25.5869180691661,2.8));
#18615=CARTESIAN_POINT('',(71.3108062967467,-21.086918069166,-1.38777878078145E-16));
#18616=CARTESIAN_POINT('Origin',(77.2288444024234,-26.8372607493267,-1.38777878078145E-16));
#18617=CARTESIAN_POINT('',(77.2288444024234,-26.8372607493267,2.8));
#18618=CARTESIAN_POINT('',(77.2288444024234,-26.8372607493267,-1.38777878078145E-16));
#18619=CARTESIAN_POINT('',(81.3221048158161,-33.9269957539331,2.8));
#18620=CARTESIAN_POINT('Origin',(73.3317300853934,-29.0872607493267,-1.38777878078145E-16));
#18621=CARTESIAN_POINT('',(77.2288444024234,-31.3372607493267,2.8));
#18622=CARTESIAN_POINT('',(77.2288444024234,-31.3372607493267,-1.38777878078145E-16));
#18623=CARTESIAN_POINT('Origin',(73.3317300853934,-29.0872607493267,2.8));
#18624=CARTESIAN_POINT('Origin',(75.2079206137767,-34.8376034294873,-1.38777878078145E-16));
#18625=CARTESIAN_POINT('',(75.2079206137767,-34.8376034294873,2.8));
#18626=CARTESIAN_POINT('',(75.2079206137767,-34.8376034294873,-1.38777878078145E-16));
#18627=CARTESIAN_POINT('',(71.4109055600806,-41.4142264195929,2.8));
#18628=CARTESIAN_POINT('Origin',(71.3108062967468,-32.5876034294874,-1.38777878078145E-16));
#18629=CARTESIAN_POINT('',(71.3108062967468,-37.0876034294873,2.8));
#18630=CARTESIAN_POINT('',(71.3108062967468,-37.0876034294873,-1.38777878078145E-16));
#18631=CARTESIAN_POINT('Origin',(71.3108062967468,-32.5876034294874,2.8));
#18632=CARTESIAN_POINT('Origin',(67.2689587194534,-37.0876034294873,-1.38777878078145E-16));
#18633=CARTESIAN_POINT('',(67.2689587194534,-37.0876034294873,2.8));
#18634=CARTESIAN_POINT('',(67.2689587194534,-37.0876034294873,-1.38777878078145E-16));
#18635=CARTESIAN_POINT('',(68.8719113331698,-37.0876034294873,2.8));
#18636=CARTESIAN_POINT('Origin',(75.2079206137767,-72.8376034294873,-1.38777878078145E-16));
#18637=CARTESIAN_POINT('',(75.6303854098217,-72.1058729383282,2.8));
#18638=CARTESIAN_POINT('',(79.6381468960328,-65.1642264195928,2.8));
#18639=CARTESIAN_POINT('',(75.6303854098217,-72.1058729383282,-1.38777878078145E-16));
#18640=CARTESIAN_POINT('Origin',(23.322315510077,-71.1314217643487,-1.38777878078145E-16));
#18641=CARTESIAN_POINT('',(25.2264309899609,-71.7432585393681,2.8));
#18642=CARTESIAN_POINT('',(25.2264309899609,-71.7432585393681,-1.38777878078145E-16));
#18643=CARTESIAN_POINT('',(24.5678576046244,-69.566613504302,2.8));
#18644=CARTESIAN_POINT('Origin',(23.322315510077,-71.1314217643487,2.8));
#18645=CARTESIAN_POINT('',(24.5678576046244,-69.566613504302,-1.38777878078145E-16));
#18646=CARTESIAN_POINT('Origin',(29.0346619497289,-72.966932089407,-1.38777878078145E-16));
#18647=CARTESIAN_POINT('',(25.0370885176368,-73.1062398602998,2.8));
#18648=CARTESIAN_POINT('',(25.0370885176368,-73.1062398602998,0.8));
#18649=CARTESIAN_POINT('Origin',(29.0346619497289,-72.966932089407,2.8));
#18650=CARTESIAN_POINT('Origin',(23.0383018015907,-73.1758937457462,-1.38777878078145E-16));
#18651=CARTESIAN_POINT('',(22.6183663429204,-75.1313103792419,2.8));
#18652=CARTESIAN_POINT('',(22.6183663429204,-75.1313103792419,-1.38777878078145E-16));
#18653=CARTESIAN_POINT('Origin',(23.0383018015907,-73.1758937457462,2.8));
#18654=CARTESIAN_POINT('Origin',(20.4137051849012,-85.3972477050939,-1.38777878078145E-16));
#18655=CARTESIAN_POINT('',(14.9288175268735,-76.4437005097743,2.8));
#18656=CARTESIAN_POINT('',(14.9288175268735,-76.4437005097743,0.8));
#18657=CARTESIAN_POINT('Origin',(20.4137051849012,-85.3972477050939,2.8));
#18658=CARTESIAN_POINT('Origin',(13.8840770205825,-74.738262948761,-1.38777878078145E-16));
#18659=CARTESIAN_POINT('',(12.1520262130136,-73.738262948761,2.8));
#18660=CARTESIAN_POINT('',(12.1520262130136,-73.738262948761,-1.38777878078145E-16));
#18661=CARTESIAN_POINT('Origin',(13.8840770205825,-74.738262948761,2.8));
#18662=CARTESIAN_POINT('Origin',(9.20792061377675,-72.8376034294873,-1.38777878078145E-16));
#18663=CARTESIAN_POINT('',(9.20792061377675,-72.8376034294873,2.8));
#18664=CARTESIAN_POINT('',(9.20792061377675,-72.8376034294873,-1.38777878078145E-16));
#18665=CARTESIAN_POINT('',(11.2288444024234,-69.3372607493267,2.8));
#18666=CARTESIAN_POINT('',(21.8881468960326,-50.8748072571497,2.8));
#18667=CARTESIAN_POINT('',(11.2288444024234,-69.3372607493267,-1.38777878078145E-16));
#18668=CARTESIAN_POINT('Origin',(5.31080629674678,-70.5876034294874,-1.38777878078145E-16));
#18669=CARTESIAN_POINT('',(9.13794735915855,-72.9546672833792,2.8));
#18670=CARTESIAN_POINT('',(9.13794735915855,-72.9546672833792,0.8));
#18671=CARTESIAN_POINT('Origin',(5.31080629674678,-70.5876034294874,2.8));
#18672=CARTESIAN_POINT('Origin',(7.43699577586442,-71.9026389038717,-1.38777878078145E-16));
#18673=CARTESIAN_POINT('',(5.70444202667464,-72.9017672770893,2.8));
#18674=CARTESIAN_POINT('',(5.70444202667464,-72.9017672770893,-1.38777878078145E-16));
#18675=CARTESIAN_POINT('Origin',(7.43699577586442,-71.9026389038717,2.8));
#18676=CARTESIAN_POINT('Origin',(18.0281867958267,-94.2719442995792,3.));
#18677=CARTESIAN_POINT('',(3.26780964931689,-68.6764878495888,2.8));
#18678=CARTESIAN_POINT('',(3.26780964931689,-68.6764878495888,0.8));
#18679=CARTESIAN_POINT('',(4.50038319444211,-70.8138507490946,2.8));
#18680=CARTESIAN_POINT('',(18.0281867958268,-94.2719442995792,4.8));
#18681=CARTESIAN_POINT('',(4.5003831944421,-70.8138507490946,4.8));
#18682=CARTESIAN_POINT('',(18.0281867958267,-94.2719442995792,2.8));
#18683=CARTESIAN_POINT('',(18.0281867958267,-94.2719442995792,3.));
#18684=CARTESIAN_POINT('',(14.9156874685642,-88.8746675097779,2.8));
#18685=CARTESIAN_POINT('Origin',(5.00036339850667,-67.6773594763712,1.5));
#18686=CARTESIAN_POINT('',(3.0003633985465,-67.6773720993589,2.8));
#18687=CARTESIAN_POINT('',(3.00036339854651,-67.6773720993589,1.5));
#18688=CARTESIAN_POINT('Origin',(5.00036339850667,-67.6773594763712,2.8));
#18689=CARTESIAN_POINT('Origin',(3.00030917994869,-59.086918069166,-1.38777878078145E-16));
#18690=CARTESIAN_POINT('',(3.00032180301607,-61.0869306921537,2.8));
#18691=CARTESIAN_POINT('',(3.00032180301607,-61.0869306921537,-1.38777878078145E-16));
#18692=CARTESIAN_POINT('',(3.00027937751965,-54.3649885652482,2.8));
#18693=CARTESIAN_POINT('Origin',(23.7861138340561,-38.587432089407,-1.38777878078145E-16));
#18694=CARTESIAN_POINT('',(27.6832281510863,-40.837432089407,2.8));
#18695=CARTESIAN_POINT('',(27.6832281510863,-40.837432089407,-1.38777878078145E-16));
#18696=CARTESIAN_POINT('',(27.6832281510863,-36.337432089407,2.8));
#18697=CARTESIAN_POINT('Origin',(23.7861138340561,-38.587432089407,2.8));
#18698=CARTESIAN_POINT('',(27.6832281510863,-36.337432089407,-1.38777878078145E-16));
#18699=CARTESIAN_POINT('Origin',(25.6625022089226,-44.3374320894069,-1.38777878078145E-16));
#18700=CARTESIAN_POINT('',(25.6625022089226,-44.3374320894069,2.8));
#18701=CARTESIAN_POINT('',(25.6625022089226,-44.3374320894069,-1.38777878078145E-16));
#18702=CARTESIAN_POINT('',(30.1154376936057,-36.6247215871095,2.8));
#18703=CARTESIAN_POINT('Origin',(21.7653878918926,-42.0874320894069,-1.38777878078145E-16));
#18704=CARTESIAN_POINT('',(21.7653878918926,-46.587432089407,2.8));
#18705=CARTESIAN_POINT('',(21.7653878918926,-46.587432089407,-1.38777878078145E-16));
#18706=CARTESIAN_POINT('Origin',(21.7653878918926,-42.0874320894069,2.8));
#18707=CARTESIAN_POINT('Origin',(17.7239360075653,-46.587432089407,-1.38777878078145E-16));
#18708=CARTESIAN_POINT('',(17.7239360075653,-46.587432089407,2.8));
#18709=CARTESIAN_POINT('',(17.7239360075653,-46.587432089407,-1.38777878078145E-16));
#18710=CARTESIAN_POINT('',(44.0993999772257,-46.5874320894069,2.8));
#18711=CARTESIAN_POINT('Origin',(17.7239360075653,-42.0874320894069,-1.38777878078145E-16));
#18712=CARTESIAN_POINT('',(13.8268216905353,-44.337432089407,2.8));
#18713=CARTESIAN_POINT('',(13.8268216905353,-44.337432089407,-1.38777878078145E-16));
#18714=CARTESIAN_POINT('Origin',(17.7239360075653,-42.0874320894069,2.8));
#18715=CARTESIAN_POINT('Origin',(11.8060957483716,-40.837432089407,-1.38777878078145E-16));
#18716=CARTESIAN_POINT('',(11.8060957483716,-40.837432089407,2.8));
#18717=CARTESIAN_POINT('',(11.8060957483716,-40.837432089407,-1.38777878078145E-16));
#18718=CARTESIAN_POINT('',(21.0460737340598,-56.8415434214367,2.8));
#18719=CARTESIAN_POINT('Origin',(38.3108062967467,-59.086918069166,-1.38777878078145E-16));
#18720=CARTESIAN_POINT('',(38.3108062967467,-59.086918069166,2.8));
#18721=CARTESIAN_POINT('',(38.3108062967467,-59.086918069166,-1.38777878078145E-16));
#18722=CARTESIAN_POINT('',(34.2689587194534,-59.086918069166,2.8));
#18723=CARTESIAN_POINT('',(54.3928351218165,-59.0869180691659,2.8));
#18724=CARTESIAN_POINT('',(34.2689587194534,-59.086918069166,-1.38777878078145E-16));
#18725=CARTESIAN_POINT('Origin',(38.3108062967467,-63.586918069166,-1.38777878078145E-16));
#18726=CARTESIAN_POINT('',(42.2079206137767,-61.336918069166,2.8));
#18727=CARTESIAN_POINT('',(42.2079206137767,-61.336918069166,-1.38777878078145E-16));
#18728=CARTESIAN_POINT('Origin',(38.3108062967467,-63.586918069166,2.8));
#18729=CARTESIAN_POINT('Origin',(44.2288444024234,-64.8372607493267,-1.38777878078145E-16));
#18730=CARTESIAN_POINT('',(44.2198634798639,-64.8217053351548,2.8));
#18731=CARTESIAN_POINT('Origin',(71.3108062967467,-44.586918069166,-1.38777878078145E-16));
#18732=CARTESIAN_POINT('',(75.2079206137767,-42.336918069166,2.8));
#18733=CARTESIAN_POINT('',(75.2079206137767,-42.336918069166,-1.38777878078145E-16));
#18734=CARTESIAN_POINT('',(71.3108062967467,-40.086918069166,2.8));
#18735=CARTESIAN_POINT('Origin',(71.3108062967467,-44.586918069166,2.8));
#18736=CARTESIAN_POINT('',(71.3108062967467,-40.086918069166,-1.38777878078145E-16));
#18737=CARTESIAN_POINT('Origin',(77.2288444024234,-45.8372607493267,-1.38777878078145E-16));
#18738=CARTESIAN_POINT('',(77.2288444024234,-45.8372607493267,2.8));
#18739=CARTESIAN_POINT('',(77.2288444024234,-45.8372607493267,-1.38777878078145E-16));
#18740=CARTESIAN_POINT('',(77.20848414784,-45.8019957539331,2.8));
#18741=CARTESIAN_POINT('Origin',(73.3317300853934,-48.0872607493267,-1.38777878078145E-16));
#18742=CARTESIAN_POINT('',(77.2288444024234,-50.3372607493267,2.8));
#18743=CARTESIAN_POINT('',(77.2288444024234,-50.3372607493267,-1.38777878078145E-16));
#18744=CARTESIAN_POINT('Origin',(73.3317300853934,-48.0872607493267,2.8));
#18745=CARTESIAN_POINT('Origin',(75.2079206137767,-53.8376034294873,-1.38777878078145E-16));
#18746=CARTESIAN_POINT('',(75.2079206137767,-53.8376034294873,2.8));
#18747=CARTESIAN_POINT('',(75.2079206137767,-53.8376034294873,-1.38777878078145E-16));
#18748=CARTESIAN_POINT('',(75.5245262280567,-53.2892264195928,2.8));
#18749=CARTESIAN_POINT('Origin',(71.3108062967468,-51.5876034294874,-1.38777878078145E-16));
#18750=CARTESIAN_POINT('',(71.3108062967468,-56.0876034294873,2.8));
#18751=CARTESIAN_POINT('',(71.3108062967468,-56.0876034294873,-1.38777878078145E-16));
#18752=CARTESIAN_POINT('Origin',(71.3108062967468,-51.5876034294874,2.8));
#18753=CARTESIAN_POINT('Origin',(67.2689587194534,-56.0876034294873,-1.38777878078145E-16));
#18754=CARTESIAN_POINT('',(67.2689587194534,-56.0876034294873,2.8));
#18755=CARTESIAN_POINT('',(67.2689587194534,-56.0876034294873,-1.38777878078145E-16));
#18756=CARTESIAN_POINT('',(68.8719113331698,-56.0876034294873,2.8));
#18757=CARTESIAN_POINT('Origin',(112.826821690535,-51.837432089407,-1.38777878078145E-16));
#18758=CARTESIAN_POINT('',(112.826821690535,-51.837432089407,2.8));
#18759=CARTESIAN_POINT('',(112.826821690535,-51.837432089407,-1.38777878078145E-16));
#18760=CARTESIAN_POINT('',(110.806095748372,-55.337432089407,2.8));
#18761=CARTESIAN_POINT('',(108.008014872113,-60.1838503307744,2.8));
#18762=CARTESIAN_POINT('',(110.806095748372,-55.337432089407,-1.38777878078145E-16));
#18763=CARTESIAN_POINT('Origin',(116.723936007565,-54.087432089407,-1.38777878078145E-16));
#18764=CARTESIAN_POINT('',(113.161752314815,-51.3377325896247,2.8));
#18765=CARTESIAN_POINT('',(113.161752314815,-51.3377325896247,0.8));
#18766=CARTESIAN_POINT('Origin',(116.723936007565,-54.087432089407,2.8));
#18767=CARTESIAN_POINT('Origin',(114.744945067148,-52.5598212561946,-1.38777878078145E-16));
#18768=CARTESIAN_POINT('',(116.078184028008,-51.0690248672654,2.8));
#18769=CARTESIAN_POINT('',(116.078184028008,-51.0690248672654,-1.38777878078145E-16));
#18770=CARTESIAN_POINT('Origin',(114.744945067148,-52.5598212561946,2.8));
#18771=CARTESIAN_POINT('Origin',(118.744661949729,-48.087432089407,-1.38777878078145E-16));
#18772=CARTESIAN_POINT('',(121.411139871449,-51.0690248672654,2.8));
#18773=CARTESIAN_POINT('',(121.411139871449,-51.0690248672654,0.8));
#18774=CARTESIAN_POINT('Origin',(118.744661949729,-48.087432089407,2.8));
#18775=CARTESIAN_POINT('Origin',(122.74437883231,-52.5598212561947,-1.38777878078145E-16));
#18776=CARTESIAN_POINT('',(124.327571584643,-51.3377325896248,2.8));
#18777=CARTESIAN_POINT('',(124.327571584643,-51.3377325896248,-1.38777878078145E-16));
#18778=CARTESIAN_POINT('Origin',(122.74437883231,-52.5598212561947,2.8));
#18779=CARTESIAN_POINT('Origin',(120.765387891893,-54.087432089407,-1.38777878078145E-16));
#18780=CARTESIAN_POINT('',(124.662502208923,-51.837432089407,2.8));
#18781=CARTESIAN_POINT('',(124.662502208923,-51.837432089407,-1.38777878078145E-16));
#18782=CARTESIAN_POINT('Origin',(120.765387891893,-54.087432089407,2.8));
#18783=CARTESIAN_POINT('Origin',(126.683228151086,-55.337432089407,-1.38777878078145E-16));
#18784=CARTESIAN_POINT('',(126.683228151086,-55.337432089407,2.8));
#18785=CARTESIAN_POINT('',(126.683228151086,-55.337432089407,-1.38777878078145E-16));
#18786=CARTESIAN_POINT('',(118.424222497716,-41.0324146777717,2.8));
#18787=CARTESIAN_POINT('Origin',(81.7032100654016,-57.587432089407,-1.38777878078145E-16));
#18788=CARTESIAN_POINT('',(77.8060957483715,-55.337432089407,2.8));
#18789=CARTESIAN_POINT('',(77.8060957483715,-55.337432089407,-1.38777878078145E-16));
#18790=CARTESIAN_POINT('',(77.8060957483716,-59.837432089407,2.8));
#18791=CARTESIAN_POINT('Origin',(81.7032100654016,-57.587432089407,2.8));
#18792=CARTESIAN_POINT('',(77.8060957483716,-59.837432089407,-1.38777878078145E-16));
#18793=CARTESIAN_POINT('Origin',(79.8268216905352,-51.837432089407,-1.38777878078145E-16));
#18794=CARTESIAN_POINT('',(79.8268216905352,-51.837432089407,2.8));
#18795=CARTESIAN_POINT('',(79.8268216905352,-51.837432089407,-1.38777878078145E-16));
#18796=CARTESIAN_POINT('',(79.1330148721126,-53.0391407495527,2.8));
#18797=CARTESIAN_POINT('Origin',(83.7239360075652,-54.087432089407,-1.38777878078145E-16));
#18798=CARTESIAN_POINT('',(83.7239360075652,-49.587432089407,2.8));
#18799=CARTESIAN_POINT('',(83.7239360075652,-49.587432089407,-1.38777878078145E-16));
#18800=CARTESIAN_POINT('Origin',(83.7239360075652,-54.087432089407,2.8));
#18801=CARTESIAN_POINT('Origin',(87.7653878918926,-49.587432089407,-1.38777878078145E-16));
#18802=CARTESIAN_POINT('',(87.7653878918926,-49.587432089407,2.8));
#18803=CARTESIAN_POINT('',(87.7653878918926,-49.587432089407,-1.38777878078145E-16));
#18804=CARTESIAN_POINT('',(79.1201259193894,-49.587432089407,2.8));
#18805=CARTESIAN_POINT('Origin',(87.7653878918926,-54.087432089407,-1.38777878078145E-16));
#18806=CARTESIAN_POINT('',(91.6625022089226,-51.837432089407,2.8));
#18807=CARTESIAN_POINT('',(91.6625022089226,-51.837432089407,-1.38777878078145E-16));
#18808=CARTESIAN_POINT('Origin',(87.7653878918926,-54.087432089407,2.8));
#18809=CARTESIAN_POINT('Origin',(93.6832281510863,-55.337432089407,-1.38777878078145E-16));
#18810=CARTESIAN_POINT('',(93.6832281510863,-55.337432089407,2.8));
#18811=CARTESIAN_POINT('',(93.6832281510863,-55.337432089407,-1.38777878078145E-16));
#18812=CARTESIAN_POINT('',(89.5492224977164,-48.1771242589934,2.8));
#18813=CARTESIAN_POINT('Origin',(50.7239360075652,-35.087432089407,-1.38777878078145E-16));
#18814=CARTESIAN_POINT('',(50.7239360075652,-30.587432089407,2.8));
#18815=CARTESIAN_POINT('',(50.7239360075652,-30.587432089407,-1.38777878078145E-16));
#18816=CARTESIAN_POINT('',(46.8268216905352,-32.837432089407,2.8));
#18817=CARTESIAN_POINT('Origin',(50.7239360075652,-35.087432089407,2.8));
#18818=CARTESIAN_POINT('',(46.8268216905352,-32.837432089407,-1.38777878078145E-16));
#18819=CARTESIAN_POINT('Origin',(54.7653878918926,-30.587432089407,-1.38777878078145E-16));
#18820=CARTESIAN_POINT('',(54.7653878918926,-30.587432089407,2.8));
#18821=CARTESIAN_POINT('',(54.7653878918926,-30.587432089407,-1.38777878078145E-16));
#18822=CARTESIAN_POINT('',(62.6201259193894,-30.587432089407,2.8));
#18823=CARTESIAN_POINT('Origin',(54.7653878918926,-35.087432089407,-1.38777878078145E-16));
#18824=CARTESIAN_POINT('',(58.6625022089226,-32.837432089407,2.8));
#18825=CARTESIAN_POINT('',(58.6625022089226,-32.837432089407,-1.38777878078145E-16));
#18826=CARTESIAN_POINT('Origin',(54.7653878918926,-35.087432089407,2.8));
#18827=CARTESIAN_POINT('Origin',(60.6832281510863,-36.337432089407,-1.38777878078145E-16));
#18828=CARTESIAN_POINT('',(60.6832281510863,-36.337432089407,2.8));
#18829=CARTESIAN_POINT('',(60.6832281510863,-36.337432089407,-1.38777878078145E-16));
#18830=CARTESIAN_POINT('',(64.7878431656925,-43.446833840215,2.8));
#18831=CARTESIAN_POINT('Origin',(56.7861138340561,-38.587432089407,-1.38777878078145E-16));
#18832=CARTESIAN_POINT('',(60.6832281510863,-40.837432089407,2.8));
#18833=CARTESIAN_POINT('',(60.6832281510863,-40.837432089407,-1.38777878078145E-16));
#18834=CARTESIAN_POINT('Origin',(56.7861138340561,-38.587432089407,2.8));
#18835=CARTESIAN_POINT('Origin',(58.6625022089226,-44.3374320894069,-1.38777878078145E-16));
#18836=CARTESIAN_POINT('',(58.6625022089226,-44.3374320894069,2.8));
#18837=CARTESIAN_POINT('',(58.6625022089226,-44.3374320894069,-1.38777878078145E-16));
#18838=CARTESIAN_POINT('',(58.9904376936057,-43.7694311683311,2.8));
#18839=CARTESIAN_POINT('Origin',(32.2480349308068,-29.0872607493267,-1.38777878078145E-16));
#18840=CARTESIAN_POINT('',(28.3509206137767,-26.8372607493267,2.8));
#18841=CARTESIAN_POINT('',(28.3509206137767,-26.8372607493267,-1.38777878078145E-16));
#18842=CARTESIAN_POINT('',(28.3509206137768,-31.3372607493267,2.8));
#18843=CARTESIAN_POINT('Origin',(32.2480349308068,-29.0872607493267,2.8));
#18844=CARTESIAN_POINT('',(28.3509206137768,-31.3372607493267,-1.38777878078145E-16));
#18845=CARTESIAN_POINT('Origin',(30.3718444024234,-23.336918069166,-1.38777878078145E-16));
#18846=CARTESIAN_POINT('',(29.6893674544039,-24.5190028181303,2.8));
#18847=CARTESIAN_POINT('Origin',(135.943959413782,-56.0876034294873,-1.38777878078145E-16));
#18848=CARTESIAN_POINT('',(135.944201821888,-54.0878458669798,2.8));
#18849=CARTESIAN_POINT('',(135.944201821888,-54.0878458669798,0.8));
#18850=CARTESIAN_POINT('',(135.945656529932,-42.0871605066584,2.8));
#18851=CARTESIAN_POINT('',(135.944349558384,-52.8690864007579,2.8));
#18852=CARTESIAN_POINT('',(135.945656529932,-42.0871605066584,-1.38777878078145E-16));
#18853=CARTESIAN_POINT('Origin',(133.944201836582,-54.0876034294873,-1.38777878078145E-16));
#18854=CARTESIAN_POINT('',(133.944201836582,-56.0876034294873,2.8));
#18855=CARTESIAN_POINT('',(133.944201836582,-56.0876034294873,-1.38777878078145E-16));
#18856=CARTESIAN_POINT('Origin',(133.944201836582,-54.0876034294873,2.8));
#18857=CARTESIAN_POINT('Origin',(133.268958719453,-56.0876034294873,-1.38777878078145E-16));
#18858=CARTESIAN_POINT('',(133.268958719453,-56.0876034294873,2.8));
#18859=CARTESIAN_POINT('',(133.268958719453,-56.0876034294873,-1.38777878078145E-16));
#18860=CARTESIAN_POINT('',(101.87191133317,-56.0876034294874,2.8));
#18861=CARTESIAN_POINT('Origin',(133.268958719453,-51.5876034294873,-1.38777878078145E-16));
#18862=CARTESIAN_POINT('',(129.371844402423,-53.8376034294873,2.8));
#18863=CARTESIAN_POINT('',(129.371844402423,-53.8376034294873,-1.38777878078145E-16));
#18864=CARTESIAN_POINT('Origin',(133.268958719453,-51.5876034294873,2.8));
#18865=CARTESIAN_POINT('Origin',(127.350920613777,-50.3372607493267,-1.38777878078145E-16));
#18866=CARTESIAN_POINT('',(127.350920613777,-50.3372607493267,2.8));
#18867=CARTESIAN_POINT('',(127.350920613777,-50.3372607493267,-1.38777878078145E-16));
#18868=CARTESIAN_POINT('',(120.091022253517,-37.7627479315703,2.8));
#18869=CARTESIAN_POINT('Origin',(3.00006934318225,-21.086918069166,-1.38777878078145E-16));
#18870=CARTESIAN_POINT('',(3.00015770850151,-35.087616052475,2.8));
#18871=CARTESIAN_POINT('',(3.00015945913642,-35.3649885652482,2.8));
#18872=CARTESIAN_POINT('',(3.00015770850152,-35.087616052475,-1.38777878078145E-16));
#18873=CARTESIAN_POINT('Origin',(3.00018926156547,-40.086918069166,-1.38777878078145E-16));
#18874=CARTESIAN_POINT('',(3.00020188463284,-42.0869306921537,2.8));
#18875=CARTESIAN_POINT('',(3.00020188463284,-42.0869306921537,0.8));
#18876=CARTESIAN_POINT('',(3.00027762688474,-54.087616052475,2.8));
#18877=CARTESIAN_POINT('',(3.00021941832804,-44.8649885652482,2.8));
#18878=CARTESIAN_POINT('',(3.00027762688474,-54.087616052475,-1.38777878078145E-16));
#18879=CARTESIAN_POINT('Origin',(5.00020188459301,-42.086918069166,-1.38777878078145E-16));
#18880=CARTESIAN_POINT('',(5.00020188459301,-40.086918069166,2.8));
#18881=CARTESIAN_POINT('',(5.00020188459301,-40.086918069166,-1.38777878078145E-16));
#18882=CARTESIAN_POINT('Origin',(5.00020188459301,-42.086918069166,2.8));
#18883=CARTESIAN_POINT('Origin',(5.31080629674675,-40.086918069166,-1.38777878078145E-16));
#18884=CARTESIAN_POINT('',(5.31080629674675,-40.086918069166,2.8));
#18885=CARTESIAN_POINT('',(5.31080629674675,-40.086918069166,-1.38777878078145E-16));
#18886=CARTESIAN_POINT('',(37.8928351218165,-40.0869180691659,2.8));
#18887=CARTESIAN_POINT('Origin',(5.31080629674673,-44.586918069166,-1.38777878078145E-16));
#18888=CARTESIAN_POINT('',(9.20792061377672,-42.336918069166,2.8));
#18889=CARTESIAN_POINT('',(9.20792061377672,-42.336918069166,-1.38777878078145E-16));
#18890=CARTESIAN_POINT('Origin',(5.31080629674673,-44.586918069166,2.8));
#18891=CARTESIAN_POINT('Origin',(11.2288444024234,-45.8372607493267,-1.38777878078145E-16));
#18892=CARTESIAN_POINT('',(11.2288444024234,-45.8372607493267,2.8));
#18893=CARTESIAN_POINT('',(11.2288444024234,-45.8372607493267,-1.38777878078145E-16));
#18894=CARTESIAN_POINT('',(19.45848414784,-60.0914149163764,2.8));
#18895=CARTESIAN_POINT('Origin',(135.946262569977,-37.0876034294873,-1.38777878078145E-16));
#18896=CARTESIAN_POINT('',(135.946504978083,-35.0878458669798,2.8));
#18897=CARTESIAN_POINT('',(135.946504978083,-35.0878458669798,0.8));
#18898=CARTESIAN_POINT('',(135.947959686127,-23.0871605066585,2.8));
#18899=CARTESIAN_POINT('',(135.945501136481,-43.3690864007579,2.8));
#18900=CARTESIAN_POINT('',(135.947959686127,-23.0871605066585,-1.38777878078145E-16));
#18901=CARTESIAN_POINT('Origin',(133.946504992777,-35.0876034294873,-1.38777878078145E-16));
#18902=CARTESIAN_POINT('',(133.946504992777,-37.0876034294873,2.8));
#18903=CARTESIAN_POINT('',(133.946504992777,-37.0876034294873,-1.38777878078145E-16));
#18904=CARTESIAN_POINT('Origin',(133.946504992777,-35.0876034294873,2.8));
#18905=CARTESIAN_POINT('Origin',(133.268958719453,-37.0876034294873,-1.38777878078145E-16));
#18906=CARTESIAN_POINT('',(133.268958719453,-37.0876034294873,2.8));
#18907=CARTESIAN_POINT('',(133.268958719453,-37.0876034294873,-1.38777878078145E-16));
#18908=CARTESIAN_POINT('',(101.87191133317,-37.0876034294874,2.8));
#18909=CARTESIAN_POINT('Origin',(133.268958719453,-32.5876034294873,-1.38777878078145E-16));
#18910=CARTESIAN_POINT('',(129.371844402423,-34.8376034294873,2.8));
#18911=CARTESIAN_POINT('',(129.371844402423,-34.8376034294873,-1.38777878078145E-16));
#18912=CARTESIAN_POINT('Origin',(133.268958719453,-32.5876034294873,2.8));
#18913=CARTESIAN_POINT('Origin',(127.350920613777,-31.3372607493267,-1.38777878078145E-16));
#18914=CARTESIAN_POINT('',(127.350920613777,-31.3372607493267,2.8));
#18915=CARTESIAN_POINT('',(127.350920613777,-31.3372607493267,-1.38777878078145E-16));
#18916=CARTESIAN_POINT('',(124.204642921493,-25.8877479315703,2.8));
#18917=CARTESIAN_POINT('Origin',(104.310806296747,-59.086918069166,-1.38777878078145E-16));
#18918=CARTESIAN_POINT('',(104.310806296747,-59.086918069166,2.8));
#18919=CARTESIAN_POINT('',(104.310806296747,-59.086918069166,-1.38777878078145E-16));
#18920=CARTESIAN_POINT('',(100.268958719453,-59.086918069166,2.8));
#18921=CARTESIAN_POINT('',(87.3928351218165,-59.0869180691661,2.8));
#18922=CARTESIAN_POINT('',(100.268958719453,-59.086918069166,-1.38777878078145E-16));
#18923=CARTESIAN_POINT('Origin',(104.310806296747,-63.586918069166,-1.38777878078145E-16));
#18924=CARTESIAN_POINT('',(108.207920613777,-61.336918069166,2.8));
#18925=CARTESIAN_POINT('',(108.207920613777,-61.336918069166,-1.38777878078145E-16));
#18926=CARTESIAN_POINT('Origin',(104.310806296747,-63.586918069166,2.8));
#18927=CARTESIAN_POINT('Origin',(110.228844402423,-64.8372607493267,-1.38777878078145E-16));
#18928=CARTESIAN_POINT('',(109.139344163824,-62.9501909812138,2.8));
#18929=CARTESIAN_POINT('',(109.139344163824,-62.9501909812138,0.8));
#18930=CARTESIAN_POINT('',(101.969863479864,-50.5322861727115,2.8));
#18931=CARTESIAN_POINT('Origin',(107.407293356255,-63.9501909812138,-1.38777878078145E-16));
#18932=CARTESIAN_POINT('',(107.407293356255,-65.9501909812138,2.8));
#18933=CARTESIAN_POINT('',(107.407293356255,-65.9501909812138,-1.38777878078145E-16));
#18934=CARTESIAN_POINT('Origin',(107.407293356255,-63.9501909812138,2.8));
#18935=CARTESIAN_POINT('Origin',(21.7653878918926,-49.587432089407,-1.38777878078145E-16));
#18936=CARTESIAN_POINT('',(21.7653878918926,-49.587432089407,2.8));
#18937=CARTESIAN_POINT('',(21.7653878918926,-49.587432089407,-1.38777878078145E-16));
#18938=CARTESIAN_POINT('',(17.7239360075652,-49.587432089407,2.8));
#18939=CARTESIAN_POINT('',(46.1201259193894,-49.5874320894069,2.8));
#18940=CARTESIAN_POINT('',(17.7239360075652,-49.587432089407,-1.38777878078145E-16));
#18941=CARTESIAN_POINT('Origin',(21.7653878918926,-54.087432089407,-1.38777878078145E-16));
#18942=CARTESIAN_POINT('',(25.6625022089226,-51.837432089407,2.8));
#18943=CARTESIAN_POINT('',(25.6625022089226,-51.837432089407,-1.38777878078145E-16));
#18944=CARTESIAN_POINT('Origin',(21.7653878918926,-54.087432089407,2.8));
#18945=CARTESIAN_POINT('Origin',(27.6832281510863,-55.337432089407,-1.38777878078145E-16));
#18946=CARTESIAN_POINT('',(27.6832281510863,-55.337432089407,2.8));
#18947=CARTESIAN_POINT('',(27.6832281510863,-55.337432089407,-1.38777878078145E-16));
#18948=CARTESIAN_POINT('',(31.7992224977164,-62.4665434214366,2.8));
#18949=CARTESIAN_POINT('Origin',(23.7861138340561,-57.587432089407,-1.38777878078145E-16));
#18950=CARTESIAN_POINT('',(27.6832281510863,-59.837432089407,2.8));
#18951=CARTESIAN_POINT('',(27.6832281510863,-59.837432089407,-1.38777878078145E-16));
#18952=CARTESIAN_POINT('Origin',(23.7861138340561,-57.587432089407,2.8));
#18953=CARTESIAN_POINT('Origin',(25.6625022089226,-63.337432089407,-1.38777878078145E-16));
#18954=CARTESIAN_POINT('',(25.6625022089226,-63.337432089407,2.8));
#18955=CARTESIAN_POINT('',(25.6625022089226,-63.337432089407,-1.38777878078145E-16));
#18956=CARTESIAN_POINT('',(34.2290583615818,-48.4997215871094,2.8));
#18957=CARTESIAN_POINT('Origin',(21.7653878918926,-61.0874320894069,-1.38777878078145E-16));
#18958=CARTESIAN_POINT('',(21.7653878918926,-65.587432089407,2.8));
#18959=CARTESIAN_POINT('',(21.7653878918926,-65.587432089407,-1.38777878078145E-16));
#18960=CARTESIAN_POINT('Origin',(21.7653878918926,-61.0874320894069,2.8));
#18961=CARTESIAN_POINT('Origin',(38.3108062967468,-51.5876034294874,-1.38777878078145E-16));
#18962=CARTESIAN_POINT('',(38.3108062967468,-56.0876034294873,2.8));
#18963=CARTESIAN_POINT('',(38.3108062967468,-56.0876034294873,-1.38777878078145E-16));
#18964=CARTESIAN_POINT('',(42.2079206137767,-53.8376034294873,2.8));
#18965=CARTESIAN_POINT('Origin',(38.3108062967468,-51.5876034294874,2.8));
#18966=CARTESIAN_POINT('',(42.2079206137767,-53.8376034294873,-1.38777878078145E-16));
#18967=CARTESIAN_POINT('Origin',(34.2689587194534,-56.0876034294873,-1.38777878078145E-16));
#18968=CARTESIAN_POINT('',(34.2689587194534,-56.0876034294873,2.8));
#18969=CARTESIAN_POINT('',(34.2689587194534,-56.0876034294873,-1.38777878078145E-16));
#18970=CARTESIAN_POINT('',(52.3719113331698,-56.0876034294873,2.8));
#18971=CARTESIAN_POINT('Origin',(34.2689587194534,-51.5876034294873,-1.38777878078145E-16));
#18972=CARTESIAN_POINT('',(30.3718444024234,-53.8376034294873,2.8));
#18973=CARTESIAN_POINT('',(30.3718444024234,-53.8376034294873,-1.38777878078145E-16));
#18974=CARTESIAN_POINT('Origin',(34.2689587194534,-51.5876034294873,2.8));
#18975=CARTESIAN_POINT('Origin',(28.3509206137768,-50.3372607493267,-1.38777878078145E-16));
#18976=CARTESIAN_POINT('',(28.3509206137768,-50.3372607493267,2.8));
#18977=CARTESIAN_POINT('',(28.3509206137768,-50.3372607493267,-1.38777878078145E-16));
#18978=CARTESIAN_POINT('',(33.4660222535166,-59.1968766752351,2.8));
#18979=CARTESIAN_POINT('Origin',(32.2480349308068,-48.0872607493267,-1.38777878078145E-16));
#18980=CARTESIAN_POINT('',(28.3509206137767,-45.8372607493267,2.8));
#18981=CARTESIAN_POINT('',(28.3509206137767,-45.8372607493267,-1.38777878078145E-16));
#18982=CARTESIAN_POINT('Origin',(32.2480349308068,-48.0872607493267,2.8));
#18983=CARTESIAN_POINT('Origin',(30.3718444024234,-42.336918069166,-1.38777878078145E-16));
#18984=CARTESIAN_POINT('',(30.3718444024234,-42.336918069166,2.8));
#18985=CARTESIAN_POINT('',(30.3718444024234,-42.336918069166,-1.38777878078145E-16));
#18986=CARTESIAN_POINT('',(33.80298812238,-36.3940028181303,2.8));
#18987=CARTESIAN_POINT('Origin',(118.744661949729,-48.087432089407,1.8));
#18988=CARTESIAN_POINT('',(116.244661949729,-48.087432089407,1.8));
#18989=CARTESIAN_POINT('Origin',(118.744661949729,-48.087432089407,1.8));
#18990=CARTESIAN_POINT('Origin',(75.6006619497289,-65.352432089407,1.8));
#18991=CARTESIAN_POINT('',(73.1006619497289,-65.352432089407,1.8));
#18992=CARTESIAN_POINT('Origin',(75.6006619497289,-65.352432089407,1.8));
#18993=CARTESIAN_POINT('Origin',(42.7896619497289,-25.597432089407,1.8));
#18994=CARTESIAN_POINT('',(40.2896619497289,-25.597432089407,1.8));
#18995=CARTESIAN_POINT('Origin',(42.7896619497289,-25.597432089407,1.8));
#18996=CARTESIAN_POINT('Origin',(29.0346619497289,-72.966932089407,1.8));
#18997=CARTESIAN_POINT('Origin',(118.744661949729,-29.087432089407,1.8));
#18998=CARTESIAN_POINT('',(116.244661949729,-29.087432089407,1.8));
#18999=CARTESIAN_POINT('Origin',(118.744661949729,-29.087432089407,1.8));
#19000=CARTESIAN_POINT('Origin',(25.2454975527219,-9.24591671709847,3.));
#19001=CARTESIAN_POINT('',(41.8533268535603,-9.22897154807492,2.8));
#19002=CARTESIAN_POINT('',(14.3428662302671,-9.25704080364908,2.8));
#19003=CARTESIAN_POINT('',(41.8533268535603,-9.22897154807492,4.8));
#19004=CARTESIAN_POINT('',(41.8533268535603,-9.22897154807492,3.));
#19005=CARTESIAN_POINT('',(41.8533268535603,-9.22897154807492,4.8));
#19006=CARTESIAN_POINT('Origin',(81.8497059497289,-6.75018408940698,3.));
#19007=CARTESIAN_POINT('',(81.8497059497289,-6.75018408940697,2.8));
#19008=CARTESIAN_POINT('',(96.4494637382535,-6.75018408940698,2.8));
#19009=CARTESIAN_POINT('',(76.1622849483076,-6.75018408940697,2.8));
#19010=CARTESIAN_POINT('',(96.4494637382535,-6.75018408940698,4.8));
#19011=CARTESIAN_POINT('',(96.4494637382535,-6.75018408940698,3.));
#19012=CARTESIAN_POINT('',(81.8497059497289,-6.75018408940697,4.8));
#19013=CARTESIAN_POINT('',(98.4495597441383,-6.75018408940698,4.8));
#19014=CARTESIAN_POINT('',(81.8497059497289,-6.75018408940697,3.));
#19015=CARTESIAN_POINT('Origin',(96.4494637382535,-8.75018408940698,3.));
#19016=CARTESIAN_POINT('',(98.4494637359493,-8.75028009298753,2.8));
#19017=CARTESIAN_POINT('Origin',(96.4494637382535,-8.75018408940698,2.8));
#19018=CARTESIAN_POINT('',(98.4494637359493,-8.75028009298753,4.8));
#19019=CARTESIAN_POINT('',(98.4494637359493,-8.75028009298753,3.));
#19020=CARTESIAN_POINT('Origin',(96.4494637382535,-8.75018408940698,4.8));
#19021=CARTESIAN_POINT('Origin',(98.4495597441383,-6.75018408940698,3.));
#19022=CARTESIAN_POINT('',(98.4494469419577,-9.10014186985914,2.8));
#19023=CARTESIAN_POINT('',(98.4495027398106,-7.93772995622401,2.8));
#19024=CARTESIAN_POINT('',(98.4494469419577,-9.10014186985914,4.8));
#19025=CARTESIAN_POINT('',(98.4494469419577,-9.10014186985914,3.));
#19026=CARTESIAN_POINT('',(98.4494469419577,-9.10014186985914,4.8));
#19027=CARTESIAN_POINT('Origin',(44.2508894783202,-6.74729229332518,3.));
#19028=CARTESIAN_POINT('',(44.2508894783202,-6.74729229332518,2.8));
#19029=CARTESIAN_POINT('',(60.851675745093,-6.73713090267544,2.8));
#19030=CARTESIAN_POINT('',(57.3497436219797,-6.73927444574381,2.8));
#19031=CARTESIAN_POINT('',(60.851675745093,-6.73713090267544,4.8));
#19032=CARTESIAN_POINT('',(60.851675745093,-6.73713090267544,3.));
#19033=CARTESIAN_POINT('',(44.2508894783202,-6.74729229332518,4.8));
#19034=CARTESIAN_POINT('',(60.851675745093,-6.73713090267544,4.8));
#19035=CARTESIAN_POINT('',(44.2508894783202,-6.74729229332518,3.));
#19036=CARTESIAN_POINT('Origin',(80.4264775940437,-66.9360600389157,3.));
#19037=CARTESIAN_POINT('',(80.4264775940436,-66.9360600389157,2.8));
#19038=CARTESIAN_POINT('',(70.4995374917905,-80.5484127537242,2.8));
#19039=CARTESIAN_POINT('',(82.8154451034092,-63.6601796541514,2.8));
#19040=CARTESIAN_POINT('',(70.4995374917905,-80.5484127537242,4.8));
#19041=CARTESIAN_POINT('',(70.4995374917905,-80.5484127537242,3.));
#19042=CARTESIAN_POINT('',(80.4264775940436,-66.9360600389157,4.8));
#19043=CARTESIAN_POINT('',(70.3730042448546,-80.7219219287267,4.8));
#19044=CARTESIAN_POINT('',(80.4264775940436,-66.9360600389157,3.));
#19045=CARTESIAN_POINT('Origin',(136.442773772758,-65.9501909812138,3.));
#19046=CARTESIAN_POINT('',(97.1724716599452,-65.9501909812138,2.8));
#19047=CARTESIAN_POINT('',(97.1724716599452,-65.9501909812138,-1.38777878078145E-16));
#19048=CARTESIAN_POINT('',(82.3656097911965,-65.9501909812138,2.8));
#19049=CARTESIAN_POINT('',(103.458818859822,-65.9501909812138,2.8));
#19050=CARTESIAN_POINT('',(82.3656097911965,-65.9501909812138,4.8));
#19051=CARTESIAN_POINT('',(82.3656097911965,-65.9501909812138,3.));
#19052=CARTESIAN_POINT('',(82.3656097911965,-65.9501909812138,4.8));
#19053=CARTESIAN_POINT('',(69.971570244063,-65.9501909812138,2.8));
#19054=CARTESIAN_POINT('Origin',(42.7896619497289,-25.597432089407,4.7));
#19055=CARTESIAN_POINT('',(45.0896619497289,-25.597432089407,4.8));
#19056=CARTESIAN_POINT('Origin',(42.7896619497289,-25.597432089407,4.8));
#19057=CARTESIAN_POINT('',(45.2896619497289,-25.597432089407,4.6));
#19058=CARTESIAN_POINT('',(45.1896619497289,-25.597432089407,4.7));
#19059=CARTESIAN_POINT('Origin',(42.7896619497289,-25.597432089407,4.6));
#19060=CARTESIAN_POINT('Origin',(42.7896619497289,-25.597432089407,4.8));
#19061=CARTESIAN_POINT('',(44.0396619497289,-25.597432089407,4.8));
#19062=CARTESIAN_POINT('Origin',(42.7896619497289,-25.597432089407,4.8));
#19063=CARTESIAN_POINT('Origin',(42.7896619497289,-25.597432089407,3.));
#19064=CARTESIAN_POINT('',(45.2896619497289,-25.597432089407,2.8));
#19065=CARTESIAN_POINT('',(45.2896619497289,-25.597432089407,3.));
#19066=CARTESIAN_POINT('Origin',(42.7896619497289,-25.597432089407,2.8));
#19067=CARTESIAN_POINT('Origin',(42.7896619497289,-25.597432089407,4.7));
#19068=CARTESIAN_POINT('',(43.8396619497289,-25.597432089407,4.6));
#19069=CARTESIAN_POINT('',(43.9396619497289,-25.597432089407,4.7));
#19070=CARTESIAN_POINT('Origin',(42.7896619497289,-25.597432089407,4.6));
#19071=CARTESIAN_POINT('Origin',(42.7896619497289,-25.597432089407,6.5));
#19072=CARTESIAN_POINT('',(43.8396619497289,-25.597432089407,6.5));
#19073=CARTESIAN_POINT('Origin',(29.0346619497289,-72.966932089407,4.7));
#19074=CARTESIAN_POINT('',(31.3346619497289,-72.966932089407,4.8));
#19075=CARTESIAN_POINT('Origin',(29.0346619497289,-72.966932089407,4.8));
#19076=CARTESIAN_POINT('',(31.5346619497289,-72.966932089407,4.6));
#19077=CARTESIAN_POINT('',(31.4346619497289,-72.966932089407,4.7));
#19078=CARTESIAN_POINT('Origin',(29.0346619497289,-72.966932089407,4.6));
#19079=CARTESIAN_POINT('Origin',(29.0346619497289,-72.966932089407,4.8));
#19080=CARTESIAN_POINT('',(30.2846619497289,-72.966932089407,4.8));
#19081=CARTESIAN_POINT('Origin',(29.0346619497289,-72.966932089407,4.8));
#19082=CARTESIAN_POINT('Origin',(29.0346619497289,-72.966932089407,3.));
#19083=CARTESIAN_POINT('',(31.5346619497289,-72.966932089407,2.8));
#19084=CARTESIAN_POINT('',(31.5346619497289,-72.966932089407,3.));
#19085=CARTESIAN_POINT('Origin',(29.0346619497289,-72.966932089407,2.8));
#19086=CARTESIAN_POINT('Origin',(29.0346619497289,-72.966932089407,4.7));
#19087=CARTESIAN_POINT('',(30.0846619497289,-72.966932089407,4.6));
#19088=CARTESIAN_POINT('',(30.1846619497289,-72.966932089407,4.7));
#19089=CARTESIAN_POINT('Origin',(29.0346619497289,-72.966932089407,4.6));
#19090=CARTESIAN_POINT('Origin',(29.0346619497289,-72.966932089407,6.5));
#19091=CARTESIAN_POINT('',(30.0846619497289,-72.966932089407,6.5));
#19092=CARTESIAN_POINT('Origin',(75.6006619497289,-65.352432089407,4.7));
#19093=CARTESIAN_POINT('',(77.9006619497289,-65.352432089407,4.8));
#19094=CARTESIAN_POINT('Origin',(75.6006619497289,-65.352432089407,4.8));
#19095=CARTESIAN_POINT('',(78.1006619497289,-65.352432089407,4.6));
#19096=CARTESIAN_POINT('',(78.0006619497289,-65.352432089407,4.7));
#19097=CARTESIAN_POINT('Origin',(75.6006619497289,-65.352432089407,4.6));
#19098=CARTESIAN_POINT('Origin',(75.6006619497289,-65.352432089407,4.8));
#19099=CARTESIAN_POINT('',(76.8506619497289,-65.352432089407,4.8));
#19100=CARTESIAN_POINT('Origin',(75.6006619497289,-65.352432089407,4.8));
#19101=CARTESIAN_POINT('Origin',(75.6006619497289,-65.352432089407,3.));
#19102=CARTESIAN_POINT('',(78.1006619497289,-65.352432089407,2.8));
#19103=CARTESIAN_POINT('',(78.1006619497289,-65.352432089407,3.));
#19104=CARTESIAN_POINT('Origin',(75.6006619497289,-65.352432089407,2.8));
#19105=CARTESIAN_POINT('Origin',(75.6006619497289,-65.352432089407,4.7));
#19106=CARTESIAN_POINT('',(76.6506619497289,-65.352432089407,4.6));
#19107=CARTESIAN_POINT('',(76.7506619497289,-65.352432089407,4.7));
#19108=CARTESIAN_POINT('Origin',(75.6006619497289,-65.352432089407,4.6));
#19109=CARTESIAN_POINT('Origin',(75.6006619497289,-65.352432089407,6.5));
#19110=CARTESIAN_POINT('',(76.6506619497289,-65.352432089407,6.5));
#19111=CARTESIAN_POINT('Origin',(118.744661949729,-48.087432089407,4.7));
#19112=CARTESIAN_POINT('',(119.994661949729,-48.087432089407,4.8));
#19113=CARTESIAN_POINT('Origin',(118.744661949729,-48.087432089407,4.8));
#19114=CARTESIAN_POINT('',(119.794661949729,-48.087432089407,4.6));
#19115=CARTESIAN_POINT('',(119.894661949729,-48.087432089407,4.7));
#19116=CARTESIAN_POINT('Origin',(118.744661949729,-48.087432089407,4.6));
#19117=CARTESIAN_POINT('Origin',(118.744661949729,-48.087432089407,4.8));
#19118=CARTESIAN_POINT('',(121.044661949729,-48.087432089407,4.8));
#19119=CARTESIAN_POINT('Origin',(118.744661949729,-48.087432089407,4.8));
#19120=CARTESIAN_POINT('Origin',(118.744661949729,-48.087432089407,6.5));
#19121=CARTESIAN_POINT('',(119.794661949729,-48.087432089407,6.5));
#19122=CARTESIAN_POINT('Origin',(118.744661949729,-48.087432089407,4.7));
#19123=CARTESIAN_POINT('',(121.244661949729,-48.087432089407,4.6));
#19124=CARTESIAN_POINT('',(121.144661949729,-48.087432089407,4.7));
#19125=CARTESIAN_POINT('Origin',(118.744661949729,-48.087432089407,4.6));
#19126=CARTESIAN_POINT('Origin',(118.744661949729,-48.087432089407,3.));
#19127=CARTESIAN_POINT('',(121.244661949729,-48.087432089407,2.8));
#19128=CARTESIAN_POINT('',(121.244661949729,-48.087432089407,3.));
#19129=CARTESIAN_POINT('Origin',(118.744661949729,-48.087432089407,2.8));
#19130=CARTESIAN_POINT('Origin',(118.744661949729,-29.087432089407,4.7));
#19131=CARTESIAN_POINT('',(121.044661949729,-29.087432089407,4.8));
#19132=CARTESIAN_POINT('Origin',(118.744661949729,-29.087432089407,4.8));
#19133=CARTESIAN_POINT('',(121.244661949729,-29.087432089407,4.6));
#19134=CARTESIAN_POINT('',(121.144661949729,-29.087432089407,4.7));
#19135=CARTESIAN_POINT('Origin',(118.744661949729,-29.087432089407,4.6));
#19136=CARTESIAN_POINT('Origin',(118.744661949729,-29.087432089407,4.8));
#19137=CARTESIAN_POINT('',(119.994661949729,-29.087432089407,4.8));
#19138=CARTESIAN_POINT('Origin',(118.744661949729,-29.087432089407,4.8));
#19139=CARTESIAN_POINT('Origin',(118.744661949729,-29.087432089407,3.));
#19140=CARTESIAN_POINT('',(121.244661949729,-29.087432089407,2.8));
#19141=CARTESIAN_POINT('',(121.244661949729,-29.087432089407,3.));
#19142=CARTESIAN_POINT('Origin',(118.744661949729,-29.087432089407,2.8));
#19143=CARTESIAN_POINT('Origin',(118.744661949729,-29.087432089407,4.7));
#19144=CARTESIAN_POINT('',(119.794661949729,-29.087432089407,4.6));
#19145=CARTESIAN_POINT('',(119.894661949729,-29.087432089407,4.7));
#19146=CARTESIAN_POINT('Origin',(118.744661949729,-29.087432089407,4.6));
#19147=CARTESIAN_POINT('Origin',(118.744661949729,-29.087432089407,6.5));
#19148=CARTESIAN_POINT('',(119.794661949729,-29.087432089407,6.5));
#19149=CARTESIAN_POINT('Origin',(70.0955516173837,-80.2538021407454,3.));
#19150=CARTESIAN_POINT('Origin',(70.0955516173837,-80.2538021407454,2.8));
#19151=CARTESIAN_POINT('Origin',(70.0955516173837,-80.2538021407454,4.8));
#19152=CARTESIAN_POINT('Origin',(41.8152229610443,-31.517775716033,-1.38777878078145E-16));
#19153=CARTESIAN_POINT('',(43.5472737686132,-32.517775716033,2.8));
#19154=CARTESIAN_POINT('',(43.5472737686132,-32.517775716033,-1.38777878078145E-16));
#19155=CARTESIAN_POINT('Origin',(41.8152229610443,-31.517775716033,2.8));
#19156=CARTESIAN_POINT('Origin',(42.2079206137767,-34.8376034294873,-1.38777878078145E-16));
#19157=CARTESIAN_POINT('',(42.2079206137767,-34.8376034294873,2.8));
#19158=CARTESIAN_POINT('',(42.2079206137767,-34.8376034294873,-1.38777878078145E-16));
#19159=CARTESIAN_POINT('',(42.5359055600806,-34.2695168383713,2.8));
#19160=CARTESIAN_POINT('Origin',(63.2446740301408,-4.5,3.));
#19161=CARTESIAN_POINT('',(79.4543865153041,-4.5,2.8));
#19162=CARTESIAN_POINT('',(71.7762584472773,-4.5,2.8));
#19163=CARTESIAN_POINT('',(79.4543865153041,-4.5,4.8));
#19164=CARTESIAN_POINT('',(79.4543865153041,-4.5,3.));
#19165=CARTESIAN_POINT('',(63.2446740301408,-4.5,4.8));
#19166=CARTESIAN_POINT('',(79.4543865153041,-4.5,4.8));
#19167=CARTESIAN_POINT('',(63.2446740301408,-4.5,2.8));
#19168=CARTESIAN_POINT('',(63.2446740301408,-4.5,3.));
#19169=CARTESIAN_POINT('',(66.8597689885135,-4.5,2.8));
#19170=CARTESIAN_POINT('Origin',(107.247987071108,-13.5002570972791,-1.38777878078145E-16));
#19171=CARTESIAN_POINT('',(108.980037878677,-14.5002570972791,2.8));
#19172=CARTESIAN_POINT('',(108.980037878677,-14.5002570972791,-1.38777878078145E-16));
#19173=CARTESIAN_POINT('Origin',(107.247987071108,-13.5002570972791,2.8));
#19174=CARTESIAN_POINT('Origin',(108.207920613777,-15.8376034294873,-1.38777878078145E-16));
#19175=CARTESIAN_POINT('',(108.207920613777,-15.8376034294873,2.8));
#19176=CARTESIAN_POINT('',(108.207920613777,-15.8376034294873,-1.38777878078145E-16));
#19177=CARTESIAN_POINT('',(96.1722848921047,-36.6839360008145,2.8));
#19178=CARTESIAN_POINT('Origin',(114.744945067148,-43.6150429226193,-1.38777878078145E-16));
#19179=CARTESIAN_POINT('',(113.161752314815,-44.8371315891892,2.8));
#19180=CARTESIAN_POINT('',(113.161752314815,-44.8371315891892,-1.38777878078145E-16));
#19181=CARTESIAN_POINT('Origin',(114.744945067148,-43.6150429226193,2.8));
#19182=CARTESIAN_POINT('Origin',(118.744661949729,-29.087432089407,-1.38777878078145E-16));
#19183=CARTESIAN_POINT('',(116.078184028008,-32.0690248672654,2.8));
#19184=CARTESIAN_POINT('Origin',(118.744661949729,-29.087432089407,2.8));
#19185=CARTESIAN_POINT('',(116.078184028008,-32.0690248672654,-1.38777878078145E-16));
#19186=CARTESIAN_POINT('Origin',(114.744945067148,-33.5598212561946,-1.38777878078145E-16));
#19187=CARTESIAN_POINT('',(113.161752314815,-32.3377325896247,2.8));
#19188=CARTESIAN_POINT('Origin',(114.744945067148,-33.5598212561946,2.8));
#19189=CARTESIAN_POINT('',(113.161752314815,-32.3377325896247,-1.38777878078145E-16));
#19190=CARTESIAN_POINT('Origin',(114.744945067148,-24.6150429226193,-1.38777878078145E-16));
#19191=CARTESIAN_POINT('',(113.161752314815,-25.8371315891892,2.8));
#19192=CARTESIAN_POINT('',(113.161752314815,-25.8371315891892,-1.38777878078145E-16));
#19193=CARTESIAN_POINT('Origin',(114.744945067148,-24.6150429226193,2.8));
#19194=CARTESIAN_POINT('Origin',(133.947959700821,-23.086918069166,-1.38777878078145E-16));
#19195=CARTESIAN_POINT('',(133.947959700821,-21.086918069166,2.8));
#19196=CARTESIAN_POINT('Origin',(133.947959700821,-23.086918069166,2.8));
#19197=CARTESIAN_POINT('',(133.947959700821,-21.086918069166,-1.38777878078145E-16));
#19198=CARTESIAN_POINT('Origin',(133.945656544626,-42.086918069166,-1.38777878078145E-16));
#19199=CARTESIAN_POINT('',(133.945656544626,-40.086918069166,2.8));
#19200=CARTESIAN_POINT('Origin',(133.945656544626,-42.086918069166,2.8));
#19201=CARTESIAN_POINT('',(133.945656544626,-40.086918069166,-1.38777878078145E-16));
#19202=CARTESIAN_POINT('Origin',(97.1724716599452,-63.9501909812138,-1.38777878078145E-16));
#19203=CARTESIAN_POINT('',(95.4404208523763,-62.9501909812138,2.8));
#19204=CARTESIAN_POINT('',(95.4404208523763,-62.9501909812138,-1.38777878078145E-16));
#19205=CARTESIAN_POINT('Origin',(97.1724716599452,-63.9501909812138,2.8));
#19206=CARTESIAN_POINT('Origin',(96.3718444024234,-61.336918069166,-1.38777878078145E-16));
#19207=CARTESIAN_POINT('',(96.3718444024234,-61.336918069166,2.8));
#19208=CARTESIAN_POINT('',(96.3718444024234,-61.336918069166,-1.38777878078145E-16));
#19209=CARTESIAN_POINT('',(95.6666087903562,-62.5584219805735,2.8));
#19210=CARTESIAN_POINT('Origin',(71.3800492751063,-61.0878771711518,-1.38777878078145E-16));
#19211=CARTESIAN_POINT('',(72.7869201666472,-62.5093954772368,2.8));
#19212=CARTESIAN_POINT('',(72.7869201666472,-62.5093954772368,-1.38777878078145E-16));
#19213=CARTESIAN_POINT('',(71.4354436577939,-59.0886444527404,2.8));
#19214=CARTESIAN_POINT('Origin',(71.3800492751063,-61.0878771711518,2.8));
#19215=CARTESIAN_POINT('',(71.4354436577939,-59.0886444527404,-1.38777878078145E-16));
#19216=CARTESIAN_POINT('Origin',(71.3108062967467,-63.586918069166,-1.38777878078145E-16));
#19217=CARTESIAN_POINT('',(71.3108062967467,-59.086918069166,2.8));
#19218=CARTESIAN_POINT('Origin',(71.3108062967467,-63.586918069166,2.8));
#19219=CARTESIAN_POINT('',(71.3108062967467,-59.086918069166,-1.38777878078145E-16));
#19220=CARTESIAN_POINT('Origin',(73.8983346022528,-71.1058729383282,-1.38777878078145E-16));
#19221=CARTESIAN_POINT('',(74.4657770514115,-69.1880593220211,2.8));
#19222=CARTESIAN_POINT('Origin',(73.8983346022528,-71.1058729383282,2.8));
#19223=CARTESIAN_POINT('',(74.4657770514115,-69.1880593220211,-1.38777878078145E-16));
#19224=CARTESIAN_POINT('Origin',(32.6637727528617,-85.8134929963172,3.));
#19225=CARTESIAN_POINT('',(32.6637727528617,-85.8134929963172,2.8));
#19226=CARTESIAN_POINT('',(54.6709214816223,-73.0947404713189,2.8));
#19227=CARTESIAN_POINT('',(32.6637727528617,-85.8134929963172,4.8));
#19228=CARTESIAN_POINT('',(18.0281867958267,-94.2719442995792,4.8));
#19229=CARTESIAN_POINT('',(32.6637727528617,-85.8134929963172,3.));
#19230=CARTESIAN_POINT('Origin',(29.7492403444135,-67.0096359143079,-1.38777878078145E-16));
#19231=CARTESIAN_POINT('',(27.7502046752988,-66.9475360462929,2.8));
#19232=CARTESIAN_POINT('',(27.7502046752988,-66.9475360462929,-1.38777878078145E-16));
#19233=CARTESIAN_POINT('Origin',(29.7492403444135,-67.0096359143079,2.8));
#19234=CARTESIAN_POINT('Origin',(32.2480349308068,-67.0872607493267,-1.38777878078145E-16));
#19235=CARTESIAN_POINT('',(28.3509206137767,-64.8372607493267,2.8));
#19236=CARTESIAN_POINT('',(28.3509206137767,-64.8372607493267,-1.38777878078145E-16));
#19237=CARTESIAN_POINT('Origin',(32.2480349308068,-67.0872607493267,2.8));
#19238=CARTESIAN_POINT('Origin',(13.8268216905352,-70.837432089407,-1.38777878078145E-16));
#19239=CARTESIAN_POINT('',(13.8268216905352,-70.837432089407,2.8));
#19240=CARTESIAN_POINT('',(13.8268216905352,-70.837432089407,-1.38777878078145E-16));
#19241=CARTESIAN_POINT('',(25.4966355400887,-50.6247215871095,2.8));
#19242=CARTESIAN_POINT('Origin',(5.00032180297624,-61.086918069166,-1.38777878078145E-16));
#19243=CARTESIAN_POINT('',(5.00032180297623,-59.086918069166,2.8));
#19244=CARTESIAN_POINT('',(5.00032180297623,-59.086918069166,-1.38777878078145E-16));
#19245=CARTESIAN_POINT('Origin',(5.00032180297624,-61.086918069166,2.8));
#19246=CARTESIAN_POINT('Origin',(5.31080629674675,-59.086918069166,-1.38777878078145E-16));
#19247=CARTESIAN_POINT('',(5.31080629674675,-59.086918069166,2.8));
#19248=CARTESIAN_POINT('',(5.31080629674675,-59.086918069166,-1.38777878078145E-16));
#19249=CARTESIAN_POINT('',(37.8928351218165,-59.0869180691659,2.8));
#19250=CARTESIAN_POINT('Origin',(5.00027762684491,-54.0876034294873,-1.38777878078145E-16));
#19251=CARTESIAN_POINT('',(5.00027762684491,-56.0876034294873,2.8));
#19252=CARTESIAN_POINT('Origin',(5.00027762684491,-54.0876034294873,2.8));
#19253=CARTESIAN_POINT('',(5.00027762684491,-56.0876034294873,-1.38777878078145E-16));
#19254=CARTESIAN_POINT('Origin',(5.00015770846168,-35.0876034294873,-1.38777878078145E-16));
#19255=CARTESIAN_POINT('',(5.00015770846169,-37.0876034294873,2.8));
#19256=CARTESIAN_POINT('Origin',(5.00015770846168,-35.0876034294873,2.8));
#19257=CARTESIAN_POINT('',(5.00015770846169,-37.0876034294873,-1.38777878078145E-16));
#19258=CARTESIAN_POINT('Origin',(36.4876479549468,-64.0917175787565,4.3));
#19259=CARTESIAN_POINT('',(36.4876479549468,-64.0917175787565,2.8));
#19260=CARTESIAN_POINT('Origin',(70.4748639468862,-49.6426331957165,4.8));
#19261=CARTESIAN_POINT('',(2.58061943492431,-71.4883447570252,4.8));
#19262=CARTESIAN_POINT('Origin',(3.10038555968124,-71.1886062450599,4.8));
#19263=CARTESIAN_POINT('',(13.5331586855045,-90.4807619982962,4.8));
#19264=CARTESIAN_POINT('Origin',(82.3656097911965,-68.3501909812139,4.8));
#19265=CARTESIAN_POINT('Origin',(33.8646875233267,-87.8914255539513,4.8));
#19266=CARTESIAN_POINT('Origin',(116.723936007565,-35.087432089407,-1.38777878078145E-16));
#19267=CARTESIAN_POINT('',(112.826821690535,-32.837432089407,2.8));
#19268=CARTESIAN_POINT('Origin',(116.723936007565,-35.087432089407,2.8));
#19269=CARTESIAN_POINT('',(112.826821690535,-32.837432089407,-1.38777878078145E-16));
#19270=CARTESIAN_POINT('Origin',(34.2689587194534,-44.586918069166,-1.38777878078145E-16));
#19271=CARTESIAN_POINT('',(34.2689587194534,-40.086918069166,2.8));
#19272=CARTESIAN_POINT('',(34.2689587194534,-40.086918069166,-1.38777878078145E-16));
#19273=CARTESIAN_POINT('Origin',(34.2689587194534,-44.586918069166,2.8));
#19274=CARTESIAN_POINT('Origin',(38.3108062967467,-40.086918069166,-1.38777878078145E-16));
#19275=CARTESIAN_POINT('',(38.3108062967467,-40.086918069166,2.8));
#19276=CARTESIAN_POINT('',(38.3108062967467,-40.086918069166,-1.38777878078145E-16));
#19277=CARTESIAN_POINT('',(54.3928351218165,-40.086918069166,2.8));
#19278=CARTESIAN_POINT('Origin',(38.3108062967467,-44.586918069166,-1.38777878078145E-16));
#19279=CARTESIAN_POINT('',(42.2079206137767,-42.336918069166,2.8));
#19280=CARTESIAN_POINT('',(42.2079206137767,-42.336918069166,-1.38777878078145E-16));
#19281=CARTESIAN_POINT('Origin',(38.3108062967467,-44.586918069166,2.8));
#19282=CARTESIAN_POINT('Origin',(44.2288444024234,-45.8372607493267,-1.38777878078145E-16));
#19283=CARTESIAN_POINT('',(44.2288444024234,-45.8372607493267,2.8));
#19284=CARTESIAN_POINT('',(44.2288444024234,-45.8372607493267,-1.38777878078145E-16));
#19285=CARTESIAN_POINT('',(48.33348414784,-52.9467053351548,2.8));
#19286=CARTESIAN_POINT('Origin',(40.3317300853934,-48.0872607493267,-1.38777878078145E-16));
#19287=CARTESIAN_POINT('',(44.2288444024234,-50.3372607493267,2.8));
#19288=CARTESIAN_POINT('',(44.2288444024234,-50.3372607493267,-1.38777878078145E-16));
#19289=CARTESIAN_POINT('Origin',(40.3317300853934,-48.0872607493267,2.8));
#19290=CARTESIAN_POINT('Origin',(42.2079206137767,-53.8376034294873,-1.38777878078145E-16));
#19291=CARTESIAN_POINT('',(46.6495262280566,-46.1445168383713,2.8));
#19292=CARTESIAN_POINT('Origin',(17.7239360075653,-65.587432089407,-1.38777878078145E-16));
#19293=CARTESIAN_POINT('',(17.7239360075653,-65.587432089407,2.8));
#19294=CARTESIAN_POINT('',(17.7239360075653,-65.587432089407,-1.38777878078145E-16));
#19295=CARTESIAN_POINT('',(44.0993999772258,-65.5874320894069,2.8));
#19296=CARTESIAN_POINT('Origin',(17.7239360075653,-61.0874320894069,-1.38777878078145E-16));
#19297=CARTESIAN_POINT('',(13.8268216905353,-63.337432089407,2.8));
#19298=CARTESIAN_POINT('',(13.8268216905353,-63.337432089407,-1.38777878078145E-16));
#19299=CARTESIAN_POINT('Origin',(17.7239360075653,-61.0874320894069,2.8));
#19300=CARTESIAN_POINT('Origin',(11.8060957483716,-59.837432089407,-1.38777878078145E-16));
#19301=CARTESIAN_POINT('',(11.8060957483716,-59.837432089407,2.8));
#19302=CARTESIAN_POINT('',(11.8060957483716,-59.837432089407,-1.38777878078145E-16));
#19303=CARTESIAN_POINT('',(16.9324530660836,-68.7165434214367,2.8));
#19304=CARTESIAN_POINT('Origin',(15.7032100654017,-57.587432089407,-1.38777878078145E-16));
#19305=CARTESIAN_POINT('',(11.8060957483716,-55.337432089407,2.8));
#19306=CARTESIAN_POINT('',(11.8060957483716,-55.337432089407,-1.38777878078145E-16));
#19307=CARTESIAN_POINT('Origin',(15.7032100654017,-57.587432089407,2.8));
#19308=CARTESIAN_POINT('Origin',(13.8268216905352,-51.837432089407,-1.38777878078145E-16));
#19309=CARTESIAN_POINT('',(13.8268216905352,-51.837432089407,2.8));
#19310=CARTESIAN_POINT('',(13.8268216905352,-51.837432089407,-1.38777878078145E-16));
#19311=CARTESIAN_POINT('',(21.3830148721126,-38.7497215871095,2.8));
#19312=CARTESIAN_POINT('Origin',(17.7239360075652,-54.087432089407,-1.38777878078145E-16));
#19313=CARTESIAN_POINT('Origin',(17.7239360075652,-54.087432089407,2.8));
#19314=CARTESIAN_POINT('Origin',(100.268958719453,-63.586918069166,-1.38777878078145E-16));
#19315=CARTESIAN_POINT('Origin',(100.268958719453,-63.586918069166,2.8));
#19316=CARTESIAN_POINT('Origin',(131.248034930807,-29.0872607493267,-1.38777878078145E-16));
#19317=CARTESIAN_POINT('',(127.350920613777,-26.8372607493267,2.8));
#19318=CARTESIAN_POINT('',(127.350920613777,-26.8372607493267,-1.38777878078145E-16));
#19319=CARTESIAN_POINT('Origin',(131.248034930807,-29.0872607493267,2.8));
#19320=CARTESIAN_POINT('Origin',(129.371844402423,-23.336918069166,-1.38777878078145E-16));
#19321=CARTESIAN_POINT('',(129.371844402423,-23.336918069166,2.8));
#19322=CARTESIAN_POINT('',(129.371844402423,-23.336918069166,-1.38777878078145E-16));
#19323=CARTESIAN_POINT('',(116.314367454404,-45.9531315617951,2.8));
#19324=CARTESIAN_POINT('Origin',(133.268958719453,-25.586918069166,-1.38777878078145E-16));
#19325=CARTESIAN_POINT('',(133.268958719453,-21.086918069166,2.8));
#19326=CARTESIAN_POINT('',(133.268958719453,-21.086918069166,-1.38777878078145E-16));
#19327=CARTESIAN_POINT('Origin',(133.268958719453,-25.586918069166,2.8));
#19328=CARTESIAN_POINT('Origin',(135.948202153009,-21.086918069166,-1.38777878078145E-16));
#19329=CARTESIAN_POINT('',(103.211533049948,-21.0869180691661,2.8));
#19330=CARTESIAN_POINT('Origin',(7.33173008539344,-48.0872607493267,-1.38777878078145E-16));
#19331=CARTESIAN_POINT('',(11.2288444024234,-50.3372607493267,2.8));
#19332=CARTESIAN_POINT('',(11.2288444024234,-50.3372607493267,-1.38777878078145E-16));
#19333=CARTESIAN_POINT('Origin',(7.33173008539344,-48.0872607493267,2.8));
#19334=CARTESIAN_POINT('Origin',(9.20792061377675,-53.8376034294873,-1.38777878078145E-16));
#19335=CARTESIAN_POINT('',(9.20792061377675,-53.8376034294873,2.8));
#19336=CARTESIAN_POINT('',(9.20792061377675,-53.8376034294873,-1.38777878078145E-16));
#19337=CARTESIAN_POINT('',(17.7745262280566,-38.9998072571497,2.8));
#19338=CARTESIAN_POINT('Origin',(5.31080629674678,-51.5876034294874,-1.38777878078145E-16));
#19339=CARTESIAN_POINT('',(5.31080629674676,-56.0876034294873,2.8));
#19340=CARTESIAN_POINT('',(5.31080629674676,-56.0876034294873,-1.38777878078145E-16));
#19341=CARTESIAN_POINT('Origin',(5.31080629674678,-51.5876034294874,2.8));
#19342=CARTESIAN_POINT('Origin',(3.00029024979278,-56.0876034294873,-1.38777878078145E-16));
#19343=CARTESIAN_POINT('',(36.7375770983395,-56.0876034294873,2.8));
#19344=CARTESIAN_POINT('Origin',(7.33173008539344,-29.0872607493267,-1.38777878078145E-16));
#19345=CARTESIAN_POINT('',(11.2288444024234,-31.3372607493267,2.8));
#19346=CARTESIAN_POINT('',(11.2288444024234,-31.3372607493267,-1.38777878078145E-16));
#19347=CARTESIAN_POINT('Origin',(7.33173008539344,-29.0872607493267,2.8));
#19348=CARTESIAN_POINT('Origin',(9.20792061377675,-34.8376034294873,-1.38777878078145E-16));
#19349=CARTESIAN_POINT('',(9.20792061377675,-34.8376034294873,2.8));
#19350=CARTESIAN_POINT('',(9.20792061377675,-34.8376034294873,-1.38777878078145E-16));
#19351=CARTESIAN_POINT('',(13.6609055600805,-27.1248072571498,2.8));
#19352=CARTESIAN_POINT('Origin',(5.31080629674678,-32.5876034294874,-1.38777878078145E-16));
#19353=CARTESIAN_POINT('',(5.31080629674676,-37.0876034294873,2.8));
#19354=CARTESIAN_POINT('',(5.31080629674676,-37.0876034294873,-1.38777878078145E-16));
#19355=CARTESIAN_POINT('Origin',(5.31080629674678,-32.5876034294874,2.8));
#19356=CARTESIAN_POINT('Origin',(3.00017033140956,-37.0876034294873,-1.38777878078145E-16));
#19357=CARTESIAN_POINT('',(36.7375171391479,-37.0876034294873,2.8));
#19358=CARTESIAN_POINT('Origin',(131.248034930807,-48.0872607493267,-1.38777878078145E-16));
#19359=CARTESIAN_POINT('',(127.350920613777,-45.8372607493267,2.8));
#19360=CARTESIAN_POINT('',(127.350920613777,-45.8372607493267,-1.38777878078145E-16));
#19361=CARTESIAN_POINT('Origin',(131.248034930807,-48.0872607493267,2.8));
#19362=CARTESIAN_POINT('Origin',(129.371844402423,-42.336918069166,-1.38777878078145E-16));
#19363=CARTESIAN_POINT('',(129.371844402423,-42.336918069166,2.8));
#19364=CARTESIAN_POINT('',(129.371844402423,-42.336918069166,-1.38777878078145E-16));
#19365=CARTESIAN_POINT('',(120.42798812238,-57.8281315617951,2.8));
#19366=CARTESIAN_POINT('Origin',(133.268958719453,-44.586918069166,-1.38777878078145E-16));
#19367=CARTESIAN_POINT('',(133.268958719453,-40.086918069166,2.8));
#19368=CARTESIAN_POINT('',(133.268958719453,-40.086918069166,-1.38777878078145E-16));
#19369=CARTESIAN_POINT('Origin',(133.268958719453,-44.586918069166,2.8));
#19370=CARTESIAN_POINT('Origin',(135.945898996814,-40.086918069166,-1.38777878078145E-16));
#19371=CARTESIAN_POINT('',(103.21038147185,-40.0869180691662,2.8));
#19372=CARTESIAN_POINT('Origin',(38.3108062967468,-32.5876034294874,-1.38777878078145E-16));
#19373=CARTESIAN_POINT('',(38.3108062967468,-37.0876034294873,2.8));
#19374=CARTESIAN_POINT('',(38.3108062967468,-37.0876034294873,-1.38777878078145E-16));
#19375=CARTESIAN_POINT('Origin',(38.3108062967468,-32.5876034294874,2.8));
#19376=CARTESIAN_POINT('Origin',(34.2689587194534,-37.0876034294873,-1.38777878078145E-16));
#19377=CARTESIAN_POINT('',(34.2689587194534,-37.0876034294873,2.8));
#19378=CARTESIAN_POINT('',(34.2689587194534,-37.0876034294873,-1.38777878078145E-16));
#19379=CARTESIAN_POINT('',(52.3719113331698,-37.0876034294873,2.8));
#19380=CARTESIAN_POINT('Origin',(34.2689587194534,-32.5876034294873,-1.38777878078145E-16));
#19381=CARTESIAN_POINT('',(30.3718444024234,-34.8376034294873,2.8));
#19382=CARTESIAN_POINT('',(30.3718444024234,-34.8376034294873,-1.38777878078145E-16));
#19383=CARTESIAN_POINT('Origin',(34.2689587194534,-32.5876034294873,2.8));
#19384=CARTESIAN_POINT('Origin',(28.3509206137768,-31.3372607493267,-1.38777878078145E-16));
#19385=CARTESIAN_POINT('',(37.5796429214927,-47.3218766752351,2.8));
#19386=CARTESIAN_POINT('Origin',(54.7653878918926,-42.0874320894069,-1.38777878078145E-16));
#19387=CARTESIAN_POINT('',(54.7653878918926,-46.587432089407,2.8));
#19388=CARTESIAN_POINT('',(54.7653878918926,-46.587432089407,-1.38777878078145E-16));
#19389=CARTESIAN_POINT('Origin',(54.7653878918926,-42.0874320894069,2.8));
#19390=CARTESIAN_POINT('Origin',(50.7239360075653,-46.587432089407,-1.38777878078145E-16));
#19391=CARTESIAN_POINT('',(50.7239360075653,-46.587432089407,2.8));
#19392=CARTESIAN_POINT('',(50.7239360075653,-46.587432089407,-1.38777878078145E-16));
#19393=CARTESIAN_POINT('',(60.5993999772257,-46.5874320894069,2.8));
#19394=CARTESIAN_POINT('Origin',(50.7239360075653,-42.0874320894069,-1.38777878078145E-16));
#19395=CARTESIAN_POINT('',(46.8268216905353,-44.337432089407,2.8));
#19396=CARTESIAN_POINT('',(46.8268216905353,-44.337432089407,-1.38777878078145E-16));
#19397=CARTESIAN_POINT('Origin',(50.7239360075653,-42.0874320894069,2.8));
#19398=CARTESIAN_POINT('Origin',(44.8060957483716,-40.837432089407,-1.38777878078145E-16));
#19399=CARTESIAN_POINT('',(44.8060957483716,-40.837432089407,2.8));
#19400=CARTESIAN_POINT('',(44.8060957483716,-40.837432089407,-1.38777878078145E-16));
#19401=CARTESIAN_POINT('',(49.9210737340597,-49.696833840215,2.8));
#19402=CARTESIAN_POINT('Origin',(48.7032100654017,-38.587432089407,-1.38777878078145E-16));
#19403=CARTESIAN_POINT('',(44.8060957483716,-36.337432089407,2.8));
#19404=CARTESIAN_POINT('',(44.8060957483716,-36.337432089407,-1.38777878078145E-16));
#19405=CARTESIAN_POINT('Origin',(48.7032100654017,-38.587432089407,2.8));
#19406=CARTESIAN_POINT('Origin',(46.8268216905352,-32.837432089407,-1.38777878078145E-16));
#19407=CARTESIAN_POINT('',(46.1443942041365,-34.0194311683311,2.8));
#19408=CARTESIAN_POINT('Origin',(89.7861138340561,-57.587432089407,-1.38777878078145E-16));
#19409=CARTESIAN_POINT('',(93.6832281510863,-59.837432089407,2.8));
#19410=CARTESIAN_POINT('',(93.6832281510863,-59.837432089407,-1.38777878078145E-16));
#19411=CARTESIAN_POINT('Origin',(89.7861138340561,-57.587432089407,2.8));
#19412=CARTESIAN_POINT('Origin',(91.6625022089226,-63.337432089407,-1.38777878078145E-16));
#19413=CARTESIAN_POINT('',(91.6625022089226,-63.337432089407,2.8));
#19414=CARTESIAN_POINT('',(91.6625022089226,-63.337432089407,-1.38777878078145E-16));
#19415=CARTESIAN_POINT('',(91.9790583615818,-62.7891407495527,2.8));
#19416=CARTESIAN_POINT('Origin',(87.7653878918926,-61.0874320894069,-1.38777878078145E-16));
#19417=CARTESIAN_POINT('',(87.7653878918926,-65.587432089407,2.8));
#19418=CARTESIAN_POINT('',(87.7653878918926,-65.587432089407,-1.38777878078145E-16));
#19419=CARTESIAN_POINT('Origin',(87.7653878918926,-61.0874320894069,2.8));
#19420=CARTESIAN_POINT('Origin',(83.7239360075653,-65.587432089407,-1.38777878078145E-16));
#19421=CARTESIAN_POINT('',(83.7239360075653,-65.587432089407,2.8));
#19422=CARTESIAN_POINT('',(83.7239360075653,-65.587432089407,-1.38777878078145E-16));
#19423=CARTESIAN_POINT('',(77.0993999772258,-65.587432089407,2.8));
#19424=CARTESIAN_POINT('Origin',(83.7239360075653,-61.0874320894069,-1.38777878078145E-16));
#19425=CARTESIAN_POINT('',(79.8268216905353,-63.337432089407,2.8));
#19426=CARTESIAN_POINT('',(79.8268216905353,-63.337432089407,-1.38777878078145E-16));
#19427=CARTESIAN_POINT('Origin',(83.7239360075653,-61.0874320894069,2.8));
#19428=CARTESIAN_POINT('Origin',(77.8060957483716,-59.837432089407,-1.38777878078145E-16));
#19429=CARTESIAN_POINT('',(74.6824530660835,-54.4271242589934,2.8));
#19430=CARTESIAN_POINT('Origin',(122.786113834056,-57.587432089407,-1.38777878078145E-16));
#19431=CARTESIAN_POINT('',(126.683228151086,-59.837432089407,2.8));
#19432=CARTESIAN_POINT('',(126.683228151086,-59.837432089407,-1.38777878078145E-16));
#19433=CARTESIAN_POINT('Origin',(122.786113834056,-57.587432089407,2.8));
#19434=CARTESIAN_POINT('Origin',(124.662502208923,-63.337432089407,-1.38777878078145E-16));
#19435=CARTESIAN_POINT('',(124.662502208923,-63.337432089407,2.8));
#19436=CARTESIAN_POINT('',(124.662502208923,-63.337432089407,-1.38777878078145E-16));
#19437=CARTESIAN_POINT('',(120.854058361582,-69.9338503307743,2.8));
#19438=CARTESIAN_POINT('Origin',(120.765387891893,-61.0874320894069,-1.38777878078145E-16));
#19439=CARTESIAN_POINT('',(120.765387891893,-65.587432089407,2.8));
#19440=CARTESIAN_POINT('',(120.765387891893,-65.587432089407,-1.38777878078145E-16));
#19441=CARTESIAN_POINT('Origin',(120.765387891893,-61.0874320894069,2.8));
#19442=CARTESIAN_POINT('Origin',(116.723936007565,-65.587432089407,-1.38777878078145E-16));
#19443=CARTESIAN_POINT('',(116.723936007565,-65.587432089407,2.8));
#19444=CARTESIAN_POINT('',(116.723936007565,-65.587432089407,-1.38777878078145E-16));
#19445=CARTESIAN_POINT('',(93.5993999772257,-65.5874320894069,2.8));
#19446=CARTESIAN_POINT('Origin',(116.723936007565,-61.087432089407,-1.38777878078145E-16));
#19447=CARTESIAN_POINT('',(112.826821690535,-63.337432089407,2.8));
#19448=CARTESIAN_POINT('',(112.826821690535,-63.337432089407,-1.38777878078145E-16));
#19449=CARTESIAN_POINT('Origin',(116.723936007565,-61.087432089407,2.8));
#19450=CARTESIAN_POINT('Origin',(110.806095748372,-59.837432089407,-1.38777878078145E-16));
#19451=CARTESIAN_POINT('',(110.806095748372,-59.837432089407,2.8));
#19452=CARTESIAN_POINT('',(110.806095748372,-59.837432089407,-1.38777878078145E-16));
#19453=CARTESIAN_POINT('',(103.557453066083,-47.2824146777718,2.8));
#19454=CARTESIAN_POINT('Origin',(114.703210065402,-57.587432089407,-1.38777878078145E-16));
#19455=CARTESIAN_POINT('Origin',(114.703210065402,-57.587432089407,2.8));
#19456=CARTESIAN_POINT('Origin',(67.2689587194534,-51.5876034294873,-1.38777878078145E-16));
#19457=CARTESIAN_POINT('',(63.3718444024234,-53.8376034294873,2.8));
#19458=CARTESIAN_POINT('',(63.3718444024234,-53.8376034294873,-1.38777878078145E-16));
#19459=CARTESIAN_POINT('Origin',(67.2689587194534,-51.5876034294873,2.8));
#19460=CARTESIAN_POINT('Origin',(61.3509206137768,-50.3372607493267,-1.38777878078145E-16));
#19461=CARTESIAN_POINT('',(61.3509206137768,-50.3372607493267,2.8));
#19462=CARTESIAN_POINT('',(61.3509206137768,-50.3372607493267,-1.38777878078145E-16));
#19463=CARTESIAN_POINT('',(62.3410222535167,-52.0521670940135,2.8));
#19464=CARTESIAN_POINT('Origin',(65.2480349308068,-48.0872607493267,-1.38777878078145E-16));
#19465=CARTESIAN_POINT('',(61.3509206137767,-45.8372607493267,2.8));
#19466=CARTESIAN_POINT('',(61.3509206137767,-45.8372607493267,-1.38777878078145E-16));
#19467=CARTESIAN_POINT('Origin',(65.2480349308068,-48.0872607493267,2.8));
#19468=CARTESIAN_POINT('Origin',(63.3718444024234,-42.336918069166,-1.38777878078145E-16));
#19469=CARTESIAN_POINT('',(63.3718444024234,-42.336918069166,2.8));
#19470=CARTESIAN_POINT('',(63.3718444024234,-42.336918069166,-1.38777878078145E-16));
#19471=CARTESIAN_POINT('',(62.67798812238,-43.5387123993519,2.8));
#19472=CARTESIAN_POINT('Origin',(67.2689587194534,-44.586918069166,-1.38777878078145E-16));
#19473=CARTESIAN_POINT('',(67.2689587194534,-40.086918069166,2.8));
#19474=CARTESIAN_POINT('',(67.2689587194534,-40.086918069166,-1.38777878078145E-16));
#19475=CARTESIAN_POINT('Origin',(67.2689587194534,-44.586918069166,2.8));
#19476=CARTESIAN_POINT('Origin',(71.3108062967467,-40.086918069166,-1.38777878078145E-16));
#19477=CARTESIAN_POINT('',(70.8928351218165,-40.086918069166,2.8));
#19478=CARTESIAN_POINT('Origin',(48.7032100654017,-57.587432089407,-1.38777878078145E-16));
#19479=CARTESIAN_POINT('',(44.8060957483716,-55.337432089407,2.8));
#19480=CARTESIAN_POINT('',(44.8060957483716,-55.337432089407,-1.38777878078145E-16));
#19481=CARTESIAN_POINT('Origin',(48.7032100654017,-57.587432089407,2.8));
#19482=CARTESIAN_POINT('Origin',(46.8268216905352,-51.837432089407,-1.38777878078145E-16));
#19483=CARTESIAN_POINT('',(46.8268216905352,-51.837432089407,2.8));
#19484=CARTESIAN_POINT('',(46.8268216905352,-51.837432089407,-1.38777878078145E-16));
#19485=CARTESIAN_POINT('',(50.2580148721126,-45.8944311683311,2.8));
#19486=CARTESIAN_POINT('Origin',(50.7239360075652,-54.087432089407,-1.38777878078145E-16));
#19487=CARTESIAN_POINT('',(50.7239360075652,-49.587432089407,2.8));
#19488=CARTESIAN_POINT('',(50.7239360075652,-49.587432089407,-1.38777878078145E-16));
#19489=CARTESIAN_POINT('Origin',(50.7239360075652,-54.087432089407,2.8));
#19490=CARTESIAN_POINT('Origin',(54.7653878918926,-49.587432089407,-1.38777878078145E-16));
#19491=CARTESIAN_POINT('',(54.7653878918926,-49.587432089407,2.8));
#19492=CARTESIAN_POINT('',(54.7653878918926,-49.587432089407,-1.38777878078145E-16));
#19493=CARTESIAN_POINT('',(62.6201259193894,-49.587432089407,2.8));
#19494=CARTESIAN_POINT('Origin',(54.7653878918926,-54.087432089407,-1.38777878078145E-16));
#19495=CARTESIAN_POINT('',(58.6625022089226,-51.837432089407,2.8));
#19496=CARTESIAN_POINT('',(58.6625022089226,-51.837432089407,-1.38777878078145E-16));
#19497=CARTESIAN_POINT('Origin',(54.7653878918926,-54.087432089407,2.8));
#19498=CARTESIAN_POINT('Origin',(60.6832281510863,-55.337432089407,-1.38777878078145E-16));
#19499=CARTESIAN_POINT('',(60.6742224977164,-55.321833840215,2.8));
#19500=CARTESIAN_POINT('Origin',(30.3718444024234,-61.336918069166,-1.38777878078145E-16));
#19501=CARTESIAN_POINT('',(30.3718444024234,-61.336918069166,2.8));
#19502=CARTESIAN_POINT('',(30.3718444024234,-61.336918069166,-1.38777878078145E-16));
#19503=CARTESIAN_POINT('',(37.9166087903561,-48.2690028181303,2.8));
#19504=CARTESIAN_POINT('Origin',(34.2689587194534,-63.586918069166,-1.38777878078145E-16));
#19505=CARTESIAN_POINT('Origin',(34.2689587194534,-63.586918069166,2.8));
#19506=CARTESIAN_POINT('Origin',(15.7032100654017,-38.587432089407,-1.38777878078145E-16));
#19507=CARTESIAN_POINT('',(11.8060957483716,-36.337432089407,2.8));
#19508=CARTESIAN_POINT('',(11.8060957483716,-36.337432089407,-1.38777878078145E-16));
#19509=CARTESIAN_POINT('Origin',(15.7032100654017,-38.587432089407,2.8));
#19510=CARTESIAN_POINT('Origin',(13.8268216905352,-32.837432089407,-1.38777878078145E-16));
#19511=CARTESIAN_POINT('',(13.8268216905352,-32.837432089407,2.8));
#19512=CARTESIAN_POINT('',(13.8268216905352,-32.837432089407,-1.38777878078145E-16));
#19513=CARTESIAN_POINT('',(17.2693942041365,-26.8747215871095,2.8));
#19514=CARTESIAN_POINT('Origin',(17.7239360075652,-35.087432089407,-1.38777878078145E-16));
#19515=CARTESIAN_POINT('',(17.7239360075652,-30.587432089407,2.8));
#19516=CARTESIAN_POINT('',(17.7239360075652,-30.587432089407,-1.38777878078145E-16));
#19517=CARTESIAN_POINT('Origin',(17.7239360075652,-35.087432089407,2.8));
#19518=CARTESIAN_POINT('Origin',(21.7653878918926,-30.587432089407,-1.38777878078145E-16));
#19519=CARTESIAN_POINT('',(21.7653878918926,-30.587432089407,2.8));
#19520=CARTESIAN_POINT('',(21.7653878918926,-30.587432089407,-1.38777878078145E-16));
#19521=CARTESIAN_POINT('',(46.1201259193894,-30.5874320894069,2.8));
#19522=CARTESIAN_POINT('Origin',(21.7653878918926,-35.087432089407,-1.38777878078145E-16));
#19523=CARTESIAN_POINT('',(25.6625022089226,-32.837432089407,2.8));
#19524=CARTESIAN_POINT('',(25.6625022089226,-32.837432089407,-1.38777878078145E-16));
#19525=CARTESIAN_POINT('Origin',(21.7653878918926,-35.087432089407,2.8));
#19526=CARTESIAN_POINT('Origin',(27.6832281510863,-36.337432089407,-1.38777878078145E-16));
#19527=CARTESIAN_POINT('',(35.9128431656925,-50.5915434214366,2.8));
#19528=CARTESIAN_POINT('Origin',(11.2288444024234,-64.8372607493267,-1.38777878078145E-16));
#19529=CARTESIAN_POINT('',(11.2288444024234,-64.8372607493267,2.8));
#19530=CARTESIAN_POINT('',(11.2288444024234,-64.8372607493267,-1.38777878078145E-16));
#19531=CARTESIAN_POINT('',(9.20792061377672,-61.336918069166,2.8));
#19532=CARTESIAN_POINT('',(15.3448634798639,-71.9664149163764,2.8));
#19533=CARTESIAN_POINT('',(9.20792061377672,-61.336918069166,-1.38777878078145E-16));
#19534=CARTESIAN_POINT('Origin',(7.33173008539344,-67.0872607493267,-1.38777878078145E-16));
#19535=CARTESIAN_POINT('Origin',(7.33173008539344,-67.0872607493267,2.8));
#19536=CARTESIAN_POINT('Origin',(5.31080629674673,-63.586918069166,-1.38777878078145E-16));
#19537=CARTESIAN_POINT('Origin',(5.31080629674673,-63.586918069166,2.8));
#19538=CARTESIAN_POINT('Origin',(17.7239360075652,-73.087432089407,-1.38777878078145E-16));
#19539=CARTESIAN_POINT('',(17.7239360075652,-68.587432089407,2.8));
#19540=CARTESIAN_POINT('',(17.7239360075652,-68.587432089407,-1.38777878078145E-16));
#19541=CARTESIAN_POINT('Origin',(17.7239360075652,-73.087432089407,2.8));
#19542=CARTESIAN_POINT('Origin',(21.7653878918926,-68.587432089407,-1.38777878078145E-16));
#19543=CARTESIAN_POINT('',(21.7653878918926,-68.587432089407,2.8));
#19544=CARTESIAN_POINT('',(21.7653878918926,-68.587432089407,-1.38777878078145E-16));
#19545=CARTESIAN_POINT('',(46.1201259193894,-68.5874320894069,2.8));
#19546=CARTESIAN_POINT('Origin',(21.7653878918926,-73.087432089407,-1.38777878078145E-16));
#19547=CARTESIAN_POINT('Origin',(21.7653878918926,-73.087432089407,2.8));
#19548=CARTESIAN_POINT('Origin',(67.2689587194534,-63.586918069166,-1.38777878078145E-16));
#19549=CARTESIAN_POINT('',(67.2689587194534,-59.086918069166,2.8));
#19550=CARTESIAN_POINT('',(67.2689587194534,-59.086918069166,-1.38777878078145E-16));
#19551=CARTESIAN_POINT('Origin',(67.2689587194534,-63.586918069166,2.8));
#19552=CARTESIAN_POINT('Origin',(71.3108062967467,-59.086918069166,-1.38777878078145E-16));
#19553=CARTESIAN_POINT('',(70.8928351218165,-59.086918069166,2.8));
#19554=CARTESIAN_POINT('Origin',(75.6006619497289,-65.352432089407,-1.38777878078145E-16));
#19555=CARTESIAN_POINT('Origin',(75.6006619497289,-65.352432089407,2.8));
#19556=CARTESIAN_POINT('Origin',(67.2689587194534,-32.5876034294873,-1.38777878078145E-16));
#19557=CARTESIAN_POINT('',(63.3718444024234,-34.8376034294873,2.8));
#19558=CARTESIAN_POINT('',(63.3718444024234,-34.8376034294873,-1.38777878078145E-16));
#19559=CARTESIAN_POINT('Origin',(67.2689587194534,-32.5876034294873,2.8));
#19560=CARTESIAN_POINT('Origin',(61.3509206137768,-31.3372607493267,-1.38777878078145E-16));
#19561=CARTESIAN_POINT('',(61.3509206137768,-31.3372607493267,2.8));
#19562=CARTESIAN_POINT('',(61.3509206137768,-31.3372607493267,-1.38777878078145E-16));
#19563=CARTESIAN_POINT('',(66.4546429214927,-40.1771670940135,2.8));
#19564=CARTESIAN_POINT('Origin',(65.2480349308068,-29.0872607493267,-1.38777878078145E-16));
#19565=CARTESIAN_POINT('Origin',(65.2480349308068,-29.0872607493267,2.8));
#19566=CARTESIAN_POINT('Origin',(67.2689587194534,-25.586918069166,-1.38777878078145E-16));
#19567=CARTESIAN_POINT('',(67.2689587194534,-21.086918069166,2.8));
#19568=CARTESIAN_POINT('',(67.2689587194534,-21.086918069166,-1.38777878078145E-16));
#19569=CARTESIAN_POINT('Origin',(67.2689587194534,-25.586918069166,2.8));
#19570=CARTESIAN_POINT('Origin',(71.3108062967467,-21.086918069166,-1.38777878078145E-16));
#19571=CARTESIAN_POINT('',(70.8928351218164,-21.086918069166,2.8));
#19572=CARTESIAN_POINT('Origin',(98.2480349308068,-48.0872607493267,-1.38777878078145E-16));
#19573=CARTESIAN_POINT('',(94.3509206137767,-45.8372607493267,2.8));
#19574=CARTESIAN_POINT('',(94.3509206137767,-45.8372607493267,-1.38777878078145E-16));
#19575=CARTESIAN_POINT('Origin',(98.2480349308068,-48.0872607493267,2.8));
#19576=CARTESIAN_POINT('Origin',(96.3718444024234,-42.336918069166,-1.38777878078145E-16));
#19577=CARTESIAN_POINT('',(96.3718444024234,-42.336918069166,2.8));
#19578=CARTESIAN_POINT('',(96.3718444024234,-42.336918069166,-1.38777878078145E-16));
#19579=CARTESIAN_POINT('',(91.5529881223801,-50.6834219805735,2.8));
#19580=CARTESIAN_POINT('Origin',(100.268958719453,-44.586918069166,-1.38777878078145E-16));
#19581=CARTESIAN_POINT('',(100.268958719453,-40.086918069166,2.8));
#19582=CARTESIAN_POINT('',(100.268958719453,-40.086918069166,-1.38777878078145E-16));
#19583=CARTESIAN_POINT('Origin',(100.268958719453,-44.586918069166,2.8));
#19584=CARTESIAN_POINT('Origin',(104.310806296747,-40.086918069166,-1.38777878078145E-16));
#19585=CARTESIAN_POINT('',(104.310806296747,-40.086918069166,2.8));
#19586=CARTESIAN_POINT('',(104.310806296747,-40.086918069166,-1.38777878078145E-16));
#19587=CARTESIAN_POINT('',(87.3928351218165,-40.0869180691661,2.8));
#19588=CARTESIAN_POINT('Origin',(104.310806296747,-44.586918069166,-1.38777878078145E-16));
#19589=CARTESIAN_POINT('',(108.207920613777,-42.336918069166,2.8));
#19590=CARTESIAN_POINT('',(108.207920613777,-42.336918069166,-1.38777878078145E-16));
#19591=CARTESIAN_POINT('Origin',(104.310806296747,-44.586918069166,2.8));
#19592=CARTESIAN_POINT('Origin',(110.228844402423,-45.8372607493267,-1.38777878078145E-16));
#19593=CARTESIAN_POINT('',(106.08348414784,-38.6572861727115,2.8));
#19594=CARTESIAN_POINT('Origin',(116.723936007565,-42.087432089407,-1.38777878078145E-16));
#19595=CARTESIAN_POINT('',(112.826821690535,-44.337432089407,2.8));
#19596=CARTESIAN_POINT('',(112.826821690535,-44.337432089407,-1.38777878078145E-16));
#19597=CARTESIAN_POINT('Origin',(116.723936007565,-42.087432089407,2.8));
#19598=CARTESIAN_POINT('Origin',(116.723936007565,-23.0874320894069,-1.38777878078145E-16));
#19599=CARTESIAN_POINT('',(112.826821690535,-25.337432089407,2.8));
#19600=CARTESIAN_POINT('',(112.826821690535,-25.337432089407,-1.38777878078145E-16));
#19601=CARTESIAN_POINT('Origin',(116.723936007565,-23.0874320894069,2.8));
#19602=CARTESIAN_POINT('Origin',(70.4748639468862,-49.6426331957165,2.8));
#19603=CARTESIAN_POINT('Origin',(33.8646875233267,-87.8914255539513,2.8));
#19604=CARTESIAN_POINT('Origin',(82.3656097911965,-68.3501909812139,2.8));
#19605=CARTESIAN_POINT('',(104.310806296747,-18.0876034294873,2.8));
#19606=CARTESIAN_POINT('Origin',(104.310806296747,-13.5876034294874,2.8));
#19607=CARTESIAN_POINT('',(100.268958719453,-18.0876034294873,2.8));
#19608=CARTESIAN_POINT('',(85.3719113331698,-18.0876034294873,2.8));
#19609=CARTESIAN_POINT('Origin',(100.268958719453,-13.5876034294873,2.8));
#19610=CARTESIAN_POINT('Origin',(100.849446939193,-9.10025707415587,2.8));
#19611=CARTESIAN_POINT('Origin',(81.8497059497289,-4.35018408940698,2.8));
#19612=CARTESIAN_POINT('Origin',(60.8502066982297,-4.33713135227936,2.8));
#19613=CARTESIAN_POINT('',(44.2508780826512,-6.82930627224183,2.8));
#19614=CARTESIAN_POINT('',(44.2479039252159,-28.2341474370239,2.8));
#19615=CARTESIAN_POINT('Origin',(41.850878105819,-6.82897279731803,2.8));
#19616=CARTESIAN_POINT('',(19.3680968662274,-28.321365705403,2.8));
#19617=CARTESIAN_POINT('',(7.36809686622742,-31.250676214729,2.8));
#19618=CARTESIAN_POINT('Origin',(3.09999999993826,-10.1000982150895,2.8));
#19619=CARTESIAN_POINT('',(36.4875722170205,-52.0917175786968,2.8));
#19620=CARTESIAN_POINT('',(94.3509206137767,-26.8372607493267,2.8));
#19621=CARTESIAN_POINT('Origin',(98.2480349308068,-29.0872607493267,2.8));
#19622=CARTESIAN_POINT('',(96.3718444024234,-23.336918069166,2.8));
#19623=CARTESIAN_POINT('',(87.439367454404,-38.8084219805735,2.8));
#19624=CARTESIAN_POINT('',(100.268958719453,-21.086918069166,2.8));
#19625=CARTESIAN_POINT('Origin',(100.268958719453,-25.586918069166,2.8));
#19626=CARTESIAN_POINT('',(104.310806296747,-21.086918069166,2.8));
#19627=CARTESIAN_POINT('',(87.3928351218164,-21.0869180691661,2.8));
#19628=CARTESIAN_POINT('',(108.207920613777,-23.336918069166,2.8));
#19629=CARTESIAN_POINT('Origin',(104.310806296747,-25.5869180691661,2.8));
#19630=CARTESIAN_POINT('',(110.197104815816,-26.7822861727115,2.8));
#19631=CARTESIAN_POINT('',(87.7653878918926,-27.587432089407,2.8));
#19632=CARTESIAN_POINT('Origin',(87.7653878918925,-23.0874320894069,2.8));
#19633=CARTESIAN_POINT('',(83.7239360075652,-27.587432089407,2.8));
#19634=CARTESIAN_POINT('',(77.0993999772257,-27.587432089407,2.8));
#19635=CARTESIAN_POINT('',(79.8268216905352,-25.337432089407,2.8));
#19636=CARTESIAN_POINT('Origin',(83.7239360075652,-23.087432089407,2.8));
#19637=CARTESIAN_POINT('',(77.8060957483715,-21.837432089407,2.8));
#19638=CARTESIAN_POINT('',(82.9096944020357,-30.6771242589934,2.8));
#19639=CARTESIAN_POINT('',(77.8060957483715,-17.337432089407,2.8));
#19640=CARTESIAN_POINT('Origin',(81.7032100654016,-19.587432089407,2.8));
#19641=CARTESIAN_POINT('',(70.9057735361604,-29.2891407495526,2.8));
#19642=CARTESIAN_POINT('',(110.806095748372,-21.837432089407,2.8));
#19643=CARTESIAN_POINT('',(111.784694402036,-23.5324146777716,2.8));
#19644=CARTESIAN_POINT('',(110.806095748372,-17.337432089407,2.8));
#19645=CARTESIAN_POINT('Origin',(114.703210065402,-19.587432089407,2.8));
#19646=CARTESIAN_POINT('',(112.826821690535,-13.837432089407,2.8));
#19647=CARTESIAN_POINT('',(99.7807735361604,-36.4338503307743,2.8));
#19648=CARTESIAN_POINT('',(116.723936007565,-11.587432089407,2.8));
#19649=CARTESIAN_POINT('Origin',(116.723936007565,-16.087432089407,2.8));
#19650=CARTESIAN_POINT('',(95.6201259193894,-11.587432089407,2.8));
#19651=CARTESIAN_POINT('',(93.6832281510863,-40.837432089407,2.8));
#19652=CARTESIAN_POINT('Origin',(89.7861138340561,-38.587432089407,2.8));
#19653=CARTESIAN_POINT('',(91.6625022089226,-44.3374320894069,2.8));
#19654=CARTESIAN_POINT('',(87.8654376936057,-50.9141407495527,2.8));
#19655=CARTESIAN_POINT('',(87.7653878918926,-46.587432089407,2.8));
#19656=CARTESIAN_POINT('Origin',(87.7653878918926,-42.0874320894069,2.8));
#19657=CARTESIAN_POINT('',(83.7239360075653,-46.587432089407,2.8));
#19658=CARTESIAN_POINT('',(77.0993999772257,-46.587432089407,2.8));
#19659=CARTESIAN_POINT('',(79.8268216905353,-44.337432089407,2.8));
#19660=CARTESIAN_POINT('Origin',(83.7239360075653,-42.0874320894069,2.8));
#19661=CARTESIAN_POINT('',(78.7960737340596,-42.5521242589933,2.8));
#19662=CARTESIAN_POINT('',(110.806095748372,-40.837432089407,2.8));
#19663=CARTESIAN_POINT('',(107.67107373406,-35.4074146777718,2.8));
#19664=CARTESIAN_POINT('',(110.806095748372,-36.337432089407,2.8));
#19665=CARTESIAN_POINT('Origin',(114.703210065402,-38.587432089407,2.8));
#19666=CARTESIAN_POINT('',(103.894394204136,-48.3088503307743,2.8));
#19667=CARTESIAN_POINT('Origin',(104.310806296747,-13.5876034294874,-1.38777878078145E-16));
#19668=CARTESIAN_POINT('',(104.310806296747,-18.0876034294873,-1.38777878078145E-16));
#19669=CARTESIAN_POINT('Origin',(100.268958719453,-18.0876034294873,-1.38777878078145E-16));
#19670=CARTESIAN_POINT('',(100.268958719453,-18.0876034294873,-1.38777878078145E-16));
#19671=CARTESIAN_POINT('Origin',(100.268958719453,-13.5876034294873,-1.38777878078145E-16));
#19672=CARTESIAN_POINT('Origin',(110.806095748372,-40.837432089407,-1.38777878078145E-16));
#19673=CARTESIAN_POINT('',(110.806095748372,-40.837432089407,-1.38777878078145E-16));
#19674=CARTESIAN_POINT('Origin',(114.703210065402,-38.587432089407,-1.38777878078145E-16));
#19675=CARTESIAN_POINT('',(110.806095748372,-36.337432089407,-1.38777878078145E-16));
#19676=CARTESIAN_POINT('Origin',(112.826821690535,-32.837432089407,-1.38777878078145E-16));
#19677=CARTESIAN_POINT('Origin',(110.806095748372,-21.837432089407,-1.38777878078145E-16));
#19678=CARTESIAN_POINT('',(110.806095748372,-21.837432089407,-1.38777878078145E-16));
#19679=CARTESIAN_POINT('Origin',(114.703210065402,-19.587432089407,-1.38777878078145E-16));
#19680=CARTESIAN_POINT('',(110.806095748372,-17.337432089407,-1.38777878078145E-16));
#19681=CARTESIAN_POINT('Origin',(112.826821690535,-13.837432089407,-1.38777878078145E-16));
#19682=CARTESIAN_POINT('',(112.826821690535,-13.837432089407,-1.38777878078145E-16));
#19683=CARTESIAN_POINT('Origin',(116.723936007565,-16.087432089407,-1.38777878078145E-16));
#19684=CARTESIAN_POINT('',(116.723936007565,-11.587432089407,-1.38777878078145E-16));
#19685=CARTESIAN_POINT('Origin',(120.765387891893,-11.587432089407,-1.38777878078145E-16));
#19686=CARTESIAN_POINT('Origin',(87.7653878918925,-23.0874320894069,-1.38777878078145E-16));
#19687=CARTESIAN_POINT('',(87.7653878918926,-27.587432089407,-1.38777878078145E-16));
#19688=CARTESIAN_POINT('Origin',(83.7239360075652,-27.587432089407,-1.38777878078145E-16));
#19689=CARTESIAN_POINT('',(83.7239360075652,-27.587432089407,-1.38777878078145E-16));
#19690=CARTESIAN_POINT('Origin',(83.7239360075652,-23.087432089407,-1.38777878078145E-16));
#19691=CARTESIAN_POINT('',(79.8268216905352,-25.337432089407,-1.38777878078145E-16));
#19692=CARTESIAN_POINT('Origin',(77.8060957483715,-21.837432089407,-1.38777878078145E-16));
#19693=CARTESIAN_POINT('',(77.8060957483715,-21.837432089407,-1.38777878078145E-16));
#19694=CARTESIAN_POINT('Origin',(81.7032100654016,-19.587432089407,-1.38777878078145E-16));
#19695=CARTESIAN_POINT('',(77.8060957483715,-17.337432089407,-1.38777878078145E-16));
#19696=CARTESIAN_POINT('Origin',(79.8268216905352,-13.837432089407,-1.38777878078145E-16));
#19697=CARTESIAN_POINT('Origin',(98.2480349308068,-29.0872607493267,-1.38777878078145E-16));
#19698=CARTESIAN_POINT('',(94.3509206137767,-26.8372607493267,-1.38777878078145E-16));
#19699=CARTESIAN_POINT('Origin',(96.3718444024234,-23.336918069166,-1.38777878078145E-16));
#19700=CARTESIAN_POINT('',(96.3718444024234,-23.336918069166,-1.38777878078145E-16));
#19701=CARTESIAN_POINT('Origin',(100.268958719453,-25.586918069166,-1.38777878078145E-16));
#19702=CARTESIAN_POINT('',(100.268958719453,-21.086918069166,-1.38777878078145E-16));
#19703=CARTESIAN_POINT('Origin',(104.310806296747,-21.086918069166,-1.38777878078145E-16));
#19704=CARTESIAN_POINT('',(104.310806296747,-21.086918069166,-1.38777878078145E-16));
#19705=CARTESIAN_POINT('Origin',(104.310806296747,-25.5869180691661,-1.38777878078145E-16));
#19706=CARTESIAN_POINT('',(108.207920613777,-23.336918069166,-1.38777878078145E-16));
#19707=CARTESIAN_POINT('Origin',(110.228844402423,-26.8372607493267,-1.38777878078145E-16));
#19708=CARTESIAN_POINT('Origin',(89.7861138340561,-38.587432089407,-1.38777878078145E-16));
#19709=CARTESIAN_POINT('',(93.6832281510863,-40.837432089407,-1.38777878078145E-16));
#19710=CARTESIAN_POINT('Origin',(91.6625022089226,-44.3374320894069,-1.38777878078145E-16));
#19711=CARTESIAN_POINT('',(91.6625022089226,-44.3374320894069,-1.38777878078145E-16));
#19712=CARTESIAN_POINT('Origin',(87.7653878918926,-42.0874320894069,-1.38777878078145E-16));
#19713=CARTESIAN_POINT('',(87.7653878918926,-46.587432089407,-1.38777878078145E-16));
#19714=CARTESIAN_POINT('Origin',(83.7239360075653,-46.587432089407,-1.38777878078145E-16));
#19715=CARTESIAN_POINT('',(83.7239360075653,-46.587432089407,-1.38777878078145E-16));
#19716=CARTESIAN_POINT('Origin',(83.7239360075653,-42.0874320894069,-1.38777878078145E-16));
#19717=CARTESIAN_POINT('',(79.8268216905353,-44.337432089407,-1.38777878078145E-16));
#19718=CARTESIAN_POINT('Origin',(77.8060957483716,-40.837432089407,-1.38777878078145E-16));
#19719=CARTESIAN_POINT('Origin',(118.744661949729,-29.087432089407,-1.38777878078145E-16));
#19720=CARTESIAN_POINT('',(116.244661949729,-29.087432089407,-1.38777878078145E-16));
#19721=CARTESIAN_POINT('Origin',(137.84259946372,-67.3501909812138,-1.38777878078145E-16));
#19722=CARTESIAN_POINT('Origin',(36.4875722170205,-52.0917175786968,4.3));
#19723=CARTESIAN_POINT('',(36.4875627497798,-50.5917175787266,4.3));
#19724=CARTESIAN_POINT('Origin',(2.50025556388693,-50.591932089407,3.));
#19725=CARTESIAN_POINT('Origin',(7.36809686622742,-31.250676214729,4.3));
#19726=CARTESIAN_POINT('Origin',(19.3680968662274,-28.321365705403,4.3));
#19727=CARTESIAN_POINT('Origin',(70.4748639468862,-49.6426331957165,4.8));
#19728=CARTESIAN_POINT('',(44.2508780826512,-6.82930627224183,4.8));
#19729=CARTESIAN_POINT('Origin',(41.850878105819,-6.82897279731803,4.8));
#19730=CARTESIAN_POINT('',(44.2508894783202,-6.74729229332518,4.8));
#19731=CARTESIAN_POINT('Origin',(60.8502066982297,-4.33713135227936,4.8));
#19732=CARTESIAN_POINT('Origin',(81.8497059497289,-4.35018408940698,4.8));
#19733=CARTESIAN_POINT('Origin',(100.849446939193,-9.10025707415587,4.8));
#19734=CARTESIAN_POINT('Origin',(81.8497059497289,-4.35018408940698,3.));
#19735=CARTESIAN_POINT('Origin',(60.8502066982297,-4.33713135227936,3.));
#19736=CARTESIAN_POINT('Origin',(44.2508780826512,-6.82930627224183,3.));
#19737=CARTESIAN_POINT('',(44.2508780826512,-6.82930627224183,3.));
#19738=CARTESIAN_POINT('Origin',(41.850878105819,-6.82897279731803,3.));
#19739=CARTESIAN_POINT('Origin',(33.8646875233267,-87.8914255539513,3.));
#19740=CARTESIAN_POINT('Origin',(82.3656097911965,-68.3501909812139,3.));
#19741=CARTESIAN_POINT('Origin',(100.849446939193,-9.10025707415587,3.));
#19742=CARTESIAN_POINT('Origin',(16.995682978897,-96.4850049033982,6.5));
#19743=CARTESIAN_POINT('',(2.5806194349243,-71.4883447570252,6.5));
#19744=CARTESIAN_POINT('Origin',(3.10038555968124,-71.1886062450599,6.5));
#19745=CARTESIAN_POINT('Origin',(3.09999999993826,-10.1000982150895,6.5));
#19746=CARTESIAN_POINT('Origin',(75.6006619497289,-65.352432089407,-1.38777878078145E-16));
#19747=CARTESIAN_POINT('',(73.1006619497289,-65.352432089407,-1.38777878078145E-16));
#19748=CARTESIAN_POINT('Origin',(42.7896619497289,-25.597432089407,-1.38777878078145E-16));
#19749=CARTESIAN_POINT('',(40.2896619497289,-25.597432089407,-1.38777878078145E-16));
#19750=CARTESIAN_POINT('Origin',(118.744661949729,-48.087432089407,-1.38777878078145E-16));
#19751=CARTESIAN_POINT('',(116.244661949729,-48.087432089407,-1.38777878078145E-16));
#19752=UNCERTAINTY_MEASURE_WITH_UNIT(LENGTH_MEASURE(0.01),#19756,
'DISTANCE_ACCURACY_VALUE',
'Maximum model space distance between geometric entities at asserted c
onnectivities');
#19753=UNCERTAINTY_MEASURE_WITH_UNIT(LENGTH_MEASURE(0.01),#19756,
'DISTANCE_ACCURACY_VALUE',
'Maximum model space distance between geometric entities at asserted c
onnectivities');
#19754=(
GEOMETRIC_REPRESENTATION_CONTEXT(3)
GLOBAL_UNCERTAINTY_ASSIGNED_CONTEXT((#19752))
GLOBAL_UNIT_ASSIGNED_CONTEXT((#19756,#19758,#19759))
REPRESENTATION_CONTEXT('','3D')
);
#19755=(
GEOMETRIC_REPRESENTATION_CONTEXT(3)
GLOBAL_UNCERTAINTY_ASSIGNED_CONTEXT((#19753))
GLOBAL_UNIT_ASSIGNED_CONTEXT((#19756,#19758,#19759))
REPRESENTATION_CONTEXT('','3D')
);
#19756=(
LENGTH_UNIT()
NAMED_UNIT(*)
SI_UNIT(.MILLI.,.METRE.)
);
#19757=(
LENGTH_UNIT()
NAMED_UNIT(*)
SI_UNIT($,.METRE.)
);
#19758=(
NAMED_UNIT(*)
PLANE_ANGLE_UNIT()
SI_UNIT($,.RADIAN.)
);
#19759=(
NAMED_UNIT(*)
SI_UNIT($,.STERADIAN.)
SOLID_ANGLE_UNIT()
);
#19760=SHAPE_DEFINITION_REPRESENTATION(#19761,#19762);
#19761=PRODUCT_DEFINITION_SHAPE('',$,#19764);
#19762=SHAPE_REPRESENTATION('',(#11319),#19754);
#19763=PRODUCT_DEFINITION_CONTEXT('part definition',#19768,'design');
#19764=PRODUCT_DEFINITION('TentedBottom','TentedBottom',#19765,#19763);
#19765=PRODUCT_DEFINITION_FORMATION('',$,#19770);
#19766=PRODUCT_RELATED_PRODUCT_CATEGORY('TentedBottom','TentedBottom',(#19770));
#19767=APPLICATION_PROTOCOL_DEFINITION('international standard',
'automotive_design',2009,#19768);
#19768=APPLICATION_CONTEXT(
'Core Data for Automotive Mechanical Design Process');
#19769=PRODUCT_CONTEXT('part definition',#19768,'mechanical');
#19770=PRODUCT('TentedBottom','TentedBottom',$,(#19769));
#19771=PRESENTATION_STYLE_ASSIGNMENT((#19772));
#19772=SURFACE_STYLE_USAGE(.BOTH.,#19773);
#19773=SURFACE_SIDE_STYLE('',(#19774));
#19774=SURFACE_STYLE_FILL_AREA(#19775);
#19775=FILL_AREA_STYLE('Steel - Satin',(#19776));
#19776=FILL_AREA_STYLE_COLOUR('Steel - Satin',#19777);
#19777=COLOUR_RGB('Steel - Satin',0.627450980392157,0.627450980392157,0.627450980392157);
ENDSEC;
END-ISO-10303-21;
