ISO-10303-21;
HEADER;
/* Generated by software containing ST-Developer
 * from STEP Tools, Inc. (www.steptools.com) 
 */

FILE_DESCRIPTION(
/* description */ (''),
/* implementation_level */ '2;1');

FILE_NAME(
/* name */ 'PCB.step',
/* time_stamp */ '2026-08-22T09:25:45+03:00',
/* author */ (''),
/* organization */ (''),
/* preprocessor_version */ 'ST-DEVELOPER v20.1',
/* originating_system */ 'Autodesk Translation Framework v15.8.0.0',
/* authorisation */ '');

FILE_SCHEMA (('AUTOMOTIVE_DESIGN { 1 0 10303 214 3 1 1 }'));
ENDSEC;

DATA;
#10=MECHANICAL_DESIGN_GEOMETRIC_PRESENTATION_REPRESENTATION('',(#13),#14480);
#11=SHAPE_REPRESENTATION_RELATIONSHIP('SRR','None',#14487,#12);
#12=ADVANCED_BREP_SHAPE_REPRESENTATION('',(#14),#14479);
#13=STYLED_ITEM('',(#14497),#14);
#14=MANIFOLD_SOLID_BREP('Body1',#8954);
#15=CYLINDRICAL_SURFACE('',#9437,0.95);
#16=CYLINDRICAL_SURFACE('',#9442,2.05);
#17=CYLINDRICAL_SURFACE('',#9443,0.95);
#18=CYLINDRICAL_SURFACE('',#9444,1.5);
#19=CYLINDRICAL_SURFACE('',#9445,0.95);
#20=CYLINDRICAL_SURFACE('',#9446,1.5);
#21=CYLINDRICAL_SURFACE('',#9447,1.1);
#22=CYLINDRICAL_SURFACE('',#9448,2.15);
#23=CYLINDRICAL_SURFACE('',#9449,1.5);
#24=CYLINDRICAL_SURFACE('',#9454,2.05);
#25=CYLINDRICAL_SURFACE('',#9459,1.5);
#26=CYLINDRICAL_SURFACE('',#9460,0.95);
#27=CYLINDRICAL_SURFACE('',#9461,0.95);
#28=CYLINDRICAL_SURFACE('',#9462,1.5);
#29=CYLINDRICAL_SURFACE('',#9463,2.05);
#30=CYLINDRICAL_SURFACE('',#9464,0.95);
#31=CYLINDRICAL_SURFACE('',#9465,1.5);
#32=CYLINDRICAL_SURFACE('',#9466,0.5);
#33=CYLINDRICAL_SURFACE('',#9468,0.5);
#34=CYLINDRICAL_SURFACE('',#9470,0.6);
#35=CYLINDRICAL_SURFACE('',#9471,0.6);
#36=CYLINDRICAL_SURFACE('',#9472,0.5);
#37=CYLINDRICAL_SURFACE('',#9474,0.5);
#38=CYLINDRICAL_SURFACE('',#9476,0.5);
#39=CYLINDRICAL_SURFACE('',#9478,0.5);
#40=CYLINDRICAL_SURFACE('',#9480,1.1);
#41=CYLINDRICAL_SURFACE('',#9481,0.5);
#42=CYLINDRICAL_SURFACE('',#9483,0.5);
#43=CYLINDRICAL_SURFACE('',#9489,0.95);
#44=CYLINDRICAL_SURFACE('',#9490,2.05);
#45=CYLINDRICAL_SURFACE('',#9491,0.65);
#46=CYLINDRICAL_SURFACE('',#9492,0.4064);
#47=CYLINDRICAL_SURFACE('',#9493,0.4064);
#48=CYLINDRICAL_SURFACE('',#9494,0.4064);
#49=CYLINDRICAL_SURFACE('',#9495,0.4064);
#50=CYLINDRICAL_SURFACE('',#9496,0.65);
#51=CYLINDRICAL_SURFACE('',#9497,1.5);
#52=CYLINDRICAL_SURFACE('',#9498,1.5);
#53=CYLINDRICAL_SURFACE('',#9499,0.95);
#54=CYLINDRICAL_SURFACE('',#9504,0.95);
#55=CYLINDRICAL_SURFACE('',#9505,2.05);
#56=CYLINDRICAL_SURFACE('',#9506,1.5);
#57=CYLINDRICAL_SURFACE('',#9507,0.95);
#58=CYLINDRICAL_SURFACE('',#9508,0.95);
#59=CYLINDRICAL_SURFACE('',#9509,1.5);
#60=CYLINDRICAL_SURFACE('',#9510,1.5);
#61=CYLINDRICAL_SURFACE('',#9511,2.15);
#62=CYLINDRICAL_SURFACE('',#9520,2.05);
#63=CYLINDRICAL_SURFACE('',#9521,0.95);
#64=CYLINDRICAL_SURFACE('',#9522,0.95);
#65=CYLINDRICAL_SURFACE('',#9523,1.5);
#66=CYLINDRICAL_SURFACE('',#9524,2.05);
#67=CYLINDRICAL_SURFACE('',#9525,1.5);
#68=CYLINDRICAL_SURFACE('',#9526,0.95);
#69=CYLINDRICAL_SURFACE('',#9527,1.5);
#70=CYLINDRICAL_SURFACE('',#9532,0.95);
#71=CYLINDRICAL_SURFACE('',#9533,2.05);
#72=CYLINDRICAL_SURFACE('',#9534,1.5);
#73=CYLINDRICAL_SURFACE('',#9535,0.95);
#74=CYLINDRICAL_SURFACE('',#9540,0.95);
#75=CYLINDRICAL_SURFACE('',#9541,1.5);
#76=CYLINDRICAL_SURFACE('',#9542,2.05);
#77=CYLINDRICAL_SURFACE('',#9543,0.95);
#78=CYLINDRICAL_SURFACE('',#9544,1.5);
#79=CYLINDRICAL_SURFACE('',#9545,1.5);
#80=CYLINDRICAL_SURFACE('',#9546,2.15);
#81=CYLINDRICAL_SURFACE('',#9547,0.4064);
#82=CYLINDRICAL_SURFACE('',#9548,0.4064);
#83=CYLINDRICAL_SURFACE('',#9549,0.4064);
#84=CYLINDRICAL_SURFACE('',#9550,0.4064);
#85=CYLINDRICAL_SURFACE('',#9551,0.4064);
#86=CYLINDRICAL_SURFACE('',#9552,0.4064);
#87=CYLINDRICAL_SURFACE('',#9557,0.4064);
#88=CYLINDRICAL_SURFACE('',#9558,0.4064);
#89=CYLINDRICAL_SURFACE('',#9559,0.95);
#90=CYLINDRICAL_SURFACE('',#9560,2.05);
#91=CYLINDRICAL_SURFACE('',#9561,0.4064);
#92=CYLINDRICAL_SURFACE('',#9562,0.4064);
#93=CYLINDRICAL_SURFACE('',#9563,0.4064);
#94=CYLINDRICAL_SURFACE('',#9564,0.4064);
#95=CYLINDRICAL_SURFACE('',#9565,0.4064);
#96=CYLINDRICAL_SURFACE('',#9566,0.4064);
#97=CYLINDRICAL_SURFACE('',#9567,1.5);
#98=CYLINDRICAL_SURFACE('',#9568,1.5);
#99=CYLINDRICAL_SURFACE('',#9569,0.4064);
#100=CYLINDRICAL_SURFACE('',#9570,0.4064);
#101=CYLINDRICAL_SURFACE('',#9571,0.95);
#102=CYLINDRICAL_SURFACE('',#9576,0.95);
#103=CYLINDRICAL_SURFACE('',#9577,2.05);
#104=CYLINDRICAL_SURFACE('',#9578,1.5);
#105=CYLINDRICAL_SURFACE('',#9579,2.15);
#106=CYLINDRICAL_SURFACE('',#9580,0.95);
#107=CYLINDRICAL_SURFACE('',#9581,0.95);
#108=CYLINDRICAL_SURFACE('',#9582,1.5);
#109=CYLINDRICAL_SURFACE('',#9583,1.5);
#110=CYLINDRICAL_SURFACE('',#9584,0.4064);
#111=CYLINDRICAL_SURFACE('',#9585,0.4064);
#112=CYLINDRICAL_SURFACE('',#9586,0.4064);
#113=CYLINDRICAL_SURFACE('',#9587,0.4064);
#114=CYLINDRICAL_SURFACE('',#9588,0.4064);
#115=CYLINDRICAL_SURFACE('',#9589,0.4064);
#116=CYLINDRICAL_SURFACE('',#9594,0.4064);
#117=CYLINDRICAL_SURFACE('',#9595,0.4064);
#118=CYLINDRICAL_SURFACE('',#9596,0.95);
#119=CYLINDRICAL_SURFACE('',#9597,2.05);
#120=CYLINDRICAL_SURFACE('',#9598,1.5);
#121=CYLINDRICAL_SURFACE('',#9599,1.5);
#122=CYLINDRICAL_SURFACE('',#9600,0.95);
#123=CYLINDRICAL_SURFACE('',#9605,0.95);
#124=CYLINDRICAL_SURFACE('',#9606,2.05);
#125=CYLINDRICAL_SURFACE('',#9607,1.5);
#126=CYLINDRICAL_SURFACE('',#9608,0.95);
#127=CYLINDRICAL_SURFACE('',#9609,0.95);
#128=CYLINDRICAL_SURFACE('',#9610,1.5);
#129=CYLINDRICAL_SURFACE('',#9611,1.5);
#130=CYLINDRICAL_SURFACE('',#9620,2.05);
#131=CYLINDRICAL_SURFACE('',#9621,0.95);
#132=CYLINDRICAL_SURFACE('',#9622,0.95);
#133=CYLINDRICAL_SURFACE('',#9623,1.5);
#134=CYLINDRICAL_SURFACE('',#9624,2.05);
#135=CYLINDRICAL_SURFACE('',#9625,1.5);
#136=CYLINDRICAL_SURFACE('',#9626,0.95);
#137=CYLINDRICAL_SURFACE('',#9627,1.5);
#138=CYLINDRICAL_SURFACE('',#9632,0.95);
#139=CYLINDRICAL_SURFACE('',#9633,2.05);
#140=CYLINDRICAL_SURFACE('',#9634,1.5);
#141=CYLINDRICAL_SURFACE('',#9635,0.95);
#142=CYLINDRICAL_SURFACE('',#9640,0.95);
#143=CYLINDRICAL_SURFACE('',#9641,1.5);
#144=CYLINDRICAL_SURFACE('',#9642,2.05);
#145=CYLINDRICAL_SURFACE('',#9643,0.95);
#146=CYLINDRICAL_SURFACE('',#9644,1.5);
#147=CYLINDRICAL_SURFACE('',#9645,1.5);
#148=CYLINDRICAL_SURFACE('',#9646,2.15);
#149=CYLINDRICAL_SURFACE('',#9655,2.05);
#150=CYLINDRICAL_SURFACE('',#9656,0.95);
#151=CYLINDRICAL_SURFACE('',#9657,0.95);
#152=CYLINDRICAL_SURFACE('',#9658,1.5);
#153=CYLINDRICAL_SURFACE('',#9659,2.05);
#154=CYLINDRICAL_SURFACE('',#9660,1.5);
#155=CYLINDRICAL_SURFACE('',#9661,0.95);
#156=CYLINDRICAL_SURFACE('',#9662,1.5);
#157=CYLINDRICAL_SURFACE('',#9667,0.95);
#158=CYLINDRICAL_SURFACE('',#9668,2.05);
#159=CYLINDRICAL_SURFACE('',#9669,1.5);
#160=CYLINDRICAL_SURFACE('',#9670,0.95);
#161=CYLINDRICAL_SURFACE('',#9675,0.95);
#162=CYLINDRICAL_SURFACE('',#9676,1.5);
#163=CYLINDRICAL_SURFACE('',#9677,2.05);
#164=CYLINDRICAL_SURFACE('',#9678,0.95);
#165=CYLINDRICAL_SURFACE('',#9679,1.5);
#166=CYLINDRICAL_SURFACE('',#9680,1.5);
#167=FACE_BOUND('',#1219,.T.);
#168=FACE_BOUND('',#1220,.T.);
#169=FACE_BOUND('',#1221,.T.);
#170=FACE_BOUND('',#1222,.T.);
#171=FACE_BOUND('',#1223,.T.);
#172=FACE_BOUND('',#1224,.T.);
#173=FACE_BOUND('',#1225,.T.);
#174=FACE_BOUND('',#1226,.T.);
#175=FACE_BOUND('',#1227,.T.);
#176=FACE_BOUND('',#1228,.T.);
#177=FACE_BOUND('',#1229,.T.);
#178=FACE_BOUND('',#1230,.T.);
#179=FACE_BOUND('',#1231,.T.);
#180=FACE_BOUND('',#1232,.T.);
#181=FACE_BOUND('',#1233,.T.);
#182=FACE_BOUND('',#1234,.T.);
#183=FACE_BOUND('',#1235,.T.);
#184=FACE_BOUND('',#1236,.T.);
#185=FACE_BOUND('',#1237,.T.);
#186=FACE_BOUND('',#1238,.T.);
#187=FACE_BOUND('',#1239,.T.);
#188=FACE_BOUND('',#1240,.T.);
#189=FACE_BOUND('',#1241,.T.);
#190=FACE_BOUND('',#1242,.T.);
#191=FACE_BOUND('',#1243,.T.);
#192=FACE_BOUND('',#1244,.T.);
#193=FACE_BOUND('',#1245,.T.);
#194=FACE_BOUND('',#1246,.T.);
#195=FACE_BOUND('',#1247,.T.);
#196=FACE_BOUND('',#1248,.T.);
#197=FACE_BOUND('',#1249,.T.);
#198=FACE_BOUND('',#1250,.T.);
#199=FACE_BOUND('',#1251,.T.);
#200=FACE_BOUND('',#1252,.T.);
#201=FACE_BOUND('',#1253,.T.);
#202=FACE_BOUND('',#1254,.T.);
#203=FACE_BOUND('',#1255,.T.);
#204=FACE_BOUND('',#1256,.T.);
#205=FACE_BOUND('',#1257,.T.);
#206=FACE_BOUND('',#1258,.T.);
#207=FACE_BOUND('',#1259,.T.);
#208=FACE_BOUND('',#1260,.T.);
#209=FACE_BOUND('',#1261,.T.);
#210=FACE_BOUND('',#1262,.T.);
#211=FACE_BOUND('',#1263,.T.);
#212=FACE_BOUND('',#1264,.T.);
#213=FACE_BOUND('',#1265,.T.);
#214=FACE_BOUND('',#1266,.T.);
#215=FACE_BOUND('',#1267,.T.);
#216=FACE_BOUND('',#1268,.T.);
#217=FACE_BOUND('',#1269,.T.);
#218=FACE_BOUND('',#1270,.T.);
#219=FACE_BOUND('',#1271,.T.);
#220=FACE_BOUND('',#1272,.T.);
#221=FACE_BOUND('',#1273,.T.);
#222=FACE_BOUND('',#1274,.T.);
#223=FACE_BOUND('',#1275,.T.);
#224=FACE_BOUND('',#1276,.T.);
#225=FACE_BOUND('',#1277,.T.);
#226=FACE_BOUND('',#1278,.T.);
#227=FACE_BOUND('',#1279,.T.);
#228=FACE_BOUND('',#1280,.T.);
#229=FACE_BOUND('',#1281,.T.);
#230=FACE_BOUND('',#1282,.T.);
#231=FACE_BOUND('',#1283,.T.);
#232=FACE_BOUND('',#1284,.T.);
#233=FACE_BOUND('',#1285,.T.);
#234=FACE_BOUND('',#1286,.T.);
#235=FACE_BOUND('',#1287,.T.);
#236=FACE_BOUND('',#1288,.T.);
#237=FACE_BOUND('',#1289,.T.);
#238=FACE_BOUND('',#1290,.T.);
#239=FACE_BOUND('',#1291,.T.);
#240=FACE_BOUND('',#1292,.T.);
#241=FACE_BOUND('',#1293,.T.);
#242=FACE_BOUND('',#1294,.T.);
#243=FACE_BOUND('',#1295,.T.);
#244=FACE_BOUND('',#1296,.T.);
#245=FACE_BOUND('',#1297,.T.);
#246=FACE_BOUND('',#1298,.T.);
#247=FACE_BOUND('',#1299,.T.);
#248=FACE_BOUND('',#1300,.T.);
#249=FACE_BOUND('',#1301,.T.);
#250=FACE_BOUND('',#1302,.T.);
#251=FACE_BOUND('',#1303,.T.);
#252=FACE_BOUND('',#1304,.T.);
#253=FACE_BOUND('',#1305,.T.);
#254=FACE_BOUND('',#1306,.T.);
#255=FACE_BOUND('',#1307,.T.);
#256=FACE_BOUND('',#1308,.T.);
#257=FACE_BOUND('',#1309,.T.);
#258=FACE_BOUND('',#1310,.T.);
#259=FACE_BOUND('',#1311,.T.);
#260=FACE_BOUND('',#1312,.T.);
#261=FACE_BOUND('',#1313,.T.);
#262=FACE_BOUND('',#1314,.T.);
#263=FACE_BOUND('',#1315,.T.);
#264=FACE_BOUND('',#1316,.T.);
#265=FACE_BOUND('',#1317,.T.);
#266=FACE_BOUND('',#1318,.T.);
#267=FACE_BOUND('',#1319,.T.);
#268=FACE_BOUND('',#1320,.T.);
#269=FACE_BOUND('',#1321,.T.);
#270=FACE_BOUND('',#1322,.T.);
#271=FACE_BOUND('',#1323,.T.);
#272=FACE_BOUND('',#1324,.T.);
#273=FACE_BOUND('',#1325,.T.);
#274=FACE_BOUND('',#1326,.T.);
#275=FACE_BOUND('',#1327,.T.);
#276=FACE_BOUND('',#1328,.T.);
#277=FACE_BOUND('',#1329,.T.);
#278=FACE_BOUND('',#1330,.T.);
#279=FACE_BOUND('',#1331,.T.);
#280=FACE_BOUND('',#1332,.T.);
#281=FACE_BOUND('',#1333,.T.);
#282=FACE_BOUND('',#1334,.T.);
#283=FACE_BOUND('',#1335,.T.);
#284=FACE_BOUND('',#1336,.T.);
#285=FACE_BOUND('',#1337,.T.);
#286=FACE_BOUND('',#1338,.T.);
#287=FACE_BOUND('',#1339,.T.);
#288=FACE_BOUND('',#1340,.T.);
#289=FACE_BOUND('',#1341,.T.);
#290=FACE_BOUND('',#1342,.T.);
#291=FACE_BOUND('',#1343,.T.);
#292=FACE_BOUND('',#1344,.T.);
#293=FACE_BOUND('',#1345,.T.);
#294=FACE_BOUND('',#1346,.T.);
#295=FACE_BOUND('',#1347,.T.);
#296=FACE_BOUND('',#1348,.T.);
#297=FACE_BOUND('',#1349,.T.);
#298=FACE_BOUND('',#1350,.T.);
#299=FACE_BOUND('',#1351,.T.);
#300=FACE_BOUND('',#1352,.T.);
#301=FACE_BOUND('',#1353,.T.);
#302=FACE_BOUND('',#1354,.T.);
#303=FACE_BOUND('',#1355,.T.);
#304=FACE_BOUND('',#1356,.T.);
#305=FACE_BOUND('',#1357,.T.);
#306=FACE_BOUND('',#1358,.T.);
#307=FACE_BOUND('',#1359,.T.);
#308=FACE_BOUND('',#1360,.T.);
#309=FACE_BOUND('',#1361,.T.);
#310=FACE_BOUND('',#1362,.T.);
#311=FACE_BOUND('',#1363,.T.);
#312=FACE_BOUND('',#1364,.T.);
#313=FACE_BOUND('',#1365,.T.);
#314=FACE_BOUND('',#1366,.T.);
#315=FACE_BOUND('',#1367,.T.);
#316=FACE_BOUND('',#1368,.T.);
#317=FACE_BOUND('',#1369,.T.);
#318=FACE_BOUND('',#1370,.T.);
#319=FACE_BOUND('',#1371,.T.);
#320=FACE_BOUND('',#1372,.T.);
#321=FACE_BOUND('',#1373,.T.);
#322=FACE_BOUND('',#1374,.T.);
#323=FACE_BOUND('',#1375,.T.);
#324=FACE_BOUND('',#1376,.T.);
#325=FACE_BOUND('',#1377,.T.);
#326=FACE_BOUND('',#1378,.T.);
#327=FACE_BOUND('',#1379,.T.);
#328=FACE_BOUND('',#1380,.T.);
#329=FACE_BOUND('',#1381,.T.);
#330=FACE_BOUND('',#1382,.T.);
#331=FACE_BOUND('',#1383,.T.);
#332=FACE_BOUND('',#1384,.T.);
#333=FACE_BOUND('',#1385,.T.);
#334=FACE_BOUND('',#1386,.T.);
#335=FACE_BOUND('',#1387,.T.);
#336=FACE_BOUND('',#1392,.T.);
#337=FACE_BOUND('',#1393,.T.);
#338=FACE_BOUND('',#1394,.T.);
#339=FACE_BOUND('',#1395,.T.);
#340=FACE_BOUND('',#1396,.T.);
#341=FACE_BOUND('',#1397,.T.);
#342=FACE_BOUND('',#1398,.T.);
#343=FACE_BOUND('',#1399,.T.);
#344=FACE_BOUND('',#1400,.T.);
#345=FACE_BOUND('',#1401,.T.);
#346=FACE_BOUND('',#1402,.T.);
#347=FACE_BOUND('',#1403,.T.);
#348=FACE_BOUND('',#1404,.T.);
#349=FACE_BOUND('',#1405,.T.);
#350=FACE_BOUND('',#1406,.T.);
#351=FACE_BOUND('',#1407,.T.);
#352=FACE_BOUND('',#1408,.T.);
#353=FACE_BOUND('',#1409,.T.);
#354=FACE_BOUND('',#1410,.T.);
#355=FACE_BOUND('',#1411,.T.);
#356=FACE_BOUND('',#1412,.T.);
#357=FACE_BOUND('',#1413,.T.);
#358=FACE_BOUND('',#1414,.T.);
#359=FACE_BOUND('',#1415,.T.);
#360=FACE_BOUND('',#1416,.T.);
#361=FACE_BOUND('',#1417,.T.);
#362=FACE_BOUND('',#1418,.T.);
#363=FACE_BOUND('',#1419,.T.);
#364=FACE_BOUND('',#1420,.T.);
#365=FACE_BOUND('',#1421,.T.);
#366=FACE_BOUND('',#1422,.T.);
#367=FACE_BOUND('',#1423,.T.);
#368=FACE_BOUND('',#1424,.T.);
#369=FACE_BOUND('',#1425,.T.);
#370=FACE_BOUND('',#1426,.T.);
#371=FACE_BOUND('',#1427,.T.);
#372=FACE_BOUND('',#1428,.T.);
#373=FACE_BOUND('',#1429,.T.);
#374=FACE_BOUND('',#1430,.T.);
#375=FACE_BOUND('',#1431,.T.);
#376=FACE_BOUND('',#1432,.T.);
#377=FACE_BOUND('',#1433,.T.);
#378=FACE_BOUND('',#1434,.T.);
#379=FACE_BOUND('',#1435,.T.);
#380=FACE_BOUND('',#1436,.T.);
#381=FACE_BOUND('',#1437,.T.);
#382=FACE_BOUND('',#1438,.T.);
#383=FACE_BOUND('',#1439,.T.);
#384=FACE_BOUND('',#1440,.T.);
#385=FACE_BOUND('',#1441,.T.);
#386=FACE_BOUND('',#1442,.T.);
#387=FACE_BOUND('',#1443,.T.);
#388=FACE_BOUND('',#1444,.T.);
#389=FACE_BOUND('',#1445,.T.);
#390=FACE_BOUND('',#1446,.T.);
#391=FACE_BOUND('',#1447,.T.);
#392=FACE_BOUND('',#1448,.T.);
#393=FACE_BOUND('',#1449,.T.);
#394=FACE_BOUND('',#1450,.T.);
#395=FACE_BOUND('',#1451,.T.);
#396=FACE_BOUND('',#1452,.T.);
#397=FACE_BOUND('',#1453,.T.);
#398=FACE_BOUND('',#1454,.T.);
#399=FACE_BOUND('',#1455,.T.);
#400=FACE_BOUND('',#1456,.T.);
#401=FACE_BOUND('',#1457,.T.);
#402=FACE_BOUND('',#1458,.T.);
#403=FACE_BOUND('',#1459,.T.);
#404=FACE_BOUND('',#1460,.T.);
#405=FACE_BOUND('',#1461,.T.);
#406=FACE_BOUND('',#1462,.T.);
#407=FACE_BOUND('',#1463,.T.);
#408=FACE_BOUND('',#1464,.T.);
#409=FACE_BOUND('',#1465,.T.);
#410=FACE_BOUND('',#1466,.T.);
#411=FACE_BOUND('',#1467,.T.);
#412=FACE_BOUND('',#1468,.T.);
#413=FACE_BOUND('',#1469,.T.);
#414=FACE_BOUND('',#1470,.T.);
#415=FACE_BOUND('',#1471,.T.);
#416=FACE_BOUND('',#1472,.T.);
#417=FACE_BOUND('',#1473,.T.);
#418=FACE_BOUND('',#1474,.T.);
#419=FACE_BOUND('',#1475,.T.);
#420=FACE_BOUND('',#1476,.T.);
#421=FACE_BOUND('',#1477,.T.);
#422=FACE_BOUND('',#1478,.T.);
#423=FACE_BOUND('',#1479,.T.);
#424=FACE_BOUND('',#1480,.T.);
#425=FACE_BOUND('',#1481,.T.);
#426=FACE_BOUND('',#1482,.T.);
#427=FACE_BOUND('',#1483,.T.);
#428=FACE_BOUND('',#1484,.T.);
#429=FACE_BOUND('',#1485,.T.);
#430=FACE_BOUND('',#1486,.T.);
#431=FACE_BOUND('',#1487,.T.);
#432=FACE_BOUND('',#1488,.T.);
#433=FACE_BOUND('',#1489,.T.);
#434=FACE_BOUND('',#1490,.T.);
#435=FACE_BOUND('',#1491,.T.);
#436=FACE_BOUND('',#1492,.T.);
#437=FACE_BOUND('',#1493,.T.);
#438=FACE_BOUND('',#1494,.T.);
#439=FACE_BOUND('',#1495,.T.);
#440=FACE_BOUND('',#1496,.T.);
#441=FACE_BOUND('',#1497,.T.);
#442=FACE_BOUND('',#1498,.T.);
#443=FACE_BOUND('',#1499,.T.);
#444=FACE_BOUND('',#1500,.T.);
#445=FACE_BOUND('',#1501,.T.);
#446=FACE_BOUND('',#1502,.T.);
#447=FACE_BOUND('',#1503,.T.);
#448=FACE_BOUND('',#1504,.T.);
#449=FACE_BOUND('',#1505,.T.);
#450=FACE_BOUND('',#1506,.T.);
#451=FACE_BOUND('',#1507,.T.);
#452=FACE_BOUND('',#1508,.T.);
#453=FACE_BOUND('',#1509,.T.);
#454=FACE_BOUND('',#1510,.T.);
#455=FACE_BOUND('',#1511,.T.);
#456=FACE_BOUND('',#1512,.T.);
#457=FACE_BOUND('',#1513,.T.);
#458=FACE_BOUND('',#1514,.T.);
#459=FACE_BOUND('',#1515,.T.);
#460=FACE_BOUND('',#1516,.T.);
#461=FACE_BOUND('',#1517,.T.);
#462=FACE_BOUND('',#1518,.T.);
#463=FACE_BOUND('',#1519,.T.);
#464=FACE_BOUND('',#1520,.T.);
#465=FACE_BOUND('',#1521,.T.);
#466=FACE_BOUND('',#1522,.T.);
#467=FACE_BOUND('',#1523,.T.);
#468=FACE_BOUND('',#1524,.T.);
#469=FACE_BOUND('',#1525,.T.);
#470=FACE_BOUND('',#1526,.T.);
#471=FACE_BOUND('',#1527,.T.);
#472=FACE_BOUND('',#1528,.T.);
#473=FACE_BOUND('',#1529,.T.);
#474=FACE_BOUND('',#1530,.T.);
#475=FACE_BOUND('',#1531,.T.);
#476=FACE_BOUND('',#1532,.T.);
#477=FACE_BOUND('',#1533,.T.);
#478=FACE_BOUND('',#1534,.T.);
#479=FACE_BOUND('',#1535,.T.);
#480=FACE_BOUND('',#1536,.T.);
#481=FACE_BOUND('',#1537,.T.);
#482=FACE_BOUND('',#1538,.T.);
#483=FACE_BOUND('',#1539,.T.);
#484=FACE_BOUND('',#1540,.T.);
#485=FACE_BOUND('',#1541,.T.);
#486=FACE_BOUND('',#1542,.T.);
#487=FACE_BOUND('',#1543,.T.);
#488=FACE_BOUND('',#1544,.T.);
#489=FACE_BOUND('',#1545,.T.);
#490=FACE_BOUND('',#1546,.T.);
#491=FACE_BOUND('',#1547,.T.);
#492=FACE_BOUND('',#1548,.T.);
#493=FACE_BOUND('',#1549,.T.);
#494=FACE_BOUND('',#1550,.T.);
#495=FACE_BOUND('',#1551,.T.);
#496=FACE_BOUND('',#1552,.T.);
#497=FACE_BOUND('',#1553,.T.);
#498=FACE_BOUND('',#1554,.T.);
#499=FACE_BOUND('',#1555,.T.);
#500=FACE_BOUND('',#1556,.T.);
#501=FACE_BOUND('',#1557,.T.);
#502=FACE_BOUND('',#1558,.T.);
#503=FACE_BOUND('',#1559,.T.);
#504=FACE_BOUND('',#1560,.T.);
#505=CIRCLE('',#8969,0.95);
#506=CIRCLE('',#8970,2.05);
#507=CIRCLE('',#8971,0.95);
#508=CIRCLE('',#8972,1.5);
#509=CIRCLE('',#8973,0.95);
#510=CIRCLE('',#8974,1.5);
#511=CIRCLE('',#8975,1.1);
#512=CIRCLE('',#8976,2.15);
#513=CIRCLE('',#8977,1.5);
#514=CIRCLE('',#8978,2.05);
#515=CIRCLE('',#8979,1.5);
#516=CIRCLE('',#8980,0.95);
#517=CIRCLE('',#8981,0.95);
#518=CIRCLE('',#8982,1.5);
#519=CIRCLE('',#8983,2.05);
#520=CIRCLE('',#8984,0.95);
#521=CIRCLE('',#8985,1.5);
#522=CIRCLE('',#8986,0.5);
#523=CIRCLE('',#8987,0.5);
#524=CIRCLE('',#8988,0.6);
#525=CIRCLE('',#8989,0.6);
#526=CIRCLE('',#8990,0.5);
#527=CIRCLE('',#8991,0.5);
#528=CIRCLE('',#8992,0.5);
#529=CIRCLE('',#8993,0.5);
#530=CIRCLE('',#8994,1.1);
#531=CIRCLE('',#8995,0.5);
#532=CIRCLE('',#8996,0.5);
#533=CIRCLE('',#8997,0.95);
#534=CIRCLE('',#8998,2.05);
#535=CIRCLE('',#8999,0.65);
#536=CIRCLE('',#9000,0.4064);
#537=CIRCLE('',#9001,0.4064);
#538=CIRCLE('',#9002,0.4064);
#539=CIRCLE('',#9003,0.4064);
#540=CIRCLE('',#9004,0.65);
#541=CIRCLE('',#9005,1.5);
#542=CIRCLE('',#9006,1.5);
#543=CIRCLE('',#9007,0.95);
#544=CIRCLE('',#9008,0.95);
#545=CIRCLE('',#9009,2.05);
#546=CIRCLE('',#9010,1.5);
#547=CIRCLE('',#9011,0.95);
#548=CIRCLE('',#9012,0.95);
#549=CIRCLE('',#9013,1.5);
#550=CIRCLE('',#9014,1.5);
#551=CIRCLE('',#9015,2.15);
#552=CIRCLE('',#9016,2.05);
#553=CIRCLE('',#9017,0.95);
#554=CIRCLE('',#9018,0.95);
#555=CIRCLE('',#9019,1.5);
#556=CIRCLE('',#9020,2.05);
#557=CIRCLE('',#9021,1.5);
#558=CIRCLE('',#9022,0.95);
#559=CIRCLE('',#9023,1.5);
#560=CIRCLE('',#9024,0.95);
#561=CIRCLE('',#9025,2.05);
#562=CIRCLE('',#9026,1.5);
#563=CIRCLE('',#9027,0.95);
#564=CIRCLE('',#9028,0.95);
#565=CIRCLE('',#9029,1.5);
#566=CIRCLE('',#9030,2.05);
#567=CIRCLE('',#9031,0.95);
#568=CIRCLE('',#9032,1.5);
#569=CIRCLE('',#9033,1.5);
#570=CIRCLE('',#9034,2.15);
#571=CIRCLE('',#9035,0.4064);
#572=CIRCLE('',#9036,0.4064);
#573=CIRCLE('',#9037,0.4064);
#574=CIRCLE('',#9038,0.4064);
#575=CIRCLE('',#9039,0.4064);
#576=CIRCLE('',#9040,0.4064);
#577=CIRCLE('',#9041,0.4064);
#578=CIRCLE('',#9042,0.4064);
#579=CIRCLE('',#9043,0.95);
#580=CIRCLE('',#9044,2.05);
#581=CIRCLE('',#9045,0.4064);
#582=CIRCLE('',#9046,0.4064);
#583=CIRCLE('',#9047,0.4064);
#584=CIRCLE('',#9048,0.4064);
#585=CIRCLE('',#9049,0.4064);
#586=CIRCLE('',#9050,0.4064);
#587=CIRCLE('',#9051,1.5);
#588=CIRCLE('',#9052,1.5);
#589=CIRCLE('',#9053,0.4064);
#590=CIRCLE('',#9054,0.4064);
#591=CIRCLE('',#9055,0.95);
#592=CIRCLE('',#9056,0.95);
#593=CIRCLE('',#9057,2.05);
#594=CIRCLE('',#9058,1.5);
#595=CIRCLE('',#9059,2.15);
#596=CIRCLE('',#9060,0.95);
#597=CIRCLE('',#9061,0.95);
#598=CIRCLE('',#9062,1.5);
#599=CIRCLE('',#9063,1.5);
#600=CIRCLE('',#9064,0.4064);
#601=CIRCLE('',#9065,0.4064);
#602=CIRCLE('',#9066,0.4064);
#603=CIRCLE('',#9067,0.4064);
#604=CIRCLE('',#9068,0.4064);
#605=CIRCLE('',#9069,0.4064);
#606=CIRCLE('',#9070,0.4064);
#607=CIRCLE('',#9071,0.4064);
#608=CIRCLE('',#9072,0.95);
#609=CIRCLE('',#9073,2.05);
#610=CIRCLE('',#9074,1.5);
#611=CIRCLE('',#9075,1.5);
#612=CIRCLE('',#9076,0.95);
#613=CIRCLE('',#9077,0.95);
#614=CIRCLE('',#9078,2.05);
#615=CIRCLE('',#9079,1.5);
#616=CIRCLE('',#9080,0.95);
#617=CIRCLE('',#9081,0.95);
#618=CIRCLE('',#9082,1.5);
#619=CIRCLE('',#9083,1.5);
#620=CIRCLE('',#9084,2.05);
#621=CIRCLE('',#9085,0.95);
#622=CIRCLE('',#9086,0.95);
#623=CIRCLE('',#9087,1.5);
#624=CIRCLE('',#9088,2.05);
#625=CIRCLE('',#9089,1.5);
#626=CIRCLE('',#9090,0.95);
#627=CIRCLE('',#9091,1.5);
#628=CIRCLE('',#9092,0.95);
#629=CIRCLE('',#9093,2.05);
#630=CIRCLE('',#9094,1.5);
#631=CIRCLE('',#9095,0.95);
#632=CIRCLE('',#9096,0.95);
#633=CIRCLE('',#9097,1.5);
#634=CIRCLE('',#9098,2.05);
#635=CIRCLE('',#9099,0.95);
#636=CIRCLE('',#9100,1.5);
#637=CIRCLE('',#9101,1.5);
#638=CIRCLE('',#9102,2.15);
#639=CIRCLE('',#9103,2.05);
#640=CIRCLE('',#9104,0.95);
#641=CIRCLE('',#9105,0.95);
#642=CIRCLE('',#9106,1.5);
#643=CIRCLE('',#9107,2.05);
#644=CIRCLE('',#9108,1.5);
#645=CIRCLE('',#9109,0.95);
#646=CIRCLE('',#9110,1.5);
#647=CIRCLE('',#9111,0.95);
#648=CIRCLE('',#9112,2.05);
#649=CIRCLE('',#9113,1.5);
#650=CIRCLE('',#9114,0.95);
#651=CIRCLE('',#9115,0.95);
#652=CIRCLE('',#9116,1.5);
#653=CIRCLE('',#9117,2.05);
#654=CIRCLE('',#9118,0.95);
#655=CIRCLE('',#9119,1.5);
#656=CIRCLE('',#9120,1.5);
#657=CIRCLE('',#9125,0.95);
#658=CIRCLE('',#9126,2.05);
#659=CIRCLE('',#9127,0.95);
#660=CIRCLE('',#9128,1.5);
#661=CIRCLE('',#9129,0.95);
#662=CIRCLE('',#9130,1.5);
#663=CIRCLE('',#9131,1.1);
#664=CIRCLE('',#9132,2.15);
#665=CIRCLE('',#9133,1.5);
#666=CIRCLE('',#9134,2.05);
#667=CIRCLE('',#9135,1.5);
#668=CIRCLE('',#9136,0.95);
#669=CIRCLE('',#9137,0.95);
#670=CIRCLE('',#9138,1.5);
#671=CIRCLE('',#9139,2.05);
#672=CIRCLE('',#9140,0.95);
#673=CIRCLE('',#9141,1.5);
#674=CIRCLE('',#9142,0.5);
#675=CIRCLE('',#9143,0.5);
#676=CIRCLE('',#9144,0.6);
#677=CIRCLE('',#9145,0.6);
#678=CIRCLE('',#9146,0.5);
#679=CIRCLE('',#9147,0.5);
#680=CIRCLE('',#9148,0.5);
#681=CIRCLE('',#9149,0.5);
#682=CIRCLE('',#9150,1.1);
#683=CIRCLE('',#9151,0.5);
#684=CIRCLE('',#9152,0.5);
#685=CIRCLE('',#9153,0.95);
#686=CIRCLE('',#9154,2.05);
#687=CIRCLE('',#9155,0.65);
#688=CIRCLE('',#9156,0.4064);
#689=CIRCLE('',#9157,0.4064);
#690=CIRCLE('',#9158,0.4064);
#691=CIRCLE('',#9159,0.4064);
#692=CIRCLE('',#9160,0.65);
#693=CIRCLE('',#9161,1.5);
#694=CIRCLE('',#9162,1.5);
#695=CIRCLE('',#9163,0.95);
#696=CIRCLE('',#9164,0.95);
#697=CIRCLE('',#9165,2.05);
#698=CIRCLE('',#9166,1.5);
#699=CIRCLE('',#9167,0.95);
#700=CIRCLE('',#9168,0.95);
#701=CIRCLE('',#9169,1.5);
#702=CIRCLE('',#9170,1.5);
#703=CIRCLE('',#9171,2.15);
#704=CIRCLE('',#9172,2.05);
#705=CIRCLE('',#9173,0.95);
#706=CIRCLE('',#9174,0.95);
#707=CIRCLE('',#9175,1.5);
#708=CIRCLE('',#9176,2.05);
#709=CIRCLE('',#9177,1.5);
#710=CIRCLE('',#9178,0.95);
#711=CIRCLE('',#9179,1.5);
#712=CIRCLE('',#9180,0.95);
#713=CIRCLE('',#9181,2.05);
#714=CIRCLE('',#9182,1.5);
#715=CIRCLE('',#9183,0.95);
#716=CIRCLE('',#9184,0.95);
#717=CIRCLE('',#9185,1.5);
#718=CIRCLE('',#9186,2.05);
#719=CIRCLE('',#9187,0.95);
#720=CIRCLE('',#9188,1.5);
#721=CIRCLE('',#9189,1.5);
#722=CIRCLE('',#9190,2.15);
#723=CIRCLE('',#9191,0.4064);
#724=CIRCLE('',#9192,0.4064);
#725=CIRCLE('',#9193,0.4064);
#726=CIRCLE('',#9194,0.4064);
#727=CIRCLE('',#9195,0.4064);
#728=CIRCLE('',#9196,0.4064);
#729=CIRCLE('',#9197,0.4064);
#730=CIRCLE('',#9198,0.4064);
#731=CIRCLE('',#9199,0.95);
#732=CIRCLE('',#9200,2.05);
#733=CIRCLE('',#9201,0.4064);
#734=CIRCLE('',#9202,0.4064);
#735=CIRCLE('',#9203,0.4064);
#736=CIRCLE('',#9204,0.4064);
#737=CIRCLE('',#9205,0.4064);
#738=CIRCLE('',#9206,0.4064);
#739=CIRCLE('',#9207,1.5);
#740=CIRCLE('',#9208,1.5);
#741=CIRCLE('',#9209,0.4064);
#742=CIRCLE('',#9210,0.4064);
#743=CIRCLE('',#9211,0.95);
#744=CIRCLE('',#9212,0.95);
#745=CIRCLE('',#9213,2.05);
#746=CIRCLE('',#9214,1.5);
#747=CIRCLE('',#9215,2.15);
#748=CIRCLE('',#9216,0.95);
#749=CIRCLE('',#9217,0.95);
#750=CIRCLE('',#9218,1.5);
#751=CIRCLE('',#9219,1.5);
#752=CIRCLE('',#9220,0.4064);
#753=CIRCLE('',#9221,0.4064);
#754=CIRCLE('',#9222,0.4064);
#755=CIRCLE('',#9223,0.4064);
#756=CIRCLE('',#9224,0.4064);
#757=CIRCLE('',#9225,0.4064);
#758=CIRCLE('',#9226,0.4064);
#759=CIRCLE('',#9227,0.4064);
#760=CIRCLE('',#9228,0.95);
#761=CIRCLE('',#9229,2.05);
#762=CIRCLE('',#9230,1.5);
#763=CIRCLE('',#9231,1.5);
#764=CIRCLE('',#9232,0.95);
#765=CIRCLE('',#9233,0.95);
#766=CIRCLE('',#9234,2.05);
#767=CIRCLE('',#9235,1.5);
#768=CIRCLE('',#9236,0.95);
#769=CIRCLE('',#9237,0.95);
#770=CIRCLE('',#9238,1.5);
#771=CIRCLE('',#9239,1.5);
#772=CIRCLE('',#9240,2.05);
#773=CIRCLE('',#9241,0.95);
#774=CIRCLE('',#9242,0.95);
#775=CIRCLE('',#9243,1.5);
#776=CIRCLE('',#9244,2.05);
#777=CIRCLE('',#9245,1.5);
#778=CIRCLE('',#9246,0.95);
#779=CIRCLE('',#9247,1.5);
#780=CIRCLE('',#9248,0.95);
#781=CIRCLE('',#9249,2.05);
#782=CIRCLE('',#9250,1.5);
#783=CIRCLE('',#9251,0.95);
#784=CIRCLE('',#9252,0.95);
#785=CIRCLE('',#9253,1.5);
#786=CIRCLE('',#9254,2.05);
#787=CIRCLE('',#9255,0.95);
#788=CIRCLE('',#9256,1.5);
#789=CIRCLE('',#9257,1.5);
#790=CIRCLE('',#9258,2.15);
#791=CIRCLE('',#9259,2.05);
#792=CIRCLE('',#9260,0.95);
#793=CIRCLE('',#9261,0.95);
#794=CIRCLE('',#9262,1.5);
#795=CIRCLE('',#9263,2.05);
#796=CIRCLE('',#9264,1.5);
#797=CIRCLE('',#9265,0.95);
#798=CIRCLE('',#9266,1.5);
#799=CIRCLE('',#9267,0.95);
#800=CIRCLE('',#9268,2.05);
#801=CIRCLE('',#9269,1.5);
#802=CIRCLE('',#9270,0.95);
#803=CIRCLE('',#9271,0.95);
#804=CIRCLE('',#9272,1.5);
#805=CIRCLE('',#9273,2.05);
#806=CIRCLE('',#9274,0.95);
#807=CIRCLE('',#9275,1.5);
#808=CIRCLE('',#9276,1.5);
#809=FACE_OUTER_BOUND('',#1218,.T.);
#810=FACE_OUTER_BOUND('',#1388,.T.);
#811=FACE_OUTER_BOUND('',#1389,.T.);
#812=FACE_OUTER_BOUND('',#1390,.T.);
#813=FACE_OUTER_BOUND('',#1391,.T.);
#814=FACE_OUTER_BOUND('',#1561,.T.);
#815=FACE_OUTER_BOUND('',#1562,.T.);
#816=FACE_OUTER_BOUND('',#1563,.T.);
#817=FACE_OUTER_BOUND('',#1564,.T.);
#818=FACE_OUTER_BOUND('',#1565,.T.);
#819=FACE_OUTER_BOUND('',#1566,.T.);
#820=FACE_OUTER_BOUND('',#1567,.T.);
#821=FACE_OUTER_BOUND('',#1568,.T.);
#822=FACE_OUTER_BOUND('',#1569,.T.);
#823=FACE_OUTER_BOUND('',#1570,.T.);
#824=FACE_OUTER_BOUND('',#1571,.T.);
#825=FACE_OUTER_BOUND('',#1572,.T.);
#826=FACE_OUTER_BOUND('',#1573,.T.);
#827=FACE_OUTER_BOUND('',#1574,.T.);
#828=FACE_OUTER_BOUND('',#1575,.T.);
#829=FACE_OUTER_BOUND('',#1576,.T.);
#830=FACE_OUTER_BOUND('',#1577,.T.);
#831=FACE_OUTER_BOUND('',#1578,.T.);
#832=FACE_OUTER_BOUND('',#1579,.T.);
#833=FACE_OUTER_BOUND('',#1580,.T.);
#834=FACE_OUTER_BOUND('',#1581,.T.);
#835=FACE_OUTER_BOUND('',#1582,.T.);
#836=FACE_OUTER_BOUND('',#1583,.T.);
#837=FACE_OUTER_BOUND('',#1584,.T.);
#838=FACE_OUTER_BOUND('',#1585,.T.);
#839=FACE_OUTER_BOUND('',#1586,.T.);
#840=FACE_OUTER_BOUND('',#1587,.T.);
#841=FACE_OUTER_BOUND('',#1588,.T.);
#842=FACE_OUTER_BOUND('',#1589,.T.);
#843=FACE_OUTER_BOUND('',#1590,.T.);
#844=FACE_OUTER_BOUND('',#1591,.T.);
#845=FACE_OUTER_BOUND('',#1592,.T.);
#846=FACE_OUTER_BOUND('',#1593,.T.);
#847=FACE_OUTER_BOUND('',#1594,.T.);
#848=FACE_OUTER_BOUND('',#1595,.T.);
#849=FACE_OUTER_BOUND('',#1596,.T.);
#850=FACE_OUTER_BOUND('',#1597,.T.);
#851=FACE_OUTER_BOUND('',#1598,.T.);
#852=FACE_OUTER_BOUND('',#1599,.T.);
#853=FACE_OUTER_BOUND('',#1600,.T.);
#854=FACE_OUTER_BOUND('',#1601,.T.);
#855=FACE_OUTER_BOUND('',#1602,.T.);
#856=FACE_OUTER_BOUND('',#1603,.T.);
#857=FACE_OUTER_BOUND('',#1604,.T.);
#858=FACE_OUTER_BOUND('',#1605,.T.);
#859=FACE_OUTER_BOUND('',#1606,.T.);
#860=FACE_OUTER_BOUND('',#1607,.T.);
#861=FACE_OUTER_BOUND('',#1608,.T.);
#862=FACE_OUTER_BOUND('',#1609,.T.);
#863=FACE_OUTER_BOUND('',#1610,.T.);
#864=FACE_OUTER_BOUND('',#1611,.T.);
#865=FACE_OUTER_BOUND('',#1612,.T.);
#866=FACE_OUTER_BOUND('',#1613,.T.);
#867=FACE_OUTER_BOUND('',#1614,.T.);
#868=FACE_OUTER_BOUND('',#1615,.T.);
#869=FACE_OUTER_BOUND('',#1616,.T.);
#870=FACE_OUTER_BOUND('',#1617,.T.);
#871=FACE_OUTER_BOUND('',#1618,.T.);
#872=FACE_OUTER_BOUND('',#1619,.T.);
#873=FACE_OUTER_BOUND('',#1620,.T.);
#874=FACE_OUTER_BOUND('',#1621,.T.);
#875=FACE_OUTER_BOUND('',#1622,.T.);
#876=FACE_OUTER_BOUND('',#1623,.T.);
#877=FACE_OUTER_BOUND('',#1624,.T.);
#878=FACE_OUTER_BOUND('',#1625,.T.);
#879=FACE_OUTER_BOUND('',#1626,.T.);
#880=FACE_OUTER_BOUND('',#1627,.T.);
#881=FACE_OUTER_BOUND('',#1628,.T.);
#882=FACE_OUTER_BOUND('',#1629,.T.);
#883=FACE_OUTER_BOUND('',#1630,.T.);
#884=FACE_OUTER_BOUND('',#1631,.T.);
#885=FACE_OUTER_BOUND('',#1632,.T.);
#886=FACE_OUTER_BOUND('',#1633,.T.);
#887=FACE_OUTER_BOUND('',#1634,.T.);
#888=FACE_OUTER_BOUND('',#1635,.T.);
#889=FACE_OUTER_BOUND('',#1636,.T.);
#890=FACE_OUTER_BOUND('',#1637,.T.);
#891=FACE_OUTER_BOUND('',#1638,.T.);
#892=FACE_OUTER_BOUND('',#1639,.T.);
#893=FACE_OUTER_BOUND('',#1640,.T.);
#894=FACE_OUTER_BOUND('',#1641,.T.);
#895=FACE_OUTER_BOUND('',#1642,.T.);
#896=FACE_OUTER_BOUND('',#1643,.T.);
#897=FACE_OUTER_BOUND('',#1644,.T.);
#898=FACE_OUTER_BOUND('',#1645,.T.);
#899=FACE_OUTER_BOUND('',#1646,.T.);
#900=FACE_OUTER_BOUND('',#1647,.T.);
#901=FACE_OUTER_BOUND('',#1648,.T.);
#902=FACE_OUTER_BOUND('',#1649,.T.);
#903=FACE_OUTER_BOUND('',#1650,.T.);
#904=FACE_OUTER_BOUND('',#1651,.T.);
#905=FACE_OUTER_BOUND('',#1652,.T.);
#906=FACE_OUTER_BOUND('',#1653,.T.);
#907=FACE_OUTER_BOUND('',#1654,.T.);
#908=FACE_OUTER_BOUND('',#1655,.T.);
#909=FACE_OUTER_BOUND('',#1656,.T.);
#910=FACE_OUTER_BOUND('',#1657,.T.);
#911=FACE_OUTER_BOUND('',#1658,.T.);
#912=FACE_OUTER_BOUND('',#1659,.T.);
#913=FACE_OUTER_BOUND('',#1660,.T.);
#914=FACE_OUTER_BOUND('',#1661,.T.);
#915=FACE_OUTER_BOUND('',#1662,.T.);
#916=FACE_OUTER_BOUND('',#1663,.T.);
#917=FACE_OUTER_BOUND('',#1664,.T.);
#918=FACE_OUTER_BOUND('',#1665,.T.);
#919=FACE_OUTER_BOUND('',#1666,.T.);
#920=FACE_OUTER_BOUND('',#1667,.T.);
#921=FACE_OUTER_BOUND('',#1668,.T.);
#922=FACE_OUTER_BOUND('',#1669,.T.);
#923=FACE_OUTER_BOUND('',#1670,.T.);
#924=FACE_OUTER_BOUND('',#1671,.T.);
#925=FACE_OUTER_BOUND('',#1672,.T.);
#926=FACE_OUTER_BOUND('',#1673,.T.);
#927=FACE_OUTER_BOUND('',#1674,.T.);
#928=FACE_OUTER_BOUND('',#1675,.T.);
#929=FACE_OUTER_BOUND('',#1676,.T.);
#930=FACE_OUTER_BOUND('',#1677,.T.);
#931=FACE_OUTER_BOUND('',#1678,.T.);
#932=FACE_OUTER_BOUND('',#1679,.T.);
#933=FACE_OUTER_BOUND('',#1680,.T.);
#934=FACE_OUTER_BOUND('',#1681,.T.);
#935=FACE_OUTER_BOUND('',#1682,.T.);
#936=FACE_OUTER_BOUND('',#1683,.T.);
#937=FACE_OUTER_BOUND('',#1684,.T.);
#938=FACE_OUTER_BOUND('',#1685,.T.);
#939=FACE_OUTER_BOUND('',#1686,.T.);
#940=FACE_OUTER_BOUND('',#1687,.T.);
#941=FACE_OUTER_BOUND('',#1688,.T.);
#942=FACE_OUTER_BOUND('',#1689,.T.);
#943=FACE_OUTER_BOUND('',#1690,.T.);
#944=FACE_OUTER_BOUND('',#1691,.T.);
#945=FACE_OUTER_BOUND('',#1692,.T.);
#946=FACE_OUTER_BOUND('',#1693,.T.);
#947=FACE_OUTER_BOUND('',#1694,.T.);
#948=FACE_OUTER_BOUND('',#1695,.T.);
#949=FACE_OUTER_BOUND('',#1696,.T.);
#950=FACE_OUTER_BOUND('',#1697,.T.);
#951=FACE_OUTER_BOUND('',#1698,.T.);
#952=FACE_OUTER_BOUND('',#1699,.T.);
#953=FACE_OUTER_BOUND('',#1700,.T.);
#954=FACE_OUTER_BOUND('',#1701,.T.);
#955=FACE_OUTER_BOUND('',#1702,.T.);
#956=FACE_OUTER_BOUND('',#1703,.T.);
#957=FACE_OUTER_BOUND('',#1704,.T.);
#958=FACE_OUTER_BOUND('',#1705,.T.);
#959=FACE_OUTER_BOUND('',#1706,.T.);
#960=FACE_OUTER_BOUND('',#1707,.T.);
#961=FACE_OUTER_BOUND('',#1708,.T.);
#962=FACE_OUTER_BOUND('',#1709,.T.);
#963=FACE_OUTER_BOUND('',#1710,.T.);
#964=FACE_OUTER_BOUND('',#1711,.T.);
#965=FACE_OUTER_BOUND('',#1712,.T.);
#966=FACE_OUTER_BOUND('',#1713,.T.);
#967=FACE_OUTER_BOUND('',#1714,.T.);
#968=FACE_OUTER_BOUND('',#1715,.T.);
#969=FACE_OUTER_BOUND('',#1716,.T.);
#970=FACE_OUTER_BOUND('',#1717,.T.);
#971=FACE_OUTER_BOUND('',#1718,.T.);
#972=FACE_OUTER_BOUND('',#1719,.T.);
#973=FACE_OUTER_BOUND('',#1720,.T.);
#974=FACE_OUTER_BOUND('',#1721,.T.);
#975=FACE_OUTER_BOUND('',#1722,.T.);
#976=FACE_OUTER_BOUND('',#1723,.T.);
#977=FACE_OUTER_BOUND('',#1724,.T.);
#978=FACE_OUTER_BOUND('',#1725,.T.);
#979=FACE_OUTER_BOUND('',#1726,.T.);
#980=FACE_OUTER_BOUND('',#1727,.T.);
#981=FACE_OUTER_BOUND('',#1728,.T.);
#982=FACE_OUTER_BOUND('',#1729,.T.);
#983=FACE_OUTER_BOUND('',#1730,.T.);
#984=FACE_OUTER_BOUND('',#1731,.T.);
#985=FACE_OUTER_BOUND('',#1732,.T.);
#986=FACE_OUTER_BOUND('',#1733,.T.);
#987=FACE_OUTER_BOUND('',#1734,.T.);
#988=FACE_OUTER_BOUND('',#1735,.T.);
#989=FACE_OUTER_BOUND('',#1736,.T.);
#990=FACE_OUTER_BOUND('',#1737,.T.);
#991=FACE_OUTER_BOUND('',#1738,.T.);
#992=FACE_OUTER_BOUND('',#1739,.T.);
#993=FACE_OUTER_BOUND('',#1740,.T.);
#994=FACE_OUTER_BOUND('',#1741,.T.);
#995=FACE_OUTER_BOUND('',#1742,.T.);
#996=FACE_OUTER_BOUND('',#1743,.T.);
#997=FACE_OUTER_BOUND('',#1744,.T.);
#998=FACE_OUTER_BOUND('',#1745,.T.);
#999=FACE_OUTER_BOUND('',#1746,.T.);
#1000=FACE_OUTER_BOUND('',#1747,.T.);
#1001=FACE_OUTER_BOUND('',#1748,.T.);
#1002=FACE_OUTER_BOUND('',#1749,.T.);
#1003=FACE_OUTER_BOUND('',#1750,.T.);
#1004=FACE_OUTER_BOUND('',#1751,.T.);
#1005=FACE_OUTER_BOUND('',#1752,.T.);
#1006=FACE_OUTER_BOUND('',#1753,.T.);
#1007=FACE_OUTER_BOUND('',#1754,.T.);
#1008=FACE_OUTER_BOUND('',#1755,.T.);
#1009=FACE_OUTER_BOUND('',#1756,.T.);
#1010=FACE_OUTER_BOUND('',#1757,.T.);
#1011=FACE_OUTER_BOUND('',#1758,.T.);
#1012=FACE_OUTER_BOUND('',#1759,.T.);
#1013=FACE_OUTER_BOUND('',#1760,.T.);
#1014=FACE_OUTER_BOUND('',#1761,.T.);
#1015=FACE_OUTER_BOUND('',#1762,.T.);
#1016=FACE_OUTER_BOUND('',#1763,.T.);
#1017=FACE_OUTER_BOUND('',#1764,.T.);
#1018=FACE_OUTER_BOUND('',#1765,.T.);
#1019=FACE_OUTER_BOUND('',#1766,.T.);
#1020=FACE_OUTER_BOUND('',#1767,.T.);
#1021=FACE_OUTER_BOUND('',#1768,.T.);
#1022=FACE_OUTER_BOUND('',#1769,.T.);
#1023=FACE_OUTER_BOUND('',#1770,.T.);
#1024=FACE_OUTER_BOUND('',#1771,.T.);
#1025=FACE_OUTER_BOUND('',#1772,.T.);
#1026=FACE_OUTER_BOUND('',#1773,.T.);
#1027=FACE_OUTER_BOUND('',#1774,.T.);
#1028=FACE_OUTER_BOUND('',#1775,.T.);
#1029=FACE_OUTER_BOUND('',#1776,.T.);
#1030=FACE_OUTER_BOUND('',#1777,.T.);
#1031=FACE_OUTER_BOUND('',#1778,.T.);
#1032=FACE_OUTER_BOUND('',#1779,.T.);
#1033=FACE_OUTER_BOUND('',#1780,.T.);
#1034=FACE_OUTER_BOUND('',#1781,.T.);
#1035=FACE_OUTER_BOUND('',#1782,.T.);
#1036=FACE_OUTER_BOUND('',#1783,.T.);
#1037=FACE_OUTER_BOUND('',#1784,.T.);
#1038=FACE_OUTER_BOUND('',#1785,.T.);
#1039=FACE_OUTER_BOUND('',#1786,.T.);
#1040=FACE_OUTER_BOUND('',#1787,.T.);
#1041=FACE_OUTER_BOUND('',#1788,.T.);
#1042=FACE_OUTER_BOUND('',#1789,.T.);
#1043=FACE_OUTER_BOUND('',#1790,.T.);
#1044=FACE_OUTER_BOUND('',#1791,.T.);
#1045=FACE_OUTER_BOUND('',#1792,.T.);
#1046=FACE_OUTER_BOUND('',#1793,.T.);
#1047=FACE_OUTER_BOUND('',#1794,.T.);
#1048=FACE_OUTER_BOUND('',#1795,.T.);
#1049=FACE_OUTER_BOUND('',#1796,.T.);
#1050=FACE_OUTER_BOUND('',#1797,.T.);
#1051=FACE_OUTER_BOUND('',#1798,.T.);
#1052=FACE_OUTER_BOUND('',#1799,.T.);
#1053=FACE_OUTER_BOUND('',#1800,.T.);
#1054=FACE_OUTER_BOUND('',#1801,.T.);
#1055=FACE_OUTER_BOUND('',#1802,.T.);
#1056=FACE_OUTER_BOUND('',#1803,.T.);
#1057=FACE_OUTER_BOUND('',#1804,.T.);
#1058=FACE_OUTER_BOUND('',#1805,.T.);
#1059=FACE_OUTER_BOUND('',#1806,.T.);
#1060=FACE_OUTER_BOUND('',#1807,.T.);
#1061=FACE_OUTER_BOUND('',#1808,.T.);
#1062=FACE_OUTER_BOUND('',#1809,.T.);
#1063=FACE_OUTER_BOUND('',#1810,.T.);
#1064=FACE_OUTER_BOUND('',#1811,.T.);
#1065=FACE_OUTER_BOUND('',#1812,.T.);
#1066=FACE_OUTER_BOUND('',#1813,.T.);
#1067=FACE_OUTER_BOUND('',#1814,.T.);
#1068=FACE_OUTER_BOUND('',#1815,.T.);
#1069=FACE_OUTER_BOUND('',#1816,.T.);
#1070=FACE_OUTER_BOUND('',#1817,.T.);
#1071=FACE_OUTER_BOUND('',#1818,.T.);
#1072=FACE_OUTER_BOUND('',#1819,.T.);
#1073=FACE_OUTER_BOUND('',#1820,.T.);
#1074=FACE_OUTER_BOUND('',#1821,.T.);
#1075=FACE_OUTER_BOUND('',#1822,.T.);
#1076=FACE_OUTER_BOUND('',#1823,.T.);
#1077=FACE_OUTER_BOUND('',#1824,.T.);
#1078=FACE_OUTER_BOUND('',#1825,.T.);
#1079=FACE_OUTER_BOUND('',#1826,.T.);
#1080=FACE_OUTER_BOUND('',#1827,.T.);
#1081=FACE_OUTER_BOUND('',#1828,.T.);
#1082=FACE_OUTER_BOUND('',#1829,.T.);
#1083=FACE_OUTER_BOUND('',#1830,.T.);
#1084=FACE_OUTER_BOUND('',#1831,.T.);
#1085=FACE_OUTER_BOUND('',#1832,.T.);
#1086=FACE_OUTER_BOUND('',#1833,.T.);
#1087=FACE_OUTER_BOUND('',#1834,.T.);
#1088=FACE_OUTER_BOUND('',#1835,.T.);
#1089=FACE_OUTER_BOUND('',#1836,.T.);
#1090=FACE_OUTER_BOUND('',#1837,.T.);
#1091=FACE_OUTER_BOUND('',#1838,.T.);
#1092=FACE_OUTER_BOUND('',#1839,.T.);
#1093=FACE_OUTER_BOUND('',#1840,.T.);
#1094=FACE_OUTER_BOUND('',#1841,.T.);
#1095=FACE_OUTER_BOUND('',#1842,.T.);
#1096=FACE_OUTER_BOUND('',#1843,.T.);
#1097=FACE_OUTER_BOUND('',#1844,.T.);
#1098=FACE_OUTER_BOUND('',#1845,.T.);
#1099=FACE_OUTER_BOUND('',#1846,.T.);
#1100=FACE_OUTER_BOUND('',#1847,.T.);
#1101=FACE_OUTER_BOUND('',#1848,.T.);
#1102=FACE_OUTER_BOUND('',#1849,.T.);
#1103=FACE_OUTER_BOUND('',#1850,.T.);
#1104=FACE_OUTER_BOUND('',#1851,.T.);
#1105=FACE_OUTER_BOUND('',#1852,.T.);
#1106=FACE_OUTER_BOUND('',#1853,.T.);
#1107=FACE_OUTER_BOUND('',#1854,.T.);
#1108=FACE_OUTER_BOUND('',#1855,.T.);
#1109=FACE_OUTER_BOUND('',#1856,.T.);
#1110=FACE_OUTER_BOUND('',#1857,.T.);
#1111=FACE_OUTER_BOUND('',#1858,.T.);
#1112=FACE_OUTER_BOUND('',#1859,.T.);
#1113=FACE_OUTER_BOUND('',#1860,.T.);
#1114=FACE_OUTER_BOUND('',#1861,.T.);
#1115=FACE_OUTER_BOUND('',#1862,.T.);
#1116=FACE_OUTER_BOUND('',#1863,.T.);
#1117=FACE_OUTER_BOUND('',#1864,.T.);
#1118=FACE_OUTER_BOUND('',#1865,.T.);
#1119=FACE_OUTER_BOUND('',#1866,.T.);
#1120=FACE_OUTER_BOUND('',#1867,.T.);
#1121=FACE_OUTER_BOUND('',#1868,.T.);
#1122=FACE_OUTER_BOUND('',#1869,.T.);
#1123=FACE_OUTER_BOUND('',#1870,.T.);
#1124=FACE_OUTER_BOUND('',#1871,.T.);
#1125=FACE_OUTER_BOUND('',#1872,.T.);
#1126=FACE_OUTER_BOUND('',#1873,.T.);
#1127=FACE_OUTER_BOUND('',#1874,.T.);
#1128=FACE_OUTER_BOUND('',#1875,.T.);
#1129=FACE_OUTER_BOUND('',#1876,.T.);
#1130=FACE_OUTER_BOUND('',#1877,.T.);
#1131=FACE_OUTER_BOUND('',#1878,.T.);
#1132=FACE_OUTER_BOUND('',#1879,.T.);
#1133=FACE_OUTER_BOUND('',#1880,.T.);
#1134=FACE_OUTER_BOUND('',#1881,.T.);
#1135=FACE_OUTER_BOUND('',#1882,.T.);
#1136=FACE_OUTER_BOUND('',#1883,.T.);
#1137=FACE_OUTER_BOUND('',#1884,.T.);
#1138=FACE_OUTER_BOUND('',#1885,.T.);
#1139=FACE_OUTER_BOUND('',#1886,.T.);
#1140=FACE_OUTER_BOUND('',#1887,.T.);
#1141=FACE_OUTER_BOUND('',#1888,.T.);
#1142=FACE_OUTER_BOUND('',#1889,.T.);
#1143=FACE_OUTER_BOUND('',#1890,.T.);
#1144=FACE_OUTER_BOUND('',#1891,.T.);
#1145=FACE_OUTER_BOUND('',#1892,.T.);
#1146=FACE_OUTER_BOUND('',#1893,.T.);
#1147=FACE_OUTER_BOUND('',#1894,.T.);
#1148=FACE_OUTER_BOUND('',#1895,.T.);
#1149=FACE_OUTER_BOUND('',#1896,.T.);
#1150=FACE_OUTER_BOUND('',#1897,.T.);
#1151=FACE_OUTER_BOUND('',#1898,.T.);
#1152=FACE_OUTER_BOUND('',#1899,.T.);
#1153=FACE_OUTER_BOUND('',#1900,.T.);
#1154=FACE_OUTER_BOUND('',#1901,.T.);
#1155=FACE_OUTER_BOUND('',#1902,.T.);
#1156=FACE_OUTER_BOUND('',#1903,.T.);
#1157=FACE_OUTER_BOUND('',#1904,.T.);
#1158=FACE_OUTER_BOUND('',#1905,.T.);
#1159=FACE_OUTER_BOUND('',#1906,.T.);
#1160=FACE_OUTER_BOUND('',#1907,.T.);
#1161=FACE_OUTER_BOUND('',#1908,.T.);
#1162=FACE_OUTER_BOUND('',#1909,.T.);
#1163=FACE_OUTER_BOUND('',#1910,.T.);
#1164=FACE_OUTER_BOUND('',#1911,.T.);
#1165=FACE_OUTER_BOUND('',#1912,.T.);
#1166=FACE_OUTER_BOUND('',#1913,.T.);
#1167=FACE_OUTER_BOUND('',#1914,.T.);
#1168=FACE_OUTER_BOUND('',#1915,.T.);
#1169=FACE_OUTER_BOUND('',#1916,.T.);
#1170=FACE_OUTER_BOUND('',#1917,.T.);
#1171=FACE_OUTER_BOUND('',#1918,.T.);
#1172=FACE_OUTER_BOUND('',#1919,.T.);
#1173=FACE_OUTER_BOUND('',#1920,.T.);
#1174=FACE_OUTER_BOUND('',#1921,.T.);
#1175=FACE_OUTER_BOUND('',#1922,.T.);
#1176=FACE_OUTER_BOUND('',#1923,.T.);
#1177=FACE_OUTER_BOUND('',#1924,.T.);
#1178=FACE_OUTER_BOUND('',#1925,.T.);
#1179=FACE_OUTER_BOUND('',#1926,.T.);
#1180=FACE_OUTER_BOUND('',#1927,.T.);
#1181=FACE_OUTER_BOUND('',#1928,.T.);
#1182=FACE_OUTER_BOUND('',#1929,.T.);
#1183=FACE_OUTER_BOUND('',#1930,.T.);
#1184=FACE_OUTER_BOUND('',#1931,.T.);
#1185=FACE_OUTER_BOUND('',#1932,.T.);
#1186=FACE_OUTER_BOUND('',#1933,.T.);
#1187=FACE_OUTER_BOUND('',#1934,.T.);
#1188=FACE_OUTER_BOUND('',#1935,.T.);
#1189=FACE_OUTER_BOUND('',#1936,.T.);
#1190=FACE_OUTER_BOUND('',#1937,.T.);
#1191=FACE_OUTER_BOUND('',#1938,.T.);
#1192=FACE_OUTER_BOUND('',#1939,.T.);
#1193=FACE_OUTER_BOUND('',#1940,.T.);
#1194=FACE_OUTER_BOUND('',#1941,.T.);
#1195=FACE_OUTER_BOUND('',#1942,.T.);
#1196=FACE_OUTER_BOUND('',#1943,.T.);
#1197=FACE_OUTER_BOUND('',#1944,.T.);
#1198=FACE_OUTER_BOUND('',#1945,.T.);
#1199=FACE_OUTER_BOUND('',#1946,.T.);
#1200=FACE_OUTER_BOUND('',#1947,.T.);
#1201=FACE_OUTER_BOUND('',#1948,.T.);
#1202=FACE_OUTER_BOUND('',#1949,.T.);
#1203=FACE_OUTER_BOUND('',#1950,.T.);
#1204=FACE_OUTER_BOUND('',#1951,.T.);
#1205=FACE_OUTER_BOUND('',#1952,.T.);
#1206=FACE_OUTER_BOUND('',#1953,.T.);
#1207=FACE_OUTER_BOUND('',#1954,.T.);
#1208=FACE_OUTER_BOUND('',#1955,.T.);
#1209=FACE_OUTER_BOUND('',#1956,.T.);
#1210=FACE_OUTER_BOUND('',#1957,.T.);
#1211=FACE_OUTER_BOUND('',#1958,.T.);
#1212=FACE_OUTER_BOUND('',#1959,.T.);
#1213=FACE_OUTER_BOUND('',#1960,.T.);
#1214=FACE_OUTER_BOUND('',#1961,.T.);
#1215=FACE_OUTER_BOUND('',#1962,.T.);
#1216=FACE_OUTER_BOUND('',#1963,.T.);
#1217=FACE_OUTER_BOUND('',#1964,.T.);
#1218=EDGE_LOOP('',(#5842,#5843,#5844,#5845,#5846,#5847,#5848,#5849,#5850,
#5851,#5852,#5853,#5854,#5855,#5856,#5857,#5858,#5859,#5860,#5861,#5862,
#5863,#5864,#5865,#5866,#5867,#5868,#5869,#5870,#5871,#5872,#5873,#5874,
#5875,#5876,#5877,#5878,#5879,#5880,#5881,#5882,#5883,#5884,#5885,#5886,
#5887,#5888,#5889,#5890,#5891,#5892,#5893,#5894,#5895,#5896,#5897,#5898,
#5899,#5900,#5901,#5902,#5903,#5904,#5905,#5906,#5907,#5908,#5909,#5910,
#5911,#5912,#5913,#5914,#5915,#5916,#5917,#5918,#5919,#5920,#5921,#5922,
#5923,#5924,#5925,#5926,#5927,#5928,#5929,#5930,#5931,#5932,#5933,#5934,
#5935,#5936,#5937,#5938,#5939,#5940,#5941,#5942,#5943,#5944,#5945,#5946,
#5947,#5948,#5949,#5950,#5951,#5952,#5953,#5954,#5955,#5956,#5957,#5958,
#5959,#5960,#5961,#5962,#5963,#5964,#5965,#5966,#5967,#5968,#5969,#5970,
#5971,#5972,#5973,#5974,#5975,#5976,#5977,#5978,#5979,#5980,#5981,#5982,
#5983,#5984,#5985,#5986,#5987,#5988,#5989,#5990,#5991,#5992,#5993,#5994,
#5995,#5996,#5997,#5998,#5999,#6000,#6001,#6002,#6003,#6004));
#1219=EDGE_LOOP('',(#6005));
#1220=EDGE_LOOP('',(#6006,#6007,#6008,#6009));
#1221=EDGE_LOOP('',(#6010));
#1222=EDGE_LOOP('',(#6011));
#1223=EDGE_LOOP('',(#6012));
#1224=EDGE_LOOP('',(#6013));
#1225=EDGE_LOOP('',(#6014));
#1226=EDGE_LOOP('',(#6015));
#1227=EDGE_LOOP('',(#6016));
#1228=EDGE_LOOP('',(#6017));
#1229=EDGE_LOOP('',(#6018,#6019,#6020,#6021));
#1230=EDGE_LOOP('',(#6022));
#1231=EDGE_LOOP('',(#6023,#6024,#6025,#6026));
#1232=EDGE_LOOP('',(#6027));
#1233=EDGE_LOOP('',(#6028));
#1234=EDGE_LOOP('',(#6029));
#1235=EDGE_LOOP('',(#6030));
#1236=EDGE_LOOP('',(#6031));
#1237=EDGE_LOOP('',(#6032));
#1238=EDGE_LOOP('',(#6033));
#1239=EDGE_LOOP('',(#6034,#6035,#6036,#6037));
#1240=EDGE_LOOP('',(#6038));
#1241=EDGE_LOOP('',(#6039));
#1242=EDGE_LOOP('',(#6040,#6041,#6042,#6043));
#1243=EDGE_LOOP('',(#6044,#6045,#6046,#6047));
#1244=EDGE_LOOP('',(#6048));
#1245=EDGE_LOOP('',(#6049,#6050,#6051,#6052));
#1246=EDGE_LOOP('',(#6053,#6054,#6055,#6056));
#1247=EDGE_LOOP('',(#6057));
#1248=EDGE_LOOP('',(#6058));
#1249=EDGE_LOOP('',(#6059));
#1250=EDGE_LOOP('',(#6060));
#1251=EDGE_LOOP('',(#6061));
#1252=EDGE_LOOP('',(#6062));
#1253=EDGE_LOOP('',(#6063));
#1254=EDGE_LOOP('',(#6064));
#1255=EDGE_LOOP('',(#6065));
#1256=EDGE_LOOP('',(#6066));
#1257=EDGE_LOOP('',(#6067));
#1258=EDGE_LOOP('',(#6068,#6069,#6070,#6071));
#1259=EDGE_LOOP('',(#6072));
#1260=EDGE_LOOP('',(#6073));
#1261=EDGE_LOOP('',(#6074));
#1262=EDGE_LOOP('',(#6075));
#1263=EDGE_LOOP('',(#6076));
#1264=EDGE_LOOP('',(#6077));
#1265=EDGE_LOOP('',(#6078));
#1266=EDGE_LOOP('',(#6079));
#1267=EDGE_LOOP('',(#6080,#6081,#6082,#6083));
#1268=EDGE_LOOP('',(#6084,#6085,#6086,#6087));
#1269=EDGE_LOOP('',(#6088));
#1270=EDGE_LOOP('',(#6089));
#1271=EDGE_LOOP('',(#6090));
#1272=EDGE_LOOP('',(#6091));
#1273=EDGE_LOOP('',(#6092));
#1274=EDGE_LOOP('',(#6093));
#1275=EDGE_LOOP('',(#6094));
#1276=EDGE_LOOP('',(#6095));
#1277=EDGE_LOOP('',(#6096,#6097,#6098,#6099));
#1278=EDGE_LOOP('',(#6100));
#1279=EDGE_LOOP('',(#6101));
#1280=EDGE_LOOP('',(#6102));
#1281=EDGE_LOOP('',(#6103));
#1282=EDGE_LOOP('',(#6104,#6105,#6106,#6107));
#1283=EDGE_LOOP('',(#6108));
#1284=EDGE_LOOP('',(#6109));
#1285=EDGE_LOOP('',(#6110));
#1286=EDGE_LOOP('',(#6111));
#1287=EDGE_LOOP('',(#6112));
#1288=EDGE_LOOP('',(#6113));
#1289=EDGE_LOOP('',(#6114));
#1290=EDGE_LOOP('',(#6115));
#1291=EDGE_LOOP('',(#6116));
#1292=EDGE_LOOP('',(#6117));
#1293=EDGE_LOOP('',(#6118));
#1294=EDGE_LOOP('',(#6119));
#1295=EDGE_LOOP('',(#6120));
#1296=EDGE_LOOP('',(#6121,#6122,#6123,#6124));
#1297=EDGE_LOOP('',(#6125));
#1298=EDGE_LOOP('',(#6126));
#1299=EDGE_LOOP('',(#6127));
#1300=EDGE_LOOP('',(#6128));
#1301=EDGE_LOOP('',(#6129));
#1302=EDGE_LOOP('',(#6130));
#1303=EDGE_LOOP('',(#6131));
#1304=EDGE_LOOP('',(#6132));
#1305=EDGE_LOOP('',(#6133));
#1306=EDGE_LOOP('',(#6134));
#1307=EDGE_LOOP('',(#6135));
#1308=EDGE_LOOP('',(#6136));
#1309=EDGE_LOOP('',(#6137));
#1310=EDGE_LOOP('',(#6138));
#1311=EDGE_LOOP('',(#6139));
#1312=EDGE_LOOP('',(#6140,#6141,#6142,#6143));
#1313=EDGE_LOOP('',(#6144));
#1314=EDGE_LOOP('',(#6145));
#1315=EDGE_LOOP('',(#6146));
#1316=EDGE_LOOP('',(#6147));
#1317=EDGE_LOOP('',(#6148));
#1318=EDGE_LOOP('',(#6149));
#1319=EDGE_LOOP('',(#6150));
#1320=EDGE_LOOP('',(#6151));
#1321=EDGE_LOOP('',(#6152));
#1322=EDGE_LOOP('',(#6153));
#1323=EDGE_LOOP('',(#6154));
#1324=EDGE_LOOP('',(#6155));
#1325=EDGE_LOOP('',(#6156));
#1326=EDGE_LOOP('',(#6157));
#1327=EDGE_LOOP('',(#6158,#6159,#6160,#6161));
#1328=EDGE_LOOP('',(#6162));
#1329=EDGE_LOOP('',(#6163));
#1330=EDGE_LOOP('',(#6164));
#1331=EDGE_LOOP('',(#6165));
#1332=EDGE_LOOP('',(#6166));
#1333=EDGE_LOOP('',(#6167));
#1334=EDGE_LOOP('',(#6168));
#1335=EDGE_LOOP('',(#6169,#6170,#6171,#6172));
#1336=EDGE_LOOP('',(#6173));
#1337=EDGE_LOOP('',(#6174));
#1338=EDGE_LOOP('',(#6175));
#1339=EDGE_LOOP('',(#6176));
#1340=EDGE_LOOP('',(#6177));
#1341=EDGE_LOOP('',(#6178));
#1342=EDGE_LOOP('',(#6179));
#1343=EDGE_LOOP('',(#6180,#6181,#6182,#6183));
#1344=EDGE_LOOP('',(#6184,#6185,#6186,#6187));
#1345=EDGE_LOOP('',(#6188));
#1346=EDGE_LOOP('',(#6189));
#1347=EDGE_LOOP('',(#6190));
#1348=EDGE_LOOP('',(#6191));
#1349=EDGE_LOOP('',(#6192));
#1350=EDGE_LOOP('',(#6193));
#1351=EDGE_LOOP('',(#6194));
#1352=EDGE_LOOP('',(#6195));
#1353=EDGE_LOOP('',(#6196,#6197,#6198,#6199));
#1354=EDGE_LOOP('',(#6200));
#1355=EDGE_LOOP('',(#6201));
#1356=EDGE_LOOP('',(#6202));
#1357=EDGE_LOOP('',(#6203));
#1358=EDGE_LOOP('',(#6204,#6205,#6206,#6207));
#1359=EDGE_LOOP('',(#6208));
#1360=EDGE_LOOP('',(#6209));
#1361=EDGE_LOOP('',(#6210));
#1362=EDGE_LOOP('',(#6211));
#1363=EDGE_LOOP('',(#6212));
#1364=EDGE_LOOP('',(#6213));
#1365=EDGE_LOOP('',(#6214));
#1366=EDGE_LOOP('',(#6215,#6216,#6217,#6218));
#1367=EDGE_LOOP('',(#6219,#6220,#6221,#6222));
#1368=EDGE_LOOP('',(#6223));
#1369=EDGE_LOOP('',(#6224));
#1370=EDGE_LOOP('',(#6225));
#1371=EDGE_LOOP('',(#6226));
#1372=EDGE_LOOP('',(#6227));
#1373=EDGE_LOOP('',(#6228));
#1374=EDGE_LOOP('',(#6229));
#1375=EDGE_LOOP('',(#6230));
#1376=EDGE_LOOP('',(#6231,#6232,#6233,#6234));
#1377=EDGE_LOOP('',(#6235));
#1378=EDGE_LOOP('',(#6236));
#1379=EDGE_LOOP('',(#6237));
#1380=EDGE_LOOP('',(#6238));
#1381=EDGE_LOOP('',(#6239,#6240,#6241,#6242));
#1382=EDGE_LOOP('',(#6243));
#1383=EDGE_LOOP('',(#6244));
#1384=EDGE_LOOP('',(#6245));
#1385=EDGE_LOOP('',(#6246));
#1386=EDGE_LOOP('',(#6247));
#1387=EDGE_LOOP('',(#6248));
#1388=EDGE_LOOP('',(#6249,#6250,#6251,#6252));
#1389=EDGE_LOOP('',(#6253,#6254,#6255,#6256));
#1390=EDGE_LOOP('',(#6257,#6258,#6259,#6260));
#1391=EDGE_LOOP('',(#6261,#6262,#6263,#6264,#6265,#6266,#6267,#6268,#6269,
#6270,#6271,#6272,#6273,#6274,#6275,#6276,#6277,#6278,#6279,#6280,#6281,
#6282,#6283,#6284,#6285,#6286,#6287,#6288,#6289,#6290,#6291,#6292,#6293,
#6294,#6295,#6296,#6297,#6298,#6299,#6300,#6301,#6302,#6303,#6304,#6305,
#6306,#6307,#6308,#6309,#6310,#6311,#6312,#6313,#6314,#6315,#6316,#6317,
#6318,#6319,#6320,#6321,#6322,#6323,#6324,#6325,#6326,#6327,#6328,#6329,
#6330,#6331,#6332,#6333,#6334,#6335,#6336,#6337,#6338,#6339,#6340,#6341,
#6342,#6343,#6344,#6345,#6346,#6347,#6348,#6349,#6350,#6351,#6352,#6353,
#6354,#6355,#6356,#6357,#6358,#6359,#6360,#6361,#6362,#6363,#6364,#6365,
#6366,#6367,#6368,#6369,#6370,#6371,#6372,#6373,#6374,#6375,#6376,#6377,
#6378,#6379,#6380,#6381,#6382,#6383,#6384,#6385,#6386,#6387,#6388,#6389,
#6390,#6391,#6392,#6393,#6394,#6395,#6396,#6397,#6398,#6399,#6400,#6401,
#6402,#6403,#6404,#6405,#6406,#6407,#6408,#6409,#6410,#6411,#6412,#6413,
#6414,#6415,#6416,#6417,#6418,#6419,#6420,#6421,#6422,#6423,#6424));
#1392=EDGE_LOOP('',(#6425));
#1393=EDGE_LOOP('',(#6426,#6427,#6428,#6429));
#1394=EDGE_LOOP('',(#6430));
#1395=EDGE_LOOP('',(#6431));
#1396=EDGE_LOOP('',(#6432));
#1397=EDGE_LOOP('',(#6433));
#1398=EDGE_LOOP('',(#6434));
#1399=EDGE_LOOP('',(#6435));
#1400=EDGE_LOOP('',(#6436));
#1401=EDGE_LOOP('',(#6437));
#1402=EDGE_LOOP('',(#6438,#6439,#6440,#6441));
#1403=EDGE_LOOP('',(#6442));
#1404=EDGE_LOOP('',(#6443,#6444,#6445,#6446));
#1405=EDGE_LOOP('',(#6447));
#1406=EDGE_LOOP('',(#6448));
#1407=EDGE_LOOP('',(#6449));
#1408=EDGE_LOOP('',(#6450));
#1409=EDGE_LOOP('',(#6451));
#1410=EDGE_LOOP('',(#6452));
#1411=EDGE_LOOP('',(#6453));
#1412=EDGE_LOOP('',(#6454,#6455,#6456,#6457));
#1413=EDGE_LOOP('',(#6458));
#1414=EDGE_LOOP('',(#6459));
#1415=EDGE_LOOP('',(#6460,#6461,#6462,#6463));
#1416=EDGE_LOOP('',(#6464,#6465,#6466,#6467));
#1417=EDGE_LOOP('',(#6468));
#1418=EDGE_LOOP('',(#6469,#6470,#6471,#6472));
#1419=EDGE_LOOP('',(#6473,#6474,#6475,#6476));
#1420=EDGE_LOOP('',(#6477));
#1421=EDGE_LOOP('',(#6478));
#1422=EDGE_LOOP('',(#6479));
#1423=EDGE_LOOP('',(#6480));
#1424=EDGE_LOOP('',(#6481));
#1425=EDGE_LOOP('',(#6482));
#1426=EDGE_LOOP('',(#6483));
#1427=EDGE_LOOP('',(#6484));
#1428=EDGE_LOOP('',(#6485));
#1429=EDGE_LOOP('',(#6486));
#1430=EDGE_LOOP('',(#6487));
#1431=EDGE_LOOP('',(#6488,#6489,#6490,#6491));
#1432=EDGE_LOOP('',(#6492));
#1433=EDGE_LOOP('',(#6493));
#1434=EDGE_LOOP('',(#6494));
#1435=EDGE_LOOP('',(#6495));
#1436=EDGE_LOOP('',(#6496));
#1437=EDGE_LOOP('',(#6497));
#1438=EDGE_LOOP('',(#6498));
#1439=EDGE_LOOP('',(#6499));
#1440=EDGE_LOOP('',(#6500,#6501,#6502,#6503));
#1441=EDGE_LOOP('',(#6504,#6505,#6506,#6507));
#1442=EDGE_LOOP('',(#6508));
#1443=EDGE_LOOP('',(#6509));
#1444=EDGE_LOOP('',(#6510));
#1445=EDGE_LOOP('',(#6511));
#1446=EDGE_LOOP('',(#6512));
#1447=EDGE_LOOP('',(#6513));
#1448=EDGE_LOOP('',(#6514));
#1449=EDGE_LOOP('',(#6515));
#1450=EDGE_LOOP('',(#6516,#6517,#6518,#6519));
#1451=EDGE_LOOP('',(#6520));
#1452=EDGE_LOOP('',(#6521));
#1453=EDGE_LOOP('',(#6522));
#1454=EDGE_LOOP('',(#6523));
#1455=EDGE_LOOP('',(#6524,#6525,#6526,#6527));
#1456=EDGE_LOOP('',(#6528));
#1457=EDGE_LOOP('',(#6529));
#1458=EDGE_LOOP('',(#6530));
#1459=EDGE_LOOP('',(#6531));
#1460=EDGE_LOOP('',(#6532));
#1461=EDGE_LOOP('',(#6533));
#1462=EDGE_LOOP('',(#6534));
#1463=EDGE_LOOP('',(#6535));
#1464=EDGE_LOOP('',(#6536));
#1465=EDGE_LOOP('',(#6537));
#1466=EDGE_LOOP('',(#6538));
#1467=EDGE_LOOP('',(#6539));
#1468=EDGE_LOOP('',(#6540));
#1469=EDGE_LOOP('',(#6541,#6542,#6543,#6544));
#1470=EDGE_LOOP('',(#6545));
#1471=EDGE_LOOP('',(#6546));
#1472=EDGE_LOOP('',(#6547));
#1473=EDGE_LOOP('',(#6548));
#1474=EDGE_LOOP('',(#6549));
#1475=EDGE_LOOP('',(#6550));
#1476=EDGE_LOOP('',(#6551));
#1477=EDGE_LOOP('',(#6552));
#1478=EDGE_LOOP('',(#6553));
#1479=EDGE_LOOP('',(#6554));
#1480=EDGE_LOOP('',(#6555));
#1481=EDGE_LOOP('',(#6556));
#1482=EDGE_LOOP('',(#6557));
#1483=EDGE_LOOP('',(#6558));
#1484=EDGE_LOOP('',(#6559));
#1485=EDGE_LOOP('',(#6560,#6561,#6562,#6563));
#1486=EDGE_LOOP('',(#6564));
#1487=EDGE_LOOP('',(#6565));
#1488=EDGE_LOOP('',(#6566));
#1489=EDGE_LOOP('',(#6567));
#1490=EDGE_LOOP('',(#6568));
#1491=EDGE_LOOP('',(#6569));
#1492=EDGE_LOOP('',(#6570));
#1493=EDGE_LOOP('',(#6571));
#1494=EDGE_LOOP('',(#6572));
#1495=EDGE_LOOP('',(#6573));
#1496=EDGE_LOOP('',(#6574));
#1497=EDGE_LOOP('',(#6575));
#1498=EDGE_LOOP('',(#6576));
#1499=EDGE_LOOP('',(#6577));
#1500=EDGE_LOOP('',(#6578,#6579,#6580,#6581));
#1501=EDGE_LOOP('',(#6582));
#1502=EDGE_LOOP('',(#6583));
#1503=EDGE_LOOP('',(#6584));
#1504=EDGE_LOOP('',(#6585));
#1505=EDGE_LOOP('',(#6586));
#1506=EDGE_LOOP('',(#6587));
#1507=EDGE_LOOP('',(#6588));
#1508=EDGE_LOOP('',(#6589,#6590,#6591,#6592));
#1509=EDGE_LOOP('',(#6593));
#1510=EDGE_LOOP('',(#6594));
#1511=EDGE_LOOP('',(#6595));
#1512=EDGE_LOOP('',(#6596));
#1513=EDGE_LOOP('',(#6597));
#1514=EDGE_LOOP('',(#6598));
#1515=EDGE_LOOP('',(#6599));
#1516=EDGE_LOOP('',(#6600,#6601,#6602,#6603));
#1517=EDGE_LOOP('',(#6604,#6605,#6606,#6607));
#1518=EDGE_LOOP('',(#6608));
#1519=EDGE_LOOP('',(#6609));
#1520=EDGE_LOOP('',(#6610));
#1521=EDGE_LOOP('',(#6611));
#1522=EDGE_LOOP('',(#6612));
#1523=EDGE_LOOP('',(#6613));
#1524=EDGE_LOOP('',(#6614));
#1525=EDGE_LOOP('',(#6615));
#1526=EDGE_LOOP('',(#6616,#6617,#6618,#6619));
#1527=EDGE_LOOP('',(#6620));
#1528=EDGE_LOOP('',(#6621));
#1529=EDGE_LOOP('',(#6622));
#1530=EDGE_LOOP('',(#6623));
#1531=EDGE_LOOP('',(#6624,#6625,#6626,#6627));
#1532=EDGE_LOOP('',(#6628));
#1533=EDGE_LOOP('',(#6629));
#1534=EDGE_LOOP('',(#6630));
#1535=EDGE_LOOP('',(#6631));
#1536=EDGE_LOOP('',(#6632));
#1537=EDGE_LOOP('',(#6633));
#1538=EDGE_LOOP('',(#6634));
#1539=EDGE_LOOP('',(#6635,#6636,#6637,#6638));
#1540=EDGE_LOOP('',(#6639,#6640,#6641,#6642));
#1541=EDGE_LOOP('',(#6643));
#1542=EDGE_LOOP('',(#6644));
#1543=EDGE_LOOP('',(#6645));
#1544=EDGE_LOOP('',(#6646));
#1545=EDGE_LOOP('',(#6647));
#1546=EDGE_LOOP('',(#6648));
#1547=EDGE_LOOP('',(#6649));
#1548=EDGE_LOOP('',(#6650));
#1549=EDGE_LOOP('',(#6651,#6652,#6653,#6654));
#1550=EDGE_LOOP('',(#6655));
#1551=EDGE_LOOP('',(#6656));
#1552=EDGE_LOOP('',(#6657));
#1553=EDGE_LOOP('',(#6658));
#1554=EDGE_LOOP('',(#6659,#6660,#6661,#6662));
#1555=EDGE_LOOP('',(#6663));
#1556=EDGE_LOOP('',(#6664));
#1557=EDGE_LOOP('',(#6665));
#1558=EDGE_LOOP('',(#6666));
#1559=EDGE_LOOP('',(#6667));
#1560=EDGE_LOOP('',(#6668));
#1561=EDGE_LOOP('',(#6669,#6670,#6671,#6672));
#1562=EDGE_LOOP('',(#6673,#6674,#6675,#6676));
#1563=EDGE_LOOP('',(#6677,#6678,#6679,#6680));
#1564=EDGE_LOOP('',(#6681,#6682,#6683,#6684));
#1565=EDGE_LOOP('',(#6685,#6686,#6687,#6688));
#1566=EDGE_LOOP('',(#6689,#6690,#6691,#6692));
#1567=EDGE_LOOP('',(#6693,#6694,#6695,#6696));
#1568=EDGE_LOOP('',(#6697,#6698,#6699,#6700));
#1569=EDGE_LOOP('',(#6701,#6702,#6703,#6704));
#1570=EDGE_LOOP('',(#6705,#6706,#6707,#6708));
#1571=EDGE_LOOP('',(#6709,#6710,#6711,#6712));
#1572=EDGE_LOOP('',(#6713,#6714,#6715,#6716));
#1573=EDGE_LOOP('',(#6717,#6718,#6719,#6720));
#1574=EDGE_LOOP('',(#6721,#6722,#6723,#6724));
#1575=EDGE_LOOP('',(#6725,#6726,#6727,#6728));
#1576=EDGE_LOOP('',(#6729,#6730,#6731,#6732));
#1577=EDGE_LOOP('',(#6733,#6734,#6735,#6736));
#1578=EDGE_LOOP('',(#6737,#6738,#6739,#6740));
#1579=EDGE_LOOP('',(#6741,#6742,#6743,#6744));
#1580=EDGE_LOOP('',(#6745,#6746,#6747,#6748));
#1581=EDGE_LOOP('',(#6749,#6750,#6751,#6752));
#1582=EDGE_LOOP('',(#6753,#6754,#6755,#6756));
#1583=EDGE_LOOP('',(#6757,#6758,#6759,#6760));
#1584=EDGE_LOOP('',(#6761,#6762,#6763,#6764));
#1585=EDGE_LOOP('',(#6765,#6766,#6767,#6768));
#1586=EDGE_LOOP('',(#6769,#6770,#6771,#6772));
#1587=EDGE_LOOP('',(#6773,#6774,#6775,#6776));
#1588=EDGE_LOOP('',(#6777,#6778,#6779,#6780));
#1589=EDGE_LOOP('',(#6781,#6782,#6783,#6784));
#1590=EDGE_LOOP('',(#6785,#6786,#6787,#6788));
#1591=EDGE_LOOP('',(#6789,#6790,#6791,#6792));
#1592=EDGE_LOOP('',(#6793,#6794,#6795,#6796));
#1593=EDGE_LOOP('',(#6797,#6798,#6799,#6800));
#1594=EDGE_LOOP('',(#6801,#6802,#6803,#6804));
#1595=EDGE_LOOP('',(#6805,#6806,#6807,#6808));
#1596=EDGE_LOOP('',(#6809,#6810,#6811,#6812));
#1597=EDGE_LOOP('',(#6813,#6814,#6815,#6816));
#1598=EDGE_LOOP('',(#6817,#6818,#6819,#6820));
#1599=EDGE_LOOP('',(#6821,#6822,#6823,#6824));
#1600=EDGE_LOOP('',(#6825,#6826,#6827,#6828,#6829,#6830,#6831));
#1601=EDGE_LOOP('',(#6832,#6833,#6834,#6835));
#1602=EDGE_LOOP('',(#6836,#6837,#6838,#6839));
#1603=EDGE_LOOP('',(#6840,#6841,#6842,#6843));
#1604=EDGE_LOOP('',(#6844,#6845,#6846,#6847));
#1605=EDGE_LOOP('',(#6848,#6849,#6850,#6851));
#1606=EDGE_LOOP('',(#6852,#6853,#6854,#6855));
#1607=EDGE_LOOP('',(#6856,#6857,#6858,#6859));
#1608=EDGE_LOOP('',(#6860,#6861,#6862,#6863));
#1609=EDGE_LOOP('',(#6864,#6865,#6866,#6867));
#1610=EDGE_LOOP('',(#6868,#6869,#6870,#6871));
#1611=EDGE_LOOP('',(#6872,#6873,#6874,#6875));
#1612=EDGE_LOOP('',(#6876,#6877,#6878,#6879));
#1613=EDGE_LOOP('',(#6880,#6881,#6882,#6883));
#1614=EDGE_LOOP('',(#6884,#6885,#6886,#6887));
#1615=EDGE_LOOP('',(#6888,#6889,#6890,#6891));
#1616=EDGE_LOOP('',(#6892,#6893,#6894,#6895));
#1617=EDGE_LOOP('',(#6896,#6897,#6898,#6899));
#1618=EDGE_LOOP('',(#6900,#6901,#6902,#6903));
#1619=EDGE_LOOP('',(#6904,#6905,#6906,#6907));
#1620=EDGE_LOOP('',(#6908,#6909,#6910,#6911));
#1621=EDGE_LOOP('',(#6912,#6913,#6914,#6915));
#1622=EDGE_LOOP('',(#6916,#6917,#6918,#6919));
#1623=EDGE_LOOP('',(#6920,#6921,#6922,#6923));
#1624=EDGE_LOOP('',(#6924,#6925,#6926,#6927));
#1625=EDGE_LOOP('',(#6928,#6929,#6930,#6931));
#1626=EDGE_LOOP('',(#6932,#6933,#6934,#6935));
#1627=EDGE_LOOP('',(#6936,#6937,#6938,#6939));
#1628=EDGE_LOOP('',(#6940,#6941,#6942,#6943));
#1629=EDGE_LOOP('',(#6944,#6945,#6946,#6947));
#1630=EDGE_LOOP('',(#6948,#6949,#6950,#6951));
#1631=EDGE_LOOP('',(#6952,#6953,#6954,#6955));
#1632=EDGE_LOOP('',(#6956,#6957,#6958,#6959));
#1633=EDGE_LOOP('',(#6960,#6961,#6962,#6963));
#1634=EDGE_LOOP('',(#6964,#6965,#6966,#6967));
#1635=EDGE_LOOP('',(#6968,#6969,#6970,#6971));
#1636=EDGE_LOOP('',(#6972,#6973,#6974,#6975));
#1637=EDGE_LOOP('',(#6976,#6977,#6978,#6979));
#1638=EDGE_LOOP('',(#6980,#6981,#6982,#6983));
#1639=EDGE_LOOP('',(#6984,#6985,#6986,#6987));
#1640=EDGE_LOOP('',(#6988,#6989,#6990,#6991));
#1641=EDGE_LOOP('',(#6992,#6993,#6994,#6995));
#1642=EDGE_LOOP('',(#6996,#6997,#6998,#6999));
#1643=EDGE_LOOP('',(#7000,#7001,#7002,#7003));
#1644=EDGE_LOOP('',(#7004,#7005,#7006,#7007));
#1645=EDGE_LOOP('',(#7008,#7009,#7010,#7011));
#1646=EDGE_LOOP('',(#7012,#7013,#7014,#7015));
#1647=EDGE_LOOP('',(#7016,#7017,#7018,#7019));
#1648=EDGE_LOOP('',(#7020,#7021,#7022,#7023));
#1649=EDGE_LOOP('',(#7024,#7025,#7026,#7027));
#1650=EDGE_LOOP('',(#7028,#7029,#7030,#7031));
#1651=EDGE_LOOP('',(#7032,#7033,#7034,#7035));
#1652=EDGE_LOOP('',(#7036,#7037,#7038,#7039));
#1653=EDGE_LOOP('',(#7040,#7041,#7042,#7043));
#1654=EDGE_LOOP('',(#7044,#7045,#7046,#7047));
#1655=EDGE_LOOP('',(#7048,#7049,#7050,#7051));
#1656=EDGE_LOOP('',(#7052,#7053,#7054,#7055));
#1657=EDGE_LOOP('',(#7056,#7057,#7058,#7059));
#1658=EDGE_LOOP('',(#7060,#7061,#7062,#7063));
#1659=EDGE_LOOP('',(#7064,#7065,#7066,#7067));
#1660=EDGE_LOOP('',(#7068,#7069,#7070,#7071));
#1661=EDGE_LOOP('',(#7072,#7073,#7074,#7075));
#1662=EDGE_LOOP('',(#7076,#7077,#7078,#7079));
#1663=EDGE_LOOP('',(#7080,#7081,#7082,#7083));
#1664=EDGE_LOOP('',(#7084,#7085,#7086,#7087));
#1665=EDGE_LOOP('',(#7088,#7089,#7090,#7091));
#1666=EDGE_LOOP('',(#7092,#7093,#7094,#7095));
#1667=EDGE_LOOP('',(#7096,#7097,#7098,#7099));
#1668=EDGE_LOOP('',(#7100,#7101,#7102,#7103));
#1669=EDGE_LOOP('',(#7104,#7105,#7106,#7107));
#1670=EDGE_LOOP('',(#7108,#7109,#7110,#7111));
#1671=EDGE_LOOP('',(#7112,#7113,#7114,#7115));
#1672=EDGE_LOOP('',(#7116,#7117,#7118,#7119));
#1673=EDGE_LOOP('',(#7120,#7121,#7122,#7123));
#1674=EDGE_LOOP('',(#7124,#7125,#7126,#7127));
#1675=EDGE_LOOP('',(#7128,#7129,#7130,#7131));
#1676=EDGE_LOOP('',(#7132,#7133,#7134,#7135));
#1677=EDGE_LOOP('',(#7136,#7137,#7138,#7139));
#1678=EDGE_LOOP('',(#7140,#7141,#7142,#7143));
#1679=EDGE_LOOP('',(#7144,#7145,#7146,#7147));
#1680=EDGE_LOOP('',(#7148,#7149,#7150,#7151));
#1681=EDGE_LOOP('',(#7152,#7153,#7154,#7155));
#1682=EDGE_LOOP('',(#7156,#7157,#7158,#7159));
#1683=EDGE_LOOP('',(#7160,#7161,#7162,#7163));
#1684=EDGE_LOOP('',(#7164,#7165,#7166,#7167));
#1685=EDGE_LOOP('',(#7168,#7169,#7170,#7171));
#1686=EDGE_LOOP('',(#7172,#7173,#7174,#7175));
#1687=EDGE_LOOP('',(#7176,#7177,#7178,#7179));
#1688=EDGE_LOOP('',(#7180,#7181,#7182,#7183));
#1689=EDGE_LOOP('',(#7184,#7185,#7186,#7187));
#1690=EDGE_LOOP('',(#7188,#7189,#7190,#7191));
#1691=EDGE_LOOP('',(#7192,#7193,#7194,#7195));
#1692=EDGE_LOOP('',(#7196,#7197,#7198,#7199));
#1693=EDGE_LOOP('',(#7200,#7201,#7202,#7203));
#1694=EDGE_LOOP('',(#7204,#7205,#7206,#7207));
#1695=EDGE_LOOP('',(#7208,#7209,#7210,#7211));
#1696=EDGE_LOOP('',(#7212,#7213,#7214,#7215));
#1697=EDGE_LOOP('',(#7216,#7217,#7218,#7219));
#1698=EDGE_LOOP('',(#7220,#7221,#7222,#7223));
#1699=EDGE_LOOP('',(#7224,#7225,#7226,#7227));
#1700=EDGE_LOOP('',(#7228,#7229,#7230,#7231));
#1701=EDGE_LOOP('',(#7232,#7233,#7234,#7235));
#1702=EDGE_LOOP('',(#7236,#7237,#7238,#7239));
#1703=EDGE_LOOP('',(#7240,#7241,#7242,#7243));
#1704=EDGE_LOOP('',(#7244,#7245,#7246,#7247));
#1705=EDGE_LOOP('',(#7248,#7249,#7250,#7251));
#1706=EDGE_LOOP('',(#7252,#7253,#7254,#7255));
#1707=EDGE_LOOP('',(#7256,#7257,#7258,#7259));
#1708=EDGE_LOOP('',(#7260,#7261,#7262,#7263));
#1709=EDGE_LOOP('',(#7264,#7265,#7266,#7267));
#1710=EDGE_LOOP('',(#7268,#7269,#7270,#7271));
#1711=EDGE_LOOP('',(#7272,#7273,#7274,#7275));
#1712=EDGE_LOOP('',(#7276,#7277,#7278,#7279));
#1713=EDGE_LOOP('',(#7280,#7281,#7282,#7283));
#1714=EDGE_LOOP('',(#7284,#7285,#7286,#7287));
#1715=EDGE_LOOP('',(#7288,#7289,#7290,#7291));
#1716=EDGE_LOOP('',(#7292,#7293,#7294,#7295));
#1717=EDGE_LOOP('',(#7296,#7297,#7298,#7299));
#1718=EDGE_LOOP('',(#7300,#7301,#7302,#7303));
#1719=EDGE_LOOP('',(#7304,#7305,#7306,#7307));
#1720=EDGE_LOOP('',(#7308,#7309,#7310,#7311));
#1721=EDGE_LOOP('',(#7312,#7313,#7314,#7315));
#1722=EDGE_LOOP('',(#7316,#7317,#7318,#7319));
#1723=EDGE_LOOP('',(#7320,#7321,#7322,#7323));
#1724=EDGE_LOOP('',(#7324,#7325,#7326,#7327));
#1725=EDGE_LOOP('',(#7328,#7329,#7330,#7331));
#1726=EDGE_LOOP('',(#7332,#7333,#7334,#7335));
#1727=EDGE_LOOP('',(#7336,#7337,#7338,#7339));
#1728=EDGE_LOOP('',(#7340,#7341,#7342,#7343));
#1729=EDGE_LOOP('',(#7344,#7345,#7346,#7347));
#1730=EDGE_LOOP('',(#7348,#7349,#7350,#7351));
#1731=EDGE_LOOP('',(#7352,#7353,#7354,#7355));
#1732=EDGE_LOOP('',(#7356,#7357,#7358,#7359));
#1733=EDGE_LOOP('',(#7360,#7361,#7362,#7363));
#1734=EDGE_LOOP('',(#7364,#7365,#7366,#7367));
#1735=EDGE_LOOP('',(#7368,#7369,#7370,#7371));
#1736=EDGE_LOOP('',(#7372,#7373,#7374,#7375));
#1737=EDGE_LOOP('',(#7376,#7377,#7378,#7379));
#1738=EDGE_LOOP('',(#7380,#7381,#7382,#7383));
#1739=EDGE_LOOP('',(#7384,#7385,#7386,#7387));
#1740=EDGE_LOOP('',(#7388,#7389,#7390,#7391));
#1741=EDGE_LOOP('',(#7392,#7393,#7394,#7395));
#1742=EDGE_LOOP('',(#7396,#7397,#7398,#7399));
#1743=EDGE_LOOP('',(#7400,#7401,#7402,#7403));
#1744=EDGE_LOOP('',(#7404,#7405,#7406,#7407));
#1745=EDGE_LOOP('',(#7408,#7409,#7410,#7411));
#1746=EDGE_LOOP('',(#7412,#7413,#7414,#7415));
#1747=EDGE_LOOP('',(#7416,#7417,#7418,#7419));
#1748=EDGE_LOOP('',(#7420,#7421,#7422,#7423));
#1749=EDGE_LOOP('',(#7424,#7425,#7426,#7427));
#1750=EDGE_LOOP('',(#7428,#7429,#7430,#7431));
#1751=EDGE_LOOP('',(#7432,#7433,#7434,#7435));
#1752=EDGE_LOOP('',(#7436,#7437,#7438,#7439));
#1753=EDGE_LOOP('',(#7440,#7441,#7442,#7443));
#1754=EDGE_LOOP('',(#7444,#7445,#7446,#7447));
#1755=EDGE_LOOP('',(#7448,#7449,#7450,#7451));
#1756=EDGE_LOOP('',(#7452,#7453,#7454,#7455));
#1757=EDGE_LOOP('',(#7456,#7457,#7458,#7459));
#1758=EDGE_LOOP('',(#7460,#7461,#7462,#7463));
#1759=EDGE_LOOP('',(#7464,#7465,#7466,#7467));
#1760=EDGE_LOOP('',(#7468,#7469,#7470,#7471));
#1761=EDGE_LOOP('',(#7472,#7473,#7474,#7475));
#1762=EDGE_LOOP('',(#7476,#7477,#7478,#7479));
#1763=EDGE_LOOP('',(#7480,#7481,#7482,#7483));
#1764=EDGE_LOOP('',(#7484,#7485,#7486,#7487));
#1765=EDGE_LOOP('',(#7488,#7489,#7490,#7491));
#1766=EDGE_LOOP('',(#7492,#7493,#7494,#7495));
#1767=EDGE_LOOP('',(#7496,#7497,#7498,#7499));
#1768=EDGE_LOOP('',(#7500,#7501,#7502,#7503));
#1769=EDGE_LOOP('',(#7504,#7505,#7506,#7507));
#1770=EDGE_LOOP('',(#7508,#7509,#7510,#7511));
#1771=EDGE_LOOP('',(#7512,#7513,#7514,#7515));
#1772=EDGE_LOOP('',(#7516,#7517,#7518,#7519));
#1773=EDGE_LOOP('',(#7520,#7521,#7522,#7523));
#1774=EDGE_LOOP('',(#7524,#7525,#7526,#7527));
#1775=EDGE_LOOP('',(#7528,#7529,#7530,#7531));
#1776=EDGE_LOOP('',(#7532,#7533,#7534,#7535));
#1777=EDGE_LOOP('',(#7536,#7537,#7538,#7539));
#1778=EDGE_LOOP('',(#7540,#7541,#7542,#7543));
#1779=EDGE_LOOP('',(#7544,#7545,#7546,#7547));
#1780=EDGE_LOOP('',(#7548,#7549,#7550,#7551));
#1781=EDGE_LOOP('',(#7552,#7553,#7554,#7555));
#1782=EDGE_LOOP('',(#7556,#7557,#7558,#7559));
#1783=EDGE_LOOP('',(#7560,#7561,#7562,#7563));
#1784=EDGE_LOOP('',(#7564,#7565,#7566,#7567));
#1785=EDGE_LOOP('',(#7568,#7569,#7570,#7571));
#1786=EDGE_LOOP('',(#7572,#7573,#7574,#7575));
#1787=EDGE_LOOP('',(#7576,#7577,#7578,#7579));
#1788=EDGE_LOOP('',(#7580,#7581,#7582,#7583));
#1789=EDGE_LOOP('',(#7584,#7585,#7586,#7587));
#1790=EDGE_LOOP('',(#7588,#7589,#7590,#7591));
#1791=EDGE_LOOP('',(#7592,#7593,#7594,#7595));
#1792=EDGE_LOOP('',(#7596,#7597,#7598,#7599));
#1793=EDGE_LOOP('',(#7600,#7601,#7602,#7603));
#1794=EDGE_LOOP('',(#7604,#7605,#7606,#7607));
#1795=EDGE_LOOP('',(#7608,#7609,#7610,#7611));
#1796=EDGE_LOOP('',(#7612,#7613,#7614,#7615));
#1797=EDGE_LOOP('',(#7616,#7617,#7618,#7619));
#1798=EDGE_LOOP('',(#7620,#7621,#7622,#7623));
#1799=EDGE_LOOP('',(#7624,#7625,#7626,#7627));
#1800=EDGE_LOOP('',(#7628,#7629,#7630,#7631));
#1801=EDGE_LOOP('',(#7632,#7633,#7634,#7635));
#1802=EDGE_LOOP('',(#7636,#7637,#7638,#7639));
#1803=EDGE_LOOP('',(#7640,#7641,#7642,#7643));
#1804=EDGE_LOOP('',(#7644,#7645,#7646,#7647));
#1805=EDGE_LOOP('',(#7648,#7649,#7650,#7651));
#1806=EDGE_LOOP('',(#7652,#7653,#7654,#7655));
#1807=EDGE_LOOP('',(#7656,#7657,#7658,#7659));
#1808=EDGE_LOOP('',(#7660,#7661,#7662,#7663));
#1809=EDGE_LOOP('',(#7664,#7665,#7666,#7667));
#1810=EDGE_LOOP('',(#7668,#7669,#7670,#7671));
#1811=EDGE_LOOP('',(#7672,#7673,#7674,#7675));
#1812=EDGE_LOOP('',(#7676,#7677,#7678,#7679));
#1813=EDGE_LOOP('',(#7680,#7681,#7682,#7683));
#1814=EDGE_LOOP('',(#7684,#7685,#7686,#7687));
#1815=EDGE_LOOP('',(#7688,#7689,#7690,#7691));
#1816=EDGE_LOOP('',(#7692,#7693,#7694,#7695));
#1817=EDGE_LOOP('',(#7696,#7697,#7698,#7699));
#1818=EDGE_LOOP('',(#7700,#7701,#7702,#7703));
#1819=EDGE_LOOP('',(#7704,#7705,#7706,#7707));
#1820=EDGE_LOOP('',(#7708,#7709,#7710,#7711));
#1821=EDGE_LOOP('',(#7712,#7713,#7714,#7715));
#1822=EDGE_LOOP('',(#7716,#7717,#7718,#7719));
#1823=EDGE_LOOP('',(#7720,#7721,#7722,#7723));
#1824=EDGE_LOOP('',(#7724,#7725,#7726,#7727));
#1825=EDGE_LOOP('',(#7728,#7729,#7730,#7731));
#1826=EDGE_LOOP('',(#7732,#7733,#7734,#7735));
#1827=EDGE_LOOP('',(#7736,#7737,#7738,#7739));
#1828=EDGE_LOOP('',(#7740,#7741,#7742,#7743));
#1829=EDGE_LOOP('',(#7744,#7745,#7746,#7747));
#1830=EDGE_LOOP('',(#7748,#7749,#7750,#7751));
#1831=EDGE_LOOP('',(#7752,#7753,#7754,#7755));
#1832=EDGE_LOOP('',(#7756,#7757,#7758,#7759));
#1833=EDGE_LOOP('',(#7760,#7761,#7762,#7763));
#1834=EDGE_LOOP('',(#7764,#7765,#7766,#7767));
#1835=EDGE_LOOP('',(#7768,#7769,#7770,#7771));
#1836=EDGE_LOOP('',(#7772,#7773,#7774,#7775));
#1837=EDGE_LOOP('',(#7776,#7777,#7778,#7779));
#1838=EDGE_LOOP('',(#7780,#7781,#7782,#7783));
#1839=EDGE_LOOP('',(#7784,#7785,#7786,#7787));
#1840=EDGE_LOOP('',(#7788,#7789,#7790,#7791));
#1841=EDGE_LOOP('',(#7792,#7793,#7794,#7795));
#1842=EDGE_LOOP('',(#7796,#7797,#7798,#7799));
#1843=EDGE_LOOP('',(#7800,#7801,#7802,#7803));
#1844=EDGE_LOOP('',(#7804,#7805,#7806,#7807));
#1845=EDGE_LOOP('',(#7808,#7809,#7810,#7811));
#1846=EDGE_LOOP('',(#7812,#7813,#7814,#7815));
#1847=EDGE_LOOP('',(#7816,#7817,#7818,#7819));
#1848=EDGE_LOOP('',(#7820,#7821,#7822,#7823));
#1849=EDGE_LOOP('',(#7824,#7825,#7826,#7827));
#1850=EDGE_LOOP('',(#7828,#7829,#7830,#7831));
#1851=EDGE_LOOP('',(#7832,#7833,#7834,#7835));
#1852=EDGE_LOOP('',(#7836,#7837,#7838,#7839));
#1853=EDGE_LOOP('',(#7840,#7841,#7842,#7843));
#1854=EDGE_LOOP('',(#7844,#7845,#7846,#7847));
#1855=EDGE_LOOP('',(#7848,#7849,#7850,#7851));
#1856=EDGE_LOOP('',(#7852,#7853,#7854,#7855));
#1857=EDGE_LOOP('',(#7856,#7857,#7858,#7859));
#1858=EDGE_LOOP('',(#7860,#7861,#7862,#7863));
#1859=EDGE_LOOP('',(#7864,#7865,#7866,#7867));
#1860=EDGE_LOOP('',(#7868,#7869,#7870,#7871));
#1861=EDGE_LOOP('',(#7872,#7873,#7874,#7875));
#1862=EDGE_LOOP('',(#7876,#7877,#7878,#7879));
#1863=EDGE_LOOP('',(#7880,#7881,#7882,#7883));
#1864=EDGE_LOOP('',(#7884,#7885,#7886,#7887));
#1865=EDGE_LOOP('',(#7888,#7889,#7890,#7891));
#1866=EDGE_LOOP('',(#7892,#7893,#7894,#7895));
#1867=EDGE_LOOP('',(#7896,#7897,#7898,#7899));
#1868=EDGE_LOOP('',(#7900,#7901,#7902,#7903));
#1869=EDGE_LOOP('',(#7904,#7905,#7906,#7907));
#1870=EDGE_LOOP('',(#7908,#7909,#7910,#7911));
#1871=EDGE_LOOP('',(#7912,#7913,#7914,#7915));
#1872=EDGE_LOOP('',(#7916,#7917,#7918,#7919));
#1873=EDGE_LOOP('',(#7920,#7921,#7922,#7923));
#1874=EDGE_LOOP('',(#7924,#7925,#7926,#7927));
#1875=EDGE_LOOP('',(#7928,#7929,#7930,#7931));
#1876=EDGE_LOOP('',(#7932,#7933,#7934,#7935));
#1877=EDGE_LOOP('',(#7936,#7937,#7938,#7939));
#1878=EDGE_LOOP('',(#7940,#7941,#7942,#7943));
#1879=EDGE_LOOP('',(#7944,#7945,#7946,#7947));
#1880=EDGE_LOOP('',(#7948,#7949,#7950,#7951));
#1881=EDGE_LOOP('',(#7952,#7953,#7954,#7955));
#1882=EDGE_LOOP('',(#7956,#7957,#7958,#7959));
#1883=EDGE_LOOP('',(#7960,#7961,#7962,#7963));
#1884=EDGE_LOOP('',(#7964,#7965,#7966,#7967));
#1885=EDGE_LOOP('',(#7968,#7969,#7970,#7971));
#1886=EDGE_LOOP('',(#7972,#7973,#7974,#7975));
#1887=EDGE_LOOP('',(#7976,#7977,#7978,#7979));
#1888=EDGE_LOOP('',(#7980,#7981,#7982,#7983));
#1889=EDGE_LOOP('',(#7984,#7985,#7986,#7987));
#1890=EDGE_LOOP('',(#7988,#7989,#7990,#7991));
#1891=EDGE_LOOP('',(#7992,#7993,#7994,#7995));
#1892=EDGE_LOOP('',(#7996,#7997,#7998,#7999));
#1893=EDGE_LOOP('',(#8000,#8001,#8002,#8003));
#1894=EDGE_LOOP('',(#8004,#8005,#8006,#8007));
#1895=EDGE_LOOP('',(#8008,#8009,#8010,#8011));
#1896=EDGE_LOOP('',(#8012,#8013,#8014,#8015));
#1897=EDGE_LOOP('',(#8016,#8017,#8018,#8019));
#1898=EDGE_LOOP('',(#8020,#8021,#8022,#8023));
#1899=EDGE_LOOP('',(#8024,#8025,#8026,#8027));
#1900=EDGE_LOOP('',(#8028,#8029,#8030,#8031));
#1901=EDGE_LOOP('',(#8032,#8033,#8034,#8035));
#1902=EDGE_LOOP('',(#8036,#8037,#8038,#8039));
#1903=EDGE_LOOP('',(#8040,#8041,#8042,#8043));
#1904=EDGE_LOOP('',(#8044,#8045,#8046,#8047));
#1905=EDGE_LOOP('',(#8048,#8049,#8050,#8051));
#1906=EDGE_LOOP('',(#8052,#8053,#8054,#8055));
#1907=EDGE_LOOP('',(#8056,#8057,#8058,#8059));
#1908=EDGE_LOOP('',(#8060,#8061,#8062,#8063));
#1909=EDGE_LOOP('',(#8064,#8065,#8066,#8067));
#1910=EDGE_LOOP('',(#8068,#8069,#8070,#8071));
#1911=EDGE_LOOP('',(#8072,#8073,#8074,#8075));
#1912=EDGE_LOOP('',(#8076,#8077,#8078,#8079));
#1913=EDGE_LOOP('',(#8080,#8081,#8082,#8083));
#1914=EDGE_LOOP('',(#8084,#8085,#8086,#8087));
#1915=EDGE_LOOP('',(#8088,#8089,#8090,#8091));
#1916=EDGE_LOOP('',(#8092,#8093,#8094,#8095));
#1917=EDGE_LOOP('',(#8096,#8097,#8098,#8099));
#1918=EDGE_LOOP('',(#8100,#8101,#8102,#8103));
#1919=EDGE_LOOP('',(#8104,#8105,#8106,#8107));
#1920=EDGE_LOOP('',(#8108,#8109,#8110,#8111));
#1921=EDGE_LOOP('',(#8112,#8113,#8114,#8115));
#1922=EDGE_LOOP('',(#8116,#8117,#8118,#8119));
#1923=EDGE_LOOP('',(#8120,#8121,#8122,#8123));
#1924=EDGE_LOOP('',(#8124,#8125,#8126,#8127));
#1925=EDGE_LOOP('',(#8128,#8129,#8130,#8131));
#1926=EDGE_LOOP('',(#8132,#8133,#8134,#8135));
#1927=EDGE_LOOP('',(#8136,#8137,#8138,#8139));
#1928=EDGE_LOOP('',(#8140,#8141,#8142,#8143));
#1929=EDGE_LOOP('',(#8144,#8145,#8146,#8147));
#1930=EDGE_LOOP('',(#8148,#8149,#8150,#8151));
#1931=EDGE_LOOP('',(#8152,#8153,#8154,#8155));
#1932=EDGE_LOOP('',(#8156,#8157,#8158,#8159));
#1933=EDGE_LOOP('',(#8160,#8161,#8162,#8163));
#1934=EDGE_LOOP('',(#8164,#8165,#8166,#8167));
#1935=EDGE_LOOP('',(#8168,#8169,#8170,#8171));
#1936=EDGE_LOOP('',(#8172,#8173,#8174,#8175));
#1937=EDGE_LOOP('',(#8176,#8177,#8178,#8179));
#1938=EDGE_LOOP('',(#8180,#8181,#8182,#8183));
#1939=EDGE_LOOP('',(#8184,#8185,#8186,#8187));
#1940=EDGE_LOOP('',(#8188,#8189,#8190,#8191));
#1941=EDGE_LOOP('',(#8192,#8193,#8194,#8195));
#1942=EDGE_LOOP('',(#8196,#8197,#8198,#8199));
#1943=EDGE_LOOP('',(#8200,#8201,#8202,#8203));
#1944=EDGE_LOOP('',(#8204,#8205,#8206,#8207));
#1945=EDGE_LOOP('',(#8208,#8209,#8210,#8211));
#1946=EDGE_LOOP('',(#8212,#8213,#8214,#8215));
#1947=EDGE_LOOP('',(#8216,#8217,#8218,#8219));
#1948=EDGE_LOOP('',(#8220,#8221,#8222,#8223));
#1949=EDGE_LOOP('',(#8224,#8225,#8226,#8227));
#1950=EDGE_LOOP('',(#8228,#8229,#8230,#8231));
#1951=EDGE_LOOP('',(#8232,#8233,#8234,#8235));
#1952=EDGE_LOOP('',(#8236,#8237,#8238,#8239));
#1953=EDGE_LOOP('',(#8240,#8241,#8242,#8243));
#1954=EDGE_LOOP('',(#8244,#8245,#8246,#8247));
#1955=EDGE_LOOP('',(#8248,#8249,#8250,#8251));
#1956=EDGE_LOOP('',(#8252,#8253,#8254,#8255));
#1957=EDGE_LOOP('',(#8256,#8257,#8258,#8259));
#1958=EDGE_LOOP('',(#8260,#8261,#8262,#8263));
#1959=EDGE_LOOP('',(#8264,#8265,#8266,#8267));
#1960=EDGE_LOOP('',(#8268,#8269,#8270,#8271));
#1961=EDGE_LOOP('',(#8272,#8273,#8274,#8275));
#1962=EDGE_LOOP('',(#8276,#8277,#8278,#8279));
#1963=EDGE_LOOP('',(#8280,#8281,#8282,#8283));
#1964=EDGE_LOOP('',(#8284,#8285,#8286,#8287));
#1965=LINE('',#12032,#2884);
#1966=LINE('',#12034,#2885);
#1967=LINE('',#12036,#2886);
#1968=LINE('',#12038,#2887);
#1969=LINE('',#12040,#2888);
#1970=LINE('',#12042,#2889);
#1971=LINE('',#12044,#2890);
#1972=LINE('',#12046,#2891);
#1973=LINE('',#12048,#2892);
#1974=LINE('',#12050,#2893);
#1975=LINE('',#12052,#2894);
#1976=LINE('',#12054,#2895);
#1977=LINE('',#12056,#2896);
#1978=LINE('',#12058,#2897);
#1979=LINE('',#12060,#2898);
#1980=LINE('',#12062,#2899);
#1981=LINE('',#12064,#2900);
#1982=LINE('',#12066,#2901);
#1983=LINE('',#12068,#2902);
#1984=LINE('',#12070,#2903);
#1985=LINE('',#12072,#2904);
#1986=LINE('',#12074,#2905);
#1987=LINE('',#12076,#2906);
#1988=LINE('',#12078,#2907);
#1989=LINE('',#12080,#2908);
#1990=LINE('',#12082,#2909);
#1991=LINE('',#12084,#2910);
#1992=LINE('',#12086,#2911);
#1993=LINE('',#12088,#2912);
#1994=LINE('',#12090,#2913);
#1995=LINE('',#12092,#2914);
#1996=LINE('',#12094,#2915);
#1997=LINE('',#12096,#2916);
#1998=LINE('',#12098,#2917);
#1999=LINE('',#12100,#2918);
#2000=LINE('',#12102,#2919);
#2001=LINE('',#12104,#2920);
#2002=LINE('',#12106,#2921);
#2003=LINE('',#12108,#2922);
#2004=LINE('',#12110,#2923);
#2005=LINE('',#12112,#2924);
#2006=LINE('',#12114,#2925);
#2007=LINE('',#12116,#2926);
#2008=LINE('',#12118,#2927);
#2009=LINE('',#12120,#2928);
#2010=LINE('',#12122,#2929);
#2011=LINE('',#12124,#2930);
#2012=LINE('',#12126,#2931);
#2013=LINE('',#12128,#2932);
#2014=LINE('',#12130,#2933);
#2015=LINE('',#12132,#2934);
#2016=LINE('',#12134,#2935);
#2017=LINE('',#12136,#2936);
#2018=LINE('',#12138,#2937);
#2019=LINE('',#12140,#2938);
#2020=LINE('',#12142,#2939);
#2021=LINE('',#12144,#2940);
#2022=LINE('',#12146,#2941);
#2023=LINE('',#12148,#2942);
#2024=LINE('',#12150,#2943);
#2025=LINE('',#12152,#2944);
#2026=LINE('',#12154,#2945);
#2027=LINE('',#12156,#2946);
#2028=LINE('',#12158,#2947);
#2029=LINE('',#12160,#2948);
#2030=LINE('',#12162,#2949);
#2031=LINE('',#12164,#2950);
#2032=LINE('',#12166,#2951);
#2033=LINE('',#12168,#2952);
#2034=LINE('',#12170,#2953);
#2035=LINE('',#12172,#2954);
#2036=LINE('',#12174,#2955);
#2037=LINE('',#12176,#2956);
#2038=LINE('',#12178,#2957);
#2039=LINE('',#12180,#2958);
#2040=LINE('',#12182,#2959);
#2041=LINE('',#12184,#2960);
#2042=LINE('',#12186,#2961);
#2043=LINE('',#12188,#2962);
#2044=LINE('',#12190,#2963);
#2045=LINE('',#12192,#2964);
#2046=LINE('',#12194,#2965);
#2047=LINE('',#12196,#2966);
#2048=LINE('',#12198,#2967);
#2049=LINE('',#12200,#2968);
#2050=LINE('',#12202,#2969);
#2051=LINE('',#12204,#2970);
#2052=LINE('',#12206,#2971);
#2053=LINE('',#12208,#2972);
#2054=LINE('',#12210,#2973);
#2055=LINE('',#12212,#2974);
#2056=LINE('',#12214,#2975);
#2057=LINE('',#12216,#2976);
#2058=LINE('',#12218,#2977);
#2059=LINE('',#12220,#2978);
#2060=LINE('',#12222,#2979);
#2061=LINE('',#12224,#2980);
#2062=LINE('',#12226,#2981);
#2063=LINE('',#12228,#2982);
#2064=LINE('',#12230,#2983);
#2065=LINE('',#12232,#2984);
#2066=LINE('',#12234,#2985);
#2067=LINE('',#12236,#2986);
#2068=LINE('',#12238,#2987);
#2069=LINE('',#12240,#2988);
#2070=LINE('',#12242,#2989);
#2071=LINE('',#12244,#2990);
#2072=LINE('',#12246,#2991);
#2073=LINE('',#12248,#2992);
#2074=LINE('',#12250,#2993);
#2075=LINE('',#12252,#2994);
#2076=LINE('',#12254,#2995);
#2077=LINE('',#12256,#2996);
#2078=LINE('',#12258,#2997);
#2079=LINE('',#12260,#2998);
#2080=LINE('',#12262,#2999);
#2081=LINE('',#12264,#3000);
#2082=LINE('',#12266,#3001);
#2083=LINE('',#12268,#3002);
#2084=LINE('',#12270,#3003);
#2085=LINE('',#12272,#3004);
#2086=LINE('',#12274,#3005);
#2087=LINE('',#12276,#3006);
#2088=LINE('',#12278,#3007);
#2089=LINE('',#12280,#3008);
#2090=LINE('',#12282,#3009);
#2091=LINE('',#12284,#3010);
#2092=LINE('',#12286,#3011);
#2093=LINE('',#12288,#3012);
#2094=LINE('',#12290,#3013);
#2095=LINE('',#12292,#3014);
#2096=LINE('',#12294,#3015);
#2097=LINE('',#12296,#3016);
#2098=LINE('',#12298,#3017);
#2099=LINE('',#12300,#3018);
#2100=LINE('',#12302,#3019);
#2101=LINE('',#12304,#3020);
#2102=LINE('',#12306,#3021);
#2103=LINE('',#12308,#3022);
#2104=LINE('',#12310,#3023);
#2105=LINE('',#12312,#3024);
#2106=LINE('',#12314,#3025);
#2107=LINE('',#12316,#3026);
#2108=LINE('',#12318,#3027);
#2109=LINE('',#12320,#3028);
#2110=LINE('',#12322,#3029);
#2111=LINE('',#12324,#3030);
#2112=LINE('',#12326,#3031);
#2113=LINE('',#12328,#3032);
#2114=LINE('',#12330,#3033);
#2115=LINE('',#12332,#3034);
#2116=LINE('',#12334,#3035);
#2117=LINE('',#12336,#3036);
#2118=LINE('',#12338,#3037);
#2119=LINE('',#12340,#3038);
#2120=LINE('',#12342,#3039);
#2121=LINE('',#12344,#3040);
#2122=LINE('',#12346,#3041);
#2123=LINE('',#12348,#3042);
#2124=LINE('',#12350,#3043);
#2125=LINE('',#12352,#3044);
#2126=LINE('',#12354,#3045);
#2127=LINE('',#12355,#3046);
#2128=LINE('',#12360,#3047);
#2129=LINE('',#12362,#3048);
#2130=LINE('',#12364,#3049);
#2131=LINE('',#12365,#3050);
#2132=LINE('',#12384,#3051);
#2133=LINE('',#12386,#3052);
#2134=LINE('',#12388,#3053);
#2135=LINE('',#12389,#3054);
#2136=LINE('',#12394,#3055);
#2137=LINE('',#12396,#3056);
#2138=LINE('',#12398,#3057);
#2139=LINE('',#12399,#3058);
#2140=LINE('',#12418,#3059);
#2141=LINE('',#12421,#3060);
#2142=LINE('',#12430,#3061);
#2143=LINE('',#12433,#3062);
#2144=LINE('',#12438,#3063);
#2145=LINE('',#12441,#3064);
#2146=LINE('',#12448,#3065);
#2147=LINE('',#12451,#3066);
#2148=LINE('',#12454,#3067);
#2149=LINE('',#12456,#3068);
#2150=LINE('',#12458,#3069);
#2151=LINE('',#12459,#3070);
#2152=LINE('',#12484,#3071);
#2153=LINE('',#12486,#3072);
#2154=LINE('',#12488,#3073);
#2155=LINE('',#12489,#3074);
#2156=LINE('',#12508,#3075);
#2157=LINE('',#12510,#3076);
#2158=LINE('',#12512,#3077);
#2159=LINE('',#12513,#3078);
#2160=LINE('',#12516,#3079);
#2161=LINE('',#12518,#3080);
#2162=LINE('',#12520,#3081);
#2163=LINE('',#12521,#3082);
#2164=LINE('',#12540,#3083);
#2165=LINE('',#12542,#3084);
#2166=LINE('',#12544,#3085);
#2167=LINE('',#12545,#3086);
#2168=LINE('',#12556,#3087);
#2169=LINE('',#12558,#3088);
#2170=LINE('',#12560,#3089);
#2171=LINE('',#12561,#3090);
#2172=LINE('',#12590,#3091);
#2173=LINE('',#12592,#3092);
#2174=LINE('',#12594,#3093);
#2175=LINE('',#12595,#3094);
#2176=LINE('',#12628,#3095);
#2177=LINE('',#12630,#3096);
#2178=LINE('',#12632,#3097);
#2179=LINE('',#12633,#3098);
#2180=LINE('',#12664,#3099);
#2181=LINE('',#12666,#3100);
#2182=LINE('',#12668,#3101);
#2183=LINE('',#12669,#3102);
#2184=LINE('',#12686,#3103);
#2185=LINE('',#12688,#3104);
#2186=LINE('',#12690,#3105);
#2187=LINE('',#12691,#3106);
#2188=LINE('',#12708,#3107);
#2189=LINE('',#12710,#3108);
#2190=LINE('',#12712,#3109);
#2191=LINE('',#12713,#3110);
#2192=LINE('',#12716,#3111);
#2193=LINE('',#12718,#3112);
#2194=LINE('',#12720,#3113);
#2195=LINE('',#12721,#3114);
#2196=LINE('',#12740,#3115);
#2197=LINE('',#12742,#3116);
#2198=LINE('',#12744,#3117);
#2199=LINE('',#12745,#3118);
#2200=LINE('',#12756,#3119);
#2201=LINE('',#12758,#3120);
#2202=LINE('',#12760,#3121);
#2203=LINE('',#12761,#3122);
#2204=LINE('',#12778,#3123);
#2205=LINE('',#12780,#3124);
#2206=LINE('',#12782,#3125);
#2207=LINE('',#12783,#3126);
#2208=LINE('',#12786,#3127);
#2209=LINE('',#12788,#3128);
#2210=LINE('',#12790,#3129);
#2211=LINE('',#12791,#3130);
#2212=LINE('',#12810,#3131);
#2213=LINE('',#12812,#3132);
#2214=LINE('',#12814,#3133);
#2215=LINE('',#12815,#3134);
#2216=LINE('',#12826,#3135);
#2217=LINE('',#12828,#3136);
#2218=LINE('',#12830,#3137);
#2219=LINE('',#12831,#3138);
#2220=LINE('',#12846,#3139);
#2221=LINE('',#12848,#3140);
#2222=LINE('',#12849,#3141);
#2223=LINE('',#12852,#3142);
#2224=LINE('',#12853,#3143);
#2225=LINE('',#12856,#3144);
#2226=LINE('',#12857,#3145);
#2227=LINE('',#12861,#3146);
#2228=LINE('',#12863,#3147);
#2229=LINE('',#12865,#3148);
#2230=LINE('',#12867,#3149);
#2231=LINE('',#12869,#3150);
#2232=LINE('',#12871,#3151);
#2233=LINE('',#12873,#3152);
#2234=LINE('',#12875,#3153);
#2235=LINE('',#12877,#3154);
#2236=LINE('',#12879,#3155);
#2237=LINE('',#12881,#3156);
#2238=LINE('',#12883,#3157);
#2239=LINE('',#12885,#3158);
#2240=LINE('',#12887,#3159);
#2241=LINE('',#12889,#3160);
#2242=LINE('',#12891,#3161);
#2243=LINE('',#12893,#3162);
#2244=LINE('',#12895,#3163);
#2245=LINE('',#12897,#3164);
#2246=LINE('',#12899,#3165);
#2247=LINE('',#12901,#3166);
#2248=LINE('',#12903,#3167);
#2249=LINE('',#12905,#3168);
#2250=LINE('',#12907,#3169);
#2251=LINE('',#12909,#3170);
#2252=LINE('',#12911,#3171);
#2253=LINE('',#12913,#3172);
#2254=LINE('',#12915,#3173);
#2255=LINE('',#12917,#3174);
#2256=LINE('',#12919,#3175);
#2257=LINE('',#12921,#3176);
#2258=LINE('',#12923,#3177);
#2259=LINE('',#12925,#3178);
#2260=LINE('',#12927,#3179);
#2261=LINE('',#12929,#3180);
#2262=LINE('',#12931,#3181);
#2263=LINE('',#12933,#3182);
#2264=LINE('',#12935,#3183);
#2265=LINE('',#12937,#3184);
#2266=LINE('',#12939,#3185);
#2267=LINE('',#12941,#3186);
#2268=LINE('',#12943,#3187);
#2269=LINE('',#12945,#3188);
#2270=LINE('',#12947,#3189);
#2271=LINE('',#12949,#3190);
#2272=LINE('',#12951,#3191);
#2273=LINE('',#12953,#3192);
#2274=LINE('',#12955,#3193);
#2275=LINE('',#12957,#3194);
#2276=LINE('',#12959,#3195);
#2277=LINE('',#12961,#3196);
#2278=LINE('',#12963,#3197);
#2279=LINE('',#12965,#3198);
#2280=LINE('',#12967,#3199);
#2281=LINE('',#12969,#3200);
#2282=LINE('',#12971,#3201);
#2283=LINE('',#12973,#3202);
#2284=LINE('',#12975,#3203);
#2285=LINE('',#12977,#3204);
#2286=LINE('',#12979,#3205);
#2287=LINE('',#12981,#3206);
#2288=LINE('',#12983,#3207);
#2289=LINE('',#12985,#3208);
#2290=LINE('',#12987,#3209);
#2291=LINE('',#12989,#3210);
#2292=LINE('',#12991,#3211);
#2293=LINE('',#12993,#3212);
#2294=LINE('',#12995,#3213);
#2295=LINE('',#12997,#3214);
#2296=LINE('',#12999,#3215);
#2297=LINE('',#13001,#3216);
#2298=LINE('',#13003,#3217);
#2299=LINE('',#13005,#3218);
#2300=LINE('',#13007,#3219);
#2301=LINE('',#13009,#3220);
#2302=LINE('',#13011,#3221);
#2303=LINE('',#13013,#3222);
#2304=LINE('',#13015,#3223);
#2305=LINE('',#13017,#3224);
#2306=LINE('',#13019,#3225);
#2307=LINE('',#13021,#3226);
#2308=LINE('',#13023,#3227);
#2309=LINE('',#13025,#3228);
#2310=LINE('',#13027,#3229);
#2311=LINE('',#13029,#3230);
#2312=LINE('',#13031,#3231);
#2313=LINE('',#13033,#3232);
#2314=LINE('',#13035,#3233);
#2315=LINE('',#13037,#3234);
#2316=LINE('',#13039,#3235);
#2317=LINE('',#13041,#3236);
#2318=LINE('',#13043,#3237);
#2319=LINE('',#13045,#3238);
#2320=LINE('',#13047,#3239);
#2321=LINE('',#13049,#3240);
#2322=LINE('',#13051,#3241);
#2323=LINE('',#13053,#3242);
#2324=LINE('',#13055,#3243);
#2325=LINE('',#13057,#3244);
#2326=LINE('',#13059,#3245);
#2327=LINE('',#13061,#3246);
#2328=LINE('',#13063,#3247);
#2329=LINE('',#13065,#3248);
#2330=LINE('',#13067,#3249);
#2331=LINE('',#13069,#3250);
#2332=LINE('',#13071,#3251);
#2333=LINE('',#13073,#3252);
#2334=LINE('',#13075,#3253);
#2335=LINE('',#13077,#3254);
#2336=LINE('',#13079,#3255);
#2337=LINE('',#13081,#3256);
#2338=LINE('',#13083,#3257);
#2339=LINE('',#13085,#3258);
#2340=LINE('',#13087,#3259);
#2341=LINE('',#13089,#3260);
#2342=LINE('',#13091,#3261);
#2343=LINE('',#13092,#3262);
#2344=LINE('',#13094,#3263);
#2345=LINE('',#13096,#3264);
#2346=LINE('',#13098,#3265);
#2347=LINE('',#13100,#3266);
#2348=LINE('',#13102,#3267);
#2349=LINE('',#13104,#3268);
#2350=LINE('',#13106,#3269);
#2351=LINE('',#13108,#3270);
#2352=LINE('',#13110,#3271);
#2353=LINE('',#13112,#3272);
#2354=LINE('',#13114,#3273);
#2355=LINE('',#13116,#3274);
#2356=LINE('',#13118,#3275);
#2357=LINE('',#13120,#3276);
#2358=LINE('',#13122,#3277);
#2359=LINE('',#13124,#3278);
#2360=LINE('',#13126,#3279);
#2361=LINE('',#13128,#3280);
#2362=LINE('',#13130,#3281);
#2363=LINE('',#13132,#3282);
#2364=LINE('',#13134,#3283);
#2365=LINE('',#13136,#3284);
#2366=LINE('',#13138,#3285);
#2367=LINE('',#13140,#3286);
#2368=LINE('',#13142,#3287);
#2369=LINE('',#13144,#3288);
#2370=LINE('',#13146,#3289);
#2371=LINE('',#13148,#3290);
#2372=LINE('',#13150,#3291);
#2373=LINE('',#13152,#3292);
#2374=LINE('',#13154,#3293);
#2375=LINE('',#13156,#3294);
#2376=LINE('',#13158,#3295);
#2377=LINE('',#13160,#3296);
#2378=LINE('',#13162,#3297);
#2379=LINE('',#13164,#3298);
#2380=LINE('',#13166,#3299);
#2381=LINE('',#13168,#3300);
#2382=LINE('',#13170,#3301);
#2383=LINE('',#13172,#3302);
#2384=LINE('',#13174,#3303);
#2385=LINE('',#13176,#3304);
#2386=LINE('',#13178,#3305);
#2387=LINE('',#13179,#3306);
#2388=LINE('',#13184,#3307);
#2389=LINE('',#13186,#3308);
#2390=LINE('',#13188,#3309);
#2391=LINE('',#13189,#3310);
#2392=LINE('',#13208,#3311);
#2393=LINE('',#13210,#3312);
#2394=LINE('',#13212,#3313);
#2395=LINE('',#13213,#3314);
#2396=LINE('',#13218,#3315);
#2397=LINE('',#13220,#3316);
#2398=LINE('',#13222,#3317);
#2399=LINE('',#13223,#3318);
#2400=LINE('',#13242,#3319);
#2401=LINE('',#13245,#3320);
#2402=LINE('',#13254,#3321);
#2403=LINE('',#13257,#3322);
#2404=LINE('',#13262,#3323);
#2405=LINE('',#13265,#3324);
#2406=LINE('',#13272,#3325);
#2407=LINE('',#13275,#3326);
#2408=LINE('',#13278,#3327);
#2409=LINE('',#13280,#3328);
#2410=LINE('',#13282,#3329);
#2411=LINE('',#13283,#3330);
#2412=LINE('',#13308,#3331);
#2413=LINE('',#13310,#3332);
#2414=LINE('',#13312,#3333);
#2415=LINE('',#13313,#3334);
#2416=LINE('',#13332,#3335);
#2417=LINE('',#13334,#3336);
#2418=LINE('',#13336,#3337);
#2419=LINE('',#13337,#3338);
#2420=LINE('',#13340,#3339);
#2421=LINE('',#13342,#3340);
#2422=LINE('',#13344,#3341);
#2423=LINE('',#13345,#3342);
#2424=LINE('',#13364,#3343);
#2425=LINE('',#13366,#3344);
#2426=LINE('',#13368,#3345);
#2427=LINE('',#13369,#3346);
#2428=LINE('',#13380,#3347);
#2429=LINE('',#13382,#3348);
#2430=LINE('',#13384,#3349);
#2431=LINE('',#13385,#3350);
#2432=LINE('',#13414,#3351);
#2433=LINE('',#13416,#3352);
#2434=LINE('',#13418,#3353);
#2435=LINE('',#13419,#3354);
#2436=LINE('',#13452,#3355);
#2437=LINE('',#13454,#3356);
#2438=LINE('',#13456,#3357);
#2439=LINE('',#13457,#3358);
#2440=LINE('',#13488,#3359);
#2441=LINE('',#13490,#3360);
#2442=LINE('',#13492,#3361);
#2443=LINE('',#13493,#3362);
#2444=LINE('',#13510,#3363);
#2445=LINE('',#13512,#3364);
#2446=LINE('',#13514,#3365);
#2447=LINE('',#13515,#3366);
#2448=LINE('',#13532,#3367);
#2449=LINE('',#13534,#3368);
#2450=LINE('',#13536,#3369);
#2451=LINE('',#13537,#3370);
#2452=LINE('',#13540,#3371);
#2453=LINE('',#13542,#3372);
#2454=LINE('',#13544,#3373);
#2455=LINE('',#13545,#3374);
#2456=LINE('',#13564,#3375);
#2457=LINE('',#13566,#3376);
#2458=LINE('',#13568,#3377);
#2459=LINE('',#13569,#3378);
#2460=LINE('',#13580,#3379);
#2461=LINE('',#13582,#3380);
#2462=LINE('',#13584,#3381);
#2463=LINE('',#13585,#3382);
#2464=LINE('',#13602,#3383);
#2465=LINE('',#13604,#3384);
#2466=LINE('',#13606,#3385);
#2467=LINE('',#13607,#3386);
#2468=LINE('',#13610,#3387);
#2469=LINE('',#13612,#3388);
#2470=LINE('',#13614,#3389);
#2471=LINE('',#13615,#3390);
#2472=LINE('',#13634,#3391);
#2473=LINE('',#13636,#3392);
#2474=LINE('',#13638,#3393);
#2475=LINE('',#13639,#3394);
#2476=LINE('',#13650,#3395);
#2477=LINE('',#13652,#3396);
#2478=LINE('',#13654,#3397);
#2479=LINE('',#13655,#3398);
#2480=LINE('',#13669,#3399);
#2481=LINE('',#13671,#3400);
#2482=LINE('',#13673,#3401);
#2483=LINE('',#13675,#3402);
#2484=LINE('',#13677,#3403);
#2485=LINE('',#13679,#3404);
#2486=LINE('',#13681,#3405);
#2487=LINE('',#13683,#3406);
#2488=LINE('',#13685,#3407);
#2489=LINE('',#13687,#3408);
#2490=LINE('',#13689,#3409);
#2491=LINE('',#13691,#3410);
#2492=LINE('',#13693,#3411);
#2493=LINE('',#13695,#3412);
#2494=LINE('',#13697,#3413);
#2495=LINE('',#13699,#3414);
#2496=LINE('',#13701,#3415);
#2497=LINE('',#13703,#3416);
#2498=LINE('',#13705,#3417);
#2499=LINE('',#13707,#3418);
#2500=LINE('',#13709,#3419);
#2501=LINE('',#13711,#3420);
#2502=LINE('',#13713,#3421);
#2503=LINE('',#13715,#3422);
#2504=LINE('',#13717,#3423);
#2505=LINE('',#13719,#3424);
#2506=LINE('',#13721,#3425);
#2507=LINE('',#13723,#3426);
#2508=LINE('',#13725,#3427);
#2509=LINE('',#13727,#3428);
#2510=LINE('',#13729,#3429);
#2511=LINE('',#13731,#3430);
#2512=LINE('',#13733,#3431);
#2513=LINE('',#13735,#3432);
#2514=LINE('',#13737,#3433);
#2515=LINE('',#13739,#3434);
#2516=LINE('',#13741,#3435);
#2517=LINE('',#13743,#3436);
#2518=LINE('',#13745,#3437);
#2519=LINE('',#13747,#3438);
#2520=LINE('',#13749,#3439);
#2521=LINE('',#13751,#3440);
#2522=LINE('',#13753,#3441);
#2523=LINE('',#13755,#3442);
#2524=LINE('',#13757,#3443);
#2525=LINE('',#13759,#3444);
#2526=LINE('',#13761,#3445);
#2527=LINE('',#13763,#3446);
#2528=LINE('',#13765,#3447);
#2529=LINE('',#13767,#3448);
#2530=LINE('',#13769,#3449);
#2531=LINE('',#13771,#3450);
#2532=LINE('',#13773,#3451);
#2533=LINE('',#13775,#3452);
#2534=LINE('',#13777,#3453);
#2535=LINE('',#13779,#3454);
#2536=LINE('',#13781,#3455);
#2537=LINE('',#13783,#3456);
#2538=LINE('',#13785,#3457);
#2539=LINE('',#13787,#3458);
#2540=LINE('',#13789,#3459);
#2541=LINE('',#13791,#3460);
#2542=LINE('',#13793,#3461);
#2543=LINE('',#13795,#3462);
#2544=LINE('',#13797,#3463);
#2545=LINE('',#13799,#3464);
#2546=LINE('',#13801,#3465);
#2547=LINE('',#13803,#3466);
#2548=LINE('',#13805,#3467);
#2549=LINE('',#13807,#3468);
#2550=LINE('',#13809,#3469);
#2551=LINE('',#13811,#3470);
#2552=LINE('',#13813,#3471);
#2553=LINE('',#13815,#3472);
#2554=LINE('',#13817,#3473);
#2555=LINE('',#13819,#3474);
#2556=LINE('',#13821,#3475);
#2557=LINE('',#13823,#3476);
#2558=LINE('',#13825,#3477);
#2559=LINE('',#13827,#3478);
#2560=LINE('',#13829,#3479);
#2561=LINE('',#13831,#3480);
#2562=LINE('',#13833,#3481);
#2563=LINE('',#13835,#3482);
#2564=LINE('',#13837,#3483);
#2565=LINE('',#13839,#3484);
#2566=LINE('',#13841,#3485);
#2567=LINE('',#13843,#3486);
#2568=LINE('',#13845,#3487);
#2569=LINE('',#13847,#3488);
#2570=LINE('',#13849,#3489);
#2571=LINE('',#13851,#3490);
#2572=LINE('',#13853,#3491);
#2573=LINE('',#13855,#3492);
#2574=LINE('',#13857,#3493);
#2575=LINE('',#13859,#3494);
#2576=LINE('',#13861,#3495);
#2577=LINE('',#13863,#3496);
#2578=LINE('',#13865,#3497);
#2579=LINE('',#13867,#3498);
#2580=LINE('',#13869,#3499);
#2581=LINE('',#13871,#3500);
#2582=LINE('',#13873,#3501);
#2583=LINE('',#13875,#3502);
#2584=LINE('',#13877,#3503);
#2585=LINE('',#13879,#3504);
#2586=LINE('',#13881,#3505);
#2587=LINE('',#13883,#3506);
#2588=LINE('',#13885,#3507);
#2589=LINE('',#13887,#3508);
#2590=LINE('',#13889,#3509);
#2591=LINE('',#13891,#3510);
#2592=LINE('',#13893,#3511);
#2593=LINE('',#13895,#3512);
#2594=LINE('',#13897,#3513);
#2595=LINE('',#13899,#3514);
#2596=LINE('',#13901,#3515);
#2597=LINE('',#13903,#3516);
#2598=LINE('',#13905,#3517);
#2599=LINE('',#13907,#3518);
#2600=LINE('',#13909,#3519);
#2601=LINE('',#13911,#3520);
#2602=LINE('',#13913,#3521);
#2603=LINE('',#13915,#3522);
#2604=LINE('',#13917,#3523);
#2605=LINE('',#13919,#3524);
#2606=LINE('',#13921,#3525);
#2607=LINE('',#13923,#3526);
#2608=LINE('',#13925,#3527);
#2609=LINE('',#13927,#3528);
#2610=LINE('',#13929,#3529);
#2611=LINE('',#13931,#3530);
#2612=LINE('',#13933,#3531);
#2613=LINE('',#13935,#3532);
#2614=LINE('',#13937,#3533);
#2615=LINE('',#13939,#3534);
#2616=LINE('',#13941,#3535);
#2617=LINE('',#13943,#3536);
#2618=LINE('',#13945,#3537);
#2619=LINE('',#13947,#3538);
#2620=LINE('',#13949,#3539);
#2621=LINE('',#13951,#3540);
#2622=LINE('',#13953,#3541);
#2623=LINE('',#13955,#3542);
#2624=LINE('',#13957,#3543);
#2625=LINE('',#13959,#3544);
#2626=LINE('',#13961,#3545);
#2627=LINE('',#13963,#3546);
#2628=LINE('',#13965,#3547);
#2629=LINE('',#13967,#3548);
#2630=LINE('',#13969,#3549);
#2631=LINE('',#13971,#3550);
#2632=LINE('',#13973,#3551);
#2633=LINE('',#13975,#3552);
#2634=LINE('',#13977,#3553);
#2635=LINE('',#13979,#3554);
#2636=LINE('',#13981,#3555);
#2637=LINE('',#13983,#3556);
#2638=LINE('',#13985,#3557);
#2639=LINE('',#13987,#3558);
#2640=LINE('',#13990,#3559);
#2641=LINE('',#13992,#3560);
#2642=LINE('',#13993,#3561);
#2643=LINE('',#13995,#3562);
#2644=LINE('',#13997,#3563);
#2645=LINE('',#14000,#3564);
#2646=LINE('',#14002,#3565);
#2647=LINE('',#14004,#3566);
#2648=LINE('',#14006,#3567);
#2649=LINE('',#14008,#3568);
#2650=LINE('',#14010,#3569);
#2651=LINE('',#14012,#3570);
#2652=LINE('',#14014,#3571);
#2653=LINE('',#14016,#3572);
#2654=LINE('',#14017,#3573);
#2655=LINE('',#14019,#3574);
#2656=LINE('',#14021,#3575);
#2657=LINE('',#14024,#3576);
#2658=LINE('',#14026,#3577);
#2659=LINE('',#14027,#3578);
#2660=LINE('',#14029,#3579);
#2661=LINE('',#14031,#3580);
#2662=LINE('',#14034,#3581);
#2663=LINE('',#14036,#3582);
#2664=LINE('',#14038,#3583);
#2665=LINE('',#14040,#3584);
#2666=LINE('',#14042,#3585);
#2667=LINE('',#14044,#3586);
#2668=LINE('',#14046,#3587);
#2669=LINE('',#14048,#3588);
#2670=LINE('',#14049,#3589);
#2671=LINE('',#14051,#3590);
#2672=LINE('',#14053,#3591);
#2673=LINE('',#14056,#3592);
#2674=LINE('',#14058,#3593);
#2675=LINE('',#14060,#3594);
#2676=LINE('',#14061,#3595);
#2677=LINE('',#14063,#3596);
#2678=LINE('',#14065,#3597);
#2679=LINE('',#14068,#3598);
#2680=LINE('',#14069,#3599);
#2681=LINE('',#14071,#3600);
#2682=LINE('',#14073,#3601);
#2683=LINE('',#14076,#3602);
#2684=LINE('',#14078,#3603);
#2685=LINE('',#14079,#3604);
#2686=LINE('',#14081,#3605);
#2687=LINE('',#14083,#3606);
#2688=LINE('',#14086,#3607);
#2689=LINE('',#14087,#3608);
#2690=LINE('',#14089,#3609);
#2691=LINE('',#14091,#3610);
#2692=LINE('',#14094,#3611);
#2693=LINE('',#14096,#3612);
#2694=LINE('',#14098,#3613);
#2695=LINE('',#14100,#3614);
#2696=LINE('',#14102,#3615);
#2697=LINE('',#14104,#3616);
#2698=LINE('',#14106,#3617);
#2699=LINE('',#14108,#3618);
#2700=LINE('',#14110,#3619);
#2701=LINE('',#14112,#3620);
#2702=LINE('',#14114,#3621);
#2703=LINE('',#14116,#3622);
#2704=LINE('',#14117,#3623);
#2705=LINE('',#14119,#3624);
#2706=LINE('',#14121,#3625);
#2707=LINE('',#14124,#3626);
#2708=LINE('',#14126,#3627);
#2709=LINE('',#14128,#3628);
#2710=LINE('',#14130,#3629);
#2711=LINE('',#14132,#3630);
#2712=LINE('',#14134,#3631);
#2713=LINE('',#14136,#3632);
#2714=LINE('',#14138,#3633);
#2715=LINE('',#14140,#3634);
#2716=LINE('',#14141,#3635);
#2717=LINE('',#14143,#3636);
#2718=LINE('',#14145,#3637);
#2719=LINE('',#14148,#3638);
#2720=LINE('',#14149,#3639);
#2721=LINE('',#14151,#3640);
#2722=LINE('',#14153,#3641);
#2723=LINE('',#14156,#3642);
#2724=LINE('',#14158,#3643);
#2725=LINE('',#14160,#3644);
#2726=LINE('',#14162,#3645);
#2727=LINE('',#14164,#3646);
#2728=LINE('',#14166,#3647);
#2729=LINE('',#14168,#3648);
#2730=LINE('',#14170,#3649);
#2731=LINE('',#14172,#3650);
#2732=LINE('',#14173,#3651);
#2733=LINE('',#14175,#3652);
#2734=LINE('',#14177,#3653);
#2735=LINE('',#14180,#3654);
#2736=LINE('',#14182,#3655);
#2737=LINE('',#14184,#3656);
#2738=LINE('',#14186,#3657);
#2739=LINE('',#14188,#3658);
#2740=LINE('',#14189,#3659);
#2741=LINE('',#14191,#3660);
#2742=LINE('',#14193,#3661);
#2743=LINE('',#14196,#3662);
#2744=LINE('',#14198,#3663);
#2745=LINE('',#14200,#3664);
#2746=LINE('',#14202,#3665);
#2747=LINE('',#14204,#3666);
#2748=LINE('',#14206,#3667);
#2749=LINE('',#14208,#3668);
#2750=LINE('',#14210,#3669);
#2751=LINE('',#14212,#3670);
#2752=LINE('',#14214,#3671);
#2753=LINE('',#14216,#3672);
#2754=LINE('',#14218,#3673);
#2755=LINE('',#14220,#3674);
#2756=LINE('',#14222,#3675);
#2757=LINE('',#14223,#3676);
#2758=LINE('',#14225,#3677);
#2759=LINE('',#14227,#3678);
#2760=LINE('',#14230,#3679);
#2761=LINE('',#14232,#3680);
#2762=LINE('',#14234,#3681);
#2763=LINE('',#14236,#3682);
#2764=LINE('',#14238,#3683);
#2765=LINE('',#14240,#3684);
#2766=LINE('',#14242,#3685);
#2767=LINE('',#14244,#3686);
#2768=LINE('',#14246,#3687);
#2769=LINE('',#14248,#3688);
#2770=LINE('',#14250,#3689);
#2771=LINE('',#14252,#3690);
#2772=LINE('',#14254,#3691);
#2773=LINE('',#14256,#3692);
#2774=LINE('',#14258,#3693);
#2775=LINE('',#14260,#3694);
#2776=LINE('',#14261,#3695);
#2777=LINE('',#14263,#3696);
#2778=LINE('',#14265,#3697);
#2779=LINE('',#14268,#3698);
#2780=LINE('',#14270,#3699);
#2781=LINE('',#14272,#3700);
#2782=LINE('',#14274,#3701);
#2783=LINE('',#14276,#3702);
#2784=LINE('',#14278,#3703);
#2785=LINE('',#14280,#3704);
#2786=LINE('',#14282,#3705);
#2787=LINE('',#14284,#3706);
#2788=LINE('',#14286,#3707);
#2789=LINE('',#14288,#3708);
#2790=LINE('',#14290,#3709);
#2791=LINE('',#14292,#3710);
#2792=LINE('',#14294,#3711);
#2793=LINE('',#14296,#3712);
#2794=LINE('',#14297,#3713);
#2795=LINE('',#14299,#3714);
#2796=LINE('',#14301,#3715);
#2797=LINE('',#14304,#3716);
#2798=LINE('',#14306,#3717);
#2799=LINE('',#14308,#3718);
#2800=LINE('',#14310,#3719);
#2801=LINE('',#14312,#3720);
#2802=LINE('',#14314,#3721);
#2803=LINE('',#14316,#3722);
#2804=LINE('',#14318,#3723);
#2805=LINE('',#14319,#3724);
#2806=LINE('',#14321,#3725);
#2807=LINE('',#14323,#3726);
#2808=LINE('',#14326,#3727);
#2809=LINE('',#14328,#3728);
#2810=LINE('',#14330,#3729);
#2811=LINE('',#14332,#3730);
#2812=LINE('',#14334,#3731);
#2813=LINE('',#14336,#3732);
#2814=LINE('',#14338,#3733);
#2815=LINE('',#14340,#3734);
#2816=LINE('',#14341,#3735);
#2817=LINE('',#14343,#3736);
#2818=LINE('',#14345,#3737);
#2819=LINE('',#14348,#3738);
#2820=LINE('',#14349,#3739);
#2821=LINE('',#14351,#3740);
#2822=LINE('',#14353,#3741);
#2823=LINE('',#14356,#3742);
#2824=LINE('',#14358,#3743);
#2825=LINE('',#14360,#3744);
#2826=LINE('',#14362,#3745);
#2827=LINE('',#14364,#3746);
#2828=LINE('',#14366,#3747);
#2829=LINE('',#14368,#3748);
#2830=LINE('',#14370,#3749);
#2831=LINE('',#14372,#3750);
#2832=LINE('',#14373,#3751);
#2833=LINE('',#14375,#3752);
#2834=LINE('',#14377,#3753);
#2835=LINE('',#14380,#3754);
#2836=LINE('',#14382,#3755);
#2837=LINE('',#14384,#3756);
#2838=LINE('',#14386,#3757);
#2839=LINE('',#14388,#3758);
#2840=LINE('',#14389,#3759);
#2841=LINE('',#14391,#3760);
#2842=LINE('',#14393,#3761);
#2843=LINE('',#14396,#3762);
#2844=LINE('',#14398,#3763);
#2845=LINE('',#14400,#3764);
#2846=LINE('',#14402,#3765);
#2847=LINE('',#14404,#3766);
#2848=LINE('',#14406,#3767);
#2849=LINE('',#14408,#3768);
#2850=LINE('',#14410,#3769);
#2851=LINE('',#14411,#3770);
#2852=LINE('',#14413,#3771);
#2853=LINE('',#14415,#3772);
#2854=LINE('',#14418,#3773);
#2855=LINE('',#14419,#3774);
#2856=LINE('',#14421,#3775);
#2857=LINE('',#14423,#3776);
#2858=LINE('',#14426,#3777);
#2859=LINE('',#14428,#3778);
#2860=LINE('',#14430,#3779);
#2861=LINE('',#14432,#3780);
#2862=LINE('',#14434,#3781);
#2863=LINE('',#14436,#3782);
#2864=LINE('',#14438,#3783);
#2865=LINE('',#14440,#3784);
#2866=LINE('',#14442,#3785);
#2867=LINE('',#14443,#3786);
#2868=LINE('',#14445,#3787);
#2869=LINE('',#14447,#3788);
#2870=LINE('',#14450,#3789);
#2871=LINE('',#14452,#3790);
#2872=LINE('',#14454,#3791);
#2873=LINE('',#14456,#3792);
#2874=LINE('',#14458,#3793);
#2875=LINE('',#14459,#3794);
#2876=LINE('',#14461,#3795);
#2877=LINE('',#14463,#3796);
#2878=LINE('',#14466,#3797);
#2879=LINE('',#14468,#3798);
#2880=LINE('',#14470,#3799);
#2881=LINE('',#14472,#3800);
#2882=LINE('',#14474,#3801);
#2883=LINE('',#14476,#3802);
#2884=VECTOR('',#9685,0.999999999999556);
#2885=VECTOR('',#9686,1.0000000000001);
#2886=VECTOR('',#9687,0.999999999999903);
#2887=VECTOR('',#9688,1.00000000000023);
#2888=VECTOR('',#9689,0.9999999999999);
#2889=VECTOR('',#9690,1.00000000000018);
#2890=VECTOR('',#9691,1.00000000000058);
#2891=VECTOR('',#9692,0.9999999999996);
#2892=VECTOR('',#9693,1.00000000000009);
#2893=VECTOR('',#9694,1.00000000000042);
#2894=VECTOR('',#9695,0.99999999999952);
#2895=VECTOR('',#9696,0.99999999999968);
#2896=VECTOR('',#9697,0.99999999999934);
#2897=VECTOR('',#9698,1.);
#2898=VECTOR('',#9699,0.999999999999863);
#2899=VECTOR('',#9700,0.999999999999903);
#2900=VECTOR('',#9701,1.00000000000017);
#2901=VECTOR('',#9702,0.999999999999526);
#2902=VECTOR('',#9703,1.);
#2903=VECTOR('',#9704,0.999999999999546);
#2904=VECTOR('',#9705,0.999999999999686);
#2905=VECTOR('',#9706,0.999999999999973);
#2906=VECTOR('',#9707,0.999999999999619);
#2907=VECTOR('',#9708,1.00000000000034);
#2908=VECTOR('',#9709,0.999999999999921);
#2909=VECTOR('',#9710,1.00000000000002);
#2910=VECTOR('',#9711,1.00000000000007);
#2911=VECTOR('',#9712,0.999999999999623);
#2912=VECTOR('',#9713,1.);
#2913=VECTOR('',#9714,0.999999999999725);
#2914=VECTOR('',#9715,1.00000000000004);
#2915=VECTOR('',#9716,0.99999999999968);
#2916=VECTOR('',#9717,0.999999999999984);
#2917=VECTOR('',#9718,0.9999999999999);
#2918=VECTOR('',#9719,0.999999999999863);
#2919=VECTOR('',#9720,0.999999999999451);
#2920=VECTOR('',#9721,1.00000000000017);
#2921=VECTOR('',#9722,1.00000000000037);
#2922=VECTOR('',#9723,1.);
#2923=VECTOR('',#9724,0.999999999999617);
#2924=VECTOR('',#9725,0.999999999999963);
#2925=VECTOR('',#9726,0.99999999999998);
#2926=VECTOR('',#9727,1.00000000000007);
#2927=VECTOR('',#9728,1.00000000000034);
#2928=VECTOR('',#9729,0.999999999999992);
#2929=VECTOR('',#9730,1.00000000000039);
#2930=VECTOR('',#9731,1.0000000000004);
#2931=VECTOR('',#9732,1.);
#2932=VECTOR('',#9733,0.999999999999532);
#2933=VECTOR('',#9734,1.0000000000001);
#2934=VECTOR('',#9735,0.999999999999903);
#2935=VECTOR('',#9736,1.00000000000004);
#2936=VECTOR('',#9737,1.);
#2937=VECTOR('',#9738,0.999999999999975);
#2938=VECTOR('',#9739,1.00000000000058);
#2939=VECTOR('',#9740,0.9999999999996);
#2940=VECTOR('',#9741,0.999999999999973);
#2941=VECTOR('',#9742,0.999999999999375);
#2942=VECTOR('',#9743,0.99999999999952);
#2943=VECTOR('',#9744,1.00000000000058);
#2944=VECTOR('',#9745,1.00000000000016);
#2945=VECTOR('',#9746,0.9999999999999);
#2946=VECTOR('',#9747,1.00000000000004);
#2947=VECTOR('',#9748,1.00000000000039);
#2948=VECTOR('',#9749,1.00000000000017);
#2949=VECTOR('',#9750,0.99999999999963);
#2950=VECTOR('',#9751,1.);
#2951=VECTOR('',#9752,1.00000000000026);
#2952=VECTOR('',#9753,1.00000000000053);
#2953=VECTOR('',#9754,1.00000000000013);
#2954=VECTOR('',#9755,1.00000000000027);
#2955=VECTOR('',#9756,1.00000000000051);
#2956=VECTOR('',#9757,0.999999999999619);
#2957=VECTOR('',#9758,0.999999999999367);
#2958=VECTOR('',#9759,1.00000000000025);
#2959=VECTOR('',#9760,1.00000000000045);
#2960=VECTOR('',#9761,1.00000000000007);
#2961=VECTOR('',#9762,0.999999999999974);
#2962=VECTOR('',#9763,1.00000000000004);
#2963=VECTOR('',#9764,1.00000000000007);
#2964=VECTOR('',#9765,1.00000000000045);
#2965=VECTOR('',#9766,1.00000000000025);
#2966=VECTOR('',#9767,1.00000000000006);
#2967=VECTOR('',#9768,0.999999999999619);
#2968=VECTOR('',#9769,0.99999999999998);
#2969=VECTOR('',#9770,0.999999999999963);
#2970=VECTOR('',#9771,0.999999999999714);
#2971=VECTOR('',#9772,0.999999999999719);
#2972=VECTOR('',#9773,0.999999999999754);
#2973=VECTOR('',#9774,1.00000000000023);
#2974=VECTOR('',#9775,1.00000000000034);
#2975=VECTOR('',#9776,1.00000000000025);
#2976=VECTOR('',#9777,0.999999999999584);
#2977=VECTOR('',#9778,0.999999999999462);
#2978=VECTOR('',#9779,0.999999999999859);
#2979=VECTOR('',#9780,1.0000000000003);
#2980=VECTOR('',#9781,1.0000000000002);
#2981=VECTOR('',#9782,1.);
#2982=VECTOR('',#9783,0.999999999999594);
#2983=VECTOR('',#9784,1.00000000000022);
#2984=VECTOR('',#9785,0.999999999999736);
#2985=VECTOR('',#9786,0.999999999999514);
#2986=VECTOR('',#9787,0.999999999999988);
#2987=VECTOR('',#9788,1.00000000000034);
#2988=VECTOR('',#9789,1.00000000000035);
#2989=VECTOR('',#9790,0.999999999999606);
#2990=VECTOR('',#9791,1.);
#2991=VECTOR('',#9792,0.999999999999578);
#2992=VECTOR('',#9793,0.999999999999517);
#2993=VECTOR('',#9794,1.00000000000006);
#2994=VECTOR('',#9795,1.00000000000002);
#2995=VECTOR('',#9796,0.999999999999756);
#2996=VECTOR('',#9797,1.0000000000002);
#2997=VECTOR('',#9798,0.999999999999771);
#2998=VECTOR('',#9799,1.00000000000022);
#2999=VECTOR('',#9800,1.00000000000004);
#3000=VECTOR('',#9801,1.00000000000006);
#3001=VECTOR('',#9802,0.999999999999639);
#3002=VECTOR('',#9803,1.00000000000023);
#3003=VECTOR('',#9804,1.00000000000002);
#3004=VECTOR('',#9805,0.999999999999903);
#3005=VECTOR('',#9806,0.999999999999767);
#3006=VECTOR('',#9807,0.999999999999877);
#3007=VECTOR('',#9808,0.999999999999875);
#3008=VECTOR('',#9809,1.0000000000002);
#3009=VECTOR('',#9810,0.999999999999832);
#3010=VECTOR('',#9811,0.999999999999929);
#3011=VECTOR('',#9812,1.00000000000047);
#3012=VECTOR('',#9813,0.999999999999866);
#3013=VECTOR('',#9814,0.999999999999502);
#3014=VECTOR('',#9815,1.00000000000007);
#3015=VECTOR('',#9816,1.0000000000005);
#3016=VECTOR('',#9817,1.00000000000023);
#3017=VECTOR('',#9818,0.999999999999951);
#3018=VECTOR('',#9819,0.999999999999868);
#3019=VECTOR('',#9820,1.00000000000019);
#3020=VECTOR('',#9821,1.0000000000004);
#3021=VECTOR('',#9822,0.999999999999678);
#3022=VECTOR('',#9823,0.999999999999803);
#3023=VECTOR('',#9824,1.00000000000038);
#3024=VECTOR('',#9825,1.00000000000041);
#3025=VECTOR('',#9826,1.00000000000045);
#3026=VECTOR('',#9827,1.0000000000005);
#3027=VECTOR('',#9828,1.00000000000016);
#3028=VECTOR('',#9829,1.00000000000032);
#3029=VECTOR('',#9830,0.999999999999975);
#3030=VECTOR('',#9831,0.999999999999987);
#3031=VECTOR('',#9832,1.0000000000005);
#3032=VECTOR('',#9833,1.0000000000001);
#3033=VECTOR('',#9834,0.999999999999986);
#3034=VECTOR('',#9835,1.00000000000004);
#3035=VECTOR('',#9836,1.);
#3036=VECTOR('',#9837,0.999999999999758);
#3037=VECTOR('',#9838,0.999999999999894);
#3038=VECTOR('',#9839,0.99999999999999);
#3039=VECTOR('',#9840,0.999999999999963);
#3040=VECTOR('',#9841,1.00000000000051);
#3041=VECTOR('',#9842,1.00000000000019);
#3042=VECTOR('',#9843,1.00000000000006);
#3043=VECTOR('',#9844,1.00000000000006);
#3044=VECTOR('',#9845,0.999999999999547);
#3045=VECTOR('',#9846,1.0000000000004);
#3046=VECTOR('',#9847,1.);
#3047=VECTOR('',#9850,0.999999999999725);
#3048=VECTOR('',#9851,1.00000000000007);
#3049=VECTOR('',#9852,0.999999999999725);
#3050=VECTOR('',#9853,1.00000000000007);
#3051=VECTOR('',#9870,0.999999999999727);
#3052=VECTOR('',#9871,0.999999999999632);
#3053=VECTOR('',#9872,0.999999999999727);
#3054=VECTOR('',#9873,0.999999999999632);
#3055=VECTOR('',#9876,1.);
#3056=VECTOR('',#9877,1.);
#3057=VECTOR('',#9878,1.);
#3058=VECTOR('',#9879,1.);
#3059=VECTOR('',#9896,1.);
#3060=VECTOR('',#9899,1.);
#3061=VECTOR('',#9906,1.);
#3062=VECTOR('',#9909,1.);
#3063=VECTOR('',#9912,1.);
#3064=VECTOR('',#9915,1.);
#3065=VECTOR('',#9920,1.);
#3066=VECTOR('',#9923,1.);
#3067=VECTOR('',#9924,1.);
#3068=VECTOR('',#9925,1.);
#3069=VECTOR('',#9926,1.);
#3070=VECTOR('',#9927,1.);
#3071=VECTOR('',#9950,1.);
#3072=VECTOR('',#9951,1.);
#3073=VECTOR('',#9952,1.);
#3074=VECTOR('',#9953,1.);
#3075=VECTOR('',#9970,1.);
#3076=VECTOR('',#9971,1.);
#3077=VECTOR('',#9972,1.);
#3078=VECTOR('',#9973,1.);
#3079=VECTOR('',#9974,1.);
#3080=VECTOR('',#9975,1.);
#3081=VECTOR('',#9976,1.);
#3082=VECTOR('',#9977,1.);
#3083=VECTOR('',#9994,1.);
#3084=VECTOR('',#9995,1.);
#3085=VECTOR('',#9996,1.);
#3086=VECTOR('',#9997,1.);
#3087=VECTOR('',#10006,1.);
#3088=VECTOR('',#10007,1.);
#3089=VECTOR('',#10008,1.);
#3090=VECTOR('',#10009,1.);
#3091=VECTOR('',#10036,1.);
#3092=VECTOR('',#10037,1.);
#3093=VECTOR('',#10038,1.);
#3094=VECTOR('',#10039,1.);
#3095=VECTOR('',#10070,1.);
#3096=VECTOR('',#10071,1.);
#3097=VECTOR('',#10072,1.);
#3098=VECTOR('',#10073,1.);
#3099=VECTOR('',#10102,1.);
#3100=VECTOR('',#10103,1.);
#3101=VECTOR('',#10104,1.);
#3102=VECTOR('',#10105,1.);
#3103=VECTOR('',#10120,1.);
#3104=VECTOR('',#10121,1.);
#3105=VECTOR('',#10122,1.);
#3106=VECTOR('',#10123,1.);
#3107=VECTOR('',#10138,1.);
#3108=VECTOR('',#10139,1.);
#3109=VECTOR('',#10140,1.);
#3110=VECTOR('',#10141,1.);
#3111=VECTOR('',#10142,1.);
#3112=VECTOR('',#10143,1.);
#3113=VECTOR('',#10144,1.);
#3114=VECTOR('',#10145,1.);
#3115=VECTOR('',#10162,1.);
#3116=VECTOR('',#10163,1.);
#3117=VECTOR('',#10164,1.);
#3118=VECTOR('',#10165,1.);
#3119=VECTOR('',#10174,1.);
#3120=VECTOR('',#10175,1.);
#3121=VECTOR('',#10176,1.);
#3122=VECTOR('',#10177,1.);
#3123=VECTOR('',#10192,1.);
#3124=VECTOR('',#10193,1.);
#3125=VECTOR('',#10194,1.);
#3126=VECTOR('',#10195,1.);
#3127=VECTOR('',#10196,1.);
#3128=VECTOR('',#10197,1.);
#3129=VECTOR('',#10198,1.);
#3130=VECTOR('',#10199,1.);
#3131=VECTOR('',#10216,1.);
#3132=VECTOR('',#10217,1.);
#3133=VECTOR('',#10218,1.);
#3134=VECTOR('',#10219,1.);
#3135=VECTOR('',#10228,1.);
#3136=VECTOR('',#10229,1.);
#3137=VECTOR('',#10230,1.);
#3138=VECTOR('',#10231,1.);
#3139=VECTOR('',#10246,1.);
#3140=VECTOR('',#10247,1.);
#3141=VECTOR('',#10248,1.00000000000039);
#3142=VECTOR('',#10251,1.);
#3143=VECTOR('',#10252,1.0000000000004);
#3144=VECTOR('',#10255,1.);
#3145=VECTOR('',#10256,0.999999999999992);
#3146=VECTOR('',#10259,1.);
#3147=VECTOR('',#10260,1.0000000000004);
#3148=VECTOR('',#10261,0.999999999999547);
#3149=VECTOR('',#10262,1.00000000000006);
#3150=VECTOR('',#10263,1.00000000000006);
#3151=VECTOR('',#10264,1.00000000000019);
#3152=VECTOR('',#10265,1.00000000000051);
#3153=VECTOR('',#10266,0.999999999999963);
#3154=VECTOR('',#10267,0.99999999999999);
#3155=VECTOR('',#10268,0.999999999999894);
#3156=VECTOR('',#10269,0.999999999999758);
#3157=VECTOR('',#10270,1.);
#3158=VECTOR('',#10271,1.00000000000004);
#3159=VECTOR('',#10272,0.999999999999986);
#3160=VECTOR('',#10273,1.0000000000001);
#3161=VECTOR('',#10274,1.0000000000005);
#3162=VECTOR('',#10275,0.999999999999987);
#3163=VECTOR('',#10276,0.999999999999975);
#3164=VECTOR('',#10277,1.00000000000032);
#3165=VECTOR('',#10278,1.00000000000016);
#3166=VECTOR('',#10279,1.0000000000005);
#3167=VECTOR('',#10280,1.00000000000045);
#3168=VECTOR('',#10281,1.00000000000041);
#3169=VECTOR('',#10282,1.00000000000038);
#3170=VECTOR('',#10283,0.999999999999803);
#3171=VECTOR('',#10284,0.999999999999678);
#3172=VECTOR('',#10285,1.0000000000004);
#3173=VECTOR('',#10286,1.00000000000019);
#3174=VECTOR('',#10287,0.999999999999868);
#3175=VECTOR('',#10288,0.999999999999951);
#3176=VECTOR('',#10289,1.00000000000023);
#3177=VECTOR('',#10290,1.0000000000005);
#3178=VECTOR('',#10291,1.00000000000007);
#3179=VECTOR('',#10292,0.999999999999502);
#3180=VECTOR('',#10293,0.999999999999866);
#3181=VECTOR('',#10294,1.00000000000047);
#3182=VECTOR('',#10295,0.999999999999929);
#3183=VECTOR('',#10296,0.999999999999832);
#3184=VECTOR('',#10297,1.0000000000002);
#3185=VECTOR('',#10298,0.999999999999875);
#3186=VECTOR('',#10299,0.999999999999877);
#3187=VECTOR('',#10300,0.999999999999767);
#3188=VECTOR('',#10301,0.999999999999903);
#3189=VECTOR('',#10302,1.00000000000002);
#3190=VECTOR('',#10303,1.00000000000023);
#3191=VECTOR('',#10304,0.999999999999639);
#3192=VECTOR('',#10305,1.00000000000006);
#3193=VECTOR('',#10306,1.00000000000004);
#3194=VECTOR('',#10307,1.00000000000022);
#3195=VECTOR('',#10308,0.999999999999771);
#3196=VECTOR('',#10309,1.0000000000002);
#3197=VECTOR('',#10310,0.999999999999756);
#3198=VECTOR('',#10311,1.00000000000002);
#3199=VECTOR('',#10312,1.00000000000006);
#3200=VECTOR('',#10313,0.999999999999517);
#3201=VECTOR('',#10314,0.999999999999578);
#3202=VECTOR('',#10315,1.);
#3203=VECTOR('',#10316,0.999999999999606);
#3204=VECTOR('',#10317,1.00000000000035);
#3205=VECTOR('',#10318,1.00000000000034);
#3206=VECTOR('',#10319,0.999999999999988);
#3207=VECTOR('',#10320,0.999999999999514);
#3208=VECTOR('',#10321,0.999999999999736);
#3209=VECTOR('',#10322,1.00000000000022);
#3210=VECTOR('',#10323,0.999999999999594);
#3211=VECTOR('',#10324,1.);
#3212=VECTOR('',#10325,1.0000000000002);
#3213=VECTOR('',#10326,1.0000000000003);
#3214=VECTOR('',#10327,0.999999999999859);
#3215=VECTOR('',#10328,0.999999999999462);
#3216=VECTOR('',#10329,0.999999999999584);
#3217=VECTOR('',#10330,1.00000000000025);
#3218=VECTOR('',#10331,1.00000000000034);
#3219=VECTOR('',#10332,1.00000000000023);
#3220=VECTOR('',#10333,0.999999999999754);
#3221=VECTOR('',#10334,0.999999999999719);
#3222=VECTOR('',#10335,0.999999999999714);
#3223=VECTOR('',#10336,0.999999999999963);
#3224=VECTOR('',#10337,0.99999999999998);
#3225=VECTOR('',#10338,0.999999999999619);
#3226=VECTOR('',#10339,1.00000000000006);
#3227=VECTOR('',#10340,1.00000000000025);
#3228=VECTOR('',#10341,1.00000000000045);
#3229=VECTOR('',#10342,1.00000000000007);
#3230=VECTOR('',#10343,1.00000000000004);
#3231=VECTOR('',#10344,0.999999999999974);
#3232=VECTOR('',#10345,1.00000000000007);
#3233=VECTOR('',#10346,1.00000000000045);
#3234=VECTOR('',#10347,1.00000000000025);
#3235=VECTOR('',#10348,0.999999999999366);
#3236=VECTOR('',#10349,0.999999999999619);
#3237=VECTOR('',#10350,1.00000000000051);
#3238=VECTOR('',#10351,1.00000000000027);
#3239=VECTOR('',#10352,1.00000000000013);
#3240=VECTOR('',#10353,1.00000000000053);
#3241=VECTOR('',#10354,1.00000000000026);
#3242=VECTOR('',#10355,1.);
#3243=VECTOR('',#10356,1.);
#3244=VECTOR('',#10357,0.99999999999963);
#3245=VECTOR('',#10358,1.00000000000017);
#3246=VECTOR('',#10359,1.00000000000039);
#3247=VECTOR('',#10360,1.00000000000004);
#3248=VECTOR('',#10361,0.9999999999999);
#3249=VECTOR('',#10362,1.00000000000016);
#3250=VECTOR('',#10363,1.00000000000058);
#3251=VECTOR('',#10364,0.99999999999952);
#3252=VECTOR('',#10365,0.999999999999375);
#3253=VECTOR('',#10366,0.999999999999973);
#3254=VECTOR('',#10367,0.9999999999996);
#3255=VECTOR('',#10368,1.00000000000058);
#3256=VECTOR('',#10369,0.999999999999975);
#3257=VECTOR('',#10370,1.);
#3258=VECTOR('',#10371,1.00000000000004);
#3259=VECTOR('',#10372,0.999999999999903);
#3260=VECTOR('',#10373,1.0000000000001);
#3261=VECTOR('',#10374,0.999999999999532);
#3262=VECTOR('',#10375,1.);
#3263=VECTOR('',#10376,1.00000000000034);
#3264=VECTOR('',#10377,1.00000000000007);
#3265=VECTOR('',#10378,0.99999999999998);
#3266=VECTOR('',#10379,0.999999999999963);
#3267=VECTOR('',#10380,0.999999999999617);
#3268=VECTOR('',#10381,1.);
#3269=VECTOR('',#10382,1.00000000000037);
#3270=VECTOR('',#10383,1.00000000000017);
#3271=VECTOR('',#10384,0.999999999999451);
#3272=VECTOR('',#10385,0.999999999999863);
#3273=VECTOR('',#10386,0.9999999999999);
#3274=VECTOR('',#10387,0.999999999999984);
#3275=VECTOR('',#10388,0.99999999999968);
#3276=VECTOR('',#10389,1.00000000000004);
#3277=VECTOR('',#10390,0.999999999999725);
#3278=VECTOR('',#10391,1.);
#3279=VECTOR('',#10392,0.999999999999623);
#3280=VECTOR('',#10393,1.00000000000007);
#3281=VECTOR('',#10394,1.00000000000002);
#3282=VECTOR('',#10395,0.999999999999921);
#3283=VECTOR('',#10396,1.00000000000034);
#3284=VECTOR('',#10397,0.999999999999619);
#3285=VECTOR('',#10398,0.999999999999973);
#3286=VECTOR('',#10399,0.999999999999686);
#3287=VECTOR('',#10400,0.999999999999546);
#3288=VECTOR('',#10401,1.);
#3289=VECTOR('',#10402,0.999999999999526);
#3290=VECTOR('',#10403,1.00000000000017);
#3291=VECTOR('',#10404,0.999999999999903);
#3292=VECTOR('',#10405,0.999999999999863);
#3293=VECTOR('',#10406,1.);
#3294=VECTOR('',#10407,0.99999999999934);
#3295=VECTOR('',#10408,0.99999999999968);
#3296=VECTOR('',#10409,0.99999999999952);
#3297=VECTOR('',#10410,1.00000000000042);
#3298=VECTOR('',#10411,1.00000000000009);
#3299=VECTOR('',#10412,0.9999999999996);
#3300=VECTOR('',#10413,1.00000000000058);
#3301=VECTOR('',#10414,1.00000000000018);
#3302=VECTOR('',#10415,0.9999999999999);
#3303=VECTOR('',#10416,1.00000000000023);
#3304=VECTOR('',#10417,0.999999999999903);
#3305=VECTOR('',#10418,1.0000000000001);
#3306=VECTOR('',#10419,0.999999999999556);
#3307=VECTOR('',#10422,0.999999999999725);
#3308=VECTOR('',#10423,1.00000000000007);
#3309=VECTOR('',#10424,0.999999999999725);
#3310=VECTOR('',#10425,1.00000000000007);
#3311=VECTOR('',#10442,0.999999999999727);
#3312=VECTOR('',#10443,0.999999999999632);
#3313=VECTOR('',#10444,0.999999999999727);
#3314=VECTOR('',#10445,0.999999999999632);
#3315=VECTOR('',#10448,1.);
#3316=VECTOR('',#10449,1.);
#3317=VECTOR('',#10450,1.);
#3318=VECTOR('',#10451,1.);
#3319=VECTOR('',#10468,1.);
#3320=VECTOR('',#10471,1.);
#3321=VECTOR('',#10478,1.);
#3322=VECTOR('',#10481,1.);
#3323=VECTOR('',#10484,1.);
#3324=VECTOR('',#10487,1.);
#3325=VECTOR('',#10492,1.);
#3326=VECTOR('',#10495,1.);
#3327=VECTOR('',#10496,1.);
#3328=VECTOR('',#10497,1.);
#3329=VECTOR('',#10498,1.);
#3330=VECTOR('',#10499,1.);
#3331=VECTOR('',#10522,1.);
#3332=VECTOR('',#10523,1.);
#3333=VECTOR('',#10524,1.);
#3334=VECTOR('',#10525,1.);
#3335=VECTOR('',#10542,1.);
#3336=VECTOR('',#10543,1.);
#3337=VECTOR('',#10544,1.);
#3338=VECTOR('',#10545,1.);
#3339=VECTOR('',#10546,1.);
#3340=VECTOR('',#10547,1.);
#3341=VECTOR('',#10548,1.);
#3342=VECTOR('',#10549,1.);
#3343=VECTOR('',#10566,1.);
#3344=VECTOR('',#10567,1.);
#3345=VECTOR('',#10568,1.);
#3346=VECTOR('',#10569,1.);
#3347=VECTOR('',#10578,1.);
#3348=VECTOR('',#10579,1.);
#3349=VECTOR('',#10580,1.);
#3350=VECTOR('',#10581,1.);
#3351=VECTOR('',#10608,1.);
#3352=VECTOR('',#10609,1.);
#3353=VECTOR('',#10610,1.);
#3354=VECTOR('',#10611,1.);
#3355=VECTOR('',#10642,1.);
#3356=VECTOR('',#10643,1.);
#3357=VECTOR('',#10644,1.);
#3358=VECTOR('',#10645,1.);
#3359=VECTOR('',#10674,1.);
#3360=VECTOR('',#10675,1.);
#3361=VECTOR('',#10676,1.);
#3362=VECTOR('',#10677,1.);
#3363=VECTOR('',#10692,1.);
#3364=VECTOR('',#10693,1.);
#3365=VECTOR('',#10694,1.);
#3366=VECTOR('',#10695,1.);
#3367=VECTOR('',#10710,1.);
#3368=VECTOR('',#10711,1.);
#3369=VECTOR('',#10712,1.);
#3370=VECTOR('',#10713,1.);
#3371=VECTOR('',#10714,1.);
#3372=VECTOR('',#10715,1.);
#3373=VECTOR('',#10716,1.);
#3374=VECTOR('',#10717,1.);
#3375=VECTOR('',#10734,1.);
#3376=VECTOR('',#10735,1.);
#3377=VECTOR('',#10736,1.);
#3378=VECTOR('',#10737,1.);
#3379=VECTOR('',#10746,1.);
#3380=VECTOR('',#10747,1.);
#3381=VECTOR('',#10748,1.);
#3382=VECTOR('',#10749,1.);
#3383=VECTOR('',#10764,1.);
#3384=VECTOR('',#10765,1.);
#3385=VECTOR('',#10766,1.);
#3386=VECTOR('',#10767,1.);
#3387=VECTOR('',#10768,1.);
#3388=VECTOR('',#10769,1.);
#3389=VECTOR('',#10770,1.);
#3390=VECTOR('',#10771,1.);
#3391=VECTOR('',#10788,1.);
#3392=VECTOR('',#10789,1.);
#3393=VECTOR('',#10790,1.);
#3394=VECTOR('',#10791,1.);
#3395=VECTOR('',#10800,1.);
#3396=VECTOR('',#10801,1.);
#3397=VECTOR('',#10802,1.);
#3398=VECTOR('',#10803,1.);
#3399=VECTOR('',#10818,10.);
#3400=VECTOR('',#10821,10.);
#3401=VECTOR('',#10824,10.);
#3402=VECTOR('',#10827,10.);
#3403=VECTOR('',#10830,10.);
#3404=VECTOR('',#10833,10.);
#3405=VECTOR('',#10836,10.);
#3406=VECTOR('',#10839,10.);
#3407=VECTOR('',#10842,10.);
#3408=VECTOR('',#10845,10.);
#3409=VECTOR('',#10848,10.);
#3410=VECTOR('',#10851,10.);
#3411=VECTOR('',#10854,10.);
#3412=VECTOR('',#10857,10.);
#3413=VECTOR('',#10860,10.);
#3414=VECTOR('',#10863,10.);
#3415=VECTOR('',#10866,10.);
#3416=VECTOR('',#10869,10.);
#3417=VECTOR('',#10872,10.);
#3418=VECTOR('',#10875,10.);
#3419=VECTOR('',#10878,10.);
#3420=VECTOR('',#10881,10.);
#3421=VECTOR('',#10884,10.);
#3422=VECTOR('',#10887,10.);
#3423=VECTOR('',#10890,10.);
#3424=VECTOR('',#10893,10.);
#3425=VECTOR('',#10896,10.);
#3426=VECTOR('',#10899,10.);
#3427=VECTOR('',#10902,10.);
#3428=VECTOR('',#10905,10.);
#3429=VECTOR('',#10908,10.);
#3430=VECTOR('',#10911,10.);
#3431=VECTOR('',#10914,10.);
#3432=VECTOR('',#10917,10.);
#3433=VECTOR('',#10920,10.);
#3434=VECTOR('',#10923,10.);
#3435=VECTOR('',#10926,10.);
#3436=VECTOR('',#10929,10.);
#3437=VECTOR('',#10932,10.);
#3438=VECTOR('',#10935,10.);
#3439=VECTOR('',#10936,1.);
#3440=VECTOR('',#10939,10.);
#3441=VECTOR('',#10942,10.);
#3442=VECTOR('',#10945,10.);
#3443=VECTOR('',#10948,10.);
#3444=VECTOR('',#10951,10.);
#3445=VECTOR('',#10954,10.);
#3446=VECTOR('',#10957,10.);
#3447=VECTOR('',#10960,10.);
#3448=VECTOR('',#10963,10.);
#3449=VECTOR('',#10966,10.);
#3450=VECTOR('',#10969,10.);
#3451=VECTOR('',#10972,10.);
#3452=VECTOR('',#10975,10.);
#3453=VECTOR('',#10978,10.);
#3454=VECTOR('',#10981,10.);
#3455=VECTOR('',#10984,10.);
#3456=VECTOR('',#10987,10.);
#3457=VECTOR('',#10990,10.);
#3458=VECTOR('',#10993,10.);
#3459=VECTOR('',#10996,10.);
#3460=VECTOR('',#10999,10.);
#3461=VECTOR('',#11002,10.);
#3462=VECTOR('',#11005,10.);
#3463=VECTOR('',#11008,10.);
#3464=VECTOR('',#11011,10.);
#3465=VECTOR('',#11014,10.);
#3466=VECTOR('',#11017,10.);
#3467=VECTOR('',#11020,10.);
#3468=VECTOR('',#11023,10.);
#3469=VECTOR('',#11026,10.);
#3470=VECTOR('',#11029,10.);
#3471=VECTOR('',#11032,10.);
#3472=VECTOR('',#11035,10.);
#3473=VECTOR('',#11038,10.);
#3474=VECTOR('',#11041,10.);
#3475=VECTOR('',#11044,10.);
#3476=VECTOR('',#11047,10.);
#3477=VECTOR('',#11050,10.);
#3478=VECTOR('',#11053,10.);
#3479=VECTOR('',#11056,10.);
#3480=VECTOR('',#11059,10.);
#3481=VECTOR('',#11062,10.);
#3482=VECTOR('',#11065,10.);
#3483=VECTOR('',#11068,10.);
#3484=VECTOR('',#11071,10.);
#3485=VECTOR('',#11074,10.);
#3486=VECTOR('',#11077,1.);
#3487=VECTOR('',#11080,10.);
#3488=VECTOR('',#11083,10.);
#3489=VECTOR('',#11086,10.);
#3490=VECTOR('',#11089,10.);
#3491=VECTOR('',#11092,10.);
#3492=VECTOR('',#11095,10.);
#3493=VECTOR('',#11098,10.);
#3494=VECTOR('',#11101,10.);
#3495=VECTOR('',#11104,10.);
#3496=VECTOR('',#11107,10.);
#3497=VECTOR('',#11110,10.);
#3498=VECTOR('',#11113,10.);
#3499=VECTOR('',#11116,10.);
#3500=VECTOR('',#11119,10.);
#3501=VECTOR('',#11122,10.);
#3502=VECTOR('',#11125,10.);
#3503=VECTOR('',#11128,10.);
#3504=VECTOR('',#11131,10.);
#3505=VECTOR('',#11134,10.);
#3506=VECTOR('',#11137,10.);
#3507=VECTOR('',#11140,10.);
#3508=VECTOR('',#11143,10.);
#3509=VECTOR('',#11146,10.);
#3510=VECTOR('',#11149,10.);
#3511=VECTOR('',#11152,10.);
#3512=VECTOR('',#11155,10.);
#3513=VECTOR('',#11158,10.);
#3514=VECTOR('',#11161,10.);
#3515=VECTOR('',#11164,10.);
#3516=VECTOR('',#11167,10.);
#3517=VECTOR('',#11170,10.);
#3518=VECTOR('',#11173,10.);
#3519=VECTOR('',#11176,10.);
#3520=VECTOR('',#11179,10.);
#3521=VECTOR('',#11182,10.);
#3522=VECTOR('',#11185,10.);
#3523=VECTOR('',#11188,10.);
#3524=VECTOR('',#11191,10.);
#3525=VECTOR('',#11194,10.);
#3526=VECTOR('',#11197,10.);
#3527=VECTOR('',#11200,10.);
#3528=VECTOR('',#11203,10.);
#3529=VECTOR('',#11206,10.);
#3530=VECTOR('',#11209,10.);
#3531=VECTOR('',#11212,10.);
#3532=VECTOR('',#11215,10.);
#3533=VECTOR('',#11218,10.);
#3534=VECTOR('',#11221,10.);
#3535=VECTOR('',#11224,10.);
#3536=VECTOR('',#11227,10.);
#3537=VECTOR('',#11230,10.);
#3538=VECTOR('',#11233,10.);
#3539=VECTOR('',#11236,10.);
#3540=VECTOR('',#11239,10.);
#3541=VECTOR('',#11242,10.);
#3542=VECTOR('',#11245,10.);
#3543=VECTOR('',#11248,10.);
#3544=VECTOR('',#11251,10.);
#3545=VECTOR('',#11254,10.);
#3546=VECTOR('',#11257,10.);
#3547=VECTOR('',#11260,10.);
#3548=VECTOR('',#11263,10.);
#3549=VECTOR('',#11266,10.);
#3550=VECTOR('',#11269,10.);
#3551=VECTOR('',#11272,10.);
#3552=VECTOR('',#11275,10.);
#3553=VECTOR('',#11278,10.);
#3554=VECTOR('',#11281,10.);
#3555=VECTOR('',#11284,10.);
#3556=VECTOR('',#11287,10.);
#3557=VECTOR('',#11290,10.);
#3558=VECTOR('',#11293,10.);
#3559=VECTOR('',#11298,0.95);
#3560=VECTOR('',#11301,10.);
#3561=VECTOR('',#11302,1.);
#3562=VECTOR('',#11305,10.);
#3563=VECTOR('',#11308,10.);
#3564=VECTOR('',#11313,2.05);
#3565=VECTOR('',#11316,0.95);
#3566=VECTOR('',#11319,1.5);
#3567=VECTOR('',#11322,0.95);
#3568=VECTOR('',#11325,1.5);
#3569=VECTOR('',#11328,1.1);
#3570=VECTOR('',#11331,2.15);
#3571=VECTOR('',#11334,1.5);
#3572=VECTOR('',#11337,10.);
#3573=VECTOR('',#11338,1.);
#3574=VECTOR('',#11341,10.);
#3575=VECTOR('',#11344,10.);
#3576=VECTOR('',#11349,2.05);
#3577=VECTOR('',#11352,10.);
#3578=VECTOR('',#11353,1.);
#3579=VECTOR('',#11356,10.);
#3580=VECTOR('',#11359,10.);
#3581=VECTOR('',#11364,1.5);
#3582=VECTOR('',#11367,0.95);
#3583=VECTOR('',#11370,0.95);
#3584=VECTOR('',#11373,1.5);
#3585=VECTOR('',#11376,2.05);
#3586=VECTOR('',#11379,0.95);
#3587=VECTOR('',#11382,1.5);
#3588=VECTOR('',#11385,10.);
#3589=VECTOR('',#11386,1.);
#3590=VECTOR('',#11389,10.);
#3591=VECTOR('',#11392,10.);
#3592=VECTOR('',#11397,0.6);
#3593=VECTOR('',#11400,0.6);
#3594=VECTOR('',#11403,10.);
#3595=VECTOR('',#11404,1.);
#3596=VECTOR('',#11407,10.);
#3597=VECTOR('',#11410,10.);
#3598=VECTOR('',#11415,10.);
#3599=VECTOR('',#11416,1.);
#3600=VECTOR('',#11419,10.);
#3601=VECTOR('',#11422,10.);
#3602=VECTOR('',#11427,1.1);
#3603=VECTOR('',#11430,10.);
#3604=VECTOR('',#11431,1.);
#3605=VECTOR('',#11434,10.);
#3606=VECTOR('',#11437,10.);
#3607=VECTOR('',#11442,10.);
#3608=VECTOR('',#11443,1.);
#3609=VECTOR('',#11446,10.);
#3610=VECTOR('',#11449,10.);
#3611=VECTOR('',#11454,0.95);
#3612=VECTOR('',#11457,2.05);
#3613=VECTOR('',#11460,0.65);
#3614=VECTOR('',#11463,0.4064);
#3615=VECTOR('',#11466,0.4064);
#3616=VECTOR('',#11469,0.4064);
#3617=VECTOR('',#11472,0.4064);
#3618=VECTOR('',#11475,0.65);
#3619=VECTOR('',#11478,1.5);
#3620=VECTOR('',#11481,1.5);
#3621=VECTOR('',#11484,0.95);
#3622=VECTOR('',#11487,10.);
#3623=VECTOR('',#11488,1.);
#3624=VECTOR('',#11491,10.);
#3625=VECTOR('',#11494,10.);
#3626=VECTOR('',#11499,0.95);
#3627=VECTOR('',#11502,2.05);
#3628=VECTOR('',#11505,1.5);
#3629=VECTOR('',#11508,0.95);
#3630=VECTOR('',#11511,0.95);
#3631=VECTOR('',#11514,1.5);
#3632=VECTOR('',#11517,1.5);
#3633=VECTOR('',#11520,2.15);
#3634=VECTOR('',#11523,10.);
#3635=VECTOR('',#11524,1.);
#3636=VECTOR('',#11527,10.);
#3637=VECTOR('',#11530,10.);
#3638=VECTOR('',#11535,10.);
#3639=VECTOR('',#11536,1.);
#3640=VECTOR('',#11539,10.);
#3641=VECTOR('',#11542,10.);
#3642=VECTOR('',#11547,2.05);
#3643=VECTOR('',#11550,0.95);
#3644=VECTOR('',#11553,0.95);
#3645=VECTOR('',#11556,1.5);
#3646=VECTOR('',#11559,2.05);
#3647=VECTOR('',#11562,1.5);
#3648=VECTOR('',#11565,0.95);
#3649=VECTOR('',#11568,1.5);
#3650=VECTOR('',#11571,10.);
#3651=VECTOR('',#11572,1.);
#3652=VECTOR('',#11575,10.);
#3653=VECTOR('',#11578,10.);
#3654=VECTOR('',#11583,0.95);
#3655=VECTOR('',#11586,2.05);
#3656=VECTOR('',#11589,1.5);
#3657=VECTOR('',#11592,0.95);
#3658=VECTOR('',#11595,10.);
#3659=VECTOR('',#11596,1.);
#3660=VECTOR('',#11599,10.);
#3661=VECTOR('',#11602,10.);
#3662=VECTOR('',#11607,0.95);
#3663=VECTOR('',#11610,1.5);
#3664=VECTOR('',#11613,2.05);
#3665=VECTOR('',#11616,0.95);
#3666=VECTOR('',#11619,1.5);
#3667=VECTOR('',#11622,1.5);
#3668=VECTOR('',#11625,2.15);
#3669=VECTOR('',#11628,0.4064);
#3670=VECTOR('',#11631,0.4064);
#3671=VECTOR('',#11634,0.4064);
#3672=VECTOR('',#11637,0.4064);
#3673=VECTOR('',#11640,0.4064);
#3674=VECTOR('',#11643,0.4064);
#3675=VECTOR('',#11646,10.);
#3676=VECTOR('',#11647,1.);
#3677=VECTOR('',#11650,10.);
#3678=VECTOR('',#11653,10.);
#3679=VECTOR('',#11658,0.4064);
#3680=VECTOR('',#11661,0.4064);
#3681=VECTOR('',#11664,0.95);
#3682=VECTOR('',#11667,2.05);
#3683=VECTOR('',#11670,0.4064);
#3684=VECTOR('',#11673,0.4064);
#3685=VECTOR('',#11676,0.4064);
#3686=VECTOR('',#11679,0.4064);
#3687=VECTOR('',#11682,0.4064);
#3688=VECTOR('',#11685,0.4064);
#3689=VECTOR('',#11688,1.5);
#3690=VECTOR('',#11691,1.5);
#3691=VECTOR('',#11694,0.4064);
#3692=VECTOR('',#11697,0.4064);
#3693=VECTOR('',#11700,0.95);
#3694=VECTOR('',#11703,10.);
#3695=VECTOR('',#11704,1.);
#3696=VECTOR('',#11707,10.);
#3697=VECTOR('',#11710,10.);
#3698=VECTOR('',#11715,0.95);
#3699=VECTOR('',#11718,2.05);
#3700=VECTOR('',#11721,1.5);
#3701=VECTOR('',#11724,2.15);
#3702=VECTOR('',#11727,0.95);
#3703=VECTOR('',#11730,0.95);
#3704=VECTOR('',#11733,1.5);
#3705=VECTOR('',#11736,1.5);
#3706=VECTOR('',#11739,0.4064);
#3707=VECTOR('',#11742,0.4064);
#3708=VECTOR('',#11745,0.4064);
#3709=VECTOR('',#11748,0.4064);
#3710=VECTOR('',#11751,0.4064);
#3711=VECTOR('',#11754,0.4064);
#3712=VECTOR('',#11757,10.);
#3713=VECTOR('',#11758,1.);
#3714=VECTOR('',#11761,10.);
#3715=VECTOR('',#11764,10.);
#3716=VECTOR('',#11769,0.4064);
#3717=VECTOR('',#11772,0.4064);
#3718=VECTOR('',#11775,0.95);
#3719=VECTOR('',#11778,2.05);
#3720=VECTOR('',#11781,1.5);
#3721=VECTOR('',#11784,1.5);
#3722=VECTOR('',#11787,0.95);
#3723=VECTOR('',#11790,10.);
#3724=VECTOR('',#11791,1.);
#3725=VECTOR('',#11794,10.);
#3726=VECTOR('',#11797,10.);
#3727=VECTOR('',#11802,0.95);
#3728=VECTOR('',#11805,2.05);
#3729=VECTOR('',#11808,1.5);
#3730=VECTOR('',#11811,0.95);
#3731=VECTOR('',#11814,0.95);
#3732=VECTOR('',#11817,1.5);
#3733=VECTOR('',#11820,1.5);
#3734=VECTOR('',#11823,10.);
#3735=VECTOR('',#11824,1.);
#3736=VECTOR('',#11827,10.);
#3737=VECTOR('',#11830,10.);
#3738=VECTOR('',#11835,10.);
#3739=VECTOR('',#11836,1.);
#3740=VECTOR('',#11839,10.);
#3741=VECTOR('',#11842,10.);
#3742=VECTOR('',#11847,2.05);
#3743=VECTOR('',#11850,0.95);
#3744=VECTOR('',#11853,0.95);
#3745=VECTOR('',#11856,1.5);
#3746=VECTOR('',#11859,2.05);
#3747=VECTOR('',#11862,1.5);
#3748=VECTOR('',#11865,0.95);
#3749=VECTOR('',#11868,1.5);
#3750=VECTOR('',#11871,10.);
#3751=VECTOR('',#11872,1.);
#3752=VECTOR('',#11875,10.);
#3753=VECTOR('',#11878,10.);
#3754=VECTOR('',#11883,0.95);
#3755=VECTOR('',#11886,2.05);
#3756=VECTOR('',#11889,1.5);
#3757=VECTOR('',#11892,0.95);
#3758=VECTOR('',#11895,10.);
#3759=VECTOR('',#11896,1.);
#3760=VECTOR('',#11899,10.);
#3761=VECTOR('',#11902,10.);
#3762=VECTOR('',#11907,0.95);
#3763=VECTOR('',#11910,1.5);
#3764=VECTOR('',#11913,2.05);
#3765=VECTOR('',#11916,0.95);
#3766=VECTOR('',#11919,1.5);
#3767=VECTOR('',#11922,1.5);
#3768=VECTOR('',#11925,2.15);
#3769=VECTOR('',#11928,10.);
#3770=VECTOR('',#11929,1.);
#3771=VECTOR('',#11932,10.);
#3772=VECTOR('',#11935,10.);
#3773=VECTOR('',#11940,10.);
#3774=VECTOR('',#11941,1.);
#3775=VECTOR('',#11944,10.);
#3776=VECTOR('',#11947,10.);
#3777=VECTOR('',#11952,2.05);
#3778=VECTOR('',#11955,0.95);
#3779=VECTOR('',#11958,0.95);
#3780=VECTOR('',#11961,1.5);
#3781=VECTOR('',#11964,2.05);
#3782=VECTOR('',#11967,1.5);
#3783=VECTOR('',#11970,0.95);
#3784=VECTOR('',#11973,1.5);
#3785=VECTOR('',#11976,10.);
#3786=VECTOR('',#11977,1.);
#3787=VECTOR('',#11980,10.);
#3788=VECTOR('',#11983,10.);
#3789=VECTOR('',#11988,0.95);
#3790=VECTOR('',#11991,2.05);
#3791=VECTOR('',#11994,1.5);
#3792=VECTOR('',#11997,0.95);
#3793=VECTOR('',#12000,10.);
#3794=VECTOR('',#12001,1.);
#3795=VECTOR('',#12004,10.);
#3796=VECTOR('',#12007,10.);
#3797=VECTOR('',#12012,0.95);
#3798=VECTOR('',#12015,1.5);
#3799=VECTOR('',#12018,2.05);
#3800=VECTOR('',#12021,0.95);
#3801=VECTOR('',#12024,1.5);
#3802=VECTOR('',#12027,1.5);
#3803=VERTEX_POINT('',#12030);
#3804=VERTEX_POINT('',#12031);
#3805=VERTEX_POINT('',#12033);
#3806=VERTEX_POINT('',#12035);
#3807=VERTEX_POINT('',#12037);
#3808=VERTEX_POINT('',#12039);
#3809=VERTEX_POINT('',#12041);
#3810=VERTEX_POINT('',#12043);
#3811=VERTEX_POINT('',#12045);
#3812=VERTEX_POINT('',#12047);
#3813=VERTEX_POINT('',#12049);
#3814=VERTEX_POINT('',#12051);
#3815=VERTEX_POINT('',#12053);
#3816=VERTEX_POINT('',#12055);
#3817=VERTEX_POINT('',#12057);
#3818=VERTEX_POINT('',#12059);
#3819=VERTEX_POINT('',#12061);
#3820=VERTEX_POINT('',#12063);
#3821=VERTEX_POINT('',#12065);
#3822=VERTEX_POINT('',#12067);
#3823=VERTEX_POINT('',#12069);
#3824=VERTEX_POINT('',#12071);
#3825=VERTEX_POINT('',#12073);
#3826=VERTEX_POINT('',#12075);
#3827=VERTEX_POINT('',#12077);
#3828=VERTEX_POINT('',#12079);
#3829=VERTEX_POINT('',#12081);
#3830=VERTEX_POINT('',#12083);
#3831=VERTEX_POINT('',#12085);
#3832=VERTEX_POINT('',#12087);
#3833=VERTEX_POINT('',#12089);
#3834=VERTEX_POINT('',#12091);
#3835=VERTEX_POINT('',#12093);
#3836=VERTEX_POINT('',#12095);
#3837=VERTEX_POINT('',#12097);
#3838=VERTEX_POINT('',#12099);
#3839=VERTEX_POINT('',#12101);
#3840=VERTEX_POINT('',#12103);
#3841=VERTEX_POINT('',#12105);
#3842=VERTEX_POINT('',#12107);
#3843=VERTEX_POINT('',#12109);
#3844=VERTEX_POINT('',#12111);
#3845=VERTEX_POINT('',#12113);
#3846=VERTEX_POINT('',#12115);
#3847=VERTEX_POINT('',#12117);
#3848=VERTEX_POINT('',#12119);
#3849=VERTEX_POINT('',#12121);
#3850=VERTEX_POINT('',#12123);
#3851=VERTEX_POINT('',#12125);
#3852=VERTEX_POINT('',#12127);
#3853=VERTEX_POINT('',#12129);
#3854=VERTEX_POINT('',#12131);
#3855=VERTEX_POINT('',#12133);
#3856=VERTEX_POINT('',#12135);
#3857=VERTEX_POINT('',#12137);
#3858=VERTEX_POINT('',#12139);
#3859=VERTEX_POINT('',#12141);
#3860=VERTEX_POINT('',#12143);
#3861=VERTEX_POINT('',#12145);
#3862=VERTEX_POINT('',#12147);
#3863=VERTEX_POINT('',#12149);
#3864=VERTEX_POINT('',#12151);
#3865=VERTEX_POINT('',#12153);
#3866=VERTEX_POINT('',#12155);
#3867=VERTEX_POINT('',#12157);
#3868=VERTEX_POINT('',#12159);
#3869=VERTEX_POINT('',#12161);
#3870=VERTEX_POINT('',#12163);
#3871=VERTEX_POINT('',#12165);
#3872=VERTEX_POINT('',#12167);
#3873=VERTEX_POINT('',#12169);
#3874=VERTEX_POINT('',#12171);
#3875=VERTEX_POINT('',#12173);
#3876=VERTEX_POINT('',#12175);
#3877=VERTEX_POINT('',#12177);
#3878=VERTEX_POINT('',#12179);
#3879=VERTEX_POINT('',#12181);
#3880=VERTEX_POINT('',#12183);
#3881=VERTEX_POINT('',#12185);
#3882=VERTEX_POINT('',#12187);
#3883=VERTEX_POINT('',#12189);
#3884=VERTEX_POINT('',#12191);
#3885=VERTEX_POINT('',#12193);
#3886=VERTEX_POINT('',#12195);
#3887=VERTEX_POINT('',#12197);
#3888=VERTEX_POINT('',#12199);
#3889=VERTEX_POINT('',#12201);
#3890=VERTEX_POINT('',#12203);
#3891=VERTEX_POINT('',#12205);
#3892=VERTEX_POINT('',#12207);
#3893=VERTEX_POINT('',#12209);
#3894=VERTEX_POINT('',#12211);
#3895=VERTEX_POINT('',#12213);
#3896=VERTEX_POINT('',#12215);
#3897=VERTEX_POINT('',#12217);
#3898=VERTEX_POINT('',#12219);
#3899=VERTEX_POINT('',#12221);
#3900=VERTEX_POINT('',#12223);
#3901=VERTEX_POINT('',#12225);
#3902=VERTEX_POINT('',#12227);
#3903=VERTEX_POINT('',#12229);
#3904=VERTEX_POINT('',#12231);
#3905=VERTEX_POINT('',#12233);
#3906=VERTEX_POINT('',#12235);
#3907=VERTEX_POINT('',#12237);
#3908=VERTEX_POINT('',#12239);
#3909=VERTEX_POINT('',#12241);
#3910=VERTEX_POINT('',#12243);
#3911=VERTEX_POINT('',#12245);
#3912=VERTEX_POINT('',#12247);
#3913=VERTEX_POINT('',#12249);
#3914=VERTEX_POINT('',#12251);
#3915=VERTEX_POINT('',#12253);
#3916=VERTEX_POINT('',#12255);
#3917=VERTEX_POINT('',#12257);
#3918=VERTEX_POINT('',#12259);
#3919=VERTEX_POINT('',#12261);
#3920=VERTEX_POINT('',#12263);
#3921=VERTEX_POINT('',#12265);
#3922=VERTEX_POINT('',#12267);
#3923=VERTEX_POINT('',#12269);
#3924=VERTEX_POINT('',#12271);
#3925=VERTEX_POINT('',#12273);
#3926=VERTEX_POINT('',#12275);
#3927=VERTEX_POINT('',#12277);
#3928=VERTEX_POINT('',#12279);
#3929=VERTEX_POINT('',#12281);
#3930=VERTEX_POINT('',#12283);
#3931=VERTEX_POINT('',#12285);
#3932=VERTEX_POINT('',#12287);
#3933=VERTEX_POINT('',#12289);
#3934=VERTEX_POINT('',#12291);
#3935=VERTEX_POINT('',#12293);
#3936=VERTEX_POINT('',#12295);
#3937=VERTEX_POINT('',#12297);
#3938=VERTEX_POINT('',#12299);
#3939=VERTEX_POINT('',#12301);
#3940=VERTEX_POINT('',#12303);
#3941=VERTEX_POINT('',#12305);
#3942=VERTEX_POINT('',#12307);
#3943=VERTEX_POINT('',#12309);
#3944=VERTEX_POINT('',#12311);
#3945=VERTEX_POINT('',#12313);
#3946=VERTEX_POINT('',#12315);
#3947=VERTEX_POINT('',#12317);
#3948=VERTEX_POINT('',#12319);
#3949=VERTEX_POINT('',#12321);
#3950=VERTEX_POINT('',#12323);
#3951=VERTEX_POINT('',#12325);
#3952=VERTEX_POINT('',#12327);
#3953=VERTEX_POINT('',#12329);
#3954=VERTEX_POINT('',#12331);
#3955=VERTEX_POINT('',#12333);
#3956=VERTEX_POINT('',#12335);
#3957=VERTEX_POINT('',#12337);
#3958=VERTEX_POINT('',#12339);
#3959=VERTEX_POINT('',#12341);
#3960=VERTEX_POINT('',#12343);
#3961=VERTEX_POINT('',#12345);
#3962=VERTEX_POINT('',#12347);
#3963=VERTEX_POINT('',#12349);
#3964=VERTEX_POINT('',#12351);
#3965=VERTEX_POINT('',#12353);
#3966=VERTEX_POINT('',#12356);
#3967=VERTEX_POINT('',#12358);
#3968=VERTEX_POINT('',#12359);
#3969=VERTEX_POINT('',#12361);
#3970=VERTEX_POINT('',#12363);
#3971=VERTEX_POINT('',#12366);
#3972=VERTEX_POINT('',#12368);
#3973=VERTEX_POINT('',#12370);
#3974=VERTEX_POINT('',#12372);
#3975=VERTEX_POINT('',#12374);
#3976=VERTEX_POINT('',#12376);
#3977=VERTEX_POINT('',#12378);
#3978=VERTEX_POINT('',#12380);
#3979=VERTEX_POINT('',#12382);
#3980=VERTEX_POINT('',#12383);
#3981=VERTEX_POINT('',#12385);
#3982=VERTEX_POINT('',#12387);
#3983=VERTEX_POINT('',#12390);
#3984=VERTEX_POINT('',#12392);
#3985=VERTEX_POINT('',#12393);
#3986=VERTEX_POINT('',#12395);
#3987=VERTEX_POINT('',#12397);
#3988=VERTEX_POINT('',#12400);
#3989=VERTEX_POINT('',#12402);
#3990=VERTEX_POINT('',#12404);
#3991=VERTEX_POINT('',#12406);
#3992=VERTEX_POINT('',#12408);
#3993=VERTEX_POINT('',#12410);
#3994=VERTEX_POINT('',#12412);
#3995=VERTEX_POINT('',#12414);
#3996=VERTEX_POINT('',#12415);
#3997=VERTEX_POINT('',#12417);
#3998=VERTEX_POINT('',#12419);
#3999=VERTEX_POINT('',#12422);
#4000=VERTEX_POINT('',#12424);
#4001=VERTEX_POINT('',#12426);
#4002=VERTEX_POINT('',#12427);
#4003=VERTEX_POINT('',#12429);
#4004=VERTEX_POINT('',#12431);
#4005=VERTEX_POINT('',#12434);
#4006=VERTEX_POINT('',#12435);
#4007=VERTEX_POINT('',#12437);
#4008=VERTEX_POINT('',#12439);
#4009=VERTEX_POINT('',#12442);
#4010=VERTEX_POINT('',#12444);
#4011=VERTEX_POINT('',#12445);
#4012=VERTEX_POINT('',#12447);
#4013=VERTEX_POINT('',#12449);
#4014=VERTEX_POINT('',#12452);
#4015=VERTEX_POINT('',#12453);
#4016=VERTEX_POINT('',#12455);
#4017=VERTEX_POINT('',#12457);
#4018=VERTEX_POINT('',#12460);
#4019=VERTEX_POINT('',#12462);
#4020=VERTEX_POINT('',#12464);
#4021=VERTEX_POINT('',#12466);
#4022=VERTEX_POINT('',#12468);
#4023=VERTEX_POINT('',#12470);
#4024=VERTEX_POINT('',#12472);
#4025=VERTEX_POINT('',#12474);
#4026=VERTEX_POINT('',#12476);
#4027=VERTEX_POINT('',#12478);
#4028=VERTEX_POINT('',#12480);
#4029=VERTEX_POINT('',#12482);
#4030=VERTEX_POINT('',#12483);
#4031=VERTEX_POINT('',#12485);
#4032=VERTEX_POINT('',#12487);
#4033=VERTEX_POINT('',#12490);
#4034=VERTEX_POINT('',#12492);
#4035=VERTEX_POINT('',#12494);
#4036=VERTEX_POINT('',#12496);
#4037=VERTEX_POINT('',#12498);
#4038=VERTEX_POINT('',#12500);
#4039=VERTEX_POINT('',#12502);
#4040=VERTEX_POINT('',#12504);
#4041=VERTEX_POINT('',#12506);
#4042=VERTEX_POINT('',#12507);
#4043=VERTEX_POINT('',#12509);
#4044=VERTEX_POINT('',#12511);
#4045=VERTEX_POINT('',#12514);
#4046=VERTEX_POINT('',#12515);
#4047=VERTEX_POINT('',#12517);
#4048=VERTEX_POINT('',#12519);
#4049=VERTEX_POINT('',#12522);
#4050=VERTEX_POINT('',#12524);
#4051=VERTEX_POINT('',#12526);
#4052=VERTEX_POINT('',#12528);
#4053=VERTEX_POINT('',#12530);
#4054=VERTEX_POINT('',#12532);
#4055=VERTEX_POINT('',#12534);
#4056=VERTEX_POINT('',#12536);
#4057=VERTEX_POINT('',#12538);
#4058=VERTEX_POINT('',#12539);
#4059=VERTEX_POINT('',#12541);
#4060=VERTEX_POINT('',#12543);
#4061=VERTEX_POINT('',#12546);
#4062=VERTEX_POINT('',#12548);
#4063=VERTEX_POINT('',#12550);
#4064=VERTEX_POINT('',#12552);
#4065=VERTEX_POINT('',#12554);
#4066=VERTEX_POINT('',#12555);
#4067=VERTEX_POINT('',#12557);
#4068=VERTEX_POINT('',#12559);
#4069=VERTEX_POINT('',#12562);
#4070=VERTEX_POINT('',#12564);
#4071=VERTEX_POINT('',#12566);
#4072=VERTEX_POINT('',#12568);
#4073=VERTEX_POINT('',#12570);
#4074=VERTEX_POINT('',#12572);
#4075=VERTEX_POINT('',#12574);
#4076=VERTEX_POINT('',#12576);
#4077=VERTEX_POINT('',#12578);
#4078=VERTEX_POINT('',#12580);
#4079=VERTEX_POINT('',#12582);
#4080=VERTEX_POINT('',#12584);
#4081=VERTEX_POINT('',#12586);
#4082=VERTEX_POINT('',#12588);
#4083=VERTEX_POINT('',#12589);
#4084=VERTEX_POINT('',#12591);
#4085=VERTEX_POINT('',#12593);
#4086=VERTEX_POINT('',#12596);
#4087=VERTEX_POINT('',#12598);
#4088=VERTEX_POINT('',#12600);
#4089=VERTEX_POINT('',#12602);
#4090=VERTEX_POINT('',#12604);
#4091=VERTEX_POINT('',#12606);
#4092=VERTEX_POINT('',#12608);
#4093=VERTEX_POINT('',#12610);
#4094=VERTEX_POINT('',#12612);
#4095=VERTEX_POINT('',#12614);
#4096=VERTEX_POINT('',#12616);
#4097=VERTEX_POINT('',#12618);
#4098=VERTEX_POINT('',#12620);
#4099=VERTEX_POINT('',#12622);
#4100=VERTEX_POINT('',#12624);
#4101=VERTEX_POINT('',#12626);
#4102=VERTEX_POINT('',#12627);
#4103=VERTEX_POINT('',#12629);
#4104=VERTEX_POINT('',#12631);
#4105=VERTEX_POINT('',#12634);
#4106=VERTEX_POINT('',#12636);
#4107=VERTEX_POINT('',#12638);
#4108=VERTEX_POINT('',#12640);
#4109=VERTEX_POINT('',#12642);
#4110=VERTEX_POINT('',#12644);
#4111=VERTEX_POINT('',#12646);
#4112=VERTEX_POINT('',#12648);
#4113=VERTEX_POINT('',#12650);
#4114=VERTEX_POINT('',#12652);
#4115=VERTEX_POINT('',#12654);
#4116=VERTEX_POINT('',#12656);
#4117=VERTEX_POINT('',#12658);
#4118=VERTEX_POINT('',#12660);
#4119=VERTEX_POINT('',#12662);
#4120=VERTEX_POINT('',#12663);
#4121=VERTEX_POINT('',#12665);
#4122=VERTEX_POINT('',#12667);
#4123=VERTEX_POINT('',#12670);
#4124=VERTEX_POINT('',#12672);
#4125=VERTEX_POINT('',#12674);
#4126=VERTEX_POINT('',#12676);
#4127=VERTEX_POINT('',#12678);
#4128=VERTEX_POINT('',#12680);
#4129=VERTEX_POINT('',#12682);
#4130=VERTEX_POINT('',#12684);
#4131=VERTEX_POINT('',#12685);
#4132=VERTEX_POINT('',#12687);
#4133=VERTEX_POINT('',#12689);
#4134=VERTEX_POINT('',#12692);
#4135=VERTEX_POINT('',#12694);
#4136=VERTEX_POINT('',#12696);
#4137=VERTEX_POINT('',#12698);
#4138=VERTEX_POINT('',#12700);
#4139=VERTEX_POINT('',#12702);
#4140=VERTEX_POINT('',#12704);
#4141=VERTEX_POINT('',#12706);
#4142=VERTEX_POINT('',#12707);
#4143=VERTEX_POINT('',#12709);
#4144=VERTEX_POINT('',#12711);
#4145=VERTEX_POINT('',#12714);
#4146=VERTEX_POINT('',#12715);
#4147=VERTEX_POINT('',#12717);
#4148=VERTEX_POINT('',#12719);
#4149=VERTEX_POINT('',#12722);
#4150=VERTEX_POINT('',#12724);
#4151=VERTEX_POINT('',#12726);
#4152=VERTEX_POINT('',#12728);
#4153=VERTEX_POINT('',#12730);
#4154=VERTEX_POINT('',#12732);
#4155=VERTEX_POINT('',#12734);
#4156=VERTEX_POINT('',#12736);
#4157=VERTEX_POINT('',#12738);
#4158=VERTEX_POINT('',#12739);
#4159=VERTEX_POINT('',#12741);
#4160=VERTEX_POINT('',#12743);
#4161=VERTEX_POINT('',#12746);
#4162=VERTEX_POINT('',#12748);
#4163=VERTEX_POINT('',#12750);
#4164=VERTEX_POINT('',#12752);
#4165=VERTEX_POINT('',#12754);
#4166=VERTEX_POINT('',#12755);
#4167=VERTEX_POINT('',#12757);
#4168=VERTEX_POINT('',#12759);
#4169=VERTEX_POINT('',#12762);
#4170=VERTEX_POINT('',#12764);
#4171=VERTEX_POINT('',#12766);
#4172=VERTEX_POINT('',#12768);
#4173=VERTEX_POINT('',#12770);
#4174=VERTEX_POINT('',#12772);
#4175=VERTEX_POINT('',#12774);
#4176=VERTEX_POINT('',#12776);
#4177=VERTEX_POINT('',#12777);
#4178=VERTEX_POINT('',#12779);
#4179=VERTEX_POINT('',#12781);
#4180=VERTEX_POINT('',#12784);
#4181=VERTEX_POINT('',#12785);
#4182=VERTEX_POINT('',#12787);
#4183=VERTEX_POINT('',#12789);
#4184=VERTEX_POINT('',#12792);
#4185=VERTEX_POINT('',#12794);
#4186=VERTEX_POINT('',#12796);
#4187=VERTEX_POINT('',#12798);
#4188=VERTEX_POINT('',#12800);
#4189=VERTEX_POINT('',#12802);
#4190=VERTEX_POINT('',#12804);
#4191=VERTEX_POINT('',#12806);
#4192=VERTEX_POINT('',#12808);
#4193=VERTEX_POINT('',#12809);
#4194=VERTEX_POINT('',#12811);
#4195=VERTEX_POINT('',#12813);
#4196=VERTEX_POINT('',#12816);
#4197=VERTEX_POINT('',#12818);
#4198=VERTEX_POINT('',#12820);
#4199=VERTEX_POINT('',#12822);
#4200=VERTEX_POINT('',#12824);
#4201=VERTEX_POINT('',#12825);
#4202=VERTEX_POINT('',#12827);
#4203=VERTEX_POINT('',#12829);
#4204=VERTEX_POINT('',#12832);
#4205=VERTEX_POINT('',#12834);
#4206=VERTEX_POINT('',#12836);
#4207=VERTEX_POINT('',#12838);
#4208=VERTEX_POINT('',#12840);
#4209=VERTEX_POINT('',#12842);
#4210=VERTEX_POINT('',#12845);
#4211=VERTEX_POINT('',#12847);
#4212=VERTEX_POINT('',#12851);
#4213=VERTEX_POINT('',#12855);
#4214=VERTEX_POINT('',#12859);
#4215=VERTEX_POINT('',#12860);
#4216=VERTEX_POINT('',#12862);
#4217=VERTEX_POINT('',#12864);
#4218=VERTEX_POINT('',#12866);
#4219=VERTEX_POINT('',#12868);
#4220=VERTEX_POINT('',#12870);
#4221=VERTEX_POINT('',#12872);
#4222=VERTEX_POINT('',#12874);
#4223=VERTEX_POINT('',#12876);
#4224=VERTEX_POINT('',#12878);
#4225=VERTEX_POINT('',#12880);
#4226=VERTEX_POINT('',#12882);
#4227=VERTEX_POINT('',#12884);
#4228=VERTEX_POINT('',#12886);
#4229=VERTEX_POINT('',#12888);
#4230=VERTEX_POINT('',#12890);
#4231=VERTEX_POINT('',#12892);
#4232=VERTEX_POINT('',#12894);
#4233=VERTEX_POINT('',#12896);
#4234=VERTEX_POINT('',#12898);
#4235=VERTEX_POINT('',#12900);
#4236=VERTEX_POINT('',#12902);
#4237=VERTEX_POINT('',#12904);
#4238=VERTEX_POINT('',#12906);
#4239=VERTEX_POINT('',#12908);
#4240=VERTEX_POINT('',#12910);
#4241=VERTEX_POINT('',#12912);
#4242=VERTEX_POINT('',#12914);
#4243=VERTEX_POINT('',#12916);
#4244=VERTEX_POINT('',#12918);
#4245=VERTEX_POINT('',#12920);
#4246=VERTEX_POINT('',#12922);
#4247=VERTEX_POINT('',#12924);
#4248=VERTEX_POINT('',#12926);
#4249=VERTEX_POINT('',#12928);
#4250=VERTEX_POINT('',#12930);
#4251=VERTEX_POINT('',#12932);
#4252=VERTEX_POINT('',#12934);
#4253=VERTEX_POINT('',#12936);
#4254=VERTEX_POINT('',#12938);
#4255=VERTEX_POINT('',#12940);
#4256=VERTEX_POINT('',#12942);
#4257=VERTEX_POINT('',#12944);
#4258=VERTEX_POINT('',#12946);
#4259=VERTEX_POINT('',#12948);
#4260=VERTEX_POINT('',#12950);
#4261=VERTEX_POINT('',#12952);
#4262=VERTEX_POINT('',#12954);
#4263=VERTEX_POINT('',#12956);
#4264=VERTEX_POINT('',#12958);
#4265=VERTEX_POINT('',#12960);
#4266=VERTEX_POINT('',#12962);
#4267=VERTEX_POINT('',#12964);
#4268=VERTEX_POINT('',#12966);
#4269=VERTEX_POINT('',#12968);
#4270=VERTEX_POINT('',#12970);
#4271=VERTEX_POINT('',#12972);
#4272=VERTEX_POINT('',#12974);
#4273=VERTEX_POINT('',#12976);
#4274=VERTEX_POINT('',#12978);
#4275=VERTEX_POINT('',#12980);
#4276=VERTEX_POINT('',#12982);
#4277=VERTEX_POINT('',#12984);
#4278=VERTEX_POINT('',#12986);
#4279=VERTEX_POINT('',#12988);
#4280=VERTEX_POINT('',#12990);
#4281=VERTEX_POINT('',#12992);
#4282=VERTEX_POINT('',#12994);
#4283=VERTEX_POINT('',#12996);
#4284=VERTEX_POINT('',#12998);
#4285=VERTEX_POINT('',#13000);
#4286=VERTEX_POINT('',#13002);
#4287=VERTEX_POINT('',#13004);
#4288=VERTEX_POINT('',#13006);
#4289=VERTEX_POINT('',#13008);
#4290=VERTEX_POINT('',#13010);
#4291=VERTEX_POINT('',#13012);
#4292=VERTEX_POINT('',#13014);
#4293=VERTEX_POINT('',#13016);
#4294=VERTEX_POINT('',#13018);
#4295=VERTEX_POINT('',#13020);
#4296=VERTEX_POINT('',#13022);
#4297=VERTEX_POINT('',#13024);
#4298=VERTEX_POINT('',#13026);
#4299=VERTEX_POINT('',#13028);
#4300=VERTEX_POINT('',#13030);
#4301=VERTEX_POINT('',#13032);
#4302=VERTEX_POINT('',#13034);
#4303=VERTEX_POINT('',#13036);
#4304=VERTEX_POINT('',#13038);
#4305=VERTEX_POINT('',#13040);
#4306=VERTEX_POINT('',#13042);
#4307=VERTEX_POINT('',#13044);
#4308=VERTEX_POINT('',#13046);
#4309=VERTEX_POINT('',#13048);
#4310=VERTEX_POINT('',#13050);
#4311=VERTEX_POINT('',#13052);
#4312=VERTEX_POINT('',#13054);
#4313=VERTEX_POINT('',#13056);
#4314=VERTEX_POINT('',#13058);
#4315=VERTEX_POINT('',#13060);
#4316=VERTEX_POINT('',#13062);
#4317=VERTEX_POINT('',#13064);
#4318=VERTEX_POINT('',#13066);
#4319=VERTEX_POINT('',#13068);
#4320=VERTEX_POINT('',#13070);
#4321=VERTEX_POINT('',#13072);
#4322=VERTEX_POINT('',#13074);
#4323=VERTEX_POINT('',#13076);
#4324=VERTEX_POINT('',#13078);
#4325=VERTEX_POINT('',#13080);
#4326=VERTEX_POINT('',#13082);
#4327=VERTEX_POINT('',#13084);
#4328=VERTEX_POINT('',#13086);
#4329=VERTEX_POINT('',#13088);
#4330=VERTEX_POINT('',#13090);
#4331=VERTEX_POINT('',#13093);
#4332=VERTEX_POINT('',#13095);
#4333=VERTEX_POINT('',#13097);
#4334=VERTEX_POINT('',#13099);
#4335=VERTEX_POINT('',#13101);
#4336=VERTEX_POINT('',#13103);
#4337=VERTEX_POINT('',#13105);
#4338=VERTEX_POINT('',#13107);
#4339=VERTEX_POINT('',#13109);
#4340=VERTEX_POINT('',#13111);
#4341=VERTEX_POINT('',#13113);
#4342=VERTEX_POINT('',#13115);
#4343=VERTEX_POINT('',#13117);
#4344=VERTEX_POINT('',#13119);
#4345=VERTEX_POINT('',#13121);
#4346=VERTEX_POINT('',#13123);
#4347=VERTEX_POINT('',#13125);
#4348=VERTEX_POINT('',#13127);
#4349=VERTEX_POINT('',#13129);
#4350=VERTEX_POINT('',#13131);
#4351=VERTEX_POINT('',#13133);
#4352=VERTEX_POINT('',#13135);
#4353=VERTEX_POINT('',#13137);
#4354=VERTEX_POINT('',#13139);
#4355=VERTEX_POINT('',#13141);
#4356=VERTEX_POINT('',#13143);
#4357=VERTEX_POINT('',#13145);
#4358=VERTEX_POINT('',#13147);
#4359=VERTEX_POINT('',#13149);
#4360=VERTEX_POINT('',#13151);
#4361=VERTEX_POINT('',#13153);
#4362=VERTEX_POINT('',#13155);
#4363=VERTEX_POINT('',#13157);
#4364=VERTEX_POINT('',#13159);
#4365=VERTEX_POINT('',#13161);
#4366=VERTEX_POINT('',#13163);
#4367=VERTEX_POINT('',#13165);
#4368=VERTEX_POINT('',#13167);
#4369=VERTEX_POINT('',#13169);
#4370=VERTEX_POINT('',#13171);
#4371=VERTEX_POINT('',#13173);
#4372=VERTEX_POINT('',#13175);
#4373=VERTEX_POINT('',#13177);
#4374=VERTEX_POINT('',#13180);
#4375=VERTEX_POINT('',#13182);
#4376=VERTEX_POINT('',#13183);
#4377=VERTEX_POINT('',#13185);
#4378=VERTEX_POINT('',#13187);
#4379=VERTEX_POINT('',#13190);
#4380=VERTEX_POINT('',#13192);
#4381=VERTEX_POINT('',#13194);
#4382=VERTEX_POINT('',#13196);
#4383=VERTEX_POINT('',#13198);
#4384=VERTEX_POINT('',#13200);
#4385=VERTEX_POINT('',#13202);
#4386=VERTEX_POINT('',#13204);
#4387=VERTEX_POINT('',#13206);
#4388=VERTEX_POINT('',#13207);
#4389=VERTEX_POINT('',#13209);
#4390=VERTEX_POINT('',#13211);
#4391=VERTEX_POINT('',#13214);
#4392=VERTEX_POINT('',#13216);
#4393=VERTEX_POINT('',#13217);
#4394=VERTEX_POINT('',#13219);
#4395=VERTEX_POINT('',#13221);
#4396=VERTEX_POINT('',#13224);
#4397=VERTEX_POINT('',#13226);
#4398=VERTEX_POINT('',#13228);
#4399=VERTEX_POINT('',#13230);
#4400=VERTEX_POINT('',#13232);
#4401=VERTEX_POINT('',#13234);
#4402=VERTEX_POINT('',#13236);
#4403=VERTEX_POINT('',#13238);
#4404=VERTEX_POINT('',#13239);
#4405=VERTEX_POINT('',#13241);
#4406=VERTEX_POINT('',#13243);
#4407=VERTEX_POINT('',#13246);
#4408=VERTEX_POINT('',#13248);
#4409=VERTEX_POINT('',#13250);
#4410=VERTEX_POINT('',#13251);
#4411=VERTEX_POINT('',#13253);
#4412=VERTEX_POINT('',#13255);
#4413=VERTEX_POINT('',#13258);
#4414=VERTEX_POINT('',#13259);
#4415=VERTEX_POINT('',#13261);
#4416=VERTEX_POINT('',#13263);
#4417=VERTEX_POINT('',#13266);
#4418=VERTEX_POINT('',#13268);
#4419=VERTEX_POINT('',#13269);
#4420=VERTEX_POINT('',#13271);
#4421=VERTEX_POINT('',#13273);
#4422=VERTEX_POINT('',#13276);
#4423=VERTEX_POINT('',#13277);
#4424=VERTEX_POINT('',#13279);
#4425=VERTEX_POINT('',#13281);
#4426=VERTEX_POINT('',#13284);
#4427=VERTEX_POINT('',#13286);
#4428=VERTEX_POINT('',#13288);
#4429=VERTEX_POINT('',#13290);
#4430=VERTEX_POINT('',#13292);
#4431=VERTEX_POINT('',#13294);
#4432=VERTEX_POINT('',#13296);
#4433=VERTEX_POINT('',#13298);
#4434=VERTEX_POINT('',#13300);
#4435=VERTEX_POINT('',#13302);
#4436=VERTEX_POINT('',#13304);
#4437=VERTEX_POINT('',#13306);
#4438=VERTEX_POINT('',#13307);
#4439=VERTEX_POINT('',#13309);
#4440=VERTEX_POINT('',#13311);
#4441=VERTEX_POINT('',#13314);
#4442=VERTEX_POINT('',#13316);
#4443=VERTEX_POINT('',#13318);
#4444=VERTEX_POINT('',#13320);
#4445=VERTEX_POINT('',#13322);
#4446=VERTEX_POINT('',#13324);
#4447=VERTEX_POINT('',#13326);
#4448=VERTEX_POINT('',#13328);
#4449=VERTEX_POINT('',#13330);
#4450=VERTEX_POINT('',#13331);
#4451=VERTEX_POINT('',#13333);
#4452=VERTEX_POINT('',#13335);
#4453=VERTEX_POINT('',#13338);
#4454=VERTEX_POINT('',#13339);
#4455=VERTEX_POINT('',#13341);
#4456=VERTEX_POINT('',#13343);
#4457=VERTEX_POINT('',#13346);
#4458=VERTEX_POINT('',#13348);
#4459=VERTEX_POINT('',#13350);
#4460=VERTEX_POINT('',#13352);
#4461=VERTEX_POINT('',#13354);
#4462=VERTEX_POINT('',#13356);
#4463=VERTEX_POINT('',#13358);
#4464=VERTEX_POINT('',#13360);
#4465=VERTEX_POINT('',#13362);
#4466=VERTEX_POINT('',#13363);
#4467=VERTEX_POINT('',#13365);
#4468=VERTEX_POINT('',#13367);
#4469=VERTEX_POINT('',#13370);
#4470=VERTEX_POINT('',#13372);
#4471=VERTEX_POINT('',#13374);
#4472=VERTEX_POINT('',#13376);
#4473=VERTEX_POINT('',#13378);
#4474=VERTEX_POINT('',#13379);
#4475=VERTEX_POINT('',#13381);
#4476=VERTEX_POINT('',#13383);
#4477=VERTEX_POINT('',#13386);
#4478=VERTEX_POINT('',#13388);
#4479=VERTEX_POINT('',#13390);
#4480=VERTEX_POINT('',#13392);
#4481=VERTEX_POINT('',#13394);
#4482=VERTEX_POINT('',#13396);
#4483=VERTEX_POINT('',#13398);
#4484=VERTEX_POINT('',#13400);
#4485=VERTEX_POINT('',#13402);
#4486=VERTEX_POINT('',#13404);
#4487=VERTEX_POINT('',#13406);
#4488=VERTEX_POINT('',#13408);
#4489=VERTEX_POINT('',#13410);
#4490=VERTEX_POINT('',#13412);
#4491=VERTEX_POINT('',#13413);
#4492=VERTEX_POINT('',#13415);
#4493=VERTEX_POINT('',#13417);
#4494=VERTEX_POINT('',#13420);
#4495=VERTEX_POINT('',#13422);
#4496=VERTEX_POINT('',#13424);
#4497=VERTEX_POINT('',#13426);
#4498=VERTEX_POINT('',#13428);
#4499=VERTEX_POINT('',#13430);
#4500=VERTEX_POINT('',#13432);
#4501=VERTEX_POINT('',#13434);
#4502=VERTEX_POINT('',#13436);
#4503=VERTEX_POINT('',#13438);
#4504=VERTEX_POINT('',#13440);
#4505=VERTEX_POINT('',#13442);
#4506=VERTEX_POINT('',#13444);
#4507=VERTEX_POINT('',#13446);
#4508=VERTEX_POINT('',#13448);
#4509=VERTEX_POINT('',#13450);
#4510=VERTEX_POINT('',#13451);
#4511=VERTEX_POINT('',#13453);
#4512=VERTEX_POINT('',#13455);
#4513=VERTEX_POINT('',#13458);
#4514=VERTEX_POINT('',#13460);
#4515=VERTEX_POINT('',#13462);
#4516=VERTEX_POINT('',#13464);
#4517=VERTEX_POINT('',#13466);
#4518=VERTEX_POINT('',#13468);
#4519=VERTEX_POINT('',#13470);
#4520=VERTEX_POINT('',#13472);
#4521=VERTEX_POINT('',#13474);
#4522=VERTEX_POINT('',#13476);
#4523=VERTEX_POINT('',#13478);
#4524=VERTEX_POINT('',#13480);
#4525=VERTEX_POINT('',#13482);
#4526=VERTEX_POINT('',#13484);
#4527=VERTEX_POINT('',#13486);
#4528=VERTEX_POINT('',#13487);
#4529=VERTEX_POINT('',#13489);
#4530=VERTEX_POINT('',#13491);
#4531=VERTEX_POINT('',#13494);
#4532=VERTEX_POINT('',#13496);
#4533=VERTEX_POINT('',#13498);
#4534=VERTEX_POINT('',#13500);
#4535=VERTEX_POINT('',#13502);
#4536=VERTEX_POINT('',#13504);
#4537=VERTEX_POINT('',#13506);
#4538=VERTEX_POINT('',#13508);
#4539=VERTEX_POINT('',#13509);
#4540=VERTEX_POINT('',#13511);
#4541=VERTEX_POINT('',#13513);
#4542=VERTEX_POINT('',#13516);
#4543=VERTEX_POINT('',#13518);
#4544=VERTEX_POINT('',#13520);
#4545=VERTEX_POINT('',#13522);
#4546=VERTEX_POINT('',#13524);
#4547=VERTEX_POINT('',#13526);
#4548=VERTEX_POINT('',#13528);
#4549=VERTEX_POINT('',#13530);
#4550=VERTEX_POINT('',#13531);
#4551=VERTEX_POINT('',#13533);
#4552=VERTEX_POINT('',#13535);
#4553=VERTEX_POINT('',#13538);
#4554=VERTEX_POINT('',#13539);
#4555=VERTEX_POINT('',#13541);
#4556=VERTEX_POINT('',#13543);
#4557=VERTEX_POINT('',#13546);
#4558=VERTEX_POINT('',#13548);
#4559=VERTEX_POINT('',#13550);
#4560=VERTEX_POINT('',#13552);
#4561=VERTEX_POINT('',#13554);
#4562=VERTEX_POINT('',#13556);
#4563=VERTEX_POINT('',#13558);
#4564=VERTEX_POINT('',#13560);
#4565=VERTEX_POINT('',#13562);
#4566=VERTEX_POINT('',#13563);
#4567=VERTEX_POINT('',#13565);
#4568=VERTEX_POINT('',#13567);
#4569=VERTEX_POINT('',#13570);
#4570=VERTEX_POINT('',#13572);
#4571=VERTEX_POINT('',#13574);
#4572=VERTEX_POINT('',#13576);
#4573=VERTEX_POINT('',#13578);
#4574=VERTEX_POINT('',#13579);
#4575=VERTEX_POINT('',#13581);
#4576=VERTEX_POINT('',#13583);
#4577=VERTEX_POINT('',#13586);
#4578=VERTEX_POINT('',#13588);
#4579=VERTEX_POINT('',#13590);
#4580=VERTEX_POINT('',#13592);
#4581=VERTEX_POINT('',#13594);
#4582=VERTEX_POINT('',#13596);
#4583=VERTEX_POINT('',#13598);
#4584=VERTEX_POINT('',#13600);
#4585=VERTEX_POINT('',#13601);
#4586=VERTEX_POINT('',#13603);
#4587=VERTEX_POINT('',#13605);
#4588=VERTEX_POINT('',#13608);
#4589=VERTEX_POINT('',#13609);
#4590=VERTEX_POINT('',#13611);
#4591=VERTEX_POINT('',#13613);
#4592=VERTEX_POINT('',#13616);
#4593=VERTEX_POINT('',#13618);
#4594=VERTEX_POINT('',#13620);
#4595=VERTEX_POINT('',#13622);
#4596=VERTEX_POINT('',#13624);
#4597=VERTEX_POINT('',#13626);
#4598=VERTEX_POINT('',#13628);
#4599=VERTEX_POINT('',#13630);
#4600=VERTEX_POINT('',#13632);
#4601=VERTEX_POINT('',#13633);
#4602=VERTEX_POINT('',#13635);
#4603=VERTEX_POINT('',#13637);
#4604=VERTEX_POINT('',#13640);
#4605=VERTEX_POINT('',#13642);
#4606=VERTEX_POINT('',#13644);
#4607=VERTEX_POINT('',#13646);
#4608=VERTEX_POINT('',#13648);
#4609=VERTEX_POINT('',#13649);
#4610=VERTEX_POINT('',#13651);
#4611=VERTEX_POINT('',#13653);
#4612=VERTEX_POINT('',#13656);
#4613=VERTEX_POINT('',#13658);
#4614=VERTEX_POINT('',#13660);
#4615=VERTEX_POINT('',#13662);
#4616=VERTEX_POINT('',#13664);
#4617=VERTEX_POINT('',#13666);
#4618=VERTEX_POINT('',#13748);
#4619=EDGE_CURVE('',#3803,#3804,#1965,.T.);
#4620=EDGE_CURVE('',#3804,#3805,#1966,.T.);
#4621=EDGE_CURVE('',#3805,#3806,#1967,.T.);
#4622=EDGE_CURVE('',#3806,#3807,#1968,.T.);
#4623=EDGE_CURVE('',#3807,#3808,#1969,.T.);
#4624=EDGE_CURVE('',#3808,#3809,#1970,.T.);
#4625=EDGE_CURVE('',#3809,#3810,#1971,.T.);
#4626=EDGE_CURVE('',#3810,#3811,#1972,.T.);
#4627=EDGE_CURVE('',#3811,#3812,#1973,.T.);
#4628=EDGE_CURVE('',#3812,#3813,#1974,.T.);
#4629=EDGE_CURVE('',#3813,#3814,#1975,.T.);
#4630=EDGE_CURVE('',#3814,#3815,#1976,.T.);
#4631=EDGE_CURVE('',#3815,#3816,#1977,.T.);
#4632=EDGE_CURVE('',#3816,#3817,#1978,.T.);
#4633=EDGE_CURVE('',#3817,#3818,#1979,.T.);
#4634=EDGE_CURVE('',#3818,#3819,#1980,.T.);
#4635=EDGE_CURVE('',#3819,#3820,#1981,.T.);
#4636=EDGE_CURVE('',#3820,#3821,#1982,.T.);
#4637=EDGE_CURVE('',#3821,#3822,#1983,.T.);
#4638=EDGE_CURVE('',#3822,#3823,#1984,.T.);
#4639=EDGE_CURVE('',#3823,#3824,#1985,.T.);
#4640=EDGE_CURVE('',#3824,#3825,#1986,.T.);
#4641=EDGE_CURVE('',#3825,#3826,#1987,.T.);
#4642=EDGE_CURVE('',#3826,#3827,#1988,.T.);
#4643=EDGE_CURVE('',#3827,#3828,#1989,.T.);
#4644=EDGE_CURVE('',#3828,#3829,#1990,.T.);
#4645=EDGE_CURVE('',#3829,#3830,#1991,.T.);
#4646=EDGE_CURVE('',#3830,#3831,#1992,.T.);
#4647=EDGE_CURVE('',#3831,#3832,#1993,.T.);
#4648=EDGE_CURVE('',#3832,#3833,#1994,.T.);
#4649=EDGE_CURVE('',#3833,#3834,#1995,.T.);
#4650=EDGE_CURVE('',#3834,#3835,#1996,.T.);
#4651=EDGE_CURVE('',#3835,#3836,#1997,.T.);
#4652=EDGE_CURVE('',#3836,#3837,#1998,.T.);
#4653=EDGE_CURVE('',#3837,#3838,#1999,.T.);
#4654=EDGE_CURVE('',#3838,#3839,#2000,.T.);
#4655=EDGE_CURVE('',#3839,#3840,#2001,.T.);
#4656=EDGE_CURVE('',#3840,#3841,#2002,.T.);
#4657=EDGE_CURVE('',#3841,#3842,#2003,.T.);
#4658=EDGE_CURVE('',#3842,#3843,#2004,.T.);
#4659=EDGE_CURVE('',#3843,#3844,#2005,.T.);
#4660=EDGE_CURVE('',#3844,#3845,#2006,.T.);
#4661=EDGE_CURVE('',#3845,#3846,#2007,.T.);
#4662=EDGE_CURVE('',#3846,#3847,#2008,.T.);
#4663=EDGE_CURVE('',#3847,#3848,#2009,.T.);
#4664=EDGE_CURVE('',#3848,#3849,#2010,.T.);
#4665=EDGE_CURVE('',#3849,#3850,#2011,.T.);
#4666=EDGE_CURVE('',#3850,#3851,#2012,.T.);
#4667=EDGE_CURVE('',#3851,#3852,#2013,.T.);
#4668=EDGE_CURVE('',#3852,#3853,#2014,.T.);
#4669=EDGE_CURVE('',#3853,#3854,#2015,.T.);
#4670=EDGE_CURVE('',#3854,#3855,#2016,.T.);
#4671=EDGE_CURVE('',#3855,#3856,#2017,.T.);
#4672=EDGE_CURVE('',#3856,#3857,#2018,.T.);
#4673=EDGE_CURVE('',#3857,#3858,#2019,.T.);
#4674=EDGE_CURVE('',#3858,#3859,#2020,.T.);
#4675=EDGE_CURVE('',#3859,#3860,#2021,.T.);
#4676=EDGE_CURVE('',#3860,#3861,#2022,.T.);
#4677=EDGE_CURVE('',#3861,#3862,#2023,.T.);
#4678=EDGE_CURVE('',#3862,#3863,#2024,.T.);
#4679=EDGE_CURVE('',#3863,#3864,#2025,.T.);
#4680=EDGE_CURVE('',#3864,#3865,#2026,.T.);
#4681=EDGE_CURVE('',#3865,#3866,#2027,.T.);
#4682=EDGE_CURVE('',#3866,#3867,#2028,.T.);
#4683=EDGE_CURVE('',#3867,#3868,#2029,.T.);
#4684=EDGE_CURVE('',#3868,#3869,#2030,.T.);
#4685=EDGE_CURVE('',#3869,#3870,#2031,.T.);
#4686=EDGE_CURVE('',#3870,#3871,#2032,.T.);
#4687=EDGE_CURVE('',#3871,#3872,#2033,.T.);
#4688=EDGE_CURVE('',#3872,#3873,#2034,.T.);
#4689=EDGE_CURVE('',#3873,#3874,#2035,.T.);
#4690=EDGE_CURVE('',#3874,#3875,#2036,.T.);
#4691=EDGE_CURVE('',#3875,#3876,#2037,.T.);
#4692=EDGE_CURVE('',#3876,#3877,#2038,.T.);
#4693=EDGE_CURVE('',#3877,#3878,#2039,.T.);
#4694=EDGE_CURVE('',#3878,#3879,#2040,.T.);
#4695=EDGE_CURVE('',#3879,#3880,#2041,.T.);
#4696=EDGE_CURVE('',#3880,#3881,#2042,.T.);
#4697=EDGE_CURVE('',#3881,#3882,#2043,.T.);
#4698=EDGE_CURVE('',#3882,#3883,#2044,.T.);
#4699=EDGE_CURVE('',#3883,#3884,#2045,.T.);
#4700=EDGE_CURVE('',#3884,#3885,#2046,.T.);
#4701=EDGE_CURVE('',#3885,#3886,#2047,.T.);
#4702=EDGE_CURVE('',#3886,#3887,#2048,.T.);
#4703=EDGE_CURVE('',#3887,#3888,#2049,.T.);
#4704=EDGE_CURVE('',#3888,#3889,#2050,.T.);
#4705=EDGE_CURVE('',#3889,#3890,#2051,.T.);
#4706=EDGE_CURVE('',#3890,#3891,#2052,.T.);
#4707=EDGE_CURVE('',#3891,#3892,#2053,.T.);
#4708=EDGE_CURVE('',#3892,#3893,#2054,.T.);
#4709=EDGE_CURVE('',#3893,#3894,#2055,.T.);
#4710=EDGE_CURVE('',#3894,#3895,#2056,.T.);
#4711=EDGE_CURVE('',#3895,#3896,#2057,.T.);
#4712=EDGE_CURVE('',#3896,#3897,#2058,.T.);
#4713=EDGE_CURVE('',#3897,#3898,#2059,.T.);
#4714=EDGE_CURVE('',#3898,#3899,#2060,.T.);
#4715=EDGE_CURVE('',#3899,#3900,#2061,.T.);
#4716=EDGE_CURVE('',#3900,#3901,#2062,.T.);
#4717=EDGE_CURVE('',#3901,#3902,#2063,.T.);
#4718=EDGE_CURVE('',#3902,#3903,#2064,.T.);
#4719=EDGE_CURVE('',#3903,#3904,#2065,.T.);
#4720=EDGE_CURVE('',#3904,#3905,#2066,.T.);
#4721=EDGE_CURVE('',#3905,#3906,#2067,.T.);
#4722=EDGE_CURVE('',#3906,#3907,#2068,.T.);
#4723=EDGE_CURVE('',#3907,#3908,#2069,.T.);
#4724=EDGE_CURVE('',#3908,#3909,#2070,.T.);
#4725=EDGE_CURVE('',#3909,#3910,#2071,.T.);
#4726=EDGE_CURVE('',#3910,#3911,#2072,.T.);
#4727=EDGE_CURVE('',#3911,#3912,#2073,.T.);
#4728=EDGE_CURVE('',#3912,#3913,#2074,.T.);
#4729=EDGE_CURVE('',#3913,#3914,#2075,.T.);
#4730=EDGE_CURVE('',#3914,#3915,#2076,.T.);
#4731=EDGE_CURVE('',#3915,#3916,#2077,.T.);
#4732=EDGE_CURVE('',#3916,#3917,#2078,.T.);
#4733=EDGE_CURVE('',#3917,#3918,#2079,.T.);
#4734=EDGE_CURVE('',#3918,#3919,#2080,.T.);
#4735=EDGE_CURVE('',#3919,#3920,#2081,.T.);
#4736=EDGE_CURVE('',#3920,#3921,#2082,.T.);
#4737=EDGE_CURVE('',#3921,#3922,#2083,.T.);
#4738=EDGE_CURVE('',#3922,#3923,#2084,.T.);
#4739=EDGE_CURVE('',#3923,#3924,#2085,.T.);
#4740=EDGE_CURVE('',#3924,#3925,#2086,.T.);
#4741=EDGE_CURVE('',#3925,#3926,#2087,.T.);
#4742=EDGE_CURVE('',#3926,#3927,#2088,.T.);
#4743=EDGE_CURVE('',#3927,#3928,#2089,.T.);
#4744=EDGE_CURVE('',#3928,#3929,#2090,.T.);
#4745=EDGE_CURVE('',#3929,#3930,#2091,.T.);
#4746=EDGE_CURVE('',#3930,#3931,#2092,.T.);
#4747=EDGE_CURVE('',#3931,#3932,#2093,.T.);
#4748=EDGE_CURVE('',#3932,#3933,#2094,.T.);
#4749=EDGE_CURVE('',#3933,#3934,#2095,.T.);
#4750=EDGE_CURVE('',#3934,#3935,#2096,.T.);
#4751=EDGE_CURVE('',#3935,#3936,#2097,.T.);
#4752=EDGE_CURVE('',#3936,#3937,#2098,.T.);
#4753=EDGE_CURVE('',#3937,#3938,#2099,.T.);
#4754=EDGE_CURVE('',#3938,#3939,#2100,.T.);
#4755=EDGE_CURVE('',#3939,#3940,#2101,.T.);
#4756=EDGE_CURVE('',#3940,#3941,#2102,.T.);
#4757=EDGE_CURVE('',#3941,#3942,#2103,.T.);
#4758=EDGE_CURVE('',#3942,#3943,#2104,.T.);
#4759=EDGE_CURVE('',#3943,#3944,#2105,.T.);
#4760=EDGE_CURVE('',#3944,#3945,#2106,.T.);
#4761=EDGE_CURVE('',#3945,#3946,#2107,.T.);
#4762=EDGE_CURVE('',#3946,#3947,#2108,.T.);
#4763=EDGE_CURVE('',#3947,#3948,#2109,.T.);
#4764=EDGE_CURVE('',#3948,#3949,#2110,.T.);
#4765=EDGE_CURVE('',#3949,#3950,#2111,.T.);
#4766=EDGE_CURVE('',#3950,#3951,#2112,.T.);
#4767=EDGE_CURVE('',#3951,#3952,#2113,.T.);
#4768=EDGE_CURVE('',#3952,#3953,#2114,.T.);
#4769=EDGE_CURVE('',#3953,#3954,#2115,.T.);
#4770=EDGE_CURVE('',#3954,#3955,#2116,.T.);
#4771=EDGE_CURVE('',#3955,#3956,#2117,.T.);
#4772=EDGE_CURVE('',#3956,#3957,#2118,.T.);
#4773=EDGE_CURVE('',#3957,#3958,#2119,.T.);
#4774=EDGE_CURVE('',#3958,#3959,#2120,.T.);
#4775=EDGE_CURVE('',#3959,#3960,#2121,.T.);
#4776=EDGE_CURVE('',#3960,#3961,#2122,.T.);
#4777=EDGE_CURVE('',#3961,#3962,#2123,.T.);
#4778=EDGE_CURVE('',#3962,#3963,#2124,.T.);
#4779=EDGE_CURVE('',#3963,#3964,#2125,.T.);
#4780=EDGE_CURVE('',#3964,#3965,#2126,.T.);
#4781=EDGE_CURVE('',#3965,#3803,#2127,.T.);
#4782=EDGE_CURVE('',#3966,#3966,#505,.T.);
#4783=EDGE_CURVE('',#3967,#3968,#2128,.T.);
#4784=EDGE_CURVE('',#3968,#3969,#2129,.T.);
#4785=EDGE_CURVE('',#3969,#3970,#2130,.T.);
#4786=EDGE_CURVE('',#3970,#3967,#2131,.T.);
#4787=EDGE_CURVE('',#3971,#3971,#506,.T.);
#4788=EDGE_CURVE('',#3972,#3972,#507,.T.);
#4789=EDGE_CURVE('',#3973,#3973,#508,.T.);
#4790=EDGE_CURVE('',#3974,#3974,#509,.T.);
#4791=EDGE_CURVE('',#3975,#3975,#510,.T.);
#4792=EDGE_CURVE('',#3976,#3976,#511,.T.);
#4793=EDGE_CURVE('',#3977,#3977,#512,.T.);
#4794=EDGE_CURVE('',#3978,#3978,#513,.T.);
#4795=EDGE_CURVE('',#3979,#3980,#2132,.T.);
#4796=EDGE_CURVE('',#3980,#3981,#2133,.T.);
#4797=EDGE_CURVE('',#3981,#3982,#2134,.T.);
#4798=EDGE_CURVE('',#3982,#3979,#2135,.T.);
#4799=EDGE_CURVE('',#3983,#3983,#514,.T.);
#4800=EDGE_CURVE('',#3984,#3985,#2136,.T.);
#4801=EDGE_CURVE('',#3985,#3986,#2137,.T.);
#4802=EDGE_CURVE('',#3986,#3987,#2138,.T.);
#4803=EDGE_CURVE('',#3987,#3984,#2139,.T.);
#4804=EDGE_CURVE('',#3988,#3988,#515,.T.);
#4805=EDGE_CURVE('',#3989,#3989,#516,.T.);
#4806=EDGE_CURVE('',#3990,#3990,#517,.T.);
#4807=EDGE_CURVE('',#3991,#3991,#518,.T.);
#4808=EDGE_CURVE('',#3992,#3992,#519,.T.);
#4809=EDGE_CURVE('',#3993,#3993,#520,.T.);
#4810=EDGE_CURVE('',#3994,#3994,#521,.T.);
#4811=EDGE_CURVE('',#3995,#3996,#522,.T.);
#4812=EDGE_CURVE('',#3996,#3997,#2140,.T.);
#4813=EDGE_CURVE('',#3997,#3998,#523,.T.);
#4814=EDGE_CURVE('',#3998,#3995,#2141,.T.);
#4815=EDGE_CURVE('',#3999,#3999,#524,.T.);
#4816=EDGE_CURVE('',#4000,#4000,#525,.T.);
#4817=EDGE_CURVE('',#4001,#4002,#526,.T.);
#4818=EDGE_CURVE('',#4002,#4003,#2142,.T.);
#4819=EDGE_CURVE('',#4003,#4004,#527,.T.);
#4820=EDGE_CURVE('',#4004,#4001,#2143,.T.);
#4821=EDGE_CURVE('',#4005,#4006,#528,.T.);
#4822=EDGE_CURVE('',#4006,#4007,#2144,.T.);
#4823=EDGE_CURVE('',#4007,#4008,#529,.T.);
#4824=EDGE_CURVE('',#4008,#4005,#2145,.T.);
#4825=EDGE_CURVE('',#4009,#4009,#530,.T.);
#4826=EDGE_CURVE('',#4010,#4011,#531,.T.);
#4827=EDGE_CURVE('',#4011,#4012,#2146,.T.);
#4828=EDGE_CURVE('',#4012,#4013,#532,.T.);
#4829=EDGE_CURVE('',#4013,#4010,#2147,.T.);
#4830=EDGE_CURVE('',#4014,#4015,#2148,.T.);
#4831=EDGE_CURVE('',#4015,#4016,#2149,.T.);
#4832=EDGE_CURVE('',#4016,#4017,#2150,.T.);
#4833=EDGE_CURVE('',#4017,#4014,#2151,.T.);
#4834=EDGE_CURVE('',#4018,#4018,#533,.T.);
#4835=EDGE_CURVE('',#4019,#4019,#534,.T.);
#4836=EDGE_CURVE('',#4020,#4020,#535,.T.);
#4837=EDGE_CURVE('',#4021,#4021,#536,.T.);
#4838=EDGE_CURVE('',#4022,#4022,#537,.T.);
#4839=EDGE_CURVE('',#4023,#4023,#538,.T.);
#4840=EDGE_CURVE('',#4024,#4024,#539,.T.);
#4841=EDGE_CURVE('',#4025,#4025,#540,.T.);
#4842=EDGE_CURVE('',#4026,#4026,#541,.T.);
#4843=EDGE_CURVE('',#4027,#4027,#542,.T.);
#4844=EDGE_CURVE('',#4028,#4028,#543,.T.);
#4845=EDGE_CURVE('',#4029,#4030,#2152,.T.);
#4846=EDGE_CURVE('',#4030,#4031,#2153,.T.);
#4847=EDGE_CURVE('',#4031,#4032,#2154,.T.);
#4848=EDGE_CURVE('',#4032,#4029,#2155,.T.);
#4849=EDGE_CURVE('',#4033,#4033,#544,.T.);
#4850=EDGE_CURVE('',#4034,#4034,#545,.T.);
#4851=EDGE_CURVE('',#4035,#4035,#546,.T.);
#4852=EDGE_CURVE('',#4036,#4036,#547,.T.);
#4853=EDGE_CURVE('',#4037,#4037,#548,.T.);
#4854=EDGE_CURVE('',#4038,#4038,#549,.T.);
#4855=EDGE_CURVE('',#4039,#4039,#550,.T.);
#4856=EDGE_CURVE('',#4040,#4040,#551,.T.);
#4857=EDGE_CURVE('',#4041,#4042,#2156,.T.);
#4858=EDGE_CURVE('',#4042,#4043,#2157,.T.);
#4859=EDGE_CURVE('',#4043,#4044,#2158,.T.);
#4860=EDGE_CURVE('',#4044,#4041,#2159,.T.);
#4861=EDGE_CURVE('',#4045,#4046,#2160,.T.);
#4862=EDGE_CURVE('',#4046,#4047,#2161,.T.);
#4863=EDGE_CURVE('',#4047,#4048,#2162,.T.);
#4864=EDGE_CURVE('',#4048,#4045,#2163,.T.);
#4865=EDGE_CURVE('',#4049,#4049,#552,.T.);
#4866=EDGE_CURVE('',#4050,#4050,#553,.T.);
#4867=EDGE_CURVE('',#4051,#4051,#554,.T.);
#4868=EDGE_CURVE('',#4052,#4052,#555,.T.);
#4869=EDGE_CURVE('',#4053,#4053,#556,.T.);
#4870=EDGE_CURVE('',#4054,#4054,#557,.T.);
#4871=EDGE_CURVE('',#4055,#4055,#558,.T.);
#4872=EDGE_CURVE('',#4056,#4056,#559,.T.);
#4873=EDGE_CURVE('',#4057,#4058,#2164,.T.);
#4874=EDGE_CURVE('',#4058,#4059,#2165,.T.);
#4875=EDGE_CURVE('',#4059,#4060,#2166,.T.);
#4876=EDGE_CURVE('',#4060,#4057,#2167,.T.);
#4877=EDGE_CURVE('',#4061,#4061,#560,.T.);
#4878=EDGE_CURVE('',#4062,#4062,#561,.T.);
#4879=EDGE_CURVE('',#4063,#4063,#562,.T.);
#4880=EDGE_CURVE('',#4064,#4064,#563,.T.);
#4881=EDGE_CURVE('',#4065,#4066,#2168,.T.);
#4882=EDGE_CURVE('',#4066,#4067,#2169,.T.);
#4883=EDGE_CURVE('',#4067,#4068,#2170,.T.);
#4884=EDGE_CURVE('',#4068,#4065,#2171,.T.);
#4885=EDGE_CURVE('',#4069,#4069,#564,.T.);
#4886=EDGE_CURVE('',#4070,#4070,#565,.T.);
#4887=EDGE_CURVE('',#4071,#4071,#566,.T.);
#4888=EDGE_CURVE('',#4072,#4072,#567,.T.);
#4889=EDGE_CURVE('',#4073,#4073,#568,.T.);
#4890=EDGE_CURVE('',#4074,#4074,#569,.T.);
#4891=EDGE_CURVE('',#4075,#4075,#570,.T.);
#4892=EDGE_CURVE('',#4076,#4076,#571,.T.);
#4893=EDGE_CURVE('',#4077,#4077,#572,.T.);
#4894=EDGE_CURVE('',#4078,#4078,#573,.T.);
#4895=EDGE_CURVE('',#4079,#4079,#574,.T.);
#4896=EDGE_CURVE('',#4080,#4080,#575,.T.);
#4897=EDGE_CURVE('',#4081,#4081,#576,.T.);
#4898=EDGE_CURVE('',#4082,#4083,#2172,.T.);
#4899=EDGE_CURVE('',#4083,#4084,#2173,.T.);
#4900=EDGE_CURVE('',#4084,#4085,#2174,.T.);
#4901=EDGE_CURVE('',#4085,#4082,#2175,.T.);
#4902=EDGE_CURVE('',#4086,#4086,#577,.T.);
#4903=EDGE_CURVE('',#4087,#4087,#578,.T.);
#4904=EDGE_CURVE('',#4088,#4088,#579,.T.);
#4905=EDGE_CURVE('',#4089,#4089,#580,.T.);
#4906=EDGE_CURVE('',#4090,#4090,#581,.T.);
#4907=EDGE_CURVE('',#4091,#4091,#582,.T.);
#4908=EDGE_CURVE('',#4092,#4092,#583,.T.);
#4909=EDGE_CURVE('',#4093,#4093,#584,.T.);
#4910=EDGE_CURVE('',#4094,#4094,#585,.T.);
#4911=EDGE_CURVE('',#4095,#4095,#586,.T.);
#4912=EDGE_CURVE('',#4096,#4096,#587,.T.);
#4913=EDGE_CURVE('',#4097,#4097,#588,.T.);
#4914=EDGE_CURVE('',#4098,#4098,#589,.T.);
#4915=EDGE_CURVE('',#4099,#4099,#590,.T.);
#4916=EDGE_CURVE('',#4100,#4100,#591,.T.);
#4917=EDGE_CURVE('',#4101,#4102,#2176,.T.);
#4918=EDGE_CURVE('',#4102,#4103,#2177,.T.);
#4919=EDGE_CURVE('',#4103,#4104,#2178,.T.);
#4920=EDGE_CURVE('',#4104,#4101,#2179,.T.);
#4921=EDGE_CURVE('',#4105,#4105,#592,.T.);
#4922=EDGE_CURVE('',#4106,#4106,#593,.T.);
#4923=EDGE_CURVE('',#4107,#4107,#594,.T.);
#4924=EDGE_CURVE('',#4108,#4108,#595,.T.);
#4925=EDGE_CURVE('',#4109,#4109,#596,.T.);
#4926=EDGE_CURVE('',#4110,#4110,#597,.T.);
#4927=EDGE_CURVE('',#4111,#4111,#598,.T.);
#4928=EDGE_CURVE('',#4112,#4112,#599,.T.);
#4929=EDGE_CURVE('',#4113,#4113,#600,.T.);
#4930=EDGE_CURVE('',#4114,#4114,#601,.T.);
#4931=EDGE_CURVE('',#4115,#4115,#602,.T.);
#4932=EDGE_CURVE('',#4116,#4116,#603,.T.);
#4933=EDGE_CURVE('',#4117,#4117,#604,.T.);
#4934=EDGE_CURVE('',#4118,#4118,#605,.T.);
#4935=EDGE_CURVE('',#4119,#4120,#2180,.T.);
#4936=EDGE_CURVE('',#4120,#4121,#2181,.T.);
#4937=EDGE_CURVE('',#4121,#4122,#2182,.T.);
#4938=EDGE_CURVE('',#4122,#4119,#2183,.T.);
#4939=EDGE_CURVE('',#4123,#4123,#606,.T.);
#4940=EDGE_CURVE('',#4124,#4124,#607,.T.);
#4941=EDGE_CURVE('',#4125,#4125,#608,.T.);
#4942=EDGE_CURVE('',#4126,#4126,#609,.T.);
#4943=EDGE_CURVE('',#4127,#4127,#610,.T.);
#4944=EDGE_CURVE('',#4128,#4128,#611,.T.);
#4945=EDGE_CURVE('',#4129,#4129,#612,.T.);
#4946=EDGE_CURVE('',#4130,#4131,#2184,.T.);
#4947=EDGE_CURVE('',#4131,#4132,#2185,.T.);
#4948=EDGE_CURVE('',#4132,#4133,#2186,.T.);
#4949=EDGE_CURVE('',#4133,#4130,#2187,.T.);
#4950=EDGE_CURVE('',#4134,#4134,#613,.T.);
#4951=EDGE_CURVE('',#4135,#4135,#614,.T.);
#4952=EDGE_CURVE('',#4136,#4136,#615,.T.);
#4953=EDGE_CURVE('',#4137,#4137,#616,.T.);
#4954=EDGE_CURVE('',#4138,#4138,#617,.T.);
#4955=EDGE_CURVE('',#4139,#4139,#618,.T.);
#4956=EDGE_CURVE('',#4140,#4140,#619,.T.);
#4957=EDGE_CURVE('',#4141,#4142,#2188,.T.);
#4958=EDGE_CURVE('',#4142,#4143,#2189,.T.);
#4959=EDGE_CURVE('',#4143,#4144,#2190,.T.);
#4960=EDGE_CURVE('',#4144,#4141,#2191,.T.);
#4961=EDGE_CURVE('',#4145,#4146,#2192,.T.);
#4962=EDGE_CURVE('',#4146,#4147,#2193,.T.);
#4963=EDGE_CURVE('',#4147,#4148,#2194,.T.);
#4964=EDGE_CURVE('',#4148,#4145,#2195,.T.);
#4965=EDGE_CURVE('',#4149,#4149,#620,.T.);
#4966=EDGE_CURVE('',#4150,#4150,#621,.T.);
#4967=EDGE_CURVE('',#4151,#4151,#622,.T.);
#4968=EDGE_CURVE('',#4152,#4152,#623,.T.);
#4969=EDGE_CURVE('',#4153,#4153,#624,.T.);
#4970=EDGE_CURVE('',#4154,#4154,#625,.T.);
#4971=EDGE_CURVE('',#4155,#4155,#626,.T.);
#4972=EDGE_CURVE('',#4156,#4156,#627,.T.);
#4973=EDGE_CURVE('',#4157,#4158,#2196,.T.);
#4974=EDGE_CURVE('',#4158,#4159,#2197,.T.);
#4975=EDGE_CURVE('',#4159,#4160,#2198,.T.);
#4976=EDGE_CURVE('',#4160,#4157,#2199,.T.);
#4977=EDGE_CURVE('',#4161,#4161,#628,.T.);
#4978=EDGE_CURVE('',#4162,#4162,#629,.T.);
#4979=EDGE_CURVE('',#4163,#4163,#630,.T.);
#4980=EDGE_CURVE('',#4164,#4164,#631,.T.);
#4981=EDGE_CURVE('',#4165,#4166,#2200,.T.);
#4982=EDGE_CURVE('',#4166,#4167,#2201,.T.);
#4983=EDGE_CURVE('',#4167,#4168,#2202,.T.);
#4984=EDGE_CURVE('',#4168,#4165,#2203,.T.);
#4985=EDGE_CURVE('',#4169,#4169,#632,.T.);
#4986=EDGE_CURVE('',#4170,#4170,#633,.T.);
#4987=EDGE_CURVE('',#4171,#4171,#634,.T.);
#4988=EDGE_CURVE('',#4172,#4172,#635,.T.);
#4989=EDGE_CURVE('',#4173,#4173,#636,.T.);
#4990=EDGE_CURVE('',#4174,#4174,#637,.T.);
#4991=EDGE_CURVE('',#4175,#4175,#638,.T.);
#4992=EDGE_CURVE('',#4176,#4177,#2204,.T.);
#4993=EDGE_CURVE('',#4177,#4178,#2205,.T.);
#4994=EDGE_CURVE('',#4178,#4179,#2206,.T.);
#4995=EDGE_CURVE('',#4179,#4176,#2207,.T.);
#4996=EDGE_CURVE('',#4180,#4181,#2208,.T.);
#4997=EDGE_CURVE('',#4181,#4182,#2209,.T.);
#4998=EDGE_CURVE('',#4182,#4183,#2210,.T.);
#4999=EDGE_CURVE('',#4183,#4180,#2211,.T.);
#5000=EDGE_CURVE('',#4184,#4184,#639,.T.);
#5001=EDGE_CURVE('',#4185,#4185,#640,.T.);
#5002=EDGE_CURVE('',#4186,#4186,#641,.T.);
#5003=EDGE_CURVE('',#4187,#4187,#642,.T.);
#5004=EDGE_CURVE('',#4188,#4188,#643,.T.);
#5005=EDGE_CURVE('',#4189,#4189,#644,.T.);
#5006=EDGE_CURVE('',#4190,#4190,#645,.T.);
#5007=EDGE_CURVE('',#4191,#4191,#646,.T.);
#5008=EDGE_CURVE('',#4192,#4193,#2212,.T.);
#5009=EDGE_CURVE('',#4193,#4194,#2213,.T.);
#5010=EDGE_CURVE('',#4194,#4195,#2214,.T.);
#5011=EDGE_CURVE('',#4195,#4192,#2215,.T.);
#5012=EDGE_CURVE('',#4196,#4196,#647,.T.);
#5013=EDGE_CURVE('',#4197,#4197,#648,.T.);
#5014=EDGE_CURVE('',#4198,#4198,#649,.T.);
#5015=EDGE_CURVE('',#4199,#4199,#650,.T.);
#5016=EDGE_CURVE('',#4200,#4201,#2216,.T.);
#5017=EDGE_CURVE('',#4201,#4202,#2217,.T.);
#5018=EDGE_CURVE('',#4202,#4203,#2218,.T.);
#5019=EDGE_CURVE('',#4203,#4200,#2219,.T.);
#5020=EDGE_CURVE('',#4204,#4204,#651,.T.);
#5021=EDGE_CURVE('',#4205,#4205,#652,.T.);
#5022=EDGE_CURVE('',#4206,#4206,#653,.T.);
#5023=EDGE_CURVE('',#4207,#4207,#654,.T.);
#5024=EDGE_CURVE('',#4208,#4208,#655,.T.);
#5025=EDGE_CURVE('',#4209,#4209,#656,.T.);
#5026=EDGE_CURVE('',#4210,#3849,#2220,.T.);
#5027=EDGE_CURVE('',#4211,#3848,#2221,.T.);
#5028=EDGE_CURVE('',#4210,#4211,#2222,.T.);
#5029=EDGE_CURVE('',#4212,#3850,#2223,.T.);
#5030=EDGE_CURVE('',#4212,#4210,#2224,.T.);
#5031=EDGE_CURVE('',#4213,#3847,#2225,.T.);
#5032=EDGE_CURVE('',#4211,#4213,#2226,.T.);
#5033=EDGE_CURVE('',#4214,#4215,#2227,.T.);
#5034=EDGE_CURVE('',#4215,#4216,#2228,.T.);
#5035=EDGE_CURVE('',#4216,#4217,#2229,.T.);
#5036=EDGE_CURVE('',#4217,#4218,#2230,.T.);
#5037=EDGE_CURVE('',#4218,#4219,#2231,.T.);
#5038=EDGE_CURVE('',#4219,#4220,#2232,.T.);
#5039=EDGE_CURVE('',#4220,#4221,#2233,.T.);
#5040=EDGE_CURVE('',#4221,#4222,#2234,.T.);
#5041=EDGE_CURVE('',#4222,#4223,#2235,.T.);
#5042=EDGE_CURVE('',#4223,#4224,#2236,.T.);
#5043=EDGE_CURVE('',#4224,#4225,#2237,.T.);
#5044=EDGE_CURVE('',#4225,#4226,#2238,.T.);
#5045=EDGE_CURVE('',#4226,#4227,#2239,.T.);
#5046=EDGE_CURVE('',#4227,#4228,#2240,.T.);
#5047=EDGE_CURVE('',#4228,#4229,#2241,.T.);
#5048=EDGE_CURVE('',#4229,#4230,#2242,.T.);
#5049=EDGE_CURVE('',#4230,#4231,#2243,.T.);
#5050=EDGE_CURVE('',#4231,#4232,#2244,.T.);
#5051=EDGE_CURVE('',#4232,#4233,#2245,.T.);
#5052=EDGE_CURVE('',#4233,#4234,#2246,.T.);
#5053=EDGE_CURVE('',#4234,#4235,#2247,.T.);
#5054=EDGE_CURVE('',#4235,#4236,#2248,.T.);
#5055=EDGE_CURVE('',#4236,#4237,#2249,.T.);
#5056=EDGE_CURVE('',#4237,#4238,#2250,.T.);
#5057=EDGE_CURVE('',#4238,#4239,#2251,.T.);
#5058=EDGE_CURVE('',#4239,#4240,#2252,.T.);
#5059=EDGE_CURVE('',#4240,#4241,#2253,.T.);
#5060=EDGE_CURVE('',#4241,#4242,#2254,.T.);
#5061=EDGE_CURVE('',#4242,#4243,#2255,.T.);
#5062=EDGE_CURVE('',#4243,#4244,#2256,.T.);
#5063=EDGE_CURVE('',#4244,#4245,#2257,.T.);
#5064=EDGE_CURVE('',#4245,#4246,#2258,.T.);
#5065=EDGE_CURVE('',#4246,#4247,#2259,.T.);
#5066=EDGE_CURVE('',#4247,#4248,#2260,.T.);
#5067=EDGE_CURVE('',#4248,#4249,#2261,.T.);
#5068=EDGE_CURVE('',#4249,#4250,#2262,.T.);
#5069=EDGE_CURVE('',#4250,#4251,#2263,.T.);
#5070=EDGE_CURVE('',#4251,#4252,#2264,.T.);
#5071=EDGE_CURVE('',#4252,#4253,#2265,.T.);
#5072=EDGE_CURVE('',#4253,#4254,#2266,.T.);
#5073=EDGE_CURVE('',#4254,#4255,#2267,.T.);
#5074=EDGE_CURVE('',#4255,#4256,#2268,.T.);
#5075=EDGE_CURVE('',#4256,#4257,#2269,.T.);
#5076=EDGE_CURVE('',#4257,#4258,#2270,.T.);
#5077=EDGE_CURVE('',#4258,#4259,#2271,.T.);
#5078=EDGE_CURVE('',#4259,#4260,#2272,.T.);
#5079=EDGE_CURVE('',#4260,#4261,#2273,.T.);
#5080=EDGE_CURVE('',#4261,#4262,#2274,.T.);
#5081=EDGE_CURVE('',#4262,#4263,#2275,.T.);
#5082=EDGE_CURVE('',#4263,#4264,#2276,.T.);
#5083=EDGE_CURVE('',#4264,#4265,#2277,.T.);
#5084=EDGE_CURVE('',#4265,#4266,#2278,.T.);
#5085=EDGE_CURVE('',#4266,#4267,#2279,.T.);
#5086=EDGE_CURVE('',#4267,#4268,#2280,.T.);
#5087=EDGE_CURVE('',#4268,#4269,#2281,.T.);
#5088=EDGE_CURVE('',#4269,#4270,#2282,.T.);
#5089=EDGE_CURVE('',#4270,#4271,#2283,.T.);
#5090=EDGE_CURVE('',#4271,#4272,#2284,.T.);
#5091=EDGE_CURVE('',#4272,#4273,#2285,.T.);
#5092=EDGE_CURVE('',#4273,#4274,#2286,.T.);
#5093=EDGE_CURVE('',#4274,#4275,#2287,.T.);
#5094=EDGE_CURVE('',#4275,#4276,#2288,.T.);
#5095=EDGE_CURVE('',#4276,#4277,#2289,.T.);
#5096=EDGE_CURVE('',#4277,#4278,#2290,.T.);
#5097=EDGE_CURVE('',#4278,#4279,#2291,.T.);
#5098=EDGE_CURVE('',#4279,#4280,#2292,.T.);
#5099=EDGE_CURVE('',#4280,#4281,#2293,.T.);
#5100=EDGE_CURVE('',#4281,#4282,#2294,.T.);
#5101=EDGE_CURVE('',#4282,#4283,#2295,.T.);
#5102=EDGE_CURVE('',#4283,#4284,#2296,.T.);
#5103=EDGE_CURVE('',#4284,#4285,#2297,.T.);
#5104=EDGE_CURVE('',#4285,#4286,#2298,.T.);
#5105=EDGE_CURVE('',#4286,#4287,#2299,.T.);
#5106=EDGE_CURVE('',#4287,#4288,#2300,.T.);
#5107=EDGE_CURVE('',#4288,#4289,#2301,.T.);
#5108=EDGE_CURVE('',#4289,#4290,#2302,.T.);
#5109=EDGE_CURVE('',#4290,#4291,#2303,.T.);
#5110=EDGE_CURVE('',#4291,#4292,#2304,.T.);
#5111=EDGE_CURVE('',#4292,#4293,#2305,.T.);
#5112=EDGE_CURVE('',#4293,#4294,#2306,.T.);
#5113=EDGE_CURVE('',#4294,#4295,#2307,.T.);
#5114=EDGE_CURVE('',#4295,#4296,#2308,.T.);
#5115=EDGE_CURVE('',#4296,#4297,#2309,.T.);
#5116=EDGE_CURVE('',#4297,#4298,#2310,.T.);
#5117=EDGE_CURVE('',#4298,#4299,#2311,.T.);
#5118=EDGE_CURVE('',#4299,#4300,#2312,.T.);
#5119=EDGE_CURVE('',#4300,#4301,#2313,.T.);
#5120=EDGE_CURVE('',#4301,#4302,#2314,.T.);
#5121=EDGE_CURVE('',#4302,#4303,#2315,.T.);
#5122=EDGE_CURVE('',#4303,#4304,#2316,.T.);
#5123=EDGE_CURVE('',#4304,#4305,#2317,.T.);
#5124=EDGE_CURVE('',#4305,#4306,#2318,.T.);
#5125=EDGE_CURVE('',#4306,#4307,#2319,.T.);
#5126=EDGE_CURVE('',#4307,#4308,#2320,.T.);
#5127=EDGE_CURVE('',#4308,#4309,#2321,.T.);
#5128=EDGE_CURVE('',#4309,#4310,#2322,.T.);
#5129=EDGE_CURVE('',#4310,#4311,#2323,.T.);
#5130=EDGE_CURVE('',#4311,#4312,#2324,.T.);
#5131=EDGE_CURVE('',#4312,#4313,#2325,.T.);
#5132=EDGE_CURVE('',#4313,#4314,#2326,.T.);
#5133=EDGE_CURVE('',#4314,#4315,#2327,.T.);
#5134=EDGE_CURVE('',#4315,#4316,#2328,.T.);
#5135=EDGE_CURVE('',#4316,#4317,#2329,.T.);
#5136=EDGE_CURVE('',#4317,#4318,#2330,.T.);
#5137=EDGE_CURVE('',#4318,#4319,#2331,.T.);
#5138=EDGE_CURVE('',#4319,#4320,#2332,.T.);
#5139=EDGE_CURVE('',#4320,#4321,#2333,.T.);
#5140=EDGE_CURVE('',#4321,#4322,#2334,.T.);
#5141=EDGE_CURVE('',#4322,#4323,#2335,.T.);
#5142=EDGE_CURVE('',#4323,#4324,#2336,.T.);
#5143=EDGE_CURVE('',#4324,#4325,#2337,.T.);
#5144=EDGE_CURVE('',#4325,#4326,#2338,.T.);
#5145=EDGE_CURVE('',#4326,#4327,#2339,.T.);
#5146=EDGE_CURVE('',#4327,#4328,#2340,.T.);
#5147=EDGE_CURVE('',#4328,#4329,#2341,.T.);
#5148=EDGE_CURVE('',#4329,#4330,#2342,.T.);
#5149=EDGE_CURVE('',#4330,#4212,#2343,.T.);
#5150=EDGE_CURVE('',#4213,#4331,#2344,.T.);
#5151=EDGE_CURVE('',#4331,#4332,#2345,.T.);
#5152=EDGE_CURVE('',#4332,#4333,#2346,.T.);
#5153=EDGE_CURVE('',#4333,#4334,#2347,.T.);
#5154=EDGE_CURVE('',#4334,#4335,#2348,.T.);
#5155=EDGE_CURVE('',#4335,#4336,#2349,.T.);
#5156=EDGE_CURVE('',#4336,#4337,#2350,.T.);
#5157=EDGE_CURVE('',#4337,#4338,#2351,.T.);
#5158=EDGE_CURVE('',#4338,#4339,#2352,.T.);
#5159=EDGE_CURVE('',#4339,#4340,#2353,.T.);
#5160=EDGE_CURVE('',#4340,#4341,#2354,.T.);
#5161=EDGE_CURVE('',#4341,#4342,#2355,.T.);
#5162=EDGE_CURVE('',#4342,#4343,#2356,.T.);
#5163=EDGE_CURVE('',#4343,#4344,#2357,.T.);
#5164=EDGE_CURVE('',#4344,#4345,#2358,.T.);
#5165=EDGE_CURVE('',#4345,#4346,#2359,.T.);
#5166=EDGE_CURVE('',#4346,#4347,#2360,.T.);
#5167=EDGE_CURVE('',#4347,#4348,#2361,.T.);
#5168=EDGE_CURVE('',#4348,#4349,#2362,.T.);
#5169=EDGE_CURVE('',#4349,#4350,#2363,.T.);
#5170=EDGE_CURVE('',#4350,#4351,#2364,.T.);
#5171=EDGE_CURVE('',#4351,#4352,#2365,.T.);
#5172=EDGE_CURVE('',#4352,#4353,#2366,.T.);
#5173=EDGE_CURVE('',#4353,#4354,#2367,.T.);
#5174=EDGE_CURVE('',#4354,#4355,#2368,.T.);
#5175=EDGE_CURVE('',#4355,#4356,#2369,.T.);
#5176=EDGE_CURVE('',#4356,#4357,#2370,.T.);
#5177=EDGE_CURVE('',#4357,#4358,#2371,.T.);
#5178=EDGE_CURVE('',#4358,#4359,#2372,.T.);
#5179=EDGE_CURVE('',#4359,#4360,#2373,.T.);
#5180=EDGE_CURVE('',#4360,#4361,#2374,.T.);
#5181=EDGE_CURVE('',#4361,#4362,#2375,.T.);
#5182=EDGE_CURVE('',#4362,#4363,#2376,.T.);
#5183=EDGE_CURVE('',#4363,#4364,#2377,.T.);
#5184=EDGE_CURVE('',#4364,#4365,#2378,.T.);
#5185=EDGE_CURVE('',#4365,#4366,#2379,.T.);
#5186=EDGE_CURVE('',#4366,#4367,#2380,.T.);
#5187=EDGE_CURVE('',#4367,#4368,#2381,.T.);
#5188=EDGE_CURVE('',#4368,#4369,#2382,.T.);
#5189=EDGE_CURVE('',#4369,#4370,#2383,.T.);
#5190=EDGE_CURVE('',#4370,#4371,#2384,.T.);
#5191=EDGE_CURVE('',#4371,#4372,#2385,.T.);
#5192=EDGE_CURVE('',#4372,#4373,#2386,.T.);
#5193=EDGE_CURVE('',#4373,#4214,#2387,.T.);
#5194=EDGE_CURVE('',#4374,#4374,#657,.T.);
#5195=EDGE_CURVE('',#4375,#4376,#2388,.T.);
#5196=EDGE_CURVE('',#4376,#4377,#2389,.T.);
#5197=EDGE_CURVE('',#4377,#4378,#2390,.T.);
#5198=EDGE_CURVE('',#4378,#4375,#2391,.T.);
#5199=EDGE_CURVE('',#4379,#4379,#658,.T.);
#5200=EDGE_CURVE('',#4380,#4380,#659,.T.);
#5201=EDGE_CURVE('',#4381,#4381,#660,.T.);
#5202=EDGE_CURVE('',#4382,#4382,#661,.T.);
#5203=EDGE_CURVE('',#4383,#4383,#662,.T.);
#5204=EDGE_CURVE('',#4384,#4384,#663,.T.);
#5205=EDGE_CURVE('',#4385,#4385,#664,.T.);
#5206=EDGE_CURVE('',#4386,#4386,#665,.T.);
#5207=EDGE_CURVE('',#4387,#4388,#2392,.T.);
#5208=EDGE_CURVE('',#4388,#4389,#2393,.T.);
#5209=EDGE_CURVE('',#4389,#4390,#2394,.T.);
#5210=EDGE_CURVE('',#4390,#4387,#2395,.T.);
#5211=EDGE_CURVE('',#4391,#4391,#666,.T.);
#5212=EDGE_CURVE('',#4392,#4393,#2396,.T.);
#5213=EDGE_CURVE('',#4393,#4394,#2397,.T.);
#5214=EDGE_CURVE('',#4394,#4395,#2398,.T.);
#5215=EDGE_CURVE('',#4395,#4392,#2399,.T.);
#5216=EDGE_CURVE('',#4396,#4396,#667,.T.);
#5217=EDGE_CURVE('',#4397,#4397,#668,.T.);
#5218=EDGE_CURVE('',#4398,#4398,#669,.T.);
#5219=EDGE_CURVE('',#4399,#4399,#670,.T.);
#5220=EDGE_CURVE('',#4400,#4400,#671,.T.);
#5221=EDGE_CURVE('',#4401,#4401,#672,.T.);
#5222=EDGE_CURVE('',#4402,#4402,#673,.T.);
#5223=EDGE_CURVE('',#4403,#4404,#674,.T.);
#5224=EDGE_CURVE('',#4405,#4403,#2400,.T.);
#5225=EDGE_CURVE('',#4406,#4405,#675,.T.);
#5226=EDGE_CURVE('',#4404,#4406,#2401,.T.);
#5227=EDGE_CURVE('',#4407,#4407,#676,.T.);
#5228=EDGE_CURVE('',#4408,#4408,#677,.T.);
#5229=EDGE_CURVE('',#4409,#4410,#678,.T.);
#5230=EDGE_CURVE('',#4411,#4409,#2402,.T.);
#5231=EDGE_CURVE('',#4412,#4411,#679,.T.);
#5232=EDGE_CURVE('',#4410,#4412,#2403,.T.);
#5233=EDGE_CURVE('',#4413,#4414,#680,.T.);
#5234=EDGE_CURVE('',#4415,#4413,#2404,.T.);
#5235=EDGE_CURVE('',#4416,#4415,#681,.T.);
#5236=EDGE_CURVE('',#4414,#4416,#2405,.T.);
#5237=EDGE_CURVE('',#4417,#4417,#682,.T.);
#5238=EDGE_CURVE('',#4418,#4419,#683,.T.);
#5239=EDGE_CURVE('',#4420,#4418,#2406,.T.);
#5240=EDGE_CURVE('',#4421,#4420,#684,.T.);
#5241=EDGE_CURVE('',#4419,#4421,#2407,.T.);
#5242=EDGE_CURVE('',#4422,#4423,#2408,.T.);
#5243=EDGE_CURVE('',#4423,#4424,#2409,.T.);
#5244=EDGE_CURVE('',#4424,#4425,#2410,.T.);
#5245=EDGE_CURVE('',#4425,#4422,#2411,.T.);
#5246=EDGE_CURVE('',#4426,#4426,#685,.T.);
#5247=EDGE_CURVE('',#4427,#4427,#686,.T.);
#5248=EDGE_CURVE('',#4428,#4428,#687,.T.);
#5249=EDGE_CURVE('',#4429,#4429,#688,.T.);
#5250=EDGE_CURVE('',#4430,#4430,#689,.T.);
#5251=EDGE_CURVE('',#4431,#4431,#690,.T.);
#5252=EDGE_CURVE('',#4432,#4432,#691,.T.);
#5253=EDGE_CURVE('',#4433,#4433,#692,.T.);
#5254=EDGE_CURVE('',#4434,#4434,#693,.T.);
#5255=EDGE_CURVE('',#4435,#4435,#694,.T.);
#5256=EDGE_CURVE('',#4436,#4436,#695,.T.);
#5257=EDGE_CURVE('',#4437,#4438,#2412,.T.);
#5258=EDGE_CURVE('',#4438,#4439,#2413,.T.);
#5259=EDGE_CURVE('',#4439,#4440,#2414,.T.);
#5260=EDGE_CURVE('',#4440,#4437,#2415,.T.);
#5261=EDGE_CURVE('',#4441,#4441,#696,.T.);
#5262=EDGE_CURVE('',#4442,#4442,#697,.T.);
#5263=EDGE_CURVE('',#4443,#4443,#698,.T.);
#5264=EDGE_CURVE('',#4444,#4444,#699,.T.);
#5265=EDGE_CURVE('',#4445,#4445,#700,.T.);
#5266=EDGE_CURVE('',#4446,#4446,#701,.T.);
#5267=EDGE_CURVE('',#4447,#4447,#702,.T.);
#5268=EDGE_CURVE('',#4448,#4448,#703,.T.);
#5269=EDGE_CURVE('',#4449,#4450,#2416,.T.);
#5270=EDGE_CURVE('',#4450,#4451,#2417,.T.);
#5271=EDGE_CURVE('',#4451,#4452,#2418,.T.);
#5272=EDGE_CURVE('',#4452,#4449,#2419,.T.);
#5273=EDGE_CURVE('',#4453,#4454,#2420,.T.);
#5274=EDGE_CURVE('',#4454,#4455,#2421,.T.);
#5275=EDGE_CURVE('',#4455,#4456,#2422,.T.);
#5276=EDGE_CURVE('',#4456,#4453,#2423,.T.);
#5277=EDGE_CURVE('',#4457,#4457,#704,.T.);
#5278=EDGE_CURVE('',#4458,#4458,#705,.T.);
#5279=EDGE_CURVE('',#4459,#4459,#706,.T.);
#5280=EDGE_CURVE('',#4460,#4460,#707,.T.);
#5281=EDGE_CURVE('',#4461,#4461,#708,.T.);
#5282=EDGE_CURVE('',#4462,#4462,#709,.T.);
#5283=EDGE_CURVE('',#4463,#4463,#710,.T.);
#5284=EDGE_CURVE('',#4464,#4464,#711,.T.);
#5285=EDGE_CURVE('',#4465,#4466,#2424,.T.);
#5286=EDGE_CURVE('',#4466,#4467,#2425,.T.);
#5287=EDGE_CURVE('',#4467,#4468,#2426,.T.);
#5288=EDGE_CURVE('',#4468,#4465,#2427,.T.);
#5289=EDGE_CURVE('',#4469,#4469,#712,.T.);
#5290=EDGE_CURVE('',#4470,#4470,#713,.T.);
#5291=EDGE_CURVE('',#4471,#4471,#714,.T.);
#5292=EDGE_CURVE('',#4472,#4472,#715,.T.);
#5293=EDGE_CURVE('',#4473,#4474,#2428,.T.);
#5294=EDGE_CURVE('',#4474,#4475,#2429,.T.);
#5295=EDGE_CURVE('',#4475,#4476,#2430,.T.);
#5296=EDGE_CURVE('',#4476,#4473,#2431,.T.);
#5297=EDGE_CURVE('',#4477,#4477,#716,.T.);
#5298=EDGE_CURVE('',#4478,#4478,#717,.T.);
#5299=EDGE_CURVE('',#4479,#4479,#718,.T.);
#5300=EDGE_CURVE('',#4480,#4480,#719,.T.);
#5301=EDGE_CURVE('',#4481,#4481,#720,.T.);
#5302=EDGE_CURVE('',#4482,#4482,#721,.T.);
#5303=EDGE_CURVE('',#4483,#4483,#722,.T.);
#5304=EDGE_CURVE('',#4484,#4484,#723,.T.);
#5305=EDGE_CURVE('',#4485,#4485,#724,.T.);
#5306=EDGE_CURVE('',#4486,#4486,#725,.T.);
#5307=EDGE_CURVE('',#4487,#4487,#726,.T.);
#5308=EDGE_CURVE('',#4488,#4488,#727,.T.);
#5309=EDGE_CURVE('',#4489,#4489,#728,.T.);
#5310=EDGE_CURVE('',#4490,#4491,#2432,.T.);
#5311=EDGE_CURVE('',#4491,#4492,#2433,.T.);
#5312=EDGE_CURVE('',#4492,#4493,#2434,.T.);
#5313=EDGE_CURVE('',#4493,#4490,#2435,.T.);
#5314=EDGE_CURVE('',#4494,#4494,#729,.T.);
#5315=EDGE_CURVE('',#4495,#4495,#730,.T.);
#5316=EDGE_CURVE('',#4496,#4496,#731,.T.);
#5317=EDGE_CURVE('',#4497,#4497,#732,.T.);
#5318=EDGE_CURVE('',#4498,#4498,#733,.T.);
#5319=EDGE_CURVE('',#4499,#4499,#734,.T.);
#5320=EDGE_CURVE('',#4500,#4500,#735,.T.);
#5321=EDGE_CURVE('',#4501,#4501,#736,.T.);
#5322=EDGE_CURVE('',#4502,#4502,#737,.T.);
#5323=EDGE_CURVE('',#4503,#4503,#738,.T.);
#5324=EDGE_CURVE('',#4504,#4504,#739,.T.);
#5325=EDGE_CURVE('',#4505,#4505,#740,.T.);
#5326=EDGE_CURVE('',#4506,#4506,#741,.T.);
#5327=EDGE_CURVE('',#4507,#4507,#742,.T.);
#5328=EDGE_CURVE('',#4508,#4508,#743,.T.);
#5329=EDGE_CURVE('',#4509,#4510,#2436,.T.);
#5330=EDGE_CURVE('',#4510,#4511,#2437,.T.);
#5331=EDGE_CURVE('',#4511,#4512,#2438,.T.);
#5332=EDGE_CURVE('',#4512,#4509,#2439,.T.);
#5333=EDGE_CURVE('',#4513,#4513,#744,.T.);
#5334=EDGE_CURVE('',#4514,#4514,#745,.T.);
#5335=EDGE_CURVE('',#4515,#4515,#746,.T.);
#5336=EDGE_CURVE('',#4516,#4516,#747,.T.);
#5337=EDGE_CURVE('',#4517,#4517,#748,.T.);
#5338=EDGE_CURVE('',#4518,#4518,#749,.T.);
#5339=EDGE_CURVE('',#4519,#4519,#750,.T.);
#5340=EDGE_CURVE('',#4520,#4520,#751,.T.);
#5341=EDGE_CURVE('',#4521,#4521,#752,.T.);
#5342=EDGE_CURVE('',#4522,#4522,#753,.T.);
#5343=EDGE_CURVE('',#4523,#4523,#754,.T.);
#5344=EDGE_CURVE('',#4524,#4524,#755,.T.);
#5345=EDGE_CURVE('',#4525,#4525,#756,.T.);
#5346=EDGE_CURVE('',#4526,#4526,#757,.T.);
#5347=EDGE_CURVE('',#4527,#4528,#2440,.T.);
#5348=EDGE_CURVE('',#4528,#4529,#2441,.T.);
#5349=EDGE_CURVE('',#4529,#4530,#2442,.T.);
#5350=EDGE_CURVE('',#4530,#4527,#2443,.T.);
#5351=EDGE_CURVE('',#4531,#4531,#758,.T.);
#5352=EDGE_CURVE('',#4532,#4532,#759,.T.);
#5353=EDGE_CURVE('',#4533,#4533,#760,.T.);
#5354=EDGE_CURVE('',#4534,#4534,#761,.T.);
#5355=EDGE_CURVE('',#4535,#4535,#762,.T.);
#5356=EDGE_CURVE('',#4536,#4536,#763,.T.);
#5357=EDGE_CURVE('',#4537,#4537,#764,.T.);
#5358=EDGE_CURVE('',#4538,#4539,#2444,.T.);
#5359=EDGE_CURVE('',#4539,#4540,#2445,.T.);
#5360=EDGE_CURVE('',#4540,#4541,#2446,.T.);
#5361=EDGE_CURVE('',#4541,#4538,#2447,.T.);
#5362=EDGE_CURVE('',#4542,#4542,#765,.T.);
#5363=EDGE_CURVE('',#4543,#4543,#766,.T.);
#5364=EDGE_CURVE('',#4544,#4544,#767,.T.);
#5365=EDGE_CURVE('',#4545,#4545,#768,.T.);
#5366=EDGE_CURVE('',#4546,#4546,#769,.T.);
#5367=EDGE_CURVE('',#4547,#4547,#770,.T.);
#5368=EDGE_CURVE('',#4548,#4548,#771,.T.);
#5369=EDGE_CURVE('',#4549,#4550,#2448,.T.);
#5370=EDGE_CURVE('',#4550,#4551,#2449,.T.);
#5371=EDGE_CURVE('',#4551,#4552,#2450,.T.);
#5372=EDGE_CURVE('',#4552,#4549,#2451,.T.);
#5373=EDGE_CURVE('',#4553,#4554,#2452,.T.);
#5374=EDGE_CURVE('',#4554,#4555,#2453,.T.);
#5375=EDGE_CURVE('',#4555,#4556,#2454,.T.);
#5376=EDGE_CURVE('',#4556,#4553,#2455,.T.);
#5377=EDGE_CURVE('',#4557,#4557,#772,.T.);
#5378=EDGE_CURVE('',#4558,#4558,#773,.T.);
#5379=EDGE_CURVE('',#4559,#4559,#774,.T.);
#5380=EDGE_CURVE('',#4560,#4560,#775,.T.);
#5381=EDGE_CURVE('',#4561,#4561,#776,.T.);
#5382=EDGE_CURVE('',#4562,#4562,#777,.T.);
#5383=EDGE_CURVE('',#4563,#4563,#778,.T.);
#5384=EDGE_CURVE('',#4564,#4564,#779,.T.);
#5385=EDGE_CURVE('',#4565,#4566,#2456,.T.);
#5386=EDGE_CURVE('',#4566,#4567,#2457,.T.);
#5387=EDGE_CURVE('',#4567,#4568,#2458,.T.);
#5388=EDGE_CURVE('',#4568,#4565,#2459,.T.);
#5389=EDGE_CURVE('',#4569,#4569,#780,.T.);
#5390=EDGE_CURVE('',#4570,#4570,#781,.T.);
#5391=EDGE_CURVE('',#4571,#4571,#782,.T.);
#5392=EDGE_CURVE('',#4572,#4572,#783,.T.);
#5393=EDGE_CURVE('',#4573,#4574,#2460,.T.);
#5394=EDGE_CURVE('',#4574,#4575,#2461,.T.);
#5395=EDGE_CURVE('',#4575,#4576,#2462,.T.);
#5396=EDGE_CURVE('',#4576,#4573,#2463,.T.);
#5397=EDGE_CURVE('',#4577,#4577,#784,.T.);
#5398=EDGE_CURVE('',#4578,#4578,#785,.T.);
#5399=EDGE_CURVE('',#4579,#4579,#786,.T.);
#5400=EDGE_CURVE('',#4580,#4580,#787,.T.);
#5401=EDGE_CURVE('',#4581,#4581,#788,.T.);
#5402=EDGE_CURVE('',#4582,#4582,#789,.T.);
#5403=EDGE_CURVE('',#4583,#4583,#790,.T.);
#5404=EDGE_CURVE('',#4584,#4585,#2464,.T.);
#5405=EDGE_CURVE('',#4585,#4586,#2465,.T.);
#5406=EDGE_CURVE('',#4586,#4587,#2466,.T.);
#5407=EDGE_CURVE('',#4587,#4584,#2467,.T.);
#5408=EDGE_CURVE('',#4588,#4589,#2468,.T.);
#5409=EDGE_CURVE('',#4589,#4590,#2469,.T.);
#5410=EDGE_CURVE('',#4590,#4591,#2470,.T.);
#5411=EDGE_CURVE('',#4591,#4588,#2471,.T.);
#5412=EDGE_CURVE('',#4592,#4592,#791,.T.);
#5413=EDGE_CURVE('',#4593,#4593,#792,.T.);
#5414=EDGE_CURVE('',#4594,#4594,#793,.T.);
#5415=EDGE_CURVE('',#4595,#4595,#794,.T.);
#5416=EDGE_CURVE('',#4596,#4596,#795,.T.);
#5417=EDGE_CURVE('',#4597,#4597,#796,.T.);
#5418=EDGE_CURVE('',#4598,#4598,#797,.T.);
#5419=EDGE_CURVE('',#4599,#4599,#798,.T.);
#5420=EDGE_CURVE('',#4600,#4601,#2472,.T.);
#5421=EDGE_CURVE('',#4601,#4602,#2473,.T.);
#5422=EDGE_CURVE('',#4602,#4603,#2474,.T.);
#5423=EDGE_CURVE('',#4603,#4600,#2475,.T.);
#5424=EDGE_CURVE('',#4604,#4604,#799,.T.);
#5425=EDGE_CURVE('',#4605,#4605,#800,.T.);
#5426=EDGE_CURVE('',#4606,#4606,#801,.T.);
#5427=EDGE_CURVE('',#4607,#4607,#802,.T.);
#5428=EDGE_CURVE('',#4608,#4609,#2476,.T.);
#5429=EDGE_CURVE('',#4609,#4610,#2477,.T.);
#5430=EDGE_CURVE('',#4610,#4611,#2478,.T.);
#5431=EDGE_CURVE('',#4611,#4608,#2479,.T.);
#5432=EDGE_CURVE('',#4612,#4612,#803,.T.);
#5433=EDGE_CURVE('',#4613,#4613,#804,.T.);
#5434=EDGE_CURVE('',#4614,#4614,#805,.T.);
#5435=EDGE_CURVE('',#4615,#4615,#806,.T.);
#5436=EDGE_CURVE('',#4616,#4616,#807,.T.);
#5437=EDGE_CURVE('',#4617,#4617,#808,.T.);
#5438=EDGE_CURVE('',#4330,#3851,#2480,.T.);
#5439=EDGE_CURVE('',#4331,#3846,#2481,.T.);
#5440=EDGE_CURVE('',#4329,#3852,#2482,.T.);
#5441=EDGE_CURVE('',#4332,#3845,#2483,.T.);
#5442=EDGE_CURVE('',#4328,#3853,#2484,.T.);
#5443=EDGE_CURVE('',#4333,#3844,#2485,.T.);
#5444=EDGE_CURVE('',#4327,#3854,#2486,.T.);
#5445=EDGE_CURVE('',#4334,#3843,#2487,.T.);
#5446=EDGE_CURVE('',#4326,#3855,#2488,.T.);
#5447=EDGE_CURVE('',#4335,#3842,#2489,.T.);
#5448=EDGE_CURVE('',#4325,#3856,#2490,.T.);
#5449=EDGE_CURVE('',#4336,#3841,#2491,.T.);
#5450=EDGE_CURVE('',#4324,#3857,#2492,.T.);
#5451=EDGE_CURVE('',#4337,#3840,#2493,.T.);
#5452=EDGE_CURVE('',#4323,#3858,#2494,.T.);
#5453=EDGE_CURVE('',#4338,#3839,#2495,.T.);
#5454=EDGE_CURVE('',#4322,#3859,#2496,.T.);
#5455=EDGE_CURVE('',#4339,#3838,#2497,.T.);
#5456=EDGE_CURVE('',#4321,#3860,#2498,.T.);
#5457=EDGE_CURVE('',#4340,#3837,#2499,.T.);
#5458=EDGE_CURVE('',#4320,#3861,#2500,.T.);
#5459=EDGE_CURVE('',#4341,#3836,#2501,.T.);
#5460=EDGE_CURVE('',#4319,#3862,#2502,.T.);
#5461=EDGE_CURVE('',#4342,#3835,#2503,.T.);
#5462=EDGE_CURVE('',#4318,#3863,#2504,.T.);
#5463=EDGE_CURVE('',#4343,#3834,#2505,.T.);
#5464=EDGE_CURVE('',#4317,#3864,#2506,.T.);
#5465=EDGE_CURVE('',#4344,#3833,#2507,.T.);
#5466=EDGE_CURVE('',#4316,#3865,#2508,.T.);
#5467=EDGE_CURVE('',#4345,#3832,#2509,.T.);
#5468=EDGE_CURVE('',#4315,#3866,#2510,.T.);
#5469=EDGE_CURVE('',#4346,#3831,#2511,.T.);
#5470=EDGE_CURVE('',#4314,#3867,#2512,.T.);
#5471=EDGE_CURVE('',#4347,#3830,#2513,.T.);
#5472=EDGE_CURVE('',#4313,#3868,#2514,.T.);
#5473=EDGE_CURVE('',#4348,#3829,#2515,.T.);
#5474=EDGE_CURVE('',#4312,#3869,#2516,.T.);
#5475=EDGE_CURVE('',#4349,#3828,#2517,.T.);
#5476=EDGE_CURVE('',#4350,#3827,#2518,.T.);
#5477=EDGE_CURVE('',#4310,#3870,#2519,.T.);
#5478=EDGE_CURVE('',#4311,#4618,#2520,.T.);
#5479=EDGE_CURVE('',#4351,#3826,#2521,.T.);
#5480=EDGE_CURVE('',#4309,#3871,#2522,.T.);
#5481=EDGE_CURVE('',#4352,#3825,#2523,.T.);
#5482=EDGE_CURVE('',#4308,#3872,#2524,.T.);
#5483=EDGE_CURVE('',#4353,#3824,#2525,.T.);
#5484=EDGE_CURVE('',#4307,#3873,#2526,.T.);
#5485=EDGE_CURVE('',#4354,#3823,#2527,.T.);
#5486=EDGE_CURVE('',#4306,#3874,#2528,.T.);
#5487=EDGE_CURVE('',#4355,#3822,#2529,.T.);
#5488=EDGE_CURVE('',#4305,#3875,#2530,.T.);
#5489=EDGE_CURVE('',#4356,#3821,#2531,.T.);
#5490=EDGE_CURVE('',#4304,#3876,#2532,.T.);
#5491=EDGE_CURVE('',#4357,#3820,#2533,.T.);
#5492=EDGE_CURVE('',#4303,#3877,#2534,.T.);
#5493=EDGE_CURVE('',#4358,#3819,#2535,.T.);
#5494=EDGE_CURVE('',#4302,#3878,#2536,.T.);
#5495=EDGE_CURVE('',#4359,#3818,#2537,.T.);
#5496=EDGE_CURVE('',#4301,#3879,#2538,.T.);
#5497=EDGE_CURVE('',#4360,#3817,#2539,.T.);
#5498=EDGE_CURVE('',#4300,#3880,#2540,.T.);
#5499=EDGE_CURVE('',#4361,#3816,#2541,.T.);
#5500=EDGE_CURVE('',#4299,#3881,#2542,.T.);
#5501=EDGE_CURVE('',#4362,#3815,#2543,.T.);
#5502=EDGE_CURVE('',#4298,#3882,#2544,.T.);
#5503=EDGE_CURVE('',#4363,#3814,#2545,.T.);
#5504=EDGE_CURVE('',#4297,#3883,#2546,.T.);
#5505=EDGE_CURVE('',#4364,#3813,#2547,.T.);
#5506=EDGE_CURVE('',#4296,#3884,#2548,.T.);
#5507=EDGE_CURVE('',#4365,#3812,#2549,.T.);
#5508=EDGE_CURVE('',#4295,#3885,#2550,.T.);
#5509=EDGE_CURVE('',#4366,#3811,#2551,.T.);
#5510=EDGE_CURVE('',#4294,#3886,#2552,.T.);
#5511=EDGE_CURVE('',#4367,#3810,#2553,.T.);
#5512=EDGE_CURVE('',#4293,#3887,#2554,.T.);
#5513=EDGE_CURVE('',#4368,#3809,#2555,.T.);
#5514=EDGE_CURVE('',#4292,#3888,#2556,.T.);
#5515=EDGE_CURVE('',#4369,#3808,#2557,.T.);
#5516=EDGE_CURVE('',#4291,#3889,#2558,.T.);
#5517=EDGE_CURVE('',#4370,#3807,#2559,.T.);
#5518=EDGE_CURVE('',#4290,#3890,#2560,.T.);
#5519=EDGE_CURVE('',#4371,#3806,#2561,.T.);
#5520=EDGE_CURVE('',#4289,#3891,#2562,.T.);
#5521=EDGE_CURVE('',#4372,#3805,#2563,.T.);
#5522=EDGE_CURVE('',#4288,#3892,#2564,.T.);
#5523=EDGE_CURVE('',#4373,#3804,#2565,.T.);
#5524=EDGE_CURVE('',#4287,#3893,#2566,.T.);
#5525=EDGE_CURVE('',#4214,#3803,#2567,.T.);
#5526=EDGE_CURVE('',#4286,#3894,#2568,.T.);
#5527=EDGE_CURVE('',#4285,#3895,#2569,.T.);
#5528=EDGE_CURVE('',#4215,#3965,#2570,.T.);
#5529=EDGE_CURVE('',#4284,#3896,#2571,.T.);
#5530=EDGE_CURVE('',#4216,#3964,#2572,.T.);
#5531=EDGE_CURVE('',#4283,#3897,#2573,.T.);
#5532=EDGE_CURVE('',#4217,#3963,#2574,.T.);
#5533=EDGE_CURVE('',#4282,#3898,#2575,.T.);
#5534=EDGE_CURVE('',#4218,#3962,#2576,.T.);
#5535=EDGE_CURVE('',#4281,#3899,#2577,.T.);
#5536=EDGE_CURVE('',#4219,#3961,#2578,.T.);
#5537=EDGE_CURVE('',#4280,#3900,#2579,.T.);
#5538=EDGE_CURVE('',#4220,#3960,#2580,.T.);
#5539=EDGE_CURVE('',#4279,#3901,#2581,.T.);
#5540=EDGE_CURVE('',#4221,#3959,#2582,.T.);
#5541=EDGE_CURVE('',#4278,#3902,#2583,.T.);
#5542=EDGE_CURVE('',#4222,#3958,#2584,.T.);
#5543=EDGE_CURVE('',#4277,#3903,#2585,.T.);
#5544=EDGE_CURVE('',#4223,#3957,#2586,.T.);
#5545=EDGE_CURVE('',#4276,#3904,#2587,.T.);
#5546=EDGE_CURVE('',#4275,#3905,#2588,.T.);
#5547=EDGE_CURVE('',#4224,#3956,#2589,.T.);
#5548=EDGE_CURVE('',#4274,#3906,#2590,.T.);
#5549=EDGE_CURVE('',#4225,#3955,#2591,.T.);
#5550=EDGE_CURVE('',#4273,#3907,#2592,.T.);
#5551=EDGE_CURVE('',#4226,#3954,#2593,.T.);
#5552=EDGE_CURVE('',#4272,#3908,#2594,.T.);
#5553=EDGE_CURVE('',#4227,#3953,#2595,.T.);
#5554=EDGE_CURVE('',#4271,#3909,#2596,.T.);
#5555=EDGE_CURVE('',#4228,#3952,#2597,.T.);
#5556=EDGE_CURVE('',#4270,#3910,#2598,.T.);
#5557=EDGE_CURVE('',#4229,#3951,#2599,.T.);
#5558=EDGE_CURVE('',#4269,#3911,#2600,.T.);
#5559=EDGE_CURVE('',#4230,#3950,#2601,.T.);
#5560=EDGE_CURVE('',#4268,#3912,#2602,.T.);
#5561=EDGE_CURVE('',#4231,#3949,#2603,.T.);
#5562=EDGE_CURVE('',#4267,#3913,#2604,.T.);
#5563=EDGE_CURVE('',#4232,#3948,#2605,.T.);
#5564=EDGE_CURVE('',#4266,#3914,#2606,.T.);
#5565=EDGE_CURVE('',#4233,#3947,#2607,.T.);
#5566=EDGE_CURVE('',#4265,#3915,#2608,.T.);
#5567=EDGE_CURVE('',#4234,#3946,#2609,.T.);
#5568=EDGE_CURVE('',#4264,#3916,#2610,.T.);
#5569=EDGE_CURVE('',#4235,#3945,#2611,.T.);
#5570=EDGE_CURVE('',#4263,#3917,#2612,.T.);
#5571=EDGE_CURVE('',#4236,#3944,#2613,.T.);
#5572=EDGE_CURVE('',#4262,#3918,#2614,.T.);
#5573=EDGE_CURVE('',#4237,#3943,#2615,.T.);
#5574=EDGE_CURVE('',#4261,#3919,#2616,.T.);
#5575=EDGE_CURVE('',#4238,#3942,#2617,.T.);
#5576=EDGE_CURVE('',#4260,#3920,#2618,.T.);
#5577=EDGE_CURVE('',#4239,#3941,#2619,.T.);
#5578=EDGE_CURVE('',#4259,#3921,#2620,.T.);
#5579=EDGE_CURVE('',#4240,#3940,#2621,.T.);
#5580=EDGE_CURVE('',#4258,#3922,#2622,.T.);
#5581=EDGE_CURVE('',#4241,#3939,#2623,.T.);
#5582=EDGE_CURVE('',#4257,#3923,#2624,.T.);
#5583=EDGE_CURVE('',#4242,#3938,#2625,.T.);
#5584=EDGE_CURVE('',#4256,#3924,#2626,.T.);
#5585=EDGE_CURVE('',#4243,#3937,#2627,.T.);
#5586=EDGE_CURVE('',#4255,#3925,#2628,.T.);
#5587=EDGE_CURVE('',#4244,#3936,#2629,.T.);
#5588=EDGE_CURVE('',#4254,#3926,#2630,.T.);
#5589=EDGE_CURVE('',#4245,#3935,#2631,.T.);
#5590=EDGE_CURVE('',#4253,#3927,#2632,.T.);
#5591=EDGE_CURVE('',#4246,#3934,#2633,.T.);
#5592=EDGE_CURVE('',#4252,#3928,#2634,.T.);
#5593=EDGE_CURVE('',#4247,#3933,#2635,.T.);
#5594=EDGE_CURVE('',#4251,#3929,#2636,.T.);
#5595=EDGE_CURVE('',#4248,#3932,#2637,.T.);
#5596=EDGE_CURVE('',#4250,#3930,#2638,.T.);
#5597=EDGE_CURVE('',#4249,#3931,#2639,.T.);
#5598=EDGE_CURVE('',#3966,#4374,#2640,.T.);
#5599=EDGE_CURVE('',#4375,#3968,#2641,.T.);
#5600=EDGE_CURVE('',#4376,#3967,#2642,.T.);
#5601=EDGE_CURVE('',#4378,#3969,#2643,.T.);
#5602=EDGE_CURVE('',#4377,#3970,#2644,.T.);
#5603=EDGE_CURVE('',#3971,#4379,#2645,.T.);
#5604=EDGE_CURVE('',#3972,#4380,#2646,.T.);
#5605=EDGE_CURVE('',#3973,#4381,#2647,.T.);
#5606=EDGE_CURVE('',#3974,#4382,#2648,.T.);
#5607=EDGE_CURVE('',#3975,#4383,#2649,.T.);
#5608=EDGE_CURVE('',#3976,#4384,#2650,.T.);
#5609=EDGE_CURVE('',#3977,#4385,#2651,.T.);
#5610=EDGE_CURVE('',#3978,#4386,#2652,.T.);
#5611=EDGE_CURVE('',#4387,#3980,#2653,.T.);
#5612=EDGE_CURVE('',#4388,#3979,#2654,.T.);
#5613=EDGE_CURVE('',#4390,#3981,#2655,.T.);
#5614=EDGE_CURVE('',#4389,#3982,#2656,.T.);
#5615=EDGE_CURVE('',#3983,#4391,#2657,.T.);
#5616=EDGE_CURVE('',#4392,#3985,#2658,.T.);
#5617=EDGE_CURVE('',#4393,#3984,#2659,.T.);
#5618=EDGE_CURVE('',#4395,#3986,#2660,.T.);
#5619=EDGE_CURVE('',#4394,#3987,#2661,.T.);
#5620=EDGE_CURVE('',#3988,#4396,#2662,.T.);
#5621=EDGE_CURVE('',#3989,#4397,#2663,.T.);
#5622=EDGE_CURVE('',#3990,#4398,#2664,.T.);
#5623=EDGE_CURVE('',#3991,#4399,#2665,.T.);
#5624=EDGE_CURVE('',#3992,#4400,#2666,.T.);
#5625=EDGE_CURVE('',#3993,#4401,#2667,.T.);
#5626=EDGE_CURVE('',#3994,#4402,#2668,.T.);
#5627=EDGE_CURVE('',#4404,#3996,#2669,.T.);
#5628=EDGE_CURVE('',#4403,#3995,#2670,.T.);
#5629=EDGE_CURVE('',#4405,#3998,#2671,.T.);
#5630=EDGE_CURVE('',#4406,#3997,#2672,.T.);
#5631=EDGE_CURVE('',#3999,#4407,#2673,.T.);
#5632=EDGE_CURVE('',#4000,#4408,#2674,.T.);
#5633=EDGE_CURVE('',#4410,#4002,#2675,.T.);
#5634=EDGE_CURVE('',#4409,#4001,#2676,.T.);
#5635=EDGE_CURVE('',#4411,#4004,#2677,.T.);
#5636=EDGE_CURVE('',#4412,#4003,#2678,.T.);
#5637=EDGE_CURVE('',#4414,#4006,#2679,.T.);
#5638=EDGE_CURVE('',#4413,#4005,#2680,.T.);
#5639=EDGE_CURVE('',#4415,#4008,#2681,.T.);
#5640=EDGE_CURVE('',#4416,#4007,#2682,.T.);
#5641=EDGE_CURVE('',#4009,#4417,#2683,.T.);
#5642=EDGE_CURVE('',#4419,#4011,#2684,.T.);
#5643=EDGE_CURVE('',#4418,#4010,#2685,.T.);
#5644=EDGE_CURVE('',#4420,#4013,#2686,.T.);
#5645=EDGE_CURVE('',#4421,#4012,#2687,.T.);
#5646=EDGE_CURVE('',#4422,#4015,#2688,.T.);
#5647=EDGE_CURVE('',#4423,#4014,#2689,.T.);
#5648=EDGE_CURVE('',#4425,#4016,#2690,.T.);
#5649=EDGE_CURVE('',#4424,#4017,#2691,.T.);
#5650=EDGE_CURVE('',#4018,#4426,#2692,.T.);
#5651=EDGE_CURVE('',#4019,#4427,#2693,.T.);
#5652=EDGE_CURVE('',#4020,#4428,#2694,.T.);
#5653=EDGE_CURVE('',#4021,#4429,#2695,.T.);
#5654=EDGE_CURVE('',#4022,#4430,#2696,.T.);
#5655=EDGE_CURVE('',#4023,#4431,#2697,.T.);
#5656=EDGE_CURVE('',#4024,#4432,#2698,.T.);
#5657=EDGE_CURVE('',#4025,#4433,#2699,.T.);
#5658=EDGE_CURVE('',#4026,#4434,#2700,.T.);
#5659=EDGE_CURVE('',#4027,#4435,#2701,.T.);
#5660=EDGE_CURVE('',#4028,#4436,#2702,.T.);
#5661=EDGE_CURVE('',#4437,#4030,#2703,.T.);
#5662=EDGE_CURVE('',#4438,#4029,#2704,.T.);
#5663=EDGE_CURVE('',#4440,#4031,#2705,.T.);
#5664=EDGE_CURVE('',#4439,#4032,#2706,.T.);
#5665=EDGE_CURVE('',#4033,#4441,#2707,.T.);
#5666=EDGE_CURVE('',#4034,#4442,#2708,.T.);
#5667=EDGE_CURVE('',#4035,#4443,#2709,.T.);
#5668=EDGE_CURVE('',#4036,#4444,#2710,.T.);
#5669=EDGE_CURVE('',#4037,#4445,#2711,.T.);
#5670=EDGE_CURVE('',#4038,#4446,#2712,.T.);
#5671=EDGE_CURVE('',#4039,#4447,#2713,.T.);
#5672=EDGE_CURVE('',#4040,#4448,#2714,.T.);
#5673=EDGE_CURVE('',#4449,#4042,#2715,.T.);
#5674=EDGE_CURVE('',#4450,#4041,#2716,.T.);
#5675=EDGE_CURVE('',#4452,#4043,#2717,.T.);
#5676=EDGE_CURVE('',#4451,#4044,#2718,.T.);
#5677=EDGE_CURVE('',#4453,#4046,#2719,.T.);
#5678=EDGE_CURVE('',#4454,#4045,#2720,.T.);
#5679=EDGE_CURVE('',#4456,#4047,#2721,.T.);
#5680=EDGE_CURVE('',#4455,#4048,#2722,.T.);
#5681=EDGE_CURVE('',#4049,#4457,#2723,.T.);
#5682=EDGE_CURVE('',#4050,#4458,#2724,.T.);
#5683=EDGE_CURVE('',#4051,#4459,#2725,.T.);
#5684=EDGE_CURVE('',#4052,#4460,#2726,.T.);
#5685=EDGE_CURVE('',#4053,#4461,#2727,.T.);
#5686=EDGE_CURVE('',#4054,#4462,#2728,.T.);
#5687=EDGE_CURVE('',#4055,#4463,#2729,.T.);
#5688=EDGE_CURVE('',#4056,#4464,#2730,.T.);
#5689=EDGE_CURVE('',#4465,#4058,#2731,.T.);
#5690=EDGE_CURVE('',#4466,#4057,#2732,.T.);
#5691=EDGE_CURVE('',#4468,#4059,#2733,.T.);
#5692=EDGE_CURVE('',#4467,#4060,#2734,.T.);
#5693=EDGE_CURVE('',#4061,#4469,#2735,.T.);
#5694=EDGE_CURVE('',#4062,#4470,#2736,.T.);
#5695=EDGE_CURVE('',#4063,#4471,#2737,.T.);
#5696=EDGE_CURVE('',#4064,#4472,#2738,.T.);
#5697=EDGE_CURVE('',#4473,#4066,#2739,.T.);
#5698=EDGE_CURVE('',#4474,#4065,#2740,.T.);
#5699=EDGE_CURVE('',#4476,#4067,#2741,.T.);
#5700=EDGE_CURVE('',#4475,#4068,#2742,.T.);
#5701=EDGE_CURVE('',#4069,#4477,#2743,.T.);
#5702=EDGE_CURVE('',#4070,#4478,#2744,.T.);
#5703=EDGE_CURVE('',#4071,#4479,#2745,.T.);
#5704=EDGE_CURVE('',#4072,#4480,#2746,.T.);
#5705=EDGE_CURVE('',#4073,#4481,#2747,.T.);
#5706=EDGE_CURVE('',#4074,#4482,#2748,.T.);
#5707=EDGE_CURVE('',#4075,#4483,#2749,.T.);
#5708=EDGE_CURVE('',#4076,#4484,#2750,.T.);
#5709=EDGE_CURVE('',#4077,#4485,#2751,.T.);
#5710=EDGE_CURVE('',#4078,#4486,#2752,.T.);
#5711=EDGE_CURVE('',#4079,#4487,#2753,.T.);
#5712=EDGE_CURVE('',#4080,#4488,#2754,.T.);
#5713=EDGE_CURVE('',#4081,#4489,#2755,.T.);
#5714=EDGE_CURVE('',#4490,#4083,#2756,.T.);
#5715=EDGE_CURVE('',#4491,#4082,#2757,.T.);
#5716=EDGE_CURVE('',#4493,#4084,#2758,.T.);
#5717=EDGE_CURVE('',#4492,#4085,#2759,.T.);
#5718=EDGE_CURVE('',#4086,#4494,#2760,.T.);
#5719=EDGE_CURVE('',#4087,#4495,#2761,.T.);
#5720=EDGE_CURVE('',#4088,#4496,#2762,.T.);
#5721=EDGE_CURVE('',#4089,#4497,#2763,.T.);
#5722=EDGE_CURVE('',#4090,#4498,#2764,.T.);
#5723=EDGE_CURVE('',#4091,#4499,#2765,.T.);
#5724=EDGE_CURVE('',#4092,#4500,#2766,.T.);
#5725=EDGE_CURVE('',#4093,#4501,#2767,.T.);
#5726=EDGE_CURVE('',#4094,#4502,#2768,.T.);
#5727=EDGE_CURVE('',#4095,#4503,#2769,.T.);
#5728=EDGE_CURVE('',#4096,#4504,#2770,.T.);
#5729=EDGE_CURVE('',#4097,#4505,#2771,.T.);
#5730=EDGE_CURVE('',#4098,#4506,#2772,.T.);
#5731=EDGE_CURVE('',#4099,#4507,#2773,.T.);
#5732=EDGE_CURVE('',#4100,#4508,#2774,.T.);
#5733=EDGE_CURVE('',#4509,#4102,#2775,.T.);
#5734=EDGE_CURVE('',#4510,#4101,#2776,.T.);
#5735=EDGE_CURVE('',#4512,#4103,#2777,.T.);
#5736=EDGE_CURVE('',#4511,#4104,#2778,.T.);
#5737=EDGE_CURVE('',#4105,#4513,#2779,.T.);
#5738=EDGE_CURVE('',#4106,#4514,#2780,.T.);
#5739=EDGE_CURVE('',#4107,#4515,#2781,.T.);
#5740=EDGE_CURVE('',#4108,#4516,#2782,.T.);
#5741=EDGE_CURVE('',#4109,#4517,#2783,.T.);
#5742=EDGE_CURVE('',#4110,#4518,#2784,.T.);
#5743=EDGE_CURVE('',#4111,#4519,#2785,.T.);
#5744=EDGE_CURVE('',#4112,#4520,#2786,.T.);
#5745=EDGE_CURVE('',#4113,#4521,#2787,.T.);
#5746=EDGE_CURVE('',#4114,#4522,#2788,.T.);
#5747=EDGE_CURVE('',#4115,#4523,#2789,.T.);
#5748=EDGE_CURVE('',#4116,#4524,#2790,.T.);
#5749=EDGE_CURVE('',#4117,#4525,#2791,.T.);
#5750=EDGE_CURVE('',#4118,#4526,#2792,.T.);
#5751=EDGE_CURVE('',#4527,#4120,#2793,.T.);
#5752=EDGE_CURVE('',#4528,#4119,#2794,.T.);
#5753=EDGE_CURVE('',#4530,#4121,#2795,.T.);
#5754=EDGE_CURVE('',#4529,#4122,#2796,.T.);
#5755=EDGE_CURVE('',#4123,#4531,#2797,.T.);
#5756=EDGE_CURVE('',#4124,#4532,#2798,.T.);
#5757=EDGE_CURVE('',#4125,#4533,#2799,.T.);
#5758=EDGE_CURVE('',#4126,#4534,#2800,.T.);
#5759=EDGE_CURVE('',#4127,#4535,#2801,.T.);
#5760=EDGE_CURVE('',#4128,#4536,#2802,.T.);
#5761=EDGE_CURVE('',#4129,#4537,#2803,.T.);
#5762=EDGE_CURVE('',#4538,#4131,#2804,.T.);
#5763=EDGE_CURVE('',#4539,#4130,#2805,.T.);
#5764=EDGE_CURVE('',#4541,#4132,#2806,.T.);
#5765=EDGE_CURVE('',#4540,#4133,#2807,.T.);
#5766=EDGE_CURVE('',#4134,#4542,#2808,.T.);
#5767=EDGE_CURVE('',#4135,#4543,#2809,.T.);
#5768=EDGE_CURVE('',#4136,#4544,#2810,.T.);
#5769=EDGE_CURVE('',#4137,#4545,#2811,.T.);
#5770=EDGE_CURVE('',#4138,#4546,#2812,.T.);
#5771=EDGE_CURVE('',#4139,#4547,#2813,.T.);
#5772=EDGE_CURVE('',#4140,#4548,#2814,.T.);
#5773=EDGE_CURVE('',#4549,#4142,#2815,.T.);
#5774=EDGE_CURVE('',#4550,#4141,#2816,.T.);
#5775=EDGE_CURVE('',#4552,#4143,#2817,.T.);
#5776=EDGE_CURVE('',#4551,#4144,#2818,.T.);
#5777=EDGE_CURVE('',#4553,#4146,#2819,.T.);
#5778=EDGE_CURVE('',#4554,#4145,#2820,.T.);
#5779=EDGE_CURVE('',#4556,#4147,#2821,.T.);
#5780=EDGE_CURVE('',#4555,#4148,#2822,.T.);
#5781=EDGE_CURVE('',#4149,#4557,#2823,.T.);
#5782=EDGE_CURVE('',#4150,#4558,#2824,.T.);
#5783=EDGE_CURVE('',#4151,#4559,#2825,.T.);
#5784=EDGE_CURVE('',#4152,#4560,#2826,.T.);
#5785=EDGE_CURVE('',#4153,#4561,#2827,.T.);
#5786=EDGE_CURVE('',#4154,#4562,#2828,.T.);
#5787=EDGE_CURVE('',#4155,#4563,#2829,.T.);
#5788=EDGE_CURVE('',#4156,#4564,#2830,.T.);
#5789=EDGE_CURVE('',#4565,#4158,#2831,.T.);
#5790=EDGE_CURVE('',#4566,#4157,#2832,.T.);
#5791=EDGE_CURVE('',#4568,#4159,#2833,.T.);
#5792=EDGE_CURVE('',#4567,#4160,#2834,.T.);
#5793=EDGE_CURVE('',#4161,#4569,#2835,.T.);
#5794=EDGE_CURVE('',#4162,#4570,#2836,.T.);
#5795=EDGE_CURVE('',#4163,#4571,#2837,.T.);
#5796=EDGE_CURVE('',#4164,#4572,#2838,.T.);
#5797=EDGE_CURVE('',#4573,#4166,#2839,.T.);
#5798=EDGE_CURVE('',#4574,#4165,#2840,.T.);
#5799=EDGE_CURVE('',#4576,#4167,#2841,.T.);
#5800=EDGE_CURVE('',#4575,#4168,#2842,.T.);
#5801=EDGE_CURVE('',#4169,#4577,#2843,.T.);
#5802=EDGE_CURVE('',#4170,#4578,#2844,.T.);
#5803=EDGE_CURVE('',#4171,#4579,#2845,.T.);
#5804=EDGE_CURVE('',#4172,#4580,#2846,.T.);
#5805=EDGE_CURVE('',#4173,#4581,#2847,.T.);
#5806=EDGE_CURVE('',#4174,#4582,#2848,.T.);
#5807=EDGE_CURVE('',#4175,#4583,#2849,.T.);
#5808=EDGE_CURVE('',#4584,#4177,#2850,.T.);
#5809=EDGE_CURVE('',#4585,#4176,#2851,.T.);
#5810=EDGE_CURVE('',#4587,#4178,#2852,.T.);
#5811=EDGE_CURVE('',#4586,#4179,#2853,.T.);
#5812=EDGE_CURVE('',#4588,#4181,#2854,.T.);
#5813=EDGE_CURVE('',#4589,#4180,#2855,.T.);
#5814=EDGE_CURVE('',#4591,#4182,#2856,.T.);
#5815=EDGE_CURVE('',#4590,#4183,#2857,.T.);
#5816=EDGE_CURVE('',#4184,#4592,#2858,.T.);
#5817=EDGE_CURVE('',#4185,#4593,#2859,.T.);
#5818=EDGE_CURVE('',#4186,#4594,#2860,.T.);
#5819=EDGE_CURVE('',#4187,#4595,#2861,.T.);
#5820=EDGE_CURVE('',#4188,#4596,#2862,.T.);
#5821=EDGE_CURVE('',#4189,#4597,#2863,.T.);
#5822=EDGE_CURVE('',#4190,#4598,#2864,.T.);
#5823=EDGE_CURVE('',#4191,#4599,#2865,.T.);
#5824=EDGE_CURVE('',#4600,#4193,#2866,.T.);
#5825=EDGE_CURVE('',#4601,#4192,#2867,.T.);
#5826=EDGE_CURVE('',#4603,#4194,#2868,.T.);
#5827=EDGE_CURVE('',#4602,#4195,#2869,.T.);
#5828=EDGE_CURVE('',#4196,#4604,#2870,.T.);
#5829=EDGE_CURVE('',#4197,#4605,#2871,.T.);
#5830=EDGE_CURVE('',#4198,#4606,#2872,.T.);
#5831=EDGE_CURVE('',#4199,#4607,#2873,.T.);
#5832=EDGE_CURVE('',#4608,#4201,#2874,.T.);
#5833=EDGE_CURVE('',#4609,#4200,#2875,.T.);
#5834=EDGE_CURVE('',#4611,#4202,#2876,.T.);
#5835=EDGE_CURVE('',#4610,#4203,#2877,.T.);
#5836=EDGE_CURVE('',#4204,#4612,#2878,.T.);
#5837=EDGE_CURVE('',#4205,#4613,#2879,.T.);
#5838=EDGE_CURVE('',#4206,#4614,#2880,.T.);
#5839=EDGE_CURVE('',#4207,#4615,#2881,.T.);
#5840=EDGE_CURVE('',#4208,#4616,#2882,.T.);
#5841=EDGE_CURVE('',#4209,#4617,#2883,.T.);
#5842=ORIENTED_EDGE('',*,*,#4619,.T.);
#5843=ORIENTED_EDGE('',*,*,#4620,.T.);
#5844=ORIENTED_EDGE('',*,*,#4621,.T.);
#5845=ORIENTED_EDGE('',*,*,#4622,.T.);
#5846=ORIENTED_EDGE('',*,*,#4623,.T.);
#5847=ORIENTED_EDGE('',*,*,#4624,.T.);
#5848=ORIENTED_EDGE('',*,*,#4625,.T.);
#5849=ORIENTED_EDGE('',*,*,#4626,.T.);
#5850=ORIENTED_EDGE('',*,*,#4627,.T.);
#5851=ORIENTED_EDGE('',*,*,#4628,.T.);
#5852=ORIENTED_EDGE('',*,*,#4629,.T.);
#5853=ORIENTED_EDGE('',*,*,#4630,.T.);
#5854=ORIENTED_EDGE('',*,*,#4631,.T.);
#5855=ORIENTED_EDGE('',*,*,#4632,.T.);
#5856=ORIENTED_EDGE('',*,*,#4633,.T.);
#5857=ORIENTED_EDGE('',*,*,#4634,.T.);
#5858=ORIENTED_EDGE('',*,*,#4635,.T.);
#5859=ORIENTED_EDGE('',*,*,#4636,.T.);
#5860=ORIENTED_EDGE('',*,*,#4637,.T.);
#5861=ORIENTED_EDGE('',*,*,#4638,.T.);
#5862=ORIENTED_EDGE('',*,*,#4639,.T.);
#5863=ORIENTED_EDGE('',*,*,#4640,.T.);
#5864=ORIENTED_EDGE('',*,*,#4641,.T.);
#5865=ORIENTED_EDGE('',*,*,#4642,.T.);
#5866=ORIENTED_EDGE('',*,*,#4643,.T.);
#5867=ORIENTED_EDGE('',*,*,#4644,.T.);
#5868=ORIENTED_EDGE('',*,*,#4645,.T.);
#5869=ORIENTED_EDGE('',*,*,#4646,.T.);
#5870=ORIENTED_EDGE('',*,*,#4647,.T.);
#5871=ORIENTED_EDGE('',*,*,#4648,.T.);
#5872=ORIENTED_EDGE('',*,*,#4649,.T.);
#5873=ORIENTED_EDGE('',*,*,#4650,.T.);
#5874=ORIENTED_EDGE('',*,*,#4651,.T.);
#5875=ORIENTED_EDGE('',*,*,#4652,.T.);
#5876=ORIENTED_EDGE('',*,*,#4653,.T.);
#5877=ORIENTED_EDGE('',*,*,#4654,.T.);
#5878=ORIENTED_EDGE('',*,*,#4655,.T.);
#5879=ORIENTED_EDGE('',*,*,#4656,.T.);
#5880=ORIENTED_EDGE('',*,*,#4657,.T.);
#5881=ORIENTED_EDGE('',*,*,#4658,.T.);
#5882=ORIENTED_EDGE('',*,*,#4659,.T.);
#5883=ORIENTED_EDGE('',*,*,#4660,.T.);
#5884=ORIENTED_EDGE('',*,*,#4661,.T.);
#5885=ORIENTED_EDGE('',*,*,#4662,.T.);
#5886=ORIENTED_EDGE('',*,*,#4663,.T.);
#5887=ORIENTED_EDGE('',*,*,#4664,.T.);
#5888=ORIENTED_EDGE('',*,*,#4665,.T.);
#5889=ORIENTED_EDGE('',*,*,#4666,.T.);
#5890=ORIENTED_EDGE('',*,*,#4667,.T.);
#5891=ORIENTED_EDGE('',*,*,#4668,.T.);
#5892=ORIENTED_EDGE('',*,*,#4669,.T.);
#5893=ORIENTED_EDGE('',*,*,#4670,.T.);
#5894=ORIENTED_EDGE('',*,*,#4671,.T.);
#5895=ORIENTED_EDGE('',*,*,#4672,.T.);
#5896=ORIENTED_EDGE('',*,*,#4673,.T.);
#5897=ORIENTED_EDGE('',*,*,#4674,.T.);
#5898=ORIENTED_EDGE('',*,*,#4675,.T.);
#5899=ORIENTED_EDGE('',*,*,#4676,.T.);
#5900=ORIENTED_EDGE('',*,*,#4677,.T.);
#5901=ORIENTED_EDGE('',*,*,#4678,.T.);
#5902=ORIENTED_EDGE('',*,*,#4679,.T.);
#5903=ORIENTED_EDGE('',*,*,#4680,.T.);
#5904=ORIENTED_EDGE('',*,*,#4681,.T.);
#5905=ORIENTED_EDGE('',*,*,#4682,.T.);
#5906=ORIENTED_EDGE('',*,*,#4683,.T.);
#5907=ORIENTED_EDGE('',*,*,#4684,.T.);
#5908=ORIENTED_EDGE('',*,*,#4685,.T.);
#5909=ORIENTED_EDGE('',*,*,#4686,.T.);
#5910=ORIENTED_EDGE('',*,*,#4687,.T.);
#5911=ORIENTED_EDGE('',*,*,#4688,.T.);
#5912=ORIENTED_EDGE('',*,*,#4689,.T.);
#5913=ORIENTED_EDGE('',*,*,#4690,.T.);
#5914=ORIENTED_EDGE('',*,*,#4691,.T.);
#5915=ORIENTED_EDGE('',*,*,#4692,.T.);
#5916=ORIENTED_EDGE('',*,*,#4693,.T.);
#5917=ORIENTED_EDGE('',*,*,#4694,.T.);
#5918=ORIENTED_EDGE('',*,*,#4695,.T.);
#5919=ORIENTED_EDGE('',*,*,#4696,.T.);
#5920=ORIENTED_EDGE('',*,*,#4697,.T.);
#5921=ORIENTED_EDGE('',*,*,#4698,.T.);
#5922=ORIENTED_EDGE('',*,*,#4699,.T.);
#5923=ORIENTED_EDGE('',*,*,#4700,.T.);
#5924=ORIENTED_EDGE('',*,*,#4701,.T.);
#5925=ORIENTED_EDGE('',*,*,#4702,.T.);
#5926=ORIENTED_EDGE('',*,*,#4703,.T.);
#5927=ORIENTED_EDGE('',*,*,#4704,.T.);
#5928=ORIENTED_EDGE('',*,*,#4705,.T.);
#5929=ORIENTED_EDGE('',*,*,#4706,.T.);
#5930=ORIENTED_EDGE('',*,*,#4707,.T.);
#5931=ORIENTED_EDGE('',*,*,#4708,.T.);
#5932=ORIENTED_EDGE('',*,*,#4709,.T.);
#5933=ORIENTED_EDGE('',*,*,#4710,.T.);
#5934=ORIENTED_EDGE('',*,*,#4711,.T.);
#5935=ORIENTED_EDGE('',*,*,#4712,.T.);
#5936=ORIENTED_EDGE('',*,*,#4713,.T.);
#5937=ORIENTED_EDGE('',*,*,#4714,.T.);
#5938=ORIENTED_EDGE('',*,*,#4715,.T.);
#5939=ORIENTED_EDGE('',*,*,#4716,.T.);
#5940=ORIENTED_EDGE('',*,*,#4717,.T.);
#5941=ORIENTED_EDGE('',*,*,#4718,.T.);
#5942=ORIENTED_EDGE('',*,*,#4719,.T.);
#5943=ORIENTED_EDGE('',*,*,#4720,.T.);
#5944=ORIENTED_EDGE('',*,*,#4721,.T.);
#5945=ORIENTED_EDGE('',*,*,#4722,.T.);
#5946=ORIENTED_EDGE('',*,*,#4723,.T.);
#5947=ORIENTED_EDGE('',*,*,#4724,.T.);
#5948=ORIENTED_EDGE('',*,*,#4725,.T.);
#5949=ORIENTED_EDGE('',*,*,#4726,.T.);
#5950=ORIENTED_EDGE('',*,*,#4727,.T.);
#5951=ORIENTED_EDGE('',*,*,#4728,.T.);
#5952=ORIENTED_EDGE('',*,*,#4729,.T.);
#5953=ORIENTED_EDGE('',*,*,#4730,.T.);
#5954=ORIENTED_EDGE('',*,*,#4731,.T.);
#5955=ORIENTED_EDGE('',*,*,#4732,.T.);
#5956=ORIENTED_EDGE('',*,*,#4733,.T.);
#5957=ORIENTED_EDGE('',*,*,#4734,.T.);
#5958=ORIENTED_EDGE('',*,*,#4735,.T.);
#5959=ORIENTED_EDGE('',*,*,#4736,.T.);
#5960=ORIENTED_EDGE('',*,*,#4737,.T.);
#5961=ORIENTED_EDGE('',*,*,#4738,.T.);
#5962=ORIENTED_EDGE('',*,*,#4739,.T.);
#5963=ORIENTED_EDGE('',*,*,#4740,.T.);
#5964=ORIENTED_EDGE('',*,*,#4741,.T.);
#5965=ORIENTED_EDGE('',*,*,#4742,.T.);
#5966=ORIENTED_EDGE('',*,*,#4743,.T.);
#5967=ORIENTED_EDGE('',*,*,#4744,.T.);
#5968=ORIENTED_EDGE('',*,*,#4745,.T.);
#5969=ORIENTED_EDGE('',*,*,#4746,.T.);
#5970=ORIENTED_EDGE('',*,*,#4747,.T.);
#5971=ORIENTED_EDGE('',*,*,#4748,.T.);
#5972=ORIENTED_EDGE('',*,*,#4749,.T.);
#5973=ORIENTED_EDGE('',*,*,#4750,.T.);
#5974=ORIENTED_EDGE('',*,*,#4751,.T.);
#5975=ORIENTED_EDGE('',*,*,#4752,.T.);
#5976=ORIENTED_EDGE('',*,*,#4753,.T.);
#5977=ORIENTED_EDGE('',*,*,#4754,.T.);
#5978=ORIENTED_EDGE('',*,*,#4755,.T.);
#5979=ORIENTED_EDGE('',*,*,#4756,.T.);
#5980=ORIENTED_EDGE('',*,*,#4757,.T.);
#5981=ORIENTED_EDGE('',*,*,#4758,.T.);
#5982=ORIENTED_EDGE('',*,*,#4759,.T.);
#5983=ORIENTED_EDGE('',*,*,#4760,.T.);
#5984=ORIENTED_EDGE('',*,*,#4761,.T.);
#5985=ORIENTED_EDGE('',*,*,#4762,.T.);
#5986=ORIENTED_EDGE('',*,*,#4763,.T.);
#5987=ORIENTED_EDGE('',*,*,#4764,.T.);
#5988=ORIENTED_EDGE('',*,*,#4765,.T.);
#5989=ORIENTED_EDGE('',*,*,#4766,.T.);
#5990=ORIENTED_EDGE('',*,*,#4767,.T.);
#5991=ORIENTED_EDGE('',*,*,#4768,.T.);
#5992=ORIENTED_EDGE('',*,*,#4769,.T.);
#5993=ORIENTED_EDGE('',*,*,#4770,.T.);
#5994=ORIENTED_EDGE('',*,*,#4771,.T.);
#5995=ORIENTED_EDGE('',*,*,#4772,.T.);
#5996=ORIENTED_EDGE('',*,*,#4773,.T.);
#5997=ORIENTED_EDGE('',*,*,#4774,.T.);
#5998=ORIENTED_EDGE('',*,*,#4775,.T.);
#5999=ORIENTED_EDGE('',*,*,#4776,.T.);
#6000=ORIENTED_EDGE('',*,*,#4777,.T.);
#6001=ORIENTED_EDGE('',*,*,#4778,.T.);
#6002=ORIENTED_EDGE('',*,*,#4779,.T.);
#6003=ORIENTED_EDGE('',*,*,#4780,.T.);
#6004=ORIENTED_EDGE('',*,*,#4781,.T.);
#6005=ORIENTED_EDGE('',*,*,#4782,.T.);
#6006=ORIENTED_EDGE('',*,*,#4783,.T.);
#6007=ORIENTED_EDGE('',*,*,#4784,.T.);
#6008=ORIENTED_EDGE('',*,*,#4785,.T.);
#6009=ORIENTED_EDGE('',*,*,#4786,.T.);
#6010=ORIENTED_EDGE('',*,*,#4787,.T.);
#6011=ORIENTED_EDGE('',*,*,#4788,.T.);
#6012=ORIENTED_EDGE('',*,*,#4789,.T.);
#6013=ORIENTED_EDGE('',*,*,#4790,.T.);
#6014=ORIENTED_EDGE('',*,*,#4791,.T.);
#6015=ORIENTED_EDGE('',*,*,#4792,.T.);
#6016=ORIENTED_EDGE('',*,*,#4793,.T.);
#6017=ORIENTED_EDGE('',*,*,#4794,.T.);
#6018=ORIENTED_EDGE('',*,*,#4795,.T.);
#6019=ORIENTED_EDGE('',*,*,#4796,.T.);
#6020=ORIENTED_EDGE('',*,*,#4797,.T.);
#6021=ORIENTED_EDGE('',*,*,#4798,.T.);
#6022=ORIENTED_EDGE('',*,*,#4799,.T.);
#6023=ORIENTED_EDGE('',*,*,#4800,.T.);
#6024=ORIENTED_EDGE('',*,*,#4801,.T.);
#6025=ORIENTED_EDGE('',*,*,#4802,.T.);
#6026=ORIENTED_EDGE('',*,*,#4803,.T.);
#6027=ORIENTED_EDGE('',*,*,#4804,.T.);
#6028=ORIENTED_EDGE('',*,*,#4805,.T.);
#6029=ORIENTED_EDGE('',*,*,#4806,.T.);
#6030=ORIENTED_EDGE('',*,*,#4807,.T.);
#6031=ORIENTED_EDGE('',*,*,#4808,.T.);
#6032=ORIENTED_EDGE('',*,*,#4809,.T.);
#6033=ORIENTED_EDGE('',*,*,#4810,.T.);
#6034=ORIENTED_EDGE('',*,*,#4811,.T.);
#6035=ORIENTED_EDGE('',*,*,#4812,.T.);
#6036=ORIENTED_EDGE('',*,*,#4813,.T.);
#6037=ORIENTED_EDGE('',*,*,#4814,.T.);
#6038=ORIENTED_EDGE('',*,*,#4815,.T.);
#6039=ORIENTED_EDGE('',*,*,#4816,.T.);
#6040=ORIENTED_EDGE('',*,*,#4817,.T.);
#6041=ORIENTED_EDGE('',*,*,#4818,.T.);
#6042=ORIENTED_EDGE('',*,*,#4819,.T.);
#6043=ORIENTED_EDGE('',*,*,#4820,.T.);
#6044=ORIENTED_EDGE('',*,*,#4821,.T.);
#6045=ORIENTED_EDGE('',*,*,#4822,.T.);
#6046=ORIENTED_EDGE('',*,*,#4823,.T.);
#6047=ORIENTED_EDGE('',*,*,#4824,.T.);
#6048=ORIENTED_EDGE('',*,*,#4825,.T.);
#6049=ORIENTED_EDGE('',*,*,#4826,.T.);
#6050=ORIENTED_EDGE('',*,*,#4827,.T.);
#6051=ORIENTED_EDGE('',*,*,#4828,.T.);
#6052=ORIENTED_EDGE('',*,*,#4829,.T.);
#6053=ORIENTED_EDGE('',*,*,#4830,.T.);
#6054=ORIENTED_EDGE('',*,*,#4831,.T.);
#6055=ORIENTED_EDGE('',*,*,#4832,.T.);
#6056=ORIENTED_EDGE('',*,*,#4833,.T.);
#6057=ORIENTED_EDGE('',*,*,#4834,.T.);
#6058=ORIENTED_EDGE('',*,*,#4835,.T.);
#6059=ORIENTED_EDGE('',*,*,#4836,.T.);
#6060=ORIENTED_EDGE('',*,*,#4837,.T.);
#6061=ORIENTED_EDGE('',*,*,#4838,.T.);
#6062=ORIENTED_EDGE('',*,*,#4839,.T.);
#6063=ORIENTED_EDGE('',*,*,#4840,.T.);
#6064=ORIENTED_EDGE('',*,*,#4841,.T.);
#6065=ORIENTED_EDGE('',*,*,#4842,.T.);
#6066=ORIENTED_EDGE('',*,*,#4843,.T.);
#6067=ORIENTED_EDGE('',*,*,#4844,.T.);
#6068=ORIENTED_EDGE('',*,*,#4845,.T.);
#6069=ORIENTED_EDGE('',*,*,#4846,.T.);
#6070=ORIENTED_EDGE('',*,*,#4847,.T.);
#6071=ORIENTED_EDGE('',*,*,#4848,.T.);
#6072=ORIENTED_EDGE('',*,*,#4849,.T.);
#6073=ORIENTED_EDGE('',*,*,#4850,.T.);
#6074=ORIENTED_EDGE('',*,*,#4851,.T.);
#6075=ORIENTED_EDGE('',*,*,#4852,.T.);
#6076=ORIENTED_EDGE('',*,*,#4853,.T.);
#6077=ORIENTED_EDGE('',*,*,#4854,.T.);
#6078=ORIENTED_EDGE('',*,*,#4855,.T.);
#6079=ORIENTED_EDGE('',*,*,#4856,.T.);
#6080=ORIENTED_EDGE('',*,*,#4857,.T.);
#6081=ORIENTED_EDGE('',*,*,#4858,.T.);
#6082=ORIENTED_EDGE('',*,*,#4859,.T.);
#6083=ORIENTED_EDGE('',*,*,#4860,.T.);
#6084=ORIENTED_EDGE('',*,*,#4861,.T.);
#6085=ORIENTED_EDGE('',*,*,#4862,.T.);
#6086=ORIENTED_EDGE('',*,*,#4863,.T.);
#6087=ORIENTED_EDGE('',*,*,#4864,.T.);
#6088=ORIENTED_EDGE('',*,*,#4865,.T.);
#6089=ORIENTED_EDGE('',*,*,#4866,.T.);
#6090=ORIENTED_EDGE('',*,*,#4867,.T.);
#6091=ORIENTED_EDGE('',*,*,#4868,.T.);
#6092=ORIENTED_EDGE('',*,*,#4869,.T.);
#6093=ORIENTED_EDGE('',*,*,#4870,.T.);
#6094=ORIENTED_EDGE('',*,*,#4871,.T.);
#6095=ORIENTED_EDGE('',*,*,#4872,.T.);
#6096=ORIENTED_EDGE('',*,*,#4873,.T.);
#6097=ORIENTED_EDGE('',*,*,#4874,.T.);
#6098=ORIENTED_EDGE('',*,*,#4875,.T.);
#6099=ORIENTED_EDGE('',*,*,#4876,.T.);
#6100=ORIENTED_EDGE('',*,*,#4877,.T.);
#6101=ORIENTED_EDGE('',*,*,#4878,.T.);
#6102=ORIENTED_EDGE('',*,*,#4879,.T.);
#6103=ORIENTED_EDGE('',*,*,#4880,.T.);
#6104=ORIENTED_EDGE('',*,*,#4881,.T.);
#6105=ORIENTED_EDGE('',*,*,#4882,.T.);
#6106=ORIENTED_EDGE('',*,*,#4883,.T.);
#6107=ORIENTED_EDGE('',*,*,#4884,.T.);
#6108=ORIENTED_EDGE('',*,*,#4885,.T.);
#6109=ORIENTED_EDGE('',*,*,#4886,.T.);
#6110=ORIENTED_EDGE('',*,*,#4887,.T.);
#6111=ORIENTED_EDGE('',*,*,#4888,.T.);
#6112=ORIENTED_EDGE('',*,*,#4889,.T.);
#6113=ORIENTED_EDGE('',*,*,#4890,.T.);
#6114=ORIENTED_EDGE('',*,*,#4891,.T.);
#6115=ORIENTED_EDGE('',*,*,#4892,.T.);
#6116=ORIENTED_EDGE('',*,*,#4893,.T.);
#6117=ORIENTED_EDGE('',*,*,#4894,.T.);
#6118=ORIENTED_EDGE('',*,*,#4895,.T.);
#6119=ORIENTED_EDGE('',*,*,#4896,.T.);
#6120=ORIENTED_EDGE('',*,*,#4897,.T.);
#6121=ORIENTED_EDGE('',*,*,#4898,.T.);
#6122=ORIENTED_EDGE('',*,*,#4899,.T.);
#6123=ORIENTED_EDGE('',*,*,#4900,.T.);
#6124=ORIENTED_EDGE('',*,*,#4901,.T.);
#6125=ORIENTED_EDGE('',*,*,#4902,.T.);
#6126=ORIENTED_EDGE('',*,*,#4903,.T.);
#6127=ORIENTED_EDGE('',*,*,#4904,.T.);
#6128=ORIENTED_EDGE('',*,*,#4905,.T.);
#6129=ORIENTED_EDGE('',*,*,#4906,.T.);
#6130=ORIENTED_EDGE('',*,*,#4907,.T.);
#6131=ORIENTED_EDGE('',*,*,#4908,.T.);
#6132=ORIENTED_EDGE('',*,*,#4909,.T.);
#6133=ORIENTED_EDGE('',*,*,#4910,.T.);
#6134=ORIENTED_EDGE('',*,*,#4911,.T.);
#6135=ORIENTED_EDGE('',*,*,#4912,.T.);
#6136=ORIENTED_EDGE('',*,*,#4913,.T.);
#6137=ORIENTED_EDGE('',*,*,#4914,.T.);
#6138=ORIENTED_EDGE('',*,*,#4915,.T.);
#6139=ORIENTED_EDGE('',*,*,#4916,.T.);
#6140=ORIENTED_EDGE('',*,*,#4917,.T.);
#6141=ORIENTED_EDGE('',*,*,#4918,.T.);
#6142=ORIENTED_EDGE('',*,*,#4919,.T.);
#6143=ORIENTED_EDGE('',*,*,#4920,.T.);
#6144=ORIENTED_EDGE('',*,*,#4921,.T.);
#6145=ORIENTED_EDGE('',*,*,#4922,.T.);
#6146=ORIENTED_EDGE('',*,*,#4923,.T.);
#6147=ORIENTED_EDGE('',*,*,#4924,.T.);
#6148=ORIENTED_EDGE('',*,*,#4925,.T.);
#6149=ORIENTED_EDGE('',*,*,#4926,.T.);
#6150=ORIENTED_EDGE('',*,*,#4927,.T.);
#6151=ORIENTED_EDGE('',*,*,#4928,.T.);
#6152=ORIENTED_EDGE('',*,*,#4929,.T.);
#6153=ORIENTED_EDGE('',*,*,#4930,.T.);
#6154=ORIENTED_EDGE('',*,*,#4931,.T.);
#6155=ORIENTED_EDGE('',*,*,#4932,.T.);
#6156=ORIENTED_EDGE('',*,*,#4933,.T.);
#6157=ORIENTED_EDGE('',*,*,#4934,.T.);
#6158=ORIENTED_EDGE('',*,*,#4935,.T.);
#6159=ORIENTED_EDGE('',*,*,#4936,.T.);
#6160=ORIENTED_EDGE('',*,*,#4937,.T.);
#6161=ORIENTED_EDGE('',*,*,#4938,.T.);
#6162=ORIENTED_EDGE('',*,*,#4939,.T.);
#6163=ORIENTED_EDGE('',*,*,#4940,.T.);
#6164=ORIENTED_EDGE('',*,*,#4941,.T.);
#6165=ORIENTED_EDGE('',*,*,#4942,.T.);
#6166=ORIENTED_EDGE('',*,*,#4943,.T.);
#6167=ORIENTED_EDGE('',*,*,#4944,.T.);
#6168=ORIENTED_EDGE('',*,*,#4945,.T.);
#6169=ORIENTED_EDGE('',*,*,#4946,.T.);
#6170=ORIENTED_EDGE('',*,*,#4947,.T.);
#6171=ORIENTED_EDGE('',*,*,#4948,.T.);
#6172=ORIENTED_EDGE('',*,*,#4949,.T.);
#6173=ORIENTED_EDGE('',*,*,#4950,.T.);
#6174=ORIENTED_EDGE('',*,*,#4951,.T.);
#6175=ORIENTED_EDGE('',*,*,#4952,.T.);
#6176=ORIENTED_EDGE('',*,*,#4953,.T.);
#6177=ORIENTED_EDGE('',*,*,#4954,.T.);
#6178=ORIENTED_EDGE('',*,*,#4955,.T.);
#6179=ORIENTED_EDGE('',*,*,#4956,.T.);
#6180=ORIENTED_EDGE('',*,*,#4957,.T.);
#6181=ORIENTED_EDGE('',*,*,#4958,.T.);
#6182=ORIENTED_EDGE('',*,*,#4959,.T.);
#6183=ORIENTED_EDGE('',*,*,#4960,.T.);
#6184=ORIENTED_EDGE('',*,*,#4961,.T.);
#6185=ORIENTED_EDGE('',*,*,#4962,.T.);
#6186=ORIENTED_EDGE('',*,*,#4963,.T.);
#6187=ORIENTED_EDGE('',*,*,#4964,.T.);
#6188=ORIENTED_EDGE('',*,*,#4965,.T.);
#6189=ORIENTED_EDGE('',*,*,#4966,.T.);
#6190=ORIENTED_EDGE('',*,*,#4967,.T.);
#6191=ORIENTED_EDGE('',*,*,#4968,.T.);
#6192=ORIENTED_EDGE('',*,*,#4969,.T.);
#6193=ORIENTED_EDGE('',*,*,#4970,.T.);
#6194=ORIENTED_EDGE('',*,*,#4971,.T.);
#6195=ORIENTED_EDGE('',*,*,#4972,.T.);
#6196=ORIENTED_EDGE('',*,*,#4973,.T.);
#6197=ORIENTED_EDGE('',*,*,#4974,.T.);
#6198=ORIENTED_EDGE('',*,*,#4975,.T.);
#6199=ORIENTED_EDGE('',*,*,#4976,.T.);
#6200=ORIENTED_EDGE('',*,*,#4977,.T.);
#6201=ORIENTED_EDGE('',*,*,#4978,.T.);
#6202=ORIENTED_EDGE('',*,*,#4979,.T.);
#6203=ORIENTED_EDGE('',*,*,#4980,.T.);
#6204=ORIENTED_EDGE('',*,*,#4981,.T.);
#6205=ORIENTED_EDGE('',*,*,#4982,.T.);
#6206=ORIENTED_EDGE('',*,*,#4983,.T.);
#6207=ORIENTED_EDGE('',*,*,#4984,.T.);
#6208=ORIENTED_EDGE('',*,*,#4985,.T.);
#6209=ORIENTED_EDGE('',*,*,#4986,.T.);
#6210=ORIENTED_EDGE('',*,*,#4987,.T.);
#6211=ORIENTED_EDGE('',*,*,#4988,.T.);
#6212=ORIENTED_EDGE('',*,*,#4989,.T.);
#6213=ORIENTED_EDGE('',*,*,#4990,.T.);
#6214=ORIENTED_EDGE('',*,*,#4991,.T.);
#6215=ORIENTED_EDGE('',*,*,#4992,.T.);
#6216=ORIENTED_EDGE('',*,*,#4993,.T.);
#6217=ORIENTED_EDGE('',*,*,#4994,.T.);
#6218=ORIENTED_EDGE('',*,*,#4995,.T.);
#6219=ORIENTED_EDGE('',*,*,#4996,.T.);
#6220=ORIENTED_EDGE('',*,*,#4997,.T.);
#6221=ORIENTED_EDGE('',*,*,#4998,.T.);
#6222=ORIENTED_EDGE('',*,*,#4999,.T.);
#6223=ORIENTED_EDGE('',*,*,#5000,.T.);
#6224=ORIENTED_EDGE('',*,*,#5001,.T.);
#6225=ORIENTED_EDGE('',*,*,#5002,.T.);
#6226=ORIENTED_EDGE('',*,*,#5003,.T.);
#6227=ORIENTED_EDGE('',*,*,#5004,.T.);
#6228=ORIENTED_EDGE('',*,*,#5005,.T.);
#6229=ORIENTED_EDGE('',*,*,#5006,.T.);
#6230=ORIENTED_EDGE('',*,*,#5007,.T.);
#6231=ORIENTED_EDGE('',*,*,#5008,.T.);
#6232=ORIENTED_EDGE('',*,*,#5009,.T.);
#6233=ORIENTED_EDGE('',*,*,#5010,.T.);
#6234=ORIENTED_EDGE('',*,*,#5011,.T.);
#6235=ORIENTED_EDGE('',*,*,#5012,.T.);
#6236=ORIENTED_EDGE('',*,*,#5013,.T.);
#6237=ORIENTED_EDGE('',*,*,#5014,.T.);
#6238=ORIENTED_EDGE('',*,*,#5015,.T.);
#6239=ORIENTED_EDGE('',*,*,#5016,.T.);
#6240=ORIENTED_EDGE('',*,*,#5017,.T.);
#6241=ORIENTED_EDGE('',*,*,#5018,.T.);
#6242=ORIENTED_EDGE('',*,*,#5019,.T.);
#6243=ORIENTED_EDGE('',*,*,#5020,.T.);
#6244=ORIENTED_EDGE('',*,*,#5021,.T.);
#6245=ORIENTED_EDGE('',*,*,#5022,.T.);
#6246=ORIENTED_EDGE('',*,*,#5023,.T.);
#6247=ORIENTED_EDGE('',*,*,#5024,.T.);
#6248=ORIENTED_EDGE('',*,*,#5025,.T.);
#6249=ORIENTED_EDGE('',*,*,#5026,.T.);
#6250=ORIENTED_EDGE('',*,*,#4664,.F.);
#6251=ORIENTED_EDGE('',*,*,#5027,.F.);
#6252=ORIENTED_EDGE('',*,*,#5028,.F.);
#6253=ORIENTED_EDGE('',*,*,#5029,.T.);
#6254=ORIENTED_EDGE('',*,*,#4665,.F.);
#6255=ORIENTED_EDGE('',*,*,#5026,.F.);
#6256=ORIENTED_EDGE('',*,*,#5030,.F.);
#6257=ORIENTED_EDGE('',*,*,#5027,.T.);
#6258=ORIENTED_EDGE('',*,*,#4663,.F.);
#6259=ORIENTED_EDGE('',*,*,#5031,.F.);
#6260=ORIENTED_EDGE('',*,*,#5032,.F.);
#6261=ORIENTED_EDGE('',*,*,#5033,.T.);
#6262=ORIENTED_EDGE('',*,*,#5034,.T.);
#6263=ORIENTED_EDGE('',*,*,#5035,.T.);
#6264=ORIENTED_EDGE('',*,*,#5036,.T.);
#6265=ORIENTED_EDGE('',*,*,#5037,.T.);
#6266=ORIENTED_EDGE('',*,*,#5038,.T.);
#6267=ORIENTED_EDGE('',*,*,#5039,.T.);
#6268=ORIENTED_EDGE('',*,*,#5040,.T.);
#6269=ORIENTED_EDGE('',*,*,#5041,.T.);
#6270=ORIENTED_EDGE('',*,*,#5042,.T.);
#6271=ORIENTED_EDGE('',*,*,#5043,.T.);
#6272=ORIENTED_EDGE('',*,*,#5044,.T.);
#6273=ORIENTED_EDGE('',*,*,#5045,.T.);
#6274=ORIENTED_EDGE('',*,*,#5046,.T.);
#6275=ORIENTED_EDGE('',*,*,#5047,.T.);
#6276=ORIENTED_EDGE('',*,*,#5048,.T.);
#6277=ORIENTED_EDGE('',*,*,#5049,.T.);
#6278=ORIENTED_EDGE('',*,*,#5050,.T.);
#6279=ORIENTED_EDGE('',*,*,#5051,.T.);
#6280=ORIENTED_EDGE('',*,*,#5052,.T.);
#6281=ORIENTED_EDGE('',*,*,#5053,.T.);
#6282=ORIENTED_EDGE('',*,*,#5054,.T.);
#6283=ORIENTED_EDGE('',*,*,#5055,.T.);
#6284=ORIENTED_EDGE('',*,*,#5056,.T.);
#6285=ORIENTED_EDGE('',*,*,#5057,.T.);
#6286=ORIENTED_EDGE('',*,*,#5058,.T.);
#6287=ORIENTED_EDGE('',*,*,#5059,.T.);
#6288=ORIENTED_EDGE('',*,*,#5060,.T.);
#6289=ORIENTED_EDGE('',*,*,#5061,.T.);
#6290=ORIENTED_EDGE('',*,*,#5062,.T.);
#6291=ORIENTED_EDGE('',*,*,#5063,.T.);
#6292=ORIENTED_EDGE('',*,*,#5064,.T.);
#6293=ORIENTED_EDGE('',*,*,#5065,.T.);
#6294=ORIENTED_EDGE('',*,*,#5066,.T.);
#6295=ORIENTED_EDGE('',*,*,#5067,.T.);
#6296=ORIENTED_EDGE('',*,*,#5068,.T.);
#6297=ORIENTED_EDGE('',*,*,#5069,.T.);
#6298=ORIENTED_EDGE('',*,*,#5070,.T.);
#6299=ORIENTED_EDGE('',*,*,#5071,.T.);
#6300=ORIENTED_EDGE('',*,*,#5072,.T.);
#6301=ORIENTED_EDGE('',*,*,#5073,.T.);
#6302=ORIENTED_EDGE('',*,*,#5074,.T.);
#6303=ORIENTED_EDGE('',*,*,#5075,.T.);
#6304=ORIENTED_EDGE('',*,*,#5076,.T.);
#6305=ORIENTED_EDGE('',*,*,#5077,.T.);
#6306=ORIENTED_EDGE('',*,*,#5078,.T.);
#6307=ORIENTED_EDGE('',*,*,#5079,.T.);
#6308=ORIENTED_EDGE('',*,*,#5080,.T.);
#6309=ORIENTED_EDGE('',*,*,#5081,.T.);
#6310=ORIENTED_EDGE('',*,*,#5082,.T.);
#6311=ORIENTED_EDGE('',*,*,#5083,.T.);
#6312=ORIENTED_EDGE('',*,*,#5084,.T.);
#6313=ORIENTED_EDGE('',*,*,#5085,.T.);
#6314=ORIENTED_EDGE('',*,*,#5086,.T.);
#6315=ORIENTED_EDGE('',*,*,#5087,.T.);
#6316=ORIENTED_EDGE('',*,*,#5088,.T.);
#6317=ORIENTED_EDGE('',*,*,#5089,.T.);
#6318=ORIENTED_EDGE('',*,*,#5090,.T.);
#6319=ORIENTED_EDGE('',*,*,#5091,.T.);
#6320=ORIENTED_EDGE('',*,*,#5092,.T.);
#6321=ORIENTED_EDGE('',*,*,#5093,.T.);
#6322=ORIENTED_EDGE('',*,*,#5094,.T.);
#6323=ORIENTED_EDGE('',*,*,#5095,.T.);
#6324=ORIENTED_EDGE('',*,*,#5096,.T.);
#6325=ORIENTED_EDGE('',*,*,#5097,.T.);
#6326=ORIENTED_EDGE('',*,*,#5098,.T.);
#6327=ORIENTED_EDGE('',*,*,#5099,.T.);
#6328=ORIENTED_EDGE('',*,*,#5100,.T.);
#6329=ORIENTED_EDGE('',*,*,#5101,.T.);
#6330=ORIENTED_EDGE('',*,*,#5102,.T.);
#6331=ORIENTED_EDGE('',*,*,#5103,.T.);
#6332=ORIENTED_EDGE('',*,*,#5104,.T.);
#6333=ORIENTED_EDGE('',*,*,#5105,.T.);
#6334=ORIENTED_EDGE('',*,*,#5106,.T.);
#6335=ORIENTED_EDGE('',*,*,#5107,.T.);
#6336=ORIENTED_EDGE('',*,*,#5108,.T.);
#6337=ORIENTED_EDGE('',*,*,#5109,.T.);
#6338=ORIENTED_EDGE('',*,*,#5110,.T.);
#6339=ORIENTED_EDGE('',*,*,#5111,.T.);
#6340=ORIENTED_EDGE('',*,*,#5112,.T.);
#6341=ORIENTED_EDGE('',*,*,#5113,.T.);
#6342=ORIENTED_EDGE('',*,*,#5114,.T.);
#6343=ORIENTED_EDGE('',*,*,#5115,.T.);
#6344=ORIENTED_EDGE('',*,*,#5116,.T.);
#6345=ORIENTED_EDGE('',*,*,#5117,.T.);
#6346=ORIENTED_EDGE('',*,*,#5118,.T.);
#6347=ORIENTED_EDGE('',*,*,#5119,.T.);
#6348=ORIENTED_EDGE('',*,*,#5120,.T.);
#6349=ORIENTED_EDGE('',*,*,#5121,.T.);
#6350=ORIENTED_EDGE('',*,*,#5122,.T.);
#6351=ORIENTED_EDGE('',*,*,#5123,.T.);
#6352=ORIENTED_EDGE('',*,*,#5124,.T.);
#6353=ORIENTED_EDGE('',*,*,#5125,.T.);
#6354=ORIENTED_EDGE('',*,*,#5126,.T.);
#6355=ORIENTED_EDGE('',*,*,#5127,.T.);
#6356=ORIENTED_EDGE('',*,*,#5128,.T.);
#6357=ORIENTED_EDGE('',*,*,#5129,.T.);
#6358=ORIENTED_EDGE('',*,*,#5130,.T.);
#6359=ORIENTED_EDGE('',*,*,#5131,.T.);
#6360=ORIENTED_EDGE('',*,*,#5132,.T.);
#6361=ORIENTED_EDGE('',*,*,#5133,.T.);
#6362=ORIENTED_EDGE('',*,*,#5134,.T.);
#6363=ORIENTED_EDGE('',*,*,#5135,.T.);
#6364=ORIENTED_EDGE('',*,*,#5136,.T.);
#6365=ORIENTED_EDGE('',*,*,#5137,.T.);
#6366=ORIENTED_EDGE('',*,*,#5138,.T.);
#6367=ORIENTED_EDGE('',*,*,#5139,.T.);
#6368=ORIENTED_EDGE('',*,*,#5140,.T.);
#6369=ORIENTED_EDGE('',*,*,#5141,.T.);
#6370=ORIENTED_EDGE('',*,*,#5142,.T.);
#6371=ORIENTED_EDGE('',*,*,#5143,.T.);
#6372=ORIENTED_EDGE('',*,*,#5144,.T.);
#6373=ORIENTED_EDGE('',*,*,#5145,.T.);
#6374=ORIENTED_EDGE('',*,*,#5146,.T.);
#6375=ORIENTED_EDGE('',*,*,#5147,.T.);
#6376=ORIENTED_EDGE('',*,*,#5148,.T.);
#6377=ORIENTED_EDGE('',*,*,#5149,.T.);
#6378=ORIENTED_EDGE('',*,*,#5030,.T.);
#6379=ORIENTED_EDGE('',*,*,#5028,.T.);
#6380=ORIENTED_EDGE('',*,*,#5032,.T.);
#6381=ORIENTED_EDGE('',*,*,#5150,.T.);
#6382=ORIENTED_EDGE('',*,*,#5151,.T.);
#6383=ORIENTED_EDGE('',*,*,#5152,.T.);
#6384=ORIENTED_EDGE('',*,*,#5153,.T.);
#6385=ORIENTED_EDGE('',*,*,#5154,.T.);
#6386=ORIENTED_EDGE('',*,*,#5155,.T.);
#6387=ORIENTED_EDGE('',*,*,#5156,.T.);
#6388=ORIENTED_EDGE('',*,*,#5157,.T.);
#6389=ORIENTED_EDGE('',*,*,#5158,.T.);
#6390=ORIENTED_EDGE('',*,*,#5159,.T.);
#6391=ORIENTED_EDGE('',*,*,#5160,.T.);
#6392=ORIENTED_EDGE('',*,*,#5161,.T.);
#6393=ORIENTED_EDGE('',*,*,#5162,.T.);
#6394=ORIENTED_EDGE('',*,*,#5163,.T.);
#6395=ORIENTED_EDGE('',*,*,#5164,.T.);
#6396=ORIENTED_EDGE('',*,*,#5165,.T.);
#6397=ORIENTED_EDGE('',*,*,#5166,.T.);
#6398=ORIENTED_EDGE('',*,*,#5167,.T.);
#6399=ORIENTED_EDGE('',*,*,#5168,.T.);
#6400=ORIENTED_EDGE('',*,*,#5169,.T.);
#6401=ORIENTED_EDGE('',*,*,#5170,.T.);
#6402=ORIENTED_EDGE('',*,*,#5171,.T.);
#6403=ORIENTED_EDGE('',*,*,#5172,.T.);
#6404=ORIENTED_EDGE('',*,*,#5173,.T.);
#6405=ORIENTED_EDGE('',*,*,#5174,.T.);
#6406=ORIENTED_EDGE('',*,*,#5175,.T.);
#6407=ORIENTED_EDGE('',*,*,#5176,.T.);
#6408=ORIENTED_EDGE('',*,*,#5177,.T.);
#6409=ORIENTED_EDGE('',*,*,#5178,.T.);
#6410=ORIENTED_EDGE('',*,*,#5179,.T.);
#6411=ORIENTED_EDGE('',*,*,#5180,.T.);
#6412=ORIENTED_EDGE('',*,*,#5181,.T.);
#6413=ORIENTED_EDGE('',*,*,#5182,.T.);
#6414=ORIENTED_EDGE('',*,*,#5183,.T.);
#6415=ORIENTED_EDGE('',*,*,#5184,.T.);
#6416=ORIENTED_EDGE('',*,*,#5185,.T.);
#6417=ORIENTED_EDGE('',*,*,#5186,.T.);
#6418=ORIENTED_EDGE('',*,*,#5187,.T.);
#6419=ORIENTED_EDGE('',*,*,#5188,.T.);
#6420=ORIENTED_EDGE('',*,*,#5189,.T.);
#6421=ORIENTED_EDGE('',*,*,#5190,.T.);
#6422=ORIENTED_EDGE('',*,*,#5191,.T.);
#6423=ORIENTED_EDGE('',*,*,#5192,.T.);
#6424=ORIENTED_EDGE('',*,*,#5193,.T.);
#6425=ORIENTED_EDGE('',*,*,#5194,.F.);
#6426=ORIENTED_EDGE('',*,*,#5195,.T.);
#6427=ORIENTED_EDGE('',*,*,#5196,.T.);
#6428=ORIENTED_EDGE('',*,*,#5197,.T.);
#6429=ORIENTED_EDGE('',*,*,#5198,.T.);
#6430=ORIENTED_EDGE('',*,*,#5199,.F.);
#6431=ORIENTED_EDGE('',*,*,#5200,.F.);
#6432=ORIENTED_EDGE('',*,*,#5201,.F.);
#6433=ORIENTED_EDGE('',*,*,#5202,.F.);
#6434=ORIENTED_EDGE('',*,*,#5203,.F.);
#6435=ORIENTED_EDGE('',*,*,#5204,.F.);
#6436=ORIENTED_EDGE('',*,*,#5205,.F.);
#6437=ORIENTED_EDGE('',*,*,#5206,.F.);
#6438=ORIENTED_EDGE('',*,*,#5207,.T.);
#6439=ORIENTED_EDGE('',*,*,#5208,.T.);
#6440=ORIENTED_EDGE('',*,*,#5209,.T.);
#6441=ORIENTED_EDGE('',*,*,#5210,.T.);
#6442=ORIENTED_EDGE('',*,*,#5211,.F.);
#6443=ORIENTED_EDGE('',*,*,#5212,.T.);
#6444=ORIENTED_EDGE('',*,*,#5213,.T.);
#6445=ORIENTED_EDGE('',*,*,#5214,.T.);
#6446=ORIENTED_EDGE('',*,*,#5215,.T.);
#6447=ORIENTED_EDGE('',*,*,#5216,.F.);
#6448=ORIENTED_EDGE('',*,*,#5217,.F.);
#6449=ORIENTED_EDGE('',*,*,#5218,.F.);
#6450=ORIENTED_EDGE('',*,*,#5219,.F.);
#6451=ORIENTED_EDGE('',*,*,#5220,.F.);
#6452=ORIENTED_EDGE('',*,*,#5221,.F.);
#6453=ORIENTED_EDGE('',*,*,#5222,.F.);
#6454=ORIENTED_EDGE('',*,*,#5223,.F.);
#6455=ORIENTED_EDGE('',*,*,#5224,.F.);
#6456=ORIENTED_EDGE('',*,*,#5225,.F.);
#6457=ORIENTED_EDGE('',*,*,#5226,.F.);
#6458=ORIENTED_EDGE('',*,*,#5227,.F.);
#6459=ORIENTED_EDGE('',*,*,#5228,.F.);
#6460=ORIENTED_EDGE('',*,*,#5229,.F.);
#6461=ORIENTED_EDGE('',*,*,#5230,.F.);
#6462=ORIENTED_EDGE('',*,*,#5231,.F.);
#6463=ORIENTED_EDGE('',*,*,#5232,.F.);
#6464=ORIENTED_EDGE('',*,*,#5233,.F.);
#6465=ORIENTED_EDGE('',*,*,#5234,.F.);
#6466=ORIENTED_EDGE('',*,*,#5235,.F.);
#6467=ORIENTED_EDGE('',*,*,#5236,.F.);
#6468=ORIENTED_EDGE('',*,*,#5237,.F.);
#6469=ORIENTED_EDGE('',*,*,#5238,.F.);
#6470=ORIENTED_EDGE('',*,*,#5239,.F.);
#6471=ORIENTED_EDGE('',*,*,#5240,.F.);
#6472=ORIENTED_EDGE('',*,*,#5241,.F.);
#6473=ORIENTED_EDGE('',*,*,#5242,.T.);
#6474=ORIENTED_EDGE('',*,*,#5243,.T.);
#6475=ORIENTED_EDGE('',*,*,#5244,.T.);
#6476=ORIENTED_EDGE('',*,*,#5245,.T.);
#6477=ORIENTED_EDGE('',*,*,#5246,.F.);
#6478=ORIENTED_EDGE('',*,*,#5247,.F.);
#6479=ORIENTED_EDGE('',*,*,#5248,.F.);
#6480=ORIENTED_EDGE('',*,*,#5249,.F.);
#6481=ORIENTED_EDGE('',*,*,#5250,.F.);
#6482=ORIENTED_EDGE('',*,*,#5251,.F.);
#6483=ORIENTED_EDGE('',*,*,#5252,.F.);
#6484=ORIENTED_EDGE('',*,*,#5253,.F.);
#6485=ORIENTED_EDGE('',*,*,#5254,.F.);
#6486=ORIENTED_EDGE('',*,*,#5255,.F.);
#6487=ORIENTED_EDGE('',*,*,#5256,.F.);
#6488=ORIENTED_EDGE('',*,*,#5257,.T.);
#6489=ORIENTED_EDGE('',*,*,#5258,.T.);
#6490=ORIENTED_EDGE('',*,*,#5259,.T.);
#6491=ORIENTED_EDGE('',*,*,#5260,.T.);
#6492=ORIENTED_EDGE('',*,*,#5261,.F.);
#6493=ORIENTED_EDGE('',*,*,#5262,.F.);
#6494=ORIENTED_EDGE('',*,*,#5263,.F.);
#6495=ORIENTED_EDGE('',*,*,#5264,.F.);
#6496=ORIENTED_EDGE('',*,*,#5265,.F.);
#6497=ORIENTED_EDGE('',*,*,#5266,.F.);
#6498=ORIENTED_EDGE('',*,*,#5267,.F.);
#6499=ORIENTED_EDGE('',*,*,#5268,.F.);
#6500=ORIENTED_EDGE('',*,*,#5269,.T.);
#6501=ORIENTED_EDGE('',*,*,#5270,.T.);
#6502=ORIENTED_EDGE('',*,*,#5271,.T.);
#6503=ORIENTED_EDGE('',*,*,#5272,.T.);
#6504=ORIENTED_EDGE('',*,*,#5273,.T.);
#6505=ORIENTED_EDGE('',*,*,#5274,.T.);
#6506=ORIENTED_EDGE('',*,*,#5275,.T.);
#6507=ORIENTED_EDGE('',*,*,#5276,.T.);
#6508=ORIENTED_EDGE('',*,*,#5277,.F.);
#6509=ORIENTED_EDGE('',*,*,#5278,.F.);
#6510=ORIENTED_EDGE('',*,*,#5279,.F.);
#6511=ORIENTED_EDGE('',*,*,#5280,.F.);
#6512=ORIENTED_EDGE('',*,*,#5281,.F.);
#6513=ORIENTED_EDGE('',*,*,#5282,.F.);
#6514=ORIENTED_EDGE('',*,*,#5283,.F.);
#6515=ORIENTED_EDGE('',*,*,#5284,.F.);
#6516=ORIENTED_EDGE('',*,*,#5285,.T.);
#6517=ORIENTED_EDGE('',*,*,#5286,.T.);
#6518=ORIENTED_EDGE('',*,*,#5287,.T.);
#6519=ORIENTED_EDGE('',*,*,#5288,.T.);
#6520=ORIENTED_EDGE('',*,*,#5289,.F.);
#6521=ORIENTED_EDGE('',*,*,#5290,.F.);
#6522=ORIENTED_EDGE('',*,*,#5291,.F.);
#6523=ORIENTED_EDGE('',*,*,#5292,.F.);
#6524=ORIENTED_EDGE('',*,*,#5293,.T.);
#6525=ORIENTED_EDGE('',*,*,#5294,.T.);
#6526=ORIENTED_EDGE('',*,*,#5295,.T.);
#6527=ORIENTED_EDGE('',*,*,#5296,.T.);
#6528=ORIENTED_EDGE('',*,*,#5297,.F.);
#6529=ORIENTED_EDGE('',*,*,#5298,.F.);
#6530=ORIENTED_EDGE('',*,*,#5299,.F.);
#6531=ORIENTED_EDGE('',*,*,#5300,.F.);
#6532=ORIENTED_EDGE('',*,*,#5301,.F.);
#6533=ORIENTED_EDGE('',*,*,#5302,.F.);
#6534=ORIENTED_EDGE('',*,*,#5303,.F.);
#6535=ORIENTED_EDGE('',*,*,#5304,.F.);
#6536=ORIENTED_EDGE('',*,*,#5305,.F.);
#6537=ORIENTED_EDGE('',*,*,#5306,.F.);
#6538=ORIENTED_EDGE('',*,*,#5307,.F.);
#6539=ORIENTED_EDGE('',*,*,#5308,.F.);
#6540=ORIENTED_EDGE('',*,*,#5309,.F.);
#6541=ORIENTED_EDGE('',*,*,#5310,.T.);
#6542=ORIENTED_EDGE('',*,*,#5311,.T.);
#6543=ORIENTED_EDGE('',*,*,#5312,.T.);
#6544=ORIENTED_EDGE('',*,*,#5313,.T.);
#6545=ORIENTED_EDGE('',*,*,#5314,.F.);
#6546=ORIENTED_EDGE('',*,*,#5315,.F.);
#6547=ORIENTED_EDGE('',*,*,#5316,.F.);
#6548=ORIENTED_EDGE('',*,*,#5317,.F.);
#6549=ORIENTED_EDGE('',*,*,#5318,.F.);
#6550=ORIENTED_EDGE('',*,*,#5319,.F.);
#6551=ORIENTED_EDGE('',*,*,#5320,.F.);
#6552=ORIENTED_EDGE('',*,*,#5321,.F.);
#6553=ORIENTED_EDGE('',*,*,#5322,.F.);
#6554=ORIENTED_EDGE('',*,*,#5323,.F.);
#6555=ORIENTED_EDGE('',*,*,#5324,.F.);
#6556=ORIENTED_EDGE('',*,*,#5325,.F.);
#6557=ORIENTED_EDGE('',*,*,#5326,.F.);
#6558=ORIENTED_EDGE('',*,*,#5327,.F.);
#6559=ORIENTED_EDGE('',*,*,#5328,.F.);
#6560=ORIENTED_EDGE('',*,*,#5329,.T.);
#6561=ORIENTED_EDGE('',*,*,#5330,.T.);
#6562=ORIENTED_EDGE('',*,*,#5331,.T.);
#6563=ORIENTED_EDGE('',*,*,#5332,.T.);
#6564=ORIENTED_EDGE('',*,*,#5333,.F.);
#6565=ORIENTED_EDGE('',*,*,#5334,.F.);
#6566=ORIENTED_EDGE('',*,*,#5335,.F.);
#6567=ORIENTED_EDGE('',*,*,#5336,.F.);
#6568=ORIENTED_EDGE('',*,*,#5337,.F.);
#6569=ORIENTED_EDGE('',*,*,#5338,.F.);
#6570=ORIENTED_EDGE('',*,*,#5339,.F.);
#6571=ORIENTED_EDGE('',*,*,#5340,.F.);
#6572=ORIENTED_EDGE('',*,*,#5341,.F.);
#6573=ORIENTED_EDGE('',*,*,#5342,.F.);
#6574=ORIENTED_EDGE('',*,*,#5343,.F.);
#6575=ORIENTED_EDGE('',*,*,#5344,.F.);
#6576=ORIENTED_EDGE('',*,*,#5345,.F.);
#6577=ORIENTED_EDGE('',*,*,#5346,.F.);
#6578=ORIENTED_EDGE('',*,*,#5347,.T.);
#6579=ORIENTED_EDGE('',*,*,#5348,.T.);
#6580=ORIENTED_EDGE('',*,*,#5349,.T.);
#6581=ORIENTED_EDGE('',*,*,#5350,.T.);
#6582=ORIENTED_EDGE('',*,*,#5351,.F.);
#6583=ORIENTED_EDGE('',*,*,#5352,.F.);
#6584=ORIENTED_EDGE('',*,*,#5353,.F.);
#6585=ORIENTED_EDGE('',*,*,#5354,.F.);
#6586=ORIENTED_EDGE('',*,*,#5355,.F.);
#6587=ORIENTED_EDGE('',*,*,#5356,.F.);
#6588=ORIENTED_EDGE('',*,*,#5357,.F.);
#6589=ORIENTED_EDGE('',*,*,#5358,.T.);
#6590=ORIENTED_EDGE('',*,*,#5359,.T.);
#6591=ORIENTED_EDGE('',*,*,#5360,.T.);
#6592=ORIENTED_EDGE('',*,*,#5361,.T.);
#6593=ORIENTED_EDGE('',*,*,#5362,.F.);
#6594=ORIENTED_EDGE('',*,*,#5363,.F.);
#6595=ORIENTED_EDGE('',*,*,#5364,.F.);
#6596=ORIENTED_EDGE('',*,*,#5365,.F.);
#6597=ORIENTED_EDGE('',*,*,#5366,.F.);
#6598=ORIENTED_EDGE('',*,*,#5367,.F.);
#6599=ORIENTED_EDGE('',*,*,#5368,.F.);
#6600=ORIENTED_EDGE('',*,*,#5369,.T.);
#6601=ORIENTED_EDGE('',*,*,#5370,.T.);
#6602=ORIENTED_EDGE('',*,*,#5371,.T.);
#6603=ORIENTED_EDGE('',*,*,#5372,.T.);
#6604=ORIENTED_EDGE('',*,*,#5373,.T.);
#6605=ORIENTED_EDGE('',*,*,#5374,.T.);
#6606=ORIENTED_EDGE('',*,*,#5375,.T.);
#6607=ORIENTED_EDGE('',*,*,#5376,.T.);
#6608=ORIENTED_EDGE('',*,*,#5377,.F.);
#6609=ORIENTED_EDGE('',*,*,#5378,.F.);
#6610=ORIENTED_EDGE('',*,*,#5379,.F.);
#6611=ORIENTED_EDGE('',*,*,#5380,.F.);
#6612=ORIENTED_EDGE('',*,*,#5381,.F.);
#6613=ORIENTED_EDGE('',*,*,#5382,.F.);
#6614=ORIENTED_EDGE('',*,*,#5383,.F.);
#6615=ORIENTED_EDGE('',*,*,#5384,.F.);
#6616=ORIENTED_EDGE('',*,*,#5385,.T.);
#6617=ORIENTED_EDGE('',*,*,#5386,.T.);
#6618=ORIENTED_EDGE('',*,*,#5387,.T.);
#6619=ORIENTED_EDGE('',*,*,#5388,.T.);
#6620=ORIENTED_EDGE('',*,*,#5389,.F.);
#6621=ORIENTED_EDGE('',*,*,#5390,.F.);
#6622=ORIENTED_EDGE('',*,*,#5391,.F.);
#6623=ORIENTED_EDGE('',*,*,#5392,.F.);
#6624=ORIENTED_EDGE('',*,*,#5393,.T.);
#6625=ORIENTED_EDGE('',*,*,#5394,.T.);
#6626=ORIENTED_EDGE('',*,*,#5395,.T.);
#6627=ORIENTED_EDGE('',*,*,#5396,.T.);
#6628=ORIENTED_EDGE('',*,*,#5397,.F.);
#6629=ORIENTED_EDGE('',*,*,#5398,.F.);
#6630=ORIENTED_EDGE('',*,*,#5399,.F.);
#6631=ORIENTED_EDGE('',*,*,#5400,.F.);
#6632=ORIENTED_EDGE('',*,*,#5401,.F.);
#6633=ORIENTED_EDGE('',*,*,#5402,.F.);
#6634=ORIENTED_EDGE('',*,*,#5403,.F.);
#6635=ORIENTED_EDGE('',*,*,#5404,.T.);
#6636=ORIENTED_EDGE('',*,*,#5405,.T.);
#6637=ORIENTED_EDGE('',*,*,#5406,.T.);
#6638=ORIENTED_EDGE('',*,*,#5407,.T.);
#6639=ORIENTED_EDGE('',*,*,#5408,.T.);
#6640=ORIENTED_EDGE('',*,*,#5409,.T.);
#6641=ORIENTED_EDGE('',*,*,#5410,.T.);
#6642=ORIENTED_EDGE('',*,*,#5411,.T.);
#6643=ORIENTED_EDGE('',*,*,#5412,.F.);
#6644=ORIENTED_EDGE('',*,*,#5413,.F.);
#6645=ORIENTED_EDGE('',*,*,#5414,.F.);
#6646=ORIENTED_EDGE('',*,*,#5415,.F.);
#6647=ORIENTED_EDGE('',*,*,#5416,.F.);
#6648=ORIENTED_EDGE('',*,*,#5417,.F.);
#6649=ORIENTED_EDGE('',*,*,#5418,.F.);
#6650=ORIENTED_EDGE('',*,*,#5419,.F.);
#6651=ORIENTED_EDGE('',*,*,#5420,.T.);
#6652=ORIENTED_EDGE('',*,*,#5421,.T.);
#6653=ORIENTED_EDGE('',*,*,#5422,.T.);
#6654=ORIENTED_EDGE('',*,*,#5423,.T.);
#6655=ORIENTED_EDGE('',*,*,#5424,.F.);
#6656=ORIENTED_EDGE('',*,*,#5425,.F.);
#6657=ORIENTED_EDGE('',*,*,#5426,.F.);
#6658=ORIENTED_EDGE('',*,*,#5427,.F.);
#6659=ORIENTED_EDGE('',*,*,#5428,.T.);
#6660=ORIENTED_EDGE('',*,*,#5429,.T.);
#6661=ORIENTED_EDGE('',*,*,#5430,.T.);
#6662=ORIENTED_EDGE('',*,*,#5431,.T.);
#6663=ORIENTED_EDGE('',*,*,#5432,.F.);
#6664=ORIENTED_EDGE('',*,*,#5433,.F.);
#6665=ORIENTED_EDGE('',*,*,#5434,.F.);
#6666=ORIENTED_EDGE('',*,*,#5435,.F.);
#6667=ORIENTED_EDGE('',*,*,#5436,.F.);
#6668=ORIENTED_EDGE('',*,*,#5437,.F.);
#6669=ORIENTED_EDGE('',*,*,#5438,.T.);
#6670=ORIENTED_EDGE('',*,*,#4666,.F.);
#6671=ORIENTED_EDGE('',*,*,#5029,.F.);
#6672=ORIENTED_EDGE('',*,*,#5149,.F.);
#6673=ORIENTED_EDGE('',*,*,#5031,.T.);
#6674=ORIENTED_EDGE('',*,*,#4662,.F.);
#6675=ORIENTED_EDGE('',*,*,#5439,.F.);
#6676=ORIENTED_EDGE('',*,*,#5150,.F.);
#6677=ORIENTED_EDGE('',*,*,#5440,.T.);
#6678=ORIENTED_EDGE('',*,*,#4667,.F.);
#6679=ORIENTED_EDGE('',*,*,#5438,.F.);
#6680=ORIENTED_EDGE('',*,*,#5148,.F.);
#6681=ORIENTED_EDGE('',*,*,#5439,.T.);
#6682=ORIENTED_EDGE('',*,*,#4661,.F.);
#6683=ORIENTED_EDGE('',*,*,#5441,.F.);
#6684=ORIENTED_EDGE('',*,*,#5151,.F.);
#6685=ORIENTED_EDGE('',*,*,#5442,.T.);
#6686=ORIENTED_EDGE('',*,*,#4668,.F.);
#6687=ORIENTED_EDGE('',*,*,#5440,.F.);
#6688=ORIENTED_EDGE('',*,*,#5147,.F.);
#6689=ORIENTED_EDGE('',*,*,#5441,.T.);
#6690=ORIENTED_EDGE('',*,*,#4660,.F.);
#6691=ORIENTED_EDGE('',*,*,#5443,.F.);
#6692=ORIENTED_EDGE('',*,*,#5152,.F.);
#6693=ORIENTED_EDGE('',*,*,#5444,.T.);
#6694=ORIENTED_EDGE('',*,*,#4669,.F.);
#6695=ORIENTED_EDGE('',*,*,#5442,.F.);
#6696=ORIENTED_EDGE('',*,*,#5146,.F.);
#6697=ORIENTED_EDGE('',*,*,#5443,.T.);
#6698=ORIENTED_EDGE('',*,*,#4659,.F.);
#6699=ORIENTED_EDGE('',*,*,#5445,.F.);
#6700=ORIENTED_EDGE('',*,*,#5153,.F.);
#6701=ORIENTED_EDGE('',*,*,#5446,.T.);
#6702=ORIENTED_EDGE('',*,*,#4670,.F.);
#6703=ORIENTED_EDGE('',*,*,#5444,.F.);
#6704=ORIENTED_EDGE('',*,*,#5145,.F.);
#6705=ORIENTED_EDGE('',*,*,#5445,.T.);
#6706=ORIENTED_EDGE('',*,*,#4658,.F.);
#6707=ORIENTED_EDGE('',*,*,#5447,.F.);
#6708=ORIENTED_EDGE('',*,*,#5154,.F.);
#6709=ORIENTED_EDGE('',*,*,#5448,.T.);
#6710=ORIENTED_EDGE('',*,*,#4671,.F.);
#6711=ORIENTED_EDGE('',*,*,#5446,.F.);
#6712=ORIENTED_EDGE('',*,*,#5144,.F.);
#6713=ORIENTED_EDGE('',*,*,#5447,.T.);
#6714=ORIENTED_EDGE('',*,*,#4657,.F.);
#6715=ORIENTED_EDGE('',*,*,#5449,.F.);
#6716=ORIENTED_EDGE('',*,*,#5155,.F.);
#6717=ORIENTED_EDGE('',*,*,#5450,.T.);
#6718=ORIENTED_EDGE('',*,*,#4672,.F.);
#6719=ORIENTED_EDGE('',*,*,#5448,.F.);
#6720=ORIENTED_EDGE('',*,*,#5143,.F.);
#6721=ORIENTED_EDGE('',*,*,#5449,.T.);
#6722=ORIENTED_EDGE('',*,*,#4656,.F.);
#6723=ORIENTED_EDGE('',*,*,#5451,.F.);
#6724=ORIENTED_EDGE('',*,*,#5156,.F.);
#6725=ORIENTED_EDGE('',*,*,#5452,.T.);
#6726=ORIENTED_EDGE('',*,*,#4673,.F.);
#6727=ORIENTED_EDGE('',*,*,#5450,.F.);
#6728=ORIENTED_EDGE('',*,*,#5142,.F.);
#6729=ORIENTED_EDGE('',*,*,#5451,.T.);
#6730=ORIENTED_EDGE('',*,*,#4655,.F.);
#6731=ORIENTED_EDGE('',*,*,#5453,.F.);
#6732=ORIENTED_EDGE('',*,*,#5157,.F.);
#6733=ORIENTED_EDGE('',*,*,#5454,.T.);
#6734=ORIENTED_EDGE('',*,*,#4674,.F.);
#6735=ORIENTED_EDGE('',*,*,#5452,.F.);
#6736=ORIENTED_EDGE('',*,*,#5141,.F.);
#6737=ORIENTED_EDGE('',*,*,#5453,.T.);
#6738=ORIENTED_EDGE('',*,*,#4654,.F.);
#6739=ORIENTED_EDGE('',*,*,#5455,.F.);
#6740=ORIENTED_EDGE('',*,*,#5158,.F.);
#6741=ORIENTED_EDGE('',*,*,#5456,.T.);
#6742=ORIENTED_EDGE('',*,*,#4675,.F.);
#6743=ORIENTED_EDGE('',*,*,#5454,.F.);
#6744=ORIENTED_EDGE('',*,*,#5140,.F.);
#6745=ORIENTED_EDGE('',*,*,#5455,.T.);
#6746=ORIENTED_EDGE('',*,*,#4653,.F.);
#6747=ORIENTED_EDGE('',*,*,#5457,.F.);
#6748=ORIENTED_EDGE('',*,*,#5159,.F.);
#6749=ORIENTED_EDGE('',*,*,#5458,.T.);
#6750=ORIENTED_EDGE('',*,*,#4676,.F.);
#6751=ORIENTED_EDGE('',*,*,#5456,.F.);
#6752=ORIENTED_EDGE('',*,*,#5139,.F.);
#6753=ORIENTED_EDGE('',*,*,#5457,.T.);
#6754=ORIENTED_EDGE('',*,*,#4652,.F.);
#6755=ORIENTED_EDGE('',*,*,#5459,.F.);
#6756=ORIENTED_EDGE('',*,*,#5160,.F.);
#6757=ORIENTED_EDGE('',*,*,#5460,.T.);
#6758=ORIENTED_EDGE('',*,*,#4677,.F.);
#6759=ORIENTED_EDGE('',*,*,#5458,.F.);
#6760=ORIENTED_EDGE('',*,*,#5138,.F.);
#6761=ORIENTED_EDGE('',*,*,#5459,.T.);
#6762=ORIENTED_EDGE('',*,*,#4651,.F.);
#6763=ORIENTED_EDGE('',*,*,#5461,.F.);
#6764=ORIENTED_EDGE('',*,*,#5161,.F.);
#6765=ORIENTED_EDGE('',*,*,#5462,.T.);
#6766=ORIENTED_EDGE('',*,*,#4678,.F.);
#6767=ORIENTED_EDGE('',*,*,#5460,.F.);
#6768=ORIENTED_EDGE('',*,*,#5137,.F.);
#6769=ORIENTED_EDGE('',*,*,#5461,.T.);
#6770=ORIENTED_EDGE('',*,*,#4650,.F.);
#6771=ORIENTED_EDGE('',*,*,#5463,.F.);
#6772=ORIENTED_EDGE('',*,*,#5162,.F.);
#6773=ORIENTED_EDGE('',*,*,#5464,.T.);
#6774=ORIENTED_EDGE('',*,*,#4679,.F.);
#6775=ORIENTED_EDGE('',*,*,#5462,.F.);
#6776=ORIENTED_EDGE('',*,*,#5136,.F.);
#6777=ORIENTED_EDGE('',*,*,#5463,.T.);
#6778=ORIENTED_EDGE('',*,*,#4649,.F.);
#6779=ORIENTED_EDGE('',*,*,#5465,.F.);
#6780=ORIENTED_EDGE('',*,*,#5163,.F.);
#6781=ORIENTED_EDGE('',*,*,#5466,.T.);
#6782=ORIENTED_EDGE('',*,*,#4680,.F.);
#6783=ORIENTED_EDGE('',*,*,#5464,.F.);
#6784=ORIENTED_EDGE('',*,*,#5135,.F.);
#6785=ORIENTED_EDGE('',*,*,#5465,.T.);
#6786=ORIENTED_EDGE('',*,*,#4648,.F.);
#6787=ORIENTED_EDGE('',*,*,#5467,.F.);
#6788=ORIENTED_EDGE('',*,*,#5164,.F.);
#6789=ORIENTED_EDGE('',*,*,#5468,.T.);
#6790=ORIENTED_EDGE('',*,*,#4681,.F.);
#6791=ORIENTED_EDGE('',*,*,#5466,.F.);
#6792=ORIENTED_EDGE('',*,*,#5134,.F.);
#6793=ORIENTED_EDGE('',*,*,#5467,.T.);
#6794=ORIENTED_EDGE('',*,*,#4647,.F.);
#6795=ORIENTED_EDGE('',*,*,#5469,.F.);
#6796=ORIENTED_EDGE('',*,*,#5165,.F.);
#6797=ORIENTED_EDGE('',*,*,#5470,.T.);
#6798=ORIENTED_EDGE('',*,*,#4682,.F.);
#6799=ORIENTED_EDGE('',*,*,#5468,.F.);
#6800=ORIENTED_EDGE('',*,*,#5133,.F.);
#6801=ORIENTED_EDGE('',*,*,#5469,.T.);
#6802=ORIENTED_EDGE('',*,*,#4646,.F.);
#6803=ORIENTED_EDGE('',*,*,#5471,.F.);
#6804=ORIENTED_EDGE('',*,*,#5166,.F.);
#6805=ORIENTED_EDGE('',*,*,#5472,.T.);
#6806=ORIENTED_EDGE('',*,*,#4683,.F.);
#6807=ORIENTED_EDGE('',*,*,#5470,.F.);
#6808=ORIENTED_EDGE('',*,*,#5132,.F.);
#6809=ORIENTED_EDGE('',*,*,#5471,.T.);
#6810=ORIENTED_EDGE('',*,*,#4645,.F.);
#6811=ORIENTED_EDGE('',*,*,#5473,.F.);
#6812=ORIENTED_EDGE('',*,*,#5167,.F.);
#6813=ORIENTED_EDGE('',*,*,#5474,.T.);
#6814=ORIENTED_EDGE('',*,*,#4684,.F.);
#6815=ORIENTED_EDGE('',*,*,#5472,.F.);
#6816=ORIENTED_EDGE('',*,*,#5131,.F.);
#6817=ORIENTED_EDGE('',*,*,#5473,.T.);
#6818=ORIENTED_EDGE('',*,*,#4644,.F.);
#6819=ORIENTED_EDGE('',*,*,#5475,.F.);
#6820=ORIENTED_EDGE('',*,*,#5168,.F.);
#6821=ORIENTED_EDGE('',*,*,#5475,.T.);
#6822=ORIENTED_EDGE('',*,*,#4643,.F.);
#6823=ORIENTED_EDGE('',*,*,#5476,.F.);
#6824=ORIENTED_EDGE('',*,*,#5169,.F.);
#6825=ORIENTED_EDGE('',*,*,#5477,.T.);
#6826=ORIENTED_EDGE('',*,*,#4685,.F.);
#6827=ORIENTED_EDGE('',*,*,#5474,.F.);
#6828=ORIENTED_EDGE('',*,*,#5130,.F.);
#6829=ORIENTED_EDGE('',*,*,#5478,.T.);
#6830=ORIENTED_EDGE('',*,*,#5478,.F.);
#6831=ORIENTED_EDGE('',*,*,#5129,.F.);
#6832=ORIENTED_EDGE('',*,*,#5476,.T.);
#6833=ORIENTED_EDGE('',*,*,#4642,.F.);
#6834=ORIENTED_EDGE('',*,*,#5479,.F.);
#6835=ORIENTED_EDGE('',*,*,#5170,.F.);
#6836=ORIENTED_EDGE('',*,*,#5480,.T.);
#6837=ORIENTED_EDGE('',*,*,#4686,.F.);
#6838=ORIENTED_EDGE('',*,*,#5477,.F.);
#6839=ORIENTED_EDGE('',*,*,#5128,.F.);
#6840=ORIENTED_EDGE('',*,*,#5479,.T.);
#6841=ORIENTED_EDGE('',*,*,#4641,.F.);
#6842=ORIENTED_EDGE('',*,*,#5481,.F.);
#6843=ORIENTED_EDGE('',*,*,#5171,.F.);
#6844=ORIENTED_EDGE('',*,*,#5482,.T.);
#6845=ORIENTED_EDGE('',*,*,#4687,.F.);
#6846=ORIENTED_EDGE('',*,*,#5480,.F.);
#6847=ORIENTED_EDGE('',*,*,#5127,.F.);
#6848=ORIENTED_EDGE('',*,*,#5481,.T.);
#6849=ORIENTED_EDGE('',*,*,#4640,.F.);
#6850=ORIENTED_EDGE('',*,*,#5483,.F.);
#6851=ORIENTED_EDGE('',*,*,#5172,.F.);
#6852=ORIENTED_EDGE('',*,*,#5484,.T.);
#6853=ORIENTED_EDGE('',*,*,#4688,.F.);
#6854=ORIENTED_EDGE('',*,*,#5482,.F.);
#6855=ORIENTED_EDGE('',*,*,#5126,.F.);
#6856=ORIENTED_EDGE('',*,*,#5483,.T.);
#6857=ORIENTED_EDGE('',*,*,#4639,.F.);
#6858=ORIENTED_EDGE('',*,*,#5485,.F.);
#6859=ORIENTED_EDGE('',*,*,#5173,.F.);
#6860=ORIENTED_EDGE('',*,*,#5486,.T.);
#6861=ORIENTED_EDGE('',*,*,#4689,.F.);
#6862=ORIENTED_EDGE('',*,*,#5484,.F.);
#6863=ORIENTED_EDGE('',*,*,#5125,.F.);
#6864=ORIENTED_EDGE('',*,*,#5485,.T.);
#6865=ORIENTED_EDGE('',*,*,#4638,.F.);
#6866=ORIENTED_EDGE('',*,*,#5487,.F.);
#6867=ORIENTED_EDGE('',*,*,#5174,.F.);
#6868=ORIENTED_EDGE('',*,*,#5488,.T.);
#6869=ORIENTED_EDGE('',*,*,#4690,.F.);
#6870=ORIENTED_EDGE('',*,*,#5486,.F.);
#6871=ORIENTED_EDGE('',*,*,#5124,.F.);
#6872=ORIENTED_EDGE('',*,*,#5487,.T.);
#6873=ORIENTED_EDGE('',*,*,#4637,.F.);
#6874=ORIENTED_EDGE('',*,*,#5489,.F.);
#6875=ORIENTED_EDGE('',*,*,#5175,.F.);
#6876=ORIENTED_EDGE('',*,*,#5490,.T.);
#6877=ORIENTED_EDGE('',*,*,#4691,.F.);
#6878=ORIENTED_EDGE('',*,*,#5488,.F.);
#6879=ORIENTED_EDGE('',*,*,#5123,.F.);
#6880=ORIENTED_EDGE('',*,*,#5489,.T.);
#6881=ORIENTED_EDGE('',*,*,#4636,.F.);
#6882=ORIENTED_EDGE('',*,*,#5491,.F.);
#6883=ORIENTED_EDGE('',*,*,#5176,.F.);
#6884=ORIENTED_EDGE('',*,*,#5492,.T.);
#6885=ORIENTED_EDGE('',*,*,#4692,.F.);
#6886=ORIENTED_EDGE('',*,*,#5490,.F.);
#6887=ORIENTED_EDGE('',*,*,#5122,.F.);
#6888=ORIENTED_EDGE('',*,*,#5491,.T.);
#6889=ORIENTED_EDGE('',*,*,#4635,.F.);
#6890=ORIENTED_EDGE('',*,*,#5493,.F.);
#6891=ORIENTED_EDGE('',*,*,#5177,.F.);
#6892=ORIENTED_EDGE('',*,*,#5494,.T.);
#6893=ORIENTED_EDGE('',*,*,#4693,.F.);
#6894=ORIENTED_EDGE('',*,*,#5492,.F.);
#6895=ORIENTED_EDGE('',*,*,#5121,.F.);
#6896=ORIENTED_EDGE('',*,*,#5493,.T.);
#6897=ORIENTED_EDGE('',*,*,#4634,.F.);
#6898=ORIENTED_EDGE('',*,*,#5495,.F.);
#6899=ORIENTED_EDGE('',*,*,#5178,.F.);
#6900=ORIENTED_EDGE('',*,*,#5496,.T.);
#6901=ORIENTED_EDGE('',*,*,#4694,.F.);
#6902=ORIENTED_EDGE('',*,*,#5494,.F.);
#6903=ORIENTED_EDGE('',*,*,#5120,.F.);
#6904=ORIENTED_EDGE('',*,*,#5495,.T.);
#6905=ORIENTED_EDGE('',*,*,#4633,.F.);
#6906=ORIENTED_EDGE('',*,*,#5497,.F.);
#6907=ORIENTED_EDGE('',*,*,#5179,.F.);
#6908=ORIENTED_EDGE('',*,*,#5498,.T.);
#6909=ORIENTED_EDGE('',*,*,#4695,.F.);
#6910=ORIENTED_EDGE('',*,*,#5496,.F.);
#6911=ORIENTED_EDGE('',*,*,#5119,.F.);
#6912=ORIENTED_EDGE('',*,*,#5497,.T.);
#6913=ORIENTED_EDGE('',*,*,#4632,.F.);
#6914=ORIENTED_EDGE('',*,*,#5499,.F.);
#6915=ORIENTED_EDGE('',*,*,#5180,.F.);
#6916=ORIENTED_EDGE('',*,*,#5500,.T.);
#6917=ORIENTED_EDGE('',*,*,#4696,.F.);
#6918=ORIENTED_EDGE('',*,*,#5498,.F.);
#6919=ORIENTED_EDGE('',*,*,#5118,.F.);
#6920=ORIENTED_EDGE('',*,*,#5499,.T.);
#6921=ORIENTED_EDGE('',*,*,#4631,.F.);
#6922=ORIENTED_EDGE('',*,*,#5501,.F.);
#6923=ORIENTED_EDGE('',*,*,#5181,.F.);
#6924=ORIENTED_EDGE('',*,*,#5502,.T.);
#6925=ORIENTED_EDGE('',*,*,#4697,.F.);
#6926=ORIENTED_EDGE('',*,*,#5500,.F.);
#6927=ORIENTED_EDGE('',*,*,#5117,.F.);
#6928=ORIENTED_EDGE('',*,*,#5501,.T.);
#6929=ORIENTED_EDGE('',*,*,#4630,.F.);
#6930=ORIENTED_EDGE('',*,*,#5503,.F.);
#6931=ORIENTED_EDGE('',*,*,#5182,.F.);
#6932=ORIENTED_EDGE('',*,*,#5504,.T.);
#6933=ORIENTED_EDGE('',*,*,#4698,.F.);
#6934=ORIENTED_EDGE('',*,*,#5502,.F.);
#6935=ORIENTED_EDGE('',*,*,#5116,.F.);
#6936=ORIENTED_EDGE('',*,*,#5503,.T.);
#6937=ORIENTED_EDGE('',*,*,#4629,.F.);
#6938=ORIENTED_EDGE('',*,*,#5505,.F.);
#6939=ORIENTED_EDGE('',*,*,#5183,.F.);
#6940=ORIENTED_EDGE('',*,*,#5506,.T.);
#6941=ORIENTED_EDGE('',*,*,#4699,.F.);
#6942=ORIENTED_EDGE('',*,*,#5504,.F.);
#6943=ORIENTED_EDGE('',*,*,#5115,.F.);
#6944=ORIENTED_EDGE('',*,*,#5505,.T.);
#6945=ORIENTED_EDGE('',*,*,#4628,.F.);
#6946=ORIENTED_EDGE('',*,*,#5507,.F.);
#6947=ORIENTED_EDGE('',*,*,#5184,.F.);
#6948=ORIENTED_EDGE('',*,*,#5508,.T.);
#6949=ORIENTED_EDGE('',*,*,#4700,.F.);
#6950=ORIENTED_EDGE('',*,*,#5506,.F.);
#6951=ORIENTED_EDGE('',*,*,#5114,.F.);
#6952=ORIENTED_EDGE('',*,*,#5507,.T.);
#6953=ORIENTED_EDGE('',*,*,#4627,.F.);
#6954=ORIENTED_EDGE('',*,*,#5509,.F.);
#6955=ORIENTED_EDGE('',*,*,#5185,.F.);
#6956=ORIENTED_EDGE('',*,*,#5510,.T.);
#6957=ORIENTED_EDGE('',*,*,#4701,.F.);
#6958=ORIENTED_EDGE('',*,*,#5508,.F.);
#6959=ORIENTED_EDGE('',*,*,#5113,.F.);
#6960=ORIENTED_EDGE('',*,*,#5509,.T.);
#6961=ORIENTED_EDGE('',*,*,#4626,.F.);
#6962=ORIENTED_EDGE('',*,*,#5511,.F.);
#6963=ORIENTED_EDGE('',*,*,#5186,.F.);
#6964=ORIENTED_EDGE('',*,*,#5512,.T.);
#6965=ORIENTED_EDGE('',*,*,#4702,.F.);
#6966=ORIENTED_EDGE('',*,*,#5510,.F.);
#6967=ORIENTED_EDGE('',*,*,#5112,.F.);
#6968=ORIENTED_EDGE('',*,*,#5511,.T.);
#6969=ORIENTED_EDGE('',*,*,#4625,.F.);
#6970=ORIENTED_EDGE('',*,*,#5513,.F.);
#6971=ORIENTED_EDGE('',*,*,#5187,.F.);
#6972=ORIENTED_EDGE('',*,*,#5514,.T.);
#6973=ORIENTED_EDGE('',*,*,#4703,.F.);
#6974=ORIENTED_EDGE('',*,*,#5512,.F.);
#6975=ORIENTED_EDGE('',*,*,#5111,.F.);
#6976=ORIENTED_EDGE('',*,*,#5513,.T.);
#6977=ORIENTED_EDGE('',*,*,#4624,.F.);
#6978=ORIENTED_EDGE('',*,*,#5515,.F.);
#6979=ORIENTED_EDGE('',*,*,#5188,.F.);
#6980=ORIENTED_EDGE('',*,*,#5516,.T.);
#6981=ORIENTED_EDGE('',*,*,#4704,.F.);
#6982=ORIENTED_EDGE('',*,*,#5514,.F.);
#6983=ORIENTED_EDGE('',*,*,#5110,.F.);
#6984=ORIENTED_EDGE('',*,*,#5515,.T.);
#6985=ORIENTED_EDGE('',*,*,#4623,.F.);
#6986=ORIENTED_EDGE('',*,*,#5517,.F.);
#6987=ORIENTED_EDGE('',*,*,#5189,.F.);
#6988=ORIENTED_EDGE('',*,*,#5518,.T.);
#6989=ORIENTED_EDGE('',*,*,#4705,.F.);
#6990=ORIENTED_EDGE('',*,*,#5516,.F.);
#6991=ORIENTED_EDGE('',*,*,#5109,.F.);
#6992=ORIENTED_EDGE('',*,*,#5517,.T.);
#6993=ORIENTED_EDGE('',*,*,#4622,.F.);
#6994=ORIENTED_EDGE('',*,*,#5519,.F.);
#6995=ORIENTED_EDGE('',*,*,#5190,.F.);
#6996=ORIENTED_EDGE('',*,*,#5520,.T.);
#6997=ORIENTED_EDGE('',*,*,#4706,.F.);
#6998=ORIENTED_EDGE('',*,*,#5518,.F.);
#6999=ORIENTED_EDGE('',*,*,#5108,.F.);
#7000=ORIENTED_EDGE('',*,*,#5519,.T.);
#7001=ORIENTED_EDGE('',*,*,#4621,.F.);
#7002=ORIENTED_EDGE('',*,*,#5521,.F.);
#7003=ORIENTED_EDGE('',*,*,#5191,.F.);
#7004=ORIENTED_EDGE('',*,*,#5522,.T.);
#7005=ORIENTED_EDGE('',*,*,#4707,.F.);
#7006=ORIENTED_EDGE('',*,*,#5520,.F.);
#7007=ORIENTED_EDGE('',*,*,#5107,.F.);
#7008=ORIENTED_EDGE('',*,*,#5521,.T.);
#7009=ORIENTED_EDGE('',*,*,#4620,.F.);
#7010=ORIENTED_EDGE('',*,*,#5523,.F.);
#7011=ORIENTED_EDGE('',*,*,#5192,.F.);
#7012=ORIENTED_EDGE('',*,*,#5524,.T.);
#7013=ORIENTED_EDGE('',*,*,#4708,.F.);
#7014=ORIENTED_EDGE('',*,*,#5522,.F.);
#7015=ORIENTED_EDGE('',*,*,#5106,.F.);
#7016=ORIENTED_EDGE('',*,*,#5523,.T.);
#7017=ORIENTED_EDGE('',*,*,#4619,.F.);
#7018=ORIENTED_EDGE('',*,*,#5525,.F.);
#7019=ORIENTED_EDGE('',*,*,#5193,.F.);
#7020=ORIENTED_EDGE('',*,*,#5526,.T.);
#7021=ORIENTED_EDGE('',*,*,#4709,.F.);
#7022=ORIENTED_EDGE('',*,*,#5524,.F.);
#7023=ORIENTED_EDGE('',*,*,#5105,.F.);
#7024=ORIENTED_EDGE('',*,*,#5527,.T.);
#7025=ORIENTED_EDGE('',*,*,#4710,.F.);
#7026=ORIENTED_EDGE('',*,*,#5526,.F.);
#7027=ORIENTED_EDGE('',*,*,#5104,.F.);
#7028=ORIENTED_EDGE('',*,*,#5525,.T.);
#7029=ORIENTED_EDGE('',*,*,#4781,.F.);
#7030=ORIENTED_EDGE('',*,*,#5528,.F.);
#7031=ORIENTED_EDGE('',*,*,#5033,.F.);
#7032=ORIENTED_EDGE('',*,*,#5529,.T.);
#7033=ORIENTED_EDGE('',*,*,#4711,.F.);
#7034=ORIENTED_EDGE('',*,*,#5527,.F.);
#7035=ORIENTED_EDGE('',*,*,#5103,.F.);
#7036=ORIENTED_EDGE('',*,*,#5528,.T.);
#7037=ORIENTED_EDGE('',*,*,#4780,.F.);
#7038=ORIENTED_EDGE('',*,*,#5530,.F.);
#7039=ORIENTED_EDGE('',*,*,#5034,.F.);
#7040=ORIENTED_EDGE('',*,*,#5531,.T.);
#7041=ORIENTED_EDGE('',*,*,#4712,.F.);
#7042=ORIENTED_EDGE('',*,*,#5529,.F.);
#7043=ORIENTED_EDGE('',*,*,#5102,.F.);
#7044=ORIENTED_EDGE('',*,*,#5530,.T.);
#7045=ORIENTED_EDGE('',*,*,#4779,.F.);
#7046=ORIENTED_EDGE('',*,*,#5532,.F.);
#7047=ORIENTED_EDGE('',*,*,#5035,.F.);
#7048=ORIENTED_EDGE('',*,*,#5533,.T.);
#7049=ORIENTED_EDGE('',*,*,#4713,.F.);
#7050=ORIENTED_EDGE('',*,*,#5531,.F.);
#7051=ORIENTED_EDGE('',*,*,#5101,.F.);
#7052=ORIENTED_EDGE('',*,*,#5532,.T.);
#7053=ORIENTED_EDGE('',*,*,#4778,.F.);
#7054=ORIENTED_EDGE('',*,*,#5534,.F.);
#7055=ORIENTED_EDGE('',*,*,#5036,.F.);
#7056=ORIENTED_EDGE('',*,*,#5535,.T.);
#7057=ORIENTED_EDGE('',*,*,#4714,.F.);
#7058=ORIENTED_EDGE('',*,*,#5533,.F.);
#7059=ORIENTED_EDGE('',*,*,#5100,.F.);
#7060=ORIENTED_EDGE('',*,*,#5534,.T.);
#7061=ORIENTED_EDGE('',*,*,#4777,.F.);
#7062=ORIENTED_EDGE('',*,*,#5536,.F.);
#7063=ORIENTED_EDGE('',*,*,#5037,.F.);
#7064=ORIENTED_EDGE('',*,*,#5537,.T.);
#7065=ORIENTED_EDGE('',*,*,#4715,.F.);
#7066=ORIENTED_EDGE('',*,*,#5535,.F.);
#7067=ORIENTED_EDGE('',*,*,#5099,.F.);
#7068=ORIENTED_EDGE('',*,*,#5536,.T.);
#7069=ORIENTED_EDGE('',*,*,#4776,.F.);
#7070=ORIENTED_EDGE('',*,*,#5538,.F.);
#7071=ORIENTED_EDGE('',*,*,#5038,.F.);
#7072=ORIENTED_EDGE('',*,*,#5539,.T.);
#7073=ORIENTED_EDGE('',*,*,#4716,.F.);
#7074=ORIENTED_EDGE('',*,*,#5537,.F.);
#7075=ORIENTED_EDGE('',*,*,#5098,.F.);
#7076=ORIENTED_EDGE('',*,*,#5538,.T.);
#7077=ORIENTED_EDGE('',*,*,#4775,.F.);
#7078=ORIENTED_EDGE('',*,*,#5540,.F.);
#7079=ORIENTED_EDGE('',*,*,#5039,.F.);
#7080=ORIENTED_EDGE('',*,*,#5541,.T.);
#7081=ORIENTED_EDGE('',*,*,#4717,.F.);
#7082=ORIENTED_EDGE('',*,*,#5539,.F.);
#7083=ORIENTED_EDGE('',*,*,#5097,.F.);
#7084=ORIENTED_EDGE('',*,*,#5540,.T.);
#7085=ORIENTED_EDGE('',*,*,#4774,.F.);
#7086=ORIENTED_EDGE('',*,*,#5542,.F.);
#7087=ORIENTED_EDGE('',*,*,#5040,.F.);
#7088=ORIENTED_EDGE('',*,*,#5543,.T.);
#7089=ORIENTED_EDGE('',*,*,#4718,.F.);
#7090=ORIENTED_EDGE('',*,*,#5541,.F.);
#7091=ORIENTED_EDGE('',*,*,#5096,.F.);
#7092=ORIENTED_EDGE('',*,*,#5542,.T.);
#7093=ORIENTED_EDGE('',*,*,#4773,.F.);
#7094=ORIENTED_EDGE('',*,*,#5544,.F.);
#7095=ORIENTED_EDGE('',*,*,#5041,.F.);
#7096=ORIENTED_EDGE('',*,*,#5545,.T.);
#7097=ORIENTED_EDGE('',*,*,#4719,.F.);
#7098=ORIENTED_EDGE('',*,*,#5543,.F.);
#7099=ORIENTED_EDGE('',*,*,#5095,.F.);
#7100=ORIENTED_EDGE('',*,*,#5546,.T.);
#7101=ORIENTED_EDGE('',*,*,#4720,.F.);
#7102=ORIENTED_EDGE('',*,*,#5545,.F.);
#7103=ORIENTED_EDGE('',*,*,#5094,.F.);
#7104=ORIENTED_EDGE('',*,*,#5544,.T.);
#7105=ORIENTED_EDGE('',*,*,#4772,.F.);
#7106=ORIENTED_EDGE('',*,*,#5547,.F.);
#7107=ORIENTED_EDGE('',*,*,#5042,.F.);
#7108=ORIENTED_EDGE('',*,*,#5548,.T.);
#7109=ORIENTED_EDGE('',*,*,#4721,.F.);
#7110=ORIENTED_EDGE('',*,*,#5546,.F.);
#7111=ORIENTED_EDGE('',*,*,#5093,.F.);
#7112=ORIENTED_EDGE('',*,*,#5547,.T.);
#7113=ORIENTED_EDGE('',*,*,#4771,.F.);
#7114=ORIENTED_EDGE('',*,*,#5549,.F.);
#7115=ORIENTED_EDGE('',*,*,#5043,.F.);
#7116=ORIENTED_EDGE('',*,*,#5550,.T.);
#7117=ORIENTED_EDGE('',*,*,#4722,.F.);
#7118=ORIENTED_EDGE('',*,*,#5548,.F.);
#7119=ORIENTED_EDGE('',*,*,#5092,.F.);
#7120=ORIENTED_EDGE('',*,*,#5549,.T.);
#7121=ORIENTED_EDGE('',*,*,#4770,.F.);
#7122=ORIENTED_EDGE('',*,*,#5551,.F.);
#7123=ORIENTED_EDGE('',*,*,#5044,.F.);
#7124=ORIENTED_EDGE('',*,*,#5552,.T.);
#7125=ORIENTED_EDGE('',*,*,#4723,.F.);
#7126=ORIENTED_EDGE('',*,*,#5550,.F.);
#7127=ORIENTED_EDGE('',*,*,#5091,.F.);
#7128=ORIENTED_EDGE('',*,*,#5551,.T.);
#7129=ORIENTED_EDGE('',*,*,#4769,.F.);
#7130=ORIENTED_EDGE('',*,*,#5553,.F.);
#7131=ORIENTED_EDGE('',*,*,#5045,.F.);
#7132=ORIENTED_EDGE('',*,*,#5554,.T.);
#7133=ORIENTED_EDGE('',*,*,#4724,.F.);
#7134=ORIENTED_EDGE('',*,*,#5552,.F.);
#7135=ORIENTED_EDGE('',*,*,#5090,.F.);
#7136=ORIENTED_EDGE('',*,*,#5553,.T.);
#7137=ORIENTED_EDGE('',*,*,#4768,.F.);
#7138=ORIENTED_EDGE('',*,*,#5555,.F.);
#7139=ORIENTED_EDGE('',*,*,#5046,.F.);
#7140=ORIENTED_EDGE('',*,*,#5556,.T.);
#7141=ORIENTED_EDGE('',*,*,#4725,.F.);
#7142=ORIENTED_EDGE('',*,*,#5554,.F.);
#7143=ORIENTED_EDGE('',*,*,#5089,.F.);
#7144=ORIENTED_EDGE('',*,*,#5555,.T.);
#7145=ORIENTED_EDGE('',*,*,#4767,.F.);
#7146=ORIENTED_EDGE('',*,*,#5557,.F.);
#7147=ORIENTED_EDGE('',*,*,#5047,.F.);
#7148=ORIENTED_EDGE('',*,*,#5558,.T.);
#7149=ORIENTED_EDGE('',*,*,#4726,.F.);
#7150=ORIENTED_EDGE('',*,*,#5556,.F.);
#7151=ORIENTED_EDGE('',*,*,#5088,.F.);
#7152=ORIENTED_EDGE('',*,*,#5557,.T.);
#7153=ORIENTED_EDGE('',*,*,#4766,.F.);
#7154=ORIENTED_EDGE('',*,*,#5559,.F.);
#7155=ORIENTED_EDGE('',*,*,#5048,.F.);
#7156=ORIENTED_EDGE('',*,*,#5560,.T.);
#7157=ORIENTED_EDGE('',*,*,#4727,.F.);
#7158=ORIENTED_EDGE('',*,*,#5558,.F.);
#7159=ORIENTED_EDGE('',*,*,#5087,.F.);
#7160=ORIENTED_EDGE('',*,*,#5559,.T.);
#7161=ORIENTED_EDGE('',*,*,#4765,.F.);
#7162=ORIENTED_EDGE('',*,*,#5561,.F.);
#7163=ORIENTED_EDGE('',*,*,#5049,.F.);
#7164=ORIENTED_EDGE('',*,*,#5562,.T.);
#7165=ORIENTED_EDGE('',*,*,#4728,.F.);
#7166=ORIENTED_EDGE('',*,*,#5560,.F.);
#7167=ORIENTED_EDGE('',*,*,#5086,.F.);
#7168=ORIENTED_EDGE('',*,*,#5561,.T.);
#7169=ORIENTED_EDGE('',*,*,#4764,.F.);
#7170=ORIENTED_EDGE('',*,*,#5563,.F.);
#7171=ORIENTED_EDGE('',*,*,#5050,.F.);
#7172=ORIENTED_EDGE('',*,*,#5564,.T.);
#7173=ORIENTED_EDGE('',*,*,#4729,.F.);
#7174=ORIENTED_EDGE('',*,*,#5562,.F.);
#7175=ORIENTED_EDGE('',*,*,#5085,.F.);
#7176=ORIENTED_EDGE('',*,*,#5563,.T.);
#7177=ORIENTED_EDGE('',*,*,#4763,.F.);
#7178=ORIENTED_EDGE('',*,*,#5565,.F.);
#7179=ORIENTED_EDGE('',*,*,#5051,.F.);
#7180=ORIENTED_EDGE('',*,*,#5566,.T.);
#7181=ORIENTED_EDGE('',*,*,#4730,.F.);
#7182=ORIENTED_EDGE('',*,*,#5564,.F.);
#7183=ORIENTED_EDGE('',*,*,#5084,.F.);
#7184=ORIENTED_EDGE('',*,*,#5565,.T.);
#7185=ORIENTED_EDGE('',*,*,#4762,.F.);
#7186=ORIENTED_EDGE('',*,*,#5567,.F.);
#7187=ORIENTED_EDGE('',*,*,#5052,.F.);
#7188=ORIENTED_EDGE('',*,*,#5568,.T.);
#7189=ORIENTED_EDGE('',*,*,#4731,.F.);
#7190=ORIENTED_EDGE('',*,*,#5566,.F.);
#7191=ORIENTED_EDGE('',*,*,#5083,.F.);
#7192=ORIENTED_EDGE('',*,*,#5567,.T.);
#7193=ORIENTED_EDGE('',*,*,#4761,.F.);
#7194=ORIENTED_EDGE('',*,*,#5569,.F.);
#7195=ORIENTED_EDGE('',*,*,#5053,.F.);
#7196=ORIENTED_EDGE('',*,*,#5570,.T.);
#7197=ORIENTED_EDGE('',*,*,#4732,.F.);
#7198=ORIENTED_EDGE('',*,*,#5568,.F.);
#7199=ORIENTED_EDGE('',*,*,#5082,.F.);
#7200=ORIENTED_EDGE('',*,*,#5569,.T.);
#7201=ORIENTED_EDGE('',*,*,#4760,.F.);
#7202=ORIENTED_EDGE('',*,*,#5571,.F.);
#7203=ORIENTED_EDGE('',*,*,#5054,.F.);
#7204=ORIENTED_EDGE('',*,*,#5572,.T.);
#7205=ORIENTED_EDGE('',*,*,#4733,.F.);
#7206=ORIENTED_EDGE('',*,*,#5570,.F.);
#7207=ORIENTED_EDGE('',*,*,#5081,.F.);
#7208=ORIENTED_EDGE('',*,*,#5571,.T.);
#7209=ORIENTED_EDGE('',*,*,#4759,.F.);
#7210=ORIENTED_EDGE('',*,*,#5573,.F.);
#7211=ORIENTED_EDGE('',*,*,#5055,.F.);
#7212=ORIENTED_EDGE('',*,*,#5574,.T.);
#7213=ORIENTED_EDGE('',*,*,#4734,.F.);
#7214=ORIENTED_EDGE('',*,*,#5572,.F.);
#7215=ORIENTED_EDGE('',*,*,#5080,.F.);
#7216=ORIENTED_EDGE('',*,*,#5573,.T.);
#7217=ORIENTED_EDGE('',*,*,#4758,.F.);
#7218=ORIENTED_EDGE('',*,*,#5575,.F.);
#7219=ORIENTED_EDGE('',*,*,#5056,.F.);
#7220=ORIENTED_EDGE('',*,*,#5576,.T.);
#7221=ORIENTED_EDGE('',*,*,#4735,.F.);
#7222=ORIENTED_EDGE('',*,*,#5574,.F.);
#7223=ORIENTED_EDGE('',*,*,#5079,.F.);
#7224=ORIENTED_EDGE('',*,*,#5575,.T.);
#7225=ORIENTED_EDGE('',*,*,#4757,.F.);
#7226=ORIENTED_EDGE('',*,*,#5577,.F.);
#7227=ORIENTED_EDGE('',*,*,#5057,.F.);
#7228=ORIENTED_EDGE('',*,*,#5578,.T.);
#7229=ORIENTED_EDGE('',*,*,#4736,.F.);
#7230=ORIENTED_EDGE('',*,*,#5576,.F.);
#7231=ORIENTED_EDGE('',*,*,#5078,.F.);
#7232=ORIENTED_EDGE('',*,*,#5577,.T.);
#7233=ORIENTED_EDGE('',*,*,#4756,.F.);
#7234=ORIENTED_EDGE('',*,*,#5579,.F.);
#7235=ORIENTED_EDGE('',*,*,#5058,.F.);
#7236=ORIENTED_EDGE('',*,*,#5580,.T.);
#7237=ORIENTED_EDGE('',*,*,#4737,.F.);
#7238=ORIENTED_EDGE('',*,*,#5578,.F.);
#7239=ORIENTED_EDGE('',*,*,#5077,.F.);
#7240=ORIENTED_EDGE('',*,*,#5579,.T.);
#7241=ORIENTED_EDGE('',*,*,#4755,.F.);
#7242=ORIENTED_EDGE('',*,*,#5581,.F.);
#7243=ORIENTED_EDGE('',*,*,#5059,.F.);
#7244=ORIENTED_EDGE('',*,*,#5582,.T.);
#7245=ORIENTED_EDGE('',*,*,#4738,.F.);
#7246=ORIENTED_EDGE('',*,*,#5580,.F.);
#7247=ORIENTED_EDGE('',*,*,#5076,.F.);
#7248=ORIENTED_EDGE('',*,*,#5581,.T.);
#7249=ORIENTED_EDGE('',*,*,#4754,.F.);
#7250=ORIENTED_EDGE('',*,*,#5583,.F.);
#7251=ORIENTED_EDGE('',*,*,#5060,.F.);
#7252=ORIENTED_EDGE('',*,*,#5584,.T.);
#7253=ORIENTED_EDGE('',*,*,#4739,.F.);
#7254=ORIENTED_EDGE('',*,*,#5582,.F.);
#7255=ORIENTED_EDGE('',*,*,#5075,.F.);
#7256=ORIENTED_EDGE('',*,*,#5583,.T.);
#7257=ORIENTED_EDGE('',*,*,#4753,.F.);
#7258=ORIENTED_EDGE('',*,*,#5585,.F.);
#7259=ORIENTED_EDGE('',*,*,#5061,.F.);
#7260=ORIENTED_EDGE('',*,*,#5586,.T.);
#7261=ORIENTED_EDGE('',*,*,#4740,.F.);
#7262=ORIENTED_EDGE('',*,*,#5584,.F.);
#7263=ORIENTED_EDGE('',*,*,#5074,.F.);
#7264=ORIENTED_EDGE('',*,*,#5585,.T.);
#7265=ORIENTED_EDGE('',*,*,#4752,.F.);
#7266=ORIENTED_EDGE('',*,*,#5587,.F.);
#7267=ORIENTED_EDGE('',*,*,#5062,.F.);
#7268=ORIENTED_EDGE('',*,*,#5588,.T.);
#7269=ORIENTED_EDGE('',*,*,#4741,.F.);
#7270=ORIENTED_EDGE('',*,*,#5586,.F.);
#7271=ORIENTED_EDGE('',*,*,#5073,.F.);
#7272=ORIENTED_EDGE('',*,*,#5587,.T.);
#7273=ORIENTED_EDGE('',*,*,#4751,.F.);
#7274=ORIENTED_EDGE('',*,*,#5589,.F.);
#7275=ORIENTED_EDGE('',*,*,#5063,.F.);
#7276=ORIENTED_EDGE('',*,*,#5590,.T.);
#7277=ORIENTED_EDGE('',*,*,#4742,.F.);
#7278=ORIENTED_EDGE('',*,*,#5588,.F.);
#7279=ORIENTED_EDGE('',*,*,#5072,.F.);
#7280=ORIENTED_EDGE('',*,*,#5589,.T.);
#7281=ORIENTED_EDGE('',*,*,#4750,.F.);
#7282=ORIENTED_EDGE('',*,*,#5591,.F.);
#7283=ORIENTED_EDGE('',*,*,#5064,.F.);
#7284=ORIENTED_EDGE('',*,*,#5592,.T.);
#7285=ORIENTED_EDGE('',*,*,#4743,.F.);
#7286=ORIENTED_EDGE('',*,*,#5590,.F.);
#7287=ORIENTED_EDGE('',*,*,#5071,.F.);
#7288=ORIENTED_EDGE('',*,*,#5591,.T.);
#7289=ORIENTED_EDGE('',*,*,#4749,.F.);
#7290=ORIENTED_EDGE('',*,*,#5593,.F.);
#7291=ORIENTED_EDGE('',*,*,#5065,.F.);
#7292=ORIENTED_EDGE('',*,*,#5594,.T.);
#7293=ORIENTED_EDGE('',*,*,#4744,.F.);
#7294=ORIENTED_EDGE('',*,*,#5592,.F.);
#7295=ORIENTED_EDGE('',*,*,#5070,.F.);
#7296=ORIENTED_EDGE('',*,*,#5593,.T.);
#7297=ORIENTED_EDGE('',*,*,#4748,.F.);
#7298=ORIENTED_EDGE('',*,*,#5595,.F.);
#7299=ORIENTED_EDGE('',*,*,#5066,.F.);
#7300=ORIENTED_EDGE('',*,*,#5596,.T.);
#7301=ORIENTED_EDGE('',*,*,#4745,.F.);
#7302=ORIENTED_EDGE('',*,*,#5594,.F.);
#7303=ORIENTED_EDGE('',*,*,#5069,.F.);
#7304=ORIENTED_EDGE('',*,*,#5595,.T.);
#7305=ORIENTED_EDGE('',*,*,#4747,.F.);
#7306=ORIENTED_EDGE('',*,*,#5597,.F.);
#7307=ORIENTED_EDGE('',*,*,#5067,.F.);
#7308=ORIENTED_EDGE('',*,*,#5597,.T.);
#7309=ORIENTED_EDGE('',*,*,#4746,.F.);
#7310=ORIENTED_EDGE('',*,*,#5596,.F.);
#7311=ORIENTED_EDGE('',*,*,#5068,.F.);
#7312=ORIENTED_EDGE('',*,*,#4782,.F.);
#7313=ORIENTED_EDGE('',*,*,#5598,.T.);
#7314=ORIENTED_EDGE('',*,*,#5194,.T.);
#7315=ORIENTED_EDGE('',*,*,#5598,.F.);
#7316=ORIENTED_EDGE('',*,*,#5599,.T.);
#7317=ORIENTED_EDGE('',*,*,#4783,.F.);
#7318=ORIENTED_EDGE('',*,*,#5600,.F.);
#7319=ORIENTED_EDGE('',*,*,#5195,.F.);
#7320=ORIENTED_EDGE('',*,*,#5601,.T.);
#7321=ORIENTED_EDGE('',*,*,#4784,.F.);
#7322=ORIENTED_EDGE('',*,*,#5599,.F.);
#7323=ORIENTED_EDGE('',*,*,#5198,.F.);
#7324=ORIENTED_EDGE('',*,*,#5600,.T.);
#7325=ORIENTED_EDGE('',*,*,#4786,.F.);
#7326=ORIENTED_EDGE('',*,*,#5602,.F.);
#7327=ORIENTED_EDGE('',*,*,#5196,.F.);
#7328=ORIENTED_EDGE('',*,*,#5602,.T.);
#7329=ORIENTED_EDGE('',*,*,#4785,.F.);
#7330=ORIENTED_EDGE('',*,*,#5601,.F.);
#7331=ORIENTED_EDGE('',*,*,#5197,.F.);
#7332=ORIENTED_EDGE('',*,*,#4787,.F.);
#7333=ORIENTED_EDGE('',*,*,#5603,.T.);
#7334=ORIENTED_EDGE('',*,*,#5199,.T.);
#7335=ORIENTED_EDGE('',*,*,#5603,.F.);
#7336=ORIENTED_EDGE('',*,*,#4788,.F.);
#7337=ORIENTED_EDGE('',*,*,#5604,.T.);
#7338=ORIENTED_EDGE('',*,*,#5200,.T.);
#7339=ORIENTED_EDGE('',*,*,#5604,.F.);
#7340=ORIENTED_EDGE('',*,*,#4789,.F.);
#7341=ORIENTED_EDGE('',*,*,#5605,.T.);
#7342=ORIENTED_EDGE('',*,*,#5201,.T.);
#7343=ORIENTED_EDGE('',*,*,#5605,.F.);
#7344=ORIENTED_EDGE('',*,*,#4790,.F.);
#7345=ORIENTED_EDGE('',*,*,#5606,.T.);
#7346=ORIENTED_EDGE('',*,*,#5202,.T.);
#7347=ORIENTED_EDGE('',*,*,#5606,.F.);
#7348=ORIENTED_EDGE('',*,*,#4791,.F.);
#7349=ORIENTED_EDGE('',*,*,#5607,.T.);
#7350=ORIENTED_EDGE('',*,*,#5203,.T.);
#7351=ORIENTED_EDGE('',*,*,#5607,.F.);
#7352=ORIENTED_EDGE('',*,*,#4792,.F.);
#7353=ORIENTED_EDGE('',*,*,#5608,.T.);
#7354=ORIENTED_EDGE('',*,*,#5204,.T.);
#7355=ORIENTED_EDGE('',*,*,#5608,.F.);
#7356=ORIENTED_EDGE('',*,*,#4793,.F.);
#7357=ORIENTED_EDGE('',*,*,#5609,.T.);
#7358=ORIENTED_EDGE('',*,*,#5205,.T.);
#7359=ORIENTED_EDGE('',*,*,#5609,.F.);
#7360=ORIENTED_EDGE('',*,*,#4794,.F.);
#7361=ORIENTED_EDGE('',*,*,#5610,.T.);
#7362=ORIENTED_EDGE('',*,*,#5206,.T.);
#7363=ORIENTED_EDGE('',*,*,#5610,.F.);
#7364=ORIENTED_EDGE('',*,*,#5611,.T.);
#7365=ORIENTED_EDGE('',*,*,#4795,.F.);
#7366=ORIENTED_EDGE('',*,*,#5612,.F.);
#7367=ORIENTED_EDGE('',*,*,#5207,.F.);
#7368=ORIENTED_EDGE('',*,*,#5613,.T.);
#7369=ORIENTED_EDGE('',*,*,#4796,.F.);
#7370=ORIENTED_EDGE('',*,*,#5611,.F.);
#7371=ORIENTED_EDGE('',*,*,#5210,.F.);
#7372=ORIENTED_EDGE('',*,*,#5612,.T.);
#7373=ORIENTED_EDGE('',*,*,#4798,.F.);
#7374=ORIENTED_EDGE('',*,*,#5614,.F.);
#7375=ORIENTED_EDGE('',*,*,#5208,.F.);
#7376=ORIENTED_EDGE('',*,*,#5614,.T.);
#7377=ORIENTED_EDGE('',*,*,#4797,.F.);
#7378=ORIENTED_EDGE('',*,*,#5613,.F.);
#7379=ORIENTED_EDGE('',*,*,#5209,.F.);
#7380=ORIENTED_EDGE('',*,*,#4799,.F.);
#7381=ORIENTED_EDGE('',*,*,#5615,.T.);
#7382=ORIENTED_EDGE('',*,*,#5211,.T.);
#7383=ORIENTED_EDGE('',*,*,#5615,.F.);
#7384=ORIENTED_EDGE('',*,*,#5616,.T.);
#7385=ORIENTED_EDGE('',*,*,#4800,.F.);
#7386=ORIENTED_EDGE('',*,*,#5617,.F.);
#7387=ORIENTED_EDGE('',*,*,#5212,.F.);
#7388=ORIENTED_EDGE('',*,*,#5618,.T.);
#7389=ORIENTED_EDGE('',*,*,#4801,.F.);
#7390=ORIENTED_EDGE('',*,*,#5616,.F.);
#7391=ORIENTED_EDGE('',*,*,#5215,.F.);
#7392=ORIENTED_EDGE('',*,*,#5617,.T.);
#7393=ORIENTED_EDGE('',*,*,#4803,.F.);
#7394=ORIENTED_EDGE('',*,*,#5619,.F.);
#7395=ORIENTED_EDGE('',*,*,#5213,.F.);
#7396=ORIENTED_EDGE('',*,*,#5619,.T.);
#7397=ORIENTED_EDGE('',*,*,#4802,.F.);
#7398=ORIENTED_EDGE('',*,*,#5618,.F.);
#7399=ORIENTED_EDGE('',*,*,#5214,.F.);
#7400=ORIENTED_EDGE('',*,*,#4804,.F.);
#7401=ORIENTED_EDGE('',*,*,#5620,.T.);
#7402=ORIENTED_EDGE('',*,*,#5216,.T.);
#7403=ORIENTED_EDGE('',*,*,#5620,.F.);
#7404=ORIENTED_EDGE('',*,*,#4805,.F.);
#7405=ORIENTED_EDGE('',*,*,#5621,.T.);
#7406=ORIENTED_EDGE('',*,*,#5217,.T.);
#7407=ORIENTED_EDGE('',*,*,#5621,.F.);
#7408=ORIENTED_EDGE('',*,*,#4806,.F.);
#7409=ORIENTED_EDGE('',*,*,#5622,.T.);
#7410=ORIENTED_EDGE('',*,*,#5218,.T.);
#7411=ORIENTED_EDGE('',*,*,#5622,.F.);
#7412=ORIENTED_EDGE('',*,*,#4807,.F.);
#7413=ORIENTED_EDGE('',*,*,#5623,.T.);
#7414=ORIENTED_EDGE('',*,*,#5219,.T.);
#7415=ORIENTED_EDGE('',*,*,#5623,.F.);
#7416=ORIENTED_EDGE('',*,*,#4808,.F.);
#7417=ORIENTED_EDGE('',*,*,#5624,.T.);
#7418=ORIENTED_EDGE('',*,*,#5220,.T.);
#7419=ORIENTED_EDGE('',*,*,#5624,.F.);
#7420=ORIENTED_EDGE('',*,*,#4809,.F.);
#7421=ORIENTED_EDGE('',*,*,#5625,.T.);
#7422=ORIENTED_EDGE('',*,*,#5221,.T.);
#7423=ORIENTED_EDGE('',*,*,#5625,.F.);
#7424=ORIENTED_EDGE('',*,*,#4810,.F.);
#7425=ORIENTED_EDGE('',*,*,#5626,.T.);
#7426=ORIENTED_EDGE('',*,*,#5222,.T.);
#7427=ORIENTED_EDGE('',*,*,#5626,.F.);
#7428=ORIENTED_EDGE('',*,*,#5223,.T.);
#7429=ORIENTED_EDGE('',*,*,#5627,.T.);
#7430=ORIENTED_EDGE('',*,*,#4811,.F.);
#7431=ORIENTED_EDGE('',*,*,#5628,.F.);
#7432=ORIENTED_EDGE('',*,*,#5224,.T.);
#7433=ORIENTED_EDGE('',*,*,#5628,.T.);
#7434=ORIENTED_EDGE('',*,*,#4814,.F.);
#7435=ORIENTED_EDGE('',*,*,#5629,.F.);
#7436=ORIENTED_EDGE('',*,*,#5225,.T.);
#7437=ORIENTED_EDGE('',*,*,#5629,.T.);
#7438=ORIENTED_EDGE('',*,*,#4813,.F.);
#7439=ORIENTED_EDGE('',*,*,#5630,.F.);
#7440=ORIENTED_EDGE('',*,*,#5226,.T.);
#7441=ORIENTED_EDGE('',*,*,#5630,.T.);
#7442=ORIENTED_EDGE('',*,*,#4812,.F.);
#7443=ORIENTED_EDGE('',*,*,#5627,.F.);
#7444=ORIENTED_EDGE('',*,*,#4815,.F.);
#7445=ORIENTED_EDGE('',*,*,#5631,.T.);
#7446=ORIENTED_EDGE('',*,*,#5227,.T.);
#7447=ORIENTED_EDGE('',*,*,#5631,.F.);
#7448=ORIENTED_EDGE('',*,*,#4816,.F.);
#7449=ORIENTED_EDGE('',*,*,#5632,.T.);
#7450=ORIENTED_EDGE('',*,*,#5228,.T.);
#7451=ORIENTED_EDGE('',*,*,#5632,.F.);
#7452=ORIENTED_EDGE('',*,*,#5229,.T.);
#7453=ORIENTED_EDGE('',*,*,#5633,.T.);
#7454=ORIENTED_EDGE('',*,*,#4817,.F.);
#7455=ORIENTED_EDGE('',*,*,#5634,.F.);
#7456=ORIENTED_EDGE('',*,*,#5230,.T.);
#7457=ORIENTED_EDGE('',*,*,#5634,.T.);
#7458=ORIENTED_EDGE('',*,*,#4820,.F.);
#7459=ORIENTED_EDGE('',*,*,#5635,.F.);
#7460=ORIENTED_EDGE('',*,*,#5231,.T.);
#7461=ORIENTED_EDGE('',*,*,#5635,.T.);
#7462=ORIENTED_EDGE('',*,*,#4819,.F.);
#7463=ORIENTED_EDGE('',*,*,#5636,.F.);
#7464=ORIENTED_EDGE('',*,*,#5232,.T.);
#7465=ORIENTED_EDGE('',*,*,#5636,.T.);
#7466=ORIENTED_EDGE('',*,*,#4818,.F.);
#7467=ORIENTED_EDGE('',*,*,#5633,.F.);
#7468=ORIENTED_EDGE('',*,*,#5233,.T.);
#7469=ORIENTED_EDGE('',*,*,#5637,.T.);
#7470=ORIENTED_EDGE('',*,*,#4821,.F.);
#7471=ORIENTED_EDGE('',*,*,#5638,.F.);
#7472=ORIENTED_EDGE('',*,*,#5234,.T.);
#7473=ORIENTED_EDGE('',*,*,#5638,.T.);
#7474=ORIENTED_EDGE('',*,*,#4824,.F.);
#7475=ORIENTED_EDGE('',*,*,#5639,.F.);
#7476=ORIENTED_EDGE('',*,*,#5235,.T.);
#7477=ORIENTED_EDGE('',*,*,#5639,.T.);
#7478=ORIENTED_EDGE('',*,*,#4823,.F.);
#7479=ORIENTED_EDGE('',*,*,#5640,.F.);
#7480=ORIENTED_EDGE('',*,*,#5236,.T.);
#7481=ORIENTED_EDGE('',*,*,#5640,.T.);
#7482=ORIENTED_EDGE('',*,*,#4822,.F.);
#7483=ORIENTED_EDGE('',*,*,#5637,.F.);
#7484=ORIENTED_EDGE('',*,*,#4825,.F.);
#7485=ORIENTED_EDGE('',*,*,#5641,.T.);
#7486=ORIENTED_EDGE('',*,*,#5237,.T.);
#7487=ORIENTED_EDGE('',*,*,#5641,.F.);
#7488=ORIENTED_EDGE('',*,*,#5238,.T.);
#7489=ORIENTED_EDGE('',*,*,#5642,.T.);
#7490=ORIENTED_EDGE('',*,*,#4826,.F.);
#7491=ORIENTED_EDGE('',*,*,#5643,.F.);
#7492=ORIENTED_EDGE('',*,*,#5239,.T.);
#7493=ORIENTED_EDGE('',*,*,#5643,.T.);
#7494=ORIENTED_EDGE('',*,*,#4829,.F.);
#7495=ORIENTED_EDGE('',*,*,#5644,.F.);
#7496=ORIENTED_EDGE('',*,*,#5240,.T.);
#7497=ORIENTED_EDGE('',*,*,#5644,.T.);
#7498=ORIENTED_EDGE('',*,*,#4828,.F.);
#7499=ORIENTED_EDGE('',*,*,#5645,.F.);
#7500=ORIENTED_EDGE('',*,*,#5241,.T.);
#7501=ORIENTED_EDGE('',*,*,#5645,.T.);
#7502=ORIENTED_EDGE('',*,*,#4827,.F.);
#7503=ORIENTED_EDGE('',*,*,#5642,.F.);
#7504=ORIENTED_EDGE('',*,*,#5646,.T.);
#7505=ORIENTED_EDGE('',*,*,#4830,.F.);
#7506=ORIENTED_EDGE('',*,*,#5647,.F.);
#7507=ORIENTED_EDGE('',*,*,#5242,.F.);
#7508=ORIENTED_EDGE('',*,*,#5648,.T.);
#7509=ORIENTED_EDGE('',*,*,#4831,.F.);
#7510=ORIENTED_EDGE('',*,*,#5646,.F.);
#7511=ORIENTED_EDGE('',*,*,#5245,.F.);
#7512=ORIENTED_EDGE('',*,*,#5647,.T.);
#7513=ORIENTED_EDGE('',*,*,#4833,.F.);
#7514=ORIENTED_EDGE('',*,*,#5649,.F.);
#7515=ORIENTED_EDGE('',*,*,#5243,.F.);
#7516=ORIENTED_EDGE('',*,*,#5649,.T.);
#7517=ORIENTED_EDGE('',*,*,#4832,.F.);
#7518=ORIENTED_EDGE('',*,*,#5648,.F.);
#7519=ORIENTED_EDGE('',*,*,#5244,.F.);
#7520=ORIENTED_EDGE('',*,*,#4834,.F.);
#7521=ORIENTED_EDGE('',*,*,#5650,.T.);
#7522=ORIENTED_EDGE('',*,*,#5246,.T.);
#7523=ORIENTED_EDGE('',*,*,#5650,.F.);
#7524=ORIENTED_EDGE('',*,*,#4835,.F.);
#7525=ORIENTED_EDGE('',*,*,#5651,.T.);
#7526=ORIENTED_EDGE('',*,*,#5247,.T.);
#7527=ORIENTED_EDGE('',*,*,#5651,.F.);
#7528=ORIENTED_EDGE('',*,*,#4836,.F.);
#7529=ORIENTED_EDGE('',*,*,#5652,.T.);
#7530=ORIENTED_EDGE('',*,*,#5248,.T.);
#7531=ORIENTED_EDGE('',*,*,#5652,.F.);
#7532=ORIENTED_EDGE('',*,*,#4837,.F.);
#7533=ORIENTED_EDGE('',*,*,#5653,.T.);
#7534=ORIENTED_EDGE('',*,*,#5249,.T.);
#7535=ORIENTED_EDGE('',*,*,#5653,.F.);
#7536=ORIENTED_EDGE('',*,*,#4838,.F.);
#7537=ORIENTED_EDGE('',*,*,#5654,.T.);
#7538=ORIENTED_EDGE('',*,*,#5250,.T.);
#7539=ORIENTED_EDGE('',*,*,#5654,.F.);
#7540=ORIENTED_EDGE('',*,*,#4839,.F.);
#7541=ORIENTED_EDGE('',*,*,#5655,.T.);
#7542=ORIENTED_EDGE('',*,*,#5251,.T.);
#7543=ORIENTED_EDGE('',*,*,#5655,.F.);
#7544=ORIENTED_EDGE('',*,*,#4840,.F.);
#7545=ORIENTED_EDGE('',*,*,#5656,.T.);
#7546=ORIENTED_EDGE('',*,*,#5252,.T.);
#7547=ORIENTED_EDGE('',*,*,#5656,.F.);
#7548=ORIENTED_EDGE('',*,*,#4841,.F.);
#7549=ORIENTED_EDGE('',*,*,#5657,.T.);
#7550=ORIENTED_EDGE('',*,*,#5253,.T.);
#7551=ORIENTED_EDGE('',*,*,#5657,.F.);
#7552=ORIENTED_EDGE('',*,*,#4842,.F.);
#7553=ORIENTED_EDGE('',*,*,#5658,.T.);
#7554=ORIENTED_EDGE('',*,*,#5254,.T.);
#7555=ORIENTED_EDGE('',*,*,#5658,.F.);
#7556=ORIENTED_EDGE('',*,*,#4843,.F.);
#7557=ORIENTED_EDGE('',*,*,#5659,.T.);
#7558=ORIENTED_EDGE('',*,*,#5255,.T.);
#7559=ORIENTED_EDGE('',*,*,#5659,.F.);
#7560=ORIENTED_EDGE('',*,*,#4844,.F.);
#7561=ORIENTED_EDGE('',*,*,#5660,.T.);
#7562=ORIENTED_EDGE('',*,*,#5256,.T.);
#7563=ORIENTED_EDGE('',*,*,#5660,.F.);
#7564=ORIENTED_EDGE('',*,*,#5661,.T.);
#7565=ORIENTED_EDGE('',*,*,#4845,.F.);
#7566=ORIENTED_EDGE('',*,*,#5662,.F.);
#7567=ORIENTED_EDGE('',*,*,#5257,.F.);
#7568=ORIENTED_EDGE('',*,*,#5663,.T.);
#7569=ORIENTED_EDGE('',*,*,#4846,.F.);
#7570=ORIENTED_EDGE('',*,*,#5661,.F.);
#7571=ORIENTED_EDGE('',*,*,#5260,.F.);
#7572=ORIENTED_EDGE('',*,*,#5662,.T.);
#7573=ORIENTED_EDGE('',*,*,#4848,.F.);
#7574=ORIENTED_EDGE('',*,*,#5664,.F.);
#7575=ORIENTED_EDGE('',*,*,#5258,.F.);
#7576=ORIENTED_EDGE('',*,*,#5664,.T.);
#7577=ORIENTED_EDGE('',*,*,#4847,.F.);
#7578=ORIENTED_EDGE('',*,*,#5663,.F.);
#7579=ORIENTED_EDGE('',*,*,#5259,.F.);
#7580=ORIENTED_EDGE('',*,*,#4849,.F.);
#7581=ORIENTED_EDGE('',*,*,#5665,.T.);
#7582=ORIENTED_EDGE('',*,*,#5261,.T.);
#7583=ORIENTED_EDGE('',*,*,#5665,.F.);
#7584=ORIENTED_EDGE('',*,*,#4850,.F.);
#7585=ORIENTED_EDGE('',*,*,#5666,.T.);
#7586=ORIENTED_EDGE('',*,*,#5262,.T.);
#7587=ORIENTED_EDGE('',*,*,#5666,.F.);
#7588=ORIENTED_EDGE('',*,*,#4851,.F.);
#7589=ORIENTED_EDGE('',*,*,#5667,.T.);
#7590=ORIENTED_EDGE('',*,*,#5263,.T.);
#7591=ORIENTED_EDGE('',*,*,#5667,.F.);
#7592=ORIENTED_EDGE('',*,*,#4852,.F.);
#7593=ORIENTED_EDGE('',*,*,#5668,.T.);
#7594=ORIENTED_EDGE('',*,*,#5264,.T.);
#7595=ORIENTED_EDGE('',*,*,#5668,.F.);
#7596=ORIENTED_EDGE('',*,*,#4853,.F.);
#7597=ORIENTED_EDGE('',*,*,#5669,.T.);
#7598=ORIENTED_EDGE('',*,*,#5265,.T.);
#7599=ORIENTED_EDGE('',*,*,#5669,.F.);
#7600=ORIENTED_EDGE('',*,*,#4854,.F.);
#7601=ORIENTED_EDGE('',*,*,#5670,.T.);
#7602=ORIENTED_EDGE('',*,*,#5266,.T.);
#7603=ORIENTED_EDGE('',*,*,#5670,.F.);
#7604=ORIENTED_EDGE('',*,*,#4855,.F.);
#7605=ORIENTED_EDGE('',*,*,#5671,.T.);
#7606=ORIENTED_EDGE('',*,*,#5267,.T.);
#7607=ORIENTED_EDGE('',*,*,#5671,.F.);
#7608=ORIENTED_EDGE('',*,*,#4856,.F.);
#7609=ORIENTED_EDGE('',*,*,#5672,.T.);
#7610=ORIENTED_EDGE('',*,*,#5268,.T.);
#7611=ORIENTED_EDGE('',*,*,#5672,.F.);
#7612=ORIENTED_EDGE('',*,*,#5673,.T.);
#7613=ORIENTED_EDGE('',*,*,#4857,.F.);
#7614=ORIENTED_EDGE('',*,*,#5674,.F.);
#7615=ORIENTED_EDGE('',*,*,#5269,.F.);
#7616=ORIENTED_EDGE('',*,*,#5675,.T.);
#7617=ORIENTED_EDGE('',*,*,#4858,.F.);
#7618=ORIENTED_EDGE('',*,*,#5673,.F.);
#7619=ORIENTED_EDGE('',*,*,#5272,.F.);
#7620=ORIENTED_EDGE('',*,*,#5674,.T.);
#7621=ORIENTED_EDGE('',*,*,#4860,.F.);
#7622=ORIENTED_EDGE('',*,*,#5676,.F.);
#7623=ORIENTED_EDGE('',*,*,#5270,.F.);
#7624=ORIENTED_EDGE('',*,*,#5676,.T.);
#7625=ORIENTED_EDGE('',*,*,#4859,.F.);
#7626=ORIENTED_EDGE('',*,*,#5675,.F.);
#7627=ORIENTED_EDGE('',*,*,#5271,.F.);
#7628=ORIENTED_EDGE('',*,*,#5677,.T.);
#7629=ORIENTED_EDGE('',*,*,#4861,.F.);
#7630=ORIENTED_EDGE('',*,*,#5678,.F.);
#7631=ORIENTED_EDGE('',*,*,#5273,.F.);
#7632=ORIENTED_EDGE('',*,*,#5679,.T.);
#7633=ORIENTED_EDGE('',*,*,#4862,.F.);
#7634=ORIENTED_EDGE('',*,*,#5677,.F.);
#7635=ORIENTED_EDGE('',*,*,#5276,.F.);
#7636=ORIENTED_EDGE('',*,*,#5678,.T.);
#7637=ORIENTED_EDGE('',*,*,#4864,.F.);
#7638=ORIENTED_EDGE('',*,*,#5680,.F.);
#7639=ORIENTED_EDGE('',*,*,#5274,.F.);
#7640=ORIENTED_EDGE('',*,*,#5680,.T.);
#7641=ORIENTED_EDGE('',*,*,#4863,.F.);
#7642=ORIENTED_EDGE('',*,*,#5679,.F.);
#7643=ORIENTED_EDGE('',*,*,#5275,.F.);
#7644=ORIENTED_EDGE('',*,*,#4865,.F.);
#7645=ORIENTED_EDGE('',*,*,#5681,.T.);
#7646=ORIENTED_EDGE('',*,*,#5277,.T.);
#7647=ORIENTED_EDGE('',*,*,#5681,.F.);
#7648=ORIENTED_EDGE('',*,*,#4866,.F.);
#7649=ORIENTED_EDGE('',*,*,#5682,.T.);
#7650=ORIENTED_EDGE('',*,*,#5278,.T.);
#7651=ORIENTED_EDGE('',*,*,#5682,.F.);
#7652=ORIENTED_EDGE('',*,*,#4867,.F.);
#7653=ORIENTED_EDGE('',*,*,#5683,.T.);
#7654=ORIENTED_EDGE('',*,*,#5279,.T.);
#7655=ORIENTED_EDGE('',*,*,#5683,.F.);
#7656=ORIENTED_EDGE('',*,*,#4868,.F.);
#7657=ORIENTED_EDGE('',*,*,#5684,.T.);
#7658=ORIENTED_EDGE('',*,*,#5280,.T.);
#7659=ORIENTED_EDGE('',*,*,#5684,.F.);
#7660=ORIENTED_EDGE('',*,*,#4869,.F.);
#7661=ORIENTED_EDGE('',*,*,#5685,.T.);
#7662=ORIENTED_EDGE('',*,*,#5281,.T.);
#7663=ORIENTED_EDGE('',*,*,#5685,.F.);
#7664=ORIENTED_EDGE('',*,*,#4870,.F.);
#7665=ORIENTED_EDGE('',*,*,#5686,.T.);
#7666=ORIENTED_EDGE('',*,*,#5282,.T.);
#7667=ORIENTED_EDGE('',*,*,#5686,.F.);
#7668=ORIENTED_EDGE('',*,*,#4871,.F.);
#7669=ORIENTED_EDGE('',*,*,#5687,.T.);
#7670=ORIENTED_EDGE('',*,*,#5283,.T.);
#7671=ORIENTED_EDGE('',*,*,#5687,.F.);
#7672=ORIENTED_EDGE('',*,*,#4872,.F.);
#7673=ORIENTED_EDGE('',*,*,#5688,.T.);
#7674=ORIENTED_EDGE('',*,*,#5284,.T.);
#7675=ORIENTED_EDGE('',*,*,#5688,.F.);
#7676=ORIENTED_EDGE('',*,*,#5689,.T.);
#7677=ORIENTED_EDGE('',*,*,#4873,.F.);
#7678=ORIENTED_EDGE('',*,*,#5690,.F.);
#7679=ORIENTED_EDGE('',*,*,#5285,.F.);
#7680=ORIENTED_EDGE('',*,*,#5691,.T.);
#7681=ORIENTED_EDGE('',*,*,#4874,.F.);
#7682=ORIENTED_EDGE('',*,*,#5689,.F.);
#7683=ORIENTED_EDGE('',*,*,#5288,.F.);
#7684=ORIENTED_EDGE('',*,*,#5690,.T.);
#7685=ORIENTED_EDGE('',*,*,#4876,.F.);
#7686=ORIENTED_EDGE('',*,*,#5692,.F.);
#7687=ORIENTED_EDGE('',*,*,#5286,.F.);
#7688=ORIENTED_EDGE('',*,*,#5692,.T.);
#7689=ORIENTED_EDGE('',*,*,#4875,.F.);
#7690=ORIENTED_EDGE('',*,*,#5691,.F.);
#7691=ORIENTED_EDGE('',*,*,#5287,.F.);
#7692=ORIENTED_EDGE('',*,*,#4877,.F.);
#7693=ORIENTED_EDGE('',*,*,#5693,.T.);
#7694=ORIENTED_EDGE('',*,*,#5289,.T.);
#7695=ORIENTED_EDGE('',*,*,#5693,.F.);
#7696=ORIENTED_EDGE('',*,*,#4878,.F.);
#7697=ORIENTED_EDGE('',*,*,#5694,.T.);
#7698=ORIENTED_EDGE('',*,*,#5290,.T.);
#7699=ORIENTED_EDGE('',*,*,#5694,.F.);
#7700=ORIENTED_EDGE('',*,*,#4879,.F.);
#7701=ORIENTED_EDGE('',*,*,#5695,.T.);
#7702=ORIENTED_EDGE('',*,*,#5291,.T.);
#7703=ORIENTED_EDGE('',*,*,#5695,.F.);
#7704=ORIENTED_EDGE('',*,*,#4880,.F.);
#7705=ORIENTED_EDGE('',*,*,#5696,.T.);
#7706=ORIENTED_EDGE('',*,*,#5292,.T.);
#7707=ORIENTED_EDGE('',*,*,#5696,.F.);
#7708=ORIENTED_EDGE('',*,*,#5697,.T.);
#7709=ORIENTED_EDGE('',*,*,#4881,.F.);
#7710=ORIENTED_EDGE('',*,*,#5698,.F.);
#7711=ORIENTED_EDGE('',*,*,#5293,.F.);
#7712=ORIENTED_EDGE('',*,*,#5699,.T.);
#7713=ORIENTED_EDGE('',*,*,#4882,.F.);
#7714=ORIENTED_EDGE('',*,*,#5697,.F.);
#7715=ORIENTED_EDGE('',*,*,#5296,.F.);
#7716=ORIENTED_EDGE('',*,*,#5698,.T.);
#7717=ORIENTED_EDGE('',*,*,#4884,.F.);
#7718=ORIENTED_EDGE('',*,*,#5700,.F.);
#7719=ORIENTED_EDGE('',*,*,#5294,.F.);
#7720=ORIENTED_EDGE('',*,*,#5700,.T.);
#7721=ORIENTED_EDGE('',*,*,#4883,.F.);
#7722=ORIENTED_EDGE('',*,*,#5699,.F.);
#7723=ORIENTED_EDGE('',*,*,#5295,.F.);
#7724=ORIENTED_EDGE('',*,*,#4885,.F.);
#7725=ORIENTED_EDGE('',*,*,#5701,.T.);
#7726=ORIENTED_EDGE('',*,*,#5297,.T.);
#7727=ORIENTED_EDGE('',*,*,#5701,.F.);
#7728=ORIENTED_EDGE('',*,*,#4886,.F.);
#7729=ORIENTED_EDGE('',*,*,#5702,.T.);
#7730=ORIENTED_EDGE('',*,*,#5298,.T.);
#7731=ORIENTED_EDGE('',*,*,#5702,.F.);
#7732=ORIENTED_EDGE('',*,*,#4887,.F.);
#7733=ORIENTED_EDGE('',*,*,#5703,.T.);
#7734=ORIENTED_EDGE('',*,*,#5299,.T.);
#7735=ORIENTED_EDGE('',*,*,#5703,.F.);
#7736=ORIENTED_EDGE('',*,*,#4888,.F.);
#7737=ORIENTED_EDGE('',*,*,#5704,.T.);
#7738=ORIENTED_EDGE('',*,*,#5300,.T.);
#7739=ORIENTED_EDGE('',*,*,#5704,.F.);
#7740=ORIENTED_EDGE('',*,*,#4889,.F.);
#7741=ORIENTED_EDGE('',*,*,#5705,.T.);
#7742=ORIENTED_EDGE('',*,*,#5301,.T.);
#7743=ORIENTED_EDGE('',*,*,#5705,.F.);
#7744=ORIENTED_EDGE('',*,*,#4890,.F.);
#7745=ORIENTED_EDGE('',*,*,#5706,.T.);
#7746=ORIENTED_EDGE('',*,*,#5302,.T.);
#7747=ORIENTED_EDGE('',*,*,#5706,.F.);
#7748=ORIENTED_EDGE('',*,*,#4891,.F.);
#7749=ORIENTED_EDGE('',*,*,#5707,.T.);
#7750=ORIENTED_EDGE('',*,*,#5303,.T.);
#7751=ORIENTED_EDGE('',*,*,#5707,.F.);
#7752=ORIENTED_EDGE('',*,*,#4892,.F.);
#7753=ORIENTED_EDGE('',*,*,#5708,.T.);
#7754=ORIENTED_EDGE('',*,*,#5304,.T.);
#7755=ORIENTED_EDGE('',*,*,#5708,.F.);
#7756=ORIENTED_EDGE('',*,*,#4893,.F.);
#7757=ORIENTED_EDGE('',*,*,#5709,.T.);
#7758=ORIENTED_EDGE('',*,*,#5305,.T.);
#7759=ORIENTED_EDGE('',*,*,#5709,.F.);
#7760=ORIENTED_EDGE('',*,*,#4894,.F.);
#7761=ORIENTED_EDGE('',*,*,#5710,.T.);
#7762=ORIENTED_EDGE('',*,*,#5306,.T.);
#7763=ORIENTED_EDGE('',*,*,#5710,.F.);
#7764=ORIENTED_EDGE('',*,*,#4895,.F.);
#7765=ORIENTED_EDGE('',*,*,#5711,.T.);
#7766=ORIENTED_EDGE('',*,*,#5307,.T.);
#7767=ORIENTED_EDGE('',*,*,#5711,.F.);
#7768=ORIENTED_EDGE('',*,*,#4896,.F.);
#7769=ORIENTED_EDGE('',*,*,#5712,.T.);
#7770=ORIENTED_EDGE('',*,*,#5308,.T.);
#7771=ORIENTED_EDGE('',*,*,#5712,.F.);
#7772=ORIENTED_EDGE('',*,*,#4897,.F.);
#7773=ORIENTED_EDGE('',*,*,#5713,.T.);
#7774=ORIENTED_EDGE('',*,*,#5309,.T.);
#7775=ORIENTED_EDGE('',*,*,#5713,.F.);
#7776=ORIENTED_EDGE('',*,*,#5714,.T.);
#7777=ORIENTED_EDGE('',*,*,#4898,.F.);
#7778=ORIENTED_EDGE('',*,*,#5715,.F.);
#7779=ORIENTED_EDGE('',*,*,#5310,.F.);
#7780=ORIENTED_EDGE('',*,*,#5716,.T.);
#7781=ORIENTED_EDGE('',*,*,#4899,.F.);
#7782=ORIENTED_EDGE('',*,*,#5714,.F.);
#7783=ORIENTED_EDGE('',*,*,#5313,.F.);
#7784=ORIENTED_EDGE('',*,*,#5715,.T.);
#7785=ORIENTED_EDGE('',*,*,#4901,.F.);
#7786=ORIENTED_EDGE('',*,*,#5717,.F.);
#7787=ORIENTED_EDGE('',*,*,#5311,.F.);
#7788=ORIENTED_EDGE('',*,*,#5717,.T.);
#7789=ORIENTED_EDGE('',*,*,#4900,.F.);
#7790=ORIENTED_EDGE('',*,*,#5716,.F.);
#7791=ORIENTED_EDGE('',*,*,#5312,.F.);
#7792=ORIENTED_EDGE('',*,*,#4902,.F.);
#7793=ORIENTED_EDGE('',*,*,#5718,.T.);
#7794=ORIENTED_EDGE('',*,*,#5314,.T.);
#7795=ORIENTED_EDGE('',*,*,#5718,.F.);
#7796=ORIENTED_EDGE('',*,*,#4903,.F.);
#7797=ORIENTED_EDGE('',*,*,#5719,.T.);
#7798=ORIENTED_EDGE('',*,*,#5315,.T.);
#7799=ORIENTED_EDGE('',*,*,#5719,.F.);
#7800=ORIENTED_EDGE('',*,*,#4904,.F.);
#7801=ORIENTED_EDGE('',*,*,#5720,.T.);
#7802=ORIENTED_EDGE('',*,*,#5316,.T.);
#7803=ORIENTED_EDGE('',*,*,#5720,.F.);
#7804=ORIENTED_EDGE('',*,*,#4905,.F.);
#7805=ORIENTED_EDGE('',*,*,#5721,.T.);
#7806=ORIENTED_EDGE('',*,*,#5317,.T.);
#7807=ORIENTED_EDGE('',*,*,#5721,.F.);
#7808=ORIENTED_EDGE('',*,*,#4906,.F.);
#7809=ORIENTED_EDGE('',*,*,#5722,.T.);
#7810=ORIENTED_EDGE('',*,*,#5318,.T.);
#7811=ORIENTED_EDGE('',*,*,#5722,.F.);
#7812=ORIENTED_EDGE('',*,*,#4907,.F.);
#7813=ORIENTED_EDGE('',*,*,#5723,.T.);
#7814=ORIENTED_EDGE('',*,*,#5319,.T.);
#7815=ORIENTED_EDGE('',*,*,#5723,.F.);
#7816=ORIENTED_EDGE('',*,*,#4908,.F.);
#7817=ORIENTED_EDGE('',*,*,#5724,.T.);
#7818=ORIENTED_EDGE('',*,*,#5320,.T.);
#7819=ORIENTED_EDGE('',*,*,#5724,.F.);
#7820=ORIENTED_EDGE('',*,*,#4909,.F.);
#7821=ORIENTED_EDGE('',*,*,#5725,.T.);
#7822=ORIENTED_EDGE('',*,*,#5321,.T.);
#7823=ORIENTED_EDGE('',*,*,#5725,.F.);
#7824=ORIENTED_EDGE('',*,*,#4910,.F.);
#7825=ORIENTED_EDGE('',*,*,#5726,.T.);
#7826=ORIENTED_EDGE('',*,*,#5322,.T.);
#7827=ORIENTED_EDGE('',*,*,#5726,.F.);
#7828=ORIENTED_EDGE('',*,*,#4911,.F.);
#7829=ORIENTED_EDGE('',*,*,#5727,.T.);
#7830=ORIENTED_EDGE('',*,*,#5323,.T.);
#7831=ORIENTED_EDGE('',*,*,#5727,.F.);
#7832=ORIENTED_EDGE('',*,*,#4912,.F.);
#7833=ORIENTED_EDGE('',*,*,#5728,.T.);
#7834=ORIENTED_EDGE('',*,*,#5324,.T.);
#7835=ORIENTED_EDGE('',*,*,#5728,.F.);
#7836=ORIENTED_EDGE('',*,*,#4913,.F.);
#7837=ORIENTED_EDGE('',*,*,#5729,.T.);
#7838=ORIENTED_EDGE('',*,*,#5325,.T.);
#7839=ORIENTED_EDGE('',*,*,#5729,.F.);
#7840=ORIENTED_EDGE('',*,*,#4914,.F.);
#7841=ORIENTED_EDGE('',*,*,#5730,.T.);
#7842=ORIENTED_EDGE('',*,*,#5326,.T.);
#7843=ORIENTED_EDGE('',*,*,#5730,.F.);
#7844=ORIENTED_EDGE('',*,*,#4915,.F.);
#7845=ORIENTED_EDGE('',*,*,#5731,.T.);
#7846=ORIENTED_EDGE('',*,*,#5327,.T.);
#7847=ORIENTED_EDGE('',*,*,#5731,.F.);
#7848=ORIENTED_EDGE('',*,*,#4916,.F.);
#7849=ORIENTED_EDGE('',*,*,#5732,.T.);
#7850=ORIENTED_EDGE('',*,*,#5328,.T.);
#7851=ORIENTED_EDGE('',*,*,#5732,.F.);
#7852=ORIENTED_EDGE('',*,*,#5733,.T.);
#7853=ORIENTED_EDGE('',*,*,#4917,.F.);
#7854=ORIENTED_EDGE('',*,*,#5734,.F.);
#7855=ORIENTED_EDGE('',*,*,#5329,.F.);
#7856=ORIENTED_EDGE('',*,*,#5735,.T.);
#7857=ORIENTED_EDGE('',*,*,#4918,.F.);
#7858=ORIENTED_EDGE('',*,*,#5733,.F.);
#7859=ORIENTED_EDGE('',*,*,#5332,.F.);
#7860=ORIENTED_EDGE('',*,*,#5734,.T.);
#7861=ORIENTED_EDGE('',*,*,#4920,.F.);
#7862=ORIENTED_EDGE('',*,*,#5736,.F.);
#7863=ORIENTED_EDGE('',*,*,#5330,.F.);
#7864=ORIENTED_EDGE('',*,*,#5736,.T.);
#7865=ORIENTED_EDGE('',*,*,#4919,.F.);
#7866=ORIENTED_EDGE('',*,*,#5735,.F.);
#7867=ORIENTED_EDGE('',*,*,#5331,.F.);
#7868=ORIENTED_EDGE('',*,*,#4921,.F.);
#7869=ORIENTED_EDGE('',*,*,#5737,.T.);
#7870=ORIENTED_EDGE('',*,*,#5333,.T.);
#7871=ORIENTED_EDGE('',*,*,#5737,.F.);
#7872=ORIENTED_EDGE('',*,*,#4922,.F.);
#7873=ORIENTED_EDGE('',*,*,#5738,.T.);
#7874=ORIENTED_EDGE('',*,*,#5334,.T.);
#7875=ORIENTED_EDGE('',*,*,#5738,.F.);
#7876=ORIENTED_EDGE('',*,*,#4923,.F.);
#7877=ORIENTED_EDGE('',*,*,#5739,.T.);
#7878=ORIENTED_EDGE('',*,*,#5335,.T.);
#7879=ORIENTED_EDGE('',*,*,#5739,.F.);
#7880=ORIENTED_EDGE('',*,*,#4924,.F.);
#7881=ORIENTED_EDGE('',*,*,#5740,.T.);
#7882=ORIENTED_EDGE('',*,*,#5336,.T.);
#7883=ORIENTED_EDGE('',*,*,#5740,.F.);
#7884=ORIENTED_EDGE('',*,*,#4925,.F.);
#7885=ORIENTED_EDGE('',*,*,#5741,.T.);
#7886=ORIENTED_EDGE('',*,*,#5337,.T.);
#7887=ORIENTED_EDGE('',*,*,#5741,.F.);
#7888=ORIENTED_EDGE('',*,*,#4926,.F.);
#7889=ORIENTED_EDGE('',*,*,#5742,.T.);
#7890=ORIENTED_EDGE('',*,*,#5338,.T.);
#7891=ORIENTED_EDGE('',*,*,#5742,.F.);
#7892=ORIENTED_EDGE('',*,*,#4927,.F.);
#7893=ORIENTED_EDGE('',*,*,#5743,.T.);
#7894=ORIENTED_EDGE('',*,*,#5339,.T.);
#7895=ORIENTED_EDGE('',*,*,#5743,.F.);
#7896=ORIENTED_EDGE('',*,*,#4928,.F.);
#7897=ORIENTED_EDGE('',*,*,#5744,.T.);
#7898=ORIENTED_EDGE('',*,*,#5340,.T.);
#7899=ORIENTED_EDGE('',*,*,#5744,.F.);
#7900=ORIENTED_EDGE('',*,*,#4929,.F.);
#7901=ORIENTED_EDGE('',*,*,#5745,.T.);
#7902=ORIENTED_EDGE('',*,*,#5341,.T.);
#7903=ORIENTED_EDGE('',*,*,#5745,.F.);
#7904=ORIENTED_EDGE('',*,*,#4930,.F.);
#7905=ORIENTED_EDGE('',*,*,#5746,.T.);
#7906=ORIENTED_EDGE('',*,*,#5342,.T.);
#7907=ORIENTED_EDGE('',*,*,#5746,.F.);
#7908=ORIENTED_EDGE('',*,*,#4931,.F.);
#7909=ORIENTED_EDGE('',*,*,#5747,.T.);
#7910=ORIENTED_EDGE('',*,*,#5343,.T.);
#7911=ORIENTED_EDGE('',*,*,#5747,.F.);
#7912=ORIENTED_EDGE('',*,*,#4932,.F.);
#7913=ORIENTED_EDGE('',*,*,#5748,.T.);
#7914=ORIENTED_EDGE('',*,*,#5344,.T.);
#7915=ORIENTED_EDGE('',*,*,#5748,.F.);
#7916=ORIENTED_EDGE('',*,*,#4933,.F.);
#7917=ORIENTED_EDGE('',*,*,#5749,.T.);
#7918=ORIENTED_EDGE('',*,*,#5345,.T.);
#7919=ORIENTED_EDGE('',*,*,#5749,.F.);
#7920=ORIENTED_EDGE('',*,*,#4934,.F.);
#7921=ORIENTED_EDGE('',*,*,#5750,.T.);
#7922=ORIENTED_EDGE('',*,*,#5346,.T.);
#7923=ORIENTED_EDGE('',*,*,#5750,.F.);
#7924=ORIENTED_EDGE('',*,*,#5751,.T.);
#7925=ORIENTED_EDGE('',*,*,#4935,.F.);
#7926=ORIENTED_EDGE('',*,*,#5752,.F.);
#7927=ORIENTED_EDGE('',*,*,#5347,.F.);
#7928=ORIENTED_EDGE('',*,*,#5753,.T.);
#7929=ORIENTED_EDGE('',*,*,#4936,.F.);
#7930=ORIENTED_EDGE('',*,*,#5751,.F.);
#7931=ORIENTED_EDGE('',*,*,#5350,.F.);
#7932=ORIENTED_EDGE('',*,*,#5752,.T.);
#7933=ORIENTED_EDGE('',*,*,#4938,.F.);
#7934=ORIENTED_EDGE('',*,*,#5754,.F.);
#7935=ORIENTED_EDGE('',*,*,#5348,.F.);
#7936=ORIENTED_EDGE('',*,*,#5754,.T.);
#7937=ORIENTED_EDGE('',*,*,#4937,.F.);
#7938=ORIENTED_EDGE('',*,*,#5753,.F.);
#7939=ORIENTED_EDGE('',*,*,#5349,.F.);
#7940=ORIENTED_EDGE('',*,*,#4939,.F.);
#7941=ORIENTED_EDGE('',*,*,#5755,.T.);
#7942=ORIENTED_EDGE('',*,*,#5351,.T.);
#7943=ORIENTED_EDGE('',*,*,#5755,.F.);
#7944=ORIENTED_EDGE('',*,*,#4940,.F.);
#7945=ORIENTED_EDGE('',*,*,#5756,.T.);
#7946=ORIENTED_EDGE('',*,*,#5352,.T.);
#7947=ORIENTED_EDGE('',*,*,#5756,.F.);
#7948=ORIENTED_EDGE('',*,*,#4941,.F.);
#7949=ORIENTED_EDGE('',*,*,#5757,.T.);
#7950=ORIENTED_EDGE('',*,*,#5353,.T.);
#7951=ORIENTED_EDGE('',*,*,#5757,.F.);
#7952=ORIENTED_EDGE('',*,*,#4942,.F.);
#7953=ORIENTED_EDGE('',*,*,#5758,.T.);
#7954=ORIENTED_EDGE('',*,*,#5354,.T.);
#7955=ORIENTED_EDGE('',*,*,#5758,.F.);
#7956=ORIENTED_EDGE('',*,*,#4943,.F.);
#7957=ORIENTED_EDGE('',*,*,#5759,.T.);
#7958=ORIENTED_EDGE('',*,*,#5355,.T.);
#7959=ORIENTED_EDGE('',*,*,#5759,.F.);
#7960=ORIENTED_EDGE('',*,*,#4944,.F.);
#7961=ORIENTED_EDGE('',*,*,#5760,.T.);
#7962=ORIENTED_EDGE('',*,*,#5356,.T.);
#7963=ORIENTED_EDGE('',*,*,#5760,.F.);
#7964=ORIENTED_EDGE('',*,*,#4945,.F.);
#7965=ORIENTED_EDGE('',*,*,#5761,.T.);
#7966=ORIENTED_EDGE('',*,*,#5357,.T.);
#7967=ORIENTED_EDGE('',*,*,#5761,.F.);
#7968=ORIENTED_EDGE('',*,*,#5762,.T.);
#7969=ORIENTED_EDGE('',*,*,#4946,.F.);
#7970=ORIENTED_EDGE('',*,*,#5763,.F.);
#7971=ORIENTED_EDGE('',*,*,#5358,.F.);
#7972=ORIENTED_EDGE('',*,*,#5764,.T.);
#7973=ORIENTED_EDGE('',*,*,#4947,.F.);
#7974=ORIENTED_EDGE('',*,*,#5762,.F.);
#7975=ORIENTED_EDGE('',*,*,#5361,.F.);
#7976=ORIENTED_EDGE('',*,*,#5763,.T.);
#7977=ORIENTED_EDGE('',*,*,#4949,.F.);
#7978=ORIENTED_EDGE('',*,*,#5765,.F.);
#7979=ORIENTED_EDGE('',*,*,#5359,.F.);
#7980=ORIENTED_EDGE('',*,*,#5765,.T.);
#7981=ORIENTED_EDGE('',*,*,#4948,.F.);
#7982=ORIENTED_EDGE('',*,*,#5764,.F.);
#7983=ORIENTED_EDGE('',*,*,#5360,.F.);
#7984=ORIENTED_EDGE('',*,*,#4950,.F.);
#7985=ORIENTED_EDGE('',*,*,#5766,.T.);
#7986=ORIENTED_EDGE('',*,*,#5362,.T.);
#7987=ORIENTED_EDGE('',*,*,#5766,.F.);
#7988=ORIENTED_EDGE('',*,*,#4951,.F.);
#7989=ORIENTED_EDGE('',*,*,#5767,.T.);
#7990=ORIENTED_EDGE('',*,*,#5363,.T.);
#7991=ORIENTED_EDGE('',*,*,#5767,.F.);
#7992=ORIENTED_EDGE('',*,*,#4952,.F.);
#7993=ORIENTED_EDGE('',*,*,#5768,.T.);
#7994=ORIENTED_EDGE('',*,*,#5364,.T.);
#7995=ORIENTED_EDGE('',*,*,#5768,.F.);
#7996=ORIENTED_EDGE('',*,*,#4953,.F.);
#7997=ORIENTED_EDGE('',*,*,#5769,.T.);
#7998=ORIENTED_EDGE('',*,*,#5365,.T.);
#7999=ORIENTED_EDGE('',*,*,#5769,.F.);
#8000=ORIENTED_EDGE('',*,*,#4954,.F.);
#8001=ORIENTED_EDGE('',*,*,#5770,.T.);
#8002=ORIENTED_EDGE('',*,*,#5366,.T.);
#8003=ORIENTED_EDGE('',*,*,#5770,.F.);
#8004=ORIENTED_EDGE('',*,*,#4955,.F.);
#8005=ORIENTED_EDGE('',*,*,#5771,.T.);
#8006=ORIENTED_EDGE('',*,*,#5367,.T.);
#8007=ORIENTED_EDGE('',*,*,#5771,.F.);
#8008=ORIENTED_EDGE('',*,*,#4956,.F.);
#8009=ORIENTED_EDGE('',*,*,#5772,.T.);
#8010=ORIENTED_EDGE('',*,*,#5368,.T.);
#8011=ORIENTED_EDGE('',*,*,#5772,.F.);
#8012=ORIENTED_EDGE('',*,*,#5773,.T.);
#8013=ORIENTED_EDGE('',*,*,#4957,.F.);
#8014=ORIENTED_EDGE('',*,*,#5774,.F.);
#8015=ORIENTED_EDGE('',*,*,#5369,.F.);
#8016=ORIENTED_EDGE('',*,*,#5775,.T.);
#8017=ORIENTED_EDGE('',*,*,#4958,.F.);
#8018=ORIENTED_EDGE('',*,*,#5773,.F.);
#8019=ORIENTED_EDGE('',*,*,#5372,.F.);
#8020=ORIENTED_EDGE('',*,*,#5774,.T.);
#8021=ORIENTED_EDGE('',*,*,#4960,.F.);
#8022=ORIENTED_EDGE('',*,*,#5776,.F.);
#8023=ORIENTED_EDGE('',*,*,#5370,.F.);
#8024=ORIENTED_EDGE('',*,*,#5776,.T.);
#8025=ORIENTED_EDGE('',*,*,#4959,.F.);
#8026=ORIENTED_EDGE('',*,*,#5775,.F.);
#8027=ORIENTED_EDGE('',*,*,#5371,.F.);
#8028=ORIENTED_EDGE('',*,*,#5777,.T.);
#8029=ORIENTED_EDGE('',*,*,#4961,.F.);
#8030=ORIENTED_EDGE('',*,*,#5778,.F.);
#8031=ORIENTED_EDGE('',*,*,#5373,.F.);
#8032=ORIENTED_EDGE('',*,*,#5779,.T.);
#8033=ORIENTED_EDGE('',*,*,#4962,.F.);
#8034=ORIENTED_EDGE('',*,*,#5777,.F.);
#8035=ORIENTED_EDGE('',*,*,#5376,.F.);
#8036=ORIENTED_EDGE('',*,*,#5778,.T.);
#8037=ORIENTED_EDGE('',*,*,#4964,.F.);
#8038=ORIENTED_EDGE('',*,*,#5780,.F.);
#8039=ORIENTED_EDGE('',*,*,#5374,.F.);
#8040=ORIENTED_EDGE('',*,*,#5780,.T.);
#8041=ORIENTED_EDGE('',*,*,#4963,.F.);
#8042=ORIENTED_EDGE('',*,*,#5779,.F.);
#8043=ORIENTED_EDGE('',*,*,#5375,.F.);
#8044=ORIENTED_EDGE('',*,*,#4965,.F.);
#8045=ORIENTED_EDGE('',*,*,#5781,.T.);
#8046=ORIENTED_EDGE('',*,*,#5377,.T.);
#8047=ORIENTED_EDGE('',*,*,#5781,.F.);
#8048=ORIENTED_EDGE('',*,*,#4966,.F.);
#8049=ORIENTED_EDGE('',*,*,#5782,.T.);
#8050=ORIENTED_EDGE('',*,*,#5378,.T.);
#8051=ORIENTED_EDGE('',*,*,#5782,.F.);
#8052=ORIENTED_EDGE('',*,*,#4967,.F.);
#8053=ORIENTED_EDGE('',*,*,#5783,.T.);
#8054=ORIENTED_EDGE('',*,*,#5379,.T.);
#8055=ORIENTED_EDGE('',*,*,#5783,.F.);
#8056=ORIENTED_EDGE('',*,*,#4968,.F.);
#8057=ORIENTED_EDGE('',*,*,#5784,.T.);
#8058=ORIENTED_EDGE('',*,*,#5380,.T.);
#8059=ORIENTED_EDGE('',*,*,#5784,.F.);
#8060=ORIENTED_EDGE('',*,*,#4969,.F.);
#8061=ORIENTED_EDGE('',*,*,#5785,.T.);
#8062=ORIENTED_EDGE('',*,*,#5381,.T.);
#8063=ORIENTED_EDGE('',*,*,#5785,.F.);
#8064=ORIENTED_EDGE('',*,*,#4970,.F.);
#8065=ORIENTED_EDGE('',*,*,#5786,.T.);
#8066=ORIENTED_EDGE('',*,*,#5382,.T.);
#8067=ORIENTED_EDGE('',*,*,#5786,.F.);
#8068=ORIENTED_EDGE('',*,*,#4971,.F.);
#8069=ORIENTED_EDGE('',*,*,#5787,.T.);
#8070=ORIENTED_EDGE('',*,*,#5383,.T.);
#8071=ORIENTED_EDGE('',*,*,#5787,.F.);
#8072=ORIENTED_EDGE('',*,*,#4972,.F.);
#8073=ORIENTED_EDGE('',*,*,#5788,.T.);
#8074=ORIENTED_EDGE('',*,*,#5384,.T.);
#8075=ORIENTED_EDGE('',*,*,#5788,.F.);
#8076=ORIENTED_EDGE('',*,*,#5789,.T.);
#8077=ORIENTED_EDGE('',*,*,#4973,.F.);
#8078=ORIENTED_EDGE('',*,*,#5790,.F.);
#8079=ORIENTED_EDGE('',*,*,#5385,.F.);
#8080=ORIENTED_EDGE('',*,*,#5791,.T.);
#8081=ORIENTED_EDGE('',*,*,#4974,.F.);
#8082=ORIENTED_EDGE('',*,*,#5789,.F.);
#8083=ORIENTED_EDGE('',*,*,#5388,.F.);
#8084=ORIENTED_EDGE('',*,*,#5790,.T.);
#8085=ORIENTED_EDGE('',*,*,#4976,.F.);
#8086=ORIENTED_EDGE('',*,*,#5792,.F.);
#8087=ORIENTED_EDGE('',*,*,#5386,.F.);
#8088=ORIENTED_EDGE('',*,*,#5792,.T.);
#8089=ORIENTED_EDGE('',*,*,#4975,.F.);
#8090=ORIENTED_EDGE('',*,*,#5791,.F.);
#8091=ORIENTED_EDGE('',*,*,#5387,.F.);
#8092=ORIENTED_EDGE('',*,*,#4977,.F.);
#8093=ORIENTED_EDGE('',*,*,#5793,.T.);
#8094=ORIENTED_EDGE('',*,*,#5389,.T.);
#8095=ORIENTED_EDGE('',*,*,#5793,.F.);
#8096=ORIENTED_EDGE('',*,*,#4978,.F.);
#8097=ORIENTED_EDGE('',*,*,#5794,.T.);
#8098=ORIENTED_EDGE('',*,*,#5390,.T.);
#8099=ORIENTED_EDGE('',*,*,#5794,.F.);
#8100=ORIENTED_EDGE('',*,*,#4979,.F.);
#8101=ORIENTED_EDGE('',*,*,#5795,.T.);
#8102=ORIENTED_EDGE('',*,*,#5391,.T.);
#8103=ORIENTED_EDGE('',*,*,#5795,.F.);
#8104=ORIENTED_EDGE('',*,*,#4980,.F.);
#8105=ORIENTED_EDGE('',*,*,#5796,.T.);
#8106=ORIENTED_EDGE('',*,*,#5392,.T.);
#8107=ORIENTED_EDGE('',*,*,#5796,.F.);
#8108=ORIENTED_EDGE('',*,*,#5797,.T.);
#8109=ORIENTED_EDGE('',*,*,#4981,.F.);
#8110=ORIENTED_EDGE('',*,*,#5798,.F.);
#8111=ORIENTED_EDGE('',*,*,#5393,.F.);
#8112=ORIENTED_EDGE('',*,*,#5799,.T.);
#8113=ORIENTED_EDGE('',*,*,#4982,.F.);
#8114=ORIENTED_EDGE('',*,*,#5797,.F.);
#8115=ORIENTED_EDGE('',*,*,#5396,.F.);
#8116=ORIENTED_EDGE('',*,*,#5798,.T.);
#8117=ORIENTED_EDGE('',*,*,#4984,.F.);
#8118=ORIENTED_EDGE('',*,*,#5800,.F.);
#8119=ORIENTED_EDGE('',*,*,#5394,.F.);
#8120=ORIENTED_EDGE('',*,*,#5800,.T.);
#8121=ORIENTED_EDGE('',*,*,#4983,.F.);
#8122=ORIENTED_EDGE('',*,*,#5799,.F.);
#8123=ORIENTED_EDGE('',*,*,#5395,.F.);
#8124=ORIENTED_EDGE('',*,*,#4985,.F.);
#8125=ORIENTED_EDGE('',*,*,#5801,.T.);
#8126=ORIENTED_EDGE('',*,*,#5397,.T.);
#8127=ORIENTED_EDGE('',*,*,#5801,.F.);
#8128=ORIENTED_EDGE('',*,*,#4986,.F.);
#8129=ORIENTED_EDGE('',*,*,#5802,.T.);
#8130=ORIENTED_EDGE('',*,*,#5398,.T.);
#8131=ORIENTED_EDGE('',*,*,#5802,.F.);
#8132=ORIENTED_EDGE('',*,*,#4987,.F.);
#8133=ORIENTED_EDGE('',*,*,#5803,.T.);
#8134=ORIENTED_EDGE('',*,*,#5399,.T.);
#8135=ORIENTED_EDGE('',*,*,#5803,.F.);
#8136=ORIENTED_EDGE('',*,*,#4988,.F.);
#8137=ORIENTED_EDGE('',*,*,#5804,.T.);
#8138=ORIENTED_EDGE('',*,*,#5400,.T.);
#8139=ORIENTED_EDGE('',*,*,#5804,.F.);
#8140=ORIENTED_EDGE('',*,*,#4989,.F.);
#8141=ORIENTED_EDGE('',*,*,#5805,.T.);
#8142=ORIENTED_EDGE('',*,*,#5401,.T.);
#8143=ORIENTED_EDGE('',*,*,#5805,.F.);
#8144=ORIENTED_EDGE('',*,*,#4990,.F.);
#8145=ORIENTED_EDGE('',*,*,#5806,.T.);
#8146=ORIENTED_EDGE('',*,*,#5402,.T.);
#8147=ORIENTED_EDGE('',*,*,#5806,.F.);
#8148=ORIENTED_EDGE('',*,*,#4991,.F.);
#8149=ORIENTED_EDGE('',*,*,#5807,.T.);
#8150=ORIENTED_EDGE('',*,*,#5403,.T.);
#8151=ORIENTED_EDGE('',*,*,#5807,.F.);
#8152=ORIENTED_EDGE('',*,*,#5808,.T.);
#8153=ORIENTED_EDGE('',*,*,#4992,.F.);
#8154=ORIENTED_EDGE('',*,*,#5809,.F.);
#8155=ORIENTED_EDGE('',*,*,#5404,.F.);
#8156=ORIENTED_EDGE('',*,*,#5810,.T.);
#8157=ORIENTED_EDGE('',*,*,#4993,.F.);
#8158=ORIENTED_EDGE('',*,*,#5808,.F.);
#8159=ORIENTED_EDGE('',*,*,#5407,.F.);
#8160=ORIENTED_EDGE('',*,*,#5809,.T.);
#8161=ORIENTED_EDGE('',*,*,#4995,.F.);
#8162=ORIENTED_EDGE('',*,*,#5811,.F.);
#8163=ORIENTED_EDGE('',*,*,#5405,.F.);
#8164=ORIENTED_EDGE('',*,*,#5811,.T.);
#8165=ORIENTED_EDGE('',*,*,#4994,.F.);
#8166=ORIENTED_EDGE('',*,*,#5810,.F.);
#8167=ORIENTED_EDGE('',*,*,#5406,.F.);
#8168=ORIENTED_EDGE('',*,*,#5812,.T.);
#8169=ORIENTED_EDGE('',*,*,#4996,.F.);
#8170=ORIENTED_EDGE('',*,*,#5813,.F.);
#8171=ORIENTED_EDGE('',*,*,#5408,.F.);
#8172=ORIENTED_EDGE('',*,*,#5814,.T.);
#8173=ORIENTED_EDGE('',*,*,#4997,.F.);
#8174=ORIENTED_EDGE('',*,*,#5812,.F.);
#8175=ORIENTED_EDGE('',*,*,#5411,.F.);
#8176=ORIENTED_EDGE('',*,*,#5813,.T.);
#8177=ORIENTED_EDGE('',*,*,#4999,.F.);
#8178=ORIENTED_EDGE('',*,*,#5815,.F.);
#8179=ORIENTED_EDGE('',*,*,#5409,.F.);
#8180=ORIENTED_EDGE('',*,*,#5815,.T.);
#8181=ORIENTED_EDGE('',*,*,#4998,.F.);
#8182=ORIENTED_EDGE('',*,*,#5814,.F.);
#8183=ORIENTED_EDGE('',*,*,#5410,.F.);
#8184=ORIENTED_EDGE('',*,*,#5000,.F.);
#8185=ORIENTED_EDGE('',*,*,#5816,.T.);
#8186=ORIENTED_EDGE('',*,*,#5412,.T.);
#8187=ORIENTED_EDGE('',*,*,#5816,.F.);
#8188=ORIENTED_EDGE('',*,*,#5001,.F.);
#8189=ORIENTED_EDGE('',*,*,#5817,.T.);
#8190=ORIENTED_EDGE('',*,*,#5413,.T.);
#8191=ORIENTED_EDGE('',*,*,#5817,.F.);
#8192=ORIENTED_EDGE('',*,*,#5002,.F.);
#8193=ORIENTED_EDGE('',*,*,#5818,.T.);
#8194=ORIENTED_EDGE('',*,*,#5414,.T.);
#8195=ORIENTED_EDGE('',*,*,#5818,.F.);
#8196=ORIENTED_EDGE('',*,*,#5003,.F.);
#8197=ORIENTED_EDGE('',*,*,#5819,.T.);
#8198=ORIENTED_EDGE('',*,*,#5415,.T.);
#8199=ORIENTED_EDGE('',*,*,#5819,.F.);
#8200=ORIENTED_EDGE('',*,*,#5004,.F.);
#8201=ORIENTED_EDGE('',*,*,#5820,.T.);
#8202=ORIENTED_EDGE('',*,*,#5416,.T.);
#8203=ORIENTED_EDGE('',*,*,#5820,.F.);
#8204=ORIENTED_EDGE('',*,*,#5005,.F.);
#8205=ORIENTED_EDGE('',*,*,#5821,.T.);
#8206=ORIENTED_EDGE('',*,*,#5417,.T.);
#8207=ORIENTED_EDGE('',*,*,#5821,.F.);
#8208=ORIENTED_EDGE('',*,*,#5006,.F.);
#8209=ORIENTED_EDGE('',*,*,#5822,.T.);
#8210=ORIENTED_EDGE('',*,*,#5418,.T.);
#8211=ORIENTED_EDGE('',*,*,#5822,.F.);
#8212=ORIENTED_EDGE('',*,*,#5007,.F.);
#8213=ORIENTED_EDGE('',*,*,#5823,.T.);
#8214=ORIENTED_EDGE('',*,*,#5419,.T.);
#8215=ORIENTED_EDGE('',*,*,#5823,.F.);
#8216=ORIENTED_EDGE('',*,*,#5824,.T.);
#8217=ORIENTED_EDGE('',*,*,#5008,.F.);
#8218=ORIENTED_EDGE('',*,*,#5825,.F.);
#8219=ORIENTED_EDGE('',*,*,#5420,.F.);
#8220=ORIENTED_EDGE('',*,*,#5826,.T.);
#8221=ORIENTED_EDGE('',*,*,#5009,.F.);
#8222=ORIENTED_EDGE('',*,*,#5824,.F.);
#8223=ORIENTED_EDGE('',*,*,#5423,.F.);
#8224=ORIENTED_EDGE('',*,*,#5825,.T.);
#8225=ORIENTED_EDGE('',*,*,#5011,.F.);
#8226=ORIENTED_EDGE('',*,*,#5827,.F.);
#8227=ORIENTED_EDGE('',*,*,#5421,.F.);
#8228=ORIENTED_EDGE('',*,*,#5827,.T.);
#8229=ORIENTED_EDGE('',*,*,#5010,.F.);
#8230=ORIENTED_EDGE('',*,*,#5826,.F.);
#8231=ORIENTED_EDGE('',*,*,#5422,.F.);
#8232=ORIENTED_EDGE('',*,*,#5012,.F.);
#8233=ORIENTED_EDGE('',*,*,#5828,.T.);
#8234=ORIENTED_EDGE('',*,*,#5424,.T.);
#8235=ORIENTED_EDGE('',*,*,#5828,.F.);
#8236=ORIENTED_EDGE('',*,*,#5013,.F.);
#8237=ORIENTED_EDGE('',*,*,#5829,.T.);
#8238=ORIENTED_EDGE('',*,*,#5425,.T.);
#8239=ORIENTED_EDGE('',*,*,#5829,.F.);
#8240=ORIENTED_EDGE('',*,*,#5014,.F.);
#8241=ORIENTED_EDGE('',*,*,#5830,.T.);
#8242=ORIENTED_EDGE('',*,*,#5426,.T.);
#8243=ORIENTED_EDGE('',*,*,#5830,.F.);
#8244=ORIENTED_EDGE('',*,*,#5015,.F.);
#8245=ORIENTED_EDGE('',*,*,#5831,.T.);
#8246=ORIENTED_EDGE('',*,*,#5427,.T.);
#8247=ORIENTED_EDGE('',*,*,#5831,.F.);
#8248=ORIENTED_EDGE('',*,*,#5832,.T.);
#8249=ORIENTED_EDGE('',*,*,#5016,.F.);
#8250=ORIENTED_EDGE('',*,*,#5833,.F.);
#8251=ORIENTED_EDGE('',*,*,#5428,.F.);
#8252=ORIENTED_EDGE('',*,*,#5834,.T.);
#8253=ORIENTED_EDGE('',*,*,#5017,.F.);
#8254=ORIENTED_EDGE('',*,*,#5832,.F.);
#8255=ORIENTED_EDGE('',*,*,#5431,.F.);
#8256=ORIENTED_EDGE('',*,*,#5833,.T.);
#8257=ORIENTED_EDGE('',*,*,#5019,.F.);
#8258=ORIENTED_EDGE('',*,*,#5835,.F.);
#8259=ORIENTED_EDGE('',*,*,#5429,.F.);
#8260=ORIENTED_EDGE('',*,*,#5835,.T.);
#8261=ORIENTED_EDGE('',*,*,#5018,.F.);
#8262=ORIENTED_EDGE('',*,*,#5834,.F.);
#8263=ORIENTED_EDGE('',*,*,#5430,.F.);
#8264=ORIENTED_EDGE('',*,*,#5020,.F.);
#8265=ORIENTED_EDGE('',*,*,#5836,.T.);
#8266=ORIENTED_EDGE('',*,*,#5432,.T.);
#8267=ORIENTED_EDGE('',*,*,#5836,.F.);
#8268=ORIENTED_EDGE('',*,*,#5021,.F.);
#8269=ORIENTED_EDGE('',*,*,#5837,.T.);
#8270=ORIENTED_EDGE('',*,*,#5433,.T.);
#8271=ORIENTED_EDGE('',*,*,#5837,.F.);
#8272=ORIENTED_EDGE('',*,*,#5022,.F.);
#8273=ORIENTED_EDGE('',*,*,#5838,.T.);
#8274=ORIENTED_EDGE('',*,*,#5434,.T.);
#8275=ORIENTED_EDGE('',*,*,#5838,.F.);
#8276=ORIENTED_EDGE('',*,*,#5023,.F.);
#8277=ORIENTED_EDGE('',*,*,#5839,.T.);
#8278=ORIENTED_EDGE('',*,*,#5435,.T.);
#8279=ORIENTED_EDGE('',*,*,#5839,.F.);
#8280=ORIENTED_EDGE('',*,*,#5024,.F.);
#8281=ORIENTED_EDGE('',*,*,#5840,.T.);
#8282=ORIENTED_EDGE('',*,*,#5436,.T.);
#8283=ORIENTED_EDGE('',*,*,#5840,.F.);
#8284=ORIENTED_EDGE('',*,*,#5025,.F.);
#8285=ORIENTED_EDGE('',*,*,#5841,.T.);
#8286=ORIENTED_EDGE('',*,*,#5437,.T.);
#8287=ORIENTED_EDGE('',*,*,#5841,.F.);
#8288=PLANE('',#8968);
#8289=PLANE('',#9121);
#8290=PLANE('',#9122);
#8291=PLANE('',#9123);
#8292=PLANE('',#9124);
#8293=PLANE('',#9277);
#8294=PLANE('',#9278);
#8295=PLANE('',#9279);
#8296=PLANE('',#9280);
#8297=PLANE('',#9281);
#8298=PLANE('',#9282);
#8299=PLANE('',#9283);
#8300=PLANE('',#9284);
#8301=PLANE('',#9285);
#8302=PLANE('',#9286);
#8303=PLANE('',#9287);
#8304=PLANE('',#9288);
#8305=PLANE('',#9289);
#8306=PLANE('',#9290);
#8307=PLANE('',#9291);
#8308=PLANE('',#9292);
#8309=PLANE('',#9293);
#8310=PLANE('',#9294);
#8311=PLANE('',#9295);
#8312=PLANE('',#9296);
#8313=PLANE('',#9297);
#8314=PLANE('',#9298);
#8315=PLANE('',#9299);
#8316=PLANE('',#9300);
#8317=PLANE('',#9301);
#8318=PLANE('',#9302);
#8319=PLANE('',#9303);
#8320=PLANE('',#9304);
#8321=PLANE('',#9305);
#8322=PLANE('',#9306);
#8323=PLANE('',#9307);
#8324=PLANE('',#9308);
#8325=PLANE('',#9309);
#8326=PLANE('',#9310);
#8327=PLANE('',#9311);
#8328=PLANE('',#9312);
#8329=PLANE('',#9313);
#8330=PLANE('',#9314);
#8331=PLANE('',#9315);
#8332=PLANE('',#9316);
#8333=PLANE('',#9317);
#8334=PLANE('',#9318);
#8335=PLANE('',#9319);
#8336=PLANE('',#9320);
#8337=PLANE('',#9321);
#8338=PLANE('',#9322);
#8339=PLANE('',#9323);
#8340=PLANE('',#9324);
#8341=PLANE('',#9325);
#8342=PLANE('',#9326);
#8343=PLANE('',#9327);
#8344=PLANE('',#9328);
#8345=PLANE('',#9329);
#8346=PLANE('',#9330);
#8347=PLANE('',#9331);
#8348=PLANE('',#9332);
#8349=PLANE('',#9333);
#8350=PLANE('',#9334);
#8351=PLANE('',#9335);
#8352=PLANE('',#9336);
#8353=PLANE('',#9337);
#8354=PLANE('',#9338);
#8355=PLANE('',#9339);
#8356=PLANE('',#9340);
#8357=PLANE('',#9341);
#8358=PLANE('',#9342);
#8359=PLANE('',#9343);
#8360=PLANE('',#9344);
#8361=PLANE('',#9345);
#8362=PLANE('',#9346);
#8363=PLANE('',#9347);
#8364=PLANE('',#9348);
#8365=PLANE('',#9349);
#8366=PLANE('',#9350);
#8367=PLANE('',#9351);
#8368=PLANE('',#9352);
#8369=PLANE('',#9353);
#8370=PLANE('',#9354);
#8371=PLANE('',#9355);
#8372=PLANE('',#9356);
#8373=PLANE('',#9357);
#8374=PLANE('',#9358);
#8375=PLANE('',#9359);
#8376=PLANE('',#9360);
#8377=PLANE('',#9361);
#8378=PLANE('',#9362);
#8379=PLANE('',#9363);
#8380=PLANE('',#9364);
#8381=PLANE('',#9365);
#8382=PLANE('',#9366);
#8383=PLANE('',#9367);
#8384=PLANE('',#9368);
#8385=PLANE('',#9369);
#8386=PLANE('',#9370);
#8387=PLANE('',#9371);
#8388=PLANE('',#9372);
#8389=PLANE('',#9373);
#8390=PLANE('',#9374);
#8391=PLANE('',#9375);
#8392=PLANE('',#9376);
#8393=PLANE('',#9377);
#8394=PLANE('',#9378);
#8395=PLANE('',#9379);
#8396=PLANE('',#9380);
#8397=PLANE('',#9381);
#8398=PLANE('',#9382);
#8399=PLANE('',#9383);
#8400=PLANE('',#9384);
#8401=PLANE('',#9385);
#8402=PLANE('',#9386);
#8403=PLANE('',#9387);
#8404=PLANE('',#9388);
#8405=PLANE('',#9389);
#8406=PLANE('',#9390);
#8407=PLANE('',#9391);
#8408=PLANE('',#9392);
#8409=PLANE('',#9393);
#8410=PLANE('',#9394);
#8411=PLANE('',#9395);
#8412=PLANE('',#9396);
#8413=PLANE('',#9397);
#8414=PLANE('',#9398);
#8415=PLANE('',#9399);
#8416=PLANE('',#9400);
#8417=PLANE('',#9401);
#8418=PLANE('',#9402);
#8419=PLANE('',#9403);
#8420=PLANE('',#9404);
#8421=PLANE('',#9405);
#8422=PLANE('',#9406);
#8423=PLANE('',#9407);
#8424=PLANE('',#9408);
#8425=PLANE('',#9409);
#8426=PLANE('',#9410);
#8427=PLANE('',#9411);
#8428=PLANE('',#9412);
#8429=PLANE('',#9413);
#8430=PLANE('',#9414);
#8431=PLANE('',#9415);
#8432=PLANE('',#9416);
#8433=PLANE('',#9417);
#8434=PLANE('',#9418);
#8435=PLANE('',#9419);
#8436=PLANE('',#9420);
#8437=PLANE('',#9421);
#8438=PLANE('',#9422);
#8439=PLANE('',#9423);
#8440=PLANE('',#9424);
#8441=PLANE('',#9425);
#8442=PLANE('',#9426);
#8443=PLANE('',#9427);
#8444=PLANE('',#9428);
#8445=PLANE('',#9429);
#8446=PLANE('',#9430);
#8447=PLANE('',#9431);
#8448=PLANE('',#9432);
#8449=PLANE('',#9433);
#8450=PLANE('',#9434);
#8451=PLANE('',#9435);
#8452=PLANE('',#9436);
#8453=PLANE('',#9438);
#8454=PLANE('',#9439);
#8455=PLANE('',#9440);
#8456=PLANE('',#9441);
#8457=PLANE('',#9450);
#8458=PLANE('',#9451);
#8459=PLANE('',#9452);
#8460=PLANE('',#9453);
#8461=PLANE('',#9455);
#8462=PLANE('',#9456);
#8463=PLANE('',#9457);
#8464=PLANE('',#9458);
#8465=PLANE('',#9467);
#8466=PLANE('',#9469);
#8467=PLANE('',#9473);
#8468=PLANE('',#9475);
#8469=PLANE('',#9477);
#8470=PLANE('',#9479);
#8471=PLANE('',#9482);
#8472=PLANE('',#9484);
#8473=PLANE('',#9485);
#8474=PLANE('',#9486);
#8475=PLANE('',#9487);
#8476=PLANE('',#9488);
#8477=PLANE('',#9500);
#8478=PLANE('',#9501);
#8479=PLANE('',#9502);
#8480=PLANE('',#9503);
#8481=PLANE('',#9512);
#8482=PLANE('',#9513);
#8483=PLANE('',#9514);
#8484=PLANE('',#9515);
#8485=PLANE('',#9516);
#8486=PLANE('',#9517);
#8487=PLANE('',#9518);
#8488=PLANE('',#9519);
#8489=PLANE('',#9528);
#8490=PLANE('',#9529);
#8491=PLANE('',#9530);
#8492=PLANE('',#9531);
#8493=PLANE('',#9536);
#8494=PLANE('',#9537);
#8495=PLANE('',#9538);
#8496=PLANE('',#9539);
#8497=PLANE('',#9553);
#8498=PLANE('',#9554);
#8499=PLANE('',#9555);
#8500=PLANE('',#9556);
#8501=PLANE('',#9572);
#8502=PLANE('',#9573);
#8503=PLANE('',#9574);
#8504=PLANE('',#9575);
#8505=PLANE('',#9590);
#8506=PLANE('',#9591);
#8507=PLANE('',#9592);
#8508=PLANE('',#9593);
#8509=PLANE('',#9601);
#8510=PLANE('',#9602);
#8511=PLANE('',#9603);
#8512=PLANE('',#9604);
#8513=PLANE('',#9612);
#8514=PLANE('',#9613);
#8515=PLANE('',#9614);
#8516=PLANE('',#9615);
#8517=PLANE('',#9616);
#8518=PLANE('',#9617);
#8519=PLANE('',#9618);
#8520=PLANE('',#9619);
#8521=PLANE('',#9628);
#8522=PLANE('',#9629);
#8523=PLANE('',#9630);
#8524=PLANE('',#9631);
#8525=PLANE('',#9636);
#8526=PLANE('',#9637);
#8527=PLANE('',#9638);
#8528=PLANE('',#9639);
#8529=PLANE('',#9647);
#8530=PLANE('',#9648);
#8531=PLANE('',#9649);
#8532=PLANE('',#9650);
#8533=PLANE('',#9651);
#8534=PLANE('',#9652);
#8535=PLANE('',#9653);
#8536=PLANE('',#9654);
#8537=PLANE('',#9663);
#8538=PLANE('',#9664);
#8539=PLANE('',#9665);
#8540=PLANE('',#9666);
#8541=PLANE('',#9671);
#8542=PLANE('',#9672);
#8543=PLANE('',#9673);
#8544=PLANE('',#9674);
#8545=ADVANCED_FACE('',(#809,#167,#168,#169,#170,#171,#172,#173,#174,#175,
#176,#177,#178,#179,#180,#181,#182,#183,#184,#185,#186,#187,#188,#189,#190,
#191,#192,#193,#194,#195,#196,#197,#198,#199,#200,#201,#202,#203,#204,#205,
#206,#207,#208,#209,#210,#211,#212,#213,#214,#215,#216,#217,#218,#219,#220,
#221,#222,#223,#224,#225,#226,#227,#228,#229,#230,#231,#232,#233,#234,#235,
#236,#237,#238,#239,#240,#241,#242,#243,#244,#245,#246,#247,#248,#249,#250,
#251,#252,#253,#254,#255,#256,#257,#258,#259,#260,#261,#262,#263,#264,#265,
#266,#267,#268,#269,#270,#271,#272,#273,#274,#275,#276,#277,#278,#279,#280,
#281,#282,#283,#284,#285,#286,#287,#288,#289,#290,#291,#292,#293,#294,#295,
#296,#297,#298,#299,#300,#301,#302,#303,#304,#305,#306,#307,#308,#309,#310,
#311,#312,#313,#314,#315,#316,#317,#318,#319,#320,#321,#322,#323,#324,#325,
#326,#327,#328,#329,#330,#331,#332,#333,#334,#335),#8288,.T.);
#8546=ADVANCED_FACE('',(#810),#8289,.T.);
#8547=ADVANCED_FACE('',(#811),#8290,.T.);
#8548=ADVANCED_FACE('',(#812),#8291,.T.);
#8549=ADVANCED_FACE('',(#813,#336,#337,#338,#339,#340,#341,#342,#343,#344,
#345,#346,#347,#348,#349,#350,#351,#352,#353,#354,#355,#356,#357,#358,#359,
#360,#361,#362,#363,#364,#365,#366,#367,#368,#369,#370,#371,#372,#373,#374,
#375,#376,#377,#378,#379,#380,#381,#382,#383,#384,#385,#386,#387,#388,#389,
#390,#391,#392,#393,#394,#395,#396,#397,#398,#399,#400,#401,#402,#403,#404,
#405,#406,#407,#408,#409,#410,#411,#412,#413,#414,#415,#416,#417,#418,#419,
#420,#421,#422,#423,#424,#425,#426,#427,#428,#429,#430,#431,#432,#433,#434,
#435,#436,#437,#438,#439,#440,#441,#442,#443,#444,#445,#446,#447,#448,#449,
#450,#451,#452,#453,#454,#455,#456,#457,#458,#459,#460,#461,#462,#463,#464,
#465,#466,#467,#468,#469,#470,#471,#472,#473,#474,#475,#476,#477,#478,#479,
#480,#481,#482,#483,#484,#485,#486,#487,#488,#489,#490,#491,#492,#493,#494,
#495,#496,#497,#498,#499,#500,#501,#502,#503,#504),#8292,.F.);
#8550=ADVANCED_FACE('',(#814),#8293,.T.);
#8551=ADVANCED_FACE('',(#815),#8294,.T.);
#8552=ADVANCED_FACE('',(#816),#8295,.T.);
#8553=ADVANCED_FACE('',(#817),#8296,.T.);
#8554=ADVANCED_FACE('',(#818),#8297,.T.);
#8555=ADVANCED_FACE('',(#819),#8298,.T.);
#8556=ADVANCED_FACE('',(#820),#8299,.T.);
#8557=ADVANCED_FACE('',(#821),#8300,.T.);
#8558=ADVANCED_FACE('',(#822),#8301,.T.);
#8559=ADVANCED_FACE('',(#823),#8302,.T.);
#8560=ADVANCED_FACE('',(#824),#8303,.T.);
#8561=ADVANCED_FACE('',(#825),#8304,.T.);
#8562=ADVANCED_FACE('',(#826),#8305,.T.);
#8563=ADVANCED_FACE('',(#827),#8306,.T.);
#8564=ADVANCED_FACE('',(#828),#8307,.T.);
#8565=ADVANCED_FACE('',(#829),#8308,.T.);
#8566=ADVANCED_FACE('',(#830),#8309,.T.);
#8567=ADVANCED_FACE('',(#831),#8310,.T.);
#8568=ADVANCED_FACE('',(#832),#8311,.T.);
#8569=ADVANCED_FACE('',(#833),#8312,.T.);
#8570=ADVANCED_FACE('',(#834),#8313,.T.);
#8571=ADVANCED_FACE('',(#835),#8314,.T.);
#8572=ADVANCED_FACE('',(#836),#8315,.T.);
#8573=ADVANCED_FACE('',(#837),#8316,.T.);
#8574=ADVANCED_FACE('',(#838),#8317,.T.);
#8575=ADVANCED_FACE('',(#839),#8318,.T.);
#8576=ADVANCED_FACE('',(#840),#8319,.T.);
#8577=ADVANCED_FACE('',(#841),#8320,.T.);
#8578=ADVANCED_FACE('',(#842),#8321,.T.);
#8579=ADVANCED_FACE('',(#843),#8322,.T.);
#8580=ADVANCED_FACE('',(#844),#8323,.T.);
#8581=ADVANCED_FACE('',(#845),#8324,.T.);
#8582=ADVANCED_FACE('',(#846),#8325,.T.);
#8583=ADVANCED_FACE('',(#847),#8326,.T.);
#8584=ADVANCED_FACE('',(#848),#8327,.T.);
#8585=ADVANCED_FACE('',(#849),#8328,.T.);
#8586=ADVANCED_FACE('',(#850),#8329,.T.);
#8587=ADVANCED_FACE('',(#851),#8330,.T.);
#8588=ADVANCED_FACE('',(#852),#8331,.T.);
#8589=ADVANCED_FACE('',(#853),#8332,.T.);
#8590=ADVANCED_FACE('',(#854),#8333,.T.);
#8591=ADVANCED_FACE('',(#855),#8334,.T.);
#8592=ADVANCED_FACE('',(#856),#8335,.T.);
#8593=ADVANCED_FACE('',(#857),#8336,.T.);
#8594=ADVANCED_FACE('',(#858),#8337,.T.);
#8595=ADVANCED_FACE('',(#859),#8338,.T.);
#8596=ADVANCED_FACE('',(#860),#8339,.T.);
#8597=ADVANCED_FACE('',(#861),#8340,.T.);
#8598=ADVANCED_FACE('',(#862),#8341,.T.);
#8599=ADVANCED_FACE('',(#863),#8342,.T.);
#8600=ADVANCED_FACE('',(#864),#8343,.T.);
#8601=ADVANCED_FACE('',(#865),#8344,.T.);
#8602=ADVANCED_FACE('',(#866),#8345,.T.);
#8603=ADVANCED_FACE('',(#867),#8346,.T.);
#8604=ADVANCED_FACE('',(#868),#8347,.T.);
#8605=ADVANCED_FACE('',(#869),#8348,.T.);
#8606=ADVANCED_FACE('',(#870),#8349,.T.);
#8607=ADVANCED_FACE('',(#871),#8350,.T.);
#8608=ADVANCED_FACE('',(#872),#8351,.T.);
#8609=ADVANCED_FACE('',(#873),#8352,.T.);
#8610=ADVANCED_FACE('',(#874),#8353,.T.);
#8611=ADVANCED_FACE('',(#875),#8354,.T.);
#8612=ADVANCED_FACE('',(#876),#8355,.T.);
#8613=ADVANCED_FACE('',(#877),#8356,.T.);
#8614=ADVANCED_FACE('',(#878),#8357,.T.);
#8615=ADVANCED_FACE('',(#879),#8358,.T.);
#8616=ADVANCED_FACE('',(#880),#8359,.T.);
#8617=ADVANCED_FACE('',(#881),#8360,.T.);
#8618=ADVANCED_FACE('',(#882),#8361,.T.);
#8619=ADVANCED_FACE('',(#883),#8362,.T.);
#8620=ADVANCED_FACE('',(#884),#8363,.T.);
#8621=ADVANCED_FACE('',(#885),#8364,.T.);
#8622=ADVANCED_FACE('',(#886),#8365,.T.);
#8623=ADVANCED_FACE('',(#887),#8366,.T.);
#8624=ADVANCED_FACE('',(#888),#8367,.T.);
#8625=ADVANCED_FACE('',(#889),#8368,.T.);
#8626=ADVANCED_FACE('',(#890),#8369,.T.);
#8627=ADVANCED_FACE('',(#891),#8370,.T.);
#8628=ADVANCED_FACE('',(#892),#8371,.T.);
#8629=ADVANCED_FACE('',(#893),#8372,.T.);
#8630=ADVANCED_FACE('',(#894),#8373,.T.);
#8631=ADVANCED_FACE('',(#895),#8374,.T.);
#8632=ADVANCED_FACE('',(#896),#8375,.T.);
#8633=ADVANCED_FACE('',(#897),#8376,.T.);
#8634=ADVANCED_FACE('',(#898),#8377,.T.);
#8635=ADVANCED_FACE('',(#899),#8378,.T.);
#8636=ADVANCED_FACE('',(#900),#8379,.T.);
#8637=ADVANCED_FACE('',(#901),#8380,.T.);
#8638=ADVANCED_FACE('',(#902),#8381,.T.);
#8639=ADVANCED_FACE('',(#903),#8382,.T.);
#8640=ADVANCED_FACE('',(#904),#8383,.T.);
#8641=ADVANCED_FACE('',(#905),#8384,.T.);
#8642=ADVANCED_FACE('',(#906),#8385,.T.);
#8643=ADVANCED_FACE('',(#907),#8386,.T.);
#8644=ADVANCED_FACE('',(#908),#8387,.T.);
#8645=ADVANCED_FACE('',(#909),#8388,.T.);
#8646=ADVANCED_FACE('',(#910),#8389,.T.);
#8647=ADVANCED_FACE('',(#911),#8390,.T.);
#8648=ADVANCED_FACE('',(#912),#8391,.T.);
#8649=ADVANCED_FACE('',(#913),#8392,.T.);
#8650=ADVANCED_FACE('',(#914),#8393,.T.);
#8651=ADVANCED_FACE('',(#915),#8394,.T.);
#8652=ADVANCED_FACE('',(#916),#8395,.T.);
#8653=ADVANCED_FACE('',(#917),#8396,.T.);
#8654=ADVANCED_FACE('',(#918),#8397,.T.);
#8655=ADVANCED_FACE('',(#919),#8398,.T.);
#8656=ADVANCED_FACE('',(#920),#8399,.T.);
#8657=ADVANCED_FACE('',(#921),#8400,.T.);
#8658=ADVANCED_FACE('',(#922),#8401,.T.);
#8659=ADVANCED_FACE('',(#923),#8402,.T.);
#8660=ADVANCED_FACE('',(#924),#8403,.T.);
#8661=ADVANCED_FACE('',(#925),#8404,.T.);
#8662=ADVANCED_FACE('',(#926),#8405,.T.);
#8663=ADVANCED_FACE('',(#927),#8406,.T.);
#8664=ADVANCED_FACE('',(#928),#8407,.T.);
#8665=ADVANCED_FACE('',(#929),#8408,.T.);
#8666=ADVANCED_FACE('',(#930),#8409,.T.);
#8667=ADVANCED_FACE('',(#931),#8410,.T.);
#8668=ADVANCED_FACE('',(#932),#8411,.T.);
#8669=ADVANCED_FACE('',(#933),#8412,.T.);
#8670=ADVANCED_FACE('',(#934),#8413,.T.);
#8671=ADVANCED_FACE('',(#935),#8414,.T.);
#8672=ADVANCED_FACE('',(#936),#8415,.T.);
#8673=ADVANCED_FACE('',(#937),#8416,.T.);
#8674=ADVANCED_FACE('',(#938),#8417,.T.);
#8675=ADVANCED_FACE('',(#939),#8418,.T.);
#8676=ADVANCED_FACE('',(#940),#8419,.T.);
#8677=ADVANCED_FACE('',(#941),#8420,.T.);
#8678=ADVANCED_FACE('',(#942),#8421,.T.);
#8679=ADVANCED_FACE('',(#943),#8422,.T.);
#8680=ADVANCED_FACE('',(#944),#8423,.T.);
#8681=ADVANCED_FACE('',(#945),#8424,.T.);
#8682=ADVANCED_FACE('',(#946),#8425,.T.);
#8683=ADVANCED_FACE('',(#947),#8426,.T.);
#8684=ADVANCED_FACE('',(#948),#8427,.T.);
#8685=ADVANCED_FACE('',(#949),#8428,.T.);
#8686=ADVANCED_FACE('',(#950),#8429,.T.);
#8687=ADVANCED_FACE('',(#951),#8430,.T.);
#8688=ADVANCED_FACE('',(#952),#8431,.T.);
#8689=ADVANCED_FACE('',(#953),#8432,.T.);
#8690=ADVANCED_FACE('',(#954),#8433,.T.);
#8691=ADVANCED_FACE('',(#955),#8434,.T.);
#8692=ADVANCED_FACE('',(#956),#8435,.T.);
#8693=ADVANCED_FACE('',(#957),#8436,.T.);
#8694=ADVANCED_FACE('',(#958),#8437,.T.);
#8695=ADVANCED_FACE('',(#959),#8438,.T.);
#8696=ADVANCED_FACE('',(#960),#8439,.T.);
#8697=ADVANCED_FACE('',(#961),#8440,.T.);
#8698=ADVANCED_FACE('',(#962),#8441,.T.);
#8699=ADVANCED_FACE('',(#963),#8442,.T.);
#8700=ADVANCED_FACE('',(#964),#8443,.T.);
#8701=ADVANCED_FACE('',(#965),#8444,.T.);
#8702=ADVANCED_FACE('',(#966),#8445,.T.);
#8703=ADVANCED_FACE('',(#967),#8446,.T.);
#8704=ADVANCED_FACE('',(#968),#8447,.T.);
#8705=ADVANCED_FACE('',(#969),#8448,.T.);
#8706=ADVANCED_FACE('',(#970),#8449,.T.);
#8707=ADVANCED_FACE('',(#971),#8450,.T.);
#8708=ADVANCED_FACE('',(#972),#8451,.T.);
#8709=ADVANCED_FACE('',(#973),#8452,.T.);
#8710=ADVANCED_FACE('',(#974),#15,.F.);
#8711=ADVANCED_FACE('',(#975),#8453,.T.);
#8712=ADVANCED_FACE('',(#976),#8454,.T.);
#8713=ADVANCED_FACE('',(#977),#8455,.T.);
#8714=ADVANCED_FACE('',(#978),#8456,.T.);
#8715=ADVANCED_FACE('',(#979),#16,.F.);
#8716=ADVANCED_FACE('',(#980),#17,.F.);
#8717=ADVANCED_FACE('',(#981),#18,.F.);
#8718=ADVANCED_FACE('',(#982),#19,.F.);
#8719=ADVANCED_FACE('',(#983),#20,.F.);
#8720=ADVANCED_FACE('',(#984),#21,.F.);
#8721=ADVANCED_FACE('',(#985),#22,.F.);
#8722=ADVANCED_FACE('',(#986),#23,.F.);
#8723=ADVANCED_FACE('',(#987),#8457,.T.);
#8724=ADVANCED_FACE('',(#988),#8458,.T.);
#8725=ADVANCED_FACE('',(#989),#8459,.T.);
#8726=ADVANCED_FACE('',(#990),#8460,.T.);
#8727=ADVANCED_FACE('',(#991),#24,.F.);
#8728=ADVANCED_FACE('',(#992),#8461,.T.);
#8729=ADVANCED_FACE('',(#993),#8462,.T.);
#8730=ADVANCED_FACE('',(#994),#8463,.T.);
#8731=ADVANCED_FACE('',(#995),#8464,.T.);
#8732=ADVANCED_FACE('',(#996),#25,.F.);
#8733=ADVANCED_FACE('',(#997),#26,.F.);
#8734=ADVANCED_FACE('',(#998),#27,.F.);
#8735=ADVANCED_FACE('',(#999),#28,.F.);
#8736=ADVANCED_FACE('',(#1000),#29,.F.);
#8737=ADVANCED_FACE('',(#1001),#30,.F.);
#8738=ADVANCED_FACE('',(#1002),#31,.F.);
#8739=ADVANCED_FACE('',(#1003),#32,.F.);
#8740=ADVANCED_FACE('',(#1004),#8465,.T.);
#8741=ADVANCED_FACE('',(#1005),#33,.F.);
#8742=ADVANCED_FACE('',(#1006),#8466,.T.);
#8743=ADVANCED_FACE('',(#1007),#34,.F.);
#8744=ADVANCED_FACE('',(#1008),#35,.F.);
#8745=ADVANCED_FACE('',(#1009),#36,.F.);
#8746=ADVANCED_FACE('',(#1010),#8467,.T.);
#8747=ADVANCED_FACE('',(#1011),#37,.F.);
#8748=ADVANCED_FACE('',(#1012),#8468,.T.);
#8749=ADVANCED_FACE('',(#1013),#38,.F.);
#8750=ADVANCED_FACE('',(#1014),#8469,.T.);
#8751=ADVANCED_FACE('',(#1015),#39,.F.);
#8752=ADVANCED_FACE('',(#1016),#8470,.T.);
#8753=ADVANCED_FACE('',(#1017),#40,.F.);
#8754=ADVANCED_FACE('',(#1018),#41,.F.);
#8755=ADVANCED_FACE('',(#1019),#8471,.T.);
#8756=ADVANCED_FACE('',(#1020),#42,.F.);
#8757=ADVANCED_FACE('',(#1021),#8472,.T.);
#8758=ADVANCED_FACE('',(#1022),#8473,.T.);
#8759=ADVANCED_FACE('',(#1023),#8474,.T.);
#8760=ADVANCED_FACE('',(#1024),#8475,.T.);
#8761=ADVANCED_FACE('',(#1025),#8476,.T.);
#8762=ADVANCED_FACE('',(#1026),#43,.F.);
#8763=ADVANCED_FACE('',(#1027),#44,.F.);
#8764=ADVANCED_FACE('',(#1028),#45,.F.);
#8765=ADVANCED_FACE('',(#1029),#46,.F.);
#8766=ADVANCED_FACE('',(#1030),#47,.F.);
#8767=ADVANCED_FACE('',(#1031),#48,.F.);
#8768=ADVANCED_FACE('',(#1032),#49,.F.);
#8769=ADVANCED_FACE('',(#1033),#50,.F.);
#8770=ADVANCED_FACE('',(#1034),#51,.F.);
#8771=ADVANCED_FACE('',(#1035),#52,.F.);
#8772=ADVANCED_FACE('',(#1036),#53,.F.);
#8773=ADVANCED_FACE('',(#1037),#8477,.T.);
#8774=ADVANCED_FACE('',(#1038),#8478,.T.);
#8775=ADVANCED_FACE('',(#1039),#8479,.T.);
#8776=ADVANCED_FACE('',(#1040),#8480,.T.);
#8777=ADVANCED_FACE('',(#1041),#54,.F.);
#8778=ADVANCED_FACE('',(#1042),#55,.F.);
#8779=ADVANCED_FACE('',(#1043),#56,.F.);
#8780=ADVANCED_FACE('',(#1044),#57,.F.);
#8781=ADVANCED_FACE('',(#1045),#58,.F.);
#8782=ADVANCED_FACE('',(#1046),#59,.F.);
#8783=ADVANCED_FACE('',(#1047),#60,.F.);
#8784=ADVANCED_FACE('',(#1048),#61,.F.);
#8785=ADVANCED_FACE('',(#1049),#8481,.T.);
#8786=ADVANCED_FACE('',(#1050),#8482,.T.);
#8787=ADVANCED_FACE('',(#1051),#8483,.T.);
#8788=ADVANCED_FACE('',(#1052),#8484,.T.);
#8789=ADVANCED_FACE('',(#1053),#8485,.T.);
#8790=ADVANCED_FACE('',(#1054),#8486,.T.);
#8791=ADVANCED_FACE('',(#1055),#8487,.T.);
#8792=ADVANCED_FACE('',(#1056),#8488,.T.);
#8793=ADVANCED_FACE('',(#1057),#62,.F.);
#8794=ADVANCED_FACE('',(#1058),#63,.F.);
#8795=ADVANCED_FACE('',(#1059),#64,.F.);
#8796=ADVANCED_FACE('',(#1060),#65,.F.);
#8797=ADVANCED_FACE('',(#1061),#66,.F.);
#8798=ADVANCED_FACE('',(#1062),#67,.F.);
#8799=ADVANCED_FACE('',(#1063),#68,.F.);
#8800=ADVANCED_FACE('',(#1064),#69,.F.);
#8801=ADVANCED_FACE('',(#1065),#8489,.T.);
#8802=ADVANCED_FACE('',(#1066),#8490,.T.);
#8803=ADVANCED_FACE('',(#1067),#8491,.T.);
#8804=ADVANCED_FACE('',(#1068),#8492,.T.);
#8805=ADVANCED_FACE('',(#1069),#70,.F.);
#8806=ADVANCED_FACE('',(#1070),#71,.F.);
#8807=ADVANCED_FACE('',(#1071),#72,.F.);
#8808=ADVANCED_FACE('',(#1072),#73,.F.);
#8809=ADVANCED_FACE('',(#1073),#8493,.T.);
#8810=ADVANCED_FACE('',(#1074),#8494,.T.);
#8811=ADVANCED_FACE('',(#1075),#8495,.T.);
#8812=ADVANCED_FACE('',(#1076),#8496,.T.);
#8813=ADVANCED_FACE('',(#1077),#74,.F.);
#8814=ADVANCED_FACE('',(#1078),#75,.F.);
#8815=ADVANCED_FACE('',(#1079),#76,.F.);
#8816=ADVANCED_FACE('',(#1080),#77,.F.);
#8817=ADVANCED_FACE('',(#1081),#78,.F.);
#8818=ADVANCED_FACE('',(#1082),#79,.F.);
#8819=ADVANCED_FACE('',(#1083),#80,.F.);
#8820=ADVANCED_FACE('',(#1084),#81,.F.);
#8821=ADVANCED_FACE('',(#1085),#82,.F.);
#8822=ADVANCED_FACE('',(#1086),#83,.F.);
#8823=ADVANCED_FACE('',(#1087),#84,.F.);
#8824=ADVANCED_FACE('',(#1088),#85,.F.);
#8825=ADVANCED_FACE('',(#1089),#86,.F.);
#8826=ADVANCED_FACE('',(#1090),#8497,.T.);
#8827=ADVANCED_FACE('',(#1091),#8498,.T.);
#8828=ADVANCED_FACE('',(#1092),#8499,.T.);
#8829=ADVANCED_FACE('',(#1093),#8500,.T.);
#8830=ADVANCED_FACE('',(#1094),#87,.F.);
#8831=ADVANCED_FACE('',(#1095),#88,.F.);
#8832=ADVANCED_FACE('',(#1096),#89,.F.);
#8833=ADVANCED_FACE('',(#1097),#90,.F.);
#8834=ADVANCED_FACE('',(#1098),#91,.F.);
#8835=ADVANCED_FACE('',(#1099),#92,.F.);
#8836=ADVANCED_FACE('',(#1100),#93,.F.);
#8837=ADVANCED_FACE('',(#1101),#94,.F.);
#8838=ADVANCED_FACE('',(#1102),#95,.F.);
#8839=ADVANCED_FACE('',(#1103),#96,.F.);
#8840=ADVANCED_FACE('',(#1104),#97,.F.);
#8841=ADVANCED_FACE('',(#1105),#98,.F.);
#8842=ADVANCED_FACE('',(#1106),#99,.F.);
#8843=ADVANCED_FACE('',(#1107),#100,.F.);
#8844=ADVANCED_FACE('',(#1108),#101,.F.);
#8845=ADVANCED_FACE('',(#1109),#8501,.T.);
#8846=ADVANCED_FACE('',(#1110),#8502,.T.);
#8847=ADVANCED_FACE('',(#1111),#8503,.T.);
#8848=ADVANCED_FACE('',(#1112),#8504,.T.);
#8849=ADVANCED_FACE('',(#1113),#102,.F.);
#8850=ADVANCED_FACE('',(#1114),#103,.F.);
#8851=ADVANCED_FACE('',(#1115),#104,.F.);
#8852=ADVANCED_FACE('',(#1116),#105,.F.);
#8853=ADVANCED_FACE('',(#1117),#106,.F.);
#8854=ADVANCED_FACE('',(#1118),#107,.F.);
#8855=ADVANCED_FACE('',(#1119),#108,.F.);
#8856=ADVANCED_FACE('',(#1120),#109,.F.);
#8857=ADVANCED_FACE('',(#1121),#110,.F.);
#8858=ADVANCED_FACE('',(#1122),#111,.F.);
#8859=ADVANCED_FACE('',(#1123),#112,.F.);
#8860=ADVANCED_FACE('',(#1124),#113,.F.);
#8861=ADVANCED_FACE('',(#1125),#114,.F.);
#8862=ADVANCED_FACE('',(#1126),#115,.F.);
#8863=ADVANCED_FACE('',(#1127),#8505,.T.);
#8864=ADVANCED_FACE('',(#1128),#8506,.T.);
#8865=ADVANCED_FACE('',(#1129),#8507,.T.);
#8866=ADVANCED_FACE('',(#1130),#8508,.T.);
#8867=ADVANCED_FACE('',(#1131),#116,.F.);
#8868=ADVANCED_FACE('',(#1132),#117,.F.);
#8869=ADVANCED_FACE('',(#1133),#118,.F.);
#8870=ADVANCED_FACE('',(#1134),#119,.F.);
#8871=ADVANCED_FACE('',(#1135),#120,.F.);
#8872=ADVANCED_FACE('',(#1136),#121,.F.);
#8873=ADVANCED_FACE('',(#1137),#122,.F.);
#8874=ADVANCED_FACE('',(#1138),#8509,.T.);
#8875=ADVANCED_FACE('',(#1139),#8510,.T.);
#8876=ADVANCED_FACE('',(#1140),#8511,.T.);
#8877=ADVANCED_FACE('',(#1141),#8512,.T.);
#8878=ADVANCED_FACE('',(#1142),#123,.F.);
#8879=ADVANCED_FACE('',(#1143),#124,.F.);
#8880=ADVANCED_FACE('',(#1144),#125,.F.);
#8881=ADVANCED_FACE('',(#1145),#126,.F.);
#8882=ADVANCED_FACE('',(#1146),#127,.F.);
#8883=ADVANCED_FACE('',(#1147),#128,.F.);
#8884=ADVANCED_FACE('',(#1148),#129,.F.);
#8885=ADVANCED_FACE('',(#1149),#8513,.T.);
#8886=ADVANCED_FACE('',(#1150),#8514,.T.);
#8887=ADVANCED_FACE('',(#1151),#8515,.T.);
#8888=ADVANCED_FACE('',(#1152),#8516,.T.);
#8889=ADVANCED_FACE('',(#1153),#8517,.T.);
#8890=ADVANCED_FACE('',(#1154),#8518,.T.);
#8891=ADVANCED_FACE('',(#1155),#8519,.T.);
#8892=ADVANCED_FACE('',(#1156),#8520,.T.);
#8893=ADVANCED_FACE('',(#1157),#130,.F.);
#8894=ADVANCED_FACE('',(#1158),#131,.F.);
#8895=ADVANCED_FACE('',(#1159),#132,.F.);
#8896=ADVANCED_FACE('',(#1160),#133,.F.);
#8897=ADVANCED_FACE('',(#1161),#134,.F.);
#8898=ADVANCED_FACE('',(#1162),#135,.F.);
#8899=ADVANCED_FACE('',(#1163),#136,.F.);
#8900=ADVANCED_FACE('',(#1164),#137,.F.);
#8901=ADVANCED_FACE('',(#1165),#8521,.T.);
#8902=ADVANCED_FACE('',(#1166),#8522,.T.);
#8903=ADVANCED_FACE('',(#1167),#8523,.T.);
#8904=ADVANCED_FACE('',(#1168),#8524,.T.);
#8905=ADVANCED_FACE('',(#1169),#138,.F.);
#8906=ADVANCED_FACE('',(#1170),#139,.F.);
#8907=ADVANCED_FACE('',(#1171),#140,.F.);
#8908=ADVANCED_FACE('',(#1172),#141,.F.);
#8909=ADVANCED_FACE('',(#1173),#8525,.T.);
#8910=ADVANCED_FACE('',(#1174),#8526,.T.);
#8911=ADVANCED_FACE('',(#1175),#8527,.T.);
#8912=ADVANCED_FACE('',(#1176),#8528,.T.);
#8913=ADVANCED_FACE('',(#1177),#142,.F.);
#8914=ADVANCED_FACE('',(#1178),#143,.F.);
#8915=ADVANCED_FACE('',(#1179),#144,.F.);
#8916=ADVANCED_FACE('',(#1180),#145,.F.);
#8917=ADVANCED_FACE('',(#1181),#146,.F.);
#8918=ADVANCED_FACE('',(#1182),#147,.F.);
#8919=ADVANCED_FACE('',(#1183),#148,.F.);
#8920=ADVANCED_FACE('',(#1184),#8529,.T.);
#8921=ADVANCED_FACE('',(#1185),#8530,.T.);
#8922=ADVANCED_FACE('',(#1186),#8531,.T.);
#8923=ADVANCED_FACE('',(#1187),#8532,.T.);
#8924=ADVANCED_FACE('',(#1188),#8533,.T.);
#8925=ADVANCED_FACE('',(#1189),#8534,.T.);
#8926=ADVANCED_FACE('',(#1190),#8535,.T.);
#8927=ADVANCED_FACE('',(#1191),#8536,.T.);
#8928=ADVANCED_FACE('',(#1192),#149,.F.);
#8929=ADVANCED_FACE('',(#1193),#150,.F.);
#8930=ADVANCED_FACE('',(#1194),#151,.F.);
#8931=ADVANCED_FACE('',(#1195),#152,.F.);
#8932=ADVANCED_FACE('',(#1196),#153,.F.);
#8933=ADVANCED_FACE('',(#1197),#154,.F.);
#8934=ADVANCED_FACE('',(#1198),#155,.F.);
#8935=ADVANCED_FACE('',(#1199),#156,.F.);
#8936=ADVANCED_FACE('',(#1200),#8537,.T.);
#8937=ADVANCED_FACE('',(#1201),#8538,.T.);
#8938=ADVANCED_FACE('',(#1202),#8539,.T.);
#8939=ADVANCED_FACE('',(#1203),#8540,.T.);
#8940=ADVANCED_FACE('',(#1204),#157,.F.);
#8941=ADVANCED_FACE('',(#1205),#158,.F.);
#8942=ADVANCED_FACE('',(#1206),#159,.F.);
#8943=ADVANCED_FACE('',(#1207),#160,.F.);
#8944=ADVANCED_FACE('',(#1208),#8541,.T.);
#8945=ADVANCED_FACE('',(#1209),#8542,.T.);
#8946=ADVANCED_FACE('',(#1210),#8543,.T.);
#8947=ADVANCED_FACE('',(#1211),#8544,.T.);
#8948=ADVANCED_FACE('',(#1212),#161,.F.);
#8949=ADVANCED_FACE('',(#1213),#162,.F.);
#8950=ADVANCED_FACE('',(#1214),#163,.F.);
#8951=ADVANCED_FACE('',(#1215),#164,.F.);
#8952=ADVANCED_FACE('',(#1216),#165,.F.);
#8953=ADVANCED_FACE('',(#1217),#166,.F.);
#8954=CLOSED_SHELL('',(#8545,#8546,#8547,#8548,#8549,#8550,#8551,#8552,
#8553,#8554,#8555,#8556,#8557,#8558,#8559,#8560,#8561,#8562,#8563,#8564,
#8565,#8566,#8567,#8568,#8569,#8570,#8571,#8572,#8573,#8574,#8575,#8576,
#8577,#8578,#8579,#8580,#8581,#8582,#8583,#8584,#8585,#8586,#8587,#8588,
#8589,#8590,#8591,#8592,#8593,#8594,#8595,#8596,#8597,#8598,#8599,#8600,
#8601,#8602,#8603,#8604,#8605,#8606,#8607,#8608,#8609,#8610,#8611,#8612,
#8613,#8614,#8615,#8616,#8617,#8618,#8619,#8620,#8621,#8622,#8623,#8624,
#8625,#8626,#8627,#8628,#8629,#8630,#8631,#8632,#8633,#8634,#8635,#8636,
#8637,#8638,#8639,#8640,#8641,#8642,#8643,#8644,#8645,#8646,#8647,#8648,
#8649,#8650,#8651,#8652,#8653,#8654,#8655,#8656,#8657,#8658,#8659,#8660,
#8661,#8662,#8663,#8664,#8665,#8666,#8667,#8668,#8669,#8670,#8671,#8672,
#8673,#8674,#8675,#8676,#8677,#8678,#8679,#8680,#8681,#8682,#8683,#8684,
#8685,#8686,#8687,#8688,#8689,#8690,#8691,#8692,#8693,#8694,#8695,#8696,
#8697,#8698,#8699,#8700,#8701,#8702,#8703,#8704,#8705,#8706,#8707,#8708,
#8709,#8710,#8711,#8712,#8713,#8714,#8715,#8716,#8717,#8718,#8719,#8720,
#8721,#8722,#8723,#8724,#8725,#8726,#8727,#8728,#8729,#8730,#8731,#8732,
#8733,#8734,#8735,#8736,#8737,#8738,#8739,#8740,#8741,#8742,#8743,#8744,
#8745,#8746,#8747,#8748,#8749,#8750,#8751,#8752,#8753,#8754,#8755,#8756,
#8757,#8758,#8759,#8760,#8761,#8762,#8763,#8764,#8765,#8766,#8767,#8768,
#8769,#8770,#8771,#8772,#8773,#8774,#8775,#8776,#8777,#8778,#8779,#8780,
#8781,#8782,#8783,#8784,#8785,#8786,#8787,#8788,#8789,#8790,#8791,#8792,
#8793,#8794,#8795,#8796,#8797,#8798,#8799,#8800,#8801,#8802,#8803,#8804,
#8805,#8806,#8807,#8808,#8809,#8810,#8811,#8812,#8813,#8814,#8815,#8816,
#8817,#8818,#8819,#8820,#8821,#8822,#8823,#8824,#8825,#8826,#8827,#8828,
#8829,#8830,#8831,#8832,#8833,#8834,#8835,#8836,#8837,#8838,#8839,#8840,
#8841,#8842,#8843,#8844,#8845,#8846,#8847,#8848,#8849,#8850,#8851,#8852,
#8853,#8854,#8855,#8856,#8857,#8858,#8859,#8860,#8861,#8862,#8863,#8864,
#8865,#8866,#8867,#8868,#8869,#8870,#8871,#8872,#8873,#8874,#8875,#8876,
#8877,#8878,#8879,#8880,#8881,#8882,#8883,#8884,#8885,#8886,#8887,#8888,
#8889,#8890,#8891,#8892,#8893,#8894,#8895,#8896,#8897,#8898,#8899,#8900,
#8901,#8902,#8903,#8904,#8905,#8906,#8907,#8908,#8909,#8910,#8911,#8912,
#8913,#8914,#8915,#8916,#8917,#8918,#8919,#8920,#8921,#8922,#8923,#8924,
#8925,#8926,#8927,#8928,#8929,#8930,#8931,#8932,#8933,#8934,#8935,#8936,
#8937,#8938,#8939,#8940,#8941,#8942,#8943,#8944,#8945,#8946,#8947,#8948,
#8949,#8950,#8951,#8952,#8953));
#8955=DERIVED_UNIT_ELEMENT(#8957,1.);
#8956=DERIVED_UNIT_ELEMENT(#14482,-3.);
#8957=(
MASS_UNIT()
NAMED_UNIT(*)
SI_UNIT(.KILO.,.GRAM.)
);
#8958=DERIVED_UNIT((#8955,#8956));
#8959=MEASURE_REPRESENTATION_ITEM('density measure',
POSITIVE_RATIO_MEASURE(7850.),#8958);
#8960=PROPERTY_DEFINITION_REPRESENTATION(#8965,#8962);
#8961=PROPERTY_DEFINITION_REPRESENTATION(#8966,#8963);
#8962=REPRESENTATION('material name',(#8964),#14479);
#8963=REPRESENTATION('density',(#8959),#14479);
#8964=DESCRIPTIVE_REPRESENTATION_ITEM('Steel','Steel');
#8965=PROPERTY_DEFINITION('material property','material name',#14489);
#8966=PROPERTY_DEFINITION('material property','density of part',#14489);
#8967=AXIS2_PLACEMENT_3D('',#12028,#9681,#9682);
#8968=AXIS2_PLACEMENT_3D('',#12029,#9683,#9684);
#8969=AXIS2_PLACEMENT_3D('',#12357,#9848,#9849);
#8970=AXIS2_PLACEMENT_3D('',#12367,#9854,#9855);
#8971=AXIS2_PLACEMENT_3D('',#12369,#9856,#9857);
#8972=AXIS2_PLACEMENT_3D('',#12371,#9858,#9859);
#8973=AXIS2_PLACEMENT_3D('',#12373,#9860,#9861);
#8974=AXIS2_PLACEMENT_3D('',#12375,#9862,#9863);
#8975=AXIS2_PLACEMENT_3D('',#12377,#9864,#9865);
#8976=AXIS2_PLACEMENT_3D('',#12379,#9866,#9867);
#8977=AXIS2_PLACEMENT_3D('',#12381,#9868,#9869);
#8978=AXIS2_PLACEMENT_3D('',#12391,#9874,#9875);
#8979=AXIS2_PLACEMENT_3D('',#12401,#9880,#9881);
#8980=AXIS2_PLACEMENT_3D('',#12403,#9882,#9883);
#8981=AXIS2_PLACEMENT_3D('',#12405,#9884,#9885);
#8982=AXIS2_PLACEMENT_3D('',#12407,#9886,#9887);
#8983=AXIS2_PLACEMENT_3D('',#12409,#9888,#9889);
#8984=AXIS2_PLACEMENT_3D('',#12411,#9890,#9891);
#8985=AXIS2_PLACEMENT_3D('',#12413,#9892,#9893);
#8986=AXIS2_PLACEMENT_3D('',#12416,#9894,#9895);
#8987=AXIS2_PLACEMENT_3D('',#12420,#9897,#9898);
#8988=AXIS2_PLACEMENT_3D('',#12423,#9900,#9901);
#8989=AXIS2_PLACEMENT_3D('',#12425,#9902,#9903);
#8990=AXIS2_PLACEMENT_3D('',#12428,#9904,#9905);
#8991=AXIS2_PLACEMENT_3D('',#12432,#9907,#9908);
#8992=AXIS2_PLACEMENT_3D('',#12436,#9910,#9911);
#8993=AXIS2_PLACEMENT_3D('',#12440,#9913,#9914);
#8994=AXIS2_PLACEMENT_3D('',#12443,#9916,#9917);
#8995=AXIS2_PLACEMENT_3D('',#12446,#9918,#9919);
#8996=AXIS2_PLACEMENT_3D('',#12450,#9921,#9922);
#8997=AXIS2_PLACEMENT_3D('',#12461,#9928,#9929);
#8998=AXIS2_PLACEMENT_3D('',#12463,#9930,#9931);
#8999=AXIS2_PLACEMENT_3D('',#12465,#9932,#9933);
#9000=AXIS2_PLACEMENT_3D('',#12467,#9934,#9935);
#9001=AXIS2_PLACEMENT_3D('',#12469,#9936,#9937);
#9002=AXIS2_PLACEMENT_3D('',#12471,#9938,#9939);
#9003=AXIS2_PLACEMENT_3D('',#12473,#9940,#9941);
#9004=AXIS2_PLACEMENT_3D('',#12475,#9942,#9943);
#9005=AXIS2_PLACEMENT_3D('',#12477,#9944,#9945);
#9006=AXIS2_PLACEMENT_3D('',#12479,#9946,#9947);
#9007=AXIS2_PLACEMENT_3D('',#12481,#9948,#9949);
#9008=AXIS2_PLACEMENT_3D('',#12491,#9954,#9955);
#9009=AXIS2_PLACEMENT_3D('',#12493,#9956,#9957);
#9010=AXIS2_PLACEMENT_3D('',#12495,#9958,#9959);
#9011=AXIS2_PLACEMENT_3D('',#12497,#9960,#9961);
#9012=AXIS2_PLACEMENT_3D('',#12499,#9962,#9963);
#9013=AXIS2_PLACEMENT_3D('',#12501,#9964,#9965);
#9014=AXIS2_PLACEMENT_3D('',#12503,#9966,#9967);
#9015=AXIS2_PLACEMENT_3D('',#12505,#9968,#9969);
#9016=AXIS2_PLACEMENT_3D('',#12523,#9978,#9979);
#9017=AXIS2_PLACEMENT_3D('',#12525,#9980,#9981);
#9018=AXIS2_PLACEMENT_3D('',#12527,#9982,#9983);
#9019=AXIS2_PLACEMENT_3D('',#12529,#9984,#9985);
#9020=AXIS2_PLACEMENT_3D('',#12531,#9986,#9987);
#9021=AXIS2_PLACEMENT_3D('',#12533,#9988,#9989);
#9022=AXIS2_PLACEMENT_3D('',#12535,#9990,#9991);
#9023=AXIS2_PLACEMENT_3D('',#12537,#9992,#9993);
#9024=AXIS2_PLACEMENT_3D('',#12547,#9998,#9999);
#9025=AXIS2_PLACEMENT_3D('',#12549,#10000,#10001);
#9026=AXIS2_PLACEMENT_3D('',#12551,#10002,#10003);
#9027=AXIS2_PLACEMENT_3D('',#12553,#10004,#10005);
#9028=AXIS2_PLACEMENT_3D('',#12563,#10010,#10011);
#9029=AXIS2_PLACEMENT_3D('',#12565,#10012,#10013);
#9030=AXIS2_PLACEMENT_3D('',#12567,#10014,#10015);
#9031=AXIS2_PLACEMENT_3D('',#12569,#10016,#10017);
#9032=AXIS2_PLACEMENT_3D('',#12571,#10018,#10019);
#9033=AXIS2_PLACEMENT_3D('',#12573,#10020,#10021);
#9034=AXIS2_PLACEMENT_3D('',#12575,#10022,#10023);
#9035=AXIS2_PLACEMENT_3D('',#12577,#10024,#10025);
#9036=AXIS2_PLACEMENT_3D('',#12579,#10026,#10027);
#9037=AXIS2_PLACEMENT_3D('',#12581,#10028,#10029);
#9038=AXIS2_PLACEMENT_3D('',#12583,#10030,#10031);
#9039=AXIS2_PLACEMENT_3D('',#12585,#10032,#10033);
#9040=AXIS2_PLACEMENT_3D('',#12587,#10034,#10035);
#9041=AXIS2_PLACEMENT_3D('',#12597,#10040,#10041);
#9042=AXIS2_PLACEMENT_3D('',#12599,#10042,#10043);
#9043=AXIS2_PLACEMENT_3D('',#12601,#10044,#10045);
#9044=AXIS2_PLACEMENT_3D('',#12603,#10046,#10047);
#9045=AXIS2_PLACEMENT_3D('',#12605,#10048,#10049);
#9046=AXIS2_PLACEMENT_3D('',#12607,#10050,#10051);
#9047=AXIS2_PLACEMENT_3D('',#12609,#10052,#10053);
#9048=AXIS2_PLACEMENT_3D('',#12611,#10054,#10055);
#9049=AXIS2_PLACEMENT_3D('',#12613,#10056,#10057);
#9050=AXIS2_PLACEMENT_3D('',#12615,#10058,#10059);
#9051=AXIS2_PLACEMENT_3D('',#12617,#10060,#10061);
#9052=AXIS2_PLACEMENT_3D('',#12619,#10062,#10063);
#9053=AXIS2_PLACEMENT_3D('',#12621,#10064,#10065);
#9054=AXIS2_PLACEMENT_3D('',#12623,#10066,#10067);
#9055=AXIS2_PLACEMENT_3D('',#12625,#10068,#10069);
#9056=AXIS2_PLACEMENT_3D('',#12635,#10074,#10075);
#9057=AXIS2_PLACEMENT_3D('',#12637,#10076,#10077);
#9058=AXIS2_PLACEMENT_3D('',#12639,#10078,#10079);
#9059=AXIS2_PLACEMENT_3D('',#12641,#10080,#10081);
#9060=AXIS2_PLACEMENT_3D('',#12643,#10082,#10083);
#9061=AXIS2_PLACEMENT_3D('',#12645,#10084,#10085);
#9062=AXIS2_PLACEMENT_3D('',#12647,#10086,#10087);
#9063=AXIS2_PLACEMENT_3D('',#12649,#10088,#10089);
#9064=AXIS2_PLACEMENT_3D('',#12651,#10090,#10091);
#9065=AXIS2_PLACEMENT_3D('',#12653,#10092,#10093);
#9066=AXIS2_PLACEMENT_3D('',#12655,#10094,#10095);
#9067=AXIS2_PLACEMENT_3D('',#12657,#10096,#10097);
#9068=AXIS2_PLACEMENT_3D('',#12659,#10098,#10099);
#9069=AXIS2_PLACEMENT_3D('',#12661,#10100,#10101);
#9070=AXIS2_PLACEMENT_3D('',#12671,#10106,#10107);
#9071=AXIS2_PLACEMENT_3D('',#12673,#10108,#10109);
#9072=AXIS2_PLACEMENT_3D('',#12675,#10110,#10111);
#9073=AXIS2_PLACEMENT_3D('',#12677,#10112,#10113);
#9074=AXIS2_PLACEMENT_3D('',#12679,#10114,#10115);
#9075=AXIS2_PLACEMENT_3D('',#12681,#10116,#10117);
#9076=AXIS2_PLACEMENT_3D('',#12683,#10118,#10119);
#9077=AXIS2_PLACEMENT_3D('',#12693,#10124,#10125);
#9078=AXIS2_PLACEMENT_3D('',#12695,#10126,#10127);
#9079=AXIS2_PLACEMENT_3D('',#12697,#10128,#10129);
#9080=AXIS2_PLACEMENT_3D('',#12699,#10130,#10131);
#9081=AXIS2_PLACEMENT_3D('',#12701,#10132,#10133);
#9082=AXIS2_PLACEMENT_3D('',#12703,#10134,#10135);
#9083=AXIS2_PLACEMENT_3D('',#12705,#10136,#10137);
#9084=AXIS2_PLACEMENT_3D('',#12723,#10146,#10147);
#9085=AXIS2_PLACEMENT_3D('',#12725,#10148,#10149);
#9086=AXIS2_PLACEMENT_3D('',#12727,#10150,#10151);
#9087=AXIS2_PLACEMENT_3D('',#12729,#10152,#10153);
#9088=AXIS2_PLACEMENT_3D('',#12731,#10154,#10155);
#9089=AXIS2_PLACEMENT_3D('',#12733,#10156,#10157);
#9090=AXIS2_PLACEMENT_3D('',#12735,#10158,#10159);
#9091=AXIS2_PLACEMENT_3D('',#12737,#10160,#10161);
#9092=AXIS2_PLACEMENT_3D('',#12747,#10166,#10167);
#9093=AXIS2_PLACEMENT_3D('',#12749,#10168,#10169);
#9094=AXIS2_PLACEMENT_3D('',#12751,#10170,#10171);
#9095=AXIS2_PLACEMENT_3D('',#12753,#10172,#10173);
#9096=AXIS2_PLACEMENT_3D('',#12763,#10178,#10179);
#9097=AXIS2_PLACEMENT_3D('',#12765,#10180,#10181);
#9098=AXIS2_PLACEMENT_3D('',#12767,#10182,#10183);
#9099=AXIS2_PLACEMENT_3D('',#12769,#10184,#10185);
#9100=AXIS2_PLACEMENT_3D('',#12771,#10186,#10187);
#9101=AXIS2_PLACEMENT_3D('',#12773,#10188,#10189);
#9102=AXIS2_PLACEMENT_3D('',#12775,#10190,#10191);
#9103=AXIS2_PLACEMENT_3D('',#12793,#10200,#10201);
#9104=AXIS2_PLACEMENT_3D('',#12795,#10202,#10203);
#9105=AXIS2_PLACEMENT_3D('',#12797,#10204,#10205);
#9106=AXIS2_PLACEMENT_3D('',#12799,#10206,#10207);
#9107=AXIS2_PLACEMENT_3D('',#12801,#10208,#10209);
#9108=AXIS2_PLACEMENT_3D('',#12803,#10210,#10211);
#9109=AXIS2_PLACEMENT_3D('',#12805,#10212,#10213);
#9110=AXIS2_PLACEMENT_3D('',#12807,#10214,#10215);
#9111=AXIS2_PLACEMENT_3D('',#12817,#10220,#10221);
#9112=AXIS2_PLACEMENT_3D('',#12819,#10222,#10223);
#9113=AXIS2_PLACEMENT_3D('',#12821,#10224,#10225);
#9114=AXIS2_PLACEMENT_3D('',#12823,#10226,#10227);
#9115=AXIS2_PLACEMENT_3D('',#12833,#10232,#10233);
#9116=AXIS2_PLACEMENT_3D('',#12835,#10234,#10235);
#9117=AXIS2_PLACEMENT_3D('',#12837,#10236,#10237);
#9118=AXIS2_PLACEMENT_3D('',#12839,#10238,#10239);
#9119=AXIS2_PLACEMENT_3D('',#12841,#10240,#10241);
#9120=AXIS2_PLACEMENT_3D('',#12843,#10242,#10243);
#9121=AXIS2_PLACEMENT_3D('',#12844,#10244,#10245);
#9122=AXIS2_PLACEMENT_3D('',#12850,#10249,#10250);
#9123=AXIS2_PLACEMENT_3D('',#12854,#10253,#10254);
#9124=AXIS2_PLACEMENT_3D('',#12858,#10257,#10258);
#9125=AXIS2_PLACEMENT_3D('',#13181,#10420,#10421);
#9126=AXIS2_PLACEMENT_3D('',#13191,#10426,#10427);
#9127=AXIS2_PLACEMENT_3D('',#13193,#10428,#10429);
#9128=AXIS2_PLACEMENT_3D('',#13195,#10430,#10431);
#9129=AXIS2_PLACEMENT_3D('',#13197,#10432,#10433);
#9130=AXIS2_PLACEMENT_3D('',#13199,#10434,#10435);
#9131=AXIS2_PLACEMENT_3D('',#13201,#10436,#10437);
#9132=AXIS2_PLACEMENT_3D('',#13203,#10438,#10439);
#9133=AXIS2_PLACEMENT_3D('',#13205,#10440,#10441);
#9134=AXIS2_PLACEMENT_3D('',#13215,#10446,#10447);
#9135=AXIS2_PLACEMENT_3D('',#13225,#10452,#10453);
#9136=AXIS2_PLACEMENT_3D('',#13227,#10454,#10455);
#9137=AXIS2_PLACEMENT_3D('',#13229,#10456,#10457);
#9138=AXIS2_PLACEMENT_3D('',#13231,#10458,#10459);
#9139=AXIS2_PLACEMENT_3D('',#13233,#10460,#10461);
#9140=AXIS2_PLACEMENT_3D('',#13235,#10462,#10463);
#9141=AXIS2_PLACEMENT_3D('',#13237,#10464,#10465);
#9142=AXIS2_PLACEMENT_3D('',#13240,#10466,#10467);
#9143=AXIS2_PLACEMENT_3D('',#13244,#10469,#10470);
#9144=AXIS2_PLACEMENT_3D('',#13247,#10472,#10473);
#9145=AXIS2_PLACEMENT_3D('',#13249,#10474,#10475);
#9146=AXIS2_PLACEMENT_3D('',#13252,#10476,#10477);
#9147=AXIS2_PLACEMENT_3D('',#13256,#10479,#10480);
#9148=AXIS2_PLACEMENT_3D('',#13260,#10482,#10483);
#9149=AXIS2_PLACEMENT_3D('',#13264,#10485,#10486);
#9150=AXIS2_PLACEMENT_3D('',#13267,#10488,#10489);
#9151=AXIS2_PLACEMENT_3D('',#13270,#10490,#10491);
#9152=AXIS2_PLACEMENT_3D('',#13274,#10493,#10494);
#9153=AXIS2_PLACEMENT_3D('',#13285,#10500,#10501);
#9154=AXIS2_PLACEMENT_3D('',#13287,#10502,#10503);
#9155=AXIS2_PLACEMENT_3D('',#13289,#10504,#10505);
#9156=AXIS2_PLACEMENT_3D('',#13291,#10506,#10507);
#9157=AXIS2_PLACEMENT_3D('',#13293,#10508,#10509);
#9158=AXIS2_PLACEMENT_3D('',#13295,#10510,#10511);
#9159=AXIS2_PLACEMENT_3D('',#13297,#10512,#10513);
#9160=AXIS2_PLACEMENT_3D('',#13299,#10514,#10515);
#9161=AXIS2_PLACEMENT_3D('',#13301,#10516,#10517);
#9162=AXIS2_PLACEMENT_3D('',#13303,#10518,#10519);
#9163=AXIS2_PLACEMENT_3D('',#13305,#10520,#10521);
#9164=AXIS2_PLACEMENT_3D('',#13315,#10526,#10527);
#9165=AXIS2_PLACEMENT_3D('',#13317,#10528,#10529);
#9166=AXIS2_PLACEMENT_3D('',#13319,#10530,#10531);
#9167=AXIS2_PLACEMENT_3D('',#13321,#10532,#10533);
#9168=AXIS2_PLACEMENT_3D('',#13323,#10534,#10535);
#9169=AXIS2_PLACEMENT_3D('',#13325,#10536,#10537);
#9170=AXIS2_PLACEMENT_3D('',#13327,#10538,#10539);
#9171=AXIS2_PLACEMENT_3D('',#13329,#10540,#10541);
#9172=AXIS2_PLACEMENT_3D('',#13347,#10550,#10551);
#9173=AXIS2_PLACEMENT_3D('',#13349,#10552,#10553);
#9174=AXIS2_PLACEMENT_3D('',#13351,#10554,#10555);
#9175=AXIS2_PLACEMENT_3D('',#13353,#10556,#10557);
#9176=AXIS2_PLACEMENT_3D('',#13355,#10558,#10559);
#9177=AXIS2_PLACEMENT_3D('',#13357,#10560,#10561);
#9178=AXIS2_PLACEMENT_3D('',#13359,#10562,#10563);
#9179=AXIS2_PLACEMENT_3D('',#13361,#10564,#10565);
#9180=AXIS2_PLACEMENT_3D('',#13371,#10570,#10571);
#9181=AXIS2_PLACEMENT_3D('',#13373,#10572,#10573);
#9182=AXIS2_PLACEMENT_3D('',#13375,#10574,#10575);
#9183=AXIS2_PLACEMENT_3D('',#13377,#10576,#10577);
#9184=AXIS2_PLACEMENT_3D('',#13387,#10582,#10583);
#9185=AXIS2_PLACEMENT_3D('',#13389,#10584,#10585);
#9186=AXIS2_PLACEMENT_3D('',#13391,#10586,#10587);
#9187=AXIS2_PLACEMENT_3D('',#13393,#10588,#10589);
#9188=AXIS2_PLACEMENT_3D('',#13395,#10590,#10591);
#9189=AXIS2_PLACEMENT_3D('',#13397,#10592,#10593);
#9190=AXIS2_PLACEMENT_3D('',#13399,#10594,#10595);
#9191=AXIS2_PLACEMENT_3D('',#13401,#10596,#10597);
#9192=AXIS2_PLACEMENT_3D('',#13403,#10598,#10599);
#9193=AXIS2_PLACEMENT_3D('',#13405,#10600,#10601);
#9194=AXIS2_PLACEMENT_3D('',#13407,#10602,#10603);
#9195=AXIS2_PLACEMENT_3D('',#13409,#10604,#10605);
#9196=AXIS2_PLACEMENT_3D('',#13411,#10606,#10607);
#9197=AXIS2_PLACEMENT_3D('',#13421,#10612,#10613);
#9198=AXIS2_PLACEMENT_3D('',#13423,#10614,#10615);
#9199=AXIS2_PLACEMENT_3D('',#13425,#10616,#10617);
#9200=AXIS2_PLACEMENT_3D('',#13427,#10618,#10619);
#9201=AXIS2_PLACEMENT_3D('',#13429,#10620,#10621);
#9202=AXIS2_PLACEMENT_3D('',#13431,#10622,#10623);
#9203=AXIS2_PLACEMENT_3D('',#13433,#10624,#10625);
#9204=AXIS2_PLACEMENT_3D('',#13435,#10626,#10627);
#9205=AXIS2_PLACEMENT_3D('',#13437,#10628,#10629);
#9206=AXIS2_PLACEMENT_3D('',#13439,#10630,#10631);
#9207=AXIS2_PLACEMENT_3D('',#13441,#10632,#10633);
#9208=AXIS2_PLACEMENT_3D('',#13443,#10634,#10635);
#9209=AXIS2_PLACEMENT_3D('',#13445,#10636,#10637);
#9210=AXIS2_PLACEMENT_3D('',#13447,#10638,#10639);
#9211=AXIS2_PLACEMENT_3D('',#13449,#10640,#10641);
#9212=AXIS2_PLACEMENT_3D('',#13459,#10646,#10647);
#9213=AXIS2_PLACEMENT_3D('',#13461,#10648,#10649);
#9214=AXIS2_PLACEMENT_3D('',#13463,#10650,#10651);
#9215=AXIS2_PLACEMENT_3D('',#13465,#10652,#10653);
#9216=AXIS2_PLACEMENT_3D('',#13467,#10654,#10655);
#9217=AXIS2_PLACEMENT_3D('',#13469,#10656,#10657);
#9218=AXIS2_PLACEMENT_3D('',#13471,#10658,#10659);
#9219=AXIS2_PLACEMENT_3D('',#13473,#10660,#10661);
#9220=AXIS2_PLACEMENT_3D('',#13475,#10662,#10663);
#9221=AXIS2_PLACEMENT_3D('',#13477,#10664,#10665);
#9222=AXIS2_PLACEMENT_3D('',#13479,#10666,#10667);
#9223=AXIS2_PLACEMENT_3D('',#13481,#10668,#10669);
#9224=AXIS2_PLACEMENT_3D('',#13483,#10670,#10671);
#9225=AXIS2_PLACEMENT_3D('',#13485,#10672,#10673);
#9226=AXIS2_PLACEMENT_3D('',#13495,#10678,#10679);
#9227=AXIS2_PLACEMENT_3D('',#13497,#10680,#10681);
#9228=AXIS2_PLACEMENT_3D('',#13499,#10682,#10683);
#9229=AXIS2_PLACEMENT_3D('',#13501,#10684,#10685);
#9230=AXIS2_PLACEMENT_3D('',#13503,#10686,#10687);
#9231=AXIS2_PLACEMENT_3D('',#13505,#10688,#10689);
#9232=AXIS2_PLACEMENT_3D('',#13507,#10690,#10691);
#9233=AXIS2_PLACEMENT_3D('',#13517,#10696,#10697);
#9234=AXIS2_PLACEMENT_3D('',#13519,#10698,#10699);
#9235=AXIS2_PLACEMENT_3D('',#13521,#10700,#10701);
#9236=AXIS2_PLACEMENT_3D('',#13523,#10702,#10703);
#9237=AXIS2_PLACEMENT_3D('',#13525,#10704,#10705);
#9238=AXIS2_PLACEMENT_3D('',#13527,#10706,#10707);
#9239=AXIS2_PLACEMENT_3D('',#13529,#10708,#10709);
#9240=AXIS2_PLACEMENT_3D('',#13547,#10718,#10719);
#9241=AXIS2_PLACEMENT_3D('',#13549,#10720,#10721);
#9242=AXIS2_PLACEMENT_3D('',#13551,#10722,#10723);
#9243=AXIS2_PLACEMENT_3D('',#13553,#10724,#10725);
#9244=AXIS2_PLACEMENT_3D('',#13555,#10726,#10727);
#9245=AXIS2_PLACEMENT_3D('',#13557,#10728,#10729);
#9246=AXIS2_PLACEMENT_3D('',#13559,#10730,#10731);
#9247=AXIS2_PLACEMENT_3D('',#13561,#10732,#10733);
#9248=AXIS2_PLACEMENT_3D('',#13571,#10738,#10739);
#9249=AXIS2_PLACEMENT_3D('',#13573,#10740,#10741);
#9250=AXIS2_PLACEMENT_3D('',#13575,#10742,#10743);
#9251=AXIS2_PLACEMENT_3D('',#13577,#10744,#10745);
#9252=AXIS2_PLACEMENT_3D('',#13587,#10750,#10751);
#9253=AXIS2_PLACEMENT_3D('',#13589,#10752,#10753);
#9254=AXIS2_PLACEMENT_3D('',#13591,#10754,#10755);
#9255=AXIS2_PLACEMENT_3D('',#13593,#10756,#10757);
#9256=AXIS2_PLACEMENT_3D('',#13595,#10758,#10759);
#9257=AXIS2_PLACEMENT_3D('',#13597,#10760,#10761);
#9258=AXIS2_PLACEMENT_3D('',#13599,#10762,#10763);
#9259=AXIS2_PLACEMENT_3D('',#13617,#10772,#10773);
#9260=AXIS2_PLACEMENT_3D('',#13619,#10774,#10775);
#9261=AXIS2_PLACEMENT_3D('',#13621,#10776,#10777);
#9262=AXIS2_PLACEMENT_3D('',#13623,#10778,#10779);
#9263=AXIS2_PLACEMENT_3D('',#13625,#10780,#10781);
#9264=AXIS2_PLACEMENT_3D('',#13627,#10782,#10783);
#9265=AXIS2_PLACEMENT_3D('',#13629,#10784,#10785);
#9266=AXIS2_PLACEMENT_3D('',#13631,#10786,#10787);
#9267=AXIS2_PLACEMENT_3D('',#13641,#10792,#10793);
#9268=AXIS2_PLACEMENT_3D('',#13643,#10794,#10795);
#9269=AXIS2_PLACEMENT_3D('',#13645,#10796,#10797);
#9270=AXIS2_PLACEMENT_3D('',#13647,#10798,#10799);
#9271=AXIS2_PLACEMENT_3D('',#13657,#10804,#10805);
#9272=AXIS2_PLACEMENT_3D('',#13659,#10806,#10807);
#9273=AXIS2_PLACEMENT_3D('',#13661,#10808,#10809);
#9274=AXIS2_PLACEMENT_3D('',#13663,#10810,#10811);
#9275=AXIS2_PLACEMENT_3D('',#13665,#10812,#10813);
#9276=AXIS2_PLACEMENT_3D('',#13667,#10814,#10815);
#9277=AXIS2_PLACEMENT_3D('',#13668,#10816,#10817);
#9278=AXIS2_PLACEMENT_3D('',#13670,#10819,#10820);
#9279=AXIS2_PLACEMENT_3D('',#13672,#10822,#10823);
#9280=AXIS2_PLACEMENT_3D('',#13674,#10825,#10826);
#9281=AXIS2_PLACEMENT_3D('',#13676,#10828,#10829);
#9282=AXIS2_PLACEMENT_3D('',#13678,#10831,#10832);
#9283=AXIS2_PLACEMENT_3D('',#13680,#10834,#10835);
#9284=AXIS2_PLACEMENT_3D('',#13682,#10837,#10838);
#9285=AXIS2_PLACEMENT_3D('',#13684,#10840,#10841);
#9286=AXIS2_PLACEMENT_3D('',#13686,#10843,#10844);
#9287=AXIS2_PLACEMENT_3D('',#13688,#10846,#10847);
#9288=AXIS2_PLACEMENT_3D('',#13690,#10849,#10850);
#9289=AXIS2_PLACEMENT_3D('',#13692,#10852,#10853);
#9290=AXIS2_PLACEMENT_3D('',#13694,#10855,#10856);
#9291=AXIS2_PLACEMENT_3D('',#13696,#10858,#10859);
#9292=AXIS2_PLACEMENT_3D('',#13698,#10861,#10862);
#9293=AXIS2_PLACEMENT_3D('',#13700,#10864,#10865);
#9294=AXIS2_PLACEMENT_3D('',#13702,#10867,#10868);
#9295=AXIS2_PLACEMENT_3D('',#13704,#10870,#10871);
#9296=AXIS2_PLACEMENT_3D('',#13706,#10873,#10874);
#9297=AXIS2_PLACEMENT_3D('',#13708,#10876,#10877);
#9298=AXIS2_PLACEMENT_3D('',#13710,#10879,#10880);
#9299=AXIS2_PLACEMENT_3D('',#13712,#10882,#10883);
#9300=AXIS2_PLACEMENT_3D('',#13714,#10885,#10886);
#9301=AXIS2_PLACEMENT_3D('',#13716,#10888,#10889);
#9302=AXIS2_PLACEMENT_3D('',#13718,#10891,#10892);
#9303=AXIS2_PLACEMENT_3D('',#13720,#10894,#10895);
#9304=AXIS2_PLACEMENT_3D('',#13722,#10897,#10898);
#9305=AXIS2_PLACEMENT_3D('',#13724,#10900,#10901);
#9306=AXIS2_PLACEMENT_3D('',#13726,#10903,#10904);
#9307=AXIS2_PLACEMENT_3D('',#13728,#10906,#10907);
#9308=AXIS2_PLACEMENT_3D('',#13730,#10909,#10910);
#9309=AXIS2_PLACEMENT_3D('',#13732,#10912,#10913);
#9310=AXIS2_PLACEMENT_3D('',#13734,#10915,#10916);
#9311=AXIS2_PLACEMENT_3D('',#13736,#10918,#10919);
#9312=AXIS2_PLACEMENT_3D('',#13738,#10921,#10922);
#9313=AXIS2_PLACEMENT_3D('',#13740,#10924,#10925);
#9314=AXIS2_PLACEMENT_3D('',#13742,#10927,#10928);
#9315=AXIS2_PLACEMENT_3D('',#13744,#10930,#10931);
#9316=AXIS2_PLACEMENT_3D('',#13746,#10933,#10934);
#9317=AXIS2_PLACEMENT_3D('',#13750,#10937,#10938);
#9318=AXIS2_PLACEMENT_3D('',#13752,#10940,#10941);
#9319=AXIS2_PLACEMENT_3D('',#13754,#10943,#10944);
#9320=AXIS2_PLACEMENT_3D('',#13756,#10946,#10947);
#9321=AXIS2_PLACEMENT_3D('',#13758,#10949,#10950);
#9322=AXIS2_PLACEMENT_3D('',#13760,#10952,#10953);
#9323=AXIS2_PLACEMENT_3D('',#13762,#10955,#10956);
#9324=AXIS2_PLACEMENT_3D('',#13764,#10958,#10959);
#9325=AXIS2_PLACEMENT_3D('',#13766,#10961,#10962);
#9326=AXIS2_PLACEMENT_3D('',#13768,#10964,#10965);
#9327=AXIS2_PLACEMENT_3D('',#13770,#10967,#10968);
#9328=AXIS2_PLACEMENT_3D('',#13772,#10970,#10971);
#9329=AXIS2_PLACEMENT_3D('',#13774,#10973,#10974);
#9330=AXIS2_PLACEMENT_3D('',#13776,#10976,#10977);
#9331=AXIS2_PLACEMENT_3D('',#13778,#10979,#10980);
#9332=AXIS2_PLACEMENT_3D('',#13780,#10982,#10983);
#9333=AXIS2_PLACEMENT_3D('',#13782,#10985,#10986);
#9334=AXIS2_PLACEMENT_3D('',#13784,#10988,#10989);
#9335=AXIS2_PLACEMENT_3D('',#13786,#10991,#10992);
#9336=AXIS2_PLACEMENT_3D('',#13788,#10994,#10995);
#9337=AXIS2_PLACEMENT_3D('',#13790,#10997,#10998);
#9338=AXIS2_PLACEMENT_3D('',#13792,#11000,#11001);
#9339=AXIS2_PLACEMENT_3D('',#13794,#11003,#11004);
#9340=AXIS2_PLACEMENT_3D('',#13796,#11006,#11007);
#9341=AXIS2_PLACEMENT_3D('',#13798,#11009,#11010);
#9342=AXIS2_PLACEMENT_3D('',#13800,#11012,#11013);
#9343=AXIS2_PLACEMENT_3D('',#13802,#11015,#11016);
#9344=AXIS2_PLACEMENT_3D('',#13804,#11018,#11019);
#9345=AXIS2_PLACEMENT_3D('',#13806,#11021,#11022);
#9346=AXIS2_PLACEMENT_3D('',#13808,#11024,#11025);
#9347=AXIS2_PLACEMENT_3D('',#13810,#11027,#11028);
#9348=AXIS2_PLACEMENT_3D('',#13812,#11030,#11031);
#9349=AXIS2_PLACEMENT_3D('',#13814,#11033,#11034);
#9350=AXIS2_PLACEMENT_3D('',#13816,#11036,#11037);
#9351=AXIS2_PLACEMENT_3D('',#13818,#11039,#11040);
#9352=AXIS2_PLACEMENT_3D('',#13820,#11042,#11043);
#9353=AXIS2_PLACEMENT_3D('',#13822,#11045,#11046);
#9354=AXIS2_PLACEMENT_3D('',#13824,#11048,#11049);
#9355=AXIS2_PLACEMENT_3D('',#13826,#11051,#11052);
#9356=AXIS2_PLACEMENT_3D('',#13828,#11054,#11055);
#9357=AXIS2_PLACEMENT_3D('',#13830,#11057,#11058);
#9358=AXIS2_PLACEMENT_3D('',#13832,#11060,#11061);
#9359=AXIS2_PLACEMENT_3D('',#13834,#11063,#11064);
#9360=AXIS2_PLACEMENT_3D('',#13836,#11066,#11067);
#9361=AXIS2_PLACEMENT_3D('',#13838,#11069,#11070);
#9362=AXIS2_PLACEMENT_3D('',#13840,#11072,#11073);
#9363=AXIS2_PLACEMENT_3D('',#13842,#11075,#11076);
#9364=AXIS2_PLACEMENT_3D('',#13844,#11078,#11079);
#9365=AXIS2_PLACEMENT_3D('',#13846,#11081,#11082);
#9366=AXIS2_PLACEMENT_3D('',#13848,#11084,#11085);
#9367=AXIS2_PLACEMENT_3D('',#13850,#11087,#11088);
#9368=AXIS2_PLACEMENT_3D('',#13852,#11090,#11091);
#9369=AXIS2_PLACEMENT_3D('',#13854,#11093,#11094);
#9370=AXIS2_PLACEMENT_3D('',#13856,#11096,#11097);
#9371=AXIS2_PLACEMENT_3D('',#13858,#11099,#11100);
#9372=AXIS2_PLACEMENT_3D('',#13860,#11102,#11103);
#9373=AXIS2_PLACEMENT_3D('',#13862,#11105,#11106);
#9374=AXIS2_PLACEMENT_3D('',#13864,#11108,#11109);
#9375=AXIS2_PLACEMENT_3D('',#13866,#11111,#11112);
#9376=AXIS2_PLACEMENT_3D('',#13868,#11114,#11115);
#9377=AXIS2_PLACEMENT_3D('',#13870,#11117,#11118);
#9378=AXIS2_PLACEMENT_3D('',#13872,#11120,#11121);
#9379=AXIS2_PLACEMENT_3D('',#13874,#11123,#11124);
#9380=AXIS2_PLACEMENT_3D('',#13876,#11126,#11127);
#9381=AXIS2_PLACEMENT_3D('',#13878,#11129,#11130);
#9382=AXIS2_PLACEMENT_3D('',#13880,#11132,#11133);
#9383=AXIS2_PLACEMENT_3D('',#13882,#11135,#11136);
#9384=AXIS2_PLACEMENT_3D('',#13884,#11138,#11139);
#9385=AXIS2_PLACEMENT_3D('',#13886,#11141,#11142);
#9386=AXIS2_PLACEMENT_3D('',#13888,#11144,#11145);
#9387=AXIS2_PLACEMENT_3D('',#13890,#11147,#11148);
#9388=AXIS2_PLACEMENT_3D('',#13892,#11150,#11151);
#9389=AXIS2_PLACEMENT_3D('',#13894,#11153,#11154);
#9390=AXIS2_PLACEMENT_3D('',#13896,#11156,#11157);
#9391=AXIS2_PLACEMENT_3D('',#13898,#11159,#11160);
#9392=AXIS2_PLACEMENT_3D('',#13900,#11162,#11163);
#9393=AXIS2_PLACEMENT_3D('',#13902,#11165,#11166);
#9394=AXIS2_PLACEMENT_3D('',#13904,#11168,#11169);
#9395=AXIS2_PLACEMENT_3D('',#13906,#11171,#11172);
#9396=AXIS2_PLACEMENT_3D('',#13908,#11174,#11175);
#9397=AXIS2_PLACEMENT_3D('',#13910,#11177,#11178);
#9398=AXIS2_PLACEMENT_3D('',#13912,#11180,#11181);
#9399=AXIS2_PLACEMENT_3D('',#13914,#11183,#11184);
#9400=AXIS2_PLACEMENT_3D('',#13916,#11186,#11187);
#9401=AXIS2_PLACEMENT_3D('',#13918,#11189,#11190);
#9402=AXIS2_PLACEMENT_3D('',#13920,#11192,#11193);
#9403=AXIS2_PLACEMENT_3D('',#13922,#11195,#11196);
#9404=AXIS2_PLACEMENT_3D('',#13924,#11198,#11199);
#9405=AXIS2_PLACEMENT_3D('',#13926,#11201,#11202);
#9406=AXIS2_PLACEMENT_3D('',#13928,#11204,#11205);
#9407=AXIS2_PLACEMENT_3D('',#13930,#11207,#11208);
#9408=AXIS2_PLACEMENT_3D('',#13932,#11210,#11211);
#9409=AXIS2_PLACEMENT_3D('',#13934,#11213,#11214);
#9410=AXIS2_PLACEMENT_3D('',#13936,#11216,#11217);
#9411=AXIS2_PLACEMENT_3D('',#13938,#11219,#11220);
#9412=AXIS2_PLACEMENT_3D('',#13940,#11222,#11223);
#9413=AXIS2_PLACEMENT_3D('',#13942,#11225,#11226);
#9414=AXIS2_PLACEMENT_3D('',#13944,#11228,#11229);
#9415=AXIS2_PLACEMENT_3D('',#13946,#11231,#11232);
#9416=AXIS2_PLACEMENT_3D('',#13948,#11234,#11235);
#9417=AXIS2_PLACEMENT_3D('',#13950,#11237,#11238);
#9418=AXIS2_PLACEMENT_3D('',#13952,#11240,#11241);
#9419=AXIS2_PLACEMENT_3D('',#13954,#11243,#11244);
#9420=AXIS2_PLACEMENT_3D('',#13956,#11246,#11247);
#9421=AXIS2_PLACEMENT_3D('',#13958,#11249,#11250);
#9422=AXIS2_PLACEMENT_3D('',#13960,#11252,#11253);
#9423=AXIS2_PLACEMENT_3D('',#13962,#11255,#11256);
#9424=AXIS2_PLACEMENT_3D('',#13964,#11258,#11259);
#9425=AXIS2_PLACEMENT_3D('',#13966,#11261,#11262);
#9426=AXIS2_PLACEMENT_3D('',#13968,#11264,#11265);
#9427=AXIS2_PLACEMENT_3D('',#13970,#11267,#11268);
#9428=AXIS2_PLACEMENT_3D('',#13972,#11270,#11271);
#9429=AXIS2_PLACEMENT_3D('',#13974,#11273,#11274);
#9430=AXIS2_PLACEMENT_3D('',#13976,#11276,#11277);
#9431=AXIS2_PLACEMENT_3D('',#13978,#11279,#11280);
#9432=AXIS2_PLACEMENT_3D('',#13980,#11282,#11283);
#9433=AXIS2_PLACEMENT_3D('',#13982,#11285,#11286);
#9434=AXIS2_PLACEMENT_3D('',#13984,#11288,#11289);
#9435=AXIS2_PLACEMENT_3D('',#13986,#11291,#11292);
#9436=AXIS2_PLACEMENT_3D('',#13988,#11294,#11295);
#9437=AXIS2_PLACEMENT_3D('',#13989,#11296,#11297);
#9438=AXIS2_PLACEMENT_3D('',#13991,#11299,#11300);
#9439=AXIS2_PLACEMENT_3D('',#13994,#11303,#11304);
#9440=AXIS2_PLACEMENT_3D('',#13996,#11306,#11307);
#9441=AXIS2_PLACEMENT_3D('',#13998,#11309,#11310);
#9442=AXIS2_PLACEMENT_3D('',#13999,#11311,#11312);
#9443=AXIS2_PLACEMENT_3D('',#14001,#11314,#11315);
#9444=AXIS2_PLACEMENT_3D('',#14003,#11317,#11318);
#9445=AXIS2_PLACEMENT_3D('',#14005,#11320,#11321);
#9446=AXIS2_PLACEMENT_3D('',#14007,#11323,#11324);
#9447=AXIS2_PLACEMENT_3D('',#14009,#11326,#11327);
#9448=AXIS2_PLACEMENT_3D('',#14011,#11329,#11330);
#9449=AXIS2_PLACEMENT_3D('',#14013,#11332,#11333);
#9450=AXIS2_PLACEMENT_3D('',#14015,#11335,#11336);
#9451=AXIS2_PLACEMENT_3D('',#14018,#11339,#11340);
#9452=AXIS2_PLACEMENT_3D('',#14020,#11342,#11343);
#9453=AXIS2_PLACEMENT_3D('',#14022,#11345,#11346);
#9454=AXIS2_PLACEMENT_3D('',#14023,#11347,#11348);
#9455=AXIS2_PLACEMENT_3D('',#14025,#11350,#11351);
#9456=AXIS2_PLACEMENT_3D('',#14028,#11354,#11355);
#9457=AXIS2_PLACEMENT_3D('',#14030,#11357,#11358);
#9458=AXIS2_PLACEMENT_3D('',#14032,#11360,#11361);
#9459=AXIS2_PLACEMENT_3D('',#14033,#11362,#11363);
#9460=AXIS2_PLACEMENT_3D('',#14035,#11365,#11366);
#9461=AXIS2_PLACEMENT_3D('',#14037,#11368,#11369);
#9462=AXIS2_PLACEMENT_3D('',#14039,#11371,#11372);
#9463=AXIS2_PLACEMENT_3D('',#14041,#11374,#11375);
#9464=AXIS2_PLACEMENT_3D('',#14043,#11377,#11378);
#9465=AXIS2_PLACEMENT_3D('',#14045,#11380,#11381);
#9466=AXIS2_PLACEMENT_3D('',#14047,#11383,#11384);
#9467=AXIS2_PLACEMENT_3D('',#14050,#11387,#11388);
#9468=AXIS2_PLACEMENT_3D('',#14052,#11390,#11391);
#9469=AXIS2_PLACEMENT_3D('',#14054,#11393,#11394);
#9470=AXIS2_PLACEMENT_3D('',#14055,#11395,#11396);
#9471=AXIS2_PLACEMENT_3D('',#14057,#11398,#11399);
#9472=AXIS2_PLACEMENT_3D('',#14059,#11401,#11402);
#9473=AXIS2_PLACEMENT_3D('',#14062,#11405,#11406);
#9474=AXIS2_PLACEMENT_3D('',#14064,#11408,#11409);
#9475=AXIS2_PLACEMENT_3D('',#14066,#11411,#11412);
#9476=AXIS2_PLACEMENT_3D('',#14067,#11413,#11414);
#9477=AXIS2_PLACEMENT_3D('',#14070,#11417,#11418);
#9478=AXIS2_PLACEMENT_3D('',#14072,#11420,#11421);
#9479=AXIS2_PLACEMENT_3D('',#14074,#11423,#11424);
#9480=AXIS2_PLACEMENT_3D('',#14075,#11425,#11426);
#9481=AXIS2_PLACEMENT_3D('',#14077,#11428,#11429);
#9482=AXIS2_PLACEMENT_3D('',#14080,#11432,#11433);
#9483=AXIS2_PLACEMENT_3D('',#14082,#11435,#11436);
#9484=AXIS2_PLACEMENT_3D('',#14084,#11438,#11439);
#9485=AXIS2_PLACEMENT_3D('',#14085,#11440,#11441);
#9486=AXIS2_PLACEMENT_3D('',#14088,#11444,#11445);
#9487=AXIS2_PLACEMENT_3D('',#14090,#11447,#11448);
#9488=AXIS2_PLACEMENT_3D('',#14092,#11450,#11451);
#9489=AXIS2_PLACEMENT_3D('',#14093,#11452,#11453);
#9490=AXIS2_PLACEMENT_3D('',#14095,#11455,#11456);
#9491=AXIS2_PLACEMENT_3D('',#14097,#11458,#11459);
#9492=AXIS2_PLACEMENT_3D('',#14099,#11461,#11462);
#9493=AXIS2_PLACEMENT_3D('',#14101,#11464,#11465);
#9494=AXIS2_PLACEMENT_3D('',#14103,#11467,#11468);
#9495=AXIS2_PLACEMENT_3D('',#14105,#11470,#11471);
#9496=AXIS2_PLACEMENT_3D('',#14107,#11473,#11474);
#9497=AXIS2_PLACEMENT_3D('',#14109,#11476,#11477);
#9498=AXIS2_PLACEMENT_3D('',#14111,#11479,#11480);
#9499=AXIS2_PLACEMENT_3D('',#14113,#11482,#11483);
#9500=AXIS2_PLACEMENT_3D('',#14115,#11485,#11486);
#9501=AXIS2_PLACEMENT_3D('',#14118,#11489,#11490);
#9502=AXIS2_PLACEMENT_3D('',#14120,#11492,#11493);
#9503=AXIS2_PLACEMENT_3D('',#14122,#11495,#11496);
#9504=AXIS2_PLACEMENT_3D('',#14123,#11497,#11498);
#9505=AXIS2_PLACEMENT_3D('',#14125,#11500,#11501);
#9506=AXIS2_PLACEMENT_3D('',#14127,#11503,#11504);
#9507=AXIS2_PLACEMENT_3D('',#14129,#11506,#11507);
#9508=AXIS2_PLACEMENT_3D('',#14131,#11509,#11510);
#9509=AXIS2_PLACEMENT_3D('',#14133,#11512,#11513);
#9510=AXIS2_PLACEMENT_3D('',#14135,#11515,#11516);
#9511=AXIS2_PLACEMENT_3D('',#14137,#11518,#11519);
#9512=AXIS2_PLACEMENT_3D('',#14139,#11521,#11522);
#9513=AXIS2_PLACEMENT_3D('',#14142,#11525,#11526);
#9514=AXIS2_PLACEMENT_3D('',#14144,#11528,#11529);
#9515=AXIS2_PLACEMENT_3D('',#14146,#11531,#11532);
#9516=AXIS2_PLACEMENT_3D('',#14147,#11533,#11534);
#9517=AXIS2_PLACEMENT_3D('',#14150,#11537,#11538);
#9518=AXIS2_PLACEMENT_3D('',#14152,#11540,#11541);
#9519=AXIS2_PLACEMENT_3D('',#14154,#11543,#11544);
#9520=AXIS2_PLACEMENT_3D('',#14155,#11545,#11546);
#9521=AXIS2_PLACEMENT_3D('',#14157,#11548,#11549);
#9522=AXIS2_PLACEMENT_3D('',#14159,#11551,#11552);
#9523=AXIS2_PLACEMENT_3D('',#14161,#11554,#11555);
#9524=AXIS2_PLACEMENT_3D('',#14163,#11557,#11558);
#9525=AXIS2_PLACEMENT_3D('',#14165,#11560,#11561);
#9526=AXIS2_PLACEMENT_3D('',#14167,#11563,#11564);
#9527=AXIS2_PLACEMENT_3D('',#14169,#11566,#11567);
#9528=AXIS2_PLACEMENT_3D('',#14171,#11569,#11570);
#9529=AXIS2_PLACEMENT_3D('',#14174,#11573,#11574);
#9530=AXIS2_PLACEMENT_3D('',#14176,#11576,#11577);
#9531=AXIS2_PLACEMENT_3D('',#14178,#11579,#11580);
#9532=AXIS2_PLACEMENT_3D('',#14179,#11581,#11582);
#9533=AXIS2_PLACEMENT_3D('',#14181,#11584,#11585);
#9534=AXIS2_PLACEMENT_3D('',#14183,#11587,#11588);
#9535=AXIS2_PLACEMENT_3D('',#14185,#11590,#11591);
#9536=AXIS2_PLACEMENT_3D('',#14187,#11593,#11594);
#9537=AXIS2_PLACEMENT_3D('',#14190,#11597,#11598);
#9538=AXIS2_PLACEMENT_3D('',#14192,#11600,#11601);
#9539=AXIS2_PLACEMENT_3D('',#14194,#11603,#11604);
#9540=AXIS2_PLACEMENT_3D('',#14195,#11605,#11606);
#9541=AXIS2_PLACEMENT_3D('',#14197,#11608,#11609);
#9542=AXIS2_PLACEMENT_3D('',#14199,#11611,#11612);
#9543=AXIS2_PLACEMENT_3D('',#14201,#11614,#11615);
#9544=AXIS2_PLACEMENT_3D('',#14203,#11617,#11618);
#9545=AXIS2_PLACEMENT_3D('',#14205,#11620,#11621);
#9546=AXIS2_PLACEMENT_3D('',#14207,#11623,#11624);
#9547=AXIS2_PLACEMENT_3D('',#14209,#11626,#11627);
#9548=AXIS2_PLACEMENT_3D('',#14211,#11629,#11630);
#9549=AXIS2_PLACEMENT_3D('',#14213,#11632,#11633);
#9550=AXIS2_PLACEMENT_3D('',#14215,#11635,#11636);
#9551=AXIS2_PLACEMENT_3D('',#14217,#11638,#11639);
#9552=AXIS2_PLACEMENT_3D('',#14219,#11641,#11642);
#9553=AXIS2_PLACEMENT_3D('',#14221,#11644,#11645);
#9554=AXIS2_PLACEMENT_3D('',#14224,#11648,#11649);
#9555=AXIS2_PLACEMENT_3D('',#14226,#11651,#11652);
#9556=AXIS2_PLACEMENT_3D('',#14228,#11654,#11655);
#9557=AXIS2_PLACEMENT_3D('',#14229,#11656,#11657);
#9558=AXIS2_PLACEMENT_3D('',#14231,#11659,#11660);
#9559=AXIS2_PLACEMENT_3D('',#14233,#11662,#11663);
#9560=AXIS2_PLACEMENT_3D('',#14235,#11665,#11666);
#9561=AXIS2_PLACEMENT_3D('',#14237,#11668,#11669);
#9562=AXIS2_PLACEMENT_3D('',#14239,#11671,#11672);
#9563=AXIS2_PLACEMENT_3D('',#14241,#11674,#11675);
#9564=AXIS2_PLACEMENT_3D('',#14243,#11677,#11678);
#9565=AXIS2_PLACEMENT_3D('',#14245,#11680,#11681);
#9566=AXIS2_PLACEMENT_3D('',#14247,#11683,#11684);
#9567=AXIS2_PLACEMENT_3D('',#14249,#11686,#11687);
#9568=AXIS2_PLACEMENT_3D('',#14251,#11689,#11690);
#9569=AXIS2_PLACEMENT_3D('',#14253,#11692,#11693);
#9570=AXIS2_PLACEMENT_3D('',#14255,#11695,#11696);
#9571=AXIS2_PLACEMENT_3D('',#14257,#11698,#11699);
#9572=AXIS2_PLACEMENT_3D('',#14259,#11701,#11702);
#9573=AXIS2_PLACEMENT_3D('',#14262,#11705,#11706);
#9574=AXIS2_PLACEMENT_3D('',#14264,#11708,#11709);
#9575=AXIS2_PLACEMENT_3D('',#14266,#11711,#11712);
#9576=AXIS2_PLACEMENT_3D('',#14267,#11713,#11714);
#9577=AXIS2_PLACEMENT_3D('',#14269,#11716,#11717);
#9578=AXIS2_PLACEMENT_3D('',#14271,#11719,#11720);
#9579=AXIS2_PLACEMENT_3D('',#14273,#11722,#11723);
#9580=AXIS2_PLACEMENT_3D('',#14275,#11725,#11726);
#9581=AXIS2_PLACEMENT_3D('',#14277,#11728,#11729);
#9582=AXIS2_PLACEMENT_3D('',#14279,#11731,#11732);
#9583=AXIS2_PLACEMENT_3D('',#14281,#11734,#11735);
#9584=AXIS2_PLACEMENT_3D('',#14283,#11737,#11738);
#9585=AXIS2_PLACEMENT_3D('',#14285,#11740,#11741);
#9586=AXIS2_PLACEMENT_3D('',#14287,#11743,#11744);
#9587=AXIS2_PLACEMENT_3D('',#14289,#11746,#11747);
#9588=AXIS2_PLACEMENT_3D('',#14291,#11749,#11750);
#9589=AXIS2_PLACEMENT_3D('',#14293,#11752,#11753);
#9590=AXIS2_PLACEMENT_3D('',#14295,#11755,#11756);
#9591=AXIS2_PLACEMENT_3D('',#14298,#11759,#11760);
#9592=AXIS2_PLACEMENT_3D('',#14300,#11762,#11763);
#9593=AXIS2_PLACEMENT_3D('',#14302,#11765,#11766);
#9594=AXIS2_PLACEMENT_3D('',#14303,#11767,#11768);
#9595=AXIS2_PLACEMENT_3D('',#14305,#11770,#11771);
#9596=AXIS2_PLACEMENT_3D('',#14307,#11773,#11774);
#9597=AXIS2_PLACEMENT_3D('',#14309,#11776,#11777);
#9598=AXIS2_PLACEMENT_3D('',#14311,#11779,#11780);
#9599=AXIS2_PLACEMENT_3D('',#14313,#11782,#11783);
#9600=AXIS2_PLACEMENT_3D('',#14315,#11785,#11786);
#9601=AXIS2_PLACEMENT_3D('',#14317,#11788,#11789);
#9602=AXIS2_PLACEMENT_3D('',#14320,#11792,#11793);
#9603=AXIS2_PLACEMENT_3D('',#14322,#11795,#11796);
#9604=AXIS2_PLACEMENT_3D('',#14324,#11798,#11799);
#9605=AXIS2_PLACEMENT_3D('',#14325,#11800,#11801);
#9606=AXIS2_PLACEMENT_3D('',#14327,#11803,#11804);
#9607=AXIS2_PLACEMENT_3D('',#14329,#11806,#11807);
#9608=AXIS2_PLACEMENT_3D('',#14331,#11809,#11810);
#9609=AXIS2_PLACEMENT_3D('',#14333,#11812,#11813);
#9610=AXIS2_PLACEMENT_3D('',#14335,#11815,#11816);
#9611=AXIS2_PLACEMENT_3D('',#14337,#11818,#11819);
#9612=AXIS2_PLACEMENT_3D('',#14339,#11821,#11822);
#9613=AXIS2_PLACEMENT_3D('',#14342,#11825,#11826);
#9614=AXIS2_PLACEMENT_3D('',#14344,#11828,#11829);
#9615=AXIS2_PLACEMENT_3D('',#14346,#11831,#11832);
#9616=AXIS2_PLACEMENT_3D('',#14347,#11833,#11834);
#9617=AXIS2_PLACEMENT_3D('',#14350,#11837,#11838);
#9618=AXIS2_PLACEMENT_3D('',#14352,#11840,#11841);
#9619=AXIS2_PLACEMENT_3D('',#14354,#11843,#11844);
#9620=AXIS2_PLACEMENT_3D('',#14355,#11845,#11846);
#9621=AXIS2_PLACEMENT_3D('',#14357,#11848,#11849);
#9622=AXIS2_PLACEMENT_3D('',#14359,#11851,#11852);
#9623=AXIS2_PLACEMENT_3D('',#14361,#11854,#11855);
#9624=AXIS2_PLACEMENT_3D('',#14363,#11857,#11858);
#9625=AXIS2_PLACEMENT_3D('',#14365,#11860,#11861);
#9626=AXIS2_PLACEMENT_3D('',#14367,#11863,#11864);
#9627=AXIS2_PLACEMENT_3D('',#14369,#11866,#11867);
#9628=AXIS2_PLACEMENT_3D('',#14371,#11869,#11870);
#9629=AXIS2_PLACEMENT_3D('',#14374,#11873,#11874);
#9630=AXIS2_PLACEMENT_3D('',#14376,#11876,#11877);
#9631=AXIS2_PLACEMENT_3D('',#14378,#11879,#11880);
#9632=AXIS2_PLACEMENT_3D('',#14379,#11881,#11882);
#9633=AXIS2_PLACEMENT_3D('',#14381,#11884,#11885);
#9634=AXIS2_PLACEMENT_3D('',#14383,#11887,#11888);
#9635=AXIS2_PLACEMENT_3D('',#14385,#11890,#11891);
#9636=AXIS2_PLACEMENT_3D('',#14387,#11893,#11894);
#9637=AXIS2_PLACEMENT_3D('',#14390,#11897,#11898);
#9638=AXIS2_PLACEMENT_3D('',#14392,#11900,#11901);
#9639=AXIS2_PLACEMENT_3D('',#14394,#11903,#11904);
#9640=AXIS2_PLACEMENT_3D('',#14395,#11905,#11906);
#9641=AXIS2_PLACEMENT_3D('',#14397,#11908,#11909);
#9642=AXIS2_PLACEMENT_3D('',#14399,#11911,#11912);
#9643=AXIS2_PLACEMENT_3D('',#14401,#11914,#11915);
#9644=AXIS2_PLACEMENT_3D('',#14403,#11917,#11918);
#9645=AXIS2_PLACEMENT_3D('',#14405,#11920,#11921);
#9646=AXIS2_PLACEMENT_3D('',#14407,#11923,#11924);
#9647=AXIS2_PLACEMENT_3D('',#14409,#11926,#11927);
#9648=AXIS2_PLACEMENT_3D('',#14412,#11930,#11931);
#9649=AXIS2_PLACEMENT_3D('',#14414,#11933,#11934);
#9650=AXIS2_PLACEMENT_3D('',#14416,#11936,#11937);
#9651=AXIS2_PLACEMENT_3D('',#14417,#11938,#11939);
#9652=AXIS2_PLACEMENT_3D('',#14420,#11942,#11943);
#9653=AXIS2_PLACEMENT_3D('',#14422,#11945,#11946);
#9654=AXIS2_PLACEMENT_3D('',#14424,#11948,#11949);
#9655=AXIS2_PLACEMENT_3D('',#14425,#11950,#11951);
#9656=AXIS2_PLACEMENT_3D('',#14427,#11953,#11954);
#9657=AXIS2_PLACEMENT_3D('',#14429,#11956,#11957);
#9658=AXIS2_PLACEMENT_3D('',#14431,#11959,#11960);
#9659=AXIS2_PLACEMENT_3D('',#14433,#11962,#11963);
#9660=AXIS2_PLACEMENT_3D('',#14435,#11965,#11966);
#9661=AXIS2_PLACEMENT_3D('',#14437,#11968,#11969);
#9662=AXIS2_PLACEMENT_3D('',#14439,#11971,#11972);
#9663=AXIS2_PLACEMENT_3D('',#14441,#11974,#11975);
#9664=AXIS2_PLACEMENT_3D('',#14444,#11978,#11979);
#9665=AXIS2_PLACEMENT_3D('',#14446,#11981,#11982);
#9666=AXIS2_PLACEMENT_3D('',#14448,#11984,#11985);
#9667=AXIS2_PLACEMENT_3D('',#14449,#11986,#11987);
#9668=AXIS2_PLACEMENT_3D('',#14451,#11989,#11990);
#9669=AXIS2_PLACEMENT_3D('',#14453,#11992,#11993);
#9670=AXIS2_PLACEMENT_3D('',#14455,#11995,#11996);
#9671=AXIS2_PLACEMENT_3D('',#14457,#11998,#11999);
#9672=AXIS2_PLACEMENT_3D('',#14460,#12002,#12003);
#9673=AXIS2_PLACEMENT_3D('',#14462,#12005,#12006);
#9674=AXIS2_PLACEMENT_3D('',#14464,#12008,#12009);
#9675=AXIS2_PLACEMENT_3D('',#14465,#12010,#12011);
#9676=AXIS2_PLACEMENT_3D('',#14467,#12013,#12014);
#9677=AXIS2_PLACEMENT_3D('',#14469,#12016,#12017);
#9678=AXIS2_PLACEMENT_3D('',#14471,#12019,#12020);
#9679=AXIS2_PLACEMENT_3D('',#14473,#12022,#12023);
#9680=AXIS2_PLACEMENT_3D('',#14475,#12025,#12026);
#9681=DIRECTION('axis',(0.,0.,1.));
#9682=DIRECTION('refdir',(1.,0.,0.));
#9683=DIRECTION('center_axis',(0.,0.,1.));
#9684=DIRECTION('ref_axis',(1.,0.,0.));
#9685=DIRECTION('',(-0.0800337733772155,0.996792152416443,0.));
#9686=DIRECTION('',(-0.231075385283977,0.972935849023902,0.));
#9687=DIRECTION('',(-0.368466690018036,0.929640951307091,0.));
#9688=DIRECTION('',(-0.497171134900888,0.867652501074804,0.));
#9689=DIRECTION('',(-0.615092257247061,0.788455144618079,0.));
#9690=DIRECTION('',(-0.766484299875862,0.642263044276884,0.));
#9691=DIRECTION('',(-0.914098766435467,0.405491609285763,0.));
#9692=DIRECTION('',(-0.990494646613396,0.137551281456055,0.));
#9693=DIRECTION('',(-0.999999998847914,4.80017902817259E-5,0.));
#9694=DIRECTION('',(-0.581671363042758,-0.813423890364661,0.));
#9695=DIRECTION('',(-0.990493664536475,0.137558353120066,0.));
#9696=DIRECTION('',(-0.914100254626293,0.40548825444413,0.));
#9697=DIRECTION('',(-0.766471985739506,0.642277739826424,0.));
#9698=DIRECTION('',(-0.615099092212999,0.788449812453998,0.));
#9699=DIRECTION('',(-0.497154535528068,0.867662012424118,0.));
#9700=DIRECTION('',(-0.368466690018036,0.929640951307091,0.));
#9701=DIRECTION('',(-0.23107226665996,0.972936589701831,0.));
#9702=DIRECTION('',(-0.0800298200998579,0.996792469822472,0.));
#9703=DIRECTION('',(0.,1.,0.));
#9704=DIRECTION('',(-0.0797743654569662,0.996812946653452,0.));
#9705=DIRECTION('',(-0.230571460006072,0.973055395047306,0.));
#9706=DIRECTION('',(-0.36798470599901,0.929831842943025,0.));
#9707=DIRECTION('',(-0.496718498749189,0.867911708067331,0.));
#9708=DIRECTION('',(-0.614694560375791,0.788765235950732,0.));
#9709=DIRECTION('',(-0.766149368937061,0.642662543235051,0.));
#9710=DIRECTION('',(-0.913895441343981,0.405949654871992,0.));
#9711=DIRECTION('',(-0.99042454773593,0.13805511668199,0.));
#9712=DIRECTION('',(-0.999999990215377,0.000139890121965953,0.));
#9713=DIRECTION('',(-1.,0.,0.));
#9714=DIRECTION('',(-0.80047200706622,-0.599370140984165,0.));
#9715=DIRECTION('',(-0.990494510232958,0.137552263515994,0.));
#9716=DIRECTION('',(-0.914100254626293,0.40548825444413,0.));
#9717=DIRECTION('',(-0.766475490234012,0.64227355766101,0.));
#9718=DIRECTION('',(-0.615092257247061,0.788455144618079,0.));
#9719=DIRECTION('',(-0.497154535528068,0.867662012424118,0.));
#9720=DIRECTION('',(-0.368471519986202,0.929639036916511,0.));
#9721=DIRECTION('',(-0.23107226665996,0.972936589701831,0.));
#9722=DIRECTION('',(-0.0800288318413006,0.996792549166634,0.));
#9723=DIRECTION('',(0.,1.,0.));
#9724=DIRECTION('',(-0.0795354595250105,0.996832037345382,0.));
#9725=DIRECTION('',(-0.230587706337009,0.973051545236036,0.));
#9726=DIRECTION('',(-0.367994355331007,0.929828024123018,0.));
#9727=DIRECTION('',(-0.496729057491967,0.867905665059943,0.));
#9728=DIRECTION('',(-0.614694560375791,0.788765235950732,0.));
#9729=DIRECTION('',(-0.766156944041006,0.642653512476005,0.));
#9730=DIRECTION('',(-0.913898417201647,0.405942955396843,0.));
#9731=DIRECTION('',(-0.9904246851136,0.138054131113944,0.));
#9732=DIRECTION('',(-1.,0.,0.));
#9733=DIRECTION('',(-0.996792469822467,-0.0800298200999275,0.));
#9734=DIRECTION('',(-0.972935849023902,-0.231075385283977,0.));
#9735=DIRECTION('',(-0.929640951307091,-0.368466690018036,0.));
#9736=DIRECTION('',(-0.867655965833963,-0.497165088227979,0.));
#9737=DIRECTION('',(-0.788449812453998,-0.615099092212999,0.));
#9738=DIRECTION('',(-0.642270730897016,-0.766477858932019,0.));
#9739=DIRECTION('',(-0.405491609285763,-0.914098766435467,0.));
#9740=DIRECTION('',(-0.137551281456055,-0.990494646613396,0.));
#9741=DIRECTION('',(0.000612102859639617,-0.999999812665027,0.));
#9742=DIRECTION('',(-0.395167433117247,-0.918609111539574,0.));
#9743=DIRECTION('',(-0.137558353120066,-0.990493664536475,0.));
#9744=DIRECTION('',(-0.405491609285763,-0.914098766435467,0.));
#9745=DIRECTION('',(-0.642267226469894,-0.766480795455874,0.));
#9746=DIRECTION('',(-0.788455144618079,-0.615092257247061,0.));
#9747=DIRECTION('',(-0.867655965833963,-0.497165088227979,0.));
#9748=DIRECTION('',(-0.929643866888634,-0.368459333924855,0.));
#9749=DIRECTION('',(-0.972936589701831,-0.23107226665996,0.));
#9750=DIRECTION('',(-0.996792390475369,-0.0800308083827696,0.));
#9751=DIRECTION('',(-1.,0.,0.));
#9752=DIRECTION('',(-0.999999990346743,0.000138947884898964,0.));
#9753=DIRECTION('',(-0.800472007066579,-0.599370140983685,0.));
#9754=DIRECTION('',(-0.996811958313867,-0.0797867141977494,0.));
#9755=DIRECTION('',(-0.973056132483741,-0.230568347861939,0.));
#9756=DIRECTION('',(-0.92982993357053,-0.367989530606814,0.));
#9757=DIRECTION('',(-0.867911708067331,-0.496718498749189,0.));
#9758=DIRECTION('',(-0.7887637279535,-0.614696495406389,0.));
#9759=DIRECTION('',(-0.642661869739836,-0.766149933878805,0.));
#9760=DIRECTION('',(-0.405943628126817,-0.913898118382589,0.));
#9761=DIRECTION('',(-0.13805511668199,-0.99042454773593,0.));
#9762=DIRECTION('',(0.00102031155886903,-0.999999479482026,0.));
#9763=DIRECTION('',(-0.515487649292978,-0.856897008645963,0.));
#9764=DIRECTION('',(-0.13805511668199,-0.99042454773593,0.));
#9765=DIRECTION('',(-0.405943628126817,-0.913898118382589,0.));
#9766=DIRECTION('',(-0.642661869739836,-0.766149933878805,0.));
#9767=DIRECTION('',(-0.78875840265895,-0.614703328634961,0.));
#9768=DIRECTION('',(-0.867911708067331,-0.496718498749189,0.));
#9769=DIRECTION('',(-0.929828024123018,-0.367994355331007,0.));
#9770=DIRECTION('',(-0.973051545236036,-0.230587706337009,0.));
#9771=DIRECTION('',(-0.996832862793285,-0.0795251133626627,0.));
#9772=DIRECTION('',(-0.999999993615282,0.000113001932867332,0.));
#9773=DIRECTION('',(-0.125835394642031,-0.992051134496244,0.));
#9774=DIRECTION('',(-0.996793451224774,-0.0800175955362519,0.));
#9775=DIRECTION('',(-0.972942826553668,-0.231046004634921,0.));
#9776=DIRECTION('',(-0.929658356147767,-0.368422774600908,0.));
#9777=DIRECTION('',(-0.867671523357361,-0.497137936145207,0.));
#9778=DIRECTION('',(-0.788468814485424,-0.615074734145331,0.));
#9779=DIRECTION('',(-0.642290963472091,-0.766460904575108,0.));
#9780=DIRECTION('',(-0.405507702592877,-0.914091627320723,0.));
#9781=DIRECTION('',(-0.137587817310973,-0.990489572144807,0.));
#9782=DIRECTION('',(0.,-1.,0.));
#9783=DIRECTION('',(-0.137584675002056,-0.990490008634403,0.));
#9784=DIRECTION('',(-0.405515726687911,-0.9140880676438,0.));
#9785=DIRECTION('',(-0.64228745905717,-0.766463841246203,0.));
#9786=DIRECTION('',(-0.788467311421383,-0.615076660929299,0.));
#9787=DIRECTION('',(-0.86766894131801,-0.497142442638006,0.));
#9788=DIRECTION('',(-0.929650610908681,-0.368442317923873,0.));
#9789=DIRECTION('',(-0.972940448772661,-0.231056017324919,0.));
#9790=DIRECTION('',(-0.996792744007393,-0.0800264049811815,0.));
#9791=DIRECTION('',(-1.,0.,0.));
#9792=DIRECTION('',(-0.999999995956422,8.99286172770679E-5,0.));
#9793=DIRECTION('',(-0.495084880642239,-0.868844612666419,0.));
#9794=DIRECTION('',(-0.996811801162936,-0.0797886775319849,0.));
#9795=DIRECTION('',(-0.973049170362982,-0.230597727776996,0.));
#9796=DIRECTION('',(-0.929822193625227,-0.36800908717309,0.));
#9797=DIRECTION('',(-0.867893578912827,-0.496750174314901,0.));
#9798=DIRECTION('',(-0.78875156938818,-0.614712096666141,0.));
#9799=DIRECTION('',(-0.642645828670859,-0.766163389161832,0.));
#9800=DIRECTION('',(-0.405930228591983,-0.913904070192961,0.));
#9801=DIRECTION('',(-0.138027646340991,-0.990428376433938,0.));
#9802=DIRECTION('',(8.67623941694913E-6,-0.999999999962361,0.));
#9803=DIRECTION('',(-0.22045756810395,-0.97539656584678,0.));
#9804=DIRECTION('',(0.0249763035928995,-0.99968804347098,0.));
#9805=DIRECTION('',(0.10157823171101,-0.994827554324097,0.));
#9806=DIRECTION('',(0.177577315705041,-0.98410685240323,0.));
#9807=DIRECTION('',(0.289223687852036,-0.957261541265118,0.));
#9808=DIRECTION('',(0.431636211731054,-0.902047770754113,0.));
#9809=DIRECTION('',(0.499564186608902,-0.86627687459483,0.));
#9810=DIRECTION('',(0.557189612009094,-0.83038529386614,0.));
#9811=DIRECTION('',(0.576584781727041,-0.817037324411058,0.));
#9812=DIRECTION('',(0.628005628665704,-0.778208796123633,0.));
#9813=DIRECTION('',(0.692377119395093,-0.721535809602097,0.));
#9814=DIRECTION('',(0.751805671027375,-0.659384738230329,0.));
#9815=DIRECTION('',(0.805701523823944,-0.592321749142959,0.));
#9816=DIRECTION('',(0.85352107792457,-0.521058316830737,0.));
#9817=DIRECTION('',(0.894963786568791,-0.446138790882896,0.));
#9818=DIRECTION('',(0.929696340691046,-0.368326912003018,0.));
#9819=DIRECTION('',(0.957613106829127,-0.288057524861038,0.));
#9820=DIRECTION('',(0.986372462635816,-0.164527702693969,0.));
#9821=DIRECTION('',(0.999993640583599,0.00356634159312657,0.));
#9822=DIRECTION('',(0.985180787146318,0.171519143648055,0.));
#9823=DIRECTION('',(0.942327217790185,0.334693015481066,0.));
#9824=DIRECTION('',(0.872908858965665,0.487883309756813,0.));
#9825=DIRECTION('',(0.865805232347645,0.500381154360795,0.));
#9826=DIRECTION('',(0.97153589876456,0.236892375165893,0.));
#9827=DIRECTION('',(0.990032349268509,0.14084014840193,0.));
#9828=DIRECTION('',(0.991644500991842,0.129000711829979,0.));
#9829=DIRECTION('',(0.99384975629968,0.110736903979964,0.));
#9830=DIRECTION('',(0.934624522527023,0.355636052575009,0.));
#9831=DIRECTION('',(0.799127302009011,0.601161837764008,0.));
#9832=DIRECTION('',(0.589221225957705,0.807971748813595,0.));
#9833=DIRECTION('',(0.798684234111917,0.601750358687937,0.));
#9834=DIRECTION('',(0.934360936201013,0.356327996236005,0.));
#9835=DIRECTION('',(0.993779302744962,0.111367398441996,0.));
#9836=DIRECTION('',(1.,0.,0.));
#9837=DIRECTION('',(0.999999999840241,1.78750433833243E-5,0.));
#9838=DIRECTION('',(0.999999992248106,-0.000124514206203613,0.));
#9839=DIRECTION('',(0.99683294114301,0.0795241312569708,0.));
#9840=DIRECTION('',(0.973051545236036,0.230587706337009,0.));
#9841=DIRECTION('',(0.92982993357053,0.367989530606814,0.));
#9842=DIRECTION('',(0.867908249515838,0.496724541795907,0.));
#9843=DIRECTION('',(0.78875840265895,0.614703328634961,0.));
#9844=DIRECTION('',(0.642657691136964,0.766153438954957,0.));
#9845=DIRECTION('',(0.405948982243184,0.913895740123414,0.));
#9846=DIRECTION('',(0.138054131113944,0.9904246851136,0.));
#9847=DIRECTION('',(0.,1.,0.));
#9848=DIRECTION('center_axis',(0.,0.,-1.));
#9849=DIRECTION('ref_axis',(0.,-1.,0.));
#9850=DIRECTION('',(-0.499999934281137,0.866025441727238,0.));
#9851=DIRECTION('',(0.86602534316094,0.500000105002965,0.));
#9852=DIRECTION('',(0.499999934281137,-0.866025441727238,0.));
#9853=DIRECTION('',(-0.86602534316094,-0.500000105002965,0.));
#9854=DIRECTION('center_axis',(0.,0.,-1.));
#9855=DIRECTION('ref_axis',(6.932124251318E-15,-1.,0.));
#9856=DIRECTION('center_axis',(0.,0.,-1.));
#9857=DIRECTION('ref_axis',(0.,-1.,0.));
#9858=DIRECTION('center_axis',(0.,0.,-1.));
#9859=DIRECTION('ref_axis',(0.,-1.,0.));
#9860=DIRECTION('center_axis',(0.,0.,-1.));
#9861=DIRECTION('ref_axis',(0.,-1.,0.));
#9862=DIRECTION('center_axis',(0.,0.,-1.));
#9863=DIRECTION('ref_axis',(0.,-1.,0.));
#9864=DIRECTION('center_axis',(0.,0.,-1.));
#9865=DIRECTION('ref_axis',(0.,-1.,0.));
#9866=DIRECTION('center_axis',(0.,0.,-1.));
#9867=DIRECTION('ref_axis',(0.,-1.,0.));
#9868=DIRECTION('center_axis',(0.,0.,-1.));
#9869=DIRECTION('ref_axis',(0.,-1.,0.));
#9870=DIRECTION('',(-0.258819038078071,0.965925828171264,0.));
#9871=DIRECTION('',(0.965925865814356,0.258818897592095,0.));
#9872=DIRECTION('',(0.258819038078071,-0.965925828171264,0.));
#9873=DIRECTION('',(-0.965925865814356,-0.258818897592095,0.));
#9874=DIRECTION('center_axis',(0.,0.,-1.));
#9875=DIRECTION('ref_axis',(0.,-1.,0.));
#9876=DIRECTION('',(-1.,0.,0.));
#9877=DIRECTION('',(0.,1.,0.));
#9878=DIRECTION('',(1.,0.,0.));
#9879=DIRECTION('',(0.,-1.,0.));
#9880=DIRECTION('center_axis',(0.,0.,-1.));
#9881=DIRECTION('ref_axis',(0.,-1.,0.));
#9882=DIRECTION('center_axis',(0.,0.,-1.));
#9883=DIRECTION('ref_axis',(-7.479397218527E-15,-1.,0.));
#9884=DIRECTION('center_axis',(0.,0.,-1.));
#9885=DIRECTION('ref_axis',(0.,-1.,0.));
#9886=DIRECTION('center_axis',(0.,0.,-1.));
#9887=DIRECTION('ref_axis',(2.368475785867E-15,-1.,0.));
#9888=DIRECTION('center_axis',(0.,0.,-1.));
#9889=DIRECTION('ref_axis',(0.,-1.,0.));
#9890=DIRECTION('center_axis',(0.,0.,-1.));
#9891=DIRECTION('ref_axis',(3.739698609264E-15,-1.,0.));
#9892=DIRECTION('center_axis',(0.,0.,-1.));
#9893=DIRECTION('ref_axis',(0.,-1.,0.));
#9894=DIRECTION('center_axis',(0.,0.,-1.));
#9895=DIRECTION('ref_axis',(0.,-1.,0.));
#9896=DIRECTION('',(-1.,0.,0.));
#9897=DIRECTION('center_axis',(0.,0.,-1.));
#9898=DIRECTION('ref_axis',(0.,1.,0.));
#9899=DIRECTION('',(1.,0.,0.));
#9900=DIRECTION('center_axis',(0.,0.,-1.));
#9901=DIRECTION('ref_axis',(0.,-1.,0.));
#9902=DIRECTION('center_axis',(0.,0.,-1.));
#9903=DIRECTION('ref_axis',(0.,-1.,0.));
#9904=DIRECTION('center_axis',(0.,0.,-1.));
#9905=DIRECTION('ref_axis',(0.,-1.,0.));
#9906=DIRECTION('',(-1.,0.,0.));
#9907=DIRECTION('center_axis',(0.,0.,-1.));
#9908=DIRECTION('ref_axis',(0.,1.,0.));
#9909=DIRECTION('',(1.,0.,0.));
#9910=DIRECTION('center_axis',(0.,0.,-1.));
#9911=DIRECTION('ref_axis',(0.,-1.,0.));
#9912=DIRECTION('',(-1.,0.,0.));
#9913=DIRECTION('center_axis',(0.,0.,-1.));
#9914=DIRECTION('ref_axis',(0.,1.,0.));
#9915=DIRECTION('',(1.,0.,0.));
#9916=DIRECTION('center_axis',(0.,0.,-1.));
#9917=DIRECTION('ref_axis',(-1.2918958832E-14,-1.,0.));
#9918=DIRECTION('center_axis',(0.,0.,-1.));
#9919=DIRECTION('ref_axis',(0.,-1.,0.));
#9920=DIRECTION('',(-1.,0.,0.));
#9921=DIRECTION('center_axis',(0.,0.,-1.));
#9922=DIRECTION('ref_axis',(0.,1.,0.));
#9923=DIRECTION('',(1.,0.,0.));
#9924=DIRECTION('',(-1.,0.,0.));
#9925=DIRECTION('',(0.,1.,0.));
#9926=DIRECTION('',(1.,0.,0.));
#9927=DIRECTION('',(0.,-1.,0.));
#9928=DIRECTION('center_axis',(0.,0.,-1.));
#9929=DIRECTION('ref_axis',(7.479397218527E-15,-1.,0.));
#9930=DIRECTION('center_axis',(0.,0.,-1.));
#9931=DIRECTION('ref_axis',(0.,-1.,0.));
#9932=DIRECTION('center_axis',(0.,0.,-1.));
#9933=DIRECTION('ref_axis',(2.1862853408E-14,-1.,0.));
#9934=DIRECTION('center_axis',(0.,0.,-1.));
#9935=DIRECTION('ref_axis',(-3.49676543189E-14,-1.,0.));
#9936=DIRECTION('center_axis',(0.,0.,-1.));
#9937=DIRECTION('ref_axis',(0.,-1.,0.));
#9938=DIRECTION('center_axis',(0.,0.,-1.));
#9939=DIRECTION('ref_axis',(0.,-1.,0.));
#9940=DIRECTION('center_axis',(0.,0.,-1.));
#9941=DIRECTION('ref_axis',(0.,-1.,0.));
#9942=DIRECTION('center_axis',(0.,0.,-1.));
#9943=DIRECTION('ref_axis',(2.1862853408E-14,-1.,0.));
#9944=DIRECTION('center_axis',(0.,0.,-1.));
#9945=DIRECTION('ref_axis',(0.,-1.,0.));
#9946=DIRECTION('center_axis',(0.,0.,-1.));
#9947=DIRECTION('ref_axis',(0.,-1.,0.));
#9948=DIRECTION('center_axis',(0.,0.,-1.));
#9949=DIRECTION('ref_axis',(-7.479397218527E-15,-1.,0.));
#9950=DIRECTION('',(-1.,0.,0.));
#9951=DIRECTION('',(0.,1.,0.));
#9952=DIRECTION('',(1.,0.,0.));
#9953=DIRECTION('',(0.,-1.,0.));
#9954=DIRECTION('center_axis',(0.,0.,-1.));
#9955=DIRECTION('ref_axis',(7.479397218527E-15,-1.,0.));
#9956=DIRECTION('center_axis',(0.,0.,-1.));
#9957=DIRECTION('ref_axis',(0.,-1.,0.));
#9958=DIRECTION('center_axis',(0.,0.,-1.));
#9959=DIRECTION('ref_axis',(0.,-1.,0.));
#9960=DIRECTION('center_axis',(0.,0.,-1.));
#9961=DIRECTION('ref_axis',(0.,-1.,0.));
#9962=DIRECTION('center_axis',(0.,0.,-1.));
#9963=DIRECTION('ref_axis',(0.,-1.,0.));
#9964=DIRECTION('center_axis',(0.,0.,-1.));
#9965=DIRECTION('ref_axis',(0.,-1.,0.));
#9966=DIRECTION('center_axis',(0.,0.,-1.));
#9967=DIRECTION('ref_axis',(0.,-1.,0.));
#9968=DIRECTION('center_axis',(0.,0.,-1.));
#9969=DIRECTION('ref_axis',(0.,-1.,0.));
#9970=DIRECTION('',(-1.,0.,0.));
#9971=DIRECTION('',(0.,1.,0.));
#9972=DIRECTION('',(1.,0.,0.));
#9973=DIRECTION('',(0.,-1.,0.));
#9974=DIRECTION('',(-1.,0.,0.));
#9975=DIRECTION('',(0.,1.,0.));
#9976=DIRECTION('',(1.,0.,0.));
#9977=DIRECTION('',(0.,-1.,0.));
#9978=DIRECTION('center_axis',(0.,0.,-1.));
#9979=DIRECTION('ref_axis',(0.,-1.,0.));
#9980=DIRECTION('center_axis',(0.,0.,-1.));
#9981=DIRECTION('ref_axis',(-1.869849304632E-15,-1.,0.));
#9982=DIRECTION('center_axis',(0.,0.,-1.));
#9983=DIRECTION('ref_axis',(-4.67462326158E-16,-1.,0.));
#9984=DIRECTION('center_axis',(0.,0.,-1.));
#9985=DIRECTION('ref_axis',(1.184237892933E-15,-1.,0.));
#9986=DIRECTION('center_axis',(0.,0.,-1.));
#9987=DIRECTION('ref_axis',(1.083144414268E-16,-1.,0.));
#9988=DIRECTION('center_axis',(0.,0.,-1.));
#9989=DIRECTION('ref_axis',(0.,-1.,0.));
#9990=DIRECTION('center_axis',(0.,0.,-1.));
#9991=DIRECTION('ref_axis',(9.349246523159E-16,-1.,0.));
#9992=DIRECTION('center_axis',(0.,0.,-1.));
#9993=DIRECTION('ref_axis',(-2.960594732334E-16,-1.,0.));
#9994=DIRECTION('',(-1.,0.,0.));
#9995=DIRECTION('',(0.,1.,0.));
#9996=DIRECTION('',(1.,0.,0.));
#9997=DIRECTION('',(0.,-1.,0.));
#9998=DIRECTION('center_axis',(0.,0.,-1.));
#9999=DIRECTION('ref_axis',(-1.869849304632E-15,-1.,0.));
#10000=DIRECTION('center_axis',(0.,0.,-1.));
#10001=DIRECTION('ref_axis',(0.,-1.,0.));
#10002=DIRECTION('center_axis',(0.,0.,-1.));
#10003=DIRECTION('ref_axis',(0.,-1.,0.));
#10004=DIRECTION('center_axis',(0.,0.,-1.));
#10005=DIRECTION('ref_axis',(3.739698609264E-15,-1.,0.));
#10006=DIRECTION('',(-1.,0.,0.));
#10007=DIRECTION('',(0.,1.,0.));
#10008=DIRECTION('',(1.,0.,0.));
#10009=DIRECTION('',(0.,-1.,0.));
#10010=DIRECTION('center_axis',(0.,0.,-1.));
#10011=DIRECTION('ref_axis',(7.479397218527E-15,-1.,0.));
#10012=DIRECTION('center_axis',(0.,0.,-1.));
#10013=DIRECTION('ref_axis',(0.,-1.,0.));
#10014=DIRECTION('center_axis',(0.,0.,-1.));
#10015=DIRECTION('ref_axis',(0.,-1.,0.));
#10016=DIRECTION('center_axis',(0.,0.,-1.));
#10017=DIRECTION('ref_axis',(-7.479397218527E-15,-1.,0.));
#10018=DIRECTION('center_axis',(0.,0.,-1.));
#10019=DIRECTION('ref_axis',(0.,-1.,0.));
#10020=DIRECTION('center_axis',(0.,0.,-1.));
#10021=DIRECTION('ref_axis',(0.,-1.,0.));
#10022=DIRECTION('center_axis',(0.,0.,-1.));
#10023=DIRECTION('ref_axis',(0.,-1.,0.));
#10024=DIRECTION('center_axis',(0.,0.,-1.));
#10025=DIRECTION('ref_axis',(0.,-1.,0.));
#10026=DIRECTION('center_axis',(0.,0.,-1.));
#10027=DIRECTION('ref_axis',(0.,-1.,0.));
#10028=DIRECTION('center_axis',(0.,0.,-1.));
#10029=DIRECTION('ref_axis',(0.,-1.,0.));
#10030=DIRECTION('center_axis',(0.,0.,-1.));
#10031=DIRECTION('ref_axis',(0.,-1.,0.));
#10032=DIRECTION('center_axis',(0.,0.,-1.));
#10033=DIRECTION('ref_axis',(0.,-1.,0.));
#10034=DIRECTION('center_axis',(0.,0.,-1.));
#10035=DIRECTION('ref_axis',(0.,-1.,0.));
#10036=DIRECTION('',(-1.,0.,0.));
#10037=DIRECTION('',(0.,1.,0.));
#10038=DIRECTION('',(1.,0.,0.));
#10039=DIRECTION('',(0.,-1.,0.));
#10040=DIRECTION('center_axis',(0.,0.,-1.));
#10041=DIRECTION('ref_axis',(0.,-1.,0.));
#10042=DIRECTION('center_axis',(0.,0.,-1.));
#10043=DIRECTION('ref_axis',(0.,-1.,0.));
#10044=DIRECTION('center_axis',(0.,0.,-1.));
#10045=DIRECTION('ref_axis',(7.479397218527E-15,-1.,0.));
#10046=DIRECTION('center_axis',(0.,0.,-1.));
#10047=DIRECTION('ref_axis',(0.,-1.,0.));
#10048=DIRECTION('center_axis',(0.,0.,-1.));
#10049=DIRECTION('ref_axis',(0.,-1.,0.));
#10050=DIRECTION('center_axis',(0.,0.,-1.));
#10051=DIRECTION('ref_axis',(0.,-1.,0.));
#10052=DIRECTION('center_axis',(0.,0.,-1.));
#10053=DIRECTION('ref_axis',(0.,-1.,0.));
#10054=DIRECTION('center_axis',(0.,0.,-1.));
#10055=DIRECTION('ref_axis',(0.,-1.,0.));
#10056=DIRECTION('center_axis',(0.,0.,-1.));
#10057=DIRECTION('ref_axis',(0.,-1.,0.));
#10058=DIRECTION('center_axis',(0.,0.,-1.));
#10059=DIRECTION('ref_axis',(0.,-1.,0.));
#10060=DIRECTION('center_axis',(0.,0.,-1.));
#10061=DIRECTION('ref_axis',(0.,-1.,0.));
#10062=DIRECTION('center_axis',(0.,0.,-1.));
#10063=DIRECTION('ref_axis',(0.,-1.,0.));
#10064=DIRECTION('center_axis',(0.,0.,-1.));
#10065=DIRECTION('ref_axis',(0.,-1.,0.));
#10066=DIRECTION('center_axis',(0.,0.,-1.));
#10067=DIRECTION('ref_axis',(0.,-1.,0.));
#10068=DIRECTION('center_axis',(0.,0.,-1.));
#10069=DIRECTION('ref_axis',(-7.479397218527E-15,-1.,0.));
#10070=DIRECTION('',(-1.,0.,0.));
#10071=DIRECTION('',(0.,1.,0.));
#10072=DIRECTION('',(1.,0.,0.));
#10073=DIRECTION('',(0.,-1.,0.));
#10074=DIRECTION('center_axis',(0.,0.,-1.));
#10075=DIRECTION('ref_axis',(7.479397218527E-15,-1.,0.));
#10076=DIRECTION('center_axis',(0.,0.,-1.));
#10077=DIRECTION('ref_axis',(0.,-1.,0.));
#10078=DIRECTION('center_axis',(0.,0.,-1.));
#10079=DIRECTION('ref_axis',(0.,-1.,0.));
#10080=DIRECTION('center_axis',(0.,0.,-1.));
#10081=DIRECTION('ref_axis',(0.,-1.,0.));
#10082=DIRECTION('center_axis',(0.,0.,-1.));
#10083=DIRECTION('ref_axis',(0.,-1.,0.));
#10084=DIRECTION('center_axis',(0.,0.,-1.));
#10085=DIRECTION('ref_axis',(0.,-1.,0.));
#10086=DIRECTION('center_axis',(0.,0.,-1.));
#10087=DIRECTION('ref_axis',(0.,-1.,0.));
#10088=DIRECTION('center_axis',(0.,0.,-1.));
#10089=DIRECTION('ref_axis',(0.,-1.,0.));
#10090=DIRECTION('center_axis',(0.,0.,-1.));
#10091=DIRECTION('ref_axis',(0.,-1.,0.));
#10092=DIRECTION('center_axis',(0.,0.,-1.));
#10093=DIRECTION('ref_axis',(0.,-1.,0.));
#10094=DIRECTION('center_axis',(0.,0.,-1.));
#10095=DIRECTION('ref_axis',(0.,-1.,0.));
#10096=DIRECTION('center_axis',(0.,0.,-1.));
#10097=DIRECTION('ref_axis',(0.,-1.,0.));
#10098=DIRECTION('center_axis',(0.,0.,-1.));
#10099=DIRECTION('ref_axis',(0.,-1.,0.));
#10100=DIRECTION('center_axis',(0.,0.,-1.));
#10101=DIRECTION('ref_axis',(0.,-1.,0.));
#10102=DIRECTION('',(-1.,0.,0.));
#10103=DIRECTION('',(0.,1.,0.));
#10104=DIRECTION('',(1.,0.,0.));
#10105=DIRECTION('',(0.,-1.,0.));
#10106=DIRECTION('center_axis',(0.,0.,-1.));
#10107=DIRECTION('ref_axis',(0.,-1.,0.));
#10108=DIRECTION('center_axis',(0.,0.,-1.));
#10109=DIRECTION('ref_axis',(0.,-1.,0.));
#10110=DIRECTION('center_axis',(0.,0.,-1.));
#10111=DIRECTION('ref_axis',(0.,-1.,0.));
#10112=DIRECTION('center_axis',(0.,0.,-1.));
#10113=DIRECTION('ref_axis',(0.,-1.,0.));
#10114=DIRECTION('center_axis',(0.,0.,-1.));
#10115=DIRECTION('ref_axis',(0.,-1.,0.));
#10116=DIRECTION('center_axis',(0.,0.,-1.));
#10117=DIRECTION('ref_axis',(0.,-1.,0.));
#10118=DIRECTION('center_axis',(0.,0.,-1.));
#10119=DIRECTION('ref_axis',(0.,-1.,0.));
#10120=DIRECTION('',(-1.,0.,0.));
#10121=DIRECTION('',(0.,1.,0.));
#10122=DIRECTION('',(1.,0.,0.));
#10123=DIRECTION('',(0.,-1.,0.));
#10124=DIRECTION('center_axis',(0.,0.,-1.));
#10125=DIRECTION('ref_axis',(7.479397218527E-15,-1.,0.));
#10126=DIRECTION('center_axis',(0.,0.,-1.));
#10127=DIRECTION('ref_axis',(0.,-1.,0.));
#10128=DIRECTION('center_axis',(0.,0.,-1.));
#10129=DIRECTION('ref_axis',(0.,-1.,0.));
#10130=DIRECTION('center_axis',(0.,0.,-1.));
#10131=DIRECTION('ref_axis',(0.,-1.,0.));
#10132=DIRECTION('center_axis',(0.,0.,-1.));
#10133=DIRECTION('ref_axis',(0.,-1.,0.));
#10134=DIRECTION('center_axis',(0.,0.,-1.));
#10135=DIRECTION('ref_axis',(0.,-1.,0.));
#10136=DIRECTION('center_axis',(0.,0.,-1.));
#10137=DIRECTION('ref_axis',(0.,-1.,0.));
#10138=DIRECTION('',(-1.,0.,0.));
#10139=DIRECTION('',(0.,1.,0.));
#10140=DIRECTION('',(1.,0.,0.));
#10141=DIRECTION('',(0.,-1.,0.));
#10142=DIRECTION('',(-1.,0.,0.));
#10143=DIRECTION('',(0.,1.,0.));
#10144=DIRECTION('',(1.,0.,0.));
#10145=DIRECTION('',(0.,-1.,0.));
#10146=DIRECTION('center_axis',(0.,0.,-1.));
#10147=DIRECTION('ref_axis',(0.,-1.,0.));
#10148=DIRECTION('center_axis',(0.,0.,-1.));
#10149=DIRECTION('ref_axis',(-1.869849304632E-15,-1.,0.));
#10150=DIRECTION('center_axis',(0.,0.,-1.));
#10151=DIRECTION('ref_axis',(-4.67462326158E-16,-1.,0.));
#10152=DIRECTION('center_axis',(0.,0.,-1.));
#10153=DIRECTION('ref_axis',(1.184237892933E-15,-1.,0.));
#10154=DIRECTION('center_axis',(0.,0.,-1.));
#10155=DIRECTION('ref_axis',(-1.083144414268E-16,-1.,0.));
#10156=DIRECTION('center_axis',(0.,0.,-1.));
#10157=DIRECTION('ref_axis',(0.,-1.,0.));
#10158=DIRECTION('center_axis',(0.,0.,-1.));
#10159=DIRECTION('ref_axis',(9.349246523159E-16,-1.,0.));
#10160=DIRECTION('center_axis',(0.,0.,-1.));
#10161=DIRECTION('ref_axis',(-2.960594732334E-16,-1.,0.));
#10162=DIRECTION('',(-1.,0.,0.));
#10163=DIRECTION('',(0.,1.,0.));
#10164=DIRECTION('',(1.,0.,0.));
#10165=DIRECTION('',(0.,-1.,0.));
#10166=DIRECTION('center_axis',(0.,0.,-1.));
#10167=DIRECTION('ref_axis',(-1.869849304632E-15,-1.,0.));
#10168=DIRECTION('center_axis',(0.,0.,-1.));
#10169=DIRECTION('ref_axis',(0.,-1.,0.));
#10170=DIRECTION('center_axis',(0.,0.,-1.));
#10171=DIRECTION('ref_axis',(0.,-1.,0.));
#10172=DIRECTION('center_axis',(0.,0.,-1.));
#10173=DIRECTION('ref_axis',(3.739698609264E-15,-1.,0.));
#10174=DIRECTION('',(-1.,0.,0.));
#10175=DIRECTION('',(0.,1.,0.));
#10176=DIRECTION('',(1.,0.,0.));
#10177=DIRECTION('',(0.,-1.,0.));
#10178=DIRECTION('center_axis',(0.,0.,-1.));
#10179=DIRECTION('ref_axis',(7.479397218527E-15,-1.,0.));
#10180=DIRECTION('center_axis',(0.,0.,-1.));
#10181=DIRECTION('ref_axis',(0.,-1.,0.));
#10182=DIRECTION('center_axis',(0.,0.,-1.));
#10183=DIRECTION('ref_axis',(0.,-1.,0.));
#10184=DIRECTION('center_axis',(0.,0.,-1.));
#10185=DIRECTION('ref_axis',(-7.479397218527E-15,-1.,0.));
#10186=DIRECTION('center_axis',(0.,0.,-1.));
#10187=DIRECTION('ref_axis',(0.,-1.,0.));
#10188=DIRECTION('center_axis',(0.,0.,-1.));
#10189=DIRECTION('ref_axis',(0.,-1.,0.));
#10190=DIRECTION('center_axis',(0.,0.,-1.));
#10191=DIRECTION('ref_axis',(0.,-1.,0.));
#10192=DIRECTION('',(-1.,0.,0.));
#10193=DIRECTION('',(0.,1.,0.));
#10194=DIRECTION('',(1.,0.,0.));
#10195=DIRECTION('',(0.,-1.,0.));
#10196=DIRECTION('',(-1.,0.,0.));
#10197=DIRECTION('',(0.,1.,0.));
#10198=DIRECTION('',(1.,0.,0.));
#10199=DIRECTION('',(0.,-1.,0.));
#10200=DIRECTION('center_axis',(0.,0.,-1.));
#10201=DIRECTION('ref_axis',(0.,-1.,0.));
#10202=DIRECTION('center_axis',(0.,0.,-1.));
#10203=DIRECTION('ref_axis',(-1.869849304632E-15,-1.,0.));
#10204=DIRECTION('center_axis',(0.,0.,-1.));
#10205=DIRECTION('ref_axis',(-4.67462326158E-16,-1.,0.));
#10206=DIRECTION('center_axis',(0.,0.,-1.));
#10207=DIRECTION('ref_axis',(1.184237892934E-15,-1.,0.));
#10208=DIRECTION('center_axis',(0.,0.,-1.));
#10209=DIRECTION('ref_axis',(-1.083144414268E-16,-1.,0.));
#10210=DIRECTION('center_axis',(0.,0.,-1.));
#10211=DIRECTION('ref_axis',(0.,-1.,0.));
#10212=DIRECTION('center_axis',(0.,0.,-1.));
#10213=DIRECTION('ref_axis',(9.349246523159E-16,-1.,0.));
#10214=DIRECTION('center_axis',(0.,0.,-1.));
#10215=DIRECTION('ref_axis',(-2.960594732334E-16,-1.,0.));
#10216=DIRECTION('',(-1.,0.,0.));
#10217=DIRECTION('',(0.,1.,0.));
#10218=DIRECTION('',(1.,0.,0.));
#10219=DIRECTION('',(0.,-1.,0.));
#10220=DIRECTION('center_axis',(0.,0.,-1.));
#10221=DIRECTION('ref_axis',(-1.869849304632E-15,-1.,0.));
#10222=DIRECTION('center_axis',(0.,0.,-1.));
#10223=DIRECTION('ref_axis',(0.,-1.,0.));
#10224=DIRECTION('center_axis',(0.,0.,-1.));
#10225=DIRECTION('ref_axis',(0.,-1.,0.));
#10226=DIRECTION('center_axis',(0.,0.,-1.));
#10227=DIRECTION('ref_axis',(3.739698609264E-15,-1.,0.));
#10228=DIRECTION('',(-1.,0.,0.));
#10229=DIRECTION('',(0.,1.,0.));
#10230=DIRECTION('',(1.,0.,0.));
#10231=DIRECTION('',(0.,-1.,0.));
#10232=DIRECTION('center_axis',(0.,0.,-1.));
#10233=DIRECTION('ref_axis',(7.479397218527E-15,-1.,0.));
#10234=DIRECTION('center_axis',(0.,0.,-1.));
#10235=DIRECTION('ref_axis',(0.,-1.,0.));
#10236=DIRECTION('center_axis',(0.,0.,-1.));
#10237=DIRECTION('ref_axis',(0.,-1.,0.));
#10238=DIRECTION('center_axis',(0.,0.,-1.));
#10239=DIRECTION('ref_axis',(-7.479397218527E-15,-1.,0.));
#10240=DIRECTION('center_axis',(0.,0.,-1.));
#10241=DIRECTION('ref_axis',(0.,-1.,0.));
#10242=DIRECTION('center_axis',(0.,0.,-1.));
#10243=DIRECTION('ref_axis',(0.,-1.,0.));
#10244=DIRECTION('center_axis',(0.405942955396843,0.913898417201648,0.));
#10245=DIRECTION('ref_axis',(0.913898417201647,-0.405942955396843,0.));
#10246=DIRECTION('',(0.,0.,1.));
#10247=DIRECTION('',(0.,0.,1.));
#10248=DIRECTION('',(0.913898417201647,-0.405942955396843,0.));
#10249=DIRECTION('center_axis',(0.138054131113944,0.9904246851136,0.));
#10250=DIRECTION('ref_axis',(0.9904246851136,-0.138054131113944,0.));
#10251=DIRECTION('',(0.,0.,1.));
#10252=DIRECTION('',(0.9904246851136,-0.138054131113944,0.));
#10253=DIRECTION('center_axis',(0.642653512476005,0.766156944041006,0.));
#10254=DIRECTION('ref_axis',(0.766156944041006,-0.642653512476005,0.));
#10255=DIRECTION('',(0.,0.,1.));
#10256=DIRECTION('',(0.766156944041006,-0.642653512476005,0.));
#10257=DIRECTION('center_axis',(0.,0.,1.));
#10258=DIRECTION('ref_axis',(1.,0.,0.));
#10259=DIRECTION('',(0.,-1.,0.));
#10260=DIRECTION('',(-0.138054131113944,-0.9904246851136,0.));
#10261=DIRECTION('',(-0.405948982243184,-0.913895740123414,0.));
#10262=DIRECTION('',(-0.642657691136964,-0.766153438954957,0.));
#10263=DIRECTION('',(-0.78875840265895,-0.614703328634961,0.));
#10264=DIRECTION('',(-0.867908249515838,-0.496724541795907,0.));
#10265=DIRECTION('',(-0.92982993357053,-0.367989530606814,0.));
#10266=DIRECTION('',(-0.973051545236036,-0.230587706337009,0.));
#10267=DIRECTION('',(-0.99683294114301,-0.0795241312569708,0.));
#10268=DIRECTION('',(-0.999999992248106,0.000124514206203613,0.));
#10269=DIRECTION('',(-0.999999999840241,-1.78750433833243E-5,0.));
#10270=DIRECTION('',(-1.,0.,0.));
#10271=DIRECTION('',(-0.993779302744962,-0.111367398441996,0.));
#10272=DIRECTION('',(-0.934360936201013,-0.356327996236005,0.));
#10273=DIRECTION('',(-0.798684234111917,-0.601750358687937,0.));
#10274=DIRECTION('',(-0.589221225957705,-0.807971748813595,0.));
#10275=DIRECTION('',(-0.799127302009011,-0.601161837764008,0.));
#10276=DIRECTION('',(-0.934624522527023,-0.355636052575009,0.));
#10277=DIRECTION('',(-0.99384975629968,-0.110736903979964,0.));
#10278=DIRECTION('',(-0.991644500991842,-0.129000711829979,0.));
#10279=DIRECTION('',(-0.990032349268509,-0.14084014840193,0.));
#10280=DIRECTION('',(-0.97153589876456,-0.236892375165893,0.));
#10281=DIRECTION('',(-0.865805232347645,-0.500381154360795,0.));
#10282=DIRECTION('',(-0.872908858965665,-0.487883309756813,0.));
#10283=DIRECTION('',(-0.942327217790185,-0.334693015481066,0.));
#10284=DIRECTION('',(-0.985180787146318,-0.171519143648055,0.));
#10285=DIRECTION('',(-0.999993640583599,-0.00356634159312657,0.));
#10286=DIRECTION('',(-0.986372462635816,0.164527702693969,0.));
#10287=DIRECTION('',(-0.957613106829127,0.288057524861038,0.));
#10288=DIRECTION('',(-0.929696340691046,0.368326912003018,0.));
#10289=DIRECTION('',(-0.894963786568791,0.446138790882896,0.));
#10290=DIRECTION('',(-0.85352107792457,0.521058316830737,0.));
#10291=DIRECTION('',(-0.805701523823944,0.592321749142959,0.));
#10292=DIRECTION('',(-0.751805671027375,0.659384738230329,0.));
#10293=DIRECTION('',(-0.692377119395093,0.721535809602097,0.));
#10294=DIRECTION('',(-0.628005628665704,0.778208796123633,0.));
#10295=DIRECTION('',(-0.576584781727041,0.817037324411058,0.));
#10296=DIRECTION('',(-0.557189612009094,0.83038529386614,0.));
#10297=DIRECTION('',(-0.499564186608902,0.86627687459483,0.));
#10298=DIRECTION('',(-0.431636211731054,0.902047770754113,0.));
#10299=DIRECTION('',(-0.289223687852036,0.957261541265118,0.));
#10300=DIRECTION('',(-0.177577315705041,0.98410685240323,0.));
#10301=DIRECTION('',(-0.10157823171101,0.994827554324097,0.));
#10302=DIRECTION('',(-0.0249763035928995,0.99968804347098,0.));
#10303=DIRECTION('',(0.22045756810395,0.97539656584678,0.));
#10304=DIRECTION('',(-8.67623941694913E-6,0.999999999962361,0.));
#10305=DIRECTION('',(0.138027646340991,0.990428376433938,0.));
#10306=DIRECTION('',(0.405930228591983,0.913904070192961,0.));
#10307=DIRECTION('',(0.642645828670859,0.766163389161832,0.));
#10308=DIRECTION('',(0.78875156938818,0.614712096666141,0.));
#10309=DIRECTION('',(0.867893578912827,0.496750174314901,0.));
#10310=DIRECTION('',(0.929822193625227,0.36800908717309,0.));
#10311=DIRECTION('',(0.973049170362982,0.230597727776996,0.));
#10312=DIRECTION('',(0.996811801162936,0.0797886775319849,0.));
#10313=DIRECTION('',(0.495084880642239,0.868844612666419,0.));
#10314=DIRECTION('',(0.999999995956422,-8.99286172770679E-5,0.));
#10315=DIRECTION('',(1.,0.,0.));
#10316=DIRECTION('',(0.996792744007393,0.0800264049811815,0.));
#10317=DIRECTION('',(0.972940448772661,0.231056017324919,0.));
#10318=DIRECTION('',(0.929650610908681,0.368442317923873,0.));
#10319=DIRECTION('',(0.86766894131801,0.497142442638006,0.));
#10320=DIRECTION('',(0.788467311421383,0.615076660929299,0.));
#10321=DIRECTION('',(0.64228745905717,0.766463841246203,0.));
#10322=DIRECTION('',(0.405515726687911,0.9140880676438,0.));
#10323=DIRECTION('',(0.137584675002056,0.990490008634403,0.));
#10324=DIRECTION('',(0.,1.,0.));
#10325=DIRECTION('',(0.137587817310973,0.990489572144807,0.));
#10326=DIRECTION('',(0.405507702592877,0.914091627320723,0.));
#10327=DIRECTION('',(0.642290963472091,0.766460904575108,0.));
#10328=DIRECTION('',(0.788468814485424,0.615074734145331,0.));
#10329=DIRECTION('',(0.867671523357361,0.497137936145207,0.));
#10330=DIRECTION('',(0.929658356147767,0.368422774600908,0.));
#10331=DIRECTION('',(0.972942826553668,0.231046004634921,0.));
#10332=DIRECTION('',(0.996793451224774,0.0800175955362519,0.));
#10333=DIRECTION('',(0.125835394642031,0.992051134496244,0.));
#10334=DIRECTION('',(0.999999993615282,-0.000113001932867332,0.));
#10335=DIRECTION('',(0.996832862793285,0.0795251133626627,0.));
#10336=DIRECTION('',(0.973051545236036,0.230587706337009,0.));
#10337=DIRECTION('',(0.929828024123018,0.367994355331007,0.));
#10338=DIRECTION('',(0.867911708067331,0.496718498749189,0.));
#10339=DIRECTION('',(0.78875840265895,0.614703328634961,0.));
#10340=DIRECTION('',(0.642661869739836,0.766149933878805,0.));
#10341=DIRECTION('',(0.405943628126817,0.913898118382589,0.));
#10342=DIRECTION('',(0.13805511668199,0.99042454773593,0.));
#10343=DIRECTION('',(0.515487649292978,0.856897008645963,0.));
#10344=DIRECTION('',(-0.00102031155886903,0.999999479482026,0.));
#10345=DIRECTION('',(0.13805511668199,0.99042454773593,0.));
#10346=DIRECTION('',(0.405943628126817,0.913898118382589,0.));
#10347=DIRECTION('',(0.642661869739836,0.766149933878805,0.));
#10348=DIRECTION('',(0.7887637279535,0.614696495406389,0.));
#10349=DIRECTION('',(0.867911708067331,0.496718498749189,0.));
#10350=DIRECTION('',(0.92982993357053,0.367989530606814,0.));
#10351=DIRECTION('',(0.973056132483741,0.230568347861939,0.));
#10352=DIRECTION('',(0.996811958313867,0.0797867141977494,0.));
#10353=DIRECTION('',(0.800472007066579,0.599370140983685,0.));
#10354=DIRECTION('',(0.999999990346743,-0.000138947884898964,0.));
#10355=DIRECTION('',(1.,0.,0.));
#10356=DIRECTION('',(1.,0.,0.));
#10357=DIRECTION('',(0.996792390475369,0.0800308083827696,0.));
#10358=DIRECTION('',(0.972936589701831,0.23107226665996,0.));
#10359=DIRECTION('',(0.929643866888634,0.368459333924855,0.));
#10360=DIRECTION('',(0.867655965833963,0.497165088227979,0.));
#10361=DIRECTION('',(0.788455144618079,0.615092257247061,0.));
#10362=DIRECTION('',(0.642267226469894,0.766480795455874,0.));
#10363=DIRECTION('',(0.405491609285763,0.914098766435467,0.));
#10364=DIRECTION('',(0.137558353120066,0.990493664536475,0.));
#10365=DIRECTION('',(0.395167433117247,0.918609111539574,0.));
#10366=DIRECTION('',(-0.000612102859639617,0.999999812665027,0.));
#10367=DIRECTION('',(0.137551281456055,0.990494646613396,0.));
#10368=DIRECTION('',(0.405491609285763,0.914098766435467,0.));
#10369=DIRECTION('',(0.642270730897016,0.766477858932019,0.));
#10370=DIRECTION('',(0.788449812453998,0.615099092212999,0.));
#10371=DIRECTION('',(0.867655965833963,0.497165088227979,0.));
#10372=DIRECTION('',(0.929640951307091,0.368466690018036,0.));
#10373=DIRECTION('',(0.972935849023902,0.231075385283977,0.));
#10374=DIRECTION('',(0.996792469822467,0.0800298200999275,0.));
#10375=DIRECTION('',(1.,0.,0.));
#10376=DIRECTION('',(0.614694560375791,-0.788765235950732,0.));
#10377=DIRECTION('',(0.496729057491967,-0.867905665059943,0.));
#10378=DIRECTION('',(0.367994355331007,-0.929828024123018,0.));
#10379=DIRECTION('',(0.230587706337009,-0.973051545236036,0.));
#10380=DIRECTION('',(0.0795354595250105,-0.996832037345382,0.));
#10381=DIRECTION('',(0.,-1.,0.));
#10382=DIRECTION('',(0.0800288318413006,-0.996792549166634,0.));
#10383=DIRECTION('',(0.23107226665996,-0.972936589701831,0.));
#10384=DIRECTION('',(0.368471519986202,-0.929639036916511,0.));
#10385=DIRECTION('',(0.497154535528068,-0.867662012424118,0.));
#10386=DIRECTION('',(0.615092257247061,-0.788455144618079,0.));
#10387=DIRECTION('',(0.766475490234012,-0.64227355766101,0.));
#10388=DIRECTION('',(0.914100254626293,-0.40548825444413,0.));
#10389=DIRECTION('',(0.990494510232958,-0.137552263515994,0.));
#10390=DIRECTION('',(0.80047200706622,0.599370140984165,0.));
#10391=DIRECTION('',(1.,0.,0.));
#10392=DIRECTION('',(0.999999990215377,-0.000139890121965953,0.));
#10393=DIRECTION('',(0.99042454773593,-0.13805511668199,0.));
#10394=DIRECTION('',(0.913895441343981,-0.405949654871992,0.));
#10395=DIRECTION('',(0.766149368937061,-0.642662543235051,0.));
#10396=DIRECTION('',(0.614694560375791,-0.788765235950732,0.));
#10397=DIRECTION('',(0.496718498749189,-0.867911708067331,0.));
#10398=DIRECTION('',(0.36798470599901,-0.929831842943025,0.));
#10399=DIRECTION('',(0.230571460006072,-0.973055395047306,0.));
#10400=DIRECTION('',(0.0797743654569662,-0.996812946653452,0.));
#10401=DIRECTION('',(0.,-1.,0.));
#10402=DIRECTION('',(0.0800298200998579,-0.996792469822472,0.));
#10403=DIRECTION('',(0.23107226665996,-0.972936589701831,0.));
#10404=DIRECTION('',(0.368466690018036,-0.929640951307091,0.));
#10405=DIRECTION('',(0.497154535528068,-0.867662012424118,0.));
#10406=DIRECTION('',(0.615099092212999,-0.788449812453998,0.));
#10407=DIRECTION('',(0.766471985739506,-0.642277739826424,0.));
#10408=DIRECTION('',(0.914100254626293,-0.40548825444413,0.));
#10409=DIRECTION('',(0.990493664536475,-0.137558353120066,0.));
#10410=DIRECTION('',(0.581671363042758,0.813423890364661,0.));
#10411=DIRECTION('',(0.999999998847914,-4.80017902817259E-5,0.));
#10412=DIRECTION('',(0.990494646613396,-0.137551281456055,0.));
#10413=DIRECTION('',(0.914098766435467,-0.405491609285763,0.));
#10414=DIRECTION('',(0.766484299875862,-0.642263044276884,0.));
#10415=DIRECTION('',(0.615092257247061,-0.788455144618079,0.));
#10416=DIRECTION('',(0.497171134900888,-0.867652501074804,0.));
#10417=DIRECTION('',(0.368466690018036,-0.929640951307091,0.));
#10418=DIRECTION('',(0.231075385283977,-0.972935849023902,0.));
#10419=DIRECTION('',(0.0800337733772155,-0.996792152416443,0.));
#10420=DIRECTION('center_axis',(0.,0.,-1.));
#10421=DIRECTION('ref_axis',(0.,-1.,0.));
#10422=DIRECTION('',(0.499999934281137,-0.866025441727238,0.));
#10423=DIRECTION('',(0.86602534316094,0.500000105002965,0.));
#10424=DIRECTION('',(-0.499999934281137,0.866025441727238,0.));
#10425=DIRECTION('',(-0.86602534316094,-0.500000105002965,0.));
#10426=DIRECTION('center_axis',(0.,0.,-1.));
#10427=DIRECTION('ref_axis',(6.932124251318E-15,-1.,0.));
#10428=DIRECTION('center_axis',(0.,0.,-1.));
#10429=DIRECTION('ref_axis',(0.,-1.,0.));
#10430=DIRECTION('center_axis',(0.,0.,-1.));
#10431=DIRECTION('ref_axis',(0.,-1.,0.));
#10432=DIRECTION('center_axis',(0.,0.,-1.));
#10433=DIRECTION('ref_axis',(0.,-1.,0.));
#10434=DIRECTION('center_axis',(0.,0.,-1.));
#10435=DIRECTION('ref_axis',(0.,-1.,0.));
#10436=DIRECTION('center_axis',(0.,0.,-1.));
#10437=DIRECTION('ref_axis',(0.,-1.,0.));
#10438=DIRECTION('center_axis',(0.,0.,-1.));
#10439=DIRECTION('ref_axis',(0.,-1.,0.));
#10440=DIRECTION('center_axis',(0.,0.,-1.));
#10441=DIRECTION('ref_axis',(0.,-1.,0.));
#10442=DIRECTION('',(0.258819038078071,-0.965925828171264,0.));
#10443=DIRECTION('',(0.965925865814356,0.258818897592095,0.));
#10444=DIRECTION('',(-0.258819038078071,0.965925828171264,0.));
#10445=DIRECTION('',(-0.965925865814356,-0.258818897592095,0.));
#10446=DIRECTION('center_axis',(0.,0.,-1.));
#10447=DIRECTION('ref_axis',(0.,-1.,0.));
#10448=DIRECTION('',(1.,0.,0.));
#10449=DIRECTION('',(0.,1.,0.));
#10450=DIRECTION('',(-1.,0.,0.));
#10451=DIRECTION('',(0.,-1.,0.));
#10452=DIRECTION('center_axis',(0.,0.,-1.));
#10453=DIRECTION('ref_axis',(0.,-1.,0.));
#10454=DIRECTION('center_axis',(0.,0.,-1.));
#10455=DIRECTION('ref_axis',(-7.479397218527E-15,-1.,0.));
#10456=DIRECTION('center_axis',(0.,0.,-1.));
#10457=DIRECTION('ref_axis',(0.,-1.,0.));
#10458=DIRECTION('center_axis',(0.,0.,-1.));
#10459=DIRECTION('ref_axis',(2.368475785867E-15,-1.,0.));
#10460=DIRECTION('center_axis',(0.,0.,-1.));
#10461=DIRECTION('ref_axis',(0.,-1.,0.));
#10462=DIRECTION('center_axis',(0.,0.,-1.));
#10463=DIRECTION('ref_axis',(3.739698609264E-15,-1.,0.));
#10464=DIRECTION('center_axis',(0.,0.,-1.));
#10465=DIRECTION('ref_axis',(0.,-1.,0.));
#10466=DIRECTION('center_axis',(0.,0.,-1.));
#10467=DIRECTION('ref_axis',(0.,-1.,0.));
#10468=DIRECTION('',(1.,0.,0.));
#10469=DIRECTION('center_axis',(0.,0.,-1.));
#10470=DIRECTION('ref_axis',(0.,1.,0.));
#10471=DIRECTION('',(-1.,0.,0.));
#10472=DIRECTION('center_axis',(0.,0.,-1.));
#10473=DIRECTION('ref_axis',(0.,-1.,0.));
#10474=DIRECTION('center_axis',(0.,0.,-1.));
#10475=DIRECTION('ref_axis',(0.,-1.,0.));
#10476=DIRECTION('center_axis',(0.,0.,-1.));
#10477=DIRECTION('ref_axis',(0.,-1.,0.));
#10478=DIRECTION('',(1.,0.,0.));
#10479=DIRECTION('center_axis',(0.,0.,-1.));
#10480=DIRECTION('ref_axis',(0.,1.,0.));
#10481=DIRECTION('',(-1.,0.,0.));
#10482=DIRECTION('center_axis',(0.,0.,-1.));
#10483=DIRECTION('ref_axis',(0.,-1.,0.));
#10484=DIRECTION('',(1.,0.,0.));
#10485=DIRECTION('center_axis',(0.,0.,-1.));
#10486=DIRECTION('ref_axis',(0.,1.,0.));
#10487=DIRECTION('',(-1.,0.,0.));
#10488=DIRECTION('center_axis',(0.,0.,-1.));
#10489=DIRECTION('ref_axis',(-1.2918958832E-14,-1.,0.));
#10490=DIRECTION('center_axis',(0.,0.,-1.));
#10491=DIRECTION('ref_axis',(0.,-1.,0.));
#10492=DIRECTION('',(1.,0.,0.));
#10493=DIRECTION('center_axis',(0.,0.,-1.));
#10494=DIRECTION('ref_axis',(0.,1.,0.));
#10495=DIRECTION('',(-1.,0.,0.));
#10496=DIRECTION('',(1.,0.,0.));
#10497=DIRECTION('',(0.,1.,0.));
#10498=DIRECTION('',(-1.,0.,0.));
#10499=DIRECTION('',(0.,-1.,0.));
#10500=DIRECTION('center_axis',(0.,0.,-1.));
#10501=DIRECTION('ref_axis',(7.479397218527E-15,-1.,0.));
#10502=DIRECTION('center_axis',(0.,0.,-1.));
#10503=DIRECTION('ref_axis',(0.,-1.,0.));
#10504=DIRECTION('center_axis',(0.,0.,-1.));
#10505=DIRECTION('ref_axis',(2.1862853408E-14,-1.,0.));
#10506=DIRECTION('center_axis',(0.,0.,-1.));
#10507=DIRECTION('ref_axis',(-3.49676543189E-14,-1.,0.));
#10508=DIRECTION('center_axis',(0.,0.,-1.));
#10509=DIRECTION('ref_axis',(0.,-1.,0.));
#10510=DIRECTION('center_axis',(0.,0.,-1.));
#10511=DIRECTION('ref_axis',(0.,-1.,0.));
#10512=DIRECTION('center_axis',(0.,0.,-1.));
#10513=DIRECTION('ref_axis',(0.,-1.,0.));
#10514=DIRECTION('center_axis',(0.,0.,-1.));
#10515=DIRECTION('ref_axis',(2.1862853408E-14,-1.,0.));
#10516=DIRECTION('center_axis',(0.,0.,-1.));
#10517=DIRECTION('ref_axis',(0.,-1.,0.));
#10518=DIRECTION('center_axis',(0.,0.,-1.));
#10519=DIRECTION('ref_axis',(0.,-1.,0.));
#10520=DIRECTION('center_axis',(0.,0.,-1.));
#10521=DIRECTION('ref_axis',(-7.479397218527E-15,-1.,0.));
#10522=DIRECTION('',(1.,0.,0.));
#10523=DIRECTION('',(0.,1.,0.));
#10524=DIRECTION('',(-1.,0.,0.));
#10525=DIRECTION('',(0.,-1.,0.));
#10526=DIRECTION('center_axis',(0.,0.,-1.));
#10527=DIRECTION('ref_axis',(7.479397218527E-15,-1.,0.));
#10528=DIRECTION('center_axis',(0.,0.,-1.));
#10529=DIRECTION('ref_axis',(0.,-1.,0.));
#10530=DIRECTION('center_axis',(0.,0.,-1.));
#10531=DIRECTION('ref_axis',(0.,-1.,0.));
#10532=DIRECTION('center_axis',(0.,0.,-1.));
#10533=DIRECTION('ref_axis',(0.,-1.,0.));
#10534=DIRECTION('center_axis',(0.,0.,-1.));
#10535=DIRECTION('ref_axis',(0.,-1.,0.));
#10536=DIRECTION('center_axis',(0.,0.,-1.));
#10537=DIRECTION('ref_axis',(0.,-1.,0.));
#10538=DIRECTION('center_axis',(0.,0.,-1.));
#10539=DIRECTION('ref_axis',(0.,-1.,0.));
#10540=DIRECTION('center_axis',(0.,0.,-1.));
#10541=DIRECTION('ref_axis',(0.,-1.,0.));
#10542=DIRECTION('',(1.,0.,0.));
#10543=DIRECTION('',(0.,1.,0.));
#10544=DIRECTION('',(-1.,0.,0.));
#10545=DIRECTION('',(0.,-1.,0.));
#10546=DIRECTION('',(1.,0.,0.));
#10547=DIRECTION('',(0.,1.,0.));
#10548=DIRECTION('',(-1.,0.,0.));
#10549=DIRECTION('',(0.,-1.,0.));
#10550=DIRECTION('center_axis',(0.,0.,-1.));
#10551=DIRECTION('ref_axis',(0.,-1.,0.));
#10552=DIRECTION('center_axis',(0.,0.,-1.));
#10553=DIRECTION('ref_axis',(-1.869849304632E-15,-1.,0.));
#10554=DIRECTION('center_axis',(0.,0.,-1.));
#10555=DIRECTION('ref_axis',(-4.67462326158E-16,-1.,0.));
#10556=DIRECTION('center_axis',(0.,0.,-1.));
#10557=DIRECTION('ref_axis',(1.184237892933E-15,-1.,0.));
#10558=DIRECTION('center_axis',(0.,0.,-1.));
#10559=DIRECTION('ref_axis',(1.083144414268E-16,-1.,0.));
#10560=DIRECTION('center_axis',(0.,0.,-1.));
#10561=DIRECTION('ref_axis',(0.,-1.,0.));
#10562=DIRECTION('center_axis',(0.,0.,-1.));
#10563=DIRECTION('ref_axis',(9.349246523159E-16,-1.,0.));
#10564=DIRECTION('center_axis',(0.,0.,-1.));
#10565=DIRECTION('ref_axis',(-2.960594732334E-16,-1.,0.));
#10566=DIRECTION('',(1.,0.,0.));
#10567=DIRECTION('',(0.,1.,0.));
#10568=DIRECTION('',(-1.,0.,0.));
#10569=DIRECTION('',(0.,-1.,0.));
#10570=DIRECTION('center_axis',(0.,0.,-1.));
#10571=DIRECTION('ref_axis',(-1.869849304632E-15,-1.,0.));
#10572=DIRECTION('center_axis',(0.,0.,-1.));
#10573=DIRECTION('ref_axis',(0.,-1.,0.));
#10574=DIRECTION('center_axis',(0.,0.,-1.));
#10575=DIRECTION('ref_axis',(0.,-1.,0.));
#10576=DIRECTION('center_axis',(0.,0.,-1.));
#10577=DIRECTION('ref_axis',(3.739698609264E-15,-1.,0.));
#10578=DIRECTION('',(1.,0.,0.));
#10579=DIRECTION('',(0.,1.,0.));
#10580=DIRECTION('',(-1.,0.,0.));
#10581=DIRECTION('',(0.,-1.,0.));
#10582=DIRECTION('center_axis',(0.,0.,-1.));
#10583=DIRECTION('ref_axis',(7.479397218527E-15,-1.,0.));
#10584=DIRECTION('center_axis',(0.,0.,-1.));
#10585=DIRECTION('ref_axis',(0.,-1.,0.));
#10586=DIRECTION('center_axis',(0.,0.,-1.));
#10587=DIRECTION('ref_axis',(0.,-1.,0.));
#10588=DIRECTION('center_axis',(0.,0.,-1.));
#10589=DIRECTION('ref_axis',(-7.479397218527E-15,-1.,0.));
#10590=DIRECTION('center_axis',(0.,0.,-1.));
#10591=DIRECTION('ref_axis',(0.,-1.,0.));
#10592=DIRECTION('center_axis',(0.,0.,-1.));
#10593=DIRECTION('ref_axis',(0.,-1.,0.));
#10594=DIRECTION('center_axis',(0.,0.,-1.));
#10595=DIRECTION('ref_axis',(0.,-1.,0.));
#10596=DIRECTION('center_axis',(0.,0.,-1.));
#10597=DIRECTION('ref_axis',(0.,-1.,0.));
#10598=DIRECTION('center_axis',(0.,0.,-1.));
#10599=DIRECTION('ref_axis',(0.,-1.,0.));
#10600=DIRECTION('center_axis',(0.,0.,-1.));
#10601=DIRECTION('ref_axis',(0.,-1.,0.));
#10602=DIRECTION('center_axis',(0.,0.,-1.));
#10603=DIRECTION('ref_axis',(0.,-1.,0.));
#10604=DIRECTION('center_axis',(0.,0.,-1.));
#10605=DIRECTION('ref_axis',(0.,-1.,0.));
#10606=DIRECTION('center_axis',(0.,0.,-1.));
#10607=DIRECTION('ref_axis',(0.,-1.,0.));
#10608=DIRECTION('',(1.,0.,0.));
#10609=DIRECTION('',(0.,1.,0.));
#10610=DIRECTION('',(-1.,0.,0.));
#10611=DIRECTION('',(0.,-1.,0.));
#10612=DIRECTION('center_axis',(0.,0.,-1.));
#10613=DIRECTION('ref_axis',(0.,-1.,0.));
#10614=DIRECTION('center_axis',(0.,0.,-1.));
#10615=DIRECTION('ref_axis',(0.,-1.,0.));
#10616=DIRECTION('center_axis',(0.,0.,-1.));
#10617=DIRECTION('ref_axis',(7.479397218527E-15,-1.,0.));
#10618=DIRECTION('center_axis',(0.,0.,-1.));
#10619=DIRECTION('ref_axis',(0.,-1.,0.));
#10620=DIRECTION('center_axis',(0.,0.,-1.));
#10621=DIRECTION('ref_axis',(0.,-1.,0.));
#10622=DIRECTION('center_axis',(0.,0.,-1.));
#10623=DIRECTION('ref_axis',(0.,-1.,0.));
#10624=DIRECTION('center_axis',(0.,0.,-1.));
#10625=DIRECTION('ref_axis',(0.,-1.,0.));
#10626=DIRECTION('center_axis',(0.,0.,-1.));
#10627=DIRECTION('ref_axis',(0.,-1.,0.));
#10628=DIRECTION('center_axis',(0.,0.,-1.));
#10629=DIRECTION('ref_axis',(0.,-1.,0.));
#10630=DIRECTION('center_axis',(0.,0.,-1.));
#10631=DIRECTION('ref_axis',(0.,-1.,0.));
#10632=DIRECTION('center_axis',(0.,0.,-1.));
#10633=DIRECTION('ref_axis',(0.,-1.,0.));
#10634=DIRECTION('center_axis',(0.,0.,-1.));
#10635=DIRECTION('ref_axis',(0.,-1.,0.));
#10636=DIRECTION('center_axis',(0.,0.,-1.));
#10637=DIRECTION('ref_axis',(0.,-1.,0.));
#10638=DIRECTION('center_axis',(0.,0.,-1.));
#10639=DIRECTION('ref_axis',(0.,-1.,0.));
#10640=DIRECTION('center_axis',(0.,0.,-1.));
#10641=DIRECTION('ref_axis',(-7.479397218527E-15,-1.,0.));
#10642=DIRECTION('',(1.,0.,0.));
#10643=DIRECTION('',(0.,1.,0.));
#10644=DIRECTION('',(-1.,0.,0.));
#10645=DIRECTION('',(0.,-1.,0.));
#10646=DIRECTION('center_axis',(0.,0.,-1.));
#10647=DIRECTION('ref_axis',(7.479397218527E-15,-1.,0.));
#10648=DIRECTION('center_axis',(0.,0.,-1.));
#10649=DIRECTION('ref_axis',(0.,-1.,0.));
#10650=DIRECTION('center_axis',(0.,0.,-1.));
#10651=DIRECTION('ref_axis',(0.,-1.,0.));
#10652=DIRECTION('center_axis',(0.,0.,-1.));
#10653=DIRECTION('ref_axis',(0.,-1.,0.));
#10654=DIRECTION('center_axis',(0.,0.,-1.));
#10655=DIRECTION('ref_axis',(0.,-1.,0.));
#10656=DIRECTION('center_axis',(0.,0.,-1.));
#10657=DIRECTION('ref_axis',(0.,-1.,0.));
#10658=DIRECTION('center_axis',(0.,0.,-1.));
#10659=DIRECTION('ref_axis',(0.,-1.,0.));
#10660=DIRECTION('center_axis',(0.,0.,-1.));
#10661=DIRECTION('ref_axis',(0.,-1.,0.));
#10662=DIRECTION('center_axis',(0.,0.,-1.));
#10663=DIRECTION('ref_axis',(0.,-1.,0.));
#10664=DIRECTION('center_axis',(0.,0.,-1.));
#10665=DIRECTION('ref_axis',(0.,-1.,0.));
#10666=DIRECTION('center_axis',(0.,0.,-1.));
#10667=DIRECTION('ref_axis',(0.,-1.,0.));
#10668=DIRECTION('center_axis',(0.,0.,-1.));
#10669=DIRECTION('ref_axis',(0.,-1.,0.));
#10670=DIRECTION('center_axis',(0.,0.,-1.));
#10671=DIRECTION('ref_axis',(0.,-1.,0.));
#10672=DIRECTION('center_axis',(0.,0.,-1.));
#10673=DIRECTION('ref_axis',(0.,-1.,0.));
#10674=DIRECTION('',(1.,0.,0.));
#10675=DIRECTION('',(0.,1.,0.));
#10676=DIRECTION('',(-1.,0.,0.));
#10677=DIRECTION('',(0.,-1.,0.));
#10678=DIRECTION('center_axis',(0.,0.,-1.));
#10679=DIRECTION('ref_axis',(0.,-1.,0.));
#10680=DIRECTION('center_axis',(0.,0.,-1.));
#10681=DIRECTION('ref_axis',(0.,-1.,0.));
#10682=DIRECTION('center_axis',(0.,0.,-1.));
#10683=DIRECTION('ref_axis',(0.,-1.,0.));
#10684=DIRECTION('center_axis',(0.,0.,-1.));
#10685=DIRECTION('ref_axis',(0.,-1.,0.));
#10686=DIRECTION('center_axis',(0.,0.,-1.));
#10687=DIRECTION('ref_axis',(0.,-1.,0.));
#10688=DIRECTION('center_axis',(0.,0.,-1.));
#10689=DIRECTION('ref_axis',(0.,-1.,0.));
#10690=DIRECTION('center_axis',(0.,0.,-1.));
#10691=DIRECTION('ref_axis',(0.,-1.,0.));
#10692=DIRECTION('',(1.,0.,0.));
#10693=DIRECTION('',(0.,1.,0.));
#10694=DIRECTION('',(-1.,0.,0.));
#10695=DIRECTION('',(0.,-1.,0.));
#10696=DIRECTION('center_axis',(0.,0.,-1.));
#10697=DIRECTION('ref_axis',(7.479397218527E-15,-1.,0.));
#10698=DIRECTION('center_axis',(0.,0.,-1.));
#10699=DIRECTION('ref_axis',(0.,-1.,0.));
#10700=DIRECTION('center_axis',(0.,0.,-1.));
#10701=DIRECTION('ref_axis',(0.,-1.,0.));
#10702=DIRECTION('center_axis',(0.,0.,-1.));
#10703=DIRECTION('ref_axis',(0.,-1.,0.));
#10704=DIRECTION('center_axis',(0.,0.,-1.));
#10705=DIRECTION('ref_axis',(0.,-1.,0.));
#10706=DIRECTION('center_axis',(0.,0.,-1.));
#10707=DIRECTION('ref_axis',(0.,-1.,0.));
#10708=DIRECTION('center_axis',(0.,0.,-1.));
#10709=DIRECTION('ref_axis',(0.,-1.,0.));
#10710=DIRECTION('',(1.,0.,0.));
#10711=DIRECTION('',(0.,1.,0.));
#10712=DIRECTION('',(-1.,0.,0.));
#10713=DIRECTION('',(0.,-1.,0.));
#10714=DIRECTION('',(1.,0.,0.));
#10715=DIRECTION('',(0.,1.,0.));
#10716=DIRECTION('',(-1.,0.,0.));
#10717=DIRECTION('',(0.,-1.,0.));
#10718=DIRECTION('center_axis',(0.,0.,-1.));
#10719=DIRECTION('ref_axis',(0.,-1.,0.));
#10720=DIRECTION('center_axis',(0.,0.,-1.));
#10721=DIRECTION('ref_axis',(-1.869849304632E-15,-1.,0.));
#10722=DIRECTION('center_axis',(0.,0.,-1.));
#10723=DIRECTION('ref_axis',(-4.67462326158E-16,-1.,0.));
#10724=DIRECTION('center_axis',(0.,0.,-1.));
#10725=DIRECTION('ref_axis',(1.184237892933E-15,-1.,0.));
#10726=DIRECTION('center_axis',(0.,0.,-1.));
#10727=DIRECTION('ref_axis',(-1.083144414268E-16,-1.,0.));
#10728=DIRECTION('center_axis',(0.,0.,-1.));
#10729=DIRECTION('ref_axis',(0.,-1.,0.));
#10730=DIRECTION('center_axis',(0.,0.,-1.));
#10731=DIRECTION('ref_axis',(9.349246523159E-16,-1.,0.));
#10732=DIRECTION('center_axis',(0.,0.,-1.));
#10733=DIRECTION('ref_axis',(-2.960594732334E-16,-1.,0.));
#10734=DIRECTION('',(1.,0.,0.));
#10735=DIRECTION('',(0.,1.,0.));
#10736=DIRECTION('',(-1.,0.,0.));
#10737=DIRECTION('',(0.,-1.,0.));
#10738=DIRECTION('center_axis',(0.,0.,-1.));
#10739=DIRECTION('ref_axis',(-1.869849304632E-15,-1.,0.));
#10740=DIRECTION('center_axis',(0.,0.,-1.));
#10741=DIRECTION('ref_axis',(0.,-1.,0.));
#10742=DIRECTION('center_axis',(0.,0.,-1.));
#10743=DIRECTION('ref_axis',(0.,-1.,0.));
#10744=DIRECTION('center_axis',(0.,0.,-1.));
#10745=DIRECTION('ref_axis',(3.739698609264E-15,-1.,0.));
#10746=DIRECTION('',(1.,0.,0.));
#10747=DIRECTION('',(0.,1.,0.));
#10748=DIRECTION('',(-1.,0.,0.));
#10749=DIRECTION('',(0.,-1.,0.));
#10750=DIRECTION('center_axis',(0.,0.,-1.));
#10751=DIRECTION('ref_axis',(7.479397218527E-15,-1.,0.));
#10752=DIRECTION('center_axis',(0.,0.,-1.));
#10753=DIRECTION('ref_axis',(0.,-1.,0.));
#10754=DIRECTION('center_axis',(0.,0.,-1.));
#10755=DIRECTION('ref_axis',(0.,-1.,0.));
#10756=DIRECTION('center_axis',(0.,0.,-1.));
#10757=DIRECTION('ref_axis',(-7.479397218527E-15,-1.,0.));
#10758=DIRECTION('center_axis',(0.,0.,-1.));
#10759=DIRECTION('ref_axis',(0.,-1.,0.));
#10760=DIRECTION('center_axis',(0.,0.,-1.));
#10761=DIRECTION('ref_axis',(0.,-1.,0.));
#10762=DIRECTION('center_axis',(0.,0.,-1.));
#10763=DIRECTION('ref_axis',(0.,-1.,0.));
#10764=DIRECTION('',(1.,0.,0.));
#10765=DIRECTION('',(0.,1.,0.));
#10766=DIRECTION('',(-1.,0.,0.));
#10767=DIRECTION('',(0.,-1.,0.));
#10768=DIRECTION('',(1.,0.,0.));
#10769=DIRECTION('',(0.,1.,0.));
#10770=DIRECTION('',(-1.,0.,0.));
#10771=DIRECTION('',(0.,-1.,0.));
#10772=DIRECTION('center_axis',(0.,0.,-1.));
#10773=DIRECTION('ref_axis',(0.,-1.,0.));
#10774=DIRECTION('center_axis',(0.,0.,-1.));
#10775=DIRECTION('ref_axis',(-1.869849304632E-15,-1.,0.));
#10776=DIRECTION('center_axis',(0.,0.,-1.));
#10777=DIRECTION('ref_axis',(-4.67462326158E-16,-1.,0.));
#10778=DIRECTION('center_axis',(0.,0.,-1.));
#10779=DIRECTION('ref_axis',(1.184237892934E-15,-1.,0.));
#10780=DIRECTION('center_axis',(0.,0.,-1.));
#10781=DIRECTION('ref_axis',(-1.083144414268E-16,-1.,0.));
#10782=DIRECTION('center_axis',(0.,0.,-1.));
#10783=DIRECTION('ref_axis',(0.,-1.,0.));
#10784=DIRECTION('center_axis',(0.,0.,-1.));
#10785=DIRECTION('ref_axis',(9.349246523159E-16,-1.,0.));
#10786=DIRECTION('center_axis',(0.,0.,-1.));
#10787=DIRECTION('ref_axis',(-2.960594732334E-16,-1.,0.));
#10788=DIRECTION('',(1.,0.,0.));
#10789=DIRECTION('',(0.,1.,0.));
#10790=DIRECTION('',(-1.,0.,0.));
#10791=DIRECTION('',(0.,-1.,0.));
#10792=DIRECTION('center_axis',(0.,0.,-1.));
#10793=DIRECTION('ref_axis',(-1.869849304632E-15,-1.,0.));
#10794=DIRECTION('center_axis',(0.,0.,-1.));
#10795=DIRECTION('ref_axis',(0.,-1.,0.));
#10796=DIRECTION('center_axis',(0.,0.,-1.));
#10797=DIRECTION('ref_axis',(0.,-1.,0.));
#10798=DIRECTION('center_axis',(0.,0.,-1.));
#10799=DIRECTION('ref_axis',(3.739698609264E-15,-1.,0.));
#10800=DIRECTION('',(1.,0.,0.));
#10801=DIRECTION('',(0.,1.,0.));
#10802=DIRECTION('',(-1.,0.,0.));
#10803=DIRECTION('',(0.,-1.,0.));
#10804=DIRECTION('center_axis',(0.,0.,-1.));
#10805=DIRECTION('ref_axis',(7.479397218527E-15,-1.,0.));
#10806=DIRECTION('center_axis',(0.,0.,-1.));
#10807=DIRECTION('ref_axis',(0.,-1.,0.));
#10808=DIRECTION('center_axis',(0.,0.,-1.));
#10809=DIRECTION('ref_axis',(0.,-1.,0.));
#10810=DIRECTION('center_axis',(0.,0.,-1.));
#10811=DIRECTION('ref_axis',(-7.479397218527E-15,-1.,0.));
#10812=DIRECTION('center_axis',(0.,0.,-1.));
#10813=DIRECTION('ref_axis',(0.,-1.,0.));
#10814=DIRECTION('center_axis',(0.,0.,-1.));
#10815=DIRECTION('ref_axis',(0.,-1.,0.));
#10816=DIRECTION('center_axis',(0.,1.,0.));
#10817=DIRECTION('ref_axis',(1.,0.,0.));
#10818=DIRECTION('',(0.,0.,1.));
#10819=DIRECTION('center_axis',(0.788765235950732,0.614694560375791,0.));
#10820=DIRECTION('ref_axis',(0.614694560375791,-0.788765235950732,0.));
#10821=DIRECTION('',(0.,0.,1.));
#10822=DIRECTION('center_axis',(-0.0800298200999275,0.996792469822467,0.));
#10823=DIRECTION('ref_axis',(0.996792469822467,0.0800298200999275,0.));
#10824=DIRECTION('',(0.,0.,1.));
#10825=DIRECTION('center_axis',(0.867905665059943,0.496729057491967,0.));
#10826=DIRECTION('ref_axis',(0.496729057491967,-0.867905665059943,0.));
#10827=DIRECTION('',(0.,0.,1.));
#10828=DIRECTION('center_axis',(-0.231075385283977,0.972935849023902,0.));
#10829=DIRECTION('ref_axis',(0.972935849023902,0.231075385283977,0.));
#10830=DIRECTION('',(0.,0.,1.));
#10831=DIRECTION('center_axis',(0.929828024123018,0.367994355331007,0.));
#10832=DIRECTION('ref_axis',(0.367994355331007,-0.929828024123018,0.));
#10833=DIRECTION('',(0.,0.,1.));
#10834=DIRECTION('center_axis',(-0.368466690018036,0.929640951307091,0.));
#10835=DIRECTION('ref_axis',(0.929640951307091,0.368466690018036,0.));
#10836=DIRECTION('',(0.,0.,1.));
#10837=DIRECTION('center_axis',(0.973051545236036,0.230587706337009,0.));
#10838=DIRECTION('ref_axis',(0.230587706337009,-0.973051545236036,0.));
#10839=DIRECTION('',(0.,0.,1.));
#10840=DIRECTION('center_axis',(-0.497165088227979,0.867655965833963,0.));
#10841=DIRECTION('ref_axis',(0.867655965833963,0.497165088227979,0.));
#10842=DIRECTION('',(0.,0.,1.));
#10843=DIRECTION('center_axis',(0.996832037345382,0.0795354595250105,0.));
#10844=DIRECTION('ref_axis',(0.0795354595250105,-0.996832037345382,0.));
#10845=DIRECTION('',(0.,0.,1.));
#10846=DIRECTION('center_axis',(-0.615099092212999,0.788449812453998,0.));
#10847=DIRECTION('ref_axis',(0.788449812453998,0.615099092212999,0.));
#10848=DIRECTION('',(0.,0.,1.));
#10849=DIRECTION('center_axis',(1.,0.,0.));
#10850=DIRECTION('ref_axis',(0.,-1.,0.));
#10851=DIRECTION('',(0.,0.,1.));
#10852=DIRECTION('center_axis',(-0.766477858932019,0.642270730897016,0.));
#10853=DIRECTION('ref_axis',(0.642270730897016,0.766477858932019,0.));
#10854=DIRECTION('',(0.,0.,1.));
#10855=DIRECTION('center_axis',(0.996792549166634,0.0800288318413006,0.));
#10856=DIRECTION('ref_axis',(0.0800288318413006,-0.996792549166634,0.));
#10857=DIRECTION('',(0.,0.,1.));
#10858=DIRECTION('center_axis',(-0.914098766435467,0.405491609285763,0.));
#10859=DIRECTION('ref_axis',(0.405491609285763,0.914098766435467,0.));
#10860=DIRECTION('',(0.,0.,1.));
#10861=DIRECTION('center_axis',(0.972936589701831,0.23107226665996,0.));
#10862=DIRECTION('ref_axis',(0.23107226665996,-0.972936589701831,0.));
#10863=DIRECTION('',(0.,0.,1.));
#10864=DIRECTION('center_axis',(-0.990494646613396,0.137551281456055,0.));
#10865=DIRECTION('ref_axis',(0.137551281456055,0.990494646613397,0.));
#10866=DIRECTION('',(0.,0.,1.));
#10867=DIRECTION('center_axis',(0.929639036916511,0.368471519986202,0.));
#10868=DIRECTION('ref_axis',(0.368471519986202,-0.929639036916511,0.));
#10869=DIRECTION('',(0.,0.,1.));
#10870=DIRECTION('center_axis',(-0.999999812665027,-0.000612102859639617,
0.));
#10871=DIRECTION('ref_axis',(-0.000612102859639617,0.999999812665027,0.));
#10872=DIRECTION('',(0.,0.,1.));
#10873=DIRECTION('center_axis',(0.867662012424118,0.497154535528068,0.));
#10874=DIRECTION('ref_axis',(0.497154535528068,-0.867662012424119,0.));
#10875=DIRECTION('',(0.,0.,1.));
#10876=DIRECTION('center_axis',(-0.918609111539574,0.395167433117247,0.));
#10877=DIRECTION('ref_axis',(0.395167433117247,0.918609111539574,0.));
#10878=DIRECTION('',(0.,0.,1.));
#10879=DIRECTION('center_axis',(0.788455144618079,0.615092257247061,0.));
#10880=DIRECTION('ref_axis',(0.615092257247061,-0.788455144618078,0.));
#10881=DIRECTION('',(0.,0.,1.));
#10882=DIRECTION('center_axis',(-0.990493664536475,0.137558353120066,0.));
#10883=DIRECTION('ref_axis',(0.137558353120066,0.990493664536475,0.));
#10884=DIRECTION('',(0.,0.,1.));
#10885=DIRECTION('center_axis',(0.64227355766101,0.766475490234012,0.));
#10886=DIRECTION('ref_axis',(0.766475490234012,-0.64227355766101,0.));
#10887=DIRECTION('',(0.,0.,1.));
#10888=DIRECTION('center_axis',(-0.914098766435467,0.405491609285763,0.));
#10889=DIRECTION('ref_axis',(0.405491609285763,0.914098766435467,0.));
#10890=DIRECTION('',(0.,0.,1.));
#10891=DIRECTION('center_axis',(0.40548825444413,0.914100254626293,0.));
#10892=DIRECTION('ref_axis',(0.914100254626293,-0.40548825444413,0.));
#10893=DIRECTION('',(0.,0.,1.));
#10894=DIRECTION('center_axis',(-0.766480795455874,0.642267226469894,0.));
#10895=DIRECTION('ref_axis',(0.642267226469895,0.766480795455874,0.));
#10896=DIRECTION('',(0.,0.,1.));
#10897=DIRECTION('center_axis',(0.137552263515994,0.990494510232958,0.));
#10898=DIRECTION('ref_axis',(0.990494510232958,-0.137552263515994,0.));
#10899=DIRECTION('',(0.,0.,1.));
#10900=DIRECTION('center_axis',(-0.615092257247061,0.788455144618079,0.));
#10901=DIRECTION('ref_axis',(0.788455144618078,0.615092257247061,0.));
#10902=DIRECTION('',(0.,0.,1.));
#10903=DIRECTION('center_axis',(-0.599370140984165,0.80047200706622,0.));
#10904=DIRECTION('ref_axis',(0.80047200706622,0.599370140984165,0.));
#10905=DIRECTION('',(0.,0.,1.));
#10906=DIRECTION('center_axis',(-0.497165088227979,0.867655965833963,0.));
#10907=DIRECTION('ref_axis',(0.867655965833963,0.497165088227979,0.));
#10908=DIRECTION('',(0.,0.,1.));
#10909=DIRECTION('center_axis',(0.,1.,0.));
#10910=DIRECTION('ref_axis',(1.,0.,0.));
#10911=DIRECTION('',(0.,0.,1.));
#10912=DIRECTION('center_axis',(-0.368459333924855,0.929643866888634,0.));
#10913=DIRECTION('ref_axis',(0.929643866888634,0.368459333924855,0.));
#10914=DIRECTION('',(0.,0.,1.));
#10915=DIRECTION('center_axis',(0.000139890121965953,0.999999990215377,
0.));
#10916=DIRECTION('ref_axis',(0.999999990215377,-0.000139890121965953,0.));
#10917=DIRECTION('',(0.,0.,1.));
#10918=DIRECTION('center_axis',(-0.23107226665996,0.972936589701831,0.));
#10919=DIRECTION('ref_axis',(0.972936589701831,0.23107226665996,0.));
#10920=DIRECTION('',(0.,0.,1.));
#10921=DIRECTION('center_axis',(0.13805511668199,0.99042454773593,0.));
#10922=DIRECTION('ref_axis',(0.99042454773593,-0.13805511668199,0.));
#10923=DIRECTION('',(0.,0.,1.));
#10924=DIRECTION('center_axis',(-0.0800308083827696,0.996792390475369,0.));
#10925=DIRECTION('ref_axis',(0.996792390475369,0.0800308083827696,0.));
#10926=DIRECTION('',(0.,0.,1.));
#10927=DIRECTION('center_axis',(0.405949654871992,0.913895441343982,0.));
#10928=DIRECTION('ref_axis',(0.913895441343982,-0.405949654871992,0.));
#10929=DIRECTION('',(0.,0.,1.));
#10930=DIRECTION('center_axis',(0.642662543235051,0.766149368937061,0.));
#10931=DIRECTION('ref_axis',(0.766149368937061,-0.642662543235051,0.));
#10932=DIRECTION('',(0.,0.,1.));
#10933=DIRECTION('center_axis',(0.,1.,0.));
#10934=DIRECTION('ref_axis',(1.,0.,0.));
#10935=DIRECTION('',(0.,0.,1.));
#10936=DIRECTION('',(0.,0.,1.));
#10937=DIRECTION('center_axis',(0.788765235950732,0.614694560375791,0.));
#10938=DIRECTION('ref_axis',(0.614694560375791,-0.788765235950732,0.));
#10939=DIRECTION('',(0.,0.,1.));
#10940=DIRECTION('center_axis',(0.000138947884898964,0.999999990346743,
0.));
#10941=DIRECTION('ref_axis',(0.999999990346743,-0.000138947884898964,0.));
#10942=DIRECTION('',(0.,0.,1.));
#10943=DIRECTION('center_axis',(0.867911708067331,0.496718498749189,0.));
#10944=DIRECTION('ref_axis',(0.496718498749189,-0.867911708067331,0.));
#10945=DIRECTION('',(0.,0.,1.));
#10946=DIRECTION('center_axis',(-0.599370140983685,0.800472007066579,0.));
#10947=DIRECTION('ref_axis',(0.800472007066579,0.599370140983685,0.));
#10948=DIRECTION('',(0.,0.,1.));
#10949=DIRECTION('center_axis',(0.929831842943025,0.36798470599901,0.));
#10950=DIRECTION('ref_axis',(0.36798470599901,-0.929831842943025,0.));
#10951=DIRECTION('',(0.,0.,1.));
#10952=DIRECTION('center_axis',(-0.0797867141977494,0.996811958313867,0.));
#10953=DIRECTION('ref_axis',(0.996811958313867,0.0797867141977494,0.));
#10954=DIRECTION('',(0.,0.,1.));
#10955=DIRECTION('center_axis',(0.973055395047306,0.230571460006072,0.));
#10956=DIRECTION('ref_axis',(0.230571460006072,-0.973055395047306,0.));
#10957=DIRECTION('',(0.,0.,1.));
#10958=DIRECTION('center_axis',(-0.230568347861939,0.973056132483741,0.));
#10959=DIRECTION('ref_axis',(0.973056132483741,0.230568347861939,0.));
#10960=DIRECTION('',(0.,0.,1.));
#10961=DIRECTION('center_axis',(0.996812946653452,0.0797743654569662,0.));
#10962=DIRECTION('ref_axis',(0.0797743654569662,-0.996812946653452,0.));
#10963=DIRECTION('',(0.,0.,1.));
#10964=DIRECTION('center_axis',(-0.367989530606814,0.92982993357053,0.));
#10965=DIRECTION('ref_axis',(0.92982993357053,0.367989530606814,0.));
#10966=DIRECTION('',(0.,0.,1.));
#10967=DIRECTION('center_axis',(1.,0.,0.));
#10968=DIRECTION('ref_axis',(0.,-1.,0.));
#10969=DIRECTION('',(0.,0.,1.));
#10970=DIRECTION('center_axis',(-0.496718498749189,0.867911708067331,0.));
#10971=DIRECTION('ref_axis',(0.867911708067331,0.496718498749189,0.));
#10972=DIRECTION('',(0.,0.,1.));
#10973=DIRECTION('center_axis',(0.996792469822472,0.0800298200998579,0.));
#10974=DIRECTION('ref_axis',(0.0800298200998579,-0.996792469822472,0.));
#10975=DIRECTION('',(0.,0.,1.));
#10976=DIRECTION('center_axis',(-0.61469649540639,0.7887637279535,0.));
#10977=DIRECTION('ref_axis',(0.7887637279535,0.614696495406389,0.));
#10978=DIRECTION('',(0.,0.,1.));
#10979=DIRECTION('center_axis',(0.972936589701831,0.23107226665996,0.));
#10980=DIRECTION('ref_axis',(0.23107226665996,-0.972936589701831,0.));
#10981=DIRECTION('',(0.,0.,1.));
#10982=DIRECTION('center_axis',(-0.766149933878805,0.642661869739837,0.));
#10983=DIRECTION('ref_axis',(0.642661869739837,0.766149933878805,0.));
#10984=DIRECTION('',(0.,0.,1.));
#10985=DIRECTION('center_axis',(0.929640951307091,0.368466690018036,0.));
#10986=DIRECTION('ref_axis',(0.368466690018036,-0.929640951307091,0.));
#10987=DIRECTION('',(0.,0.,1.));
#10988=DIRECTION('center_axis',(-0.913898118382589,0.405943628126817,0.));
#10989=DIRECTION('ref_axis',(0.405943628126817,0.913898118382589,0.));
#10990=DIRECTION('',(0.,0.,1.));
#10991=DIRECTION('center_axis',(0.867662012424118,0.497154535528068,0.));
#10992=DIRECTION('ref_axis',(0.497154535528068,-0.867662012424119,0.));
#10993=DIRECTION('',(0.,0.,1.));
#10994=DIRECTION('center_axis',(-0.99042454773593,0.13805511668199,0.));
#10995=DIRECTION('ref_axis',(0.13805511668199,0.99042454773593,0.));
#10996=DIRECTION('',(0.,0.,1.));
#10997=DIRECTION('center_axis',(0.788449812453998,0.615099092212999,0.));
#10998=DIRECTION('ref_axis',(0.615099092212999,-0.788449812453998,0.));
#10999=DIRECTION('',(0.,0.,1.));
#11000=DIRECTION('center_axis',(-0.999999479482026,-0.00102031155886903,
0.));
#11001=DIRECTION('ref_axis',(-0.00102031155886903,0.999999479482026,0.));
#11002=DIRECTION('',(0.,0.,1.));
#11003=DIRECTION('center_axis',(0.642277739826424,0.766471985739506,0.));
#11004=DIRECTION('ref_axis',(0.766471985739506,-0.642277739826424,0.));
#11005=DIRECTION('',(0.,0.,1.));
#11006=DIRECTION('center_axis',(-0.856897008645963,0.515487649292978,0.));
#11007=DIRECTION('ref_axis',(0.515487649292978,0.856897008645963,0.));
#11008=DIRECTION('',(0.,0.,1.));
#11009=DIRECTION('center_axis',(0.40548825444413,0.914100254626293,0.));
#11010=DIRECTION('ref_axis',(0.914100254626293,-0.40548825444413,0.));
#11011=DIRECTION('',(0.,0.,1.));
#11012=DIRECTION('center_axis',(-0.99042454773593,0.13805511668199,0.));
#11013=DIRECTION('ref_axis',(0.13805511668199,0.99042454773593,0.));
#11014=DIRECTION('',(0.,0.,1.));
#11015=DIRECTION('center_axis',(0.137558353120066,0.990493664536475,0.));
#11016=DIRECTION('ref_axis',(0.990493664536475,-0.137558353120066,0.));
#11017=DIRECTION('',(0.,0.,1.));
#11018=DIRECTION('center_axis',(-0.913898118382589,0.405943628126817,0.));
#11019=DIRECTION('ref_axis',(0.405943628126817,0.913898118382589,0.));
#11020=DIRECTION('',(0.,0.,1.));
#11021=DIRECTION('center_axis',(-0.813423890364661,0.581671363042758,0.));
#11022=DIRECTION('ref_axis',(0.581671363042758,0.813423890364661,0.));
#11023=DIRECTION('',(0.,0.,1.));
#11024=DIRECTION('center_axis',(-0.766149933878805,0.642661869739837,0.));
#11025=DIRECTION('ref_axis',(0.642661869739837,0.766149933878805,0.));
#11026=DIRECTION('',(0.,0.,1.));
#11027=DIRECTION('center_axis',(4.80017902817259E-5,0.999999998847914,0.));
#11028=DIRECTION('ref_axis',(0.999999998847914,-4.80017902817259E-5,0.));
#11029=DIRECTION('',(0.,0.,1.));
#11030=DIRECTION('center_axis',(-0.614703328634961,0.78875840265895,0.));
#11031=DIRECTION('ref_axis',(0.78875840265895,0.614703328634961,0.));
#11032=DIRECTION('',(0.,0.,1.));
#11033=DIRECTION('center_axis',(0.137551281456055,0.990494646613396,0.));
#11034=DIRECTION('ref_axis',(0.990494646613397,-0.137551281456055,0.));
#11035=DIRECTION('',(0.,0.,1.));
#11036=DIRECTION('center_axis',(-0.496718498749189,0.867911708067331,0.));
#11037=DIRECTION('ref_axis',(0.867911708067331,0.496718498749189,0.));
#11038=DIRECTION('',(0.,0.,1.));
#11039=DIRECTION('center_axis',(0.405491609285763,0.914098766435467,0.));
#11040=DIRECTION('ref_axis',(0.914098766435467,-0.405491609285763,0.));
#11041=DIRECTION('',(0.,0.,1.));
#11042=DIRECTION('center_axis',(-0.367994355331007,0.929828024123018,0.));
#11043=DIRECTION('ref_axis',(0.929828024123018,0.367994355331007,0.));
#11044=DIRECTION('',(0.,0.,1.));
#11045=DIRECTION('center_axis',(0.642263044276884,0.766484299875862,0.));
#11046=DIRECTION('ref_axis',(0.766484299875862,-0.642263044276884,0.));
#11047=DIRECTION('',(0.,0.,1.));
#11048=DIRECTION('center_axis',(-0.230587706337009,0.973051545236036,0.));
#11049=DIRECTION('ref_axis',(0.973051545236036,0.230587706337009,0.));
#11050=DIRECTION('',(0.,0.,1.));
#11051=DIRECTION('center_axis',(0.788455144618079,0.615092257247061,0.));
#11052=DIRECTION('ref_axis',(0.615092257247061,-0.788455144618078,0.));
#11053=DIRECTION('',(0.,0.,1.));
#11054=DIRECTION('center_axis',(-0.0795251133626627,0.996832862793285,0.));
#11055=DIRECTION('ref_axis',(0.996832862793285,0.0795251133626627,0.));
#11056=DIRECTION('',(0.,0.,1.));
#11057=DIRECTION('center_axis',(0.867652501074804,0.497171134900888,0.));
#11058=DIRECTION('ref_axis',(0.497171134900888,-0.867652501074804,0.));
#11059=DIRECTION('',(0.,0.,1.));
#11060=DIRECTION('center_axis',(0.000113001932867332,0.999999993615282,
0.));
#11061=DIRECTION('ref_axis',(0.999999993615282,-0.000113001932867332,0.));
#11062=DIRECTION('',(0.,0.,1.));
#11063=DIRECTION('center_axis',(0.929640951307091,0.368466690018036,0.));
#11064=DIRECTION('ref_axis',(0.368466690018036,-0.929640951307091,0.));
#11065=DIRECTION('',(0.,0.,1.));
#11066=DIRECTION('center_axis',(-0.992051134496244,0.125835394642031,0.));
#11067=DIRECTION('ref_axis',(0.125835394642031,0.992051134496244,0.));
#11068=DIRECTION('',(0.,0.,1.));
#11069=DIRECTION('center_axis',(0.972935849023902,0.231075385283977,0.));
#11070=DIRECTION('ref_axis',(0.231075385283977,-0.972935849023902,0.));
#11071=DIRECTION('',(0.,0.,1.));
#11072=DIRECTION('center_axis',(-0.0800175955362519,0.996793451224774,0.));
#11073=DIRECTION('ref_axis',(0.996793451224774,0.0800175955362519,0.));
#11074=DIRECTION('',(0.,0.,1.));
#11075=DIRECTION('center_axis',(0.996792152416443,0.0800337733772155,0.));
#11076=DIRECTION('ref_axis',(0.0800337733772155,-0.996792152416443,0.));
#11077=DIRECTION('',(0.,0.,1.));
#11078=DIRECTION('center_axis',(-0.231046004634921,0.972942826553668,0.));
#11079=DIRECTION('ref_axis',(0.972942826553668,0.231046004634921,0.));
#11080=DIRECTION('',(0.,0.,1.));
#11081=DIRECTION('center_axis',(-0.368422774600908,0.929658356147767,0.));
#11082=DIRECTION('ref_axis',(0.929658356147767,0.368422774600908,0.));
#11083=DIRECTION('',(0.,0.,1.));
#11084=DIRECTION('center_axis',(1.,0.,0.));
#11085=DIRECTION('ref_axis',(0.,-1.,0.));
#11086=DIRECTION('',(0.,0.,1.));
#11087=DIRECTION('center_axis',(-0.497137936145207,0.867671523357361,0.));
#11088=DIRECTION('ref_axis',(0.867671523357361,0.497137936145207,0.));
#11089=DIRECTION('',(0.,0.,1.));
#11090=DIRECTION('center_axis',(0.9904246851136,-0.138054131113944,0.));
#11091=DIRECTION('ref_axis',(-0.138054131113944,-0.9904246851136,0.));
#11092=DIRECTION('',(0.,0.,1.));
#11093=DIRECTION('center_axis',(-0.615074734145331,0.788468814485424,0.));
#11094=DIRECTION('ref_axis',(0.788468814485424,0.615074734145331,0.));
#11095=DIRECTION('',(0.,0.,1.));
#11096=DIRECTION('center_axis',(0.913895740123414,-0.405948982243184,0.));
#11097=DIRECTION('ref_axis',(-0.405948982243184,-0.913895740123414,0.));
#11098=DIRECTION('',(0.,0.,1.));
#11099=DIRECTION('center_axis',(-0.766460904575108,0.642290963472091,0.));
#11100=DIRECTION('ref_axis',(0.642290963472091,0.766460904575109,0.));
#11101=DIRECTION('',(0.,0.,1.));
#11102=DIRECTION('center_axis',(0.766153438954957,-0.642657691136964,0.));
#11103=DIRECTION('ref_axis',(-0.642657691136964,-0.766153438954957,0.));
#11104=DIRECTION('',(0.,0.,1.));
#11105=DIRECTION('center_axis',(-0.914091627320723,0.405507702592877,0.));
#11106=DIRECTION('ref_axis',(0.405507702592877,0.914091627320723,0.));
#11107=DIRECTION('',(0.,0.,1.));
#11108=DIRECTION('center_axis',(0.614703328634961,-0.78875840265895,0.));
#11109=DIRECTION('ref_axis',(-0.78875840265895,-0.614703328634961,0.));
#11110=DIRECTION('',(0.,0.,1.));
#11111=DIRECTION('center_axis',(-0.990489572144807,0.137587817310973,0.));
#11112=DIRECTION('ref_axis',(0.137587817310973,0.990489572144807,0.));
#11113=DIRECTION('',(0.,0.,1.));
#11114=DIRECTION('center_axis',(0.496724541795907,-0.867908249515838,0.));
#11115=DIRECTION('ref_axis',(-0.867908249515838,-0.496724541795907,0.));
#11116=DIRECTION('',(0.,0.,1.));
#11117=DIRECTION('center_axis',(-1.,0.,0.));
#11118=DIRECTION('ref_axis',(0.,1.,0.));
#11119=DIRECTION('',(0.,0.,1.));
#11120=DIRECTION('center_axis',(0.367989530606814,-0.92982993357053,0.));
#11121=DIRECTION('ref_axis',(-0.92982993357053,-0.367989530606814,0.));
#11122=DIRECTION('',(0.,0.,1.));
#11123=DIRECTION('center_axis',(-0.990490008634403,0.137584675002056,0.));
#11124=DIRECTION('ref_axis',(0.137584675002056,0.990490008634403,0.));
#11125=DIRECTION('',(0.,0.,1.));
#11126=DIRECTION('center_axis',(0.230587706337009,-0.973051545236036,0.));
#11127=DIRECTION('ref_axis',(-0.973051545236036,-0.230587706337009,0.));
#11128=DIRECTION('',(0.,0.,1.));
#11129=DIRECTION('center_axis',(-0.9140880676438,0.405515726687911,0.));
#11130=DIRECTION('ref_axis',(0.405515726687911,0.9140880676438,0.));
#11131=DIRECTION('',(0.,0.,1.));
#11132=DIRECTION('center_axis',(0.0795241312569708,-0.99683294114301,0.));
#11133=DIRECTION('ref_axis',(-0.99683294114301,-0.0795241312569708,0.));
#11134=DIRECTION('',(0.,0.,1.));
#11135=DIRECTION('center_axis',(-0.766463841246203,0.64228745905717,0.));
#11136=DIRECTION('ref_axis',(0.64228745905717,0.766463841246203,0.));
#11137=DIRECTION('',(0.,0.,1.));
#11138=DIRECTION('center_axis',(-0.615076660929299,0.788467311421383,0.));
#11139=DIRECTION('ref_axis',(0.788467311421383,0.615076660929299,0.));
#11140=DIRECTION('',(0.,0.,1.));
#11141=DIRECTION('center_axis',(-0.000124514206203613,-0.999999992248106,
0.));
#11142=DIRECTION('ref_axis',(-0.999999992248106,0.000124514206203613,0.));
#11143=DIRECTION('',(0.,0.,1.));
#11144=DIRECTION('center_axis',(-0.497142442638006,0.86766894131801,0.));
#11145=DIRECTION('ref_axis',(0.867668941318011,0.497142442638006,0.));
#11146=DIRECTION('',(0.,0.,1.));
#11147=DIRECTION('center_axis',(1.78750433833243E-5,-0.999999999840241,
0.));
#11148=DIRECTION('ref_axis',(-0.999999999840241,-1.78750433833243E-5,0.));
#11149=DIRECTION('',(0.,0.,1.));
#11150=DIRECTION('center_axis',(-0.368442317923873,0.929650610908681,0.));
#11151=DIRECTION('ref_axis',(0.929650610908681,0.368442317923873,0.));
#11152=DIRECTION('',(0.,0.,1.));
#11153=DIRECTION('center_axis',(0.,-1.,0.));
#11154=DIRECTION('ref_axis',(-1.,0.,0.));
#11155=DIRECTION('',(0.,0.,1.));
#11156=DIRECTION('center_axis',(-0.231056017324919,0.972940448772661,0.));
#11157=DIRECTION('ref_axis',(0.972940448772661,0.231056017324919,0.));
#11158=DIRECTION('',(0.,0.,1.));
#11159=DIRECTION('center_axis',(0.111367398441996,-0.993779302744962,0.));
#11160=DIRECTION('ref_axis',(-0.993779302744962,-0.111367398441996,0.));
#11161=DIRECTION('',(0.,0.,1.));
#11162=DIRECTION('center_axis',(-0.0800264049811815,0.996792744007393,0.));
#11163=DIRECTION('ref_axis',(0.996792744007393,0.0800264049811815,0.));
#11164=DIRECTION('',(0.,0.,1.));
#11165=DIRECTION('center_axis',(0.356327996236005,-0.934360936201013,0.));
#11166=DIRECTION('ref_axis',(-0.934360936201013,-0.356327996236005,0.));
#11167=DIRECTION('',(0.,0.,1.));
#11168=DIRECTION('center_axis',(0.,1.,0.));
#11169=DIRECTION('ref_axis',(1.,0.,0.));
#11170=DIRECTION('',(0.,0.,1.));
#11171=DIRECTION('center_axis',(0.601750358687937,-0.798684234111917,0.));
#11172=DIRECTION('ref_axis',(-0.798684234111917,-0.601750358687937,0.));
#11173=DIRECTION('',(0.,0.,1.));
#11174=DIRECTION('center_axis',(8.99286172770679E-5,0.999999995956422,0.));
#11175=DIRECTION('ref_axis',(0.999999995956422,-8.99286172770679E-5,0.));
#11176=DIRECTION('',(0.,0.,1.));
#11177=DIRECTION('center_axis',(0.807971748813595,-0.589221225957705,0.));
#11178=DIRECTION('ref_axis',(-0.589221225957705,-0.807971748813595,0.));
#11179=DIRECTION('',(0.,0.,1.));
#11180=DIRECTION('center_axis',(-0.868844612666419,0.495084880642239,0.));
#11181=DIRECTION('ref_axis',(0.495084880642239,0.868844612666419,0.));
#11182=DIRECTION('',(0.,0.,1.));
#11183=DIRECTION('center_axis',(0.601161837764008,-0.799127302009011,0.));
#11184=DIRECTION('ref_axis',(-0.799127302009011,-0.601161837764008,0.));
#11185=DIRECTION('',(0.,0.,1.));
#11186=DIRECTION('center_axis',(-0.0797886775319849,0.996811801162936,0.));
#11187=DIRECTION('ref_axis',(0.996811801162936,0.0797886775319849,0.));
#11188=DIRECTION('',(0.,0.,1.));
#11189=DIRECTION('center_axis',(0.355636052575009,-0.934624522527023,0.));
#11190=DIRECTION('ref_axis',(-0.934624522527023,-0.355636052575009,0.));
#11191=DIRECTION('',(0.,0.,1.));
#11192=DIRECTION('center_axis',(-0.230597727776996,0.973049170362982,0.));
#11193=DIRECTION('ref_axis',(0.973049170362982,0.230597727776996,0.));
#11194=DIRECTION('',(0.,0.,1.));
#11195=DIRECTION('center_axis',(0.110736903979964,-0.993849756299679,0.));
#11196=DIRECTION('ref_axis',(-0.99384975629968,-0.110736903979964,0.));
#11197=DIRECTION('',(0.,0.,1.));
#11198=DIRECTION('center_axis',(-0.36800908717309,0.929822193625227,0.));
#11199=DIRECTION('ref_axis',(0.929822193625227,0.36800908717309,0.));
#11200=DIRECTION('',(0.,0.,1.));
#11201=DIRECTION('center_axis',(0.129000711829979,-0.991644500991842,0.));
#11202=DIRECTION('ref_axis',(-0.991644500991842,-0.129000711829979,0.));
#11203=DIRECTION('',(0.,0.,1.));
#11204=DIRECTION('center_axis',(-0.496750174314901,0.867893578912827,0.));
#11205=DIRECTION('ref_axis',(0.867893578912827,0.496750174314901,0.));
#11206=DIRECTION('',(0.,0.,1.));
#11207=DIRECTION('center_axis',(0.14084014840193,-0.990032349268509,0.));
#11208=DIRECTION('ref_axis',(-0.990032349268509,-0.14084014840193,0.));
#11209=DIRECTION('',(0.,0.,1.));
#11210=DIRECTION('center_axis',(-0.614712096666141,0.78875156938818,0.));
#11211=DIRECTION('ref_axis',(0.78875156938818,0.614712096666141,0.));
#11212=DIRECTION('',(0.,0.,1.));
#11213=DIRECTION('center_axis',(0.236892375165893,-0.97153589876456,0.));
#11214=DIRECTION('ref_axis',(-0.97153589876456,-0.236892375165893,0.));
#11215=DIRECTION('',(0.,0.,1.));
#11216=DIRECTION('center_axis',(-0.766163389161832,0.642645828670859,0.));
#11217=DIRECTION('ref_axis',(0.642645828670859,0.766163389161832,0.));
#11218=DIRECTION('',(0.,0.,1.));
#11219=DIRECTION('center_axis',(0.500381154360795,-0.865805232347645,0.));
#11220=DIRECTION('ref_axis',(-0.865805232347645,-0.500381154360795,0.));
#11221=DIRECTION('',(0.,0.,1.));
#11222=DIRECTION('center_axis',(-0.913904070192961,0.405930228591983,0.));
#11223=DIRECTION('ref_axis',(0.405930228591983,0.913904070192961,0.));
#11224=DIRECTION('',(0.,0.,1.));
#11225=DIRECTION('center_axis',(0.487883309756812,-0.872908858965665,0.));
#11226=DIRECTION('ref_axis',(-0.872908858965664,-0.487883309756812,0.));
#11227=DIRECTION('',(0.,0.,1.));
#11228=DIRECTION('center_axis',(-0.990428376433938,0.138027646340991,0.));
#11229=DIRECTION('ref_axis',(0.138027646340991,0.990428376433938,0.));
#11230=DIRECTION('',(0.,0.,1.));
#11231=DIRECTION('center_axis',(0.334693015481066,-0.942327217790185,0.));
#11232=DIRECTION('ref_axis',(-0.942327217790185,-0.334693015481066,0.));
#11233=DIRECTION('',(0.,0.,1.));
#11234=DIRECTION('center_axis',(-0.999999999962361,-8.67623941694914E-6,
0.));
#11235=DIRECTION('ref_axis',(-8.67623941694914E-6,0.999999999962362,0.));
#11236=DIRECTION('',(0.,0.,1.));
#11237=DIRECTION('center_axis',(0.171519143648055,-0.985180787146318,0.));
#11238=DIRECTION('ref_axis',(-0.985180787146318,-0.171519143648055,0.));
#11239=DIRECTION('',(0.,0.,1.));
#11240=DIRECTION('center_axis',(-0.97539656584678,0.22045756810395,0.));
#11241=DIRECTION('ref_axis',(0.22045756810395,0.97539656584678,0.));
#11242=DIRECTION('',(0.,0.,1.));
#11243=DIRECTION('center_axis',(0.00356634159312657,-0.9999936405836,0.));
#11244=DIRECTION('ref_axis',(-0.9999936405836,-0.00356634159312657,0.));
#11245=DIRECTION('',(0.,0.,1.));
#11246=DIRECTION('center_axis',(-0.99968804347098,-0.0249763035928995,0.));
#11247=DIRECTION('ref_axis',(-0.0249763035928995,0.99968804347098,0.));
#11248=DIRECTION('',(0.,0.,1.));
#11249=DIRECTION('center_axis',(-0.164527702693969,-0.986372462635816,0.));
#11250=DIRECTION('ref_axis',(-0.986372462635816,0.164527702693969,0.));
#11251=DIRECTION('',(0.,0.,1.));
#11252=DIRECTION('center_axis',(-0.994827554324097,-0.10157823171101,0.));
#11253=DIRECTION('ref_axis',(-0.10157823171101,0.994827554324097,0.));
#11254=DIRECTION('',(0.,0.,1.));
#11255=DIRECTION('center_axis',(-0.288057524861038,-0.957613106829127,0.));
#11256=DIRECTION('ref_axis',(-0.957613106829127,0.288057524861038,0.));
#11257=DIRECTION('',(0.,0.,1.));
#11258=DIRECTION('center_axis',(-0.98410685240323,-0.177577315705041,0.));
#11259=DIRECTION('ref_axis',(-0.177577315705041,0.98410685240323,0.));
#11260=DIRECTION('',(0.,0.,1.));
#11261=DIRECTION('center_axis',(-0.368326912003018,-0.929696340691046,0.));
#11262=DIRECTION('ref_axis',(-0.929696340691046,0.368326912003018,0.));
#11263=DIRECTION('',(0.,0.,1.));
#11264=DIRECTION('center_axis',(-0.957261541265118,-0.289223687852036,0.));
#11265=DIRECTION('ref_axis',(-0.289223687852036,0.957261541265118,0.));
#11266=DIRECTION('',(0.,0.,1.));
#11267=DIRECTION('center_axis',(-0.446138790882896,-0.894963786568791,0.));
#11268=DIRECTION('ref_axis',(-0.894963786568791,0.446138790882896,0.));
#11269=DIRECTION('',(0.,0.,1.));
#11270=DIRECTION('center_axis',(-0.902047770754113,-0.431636211731054,0.));
#11271=DIRECTION('ref_axis',(-0.431636211731054,0.902047770754113,0.));
#11272=DIRECTION('',(0.,0.,1.));
#11273=DIRECTION('center_axis',(-0.521058316830737,-0.85352107792457,0.));
#11274=DIRECTION('ref_axis',(-0.85352107792457,0.521058316830737,0.));
#11275=DIRECTION('',(0.,0.,1.));
#11276=DIRECTION('center_axis',(-0.86627687459483,-0.499564186608902,0.));
#11277=DIRECTION('ref_axis',(-0.499564186608902,0.86627687459483,0.));
#11278=DIRECTION('',(0.,0.,1.));
#11279=DIRECTION('center_axis',(-0.592321749142959,-0.805701523823944,0.));
#11280=DIRECTION('ref_axis',(-0.805701523823944,0.592321749142959,0.));
#11281=DIRECTION('',(0.,0.,1.));
#11282=DIRECTION('center_axis',(-0.83038529386614,-0.557189612009094,0.));
#11283=DIRECTION('ref_axis',(-0.557189612009094,0.83038529386614,0.));
#11284=DIRECTION('',(0.,0.,1.));
#11285=DIRECTION('center_axis',(-0.659384738230329,-0.751805671027375,0.));
#11286=DIRECTION('ref_axis',(-0.751805671027375,0.659384738230329,0.));
#11287=DIRECTION('',(0.,0.,1.));
#11288=DIRECTION('center_axis',(-0.817037324411058,-0.576584781727041,0.));
#11289=DIRECTION('ref_axis',(-0.576584781727041,0.817037324411058,0.));
#11290=DIRECTION('',(0.,0.,1.));
#11291=DIRECTION('center_axis',(-0.721535809602097,-0.692377119395093,0.));
#11292=DIRECTION('ref_axis',(-0.692377119395093,0.721535809602097,0.));
#11293=DIRECTION('',(0.,0.,1.));
#11294=DIRECTION('center_axis',(-0.778208796123633,-0.628005628665704,0.));
#11295=DIRECTION('ref_axis',(-0.628005628665704,0.778208796123633,0.));
#11296=DIRECTION('center_axis',(0.,0.,-1.));
#11297=DIRECTION('ref_axis',(0.,-1.,0.));
#11298=DIRECTION('',(0.,0.,-1.));
#11299=DIRECTION('center_axis',(0.866025441727238,0.499999934281138,0.));
#11300=DIRECTION('ref_axis',(0.499999934281138,-0.866025441727238,0.));
#11301=DIRECTION('',(0.,0.,1.));
#11302=DIRECTION('',(0.,0.,1.));
#11303=DIRECTION('center_axis',(0.500000105002965,-0.86602534316094,0.));
#11304=DIRECTION('ref_axis',(-0.86602534316094,-0.500000105002965,0.));
#11305=DIRECTION('',(0.,0.,1.));
#11306=DIRECTION('center_axis',(-0.500000105002965,0.86602534316094,0.));
#11307=DIRECTION('ref_axis',(0.86602534316094,0.500000105002965,0.));
#11308=DIRECTION('',(0.,0.,1.));
#11309=DIRECTION('center_axis',(-0.866025441727238,-0.499999934281138,0.));
#11310=DIRECTION('ref_axis',(-0.499999934281138,0.866025441727238,0.));
#11311=DIRECTION('center_axis',(0.,0.,-1.));
#11312=DIRECTION('ref_axis',(6.932124251318E-15,-1.,0.));
#11313=DIRECTION('',(0.,0.,-1.));
#11314=DIRECTION('center_axis',(0.,0.,-1.));
#11315=DIRECTION('ref_axis',(0.,-1.,0.));
#11316=DIRECTION('',(0.,0.,-1.));
#11317=DIRECTION('center_axis',(0.,0.,-1.));
#11318=DIRECTION('ref_axis',(0.,-1.,0.));
#11319=DIRECTION('',(0.,0.,-1.));
#11320=DIRECTION('center_axis',(0.,0.,-1.));
#11321=DIRECTION('ref_axis',(0.,-1.,0.));
#11322=DIRECTION('',(0.,0.,-1.));
#11323=DIRECTION('center_axis',(0.,0.,-1.));
#11324=DIRECTION('ref_axis',(0.,-1.,0.));
#11325=DIRECTION('',(0.,0.,-1.));
#11326=DIRECTION('center_axis',(0.,0.,-1.));
#11327=DIRECTION('ref_axis',(0.,-1.,0.));
#11328=DIRECTION('',(0.,0.,-1.));
#11329=DIRECTION('center_axis',(0.,0.,-1.));
#11330=DIRECTION('ref_axis',(0.,-1.,0.));
#11331=DIRECTION('',(0.,0.,-1.));
#11332=DIRECTION('center_axis',(0.,0.,-1.));
#11333=DIRECTION('ref_axis',(0.,-1.,0.));
#11334=DIRECTION('',(0.,0.,-1.));
#11335=DIRECTION('center_axis',(0.965925828171264,0.258819038078071,0.));
#11336=DIRECTION('ref_axis',(0.258819038078071,-0.965925828171264,0.));
#11337=DIRECTION('',(0.,0.,1.));
#11338=DIRECTION('',(0.,0.,1.));
#11339=DIRECTION('center_axis',(0.258818897592095,-0.965925865814356,0.));
#11340=DIRECTION('ref_axis',(-0.965925865814356,-0.258818897592095,0.));
#11341=DIRECTION('',(0.,0.,1.));
#11342=DIRECTION('center_axis',(-0.258818897592095,0.965925865814356,0.));
#11343=DIRECTION('ref_axis',(0.965925865814356,0.258818897592095,0.));
#11344=DIRECTION('',(0.,0.,1.));
#11345=DIRECTION('center_axis',(-0.965925828171264,-0.258819038078071,0.));
#11346=DIRECTION('ref_axis',(-0.258819038078071,0.965925828171264,0.));
#11347=DIRECTION('center_axis',(0.,0.,-1.));
#11348=DIRECTION('ref_axis',(0.,-1.,0.));
#11349=DIRECTION('',(0.,0.,-1.));
#11350=DIRECTION('center_axis',(0.,1.,0.));
#11351=DIRECTION('ref_axis',(1.,0.,0.));
#11352=DIRECTION('',(0.,0.,1.));
#11353=DIRECTION('',(0.,0.,1.));
#11354=DIRECTION('center_axis',(1.,0.,0.));
#11355=DIRECTION('ref_axis',(0.,-1.,0.));
#11356=DIRECTION('',(0.,0.,1.));
#11357=DIRECTION('center_axis',(-1.,0.,0.));
#11358=DIRECTION('ref_axis',(0.,1.,0.));
#11359=DIRECTION('',(0.,0.,1.));
#11360=DIRECTION('center_axis',(0.,-1.,0.));
#11361=DIRECTION('ref_axis',(-1.,0.,0.));
#11362=DIRECTION('center_axis',(0.,0.,-1.));
#11363=DIRECTION('ref_axis',(0.,-1.,0.));
#11364=DIRECTION('',(0.,0.,-1.));
#11365=DIRECTION('center_axis',(0.,0.,-1.));
#11366=DIRECTION('ref_axis',(-7.479397218527E-15,-1.,0.));
#11367=DIRECTION('',(0.,0.,-1.));
#11368=DIRECTION('center_axis',(0.,0.,-1.));
#11369=DIRECTION('ref_axis',(0.,-1.,0.));
#11370=DIRECTION('',(0.,0.,-1.));
#11371=DIRECTION('center_axis',(0.,0.,-1.));
#11372=DIRECTION('ref_axis',(2.368475785867E-15,-1.,0.));
#11373=DIRECTION('',(0.,0.,-1.));
#11374=DIRECTION('center_axis',(0.,0.,-1.));
#11375=DIRECTION('ref_axis',(0.,-1.,0.));
#11376=DIRECTION('',(0.,0.,-1.));
#11377=DIRECTION('center_axis',(0.,0.,-1.));
#11378=DIRECTION('ref_axis',(3.739698609264E-15,-1.,0.));
#11379=DIRECTION('',(0.,0.,-1.));
#11380=DIRECTION('center_axis',(0.,0.,-1.));
#11381=DIRECTION('ref_axis',(0.,-1.,0.));
#11382=DIRECTION('',(0.,0.,-1.));
#11383=DIRECTION('center_axis',(0.,0.,-1.));
#11384=DIRECTION('ref_axis',(0.,-1.,0.));
#11385=DIRECTION('',(0.,0.,1.));
#11386=DIRECTION('',(0.,0.,1.));
#11387=DIRECTION('center_axis',(0.,-1.,0.));
#11388=DIRECTION('ref_axis',(-1.,0.,0.));
#11389=DIRECTION('',(0.,0.,1.));
#11390=DIRECTION('center_axis',(0.,0.,-1.));
#11391=DIRECTION('ref_axis',(0.,1.,0.));
#11392=DIRECTION('',(0.,0.,1.));
#11393=DIRECTION('center_axis',(0.,1.,0.));
#11394=DIRECTION('ref_axis',(1.,0.,0.));
#11395=DIRECTION('center_axis',(0.,0.,-1.));
#11396=DIRECTION('ref_axis',(0.,-1.,0.));
#11397=DIRECTION('',(0.,0.,-1.));
#11398=DIRECTION('center_axis',(0.,0.,-1.));
#11399=DIRECTION('ref_axis',(0.,-1.,0.));
#11400=DIRECTION('',(0.,0.,-1.));
#11401=DIRECTION('center_axis',(0.,0.,-1.));
#11402=DIRECTION('ref_axis',(0.,-1.,0.));
#11403=DIRECTION('',(0.,0.,1.));
#11404=DIRECTION('',(0.,0.,1.));
#11405=DIRECTION('center_axis',(0.,-1.,0.));
#11406=DIRECTION('ref_axis',(-1.,0.,0.));
#11407=DIRECTION('',(0.,0.,1.));
#11408=DIRECTION('center_axis',(0.,0.,-1.));
#11409=DIRECTION('ref_axis',(0.,1.,0.));
#11410=DIRECTION('',(0.,0.,1.));
#11411=DIRECTION('center_axis',(0.,1.,0.));
#11412=DIRECTION('ref_axis',(1.,0.,0.));
#11413=DIRECTION('center_axis',(0.,0.,-1.));
#11414=DIRECTION('ref_axis',(0.,-1.,0.));
#11415=DIRECTION('',(0.,0.,1.));
#11416=DIRECTION('',(0.,0.,1.));
#11417=DIRECTION('center_axis',(0.,-1.,0.));
#11418=DIRECTION('ref_axis',(-1.,0.,0.));
#11419=DIRECTION('',(0.,0.,1.));
#11420=DIRECTION('center_axis',(0.,0.,-1.));
#11421=DIRECTION('ref_axis',(0.,1.,0.));
#11422=DIRECTION('',(0.,0.,1.));
#11423=DIRECTION('center_axis',(0.,1.,0.));
#11424=DIRECTION('ref_axis',(1.,0.,0.));
#11425=DIRECTION('center_axis',(0.,0.,-1.));
#11426=DIRECTION('ref_axis',(-1.2918958832E-14,-1.,0.));
#11427=DIRECTION('',(0.,0.,-1.));
#11428=DIRECTION('center_axis',(0.,0.,-1.));
#11429=DIRECTION('ref_axis',(0.,-1.,0.));
#11430=DIRECTION('',(0.,0.,1.));
#11431=DIRECTION('',(0.,0.,1.));
#11432=DIRECTION('center_axis',(0.,-1.,0.));
#11433=DIRECTION('ref_axis',(-1.,0.,0.));
#11434=DIRECTION('',(0.,0.,1.));
#11435=DIRECTION('center_axis',(0.,0.,-1.));
#11436=DIRECTION('ref_axis',(0.,1.,0.));
#11437=DIRECTION('',(0.,0.,1.));
#11438=DIRECTION('center_axis',(0.,1.,0.));
#11439=DIRECTION('ref_axis',(1.,0.,0.));
#11440=DIRECTION('center_axis',(0.,1.,0.));
#11441=DIRECTION('ref_axis',(1.,0.,0.));
#11442=DIRECTION('',(0.,0.,1.));
#11443=DIRECTION('',(0.,0.,1.));
#11444=DIRECTION('center_axis',(1.,0.,0.));
#11445=DIRECTION('ref_axis',(0.,-1.,0.));
#11446=DIRECTION('',(0.,0.,1.));
#11447=DIRECTION('center_axis',(-1.,0.,0.));
#11448=DIRECTION('ref_axis',(0.,1.,0.));
#11449=DIRECTION('',(0.,0.,1.));
#11450=DIRECTION('center_axis',(0.,-1.,0.));
#11451=DIRECTION('ref_axis',(-1.,0.,0.));
#11452=DIRECTION('center_axis',(0.,0.,-1.));
#11453=DIRECTION('ref_axis',(7.479397218527E-15,-1.,0.));
#11454=DIRECTION('',(0.,0.,-1.));
#11455=DIRECTION('center_axis',(0.,0.,-1.));
#11456=DIRECTION('ref_axis',(0.,-1.,0.));
#11457=DIRECTION('',(0.,0.,-1.));
#11458=DIRECTION('center_axis',(0.,0.,-1.));
#11459=DIRECTION('ref_axis',(2.1862853408E-14,-1.,0.));
#11460=DIRECTION('',(0.,0.,-1.));
#11461=DIRECTION('center_axis',(0.,0.,-1.));
#11462=DIRECTION('ref_axis',(-3.49676543189E-14,-1.,0.));
#11463=DIRECTION('',(0.,0.,-1.));
#11464=DIRECTION('center_axis',(0.,0.,-1.));
#11465=DIRECTION('ref_axis',(0.,-1.,0.));
#11466=DIRECTION('',(0.,0.,-1.));
#11467=DIRECTION('center_axis',(0.,0.,-1.));
#11468=DIRECTION('ref_axis',(0.,-1.,0.));
#11469=DIRECTION('',(0.,0.,-1.));
#11470=DIRECTION('center_axis',(0.,0.,-1.));
#11471=DIRECTION('ref_axis',(0.,-1.,0.));
#11472=DIRECTION('',(0.,0.,-1.));
#11473=DIRECTION('center_axis',(0.,0.,-1.));
#11474=DIRECTION('ref_axis',(2.1862853408E-14,-1.,0.));
#11475=DIRECTION('',(0.,0.,-1.));
#11476=DIRECTION('center_axis',(0.,0.,-1.));
#11477=DIRECTION('ref_axis',(0.,-1.,0.));
#11478=DIRECTION('',(0.,0.,-1.));
#11479=DIRECTION('center_axis',(0.,0.,-1.));
#11480=DIRECTION('ref_axis',(0.,-1.,0.));
#11481=DIRECTION('',(0.,0.,-1.));
#11482=DIRECTION('center_axis',(0.,0.,-1.));
#11483=DIRECTION('ref_axis',(-7.479397218527E-15,-1.,0.));
#11484=DIRECTION('',(0.,0.,-1.));
#11485=DIRECTION('center_axis',(0.,1.,0.));
#11486=DIRECTION('ref_axis',(1.,0.,0.));
#11487=DIRECTION('',(0.,0.,1.));
#11488=DIRECTION('',(0.,0.,1.));
#11489=DIRECTION('center_axis',(1.,0.,0.));
#11490=DIRECTION('ref_axis',(0.,-1.,0.));
#11491=DIRECTION('',(0.,0.,1.));
#11492=DIRECTION('center_axis',(-1.,0.,0.));
#11493=DIRECTION('ref_axis',(0.,1.,0.));
#11494=DIRECTION('',(0.,0.,1.));
#11495=DIRECTION('center_axis',(0.,-1.,0.));
#11496=DIRECTION('ref_axis',(-1.,0.,0.));
#11497=DIRECTION('center_axis',(0.,0.,-1.));
#11498=DIRECTION('ref_axis',(7.479397218527E-15,-1.,0.));
#11499=DIRECTION('',(0.,0.,-1.));
#11500=DIRECTION('center_axis',(0.,0.,-1.));
#11501=DIRECTION('ref_axis',(0.,-1.,0.));
#11502=DIRECTION('',(0.,0.,-1.));
#11503=DIRECTION('center_axis',(0.,0.,-1.));
#11504=DIRECTION('ref_axis',(0.,-1.,0.));
#11505=DIRECTION('',(0.,0.,-1.));
#11506=DIRECTION('center_axis',(0.,0.,-1.));
#11507=DIRECTION('ref_axis',(0.,-1.,0.));
#11508=DIRECTION('',(0.,0.,-1.));
#11509=DIRECTION('center_axis',(0.,0.,-1.));
#11510=DIRECTION('ref_axis',(0.,-1.,0.));
#11511=DIRECTION('',(0.,0.,-1.));
#11512=DIRECTION('center_axis',(0.,0.,-1.));
#11513=DIRECTION('ref_axis',(0.,-1.,0.));
#11514=DIRECTION('',(0.,0.,-1.));
#11515=DIRECTION('center_axis',(0.,0.,-1.));
#11516=DIRECTION('ref_axis',(0.,-1.,0.));
#11517=DIRECTION('',(0.,0.,-1.));
#11518=DIRECTION('center_axis',(0.,0.,-1.));
#11519=DIRECTION('ref_axis',(0.,-1.,0.));
#11520=DIRECTION('',(0.,0.,-1.));
#11521=DIRECTION('center_axis',(0.,1.,0.));
#11522=DIRECTION('ref_axis',(1.,0.,0.));
#11523=DIRECTION('',(0.,0.,1.));
#11524=DIRECTION('',(0.,0.,1.));
#11525=DIRECTION('center_axis',(1.,0.,0.));
#11526=DIRECTION('ref_axis',(0.,-1.,0.));
#11527=DIRECTION('',(0.,0.,1.));
#11528=DIRECTION('center_axis',(-1.,0.,0.));
#11529=DIRECTION('ref_axis',(0.,1.,0.));
#11530=DIRECTION('',(0.,0.,1.));
#11531=DIRECTION('center_axis',(0.,-1.,0.));
#11532=DIRECTION('ref_axis',(-1.,0.,0.));
#11533=DIRECTION('center_axis',(0.,1.,0.));
#11534=DIRECTION('ref_axis',(1.,0.,0.));
#11535=DIRECTION('',(0.,0.,1.));
#11536=DIRECTION('',(0.,0.,1.));
#11537=DIRECTION('center_axis',(1.,0.,0.));
#11538=DIRECTION('ref_axis',(0.,-1.,0.));
#11539=DIRECTION('',(0.,0.,1.));
#11540=DIRECTION('center_axis',(-1.,0.,0.));
#11541=DIRECTION('ref_axis',(0.,1.,0.));
#11542=DIRECTION('',(0.,0.,1.));
#11543=DIRECTION('center_axis',(0.,-1.,0.));
#11544=DIRECTION('ref_axis',(-1.,0.,0.));
#11545=DIRECTION('center_axis',(0.,0.,-1.));
#11546=DIRECTION('ref_axis',(0.,-1.,0.));
#11547=DIRECTION('',(0.,0.,-1.));
#11548=DIRECTION('center_axis',(0.,0.,-1.));
#11549=DIRECTION('ref_axis',(-1.869849304632E-15,-1.,0.));
#11550=DIRECTION('',(0.,0.,-1.));
#11551=DIRECTION('center_axis',(0.,0.,-1.));
#11552=DIRECTION('ref_axis',(-4.67462326158E-16,-1.,0.));
#11553=DIRECTION('',(0.,0.,-1.));
#11554=DIRECTION('center_axis',(0.,0.,-1.));
#11555=DIRECTION('ref_axis',(1.184237892933E-15,-1.,0.));
#11556=DIRECTION('',(0.,0.,-1.));
#11557=DIRECTION('center_axis',(0.,0.,-1.));
#11558=DIRECTION('ref_axis',(1.083144414268E-16,-1.,0.));
#11559=DIRECTION('',(0.,0.,-1.));
#11560=DIRECTION('center_axis',(0.,0.,-1.));
#11561=DIRECTION('ref_axis',(0.,-1.,0.));
#11562=DIRECTION('',(0.,0.,-1.));
#11563=DIRECTION('center_axis',(0.,0.,-1.));
#11564=DIRECTION('ref_axis',(9.349246523159E-16,-1.,0.));
#11565=DIRECTION('',(0.,0.,-1.));
#11566=DIRECTION('center_axis',(0.,0.,-1.));
#11567=DIRECTION('ref_axis',(-2.960594732334E-16,-1.,0.));
#11568=DIRECTION('',(0.,0.,-1.));
#11569=DIRECTION('center_axis',(0.,1.,0.));
#11570=DIRECTION('ref_axis',(1.,0.,0.));
#11571=DIRECTION('',(0.,0.,1.));
#11572=DIRECTION('',(0.,0.,1.));
#11573=DIRECTION('center_axis',(1.,0.,0.));
#11574=DIRECTION('ref_axis',(0.,-1.,0.));
#11575=DIRECTION('',(0.,0.,1.));
#11576=DIRECTION('center_axis',(-1.,0.,0.));
#11577=DIRECTION('ref_axis',(0.,1.,0.));
#11578=DIRECTION('',(0.,0.,1.));
#11579=DIRECTION('center_axis',(0.,-1.,0.));
#11580=DIRECTION('ref_axis',(-1.,0.,0.));
#11581=DIRECTION('center_axis',(0.,0.,-1.));
#11582=DIRECTION('ref_axis',(-1.869849304632E-15,-1.,0.));
#11583=DIRECTION('',(0.,0.,-1.));
#11584=DIRECTION('center_axis',(0.,0.,-1.));
#11585=DIRECTION('ref_axis',(0.,-1.,0.));
#11586=DIRECTION('',(0.,0.,-1.));
#11587=DIRECTION('center_axis',(0.,0.,-1.));
#11588=DIRECTION('ref_axis',(0.,-1.,0.));
#11589=DIRECTION('',(0.,0.,-1.));
#11590=DIRECTION('center_axis',(0.,0.,-1.));
#11591=DIRECTION('ref_axis',(3.739698609264E-15,-1.,0.));
#11592=DIRECTION('',(0.,0.,-1.));
#11593=DIRECTION('center_axis',(0.,1.,0.));
#11594=DIRECTION('ref_axis',(1.,0.,0.));
#11595=DIRECTION('',(0.,0.,1.));
#11596=DIRECTION('',(0.,0.,1.));
#11597=DIRECTION('center_axis',(1.,0.,0.));
#11598=DIRECTION('ref_axis',(0.,-1.,0.));
#11599=DIRECTION('',(0.,0.,1.));
#11600=DIRECTION('center_axis',(-1.,0.,0.));
#11601=DIRECTION('ref_axis',(0.,1.,0.));
#11602=DIRECTION('',(0.,0.,1.));
#11603=DIRECTION('center_axis',(0.,-1.,0.));
#11604=DIRECTION('ref_axis',(-1.,0.,0.));
#11605=DIRECTION('center_axis',(0.,0.,-1.));
#11606=DIRECTION('ref_axis',(7.479397218527E-15,-1.,0.));
#11607=DIRECTION('',(0.,0.,-1.));
#11608=DIRECTION('center_axis',(0.,0.,-1.));
#11609=DIRECTION('ref_axis',(0.,-1.,0.));
#11610=DIRECTION('',(0.,0.,-1.));
#11611=DIRECTION('center_axis',(0.,0.,-1.));
#11612=DIRECTION('ref_axis',(0.,-1.,0.));
#11613=DIRECTION('',(0.,0.,-1.));
#11614=DIRECTION('center_axis',(0.,0.,-1.));
#11615=DIRECTION('ref_axis',(-7.479397218527E-15,-1.,0.));
#11616=DIRECTION('',(0.,0.,-1.));
#11617=DIRECTION('center_axis',(0.,0.,-1.));
#11618=DIRECTION('ref_axis',(0.,-1.,0.));
#11619=DIRECTION('',(0.,0.,-1.));
#11620=DIRECTION('center_axis',(0.,0.,-1.));
#11621=DIRECTION('ref_axis',(0.,-1.,0.));
#11622=DIRECTION('',(0.,0.,-1.));
#11623=DIRECTION('center_axis',(0.,0.,-1.));
#11624=DIRECTION('ref_axis',(0.,-1.,0.));
#11625=DIRECTION('',(0.,0.,-1.));
#11626=DIRECTION('center_axis',(0.,0.,-1.));
#11627=DIRECTION('ref_axis',(0.,-1.,0.));
#11628=DIRECTION('',(0.,0.,-1.));
#11629=DIRECTION('center_axis',(0.,0.,-1.));
#11630=DIRECTION('ref_axis',(0.,-1.,0.));
#11631=DIRECTION('',(0.,0.,-1.));
#11632=DIRECTION('center_axis',(0.,0.,-1.));
#11633=DIRECTION('ref_axis',(0.,-1.,0.));
#11634=DIRECTION('',(0.,0.,-1.));
#11635=DIRECTION('center_axis',(0.,0.,-1.));
#11636=DIRECTION('ref_axis',(0.,-1.,0.));
#11637=DIRECTION('',(0.,0.,-1.));
#11638=DIRECTION('center_axis',(0.,0.,-1.));
#11639=DIRECTION('ref_axis',(0.,-1.,0.));
#11640=DIRECTION('',(0.,0.,-1.));
#11641=DIRECTION('center_axis',(0.,0.,-1.));
#11642=DIRECTION('ref_axis',(0.,-1.,0.));
#11643=DIRECTION('',(0.,0.,-1.));
#11644=DIRECTION('center_axis',(0.,1.,0.));
#11645=DIRECTION('ref_axis',(1.,0.,0.));
#11646=DIRECTION('',(0.,0.,1.));
#11647=DIRECTION('',(0.,0.,1.));
#11648=DIRECTION('center_axis',(1.,0.,0.));
#11649=DIRECTION('ref_axis',(0.,-1.,0.));
#11650=DIRECTION('',(0.,0.,1.));
#11651=DIRECTION('center_axis',(-1.,0.,0.));
#11652=DIRECTION('ref_axis',(0.,1.,0.));
#11653=DIRECTION('',(0.,0.,1.));
#11654=DIRECTION('center_axis',(0.,-1.,0.));
#11655=DIRECTION('ref_axis',(-1.,0.,0.));
#11656=DIRECTION('center_axis',(0.,0.,-1.));
#11657=DIRECTION('ref_axis',(0.,-1.,0.));
#11658=DIRECTION('',(0.,0.,-1.));
#11659=DIRECTION('center_axis',(0.,0.,-1.));
#11660=DIRECTION('ref_axis',(0.,-1.,0.));
#11661=DIRECTION('',(0.,0.,-1.));
#11662=DIRECTION('center_axis',(0.,0.,-1.));
#11663=DIRECTION('ref_axis',(7.479397218527E-15,-1.,0.));
#11664=DIRECTION('',(0.,0.,-1.));
#11665=DIRECTION('center_axis',(0.,0.,-1.));
#11666=DIRECTION('ref_axis',(0.,-1.,0.));
#11667=DIRECTION('',(0.,0.,-1.));
#11668=DIRECTION('center_axis',(0.,0.,-1.));
#11669=DIRECTION('ref_axis',(0.,-1.,0.));
#11670=DIRECTION('',(0.,0.,-1.));
#11671=DIRECTION('center_axis',(0.,0.,-1.));
#11672=DIRECTION('ref_axis',(0.,-1.,0.));
#11673=DIRECTION('',(0.,0.,-1.));
#11674=DIRECTION('center_axis',(0.,0.,-1.));
#11675=DIRECTION('ref_axis',(0.,-1.,0.));
#11676=DIRECTION('',(0.,0.,-1.));
#11677=DIRECTION('center_axis',(0.,0.,-1.));
#11678=DIRECTION('ref_axis',(0.,-1.,0.));
#11679=DIRECTION('',(0.,0.,-1.));
#11680=DIRECTION('center_axis',(0.,0.,-1.));
#11681=DIRECTION('ref_axis',(0.,-1.,0.));
#11682=DIRECTION('',(0.,0.,-1.));
#11683=DIRECTION('center_axis',(0.,0.,-1.));
#11684=DIRECTION('ref_axis',(0.,-1.,0.));
#11685=DIRECTION('',(0.,0.,-1.));
#11686=DIRECTION('center_axis',(0.,0.,-1.));
#11687=DIRECTION('ref_axis',(0.,-1.,0.));
#11688=DIRECTION('',(0.,0.,-1.));
#11689=DIRECTION('center_axis',(0.,0.,-1.));
#11690=DIRECTION('ref_axis',(0.,-1.,0.));
#11691=DIRECTION('',(0.,0.,-1.));
#11692=DIRECTION('center_axis',(0.,0.,-1.));
#11693=DIRECTION('ref_axis',(0.,-1.,0.));
#11694=DIRECTION('',(0.,0.,-1.));
#11695=DIRECTION('center_axis',(0.,0.,-1.));
#11696=DIRECTION('ref_axis',(0.,-1.,0.));
#11697=DIRECTION('',(0.,0.,-1.));
#11698=DIRECTION('center_axis',(0.,0.,-1.));
#11699=DIRECTION('ref_axis',(-7.479397218527E-15,-1.,0.));
#11700=DIRECTION('',(0.,0.,-1.));
#11701=DIRECTION('center_axis',(0.,1.,0.));
#11702=DIRECTION('ref_axis',(1.,0.,0.));
#11703=DIRECTION('',(0.,0.,1.));
#11704=DIRECTION('',(0.,0.,1.));
#11705=DIRECTION('center_axis',(1.,0.,0.));
#11706=DIRECTION('ref_axis',(0.,-1.,0.));
#11707=DIRECTION('',(0.,0.,1.));
#11708=DIRECTION('center_axis',(-1.,0.,0.));
#11709=DIRECTION('ref_axis',(0.,1.,0.));
#11710=DIRECTION('',(0.,0.,1.));
#11711=DIRECTION('center_axis',(0.,-1.,0.));
#11712=DIRECTION('ref_axis',(-1.,0.,0.));
#11713=DIRECTION('center_axis',(0.,0.,-1.));
#11714=DIRECTION('ref_axis',(7.479397218527E-15,-1.,0.));
#11715=DIRECTION('',(0.,0.,-1.));
#11716=DIRECTION('center_axis',(0.,0.,-1.));
#11717=DIRECTION('ref_axis',(0.,-1.,0.));
#11718=DIRECTION('',(0.,0.,-1.));
#11719=DIRECTION('center_axis',(0.,0.,-1.));
#11720=DIRECTION('ref_axis',(0.,-1.,0.));
#11721=DIRECTION('',(0.,0.,-1.));
#11722=DIRECTION('center_axis',(0.,0.,-1.));
#11723=DIRECTION('ref_axis',(0.,-1.,0.));
#11724=DIRECTION('',(0.,0.,-1.));
#11725=DIRECTION('center_axis',(0.,0.,-1.));
#11726=DIRECTION('ref_axis',(0.,-1.,0.));
#11727=DIRECTION('',(0.,0.,-1.));
#11728=DIRECTION('center_axis',(0.,0.,-1.));
#11729=DIRECTION('ref_axis',(0.,-1.,0.));
#11730=DIRECTION('',(0.,0.,-1.));
#11731=DIRECTION('center_axis',(0.,0.,-1.));
#11732=DIRECTION('ref_axis',(0.,-1.,0.));
#11733=DIRECTION('',(0.,0.,-1.));
#11734=DIRECTION('center_axis',(0.,0.,-1.));
#11735=DIRECTION('ref_axis',(0.,-1.,0.));
#11736=DIRECTION('',(0.,0.,-1.));
#11737=DIRECTION('center_axis',(0.,0.,-1.));
#11738=DIRECTION('ref_axis',(0.,-1.,0.));
#11739=DIRECTION('',(0.,0.,-1.));
#11740=DIRECTION('center_axis',(0.,0.,-1.));
#11741=DIRECTION('ref_axis',(0.,-1.,0.));
#11742=DIRECTION('',(0.,0.,-1.));
#11743=DIRECTION('center_axis',(0.,0.,-1.));
#11744=DIRECTION('ref_axis',(0.,-1.,0.));
#11745=DIRECTION('',(0.,0.,-1.));
#11746=DIRECTION('center_axis',(0.,0.,-1.));
#11747=DIRECTION('ref_axis',(0.,-1.,0.));
#11748=DIRECTION('',(0.,0.,-1.));
#11749=DIRECTION('center_axis',(0.,0.,-1.));
#11750=DIRECTION('ref_axis',(0.,-1.,0.));
#11751=DIRECTION('',(0.,0.,-1.));
#11752=DIRECTION('center_axis',(0.,0.,-1.));
#11753=DIRECTION('ref_axis',(0.,-1.,0.));
#11754=DIRECTION('',(0.,0.,-1.));
#11755=DIRECTION('center_axis',(0.,1.,0.));
#11756=DIRECTION('ref_axis',(1.,0.,0.));
#11757=DIRECTION('',(0.,0.,1.));
#11758=DIRECTION('',(0.,0.,1.));
#11759=DIRECTION('center_axis',(1.,0.,0.));
#11760=DIRECTION('ref_axis',(0.,-1.,0.));
#11761=DIRECTION('',(0.,0.,1.));
#11762=DIRECTION('center_axis',(-1.,0.,0.));
#11763=DIRECTION('ref_axis',(0.,1.,0.));
#11764=DIRECTION('',(0.,0.,1.));
#11765=DIRECTION('center_axis',(0.,-1.,0.));
#11766=DIRECTION('ref_axis',(-1.,0.,0.));
#11767=DIRECTION('center_axis',(0.,0.,-1.));
#11768=DIRECTION('ref_axis',(0.,-1.,0.));
#11769=DIRECTION('',(0.,0.,-1.));
#11770=DIRECTION('center_axis',(0.,0.,-1.));
#11771=DIRECTION('ref_axis',(0.,-1.,0.));
#11772=DIRECTION('',(0.,0.,-1.));
#11773=DIRECTION('center_axis',(0.,0.,-1.));
#11774=DIRECTION('ref_axis',(0.,-1.,0.));
#11775=DIRECTION('',(0.,0.,-1.));
#11776=DIRECTION('center_axis',(0.,0.,-1.));
#11777=DIRECTION('ref_axis',(0.,-1.,0.));
#11778=DIRECTION('',(0.,0.,-1.));
#11779=DIRECTION('center_axis',(0.,0.,-1.));
#11780=DIRECTION('ref_axis',(0.,-1.,0.));
#11781=DIRECTION('',(0.,0.,-1.));
#11782=DIRECTION('center_axis',(0.,0.,-1.));
#11783=DIRECTION('ref_axis',(0.,-1.,0.));
#11784=DIRECTION('',(0.,0.,-1.));
#11785=DIRECTION('center_axis',(0.,0.,-1.));
#11786=DIRECTION('ref_axis',(0.,-1.,0.));
#11787=DIRECTION('',(0.,0.,-1.));
#11788=DIRECTION('center_axis',(0.,1.,0.));
#11789=DIRECTION('ref_axis',(1.,0.,0.));
#11790=DIRECTION('',(0.,0.,1.));
#11791=DIRECTION('',(0.,0.,1.));
#11792=DIRECTION('center_axis',(1.,0.,0.));
#11793=DIRECTION('ref_axis',(0.,-1.,0.));
#11794=DIRECTION('',(0.,0.,1.));
#11795=DIRECTION('center_axis',(-1.,0.,0.));
#11796=DIRECTION('ref_axis',(0.,1.,0.));
#11797=DIRECTION('',(0.,0.,1.));
#11798=DIRECTION('center_axis',(0.,-1.,0.));
#11799=DIRECTION('ref_axis',(-1.,0.,0.));
#11800=DIRECTION('center_axis',(0.,0.,-1.));
#11801=DIRECTION('ref_axis',(7.479397218527E-15,-1.,0.));
#11802=DIRECTION('',(0.,0.,-1.));
#11803=DIRECTION('center_axis',(0.,0.,-1.));
#11804=DIRECTION('ref_axis',(0.,-1.,0.));
#11805=DIRECTION('',(0.,0.,-1.));
#11806=DIRECTION('center_axis',(0.,0.,-1.));
#11807=DIRECTION('ref_axis',(0.,-1.,0.));
#11808=DIRECTION('',(0.,0.,-1.));
#11809=DIRECTION('center_axis',(0.,0.,-1.));
#11810=DIRECTION('ref_axis',(0.,-1.,0.));
#11811=DIRECTION('',(0.,0.,-1.));
#11812=DIRECTION('center_axis',(0.,0.,-1.));
#11813=DIRECTION('ref_axis',(0.,-1.,0.));
#11814=DIRECTION('',(0.,0.,-1.));
#11815=DIRECTION('center_axis',(0.,0.,-1.));
#11816=DIRECTION('ref_axis',(0.,-1.,0.));
#11817=DIRECTION('',(0.,0.,-1.));
#11818=DIRECTION('center_axis',(0.,0.,-1.));
#11819=DIRECTION('ref_axis',(0.,-1.,0.));
#11820=DIRECTION('',(0.,0.,-1.));
#11821=DIRECTION('center_axis',(0.,1.,0.));
#11822=DIRECTION('ref_axis',(1.,0.,0.));
#11823=DIRECTION('',(0.,0.,1.));
#11824=DIRECTION('',(0.,0.,1.));
#11825=DIRECTION('center_axis',(1.,0.,0.));
#11826=DIRECTION('ref_axis',(0.,-1.,0.));
#11827=DIRECTION('',(0.,0.,1.));
#11828=DIRECTION('center_axis',(-1.,0.,0.));
#11829=DIRECTION('ref_axis',(0.,1.,0.));
#11830=DIRECTION('',(0.,0.,1.));
#11831=DIRECTION('center_axis',(0.,-1.,0.));
#11832=DIRECTION('ref_axis',(-1.,0.,0.));
#11833=DIRECTION('center_axis',(0.,1.,0.));
#11834=DIRECTION('ref_axis',(1.,0.,0.));
#11835=DIRECTION('',(0.,0.,1.));
#11836=DIRECTION('',(0.,0.,1.));
#11837=DIRECTION('center_axis',(1.,0.,0.));
#11838=DIRECTION('ref_axis',(0.,-1.,0.));
#11839=DIRECTION('',(0.,0.,1.));
#11840=DIRECTION('center_axis',(-1.,0.,0.));
#11841=DIRECTION('ref_axis',(0.,1.,0.));
#11842=DIRECTION('',(0.,0.,1.));
#11843=DIRECTION('center_axis',(0.,-1.,0.));
#11844=DIRECTION('ref_axis',(-1.,0.,0.));
#11845=DIRECTION('center_axis',(0.,0.,-1.));
#11846=DIRECTION('ref_axis',(0.,-1.,0.));
#11847=DIRECTION('',(0.,0.,-1.));
#11848=DIRECTION('center_axis',(0.,0.,-1.));
#11849=DIRECTION('ref_axis',(-1.869849304632E-15,-1.,0.));
#11850=DIRECTION('',(0.,0.,-1.));
#11851=DIRECTION('center_axis',(0.,0.,-1.));
#11852=DIRECTION('ref_axis',(-4.67462326158E-16,-1.,0.));
#11853=DIRECTION('',(0.,0.,-1.));
#11854=DIRECTION('center_axis',(0.,0.,-1.));
#11855=DIRECTION('ref_axis',(1.184237892933E-15,-1.,0.));
#11856=DIRECTION('',(0.,0.,-1.));
#11857=DIRECTION('center_axis',(0.,0.,-1.));
#11858=DIRECTION('ref_axis',(-1.083144414268E-16,-1.,0.));
#11859=DIRECTION('',(0.,0.,-1.));
#11860=DIRECTION('center_axis',(0.,0.,-1.));
#11861=DIRECTION('ref_axis',(0.,-1.,0.));
#11862=DIRECTION('',(0.,0.,-1.));
#11863=DIRECTION('center_axis',(0.,0.,-1.));
#11864=DIRECTION('ref_axis',(9.349246523159E-16,-1.,0.));
#11865=DIRECTION('',(0.,0.,-1.));
#11866=DIRECTION('center_axis',(0.,0.,-1.));
#11867=DIRECTION('ref_axis',(-2.960594732334E-16,-1.,0.));
#11868=DIRECTION('',(0.,0.,-1.));
#11869=DIRECTION('center_axis',(0.,1.,0.));
#11870=DIRECTION('ref_axis',(1.,0.,0.));
#11871=DIRECTION('',(0.,0.,1.));
#11872=DIRECTION('',(0.,0.,1.));
#11873=DIRECTION('center_axis',(1.,0.,0.));
#11874=DIRECTION('ref_axis',(0.,-1.,0.));
#11875=DIRECTION('',(0.,0.,1.));
#11876=DIRECTION('center_axis',(-1.,0.,0.));
#11877=DIRECTION('ref_axis',(0.,1.,0.));
#11878=DIRECTION('',(0.,0.,1.));
#11879=DIRECTION('center_axis',(0.,-1.,0.));
#11880=DIRECTION('ref_axis',(-1.,0.,0.));
#11881=DIRECTION('center_axis',(0.,0.,-1.));
#11882=DIRECTION('ref_axis',(-1.869849304632E-15,-1.,0.));
#11883=DIRECTION('',(0.,0.,-1.));
#11884=DIRECTION('center_axis',(0.,0.,-1.));
#11885=DIRECTION('ref_axis',(0.,-1.,0.));
#11886=DIRECTION('',(0.,0.,-1.));
#11887=DIRECTION('center_axis',(0.,0.,-1.));
#11888=DIRECTION('ref_axis',(0.,-1.,0.));
#11889=DIRECTION('',(0.,0.,-1.));
#11890=DIRECTION('center_axis',(0.,0.,-1.));
#11891=DIRECTION('ref_axis',(3.739698609264E-15,-1.,0.));
#11892=DIRECTION('',(0.,0.,-1.));
#11893=DIRECTION('center_axis',(0.,1.,0.));
#11894=DIRECTION('ref_axis',(1.,0.,0.));
#11895=DIRECTION('',(0.,0.,1.));
#11896=DIRECTION('',(0.,0.,1.));
#11897=DIRECTION('center_axis',(1.,0.,0.));
#11898=DIRECTION('ref_axis',(0.,-1.,0.));
#11899=DIRECTION('',(0.,0.,1.));
#11900=DIRECTION('center_axis',(-1.,0.,0.));
#11901=DIRECTION('ref_axis',(0.,1.,0.));
#11902=DIRECTION('',(0.,0.,1.));
#11903=DIRECTION('center_axis',(0.,-1.,0.));
#11904=DIRECTION('ref_axis',(-1.,0.,0.));
#11905=DIRECTION('center_axis',(0.,0.,-1.));
#11906=DIRECTION('ref_axis',(7.479397218527E-15,-1.,0.));
#11907=DIRECTION('',(0.,0.,-1.));
#11908=DIRECTION('center_axis',(0.,0.,-1.));
#11909=DIRECTION('ref_axis',(0.,-1.,0.));
#11910=DIRECTION('',(0.,0.,-1.));
#11911=DIRECTION('center_axis',(0.,0.,-1.));
#11912=DIRECTION('ref_axis',(0.,-1.,0.));
#11913=DIRECTION('',(0.,0.,-1.));
#11914=DIRECTION('center_axis',(0.,0.,-1.));
#11915=DIRECTION('ref_axis',(-7.479397218527E-15,-1.,0.));
#11916=DIRECTION('',(0.,0.,-1.));
#11917=DIRECTION('center_axis',(0.,0.,-1.));
#11918=DIRECTION('ref_axis',(0.,-1.,0.));
#11919=DIRECTION('',(0.,0.,-1.));
#11920=DIRECTION('center_axis',(0.,0.,-1.));
#11921=DIRECTION('ref_axis',(0.,-1.,0.));
#11922=DIRECTION('',(0.,0.,-1.));
#11923=DIRECTION('center_axis',(0.,0.,-1.));
#11924=DIRECTION('ref_axis',(0.,-1.,0.));
#11925=DIRECTION('',(0.,0.,-1.));
#11926=DIRECTION('center_axis',(0.,1.,0.));
#11927=DIRECTION('ref_axis',(1.,0.,0.));
#11928=DIRECTION('',(0.,0.,1.));
#11929=DIRECTION('',(0.,0.,1.));
#11930=DIRECTION('center_axis',(1.,0.,0.));
#11931=DIRECTION('ref_axis',(0.,-1.,0.));
#11932=DIRECTION('',(0.,0.,1.));
#11933=DIRECTION('center_axis',(-1.,0.,0.));
#11934=DIRECTION('ref_axis',(0.,1.,0.));
#11935=DIRECTION('',(0.,0.,1.));
#11936=DIRECTION('center_axis',(0.,-1.,0.));
#11937=DIRECTION('ref_axis',(-1.,0.,0.));
#11938=DIRECTION('center_axis',(0.,1.,0.));
#11939=DIRECTION('ref_axis',(1.,0.,0.));
#11940=DIRECTION('',(0.,0.,1.));
#11941=DIRECTION('',(0.,0.,1.));
#11942=DIRECTION('center_axis',(1.,0.,0.));
#11943=DIRECTION('ref_axis',(0.,-1.,0.));
#11944=DIRECTION('',(0.,0.,1.));
#11945=DIRECTION('center_axis',(-1.,0.,0.));
#11946=DIRECTION('ref_axis',(0.,1.,0.));
#11947=DIRECTION('',(0.,0.,1.));
#11948=DIRECTION('center_axis',(0.,-1.,0.));
#11949=DIRECTION('ref_axis',(-1.,0.,0.));
#11950=DIRECTION('center_axis',(0.,0.,-1.));
#11951=DIRECTION('ref_axis',(0.,-1.,0.));
#11952=DIRECTION('',(0.,0.,-1.));
#11953=DIRECTION('center_axis',(0.,0.,-1.));
#11954=DIRECTION('ref_axis',(-1.869849304632E-15,-1.,0.));
#11955=DIRECTION('',(0.,0.,-1.));
#11956=DIRECTION('center_axis',(0.,0.,-1.));
#11957=DIRECTION('ref_axis',(-4.67462326158E-16,-1.,0.));
#11958=DIRECTION('',(0.,0.,-1.));
#11959=DIRECTION('center_axis',(0.,0.,-1.));
#11960=DIRECTION('ref_axis',(1.184237892934E-15,-1.,0.));
#11961=DIRECTION('',(0.,0.,-1.));
#11962=DIRECTION('center_axis',(0.,0.,-1.));
#11963=DIRECTION('ref_axis',(-1.083144414268E-16,-1.,0.));
#11964=DIRECTION('',(0.,0.,-1.));
#11965=DIRECTION('center_axis',(0.,0.,-1.));
#11966=DIRECTION('ref_axis',(0.,-1.,0.));
#11967=DIRECTION('',(0.,0.,-1.));
#11968=DIRECTION('center_axis',(0.,0.,-1.));
#11969=DIRECTION('ref_axis',(9.349246523159E-16,-1.,0.));
#11970=DIRECTION('',(0.,0.,-1.));
#11971=DIRECTION('center_axis',(0.,0.,-1.));
#11972=DIRECTION('ref_axis',(-2.960594732334E-16,-1.,0.));
#11973=DIRECTION('',(0.,0.,-1.));
#11974=DIRECTION('center_axis',(0.,1.,0.));
#11975=DIRECTION('ref_axis',(1.,0.,0.));
#11976=DIRECTION('',(0.,0.,1.));
#11977=DIRECTION('',(0.,0.,1.));
#11978=DIRECTION('center_axis',(1.,0.,0.));
#11979=DIRECTION('ref_axis',(0.,-1.,0.));
#11980=DIRECTION('',(0.,0.,1.));
#11981=DIRECTION('center_axis',(-1.,0.,0.));
#11982=DIRECTION('ref_axis',(0.,1.,0.));
#11983=DIRECTION('',(0.,0.,1.));
#11984=DIRECTION('center_axis',(0.,-1.,0.));
#11985=DIRECTION('ref_axis',(-1.,0.,0.));
#11986=DIRECTION('center_axis',(0.,0.,-1.));
#11987=DIRECTION('ref_axis',(-1.869849304632E-15,-1.,0.));
#11988=DIRECTION('',(0.,0.,-1.));
#11989=DIRECTION('center_axis',(0.,0.,-1.));
#11990=DIRECTION('ref_axis',(0.,-1.,0.));
#11991=DIRECTION('',(0.,0.,-1.));
#11992=DIRECTION('center_axis',(0.,0.,-1.));
#11993=DIRECTION('ref_axis',(0.,-1.,0.));
#11994=DIRECTION('',(0.,0.,-1.));
#11995=DIRECTION('center_axis',(0.,0.,-1.));
#11996=DIRECTION('ref_axis',(3.739698609264E-15,-1.,0.));
#11997=DIRECTION('',(0.,0.,-1.));
#11998=DIRECTION('center_axis',(0.,1.,0.));
#11999=DIRECTION('ref_axis',(1.,0.,0.));
#12000=DIRECTION('',(0.,0.,1.));
#12001=DIRECTION('',(0.,0.,1.));
#12002=DIRECTION('center_axis',(1.,0.,0.));
#12003=DIRECTION('ref_axis',(0.,-1.,0.));
#12004=DIRECTION('',(0.,0.,1.));
#12005=DIRECTION('center_axis',(-1.,0.,0.));
#12006=DIRECTION('ref_axis',(0.,1.,0.));
#12007=DIRECTION('',(0.,0.,1.));
#12008=DIRECTION('center_axis',(0.,-1.,0.));
#12009=DIRECTION('ref_axis',(-1.,0.,0.));
#12010=DIRECTION('center_axis',(0.,0.,-1.));
#12011=DIRECTION('ref_axis',(7.479397218527E-15,-1.,0.));
#12012=DIRECTION('',(0.,0.,-1.));
#12013=DIRECTION('center_axis',(0.,0.,-1.));
#12014=DIRECTION('ref_axis',(0.,-1.,0.));
#12015=DIRECTION('',(0.,0.,-1.));
#12016=DIRECTION('center_axis',(0.,0.,-1.));
#12017=DIRECTION('ref_axis',(0.,-1.,0.));
#12018=DIRECTION('',(0.,0.,-1.));
#12019=DIRECTION('center_axis',(0.,0.,-1.));
#12020=DIRECTION('ref_axis',(-7.479397218527E-15,-1.,0.));
#12021=DIRECTION('',(0.,0.,-1.));
#12022=DIRECTION('center_axis',(0.,0.,-1.));
#12023=DIRECTION('ref_axis',(0.,-1.,0.));
#12024=DIRECTION('',(0.,0.,-1.));
#12025=DIRECTION('center_axis',(0.,0.,-1.));
#12026=DIRECTION('ref_axis',(0.,-1.,0.));
#12027=DIRECTION('',(0.,0.,-1.));
#12028=CARTESIAN_POINT('',(0.,0.,0.));
#12029=CARTESIAN_POINT('Origin',(89.522763,-45.47836,7.41000000000001));
#12030=CARTESIAN_POINT('',(137.749928066555,-11.5001043285045,7.41000000000001));
#12031=CARTESIAN_POINT('',(137.743468,-11.419644,7.41000000000001));
#12032=CARTESIAN_POINT('',(137.743468,-11.419644,7.41000000000001));
#12033=CARTESIAN_POINT('',(137.72681,-11.349506,7.41000000000001));
#12034=CARTESIAN_POINT('',(137.72681,-11.349506,7.41000000000001));
#12035=CARTESIAN_POINT('',(137.700678,-11.283575,7.41000000000001));
#12036=CARTESIAN_POINT('',(137.700678,-11.283575,7.41000000000001));
#12037=CARTESIAN_POINT('',(137.66521,-11.221677,7.41000000000001));
#12038=CARTESIAN_POINT('',(137.66521,-11.221677,7.41000000000001));
#12039=CARTESIAN_POINT('',(137.621566,-11.165732,7.41000000000001));
#12040=CARTESIAN_POINT('',(137.621566,-11.165732,7.41000000000001));
#12041=CARTESIAN_POINT('',(137.513894,-11.07551,7.41000000000001));
#12042=CARTESIAN_POINT('',(137.513894,-11.07551,7.41000000000001));
#12043=CARTESIAN_POINT('',(137.387216,-11.019316,7.41000000000001));
#12044=CARTESIAN_POINT('',(137.387216,-11.019316,7.41000000000001));
#12045=CARTESIAN_POINT('',(137.249801,-11.000233,7.41000000000001));
#12046=CARTESIAN_POINT('',(137.249801,-11.000233,7.41000000000001));
#12047=CARTESIAN_POINT('',(100.251181,-10.998457,7.41000000000001));
#12048=CARTESIAN_POINT('',(100.251181,-10.998457,7.41000000000001));
#12049=CARTESIAN_POINT('',(100.249911,-11.000233,7.41000000000001));
#12050=CARTESIAN_POINT('',(100.249911,-11.000233,7.41000000000001));
#12051=CARTESIAN_POINT('',(100.112496,-10.981149,7.41000000000001));
#12052=CARTESIAN_POINT('',(100.112496,-10.981149,7.41000000000001));
#12053=CARTESIAN_POINT('',(99.985819,-10.924956,7.41000000000001));
#12054=CARTESIAN_POINT('',(99.985819,-10.924956,7.41000000000001));
#12055=CARTESIAN_POINT('',(99.87815,-10.834733,7.41000000000001));
#12056=CARTESIAN_POINT('',(99.87815,-10.834733,7.41000000000001));
#12057=CARTESIAN_POINT('',(99.834506,-10.778789,7.41000000000001));
#12058=CARTESIAN_POINT('',(99.834506,-10.778789,7.41000000000001));
#12059=CARTESIAN_POINT('',(99.799039,-10.71689,7.41000000000001));
#12060=CARTESIAN_POINT('',(99.799039,-10.71689,7.41000000000001));
#12061=CARTESIAN_POINT('',(99.772907,-10.650959,7.41000000000001));
#12062=CARTESIAN_POINT('',(99.772907,-10.650959,7.41000000000001));
#12063=CARTESIAN_POINT('',(99.756249,-10.58082,7.41000000000001));
#12064=CARTESIAN_POINT('',(99.756249,-10.58082,7.41000000000001));
#12065=CARTESIAN_POINT('',(99.749789,-10.500359,7.41000000000001));
#12066=CARTESIAN_POINT('',(99.749789,-10.500359,7.41000000000001));
#12067=CARTESIAN_POINT('',(99.749789,-6.75005800000001,7.41000000000001));
#12068=CARTESIAN_POINT('',(99.749789,-6.75005800000001,7.41000000000001));
#12069=CARTESIAN_POINT('',(99.74337,-6.66985000000001,7.41000000000001));
#12070=CARTESIAN_POINT('',(99.74337,-6.66985000000001,7.41000000000001));
#12071=CARTESIAN_POINT('',(99.726748,-6.59970200000001,7.41000000000001));
#12072=CARTESIAN_POINT('',(99.726748,-6.59970200000001,7.41000000000001));
#12073=CARTESIAN_POINT('',(99.70065,-6.53375700000001,7.41000000000001));
#12074=CARTESIAN_POINT('',(99.70065,-6.53375700000001,7.41000000000001));
#12075=CARTESIAN_POINT('',(99.665214,-6.47184000000001,7.41000000000001));
#12076=CARTESIAN_POINT('',(99.665214,-6.47184000000001,7.41000000000001));
#12077=CARTESIAN_POINT('',(99.621599,-6.41587400000001,7.41000000000001));
#12078=CARTESIAN_POINT('',(99.621599,-6.41587400000001,7.41000000000001));
#12079=CARTESIAN_POINT('',(99.513973,-6.32559500000001,7.41000000000001));
#12080=CARTESIAN_POINT('',(99.513973,-6.32559500000001,7.41000000000001));
#12081=CARTESIAN_POINT('',(99.387322,-6.26933700000001,7.41000000000001));
#12082=CARTESIAN_POINT('',(99.387322,-6.26933700000001,7.41000000000001));
#12083=CARTESIAN_POINT('',(99.249916,-6.25018400000001,7.41000000000001));
#12084=CARTESIAN_POINT('',(99.249916,-6.25018400000001,7.41000000000001));
#12085=CARTESIAN_POINT('',(88.3628,-6.24866100000001,7.41000000000001));
#12086=CARTESIAN_POINT('',(88.3628,-6.24866100000001,7.41000000000001));
#12087=CARTESIAN_POINT('',(81.251999,-6.24866100000001,7.41000000000001));
#12088=CARTESIAN_POINT('',(81.251999,-6.24866100000001,7.41000000000001));
#12089=CARTESIAN_POINT('',(81.249965,-6.25018400000001,7.41000000000001));
#12090=CARTESIAN_POINT('',(81.249965,-6.25018400000001,7.41000000000001));
#12091=CARTESIAN_POINT('',(81.112551,-6.23110100000001,7.41000000000001));
#12092=CARTESIAN_POINT('',(81.112551,-6.23110100000001,7.41000000000001));
#12093=CARTESIAN_POINT('',(80.985874,-6.17490800000001,7.41000000000001));
#12094=CARTESIAN_POINT('',(80.985874,-6.17490800000001,7.41000000000001));
#12095=CARTESIAN_POINT('',(80.878205,-6.08468600000001,7.41000000000001));
#12096=CARTESIAN_POINT('',(80.878205,-6.08468600000001,7.41000000000001));
#12097=CARTESIAN_POINT('',(80.834561,-6.02874100000001,7.41000000000001));
#12098=CARTESIAN_POINT('',(80.834561,-6.02874100000001,7.41000000000001));
#12099=CARTESIAN_POINT('',(80.799094,-5.96684200000001,7.41000000000001));
#12100=CARTESIAN_POINT('',(80.799094,-5.96684200000001,7.41000000000001));
#12101=CARTESIAN_POINT('',(80.772962,-5.90091200000001,7.41000000000001));
#12102=CARTESIAN_POINT('',(80.772962,-5.90091200000001,7.41000000000001));
#12103=CARTESIAN_POINT('',(80.756304,-5.83077300000001,7.41000000000001));
#12104=CARTESIAN_POINT('',(80.756304,-5.83077300000001,7.41000000000001));
#12105=CARTESIAN_POINT('',(80.749844,-5.75031100000001,7.41000000000001));
#12106=CARTESIAN_POINT('',(80.749844,-5.75031100000001,7.41000000000001));
#12107=CARTESIAN_POINT('',(80.749844,-4.500121,7.41000000000001));
#12108=CARTESIAN_POINT('',(80.749844,-4.500121,7.41000000000001));
#12109=CARTESIAN_POINT('',(80.743424,-4.41965800000001,7.41000000000001));
#12110=CARTESIAN_POINT('',(80.743424,-4.41965800000001,7.41000000000001));
#12111=CARTESIAN_POINT('',(80.726801,-4.34951100000001,7.41000000000001));
#12112=CARTESIAN_POINT('',(80.726801,-4.34951100000001,7.41000000000001));
#12113=CARTESIAN_POINT('',(80.700703,-4.28356800000001,7.41000000000001));
#12114=CARTESIAN_POINT('',(80.700703,-4.28356800000001,7.41000000000001));
#12115=CARTESIAN_POINT('',(80.665266,-4.22165100000001,7.41000000000001));
#12116=CARTESIAN_POINT('',(80.665266,-4.22165100000001,7.41000000000001));
#12117=CARTESIAN_POINT('',(80.621651,-4.16568500000001,7.41000000000001));
#12118=CARTESIAN_POINT('',(80.621651,-4.16568500000001,7.41000000000001));
#12119=CARTESIAN_POINT('',(80.514026,-4.07540900000001,7.41000000000001));
#12120=CARTESIAN_POINT('',(80.514026,-4.07540900000001,7.41000000000001));
#12121=CARTESIAN_POINT('',(80.387377,-4.01915300000001,7.41000000000001));
#12122=CARTESIAN_POINT('',(80.387377,-4.01915300000001,7.41000000000001));
#12123=CARTESIAN_POINT('',(80.24997,-4.,7.41000000000001));
#12124=CARTESIAN_POINT('',(80.24997,-4.,7.41000000000001));
#12125=CARTESIAN_POINT('',(63.249767,-4.,7.41000000000001));
#12126=CARTESIAN_POINT('',(63.249767,-4.,7.41000000000001));
#12127=CARTESIAN_POINT('',(63.169306,-4.00646000000001,7.41000000000001));
#12128=CARTESIAN_POINT('',(63.169306,-4.00646000000001,7.41000000000001));
#12129=CARTESIAN_POINT('',(63.099168,-4.02311800000001,7.41000000000001));
#12130=CARTESIAN_POINT('',(63.099168,-4.02311800000001,7.41000000000001));
#12131=CARTESIAN_POINT('',(63.033237,-4.04925,7.41000000000001));
#12132=CARTESIAN_POINT('',(63.033237,-4.04925,7.41000000000001));
#12133=CARTESIAN_POINT('',(62.971338,-4.08471800000001,7.41000000000001));
#12134=CARTESIAN_POINT('',(62.971338,-4.08471800000001,7.41000000000001));
#12135=CARTESIAN_POINT('',(62.915394,-4.12836200000001,7.41000000000001));
#12136=CARTESIAN_POINT('',(62.915394,-4.12836200000001,7.41000000000001));
#12137=CARTESIAN_POINT('',(62.825171,-4.23603300000001,7.41000000000001));
#12138=CARTESIAN_POINT('',(62.825171,-4.23603300000001,7.41000000000001));
#12139=CARTESIAN_POINT('',(62.768977,-4.36271100000001,7.41000000000001));
#12140=CARTESIAN_POINT('',(62.768977,-4.36271100000001,7.41000000000001));
#12141=CARTESIAN_POINT('',(62.749894,-4.50012600000001,7.41000000000001));
#12142=CARTESIAN_POINT('',(62.749894,-4.50012600000001,7.41000000000001));
#12143=CARTESIAN_POINT('',(62.750658,-5.74828200000001,7.41000000000001));
#12144=CARTESIAN_POINT('',(62.750658,-5.74828200000001,7.41000000000001));
#12145=CARTESIAN_POINT('',(62.749894,-5.75005800000001,7.41000000000001));
#12146=CARTESIAN_POINT('',(62.749894,-5.75005800000001,7.41000000000001));
#12147=CARTESIAN_POINT('',(62.73081,-5.88747300000001,7.41000000000001));
#12148=CARTESIAN_POINT('',(62.73081,-5.88747300000001,7.41000000000001));
#12149=CARTESIAN_POINT('',(62.674616,-6.01415100000001,7.41000000000001));
#12150=CARTESIAN_POINT('',(62.674616,-6.01415100000001,7.41000000000001));
#12151=CARTESIAN_POINT('',(62.584393,-6.12182300000001,7.41000000000001));
#12152=CARTESIAN_POINT('',(62.584393,-6.12182300000001,7.41000000000001));
#12153=CARTESIAN_POINT('',(62.528448,-6.16546700000001,7.41000000000001));
#12154=CARTESIAN_POINT('',(62.528448,-6.16546700000001,7.41000000000001));
#12155=CARTESIAN_POINT('',(62.466549,-6.20093500000001,7.41000000000001));
#12156=CARTESIAN_POINT('',(62.466549,-6.20093500000001,7.41000000000001));
#12157=CARTESIAN_POINT('',(62.400619,-6.22706600000001,7.41000000000001));
#12158=CARTESIAN_POINT('',(62.400619,-6.22706600000001,7.41000000000001));
#12159=CARTESIAN_POINT('',(62.33048,-6.24372400000001,7.41000000000001));
#12160=CARTESIAN_POINT('',(62.33048,-6.24372400000001,7.41000000000001));
#12161=CARTESIAN_POINT('',(62.25002,-6.25018400000001,7.41000000000001));
#12162=CARTESIAN_POINT('',(62.25002,-6.25018400000001,7.41000000000001));
#12163=CARTESIAN_POINT('',(55.2128,-6.25018400000001,7.41000000000001));
#12164=CARTESIAN_POINT('',(62.249772,-6.25018400000001,7.41000000000001));
#12165=CARTESIAN_POINT('',(44.251856,-6.24866100000001,7.41000000000001));
#12166=CARTESIAN_POINT('',(44.251856,-6.24866100000001,7.41000000000001));
#12167=CARTESIAN_POINT('',(44.249822,-6.25018400000001,7.41000000000001));
#12168=CARTESIAN_POINT('',(44.249822,-6.25018400000001,7.41000000000001));
#12169=CARTESIAN_POINT('',(44.169614,-6.25660400000001,7.41000000000001));
#12170=CARTESIAN_POINT('',(44.169614,-6.25660400000001,7.41000000000001));
#12171=CARTESIAN_POINT('',(44.099465,-6.27322600000001,7.41000000000001));
#12172=CARTESIAN_POINT('',(44.099465,-6.27322600000001,7.41000000000001));
#12173=CARTESIAN_POINT('',(44.033521,-6.299324,7.41000000000001));
#12174=CARTESIAN_POINT('',(44.033521,-6.299324,7.41000000000001));
#12175=CARTESIAN_POINT('',(43.971604,-6.33476000000001,7.41000000000001));
#12176=CARTESIAN_POINT('',(43.971604,-6.33476000000001,7.41000000000001));
#12177=CARTESIAN_POINT('',(43.915637,-6.37837600000001,7.41000000000001));
#12178=CARTESIAN_POINT('',(43.915637,-6.37837600000001,7.41000000000001));
#12179=CARTESIAN_POINT('',(43.825359,-6.48600100000001,7.41000000000001));
#12180=CARTESIAN_POINT('',(43.825359,-6.48600100000001,7.41000000000001));
#12181=CARTESIAN_POINT('',(43.769102,-6.61265200000001,7.41000000000001));
#12182=CARTESIAN_POINT('',(43.769102,-6.61265200000001,7.41000000000001));
#12183=CARTESIAN_POINT('',(43.749949,-6.75005800000001,7.41000000000001));
#12184=CARTESIAN_POINT('',(43.749949,-6.75005800000001,7.41000000000001));
#12185=CARTESIAN_POINT('',(43.751477,-8.24763900000001,7.41000000000001));
#12186=CARTESIAN_POINT('',(43.751477,-8.24763900000001,7.41000000000001));
#12187=CARTESIAN_POINT('',(43.749949,-8.25017900000001,7.41000000000001));
#12188=CARTESIAN_POINT('',(43.749949,-8.25017900000001,7.41000000000001));
#12189=CARTESIAN_POINT('',(43.730796,-8.38758500000001,7.41000000000001));
#12190=CARTESIAN_POINT('',(43.730796,-8.38758500000001,7.41000000000001));
#12191=CARTESIAN_POINT('',(43.674539,-8.51423600000001,7.41000000000001));
#12192=CARTESIAN_POINT('',(43.674539,-8.51423600000001,7.41000000000001));
#12193=CARTESIAN_POINT('',(43.584261,-8.62186100000001,7.41000000000001));
#12194=CARTESIAN_POINT('',(43.584261,-8.62186100000001,7.41000000000001));
#12195=CARTESIAN_POINT('',(43.528295,-8.66547700000001,7.41000000000001));
#12196=CARTESIAN_POINT('',(43.528295,-8.66547700000001,7.41000000000001));
#12197=CARTESIAN_POINT('',(43.466378,-8.70091300000001,7.41000000000001));
#12198=CARTESIAN_POINT('',(43.466378,-8.70091300000001,7.41000000000001));
#12199=CARTESIAN_POINT('',(43.400435,-8.72701100000001,7.41000000000001));
#12200=CARTESIAN_POINT('',(43.400435,-8.72701100000001,7.41000000000001));
#12201=CARTESIAN_POINT('',(43.330288,-8.74363400000001,7.41000000000001));
#12202=CARTESIAN_POINT('',(43.330288,-8.74363400000001,7.41000000000001));
#12203=CARTESIAN_POINT('',(43.249827,-8.75005300000001,7.41000000000001));
#12204=CARTESIAN_POINT('',(43.249827,-8.75005300000001,7.41000000000001));
#12205=CARTESIAN_POINT('',(25.250135,-8.748019,7.41000000000001));
#12206=CARTESIAN_POINT('',(25.250135,-8.748019,7.41000000000001));
#12207=CARTESIAN_POINT('',(25.249877,-8.75005300000001,7.41000000000001));
#12208=CARTESIAN_POINT('',(25.249877,-8.75005300000001,7.41000000000001));
#12209=CARTESIAN_POINT('',(25.169441,-8.75651,7.41000000000001));
#12210=CARTESIAN_POINT('',(25.169441,-8.75651,7.41000000000001));
#12211=CARTESIAN_POINT('',(25.099302,-8.77316600000001,7.41000000000001));
#12212=CARTESIAN_POINT('',(25.099302,-8.77316600000001,7.41000000000001));
#12213=CARTESIAN_POINT('',(25.033372,-8.79929400000001,7.41000000000001));
#12214=CARTESIAN_POINT('',(25.033372,-8.79929400000001,7.41000000000001));
#12215=CARTESIAN_POINT('',(24.971472,-8.83476000000001,7.41000000000001));
#12216=CARTESIAN_POINT('',(24.971472,-8.83476000000001,7.41000000000001));
#12217=CARTESIAN_POINT('',(24.915527,-8.87840200000001,7.41000000000001));
#12218=CARTESIAN_POINT('',(24.915527,-8.87840200000001,7.41000000000001));
#12219=CARTESIAN_POINT('',(24.8253,-8.98607200000001,7.41000000000001));
#12220=CARTESIAN_POINT('',(24.8253,-8.98607200000001,7.41000000000001));
#12221=CARTESIAN_POINT('',(24.769102,-9.11275300000001,7.41000000000001));
#12222=CARTESIAN_POINT('',(24.769102,-9.11275300000001,7.41000000000001));
#12223=CARTESIAN_POINT('',(24.750013,-9.25017400000001,7.41000000000001));
#12224=CARTESIAN_POINT('',(24.750013,-9.25017400000001,7.41000000000001));
#12225=CARTESIAN_POINT('',(24.750013,-10.500111,7.41000000000001));
#12226=CARTESIAN_POINT('',(24.750013,-10.500111,7.41000000000001));
#12227=CARTESIAN_POINT('',(24.730925,-10.637528,7.41000000000001));
#12228=CARTESIAN_POINT('',(24.730925,-10.637528,7.41000000000001));
#12229=CARTESIAN_POINT('',(24.674727,-10.764206,7.41000000000001));
#12230=CARTESIAN_POINT('',(24.674727,-10.764206,7.41000000000001));
#12231=CARTESIAN_POINT('',(24.5845,-10.871877,7.41000000000001));
#12232=CARTESIAN_POINT('',(24.5845,-10.871877,7.41000000000001));
#12233=CARTESIAN_POINT('',(24.528554,-10.91552,7.41000000000001));
#12234=CARTESIAN_POINT('',(24.528554,-10.91552,7.41000000000001));
#12235=CARTESIAN_POINT('',(24.466653,-10.950987,7.41000000000001));
#12236=CARTESIAN_POINT('',(24.466653,-10.950987,7.41000000000001));
#12237=CARTESIAN_POINT('',(24.400722,-10.977117,7.41000000000001));
#12238=CARTESIAN_POINT('',(24.400722,-10.977117,7.41000000000001));
#12239=CARTESIAN_POINT('',(24.330582,-10.993774,7.41000000000001));
#12240=CARTESIAN_POINT('',(24.330582,-10.993774,7.41000000000001));
#12241=CARTESIAN_POINT('',(24.25013,-11.000233,7.41000000000001));
#12242=CARTESIAN_POINT('',(24.25013,-11.000233,7.41000000000001));
#12243=CARTESIAN_POINT('',(24.249892,-11.000233,7.41000000000001));
#12244=CARTESIAN_POINT('',(24.249892,-11.000233,7.41000000000001));
#12245=CARTESIAN_POINT('',(4.50089500000001,-10.998457,7.41000000000001));
#12246=CARTESIAN_POINT('',(4.500895,-10.998457,7.41000000000001));
#12247=CARTESIAN_POINT('',(4.49988300000001,-11.000233,7.41000000000001));
#12248=CARTESIAN_POINT('',(4.49988300000001,-11.000233,7.41000000000001));
#12249=CARTESIAN_POINT('',(4.419652,-11.006655,7.41000000000001));
#12250=CARTESIAN_POINT('',(4.419652,-11.006655,7.41000000000001));
#12251=CARTESIAN_POINT('',(4.349504,-11.023279,7.41000000000001));
#12252=CARTESIAN_POINT('',(4.349504,-11.023279,7.41000000000001));
#12253=CARTESIAN_POINT('',(4.28355900000001,-11.049379,7.41000000000001));
#12254=CARTESIAN_POINT('',(4.28355900000001,-11.049379,7.41000000000001));
#12255=CARTESIAN_POINT('',(4.22164200000001,-11.084818,7.41000000000001));
#12256=CARTESIAN_POINT('',(4.22164200000001,-11.084818,7.41000000000001));
#12257=CARTESIAN_POINT('',(4.165676,-11.128435,7.41000000000001));
#12258=CARTESIAN_POINT('',(4.165676,-11.128435,7.41000000000001));
#12259=CARTESIAN_POINT('',(4.075401,-11.236061,7.41000000000001));
#12260=CARTESIAN_POINT('',(4.075401,-11.236061,7.41000000000001));
#12261=CARTESIAN_POINT('',(4.01914800000002,-11.362708,7.41000000000001));
#12262=CARTESIAN_POINT('',(4.01914800000002,-11.362708,7.41000000000001));
#12263=CARTESIAN_POINT('',(4.,-11.500106,7.41000000000001));
#12264=CARTESIAN_POINT('',(4.,-11.500106,7.41000000000001));
#12265=CARTESIAN_POINT('',(4.00051600000001,-70.972877,7.41000000000001));
#12266=CARTESIAN_POINT('',(4.00051600000001,-70.972877,7.41000000000001));
#12267=CARTESIAN_POINT('',(4.,-70.97516,7.41000000000001));
#12268=CARTESIAN_POINT('',(4.,-70.97516,7.41000000000001));
#12269=CARTESIAN_POINT('',(4.00326000000002,-71.105643,7.41000000000001));
#12270=CARTESIAN_POINT('',(4.00326000000001,-71.105643,7.41000000000001));
#12271=CARTESIAN_POINT('',(4.01654700000002,-71.235772,7.41000000000001));
#12272=CARTESIAN_POINT('',(4.01654700000001,-71.235772,7.41000000000001));
#12273=CARTESIAN_POINT('',(4.03972500000002,-71.364221,7.41000000000001));
#12274=CARTESIAN_POINT('',(4.03972500000001,-71.364221,7.41000000000001));
#12275=CARTESIAN_POINT('',(4.11502800000001,-71.613456,7.41000000000001));
#12276=CARTESIAN_POINT('',(4.11502800000001,-71.613456,7.41000000000001));
#12277=CARTESIAN_POINT('',(4.22709100000001,-71.847649,7.41000000000001));
#12278=CARTESIAN_POINT('',(4.227091,-71.847649,7.41000000000001));
#12279=CARTESIAN_POINT('',(17.4526,-94.781544,7.41000000000001));
#12280=CARTESIAN_POINT('',(17.4526,-94.781544,7.41000000000001));
#12281=CARTESIAN_POINT('',(17.455696,-94.786158,7.41000000000001));
#12282=CARTESIAN_POINT('',(17.455696,-94.786158,7.41000000000001));
#12283=CARTESIAN_POINT('',(17.49066,-94.835703,7.41000000000001));
#12284=CARTESIAN_POINT('',(17.49066,-94.835703,7.41000000000001));
#12285=CARTESIAN_POINT('',(17.565994,-94.929055,7.41000000000001));
#12286=CARTESIAN_POINT('',(17.565994,-94.929055,7.41000000000001));
#12287=CARTESIAN_POINT('',(17.647796,-95.014302,7.41000000000001));
#12288=CARTESIAN_POINT('',(17.647796,-95.014302,7.41000000000001));
#12289=CARTESIAN_POINT('',(17.737252,-95.092761,7.41000000000001));
#12290=CARTESIAN_POINT('',(17.737252,-95.092761,7.41000000000001));
#12291=CARTESIAN_POINT('',(17.832182,-95.16255,7.41000000000001));
#12292=CARTESIAN_POINT('',(17.832182,-95.16255,7.41000000000001));
#12293=CARTESIAN_POINT('',(17.933471,-95.224385,7.41000000000001));
#12294=CARTESIAN_POINT('',(17.933471,-95.224385,7.41000000000001));
#12295=CARTESIAN_POINT('',(18.039086,-95.277034,7.41000000000001));
#12296=CARTESIAN_POINT('',(18.039086,-95.277034,7.41000000000001));
#12297=CARTESIAN_POINT('',(18.149185,-95.320653,7.41000000000001));
#12298=CARTESIAN_POINT('',(18.149185,-95.320653,7.41000000000001));
#12299=CARTESIAN_POINT('',(18.262327,-95.354687,7.41000000000001));
#12300=CARTESIAN_POINT('',(18.262327,-95.354687,7.41000000000001));
#12301=CARTESIAN_POINT('',(18.494706,-95.393448,7.41000000000001));
#12302=CARTESIAN_POINT('',(18.494706,-95.393448,7.41000000000001));
#12303=CARTESIAN_POINT('',(18.728838,-95.392613,7.41000000000001));
#12304=CARTESIAN_POINT('',(18.728838,-95.392613,7.41000000000001));
#12305=CARTESIAN_POINT('',(18.958012,-95.352714,7.41000000000001));
#12306=CARTESIAN_POINT('',(18.958012,-95.352714,7.41000000000001));
#12307=CARTESIAN_POINT('',(19.176717,-95.275035,7.41000000000001));
#12308=CARTESIAN_POINT('',(19.176717,-95.275035,7.41000000000001));
#12309=CARTESIAN_POINT('',(19.380717,-95.161016,7.41000000000001));
#12310=CARTESIAN_POINT('',(19.380717,-95.161016,7.41000000000001));
#12311=CARTESIAN_POINT('',(33.6748,-86.899932,7.41000000000001));
#12312=CARTESIAN_POINT('',(33.6748,-86.899932,7.41000000000001));
#12313=CARTESIAN_POINT('',(34.033394,-86.812495,7.41000000000001));
#12314=CARTESIAN_POINT('',(34.033394,-86.812495,7.41000000000001));
#12315=CARTESIAN_POINT('',(34.329356,-86.770392,7.41000000000001));
#12316=CARTESIAN_POINT('',(34.329356,-86.770392,7.41000000000001));
#12317=CARTESIAN_POINT('',(70.999806,-82.000019,7.41000000000001));
#12318=CARTESIAN_POINT('',(70.999806,-82.000019,7.41000000000001));
#12319=CARTESIAN_POINT('',(71.110179,-81.987721,7.41000000000001));
#12320=CARTESIAN_POINT('',(71.110179,-81.987721,7.41000000000001));
#12321=CARTESIAN_POINT('',(71.241841,-81.937622,7.41000000000001));
#12322=CARTESIAN_POINT('',(71.241841,-81.937622,7.41000000000001));
#12323=CARTESIAN_POINT('',(71.353371,-81.853721,7.41000000000001));
#12324=CARTESIAN_POINT('',(71.353371,-81.853721,7.41000000000001));
#12325=CARTESIAN_POINT('',(81.896395,-67.396561,7.41000000000001));
#12326=CARTESIAN_POINT('',(81.896395,-67.396561,7.41000000000001));
#12327=CARTESIAN_POINT('',(82.007859,-67.312581,7.41000000000001));
#12328=CARTESIAN_POINT('',(82.007859,-67.312581,7.41000000000001));
#12329=CARTESIAN_POINT('',(82.13948,-67.262386,7.41000000000001));
#12330=CARTESIAN_POINT('',(82.13948,-67.262386,7.41000000000001));
#12331=CARTESIAN_POINT('',(82.249961,-67.250005,7.41000000000001));
#12332=CARTESIAN_POINT('',(82.249961,-67.250005,7.41000000000001));
#12333=CARTESIAN_POINT('',(88.3728,-67.250005,7.41000000000001));
#12334=CARTESIAN_POINT('',(88.3728,-67.250005,7.41000000000001));
#12335=CARTESIAN_POINT('',(131.113955,-67.249241,7.41000000000001));
#12336=CARTESIAN_POINT('',(131.113955,-67.249241,7.41000000000001));
#12337=CARTESIAN_POINT('',(137.249802671393,-67.2500050662384,7.41000000000001));
#12338=CARTESIAN_POINT('',(137.249801,-67.250005,7.41000000000001));
#12339=CARTESIAN_POINT('',(137.330268,-67.243586,7.41000000000001));
#12340=CARTESIAN_POINT('',(137.330268,-67.243586,7.41000000000001));
#12341=CARTESIAN_POINT('',(137.400415,-67.226963,7.41000000000001));
#12342=CARTESIAN_POINT('',(137.400415,-67.226963,7.41000000000001));
#12343=CARTESIAN_POINT('',(137.466359,-67.200865,7.41000000000001));
#12344=CARTESIAN_POINT('',(137.466359,-67.200865,7.41000000000001));
#12345=CARTESIAN_POINT('',(137.528275,-67.165429,7.41000000000001));
#12346=CARTESIAN_POINT('',(137.528275,-67.165429,7.41000000000001));
#12347=CARTESIAN_POINT('',(137.584241,-67.121813,7.41000000000001));
#12348=CARTESIAN_POINT('',(137.584241,-67.121813,7.41000000000001));
#12349=CARTESIAN_POINT('',(137.674518,-67.014188,7.41000000000001));
#12350=CARTESIAN_POINT('',(137.674518,-67.014188,7.41000000000001));
#12351=CARTESIAN_POINT('',(137.730775,-66.887539,7.41000000000001));
#12352=CARTESIAN_POINT('',(137.730775,-66.887539,7.41000000000001));
#12353=CARTESIAN_POINT('',(137.749928,-66.750132,7.41000000000001));
#12354=CARTESIAN_POINT('',(137.749928,-66.750132,7.41000000000001));
#12355=CARTESIAN_POINT('',(137.749928,-11.500106,7.41000000000001));
#12356=CARTESIAN_POINT('',(21.4498,-82.821341,7.41000000000001));
#12357=CARTESIAN_POINT('Origin',(21.4498,-83.771341,7.41000000000001));
#12358=CARTESIAN_POINT('',(14.35384,-84.080778,7.41000000000001));
#12359=CARTESIAN_POINT('',(12.55384,-80.963086,7.41000000000001));
#12360=CARTESIAN_POINT('',(12.55384,-80.963086,7.41000000000001));
#12361=CARTESIAN_POINT('',(15.238518,-79.413086,7.41000000000001));
#12362=CARTESIAN_POINT('',(15.238518,-79.413086,7.41000000000001));
#12363=CARTESIAN_POINT('',(17.038518,-82.530778,7.41000000000001));
#12364=CARTESIAN_POINT('',(17.038518,-82.530778,7.41000000000001));
#12365=CARTESIAN_POINT('',(14.35384,-84.080778,7.41000000000001));
#12366=CARTESIAN_POINT('',(18.9098,-77.321932,7.41000000000001));
#12367=CARTESIAN_POINT('Origin',(18.9098,-79.371932,7.41000000000001));
#12368=CARTESIAN_POINT('',(16.3698,-74.022523,7.41000000000001));
#12369=CARTESIAN_POINT('Origin',(16.3698,-74.972523,7.41000000000001));
#12370=CARTESIAN_POINT('',(24.579209,-77.531637,7.41000000000001));
#12371=CARTESIAN_POINT('Origin',(24.579209,-79.031637,7.41000000000001));
#12372=CARTESIAN_POINT('',(36.252897,-75.986733,7.41000000000001));
#12373=CARTESIAN_POINT('Origin',(36.252897,-76.936733,7.41000000000001));
#12374=CARTESIAN_POINT('',(19.204505,-73.302375,7.41000000000001));
#12375=CARTESIAN_POINT('Origin',(19.204505,-74.802375,7.41000000000001));
#12376=CARTESIAN_POINT('',(6.4638,-65.906932,7.41000000000001));
#12377=CARTESIAN_POINT('Origin',(6.4638,-67.006932,7.41000000000001));
#12378=CARTESIAN_POINT('',(29.4348,-71.216932,7.41000000000001));
#12379=CARTESIAN_POINT('Origin',(29.4348,-73.366932,7.41000000000001));
#12380=CARTESIAN_POINT('',(36.822222,-72.654581,7.41000000000001));
#12381=CARTESIAN_POINT('Origin',(36.822222,-74.154581,7.41000000000001));
#12382=CARTESIAN_POINT('',(41.051693,-82.173139,7.41000000000001));
#12383=CARTESIAN_POINT('',(40.249354,-79.178769,7.41000000000001));
#12384=CARTESIAN_POINT('',(40.249354,-79.178769,7.41000000000001));
#12385=CARTESIAN_POINT('',(43.726687,-78.247021,7.41000000000001));
#12386=CARTESIAN_POINT('',(43.726687,-78.247021,7.41000000000001));
#12387=CARTESIAN_POINT('',(44.529026,-81.241391,7.41000000000001));
#12388=CARTESIAN_POINT('',(44.529026,-81.241391,7.41000000000001));
#12389=CARTESIAN_POINT('',(41.051693,-82.173139,7.41000000000001));
#12390=CARTESIAN_POINT('',(41.1598,-73.571932,7.41000000000001));
#12391=CARTESIAN_POINT('Origin',(41.1598,-75.621932,7.41000000000001));
#12392=CARTESIAN_POINT('',(63.9528,-79.176932,7.41000000000001));
#12393=CARTESIAN_POINT('',(60.3528,-79.176932,7.41000000000001));
#12394=CARTESIAN_POINT('',(60.3528,-79.176932,7.41000000000001));
#12395=CARTESIAN_POINT('',(60.3528,-76.076932,7.41000000000001));
#12396=CARTESIAN_POINT('',(60.3528,-76.076932,7.41000000000001));
#12397=CARTESIAN_POINT('',(63.9528,-76.076932,7.41000000000001));
#12398=CARTESIAN_POINT('',(63.9528,-76.076932,7.41000000000001));
#12399=CARTESIAN_POINT('',(63.9528,-79.176932,7.41000000000001));
#12400=CARTESIAN_POINT('',(42.298451,-68.557628,7.41000000000001));
#12401=CARTESIAN_POINT('Origin',(42.298451,-70.057628,7.41000000000001));
#12402=CARTESIAN_POINT('',(46.066703,-73.357131,7.41000000000001));
#12403=CARTESIAN_POINT('Origin',(46.066703,-74.307131,7.41000000000001));
#12404=CARTESIAN_POINT('',(57.0798,-71.921932,7.41000000000001));
#12405=CARTESIAN_POINT('Origin',(57.0798,-72.871932,7.41000000000001));
#12406=CARTESIAN_POINT('',(58.3498,-68.831932,7.41000000000001));
#12407=CARTESIAN_POINT('Origin',(58.3498,-70.331932,7.41000000000001));
#12408=CARTESIAN_POINT('',(62.1598,-70.821932,7.41000000000001));
#12409=CARTESIAN_POINT('Origin',(62.1598,-72.871932,7.41000000000001));
#12410=CARTESIAN_POINT('',(67.2398,-71.921932,7.41000000000001));
#12411=CARTESIAN_POINT('Origin',(67.2398,-72.871932,7.41000000000001));
#12412=CARTESIAN_POINT('',(64.6998,-66.291932,7.41000000000001));
#12413=CARTESIAN_POINT('Origin',(64.6998,-67.791932,7.41000000000001));
#12414=CARTESIAN_POINT('',(16.6328,-60.091932,7.41000000000001));
#12415=CARTESIAN_POINT('',(16.6328,-61.091932,7.41000000000001));
#12416=CARTESIAN_POINT('Origin',(16.6328,-60.591932,7.41000000000001));
#12417=CARTESIAN_POINT('',(16.1328,-61.091932,7.41000000000001));
#12418=CARTESIAN_POINT('',(52.8277815,-61.091932,7.41000000000001));
#12419=CARTESIAN_POINT('',(16.1328,-60.091932,7.41000000000001));
#12420=CARTESIAN_POINT('Origin',(16.1328,-60.591932,7.41000000000001));
#12421=CARTESIAN_POINT('',(53.0777815,-60.091932,7.41000000000001));
#12422=CARTESIAN_POINT('',(6.0828,-57.891932,7.41000000000001));
#12423=CARTESIAN_POINT('Origin',(6.0828,-58.491932,7.41000000000001));
#12424=CARTESIAN_POINT('',(13.0828,-57.891932,7.41000000000001));
#12425=CARTESIAN_POINT('Origin',(13.0828,-58.491932,7.41000000000001));
#12426=CARTESIAN_POINT('',(8.13280000000001,-55.891932,7.41000000000001));
#12427=CARTESIAN_POINT('',(8.13280000000001,-56.891932,7.41000000000001));
#12428=CARTESIAN_POINT('Origin',(8.1328,-56.391932,7.41000000000001));
#12429=CARTESIAN_POINT('',(7.63280000000002,-56.891932,7.41000000000001));
#12430=CARTESIAN_POINT('',(48.5777815,-56.891932,7.41000000000001));
#12431=CARTESIAN_POINT('',(7.63280000000002,-55.891932,7.41000000000001));
#12432=CARTESIAN_POINT('Origin',(7.63280000000001,-56.391932,7.41000000000001));
#12433=CARTESIAN_POINT('',(48.8277815,-55.891932,7.41000000000001));
#12434=CARTESIAN_POINT('',(11.1328,-55.891932,7.41000000000001));
#12435=CARTESIAN_POINT('',(11.1328,-56.891932,7.41000000000001));
#12436=CARTESIAN_POINT('Origin',(11.1328,-56.391932,7.41000000000001));
#12437=CARTESIAN_POINT('',(10.6328,-56.891932,7.41000000000001));
#12438=CARTESIAN_POINT('',(50.0777815,-56.891932,7.41000000000001));
#12439=CARTESIAN_POINT('',(10.6328,-55.891932,7.41000000000001));
#12440=CARTESIAN_POINT('Origin',(10.6328,-56.391932,7.41000000000001));
#12441=CARTESIAN_POINT('',(50.3277815,-55.891932,7.41000000000001));
#12442=CARTESIAN_POINT('',(20.8958,-57.385932,7.41000000000001));
#12443=CARTESIAN_POINT('Origin',(20.8958,-58.485932,7.41000000000001));
#12444=CARTESIAN_POINT('',(15.1328,-55.891932,7.41000000000001));
#12445=CARTESIAN_POINT('',(15.1328,-56.891932,7.41000000000001));
#12446=CARTESIAN_POINT('Origin',(15.1328,-56.391932,7.41000000000001));
#12447=CARTESIAN_POINT('',(14.6328,-56.891932,7.41000000000001));
#12448=CARTESIAN_POINT('',(52.0777815,-56.891932,7.41000000000001));
#12449=CARTESIAN_POINT('',(14.6328,-55.891932,7.41000000000001));
#12450=CARTESIAN_POINT('Origin',(14.6328,-56.391932,7.41000000000001));
#12451=CARTESIAN_POINT('',(52.3277815,-55.891932,7.41000000000001));
#12452=CARTESIAN_POINT('',(35.4528,-61.926932,7.41000000000001));
#12453=CARTESIAN_POINT('',(31.8528,-61.926932,7.41000000000001));
#12454=CARTESIAN_POINT('',(31.8528,-61.926932,7.41000000000001));
#12455=CARTESIAN_POINT('',(31.8528,-58.826932,7.41000000000001));
#12456=CARTESIAN_POINT('',(31.8528,-58.826932,7.41000000000001));
#12457=CARTESIAN_POINT('',(35.4528,-58.826932,7.41000000000001));
#12458=CARTESIAN_POINT('',(35.4528,-58.826932,7.41000000000001));
#12459=CARTESIAN_POINT('',(35.4528,-61.926932,7.41000000000001));
#12460=CARTESIAN_POINT('',(28.5798,-54.671932,7.41000000000001));
#12461=CARTESIAN_POINT('Origin',(28.5798,-55.621932,7.41000000000001));
#12462=CARTESIAN_POINT('',(33.6598,-53.571932,7.41000000000001));
#12463=CARTESIAN_POINT('Origin',(33.6598,-55.621932,7.41000000000001));
#12464=CARTESIAN_POINT('',(6.34979999999999,-53.343932,7.41000000000001));
#12465=CARTESIAN_POINT('Origin',(6.3498,-53.993932,7.41000000000001));
#12466=CARTESIAN_POINT('',(10.2228,-50.835532,7.41000000000001));
#12467=CARTESIAN_POINT('Origin',(10.2228,-51.241932,7.41000000000001));
#12468=CARTESIAN_POINT('',(12.7628,-50.835532,7.41000000000001));
#12469=CARTESIAN_POINT('Origin',(12.7628,-51.241932,7.41000000000001));
#12470=CARTESIAN_POINT('',(15.3028,-50.835532,7.41000000000001));
#12471=CARTESIAN_POINT('Origin',(15.3028,-51.241932,7.41000000000001));
#12472=CARTESIAN_POINT('',(17.8428,-50.835532,7.41000000000001));
#12473=CARTESIAN_POINT('Origin',(17.8428,-51.241932,7.41000000000001));
#12474=CARTESIAN_POINT('',(6.34979999999999,-46.843932,7.41000000000001));
#12475=CARTESIAN_POINT('Origin',(6.3498,-47.493932,7.41000000000001));
#12476=CARTESIAN_POINT('',(29.8498,-51.581932,7.41000000000001));
#12477=CARTESIAN_POINT('Origin',(29.8498,-53.081932,7.41000000000001));
#12478=CARTESIAN_POINT('',(36.1998,-49.041932,7.41000000000001));
#12479=CARTESIAN_POINT('Origin',(36.1998,-50.541932,7.41000000000001));
#12480=CARTESIAN_POINT('',(38.7398,-54.671932,7.41000000000001));
#12481=CARTESIAN_POINT('Origin',(38.7398,-55.621932,7.41000000000001));
#12482=CARTESIAN_POINT('',(54.4528,-59.551932,7.41000000000001));
#12483=CARTESIAN_POINT('',(50.8528,-59.551932,7.41000000000001));
#12484=CARTESIAN_POINT('',(50.8528,-59.551932,7.41000000000001));
#12485=CARTESIAN_POINT('',(50.8528,-56.451932,7.41000000000001));
#12486=CARTESIAN_POINT('',(50.8528,-56.451932,7.41000000000001));
#12487=CARTESIAN_POINT('',(54.4528,-56.451932,7.41000000000001));
#12488=CARTESIAN_POINT('',(54.4528,-56.451932,7.41000000000001));
#12489=CARTESIAN_POINT('',(54.4528,-59.551932,7.41000000000001));
#12490=CARTESIAN_POINT('',(47.5798,-52.296932,7.41000000000001));
#12491=CARTESIAN_POINT('Origin',(47.5798,-53.246932,7.41000000000001));
#12492=CARTESIAN_POINT('',(52.6598,-51.196932,7.41000000000001));
#12493=CARTESIAN_POINT('Origin',(52.6598,-53.246932,7.41000000000001));
#12494=CARTESIAN_POINT('',(48.8498,-49.206932,7.41000000000001));
#12495=CARTESIAN_POINT('Origin',(48.8498,-50.706932,7.41000000000001));
#12496=CARTESIAN_POINT('',(57.7398,-52.296932,7.41000000000001));
#12497=CARTESIAN_POINT('Origin',(57.7398,-53.246932,7.41000000000001));
#12498=CARTESIAN_POINT('',(66.5798,-49.921932,7.41000000000001));
#12499=CARTESIAN_POINT('Origin',(66.5798,-50.871932,7.41000000000001));
#12500=CARTESIAN_POINT('',(55.1998,-46.666932,7.41000000000001));
#12501=CARTESIAN_POINT('Origin',(55.1998,-48.166932,7.41000000000001));
#12502=CARTESIAN_POINT('',(67.8498,-46.831932,7.41000000000001));
#12503=CARTESIAN_POINT('Origin',(67.8498,-48.331932,7.41000000000001));
#12504=CARTESIAN_POINT('',(76.0008,-63.602432,7.41000000000001));
#12505=CARTESIAN_POINT('Origin',(76.0008,-65.752432,7.41000000000001));
#12506=CARTESIAN_POINT('',(73.4528,-57.176932,7.41000000000001));
#12507=CARTESIAN_POINT('',(69.8528,-57.176932,7.41000000000001));
#12508=CARTESIAN_POINT('',(69.8528,-57.176932,7.41000000000001));
#12509=CARTESIAN_POINT('',(69.8528,-54.076932,7.41000000000001));
#12510=CARTESIAN_POINT('',(69.8528,-54.076932,7.41000000000001));
#12511=CARTESIAN_POINT('',(73.4528,-54.076932,7.41000000000001));
#12512=CARTESIAN_POINT('',(73.4528,-54.076932,7.41000000000001));
#12513=CARTESIAN_POINT('',(73.4528,-57.176932,7.41000000000001));
#12514=CARTESIAN_POINT('',(92.4528,-59.551932,7.41000000000001));
#12515=CARTESIAN_POINT('',(88.8528,-59.551932,7.41000000000001));
#12516=CARTESIAN_POINT('',(88.8528,-59.551932,7.41000000000001));
#12517=CARTESIAN_POINT('',(88.8528,-56.451932,7.41000000000001));
#12518=CARTESIAN_POINT('',(88.8528,-56.451932,7.41000000000001));
#12519=CARTESIAN_POINT('',(92.4528,-56.451932,7.41000000000001));
#12520=CARTESIAN_POINT('',(92.4528,-56.451932,7.41000000000001));
#12521=CARTESIAN_POINT('',(92.4528,-59.551932,7.41000000000001));
#12522=CARTESIAN_POINT('',(71.6598,-48.821932,7.41000000000001));
#12523=CARTESIAN_POINT('Origin',(71.6598,-50.871932,7.41000000000001));
#12524=CARTESIAN_POINT('',(76.7398,-49.921932,7.41000000000001));
#12525=CARTESIAN_POINT('Origin',(76.7398,-50.871932,7.41000000000001));
#12526=CARTESIAN_POINT('',(85.5798,-52.296932,7.41000000000001));
#12527=CARTESIAN_POINT('Origin',(85.5798,-53.246932,7.41000000000001));
#12528=CARTESIAN_POINT('',(74.1998,-44.291932,7.41000000000001));
#12529=CARTESIAN_POINT('Origin',(74.1998,-45.791932,7.41000000000001));
#12530=CARTESIAN_POINT('',(90.6598,-51.196932,7.41000000000001));
#12531=CARTESIAN_POINT('Origin',(90.6598,-53.246932,7.41000000000001));
#12532=CARTESIAN_POINT('',(86.8498,-49.206932,7.41000000000001));
#12533=CARTESIAN_POINT('Origin',(86.8498,-50.706932,7.41000000000001));
#12534=CARTESIAN_POINT('',(95.7398,-52.296932,7.41000000000001));
#12535=CARTESIAN_POINT('Origin',(95.7398,-53.246932,7.41000000000001));
#12536=CARTESIAN_POINT('',(93.1998,-46.666932,7.41000000000001));
#12537=CARTESIAN_POINT('Origin',(93.1998,-48.166932,7.41000000000001));
#12538=CARTESIAN_POINT('',(111.4528,-64.301932,7.41000000000001));
#12539=CARTESIAN_POINT('',(107.8528,-64.301932,7.41000000000001));
#12540=CARTESIAN_POINT('',(107.8528,-64.301932,7.41000000000001));
#12541=CARTESIAN_POINT('',(107.8528,-61.201932,7.41000000000001));
#12542=CARTESIAN_POINT('',(107.8528,-61.201932,7.41000000000001));
#12543=CARTESIAN_POINT('',(111.4528,-61.201932,7.41000000000001));
#12544=CARTESIAN_POINT('',(111.4528,-61.201932,7.41000000000001));
#12545=CARTESIAN_POINT('',(111.4528,-64.301932,7.41000000000001));
#12546=CARTESIAN_POINT('',(104.5798,-57.046932,7.41000000000001));
#12547=CARTESIAN_POINT('Origin',(104.5798,-57.996932,7.41000000000001));
#12548=CARTESIAN_POINT('',(109.6598,-55.946932,7.41000000000001));
#12549=CARTESIAN_POINT('Origin',(109.6598,-57.996932,7.41000000000001));
#12550=CARTESIAN_POINT('',(105.8498,-53.956932,7.41000000000001));
#12551=CARTESIAN_POINT('Origin',(105.8498,-55.456932,7.41000000000001));
#12552=CARTESIAN_POINT('',(114.7398,-57.046932,7.41000000000001));
#12553=CARTESIAN_POINT('Origin',(114.7398,-57.996932,7.41000000000001));
#12554=CARTESIAN_POINT('',(130.4528,-64.301932,7.41000000000001));
#12555=CARTESIAN_POINT('',(126.8528,-64.301932,7.41000000000001));
#12556=CARTESIAN_POINT('',(126.8528,-64.301932,7.41000000000001));
#12557=CARTESIAN_POINT('',(126.8528,-61.201932,7.41000000000001));
#12558=CARTESIAN_POINT('',(126.8528,-61.201932,7.41000000000001));
#12559=CARTESIAN_POINT('',(130.4528,-61.201932,7.41000000000001));
#12560=CARTESIAN_POINT('',(130.4528,-61.201932,7.41000000000001));
#12561=CARTESIAN_POINT('',(130.4528,-64.301932,7.41000000000001));
#12562=CARTESIAN_POINT('',(123.5798,-57.046932,7.41000000000001));
#12563=CARTESIAN_POINT('Origin',(123.5798,-57.996932,7.41000000000001));
#12564=CARTESIAN_POINT('',(124.8498,-53.956932,7.41000000000001));
#12565=CARTESIAN_POINT('Origin',(124.8498,-55.456932,7.41000000000001));
#12566=CARTESIAN_POINT('',(128.6598,-55.946932,7.41000000000001));
#12567=CARTESIAN_POINT('Origin',(128.6598,-57.996932,7.41000000000001));
#12568=CARTESIAN_POINT('',(133.7398,-57.046932,7.41000000000001));
#12569=CARTESIAN_POINT('Origin',(133.7398,-57.996932,7.41000000000001));
#12570=CARTESIAN_POINT('',(112.1998,-51.416932,7.41000000000001));
#12571=CARTESIAN_POINT('Origin',(112.1998,-52.916932,7.41000000000001));
#12572=CARTESIAN_POINT('',(131.1998,-51.416932,7.41000000000001));
#12573=CARTESIAN_POINT('Origin',(131.1998,-52.916932,7.41000000000001));
#12574=CARTESIAN_POINT('',(119.1448,-46.337432,7.41000000000001));
#12575=CARTESIAN_POINT('Origin',(119.1448,-48.487432,7.41000000000001));
#12576=CARTESIAN_POINT('',(6.42420000000001,-43.667532,7.41000000000001));
#12577=CARTESIAN_POINT('Origin',(6.42420000000001,-44.073932,7.41000000000001));
#12578=CARTESIAN_POINT('',(6.42420000000001,-41.127532,7.41000000000001));
#12579=CARTESIAN_POINT('Origin',(6.42420000000001,-41.533932,7.41000000000001));
#12580=CARTESIAN_POINT('',(6.42420000000001,-38.587532,7.41000000000001));
#12581=CARTESIAN_POINT('Origin',(6.42420000000001,-38.993932,7.41000000000001));
#12582=CARTESIAN_POINT('',(6.42420000000001,-36.047532,7.41000000000001));
#12583=CARTESIAN_POINT('Origin',(6.42420000000001,-36.453932,7.41000000000001));
#12584=CARTESIAN_POINT('',(21.6442,-43.667532,7.41000000000001));
#12585=CARTESIAN_POINT('Origin',(21.6442,-44.073932,7.41000000000001));
#12586=CARTESIAN_POINT('',(21.6442,-41.127532,7.41000000000001));
#12587=CARTESIAN_POINT('Origin',(21.6442,-41.533932,7.41000000000001));
#12588=CARTESIAN_POINT('',(35.4528,-42.926932,7.41000000000001));
#12589=CARTESIAN_POINT('',(31.8528,-42.926932,7.41000000000001));
#12590=CARTESIAN_POINT('',(31.8528,-42.926932,7.41000000000001));
#12591=CARTESIAN_POINT('',(31.8528,-39.826932,7.41000000000001));
#12592=CARTESIAN_POINT('',(31.8528,-39.826932,7.41000000000001));
#12593=CARTESIAN_POINT('',(35.4528,-39.826932,7.41000000000001));
#12594=CARTESIAN_POINT('',(35.4528,-39.826932,7.41000000000001));
#12595=CARTESIAN_POINT('',(35.4528,-42.926932,7.41000000000001));
#12596=CARTESIAN_POINT('',(21.6442,-38.587532,7.41000000000001));
#12597=CARTESIAN_POINT('Origin',(21.6442,-38.993932,7.41000000000001));
#12598=CARTESIAN_POINT('',(21.6442,-36.047532,7.41000000000001));
#12599=CARTESIAN_POINT('Origin',(21.6442,-36.453932,7.41000000000001));
#12600=CARTESIAN_POINT('',(28.5798,-35.671932,7.41000000000001));
#12601=CARTESIAN_POINT('Origin',(28.5798,-36.621932,7.41000000000001));
#12602=CARTESIAN_POINT('',(33.6598,-34.571932,7.41000000000001));
#12603=CARTESIAN_POINT('Origin',(33.6598,-36.621932,7.41000000000001));
#12604=CARTESIAN_POINT('',(6.42420000000001,-33.507532,7.41000000000001));
#12605=CARTESIAN_POINT('Origin',(6.42420000000001,-33.913932,7.41000000000001));
#12606=CARTESIAN_POINT('',(6.42420000000001,-30.967532,7.41000000000001));
#12607=CARTESIAN_POINT('Origin',(6.42420000000001,-31.373932,7.41000000000001));
#12608=CARTESIAN_POINT('',(6.42420000000001,-28.427532,7.41000000000001));
#12609=CARTESIAN_POINT('Origin',(6.42420000000001,-28.833932,7.41000000000001));
#12610=CARTESIAN_POINT('',(6.42420000000001,-25.887532,7.41000000000001));
#12611=CARTESIAN_POINT('Origin',(6.42420000000001,-26.293932,7.41000000000001));
#12612=CARTESIAN_POINT('',(21.6442,-33.507532,7.41000000000001));
#12613=CARTESIAN_POINT('Origin',(21.6442,-33.913932,7.41000000000001));
#12614=CARTESIAN_POINT('',(21.6442,-30.967532,7.41000000000001));
#12615=CARTESIAN_POINT('Origin',(21.6442,-31.373932,7.41000000000001));
#12616=CARTESIAN_POINT('',(29.8498,-32.581932,7.41000000000001));
#12617=CARTESIAN_POINT('Origin',(29.8498,-34.081932,7.41000000000001));
#12618=CARTESIAN_POINT('',(36.1998,-30.041932,7.41000000000001));
#12619=CARTESIAN_POINT('Origin',(36.1998,-31.541932,7.41000000000001));
#12620=CARTESIAN_POINT('',(21.6442,-28.427532,7.41000000000001));
#12621=CARTESIAN_POINT('Origin',(21.6442,-28.833932,7.41000000000001));
#12622=CARTESIAN_POINT('',(21.6442,-25.887532,7.41000000000001));
#12623=CARTESIAN_POINT('Origin',(21.6442,-26.293932,7.41000000000001));
#12624=CARTESIAN_POINT('',(38.7398,-35.671932,7.41000000000001));
#12625=CARTESIAN_POINT('Origin',(38.7398,-36.621932,7.41000000000001));
#12626=CARTESIAN_POINT('',(54.4528,-40.551932,7.41000000000001));
#12627=CARTESIAN_POINT('',(50.8528,-40.551932,7.41000000000001));
#12628=CARTESIAN_POINT('',(50.8528,-40.551932,7.41000000000001));
#12629=CARTESIAN_POINT('',(50.8528,-37.451932,7.41000000000001));
#12630=CARTESIAN_POINT('',(50.8528,-37.451932,7.41000000000001));
#12631=CARTESIAN_POINT('',(54.4528,-37.451932,7.41000000000001));
#12632=CARTESIAN_POINT('',(54.4528,-37.451932,7.41000000000001));
#12633=CARTESIAN_POINT('',(54.4528,-40.551932,7.41000000000001));
#12634=CARTESIAN_POINT('',(47.5798,-33.296932,7.41000000000001));
#12635=CARTESIAN_POINT('Origin',(47.5798,-34.246932,7.41000000000001));
#12636=CARTESIAN_POINT('',(52.6598,-32.196932,7.41000000000001));
#12637=CARTESIAN_POINT('Origin',(52.6598,-34.246932,7.41000000000001));
#12638=CARTESIAN_POINT('',(48.8498,-30.206932,7.41000000000001));
#12639=CARTESIAN_POINT('Origin',(48.8498,-31.706932,7.41000000000001));
#12640=CARTESIAN_POINT('',(43.1898,-23.847432,7.41000000000001));
#12641=CARTESIAN_POINT('Origin',(43.1898,-25.997432,7.41000000000001));
#12642=CARTESIAN_POINT('',(57.7398,-33.296932,7.41000000000001));
#12643=CARTESIAN_POINT('Origin',(57.7398,-34.246932,7.41000000000001));
#12644=CARTESIAN_POINT('',(66.5798,-30.921932,7.41000000000001));
#12645=CARTESIAN_POINT('Origin',(66.5798,-31.871932,7.41000000000001));
#12646=CARTESIAN_POINT('',(55.1998,-27.666932,7.41000000000001));
#12647=CARTESIAN_POINT('Origin',(55.1998,-29.166932,7.41000000000001));
#12648=CARTESIAN_POINT('',(67.8498,-27.831932,7.41000000000001));
#12649=CARTESIAN_POINT('Origin',(67.8498,-29.331932,7.41000000000001));
#12650=CARTESIAN_POINT('',(6.42420000000001,-23.347532,7.41000000000001));
#12651=CARTESIAN_POINT('Origin',(6.42420000000001,-23.753932,7.41000000000001));
#12652=CARTESIAN_POINT('',(6.42420000000001,-20.807532,7.41000000000001));
#12653=CARTESIAN_POINT('Origin',(6.42420000000001,-21.213932,7.41000000000001));
#12654=CARTESIAN_POINT('',(6.42420000000001,-18.267532,7.41000000000001));
#12655=CARTESIAN_POINT('Origin',(6.42420000000001,-18.673932,7.41000000000001));
#12656=CARTESIAN_POINT('',(6.42420000000001,-15.727532,7.41000000000001));
#12657=CARTESIAN_POINT('Origin',(6.42420000000001,-16.133932,7.41000000000001));
#12658=CARTESIAN_POINT('',(21.6442,-23.347532,7.41000000000001));
#12659=CARTESIAN_POINT('Origin',(21.6442,-23.753932,7.41000000000001));
#12660=CARTESIAN_POINT('',(21.6442,-20.807532,7.41000000000001));
#12661=CARTESIAN_POINT('Origin',(21.6442,-21.213932,7.41000000000001));
#12662=CARTESIAN_POINT('',(35.4528,-23.926932,7.41000000000001));
#12663=CARTESIAN_POINT('',(31.8528,-23.926932,7.41000000000001));
#12664=CARTESIAN_POINT('',(31.8528,-23.926932,7.41000000000001));
#12665=CARTESIAN_POINT('',(31.8528,-20.826932,7.41000000000001));
#12666=CARTESIAN_POINT('',(31.8528,-20.826932,7.41000000000001));
#12667=CARTESIAN_POINT('',(35.4528,-20.826932,7.41000000000001));
#12668=CARTESIAN_POINT('',(35.4528,-20.826932,7.41000000000001));
#12669=CARTESIAN_POINT('',(35.4528,-23.926932,7.41000000000001));
#12670=CARTESIAN_POINT('',(21.6442,-18.267532,7.41000000000001));
#12671=CARTESIAN_POINT('Origin',(21.6442,-18.673932,7.41000000000001));
#12672=CARTESIAN_POINT('',(21.6442,-15.727532,7.41000000000001));
#12673=CARTESIAN_POINT('Origin',(21.6442,-16.133932,7.41000000000001));
#12674=CARTESIAN_POINT('',(28.5728,-16.676932,7.41000000000001));
#12675=CARTESIAN_POINT('Origin',(28.5728,-17.626932,7.41000000000001));
#12676=CARTESIAN_POINT('',(33.6528,-15.576932,7.41000000000001));
#12677=CARTESIAN_POINT('Origin',(33.6528,-17.626932,7.41000000000001));
#12678=CARTESIAN_POINT('',(29.8428,-13.586932,7.41000000000001));
#12679=CARTESIAN_POINT('Origin',(29.8428,-15.086932,7.41000000000001));
#12680=CARTESIAN_POINT('',(36.1928,-11.046932,7.41000000000001));
#12681=CARTESIAN_POINT('Origin',(36.1928,-12.546932,7.41000000000001));
#12682=CARTESIAN_POINT('',(38.7328,-16.676932,7.41000000000001));
#12683=CARTESIAN_POINT('Origin',(38.7328,-17.626932,7.41000000000001));
#12684=CARTESIAN_POINT('',(54.4528,-21.551932,7.41000000000001));
#12685=CARTESIAN_POINT('',(50.8528,-21.551932,7.41000000000001));
#12686=CARTESIAN_POINT('',(50.8528,-21.551932,7.41000000000001));
#12687=CARTESIAN_POINT('',(50.8528,-18.451932,7.41000000000001));
#12688=CARTESIAN_POINT('',(50.8528,-18.451932,7.41000000000001));
#12689=CARTESIAN_POINT('',(54.4528,-18.451932,7.41000000000001));
#12690=CARTESIAN_POINT('',(54.4528,-18.451932,7.41000000000001));
#12691=CARTESIAN_POINT('',(54.4528,-21.551932,7.41000000000001));
#12692=CARTESIAN_POINT('',(47.5798,-14.296932,7.41000000000001));
#12693=CARTESIAN_POINT('Origin',(47.5798,-15.246932,7.41000000000001));
#12694=CARTESIAN_POINT('',(52.6598,-13.196932,7.41000000000001));
#12695=CARTESIAN_POINT('Origin',(52.6598,-15.246932,7.41000000000001));
#12696=CARTESIAN_POINT('',(48.8498,-11.206932,7.41000000000001));
#12697=CARTESIAN_POINT('Origin',(48.8498,-12.706932,7.41000000000001));
#12698=CARTESIAN_POINT('',(57.7398,-14.296932,7.41000000000001));
#12699=CARTESIAN_POINT('Origin',(57.7398,-15.246932,7.41000000000001));
#12700=CARTESIAN_POINT('',(66.5798,-11.921932,7.41000000000001));
#12701=CARTESIAN_POINT('Origin',(66.5798,-12.871932,7.41000000000001));
#12702=CARTESIAN_POINT('',(55.1998,-8.66693200000001,7.41000000000001));
#12703=CARTESIAN_POINT('Origin',(55.1998,-10.166932,7.41000000000001));
#12704=CARTESIAN_POINT('',(67.8498,-8.83193200000001,7.41000000000001));
#12705=CARTESIAN_POINT('Origin',(67.8498,-10.331932,7.41000000000001));
#12706=CARTESIAN_POINT('',(73.4528,-38.176932,7.41000000000001));
#12707=CARTESIAN_POINT('',(69.8528,-38.176932,7.41000000000001));
#12708=CARTESIAN_POINT('',(69.8528,-38.176932,7.41000000000001));
#12709=CARTESIAN_POINT('',(69.8528,-35.076932,7.41000000000001));
#12710=CARTESIAN_POINT('',(69.8528,-35.076932,7.41000000000001));
#12711=CARTESIAN_POINT('',(73.4528,-35.076932,7.41000000000001));
#12712=CARTESIAN_POINT('',(73.4528,-35.076932,7.41000000000001));
#12713=CARTESIAN_POINT('',(73.4528,-38.176932,7.41000000000001));
#12714=CARTESIAN_POINT('',(92.4528,-40.551932,7.41000000000001));
#12715=CARTESIAN_POINT('',(88.8528,-40.551932,7.41000000000001));
#12716=CARTESIAN_POINT('',(88.8528,-40.551932,7.41000000000001));
#12717=CARTESIAN_POINT('',(88.8528,-37.451932,7.41000000000001));
#12718=CARTESIAN_POINT('',(88.8528,-37.451932,7.41000000000001));
#12719=CARTESIAN_POINT('',(92.4528,-37.451932,7.41000000000001));
#12720=CARTESIAN_POINT('',(92.4528,-37.451932,7.41000000000001));
#12721=CARTESIAN_POINT('',(92.4528,-40.551932,7.41000000000001));
#12722=CARTESIAN_POINT('',(71.6598,-29.821932,7.41000000000001));
#12723=CARTESIAN_POINT('Origin',(71.6598,-31.871932,7.41000000000001));
#12724=CARTESIAN_POINT('',(76.7398,-30.921932,7.41000000000001));
#12725=CARTESIAN_POINT('Origin',(76.7398,-31.871932,7.41000000000001));
#12726=CARTESIAN_POINT('',(85.5798,-33.296932,7.41000000000001));
#12727=CARTESIAN_POINT('Origin',(85.5798,-34.246932,7.41000000000001));
#12728=CARTESIAN_POINT('',(74.1998,-25.291932,7.41000000000001));
#12729=CARTESIAN_POINT('Origin',(74.1998,-26.791932,7.41000000000001));
#12730=CARTESIAN_POINT('',(90.6598,-32.196932,7.41000000000001));
#12731=CARTESIAN_POINT('Origin',(90.6598,-34.246932,7.41000000000001));
#12732=CARTESIAN_POINT('',(86.8498,-30.206932,7.41000000000001));
#12733=CARTESIAN_POINT('Origin',(86.8498,-31.706932,7.41000000000001));
#12734=CARTESIAN_POINT('',(95.7398,-33.296932,7.41000000000001));
#12735=CARTESIAN_POINT('Origin',(95.7398,-34.246932,7.41000000000001));
#12736=CARTESIAN_POINT('',(93.1998,-27.666932,7.41000000000001));
#12737=CARTESIAN_POINT('Origin',(93.1998,-29.166932,7.41000000000001));
#12738=CARTESIAN_POINT('',(111.4528,-45.301932,7.41000000000001));
#12739=CARTESIAN_POINT('',(107.8528,-45.301932,7.41000000000001));
#12740=CARTESIAN_POINT('',(107.8528,-45.301932,7.41000000000001));
#12741=CARTESIAN_POINT('',(107.8528,-42.201932,7.41000000000001));
#12742=CARTESIAN_POINT('',(107.8528,-42.201932,7.41000000000001));
#12743=CARTESIAN_POINT('',(111.4528,-42.201932,7.41000000000001));
#12744=CARTESIAN_POINT('',(111.4528,-42.201932,7.41000000000001));
#12745=CARTESIAN_POINT('',(111.4528,-45.301932,7.41000000000001));
#12746=CARTESIAN_POINT('',(104.5798,-38.046932,7.41000000000001));
#12747=CARTESIAN_POINT('Origin',(104.5798,-38.996932,7.41000000000001));
#12748=CARTESIAN_POINT('',(109.6598,-36.946932,7.41000000000001));
#12749=CARTESIAN_POINT('Origin',(109.6598,-38.996932,7.41000000000001));
#12750=CARTESIAN_POINT('',(105.8498,-34.956932,7.41000000000001));
#12751=CARTESIAN_POINT('Origin',(105.8498,-36.456932,7.41000000000001));
#12752=CARTESIAN_POINT('',(114.7398,-38.046932,7.41000000000001));
#12753=CARTESIAN_POINT('Origin',(114.7398,-38.996932,7.41000000000001));
#12754=CARTESIAN_POINT('',(130.4528,-45.301932,7.41000000000001));
#12755=CARTESIAN_POINT('',(126.8528,-45.301932,7.41000000000001));
#12756=CARTESIAN_POINT('',(126.8528,-45.301932,7.41000000000001));
#12757=CARTESIAN_POINT('',(126.8528,-42.201932,7.41000000000001));
#12758=CARTESIAN_POINT('',(126.8528,-42.201932,7.41000000000001));
#12759=CARTESIAN_POINT('',(130.4528,-42.201932,7.41000000000001));
#12760=CARTESIAN_POINT('',(130.4528,-42.201932,7.41000000000001));
#12761=CARTESIAN_POINT('',(130.4528,-45.301932,7.41000000000001));
#12762=CARTESIAN_POINT('',(123.5798,-38.046932,7.41000000000001));
#12763=CARTESIAN_POINT('Origin',(123.5798,-38.996932,7.41000000000001));
#12764=CARTESIAN_POINT('',(124.8498,-34.956932,7.41000000000001));
#12765=CARTESIAN_POINT('Origin',(124.8498,-36.456932,7.41000000000001));
#12766=CARTESIAN_POINT('',(128.6598,-36.946932,7.41000000000001));
#12767=CARTESIAN_POINT('Origin',(128.6598,-38.996932,7.41000000000001));
#12768=CARTESIAN_POINT('',(133.7398,-38.046932,7.41000000000001));
#12769=CARTESIAN_POINT('Origin',(133.7398,-38.996932,7.41000000000001));
#12770=CARTESIAN_POINT('',(112.1998,-32.416932,7.41000000000001));
#12771=CARTESIAN_POINT('Origin',(112.1998,-33.916932,7.41000000000001));
#12772=CARTESIAN_POINT('',(131.1998,-32.416932,7.41000000000001));
#12773=CARTESIAN_POINT('Origin',(131.1998,-33.916932,7.41000000000001));
#12774=CARTESIAN_POINT('',(119.1448,-27.337432,7.41000000000001));
#12775=CARTESIAN_POINT('Origin',(119.1448,-29.487432,7.41000000000001));
#12776=CARTESIAN_POINT('',(73.4528,-19.176932,7.41000000000001));
#12777=CARTESIAN_POINT('',(69.8528,-19.176932,7.41000000000001));
#12778=CARTESIAN_POINT('',(69.8528,-19.176932,7.41000000000001));
#12779=CARTESIAN_POINT('',(69.8528,-16.076932,7.41000000000001));
#12780=CARTESIAN_POINT('',(69.8528,-16.076932,7.41000000000001));
#12781=CARTESIAN_POINT('',(73.4528,-16.076932,7.41000000000001));
#12782=CARTESIAN_POINT('',(73.4528,-16.076932,7.41000000000001));
#12783=CARTESIAN_POINT('',(73.4528,-19.176932,7.41000000000001));
#12784=CARTESIAN_POINT('',(92.4528,-21.551932,7.41000000000001));
#12785=CARTESIAN_POINT('',(88.8528,-21.551932,7.41000000000001));
#12786=CARTESIAN_POINT('',(88.8528,-21.551932,7.41000000000001));
#12787=CARTESIAN_POINT('',(88.8528,-18.451932,7.41000000000001));
#12788=CARTESIAN_POINT('',(88.8528,-18.451932,7.41000000000001));
#12789=CARTESIAN_POINT('',(92.4528,-18.451932,7.41000000000001));
#12790=CARTESIAN_POINT('',(92.4528,-18.451932,7.41000000000001));
#12791=CARTESIAN_POINT('',(92.4528,-21.551932,7.41000000000001));
#12792=CARTESIAN_POINT('',(71.6598,-10.821932,7.41000000000001));
#12793=CARTESIAN_POINT('Origin',(71.6598,-12.871932,7.41000000000001));
#12794=CARTESIAN_POINT('',(76.7398,-11.921932,7.41000000000001));
#12795=CARTESIAN_POINT('Origin',(76.7398,-12.871932,7.41000000000001));
#12796=CARTESIAN_POINT('',(85.5798,-14.296932,7.41000000000001));
#12797=CARTESIAN_POINT('Origin',(85.5798,-15.246932,7.41000000000001));
#12798=CARTESIAN_POINT('',(74.1998,-6.29193200000001,7.41000000000001));
#12799=CARTESIAN_POINT('Origin',(74.1998,-7.79193200000001,7.41000000000001));
#12800=CARTESIAN_POINT('',(90.6598,-13.196932,7.41000000000001));
#12801=CARTESIAN_POINT('Origin',(90.6598,-15.246932,7.41000000000001));
#12802=CARTESIAN_POINT('',(86.8498,-11.206932,7.41000000000001));
#12803=CARTESIAN_POINT('Origin',(86.8498,-12.706932,7.41000000000001));
#12804=CARTESIAN_POINT('',(95.7398,-14.296932,7.41000000000001));
#12805=CARTESIAN_POINT('Origin',(95.7398,-15.246932,7.41000000000001));
#12806=CARTESIAN_POINT('',(93.1998,-8.66693200000001,7.41000000000001));
#12807=CARTESIAN_POINT('Origin',(93.1998,-10.166932,7.41000000000001));
#12808=CARTESIAN_POINT('',(111.4528,-26.301932,7.41000000000001));
#12809=CARTESIAN_POINT('',(107.8528,-26.301932,7.41000000000001));
#12810=CARTESIAN_POINT('',(107.8528,-26.301932,7.41000000000001));
#12811=CARTESIAN_POINT('',(107.8528,-23.201932,7.41000000000001));
#12812=CARTESIAN_POINT('',(107.8528,-23.201932,7.41000000000001));
#12813=CARTESIAN_POINT('',(111.4528,-23.201932,7.41000000000001));
#12814=CARTESIAN_POINT('',(111.4528,-23.201932,7.41000000000001));
#12815=CARTESIAN_POINT('',(111.4528,-26.301932,7.41000000000001));
#12816=CARTESIAN_POINT('',(104.5798,-19.046932,7.41000000000001));
#12817=CARTESIAN_POINT('Origin',(104.5798,-19.996932,7.41000000000001));
#12818=CARTESIAN_POINT('',(109.6598,-17.946932,7.41000000000001));
#12819=CARTESIAN_POINT('Origin',(109.6598,-19.996932,7.41000000000001));
#12820=CARTESIAN_POINT('',(105.8498,-15.956932,7.41000000000001));
#12821=CARTESIAN_POINT('Origin',(105.8498,-17.456932,7.41000000000001));
#12822=CARTESIAN_POINT('',(114.7398,-19.046932,7.41000000000001));
#12823=CARTESIAN_POINT('Origin',(114.7398,-19.996932,7.41000000000001));
#12824=CARTESIAN_POINT('',(130.4528,-26.301932,7.41000000000001));
#12825=CARTESIAN_POINT('',(126.8528,-26.301932,7.41000000000001));
#12826=CARTESIAN_POINT('',(126.8528,-26.301932,7.41000000000001));
#12827=CARTESIAN_POINT('',(126.8528,-23.201932,7.41000000000001));
#12828=CARTESIAN_POINT('',(126.8528,-23.201932,7.41000000000001));
#12829=CARTESIAN_POINT('',(130.4528,-23.201932,7.41000000000001));
#12830=CARTESIAN_POINT('',(130.4528,-23.201932,7.41000000000001));
#12831=CARTESIAN_POINT('',(130.4528,-26.301932,7.41000000000001));
#12832=CARTESIAN_POINT('',(123.5798,-19.046932,7.41000000000001));
#12833=CARTESIAN_POINT('Origin',(123.5798,-19.996932,7.41000000000001));
#12834=CARTESIAN_POINT('',(124.8498,-15.956932,7.41000000000001));
#12835=CARTESIAN_POINT('Origin',(124.8498,-17.456932,7.41000000000001));
#12836=CARTESIAN_POINT('',(128.6598,-17.946932,7.41000000000001));
#12837=CARTESIAN_POINT('Origin',(128.6598,-19.996932,7.41000000000001));
#12838=CARTESIAN_POINT('',(133.7398,-19.046932,7.41000000000001));
#12839=CARTESIAN_POINT('Origin',(133.7398,-19.996932,7.41000000000001));
#12840=CARTESIAN_POINT('',(112.1998,-13.416932,7.41000000000001));
#12841=CARTESIAN_POINT('Origin',(112.1998,-14.916932,7.41000000000001));
#12842=CARTESIAN_POINT('',(131.1998,-13.416932,7.41000000000001));
#12843=CARTESIAN_POINT('Origin',(131.1998,-14.916932,7.41000000000001));
#12844=CARTESIAN_POINT('Origin',(80.387377,-4.01915300000001,5.81000000000001));
#12845=CARTESIAN_POINT('',(80.387377,-4.01915300000001,5.81000000000001));
#12846=CARTESIAN_POINT('',(80.387377,-4.01915300000001,5.81000000000001));
#12847=CARTESIAN_POINT('',(80.514026,-4.07540900000001,5.81000000000001));
#12848=CARTESIAN_POINT('',(80.514026,-4.07540900000001,5.81000000000001));
#12849=CARTESIAN_POINT('',(80.387377,-4.01915300000001,5.81000000000001));
#12850=CARTESIAN_POINT('Origin',(80.24997,-4.,5.81000000000001));
#12851=CARTESIAN_POINT('',(80.24997,-4.,5.81000000000001));
#12852=CARTESIAN_POINT('',(80.24997,-4.,5.81000000000001));
#12853=CARTESIAN_POINT('',(80.24997,-4.,5.81000000000001));
#12854=CARTESIAN_POINT('Origin',(80.514026,-4.07540900000001,5.81000000000001));
#12855=CARTESIAN_POINT('',(80.621651,-4.16568500000001,5.81000000000001));
#12856=CARTESIAN_POINT('',(80.621651,-4.16568500000001,5.81000000000001));
#12857=CARTESIAN_POINT('',(80.514026,-4.07540900000001,5.81000000000001));
#12858=CARTESIAN_POINT('Origin',(89.522763,-45.47836,5.81000000000001));
#12859=CARTESIAN_POINT('',(137.749928066412,-11.5001043249358,5.81000000000001));
#12860=CARTESIAN_POINT('',(137.749928,-66.750132,5.81000000000001));
#12861=CARTESIAN_POINT('',(137.749928,-11.500106,5.81000000000001));
#12862=CARTESIAN_POINT('',(137.730775,-66.887539,5.81000000000001));
#12863=CARTESIAN_POINT('',(137.749928,-66.750132,5.81000000000001));
#12864=CARTESIAN_POINT('',(137.674518,-67.014188,5.81000000000001));
#12865=CARTESIAN_POINT('',(137.730775,-66.887539,5.81000000000001));
#12866=CARTESIAN_POINT('',(137.584241,-67.121813,5.81000000000001));
#12867=CARTESIAN_POINT('',(137.674518,-67.014188,5.81000000000001));
#12868=CARTESIAN_POINT('',(137.528275,-67.165429,5.81000000000001));
#12869=CARTESIAN_POINT('',(137.584241,-67.121813,5.81000000000001));
#12870=CARTESIAN_POINT('',(137.466359,-67.200865,5.81000000000001));
#12871=CARTESIAN_POINT('',(137.528275,-67.165429,5.81000000000001));
#12872=CARTESIAN_POINT('',(137.400415,-67.226963,5.81000000000001));
#12873=CARTESIAN_POINT('',(137.466359,-67.200865,5.81000000000001));
#12874=CARTESIAN_POINT('',(137.330268,-67.243586,5.81000000000001));
#12875=CARTESIAN_POINT('',(137.400415,-67.226963,5.81000000000001));
#12876=CARTESIAN_POINT('',(137.249802674963,-67.2500050660964,5.81000000000001));
#12877=CARTESIAN_POINT('',(137.330268,-67.243586,5.81000000000001));
#12878=CARTESIAN_POINT('',(131.113955,-67.249241,5.81000000000001));
#12879=CARTESIAN_POINT('',(137.249801,-67.250005,5.81000000000001));
#12880=CARTESIAN_POINT('',(88.3728,-67.250005,5.81000000000001));
#12881=CARTESIAN_POINT('',(131.113955,-67.249241,5.81000000000001));
#12882=CARTESIAN_POINT('',(82.249961,-67.250005,5.81000000000001));
#12883=CARTESIAN_POINT('',(88.3728,-67.250005,5.81000000000001));
#12884=CARTESIAN_POINT('',(82.13948,-67.262386,5.81000000000001));
#12885=CARTESIAN_POINT('',(82.249961,-67.250005,5.81000000000001));
#12886=CARTESIAN_POINT('',(82.007859,-67.312581,5.81000000000001));
#12887=CARTESIAN_POINT('',(82.13948,-67.262386,5.81000000000001));
#12888=CARTESIAN_POINT('',(81.896395,-67.396561,5.81000000000001));
#12889=CARTESIAN_POINT('',(82.007859,-67.312581,5.81000000000001));
#12890=CARTESIAN_POINT('',(71.353371,-81.853721,5.81000000000001));
#12891=CARTESIAN_POINT('',(81.896395,-67.396561,5.81000000000001));
#12892=CARTESIAN_POINT('',(71.241841,-81.937622,5.81000000000001));
#12893=CARTESIAN_POINT('',(71.353371,-81.853721,5.81000000000001));
#12894=CARTESIAN_POINT('',(71.110179,-81.987721,5.81000000000001));
#12895=CARTESIAN_POINT('',(71.241841,-81.937622,5.81000000000001));
#12896=CARTESIAN_POINT('',(70.999806,-82.000019,5.81000000000001));
#12897=CARTESIAN_POINT('',(71.110179,-81.987721,5.81000000000001));
#12898=CARTESIAN_POINT('',(34.329356,-86.770392,5.81000000000001));
#12899=CARTESIAN_POINT('',(70.999806,-82.000019,5.81000000000001));
#12900=CARTESIAN_POINT('',(34.033394,-86.812495,5.81000000000001));
#12901=CARTESIAN_POINT('',(34.329356,-86.770392,5.81000000000001));
#12902=CARTESIAN_POINT('',(33.6748,-86.899932,5.81000000000001));
#12903=CARTESIAN_POINT('',(34.033394,-86.812495,5.81000000000001));
#12904=CARTESIAN_POINT('',(19.380717,-95.161016,5.81000000000001));
#12905=CARTESIAN_POINT('',(33.6748,-86.899932,5.81000000000001));
#12906=CARTESIAN_POINT('',(19.176717,-95.275035,5.81000000000001));
#12907=CARTESIAN_POINT('',(19.380717,-95.161016,5.81000000000001));
#12908=CARTESIAN_POINT('',(18.958012,-95.352714,5.81000000000001));
#12909=CARTESIAN_POINT('',(19.176717,-95.275035,5.81000000000001));
#12910=CARTESIAN_POINT('',(18.728838,-95.392613,5.81000000000001));
#12911=CARTESIAN_POINT('',(18.958012,-95.352714,5.81000000000001));
#12912=CARTESIAN_POINT('',(18.494706,-95.393448,5.81000000000001));
#12913=CARTESIAN_POINT('',(18.728838,-95.392613,5.81000000000001));
#12914=CARTESIAN_POINT('',(18.262327,-95.354687,5.81000000000001));
#12915=CARTESIAN_POINT('',(18.494706,-95.393448,5.81000000000001));
#12916=CARTESIAN_POINT('',(18.149185,-95.320653,5.81000000000001));
#12917=CARTESIAN_POINT('',(18.262327,-95.354687,5.81000000000001));
#12918=CARTESIAN_POINT('',(18.039086,-95.277034,5.81000000000001));
#12919=CARTESIAN_POINT('',(18.149185,-95.320653,5.81000000000001));
#12920=CARTESIAN_POINT('',(17.933471,-95.224385,5.81000000000001));
#12921=CARTESIAN_POINT('',(18.039086,-95.277034,5.81000000000001));
#12922=CARTESIAN_POINT('',(17.832182,-95.16255,5.81000000000001));
#12923=CARTESIAN_POINT('',(17.933471,-95.224385,5.81000000000001));
#12924=CARTESIAN_POINT('',(17.737252,-95.092761,5.81000000000001));
#12925=CARTESIAN_POINT('',(17.832182,-95.16255,5.81000000000001));
#12926=CARTESIAN_POINT('',(17.647796,-95.014302,5.81000000000001));
#12927=CARTESIAN_POINT('',(17.737252,-95.092761,5.81000000000001));
#12928=CARTESIAN_POINT('',(17.565994,-94.929055,5.81000000000001));
#12929=CARTESIAN_POINT('',(17.647796,-95.014302,5.81000000000001));
#12930=CARTESIAN_POINT('',(17.49066,-94.835703,5.81000000000001));
#12931=CARTESIAN_POINT('',(17.565994,-94.929055,5.81000000000001));
#12932=CARTESIAN_POINT('',(17.455696,-94.786158,5.81000000000001));
#12933=CARTESIAN_POINT('',(17.49066,-94.835703,5.81000000000001));
#12934=CARTESIAN_POINT('',(17.4526,-94.781544,5.81000000000001));
#12935=CARTESIAN_POINT('',(17.455696,-94.786158,5.81000000000001));
#12936=CARTESIAN_POINT('',(4.227091,-71.847649,5.81000000000001));
#12937=CARTESIAN_POINT('',(17.4526,-94.781544,5.81000000000001));
#12938=CARTESIAN_POINT('',(4.11502800000001,-71.613456,5.81000000000001));
#12939=CARTESIAN_POINT('',(4.227091,-71.847649,5.81000000000001));
#12940=CARTESIAN_POINT('',(4.03972500000001,-71.364221,5.81000000000001));
#12941=CARTESIAN_POINT('',(4.11502800000001,-71.613456,5.81000000000001));
#12942=CARTESIAN_POINT('',(4.01654700000001,-71.235772,5.81000000000001));
#12943=CARTESIAN_POINT('',(4.03972500000001,-71.364221,5.81000000000001));
#12944=CARTESIAN_POINT('',(4.00326000000001,-71.105643,5.81000000000001));
#12945=CARTESIAN_POINT('',(4.01654700000001,-71.235772,5.81000000000001));
#12946=CARTESIAN_POINT('',(4.,-70.97516,5.81000000000001));
#12947=CARTESIAN_POINT('',(4.00326000000001,-71.105643,5.81000000000001));
#12948=CARTESIAN_POINT('',(4.00051600000001,-70.972877,5.81000000000001));
#12949=CARTESIAN_POINT('',(4.,-70.97516,5.81000000000001));
#12950=CARTESIAN_POINT('',(4.,-11.500106,5.81000000000001));
#12951=CARTESIAN_POINT('',(4.00051600000001,-70.972877,5.81000000000001));
#12952=CARTESIAN_POINT('',(4.01914800000002,-11.362708,5.81000000000001));
#12953=CARTESIAN_POINT('',(4.,-11.500106,5.81000000000001));
#12954=CARTESIAN_POINT('',(4.075401,-11.236061,5.81000000000001));
#12955=CARTESIAN_POINT('',(4.01914800000002,-11.362708,5.81000000000001));
#12956=CARTESIAN_POINT('',(4.165676,-11.128435,5.81000000000001));
#12957=CARTESIAN_POINT('',(4.075401,-11.236061,5.81000000000001));
#12958=CARTESIAN_POINT('',(4.22164200000001,-11.084818,5.81000000000001));
#12959=CARTESIAN_POINT('',(4.165676,-11.128435,5.81000000000001));
#12960=CARTESIAN_POINT('',(4.28355900000001,-11.049379,5.81000000000001));
#12961=CARTESIAN_POINT('',(4.22164200000001,-11.084818,5.81000000000001));
#12962=CARTESIAN_POINT('',(4.349504,-11.023279,5.81000000000001));
#12963=CARTESIAN_POINT('',(4.28355900000001,-11.049379,5.81000000000001));
#12964=CARTESIAN_POINT('',(4.419652,-11.006655,5.81000000000001));
#12965=CARTESIAN_POINT('',(4.349504,-11.023279,5.81000000000001));
#12966=CARTESIAN_POINT('',(4.49988300000001,-11.000233,5.81000000000001));
#12967=CARTESIAN_POINT('',(4.419652,-11.006655,5.81000000000001));
#12968=CARTESIAN_POINT('',(4.500895,-10.998457,5.81000000000001));
#12969=CARTESIAN_POINT('',(4.49988300000001,-11.000233,5.81000000000001));
#12970=CARTESIAN_POINT('',(24.249892,-11.000233,5.81000000000001));
#12971=CARTESIAN_POINT('',(4.500895,-10.998457,5.81000000000001));
#12972=CARTESIAN_POINT('',(24.25013,-11.000233,5.81000000000001));
#12973=CARTESIAN_POINT('',(24.249892,-11.000233,5.81000000000001));
#12974=CARTESIAN_POINT('',(24.330582,-10.993774,5.81000000000001));
#12975=CARTESIAN_POINT('',(24.25013,-11.000233,5.81000000000001));
#12976=CARTESIAN_POINT('',(24.400722,-10.977117,5.81000000000001));
#12977=CARTESIAN_POINT('',(24.330582,-10.993774,5.81000000000001));
#12978=CARTESIAN_POINT('',(24.466653,-10.950987,5.81000000000001));
#12979=CARTESIAN_POINT('',(24.400722,-10.977117,5.81000000000001));
#12980=CARTESIAN_POINT('',(24.528554,-10.91552,5.81000000000001));
#12981=CARTESIAN_POINT('',(24.466653,-10.950987,5.81000000000001));
#12982=CARTESIAN_POINT('',(24.5845,-10.871877,5.81000000000001));
#12983=CARTESIAN_POINT('',(24.528554,-10.91552,5.81000000000001));
#12984=CARTESIAN_POINT('',(24.674727,-10.764206,5.81000000000001));
#12985=CARTESIAN_POINT('',(24.5845,-10.871877,5.81000000000001));
#12986=CARTESIAN_POINT('',(24.730925,-10.637528,5.81000000000001));
#12987=CARTESIAN_POINT('',(24.674727,-10.764206,5.81000000000001));
#12988=CARTESIAN_POINT('',(24.750013,-10.500111,5.81000000000001));
#12989=CARTESIAN_POINT('',(24.730925,-10.637528,5.81000000000001));
#12990=CARTESIAN_POINT('',(24.750013,-9.25017400000001,5.81000000000001));
#12991=CARTESIAN_POINT('',(24.750013,-10.500111,5.81000000000001));
#12992=CARTESIAN_POINT('',(24.769102,-9.11275300000001,5.81000000000001));
#12993=CARTESIAN_POINT('',(24.750013,-9.25017400000001,5.81000000000001));
#12994=CARTESIAN_POINT('',(24.8253,-8.98607200000001,5.81000000000001));
#12995=CARTESIAN_POINT('',(24.769102,-9.11275300000001,5.81000000000001));
#12996=CARTESIAN_POINT('',(24.915527,-8.87840200000001,5.81000000000001));
#12997=CARTESIAN_POINT('',(24.8253,-8.98607200000001,5.81000000000001));
#12998=CARTESIAN_POINT('',(24.971472,-8.83476000000001,5.81000000000001));
#12999=CARTESIAN_POINT('',(24.915527,-8.87840200000001,5.81000000000001));
#13000=CARTESIAN_POINT('',(25.033372,-8.79929400000001,5.81000000000001));
#13001=CARTESIAN_POINT('',(24.971472,-8.83476000000001,5.81000000000001));
#13002=CARTESIAN_POINT('',(25.099302,-8.77316600000001,5.81000000000001));
#13003=CARTESIAN_POINT('',(25.033372,-8.79929400000001,5.81000000000001));
#13004=CARTESIAN_POINT('',(25.169441,-8.75651,5.81000000000001));
#13005=CARTESIAN_POINT('',(25.099302,-8.77316600000001,5.81000000000001));
#13006=CARTESIAN_POINT('',(25.249877,-8.75005300000001,5.81000000000001));
#13007=CARTESIAN_POINT('',(25.169441,-8.75651,5.81000000000001));
#13008=CARTESIAN_POINT('',(25.250135,-8.748019,5.81000000000001));
#13009=CARTESIAN_POINT('',(25.249877,-8.75005300000001,5.81000000000001));
#13010=CARTESIAN_POINT('',(43.249827,-8.75005300000001,5.81000000000001));
#13011=CARTESIAN_POINT('',(25.250135,-8.748019,5.81000000000001));
#13012=CARTESIAN_POINT('',(43.330288,-8.74363400000001,5.81000000000001));
#13013=CARTESIAN_POINT('',(43.249827,-8.75005300000001,5.81000000000001));
#13014=CARTESIAN_POINT('',(43.400435,-8.72701100000001,5.81000000000001));
#13015=CARTESIAN_POINT('',(43.330288,-8.74363400000001,5.81000000000001));
#13016=CARTESIAN_POINT('',(43.466378,-8.70091300000001,5.81000000000001));
#13017=CARTESIAN_POINT('',(43.400435,-8.72701100000001,5.81000000000001));
#13018=CARTESIAN_POINT('',(43.528295,-8.66547700000001,5.81000000000001));
#13019=CARTESIAN_POINT('',(43.466378,-8.70091300000001,5.81000000000001));
#13020=CARTESIAN_POINT('',(43.584261,-8.62186100000001,5.81000000000001));
#13021=CARTESIAN_POINT('',(43.528295,-8.66547700000001,5.81000000000001));
#13022=CARTESIAN_POINT('',(43.674539,-8.51423600000001,5.81000000000001));
#13023=CARTESIAN_POINT('',(43.584261,-8.62186100000001,5.81000000000001));
#13024=CARTESIAN_POINT('',(43.730796,-8.38758500000001,5.81000000000001));
#13025=CARTESIAN_POINT('',(43.674539,-8.51423600000001,5.81000000000001));
#13026=CARTESIAN_POINT('',(43.749949,-8.25017900000001,5.81000000000001));
#13027=CARTESIAN_POINT('',(43.730796,-8.38758500000001,5.81000000000001));
#13028=CARTESIAN_POINT('',(43.751477,-8.24763900000001,5.81000000000001));
#13029=CARTESIAN_POINT('',(43.749949,-8.25017900000001,5.81000000000001));
#13030=CARTESIAN_POINT('',(43.749949,-6.75005800000001,5.81000000000001));
#13031=CARTESIAN_POINT('',(43.751477,-8.24763900000001,5.81000000000001));
#13032=CARTESIAN_POINT('',(43.769102,-6.61265200000001,5.81000000000001));
#13033=CARTESIAN_POINT('',(43.749949,-6.75005800000001,5.81000000000001));
#13034=CARTESIAN_POINT('',(43.825359,-6.48600100000001,5.81000000000001));
#13035=CARTESIAN_POINT('',(43.769102,-6.61265200000001,5.81000000000001));
#13036=CARTESIAN_POINT('',(43.915637,-6.37837600000001,5.81000000000001));
#13037=CARTESIAN_POINT('',(43.825359,-6.48600100000001,5.81000000000001));
#13038=CARTESIAN_POINT('',(43.971604,-6.33476000000001,5.81000000000001));
#13039=CARTESIAN_POINT('',(43.915637,-6.37837600000001,5.81000000000001));
#13040=CARTESIAN_POINT('',(44.033521,-6.299324,5.81000000000001));
#13041=CARTESIAN_POINT('',(43.971604,-6.33476000000001,5.81000000000001));
#13042=CARTESIAN_POINT('',(44.099465,-6.27322600000001,5.81000000000001));
#13043=CARTESIAN_POINT('',(44.033521,-6.299324,5.81000000000001));
#13044=CARTESIAN_POINT('',(44.169614,-6.25660400000001,5.81000000000001));
#13045=CARTESIAN_POINT('',(44.099465,-6.27322600000001,5.81000000000001));
#13046=CARTESIAN_POINT('',(44.249822,-6.25018400000001,5.81000000000001));
#13047=CARTESIAN_POINT('',(44.169614,-6.25660400000001,5.81000000000001));
#13048=CARTESIAN_POINT('',(44.251856,-6.24866100000001,5.81000000000001));
#13049=CARTESIAN_POINT('',(44.249822,-6.25018400000001,5.81000000000001));
#13050=CARTESIAN_POINT('',(55.2128,-6.25018400000001,5.81000000000001));
#13051=CARTESIAN_POINT('',(44.251856,-6.24866100000001,5.81000000000001));
#13052=CARTESIAN_POINT('',(62.249772,-6.25018400000001,5.81000000000001));
#13053=CARTESIAN_POINT('',(55.2128,-6.25018400000001,5.81000000000001));
#13054=CARTESIAN_POINT('',(62.25002,-6.25018400000001,5.81000000000001));
#13055=CARTESIAN_POINT('',(62.249772,-6.25018400000001,5.81000000000001));
#13056=CARTESIAN_POINT('',(62.33048,-6.24372400000001,5.81000000000001));
#13057=CARTESIAN_POINT('',(62.25002,-6.25018400000001,5.81000000000001));
#13058=CARTESIAN_POINT('',(62.400619,-6.22706600000001,5.81000000000001));
#13059=CARTESIAN_POINT('',(62.33048,-6.24372400000001,5.81000000000001));
#13060=CARTESIAN_POINT('',(62.466549,-6.20093500000001,5.81000000000001));
#13061=CARTESIAN_POINT('',(62.400619,-6.22706600000001,5.81000000000001));
#13062=CARTESIAN_POINT('',(62.528448,-6.16546700000001,5.81000000000001));
#13063=CARTESIAN_POINT('',(62.466549,-6.20093500000001,5.81000000000001));
#13064=CARTESIAN_POINT('',(62.584393,-6.12182300000001,5.81000000000001));
#13065=CARTESIAN_POINT('',(62.528448,-6.16546700000001,5.81000000000001));
#13066=CARTESIAN_POINT('',(62.674616,-6.01415100000001,5.81000000000001));
#13067=CARTESIAN_POINT('',(62.584393,-6.12182300000001,5.81000000000001));
#13068=CARTESIAN_POINT('',(62.73081,-5.88747300000001,5.81000000000001));
#13069=CARTESIAN_POINT('',(62.674616,-6.01415100000001,5.81000000000001));
#13070=CARTESIAN_POINT('',(62.749894,-5.75005800000001,5.81000000000001));
#13071=CARTESIAN_POINT('',(62.73081,-5.88747300000001,5.81000000000001));
#13072=CARTESIAN_POINT('',(62.750658,-5.74828200000001,5.81000000000001));
#13073=CARTESIAN_POINT('',(62.749894,-5.75005800000001,5.81000000000001));
#13074=CARTESIAN_POINT('',(62.749894,-4.50012600000001,5.81000000000001));
#13075=CARTESIAN_POINT('',(62.750658,-5.74828200000001,5.81000000000001));
#13076=CARTESIAN_POINT('',(62.768977,-4.36271100000001,5.81000000000001));
#13077=CARTESIAN_POINT('',(62.749894,-4.50012600000001,5.81000000000001));
#13078=CARTESIAN_POINT('',(62.825171,-4.23603300000001,5.81000000000001));
#13079=CARTESIAN_POINT('',(62.768977,-4.36271100000001,5.81000000000001));
#13080=CARTESIAN_POINT('',(62.915394,-4.12836200000001,5.81000000000001));
#13081=CARTESIAN_POINT('',(62.825171,-4.23603300000001,5.81000000000001));
#13082=CARTESIAN_POINT('',(62.971338,-4.08471800000001,5.81000000000001));
#13083=CARTESIAN_POINT('',(62.915394,-4.12836200000001,5.81000000000001));
#13084=CARTESIAN_POINT('',(63.033237,-4.04925,5.81000000000001));
#13085=CARTESIAN_POINT('',(62.971338,-4.08471800000001,5.81000000000001));
#13086=CARTESIAN_POINT('',(63.099168,-4.02311800000001,5.81000000000001));
#13087=CARTESIAN_POINT('',(63.033237,-4.04925,5.81000000000001));
#13088=CARTESIAN_POINT('',(63.169306,-4.00646000000001,5.81000000000001));
#13089=CARTESIAN_POINT('',(63.099168,-4.02311800000001,5.81000000000001));
#13090=CARTESIAN_POINT('',(63.249767,-4.,5.81000000000001));
#13091=CARTESIAN_POINT('',(63.169306,-4.00646000000001,5.81000000000001));
#13092=CARTESIAN_POINT('',(63.249767,-4.,5.81000000000001));
#13093=CARTESIAN_POINT('',(80.665266,-4.22165100000001,5.81000000000001));
#13094=CARTESIAN_POINT('',(80.621651,-4.16568500000001,5.81000000000001));
#13095=CARTESIAN_POINT('',(80.700703,-4.28356800000001,5.81000000000001));
#13096=CARTESIAN_POINT('',(80.665266,-4.22165100000001,5.81000000000001));
#13097=CARTESIAN_POINT('',(80.726801,-4.34951100000001,5.81000000000001));
#13098=CARTESIAN_POINT('',(80.700703,-4.28356800000001,5.81000000000001));
#13099=CARTESIAN_POINT('',(80.743424,-4.41965800000001,5.81000000000001));
#13100=CARTESIAN_POINT('',(80.726801,-4.34951100000001,5.81000000000001));
#13101=CARTESIAN_POINT('',(80.749844,-4.500121,5.81000000000001));
#13102=CARTESIAN_POINT('',(80.743424,-4.41965800000001,5.81000000000001));
#13103=CARTESIAN_POINT('',(80.749844,-5.75031100000001,5.81000000000001));
#13104=CARTESIAN_POINT('',(80.749844,-4.500121,5.81000000000001));
#13105=CARTESIAN_POINT('',(80.756304,-5.83077300000001,5.81000000000001));
#13106=CARTESIAN_POINT('',(80.749844,-5.75031100000001,5.81000000000001));
#13107=CARTESIAN_POINT('',(80.772962,-5.90091200000001,5.81000000000001));
#13108=CARTESIAN_POINT('',(80.756304,-5.83077300000001,5.81000000000001));
#13109=CARTESIAN_POINT('',(80.799094,-5.96684200000001,5.81000000000001));
#13110=CARTESIAN_POINT('',(80.772962,-5.90091200000001,5.81000000000001));
#13111=CARTESIAN_POINT('',(80.834561,-6.02874100000001,5.81000000000001));
#13112=CARTESIAN_POINT('',(80.799094,-5.96684200000001,5.81000000000001));
#13113=CARTESIAN_POINT('',(80.878205,-6.08468600000001,5.81000000000001));
#13114=CARTESIAN_POINT('',(80.834561,-6.02874100000001,5.81000000000001));
#13115=CARTESIAN_POINT('',(80.985874,-6.17490800000001,5.81000000000001));
#13116=CARTESIAN_POINT('',(80.878205,-6.08468600000001,5.81000000000001));
#13117=CARTESIAN_POINT('',(81.112551,-6.23110100000001,5.81000000000001));
#13118=CARTESIAN_POINT('',(80.985874,-6.17490800000001,5.81000000000001));
#13119=CARTESIAN_POINT('',(81.249965,-6.25018400000001,5.81000000000001));
#13120=CARTESIAN_POINT('',(81.112551,-6.23110100000001,5.81000000000001));
#13121=CARTESIAN_POINT('',(81.251999,-6.24866100000001,5.81000000000001));
#13122=CARTESIAN_POINT('',(81.249965,-6.25018400000001,5.81000000000001));
#13123=CARTESIAN_POINT('',(88.3628,-6.24866100000001,5.81000000000001));
#13124=CARTESIAN_POINT('',(81.251999,-6.24866100000001,5.81000000000001));
#13125=CARTESIAN_POINT('',(99.249916,-6.25018400000001,5.81000000000001));
#13126=CARTESIAN_POINT('',(88.3628,-6.24866100000001,5.81000000000001));
#13127=CARTESIAN_POINT('',(99.387322,-6.26933700000001,5.81000000000001));
#13128=CARTESIAN_POINT('',(99.249916,-6.25018400000001,5.81000000000001));
#13129=CARTESIAN_POINT('',(99.513973,-6.32559500000001,5.81000000000001));
#13130=CARTESIAN_POINT('',(99.387322,-6.26933700000001,5.81000000000001));
#13131=CARTESIAN_POINT('',(99.621599,-6.41587400000001,5.81000000000001));
#13132=CARTESIAN_POINT('',(99.513973,-6.32559500000001,5.81000000000001));
#13133=CARTESIAN_POINT('',(99.665214,-6.47184000000001,5.81000000000001));
#13134=CARTESIAN_POINT('',(99.621599,-6.41587400000001,5.81000000000001));
#13135=CARTESIAN_POINT('',(99.70065,-6.53375700000001,5.81000000000001));
#13136=CARTESIAN_POINT('',(99.665214,-6.47184000000001,5.81000000000001));
#13137=CARTESIAN_POINT('',(99.726748,-6.59970200000001,5.81000000000001));
#13138=CARTESIAN_POINT('',(99.70065,-6.53375700000001,5.81000000000001));
#13139=CARTESIAN_POINT('',(99.74337,-6.66985000000001,5.81000000000001));
#13140=CARTESIAN_POINT('',(99.726748,-6.59970200000001,5.81000000000001));
#13141=CARTESIAN_POINT('',(99.749789,-6.75005800000001,5.81000000000001));
#13142=CARTESIAN_POINT('',(99.74337,-6.66985000000001,5.81000000000001));
#13143=CARTESIAN_POINT('',(99.749789,-10.500359,5.81000000000001));
#13144=CARTESIAN_POINT('',(99.749789,-6.75005800000001,5.81000000000001));
#13145=CARTESIAN_POINT('',(99.756249,-10.58082,5.81000000000001));
#13146=CARTESIAN_POINT('',(99.749789,-10.500359,5.81000000000001));
#13147=CARTESIAN_POINT('',(99.772907,-10.650959,5.81000000000001));
#13148=CARTESIAN_POINT('',(99.756249,-10.58082,5.81000000000001));
#13149=CARTESIAN_POINT('',(99.799039,-10.71689,5.81000000000001));
#13150=CARTESIAN_POINT('',(99.772907,-10.650959,5.81000000000001));
#13151=CARTESIAN_POINT('',(99.834506,-10.778789,5.81000000000001));
#13152=CARTESIAN_POINT('',(99.799039,-10.71689,5.81000000000001));
#13153=CARTESIAN_POINT('',(99.87815,-10.834733,5.81000000000001));
#13154=CARTESIAN_POINT('',(99.834506,-10.778789,5.81000000000001));
#13155=CARTESIAN_POINT('',(99.985819,-10.924956,5.81000000000001));
#13156=CARTESIAN_POINT('',(99.87815,-10.834733,5.81000000000001));
#13157=CARTESIAN_POINT('',(100.112496,-10.981149,5.81000000000001));
#13158=CARTESIAN_POINT('',(99.985819,-10.924956,5.81000000000001));
#13159=CARTESIAN_POINT('',(100.249911,-11.000233,5.81000000000001));
#13160=CARTESIAN_POINT('',(100.112496,-10.981149,5.81000000000001));
#13161=CARTESIAN_POINT('',(100.251181,-10.998457,5.81000000000001));
#13162=CARTESIAN_POINT('',(100.249911,-11.000233,5.81000000000001));
#13163=CARTESIAN_POINT('',(137.249801,-11.000233,5.81000000000001));
#13164=CARTESIAN_POINT('',(100.251181,-10.998457,5.81000000000001));
#13165=CARTESIAN_POINT('',(137.387216,-11.019316,5.81000000000001));
#13166=CARTESIAN_POINT('',(137.249801,-11.000233,5.81000000000001));
#13167=CARTESIAN_POINT('',(137.513894,-11.07551,5.81000000000001));
#13168=CARTESIAN_POINT('',(137.387216,-11.019316,5.81000000000001));
#13169=CARTESIAN_POINT('',(137.621566,-11.165732,5.81000000000001));
#13170=CARTESIAN_POINT('',(137.513894,-11.07551,5.81000000000001));
#13171=CARTESIAN_POINT('',(137.66521,-11.221677,5.81000000000001));
#13172=CARTESIAN_POINT('',(137.621566,-11.165732,5.81000000000001));
#13173=CARTESIAN_POINT('',(137.700678,-11.283575,5.81000000000001));
#13174=CARTESIAN_POINT('',(137.66521,-11.221677,5.81000000000001));
#13175=CARTESIAN_POINT('',(137.72681,-11.349506,5.81000000000001));
#13176=CARTESIAN_POINT('',(137.700678,-11.283575,5.81000000000001));
#13177=CARTESIAN_POINT('',(137.743468,-11.419644,5.81000000000001));
#13178=CARTESIAN_POINT('',(137.72681,-11.349506,5.81000000000001));
#13179=CARTESIAN_POINT('',(137.743468,-11.419644,5.81000000000001));
#13180=CARTESIAN_POINT('',(21.4498,-82.821341,5.81000000000001));
#13181=CARTESIAN_POINT('Origin',(21.4498,-83.771341,5.81000000000001));
#13182=CARTESIAN_POINT('',(12.55384,-80.963086,5.81000000000001));
#13183=CARTESIAN_POINT('',(14.35384,-84.080778,5.81000000000001));
#13184=CARTESIAN_POINT('',(12.55384,-80.963086,5.81000000000001));
#13185=CARTESIAN_POINT('',(17.038518,-82.530778,5.81000000000001));
#13186=CARTESIAN_POINT('',(14.35384,-84.080778,5.81000000000001));
#13187=CARTESIAN_POINT('',(15.238518,-79.413086,5.81000000000001));
#13188=CARTESIAN_POINT('',(17.038518,-82.530778,5.81000000000001));
#13189=CARTESIAN_POINT('',(15.238518,-79.413086,5.81000000000001));
#13190=CARTESIAN_POINT('',(18.9098,-77.321932,5.81000000000001));
#13191=CARTESIAN_POINT('Origin',(18.9098,-79.371932,5.81000000000001));
#13192=CARTESIAN_POINT('',(16.3698,-74.022523,5.81000000000001));
#13193=CARTESIAN_POINT('Origin',(16.3698,-74.972523,5.81000000000001));
#13194=CARTESIAN_POINT('',(24.579209,-77.531637,5.81000000000001));
#13195=CARTESIAN_POINT('Origin',(24.579209,-79.031637,5.81000000000001));
#13196=CARTESIAN_POINT('',(36.252897,-75.986733,5.81000000000001));
#13197=CARTESIAN_POINT('Origin',(36.252897,-76.936733,5.81000000000001));
#13198=CARTESIAN_POINT('',(19.204505,-73.302375,5.81000000000001));
#13199=CARTESIAN_POINT('Origin',(19.204505,-74.802375,5.81000000000001));
#13200=CARTESIAN_POINT('',(6.4638,-65.906932,5.81000000000001));
#13201=CARTESIAN_POINT('Origin',(6.4638,-67.006932,5.81000000000001));
#13202=CARTESIAN_POINT('',(29.4348,-71.216932,5.81000000000001));
#13203=CARTESIAN_POINT('Origin',(29.4348,-73.366932,5.81000000000001));
#13204=CARTESIAN_POINT('',(36.822222,-72.654581,5.81000000000001));
#13205=CARTESIAN_POINT('Origin',(36.822222,-74.154581,5.81000000000001));
#13206=CARTESIAN_POINT('',(40.249354,-79.178769,5.81000000000001));
#13207=CARTESIAN_POINT('',(41.051693,-82.173139,5.81000000000001));
#13208=CARTESIAN_POINT('',(40.249354,-79.178769,5.81000000000001));
#13209=CARTESIAN_POINT('',(44.529026,-81.241391,5.81000000000001));
#13210=CARTESIAN_POINT('',(41.051693,-82.173139,5.81000000000001));
#13211=CARTESIAN_POINT('',(43.726687,-78.247021,5.81000000000001));
#13212=CARTESIAN_POINT('',(44.529026,-81.241391,5.81000000000001));
#13213=CARTESIAN_POINT('',(43.726687,-78.247021,5.81000000000001));
#13214=CARTESIAN_POINT('',(41.1598,-73.571932,5.81000000000001));
#13215=CARTESIAN_POINT('Origin',(41.1598,-75.621932,5.81000000000001));
#13216=CARTESIAN_POINT('',(60.3528,-79.176932,5.81000000000001));
#13217=CARTESIAN_POINT('',(63.9528,-79.176932,5.81000000000001));
#13218=CARTESIAN_POINT('',(60.3528,-79.176932,5.81000000000001));
#13219=CARTESIAN_POINT('',(63.9528,-76.076932,5.81000000000001));
#13220=CARTESIAN_POINT('',(63.9528,-79.176932,5.81000000000001));
#13221=CARTESIAN_POINT('',(60.3528,-76.076932,5.81000000000001));
#13222=CARTESIAN_POINT('',(63.9528,-76.076932,5.81000000000001));
#13223=CARTESIAN_POINT('',(60.3528,-76.076932,5.81000000000001));
#13224=CARTESIAN_POINT('',(42.298451,-68.557628,5.81000000000001));
#13225=CARTESIAN_POINT('Origin',(42.298451,-70.057628,5.81000000000001));
#13226=CARTESIAN_POINT('',(46.066703,-73.357131,5.81000000000001));
#13227=CARTESIAN_POINT('Origin',(46.066703,-74.307131,5.81000000000001));
#13228=CARTESIAN_POINT('',(57.0798,-71.921932,5.81000000000001));
#13229=CARTESIAN_POINT('Origin',(57.0798,-72.871932,5.81000000000001));
#13230=CARTESIAN_POINT('',(58.3498,-68.831932,5.81000000000001));
#13231=CARTESIAN_POINT('Origin',(58.3498,-70.331932,5.81000000000001));
#13232=CARTESIAN_POINT('',(62.1598,-70.821932,5.81000000000001));
#13233=CARTESIAN_POINT('Origin',(62.1598,-72.871932,5.81000000000001));
#13234=CARTESIAN_POINT('',(67.2398,-71.921932,5.81000000000001));
#13235=CARTESIAN_POINT('Origin',(67.2398,-72.871932,5.81000000000001));
#13236=CARTESIAN_POINT('',(64.6998,-66.291932,5.81000000000001));
#13237=CARTESIAN_POINT('Origin',(64.6998,-67.791932,5.81000000000001));
#13238=CARTESIAN_POINT('',(16.6328,-60.091932,5.81000000000001));
#13239=CARTESIAN_POINT('',(16.6328,-61.091932,5.81000000000001));
#13240=CARTESIAN_POINT('Origin',(16.6328,-60.591932,5.81000000000001));
#13241=CARTESIAN_POINT('',(16.1328,-60.091932,5.81000000000001));
#13242=CARTESIAN_POINT('',(53.0777815,-60.091932,5.81000000000001));
#13243=CARTESIAN_POINT('',(16.1328,-61.091932,5.81000000000001));
#13244=CARTESIAN_POINT('Origin',(16.1328,-60.591932,5.81000000000001));
#13245=CARTESIAN_POINT('',(52.8277815,-61.091932,5.81000000000001));
#13246=CARTESIAN_POINT('',(6.0828,-57.891932,5.81000000000001));
#13247=CARTESIAN_POINT('Origin',(6.0828,-58.491932,5.81000000000001));
#13248=CARTESIAN_POINT('',(13.0828,-57.891932,5.81000000000001));
#13249=CARTESIAN_POINT('Origin',(13.0828,-58.491932,5.81000000000001));
#13250=CARTESIAN_POINT('',(8.1328,-55.891932,5.81000000000001));
#13251=CARTESIAN_POINT('',(8.1328,-56.891932,5.81000000000001));
#13252=CARTESIAN_POINT('Origin',(8.1328,-56.391932,5.81000000000001));
#13253=CARTESIAN_POINT('',(7.63280000000001,-55.891932,5.81000000000001));
#13254=CARTESIAN_POINT('',(48.8277815,-55.891932,5.81000000000001));
#13255=CARTESIAN_POINT('',(7.63280000000001,-56.891932,5.81000000000001));
#13256=CARTESIAN_POINT('Origin',(7.63280000000001,-56.391932,5.81000000000001));
#13257=CARTESIAN_POINT('',(48.5777815,-56.891932,5.81000000000001));
#13258=CARTESIAN_POINT('',(11.1328,-55.891932,5.81000000000001));
#13259=CARTESIAN_POINT('',(11.1328,-56.891932,5.81000000000001));
#13260=CARTESIAN_POINT('Origin',(11.1328,-56.391932,5.81000000000001));
#13261=CARTESIAN_POINT('',(10.6328,-55.891932,5.81000000000001));
#13262=CARTESIAN_POINT('',(50.3277815,-55.891932,5.81000000000001));
#13263=CARTESIAN_POINT('',(10.6328,-56.891932,5.81000000000001));
#13264=CARTESIAN_POINT('Origin',(10.6328,-56.391932,5.81000000000001));
#13265=CARTESIAN_POINT('',(50.0777815,-56.891932,5.81000000000001));
#13266=CARTESIAN_POINT('',(20.8958,-57.385932,5.81000000000001));
#13267=CARTESIAN_POINT('Origin',(20.8958,-58.485932,5.81000000000001));
#13268=CARTESIAN_POINT('',(15.1328,-55.891932,5.81000000000001));
#13269=CARTESIAN_POINT('',(15.1328,-56.891932,5.81000000000001));
#13270=CARTESIAN_POINT('Origin',(15.1328,-56.391932,5.81000000000001));
#13271=CARTESIAN_POINT('',(14.6328,-55.891932,5.81000000000001));
#13272=CARTESIAN_POINT('',(52.3277815,-55.891932,5.81000000000001));
#13273=CARTESIAN_POINT('',(14.6328,-56.891932,5.81000000000001));
#13274=CARTESIAN_POINT('Origin',(14.6328,-56.391932,5.81000000000001));
#13275=CARTESIAN_POINT('',(52.0777815,-56.891932,5.81000000000001));
#13276=CARTESIAN_POINT('',(31.8528,-61.926932,5.81000000000001));
#13277=CARTESIAN_POINT('',(35.4528,-61.926932,5.81000000000001));
#13278=CARTESIAN_POINT('',(31.8528,-61.926932,5.81000000000001));
#13279=CARTESIAN_POINT('',(35.4528,-58.826932,5.81000000000001));
#13280=CARTESIAN_POINT('',(35.4528,-61.926932,5.81000000000001));
#13281=CARTESIAN_POINT('',(31.8528,-58.826932,5.81000000000001));
#13282=CARTESIAN_POINT('',(35.4528,-58.826932,5.81000000000001));
#13283=CARTESIAN_POINT('',(31.8528,-58.826932,5.81000000000001));
#13284=CARTESIAN_POINT('',(28.5798,-54.671932,5.81000000000001));
#13285=CARTESIAN_POINT('Origin',(28.5798,-55.621932,5.81000000000001));
#13286=CARTESIAN_POINT('',(33.6598,-53.571932,5.81000000000001));
#13287=CARTESIAN_POINT('Origin',(33.6598,-55.621932,5.81000000000001));
#13288=CARTESIAN_POINT('',(6.34979999999999,-53.343932,5.81000000000001));
#13289=CARTESIAN_POINT('Origin',(6.3498,-53.993932,5.81000000000001));
#13290=CARTESIAN_POINT('',(10.2228,-50.835532,5.81000000000001));
#13291=CARTESIAN_POINT('Origin',(10.2228,-51.241932,5.81000000000001));
#13292=CARTESIAN_POINT('',(12.7628,-50.835532,5.81000000000001));
#13293=CARTESIAN_POINT('Origin',(12.7628,-51.241932,5.81000000000001));
#13294=CARTESIAN_POINT('',(15.3028,-50.835532,5.81000000000001));
#13295=CARTESIAN_POINT('Origin',(15.3028,-51.241932,5.81000000000001));
#13296=CARTESIAN_POINT('',(17.8428,-50.835532,5.81000000000001));
#13297=CARTESIAN_POINT('Origin',(17.8428,-51.241932,5.81000000000001));
#13298=CARTESIAN_POINT('',(6.34979999999999,-46.843932,5.81000000000001));
#13299=CARTESIAN_POINT('Origin',(6.3498,-47.493932,5.81000000000001));
#13300=CARTESIAN_POINT('',(29.8498,-51.581932,5.81000000000001));
#13301=CARTESIAN_POINT('Origin',(29.8498,-53.081932,5.81000000000001));
#13302=CARTESIAN_POINT('',(36.1998,-49.041932,5.81000000000001));
#13303=CARTESIAN_POINT('Origin',(36.1998,-50.541932,5.81000000000001));
#13304=CARTESIAN_POINT('',(38.7398,-54.671932,5.81000000000001));
#13305=CARTESIAN_POINT('Origin',(38.7398,-55.621932,5.81000000000001));
#13306=CARTESIAN_POINT('',(50.8528,-59.551932,5.81000000000001));
#13307=CARTESIAN_POINT('',(54.4528,-59.551932,5.81000000000001));
#13308=CARTESIAN_POINT('',(50.8528,-59.551932,5.81000000000001));
#13309=CARTESIAN_POINT('',(54.4528,-56.451932,5.81000000000001));
#13310=CARTESIAN_POINT('',(54.4528,-59.551932,5.81000000000001));
#13311=CARTESIAN_POINT('',(50.8528,-56.451932,5.81000000000001));
#13312=CARTESIAN_POINT('',(54.4528,-56.451932,5.81000000000001));
#13313=CARTESIAN_POINT('',(50.8528,-56.451932,5.81000000000001));
#13314=CARTESIAN_POINT('',(47.5798,-52.296932,5.81000000000001));
#13315=CARTESIAN_POINT('Origin',(47.5798,-53.246932,5.81000000000001));
#13316=CARTESIAN_POINT('',(52.6598,-51.196932,5.81000000000001));
#13317=CARTESIAN_POINT('Origin',(52.6598,-53.246932,5.81000000000001));
#13318=CARTESIAN_POINT('',(48.8498,-49.206932,5.81000000000001));
#13319=CARTESIAN_POINT('Origin',(48.8498,-50.706932,5.81000000000001));
#13320=CARTESIAN_POINT('',(57.7398,-52.296932,5.81000000000001));
#13321=CARTESIAN_POINT('Origin',(57.7398,-53.246932,5.81000000000001));
#13322=CARTESIAN_POINT('',(66.5798,-49.921932,5.81000000000001));
#13323=CARTESIAN_POINT('Origin',(66.5798,-50.871932,5.81000000000001));
#13324=CARTESIAN_POINT('',(55.1998,-46.666932,5.81000000000001));
#13325=CARTESIAN_POINT('Origin',(55.1998,-48.166932,5.81000000000001));
#13326=CARTESIAN_POINT('',(67.8498,-46.831932,5.81000000000001));
#13327=CARTESIAN_POINT('Origin',(67.8498,-48.331932,5.81000000000001));
#13328=CARTESIAN_POINT('',(76.0008,-63.602432,5.81000000000001));
#13329=CARTESIAN_POINT('Origin',(76.0008,-65.752432,5.81000000000001));
#13330=CARTESIAN_POINT('',(69.8528,-57.176932,5.81000000000001));
#13331=CARTESIAN_POINT('',(73.4528,-57.176932,5.81000000000001));
#13332=CARTESIAN_POINT('',(69.8528,-57.176932,5.81000000000001));
#13333=CARTESIAN_POINT('',(73.4528,-54.076932,5.81000000000001));
#13334=CARTESIAN_POINT('',(73.4528,-57.176932,5.81000000000001));
#13335=CARTESIAN_POINT('',(69.8528,-54.076932,5.81000000000001));
#13336=CARTESIAN_POINT('',(73.4528,-54.076932,5.81000000000001));
#13337=CARTESIAN_POINT('',(69.8528,-54.076932,5.81000000000001));
#13338=CARTESIAN_POINT('',(88.8528,-59.551932,5.81000000000001));
#13339=CARTESIAN_POINT('',(92.4528,-59.551932,5.81000000000001));
#13340=CARTESIAN_POINT('',(88.8528,-59.551932,5.81000000000001));
#13341=CARTESIAN_POINT('',(92.4528,-56.451932,5.81000000000001));
#13342=CARTESIAN_POINT('',(92.4528,-59.551932,5.81000000000001));
#13343=CARTESIAN_POINT('',(88.8528,-56.451932,5.81000000000001));
#13344=CARTESIAN_POINT('',(92.4528,-56.451932,5.81000000000001));
#13345=CARTESIAN_POINT('',(88.8528,-56.451932,5.81000000000001));
#13346=CARTESIAN_POINT('',(71.6598,-48.821932,5.81000000000001));
#13347=CARTESIAN_POINT('Origin',(71.6598,-50.871932,5.81000000000001));
#13348=CARTESIAN_POINT('',(76.7398,-49.921932,5.81000000000001));
#13349=CARTESIAN_POINT('Origin',(76.7398,-50.871932,5.81000000000001));
#13350=CARTESIAN_POINT('',(85.5798,-52.296932,5.81000000000001));
#13351=CARTESIAN_POINT('Origin',(85.5798,-53.246932,5.81000000000001));
#13352=CARTESIAN_POINT('',(74.1998,-44.291932,5.81000000000001));
#13353=CARTESIAN_POINT('Origin',(74.1998,-45.791932,5.81000000000001));
#13354=CARTESIAN_POINT('',(90.6598,-51.196932,5.81000000000001));
#13355=CARTESIAN_POINT('Origin',(90.6598,-53.246932,5.81000000000001));
#13356=CARTESIAN_POINT('',(86.8498,-49.206932,5.81000000000001));
#13357=CARTESIAN_POINT('Origin',(86.8498,-50.706932,5.81000000000001));
#13358=CARTESIAN_POINT('',(95.7398,-52.296932,5.81000000000001));
#13359=CARTESIAN_POINT('Origin',(95.7398,-53.246932,5.81000000000001));
#13360=CARTESIAN_POINT('',(93.1998,-46.666932,5.81000000000001));
#13361=CARTESIAN_POINT('Origin',(93.1998,-48.166932,5.81000000000001));
#13362=CARTESIAN_POINT('',(107.8528,-64.301932,5.81000000000001));
#13363=CARTESIAN_POINT('',(111.4528,-64.301932,5.81000000000001));
#13364=CARTESIAN_POINT('',(107.8528,-64.301932,5.81000000000001));
#13365=CARTESIAN_POINT('',(111.4528,-61.201932,5.81000000000001));
#13366=CARTESIAN_POINT('',(111.4528,-64.301932,5.81000000000001));
#13367=CARTESIAN_POINT('',(107.8528,-61.201932,5.81000000000001));
#13368=CARTESIAN_POINT('',(111.4528,-61.201932,5.81000000000001));
#13369=CARTESIAN_POINT('',(107.8528,-61.201932,5.81000000000001));
#13370=CARTESIAN_POINT('',(104.5798,-57.046932,5.81000000000001));
#13371=CARTESIAN_POINT('Origin',(104.5798,-57.996932,5.81000000000001));
#13372=CARTESIAN_POINT('',(109.6598,-55.946932,5.81000000000001));
#13373=CARTESIAN_POINT('Origin',(109.6598,-57.996932,5.81000000000001));
#13374=CARTESIAN_POINT('',(105.8498,-53.956932,5.81000000000001));
#13375=CARTESIAN_POINT('Origin',(105.8498,-55.456932,5.81000000000001));
#13376=CARTESIAN_POINT('',(114.7398,-57.046932,5.81000000000001));
#13377=CARTESIAN_POINT('Origin',(114.7398,-57.996932,5.81000000000001));
#13378=CARTESIAN_POINT('',(126.8528,-64.301932,5.81000000000001));
#13379=CARTESIAN_POINT('',(130.4528,-64.301932,5.81000000000001));
#13380=CARTESIAN_POINT('',(126.8528,-64.301932,5.81000000000001));
#13381=CARTESIAN_POINT('',(130.4528,-61.201932,5.81000000000001));
#13382=CARTESIAN_POINT('',(130.4528,-64.301932,5.81000000000001));
#13383=CARTESIAN_POINT('',(126.8528,-61.201932,5.81000000000001));
#13384=CARTESIAN_POINT('',(130.4528,-61.201932,5.81000000000001));
#13385=CARTESIAN_POINT('',(126.8528,-61.201932,5.81000000000001));
#13386=CARTESIAN_POINT('',(123.5798,-57.046932,5.81000000000001));
#13387=CARTESIAN_POINT('Origin',(123.5798,-57.996932,5.81000000000001));
#13388=CARTESIAN_POINT('',(124.8498,-53.956932,5.81000000000001));
#13389=CARTESIAN_POINT('Origin',(124.8498,-55.456932,5.81000000000001));
#13390=CARTESIAN_POINT('',(128.6598,-55.946932,5.81000000000001));
#13391=CARTESIAN_POINT('Origin',(128.6598,-57.996932,5.81000000000001));
#13392=CARTESIAN_POINT('',(133.7398,-57.046932,5.81000000000001));
#13393=CARTESIAN_POINT('Origin',(133.7398,-57.996932,5.81000000000001));
#13394=CARTESIAN_POINT('',(112.1998,-51.416932,5.81000000000001));
#13395=CARTESIAN_POINT('Origin',(112.1998,-52.916932,5.81000000000001));
#13396=CARTESIAN_POINT('',(131.1998,-51.416932,5.81000000000001));
#13397=CARTESIAN_POINT('Origin',(131.1998,-52.916932,5.81000000000001));
#13398=CARTESIAN_POINT('',(119.1448,-46.337432,5.81000000000001));
#13399=CARTESIAN_POINT('Origin',(119.1448,-48.487432,5.81000000000001));
#13400=CARTESIAN_POINT('',(6.42420000000001,-43.667532,5.81000000000001));
#13401=CARTESIAN_POINT('Origin',(6.42420000000001,-44.073932,5.81000000000001));
#13402=CARTESIAN_POINT('',(6.42420000000001,-41.127532,5.81000000000001));
#13403=CARTESIAN_POINT('Origin',(6.42420000000001,-41.533932,5.81000000000001));
#13404=CARTESIAN_POINT('',(6.42420000000001,-38.587532,5.81000000000001));
#13405=CARTESIAN_POINT('Origin',(6.42420000000001,-38.993932,5.81000000000001));
#13406=CARTESIAN_POINT('',(6.42420000000001,-36.047532,5.81000000000001));
#13407=CARTESIAN_POINT('Origin',(6.42420000000001,-36.453932,5.81000000000001));
#13408=CARTESIAN_POINT('',(21.6442,-43.667532,5.81000000000001));
#13409=CARTESIAN_POINT('Origin',(21.6442,-44.073932,5.81000000000001));
#13410=CARTESIAN_POINT('',(21.6442,-41.127532,5.81000000000001));
#13411=CARTESIAN_POINT('Origin',(21.6442,-41.533932,5.81000000000001));
#13412=CARTESIAN_POINT('',(31.8528,-42.926932,5.81000000000001));
#13413=CARTESIAN_POINT('',(35.4528,-42.926932,5.81000000000001));
#13414=CARTESIAN_POINT('',(31.8528,-42.926932,5.81000000000001));
#13415=CARTESIAN_POINT('',(35.4528,-39.826932,5.81000000000001));
#13416=CARTESIAN_POINT('',(35.4528,-42.926932,5.81000000000001));
#13417=CARTESIAN_POINT('',(31.8528,-39.826932,5.81000000000001));
#13418=CARTESIAN_POINT('',(35.4528,-39.826932,5.81000000000001));
#13419=CARTESIAN_POINT('',(31.8528,-39.826932,5.81000000000001));
#13420=CARTESIAN_POINT('',(21.6442,-38.587532,5.81000000000001));
#13421=CARTESIAN_POINT('Origin',(21.6442,-38.993932,5.81000000000001));
#13422=CARTESIAN_POINT('',(21.6442,-36.047532,5.81000000000001));
#13423=CARTESIAN_POINT('Origin',(21.6442,-36.453932,5.81000000000001));
#13424=CARTESIAN_POINT('',(28.5798,-35.671932,5.81000000000001));
#13425=CARTESIAN_POINT('Origin',(28.5798,-36.621932,5.81000000000001));
#13426=CARTESIAN_POINT('',(33.6598,-34.571932,5.81000000000001));
#13427=CARTESIAN_POINT('Origin',(33.6598,-36.621932,5.81000000000001));
#13428=CARTESIAN_POINT('',(6.42420000000001,-33.507532,5.81000000000001));
#13429=CARTESIAN_POINT('Origin',(6.42420000000001,-33.913932,5.81000000000001));
#13430=CARTESIAN_POINT('',(6.42420000000001,-30.967532,5.81000000000001));
#13431=CARTESIAN_POINT('Origin',(6.42420000000001,-31.373932,5.81000000000001));
#13432=CARTESIAN_POINT('',(6.42420000000001,-28.427532,5.81000000000001));
#13433=CARTESIAN_POINT('Origin',(6.42420000000001,-28.833932,5.81000000000001));
#13434=CARTESIAN_POINT('',(6.42420000000001,-25.887532,5.81000000000001));
#13435=CARTESIAN_POINT('Origin',(6.42420000000001,-26.293932,5.81000000000001));
#13436=CARTESIAN_POINT('',(21.6442,-33.507532,5.81000000000001));
#13437=CARTESIAN_POINT('Origin',(21.6442,-33.913932,5.81000000000001));
#13438=CARTESIAN_POINT('',(21.6442,-30.967532,5.81000000000001));
#13439=CARTESIAN_POINT('Origin',(21.6442,-31.373932,5.81000000000001));
#13440=CARTESIAN_POINT('',(29.8498,-32.581932,5.81000000000001));
#13441=CARTESIAN_POINT('Origin',(29.8498,-34.081932,5.81000000000001));
#13442=CARTESIAN_POINT('',(36.1998,-30.041932,5.81000000000001));
#13443=CARTESIAN_POINT('Origin',(36.1998,-31.541932,5.81000000000001));
#13444=CARTESIAN_POINT('',(21.6442,-28.427532,5.81000000000001));
#13445=CARTESIAN_POINT('Origin',(21.6442,-28.833932,5.81000000000001));
#13446=CARTESIAN_POINT('',(21.6442,-25.887532,5.81000000000001));
#13447=CARTESIAN_POINT('Origin',(21.6442,-26.293932,5.81000000000001));
#13448=CARTESIAN_POINT('',(38.7398,-35.671932,5.81000000000001));
#13449=CARTESIAN_POINT('Origin',(38.7398,-36.621932,5.81000000000001));
#13450=CARTESIAN_POINT('',(50.8528,-40.551932,5.81000000000001));
#13451=CARTESIAN_POINT('',(54.4528,-40.551932,5.81000000000001));
#13452=CARTESIAN_POINT('',(50.8528,-40.551932,5.81000000000001));
#13453=CARTESIAN_POINT('',(54.4528,-37.451932,5.81000000000001));
#13454=CARTESIAN_POINT('',(54.4528,-40.551932,5.81000000000001));
#13455=CARTESIAN_POINT('',(50.8528,-37.451932,5.81000000000001));
#13456=CARTESIAN_POINT('',(54.4528,-37.451932,5.81000000000001));
#13457=CARTESIAN_POINT('',(50.8528,-37.451932,5.81000000000001));
#13458=CARTESIAN_POINT('',(47.5798,-33.296932,5.81000000000001));
#13459=CARTESIAN_POINT('Origin',(47.5798,-34.246932,5.81000000000001));
#13460=CARTESIAN_POINT('',(52.6598,-32.196932,5.81000000000001));
#13461=CARTESIAN_POINT('Origin',(52.6598,-34.246932,5.81000000000001));
#13462=CARTESIAN_POINT('',(48.8498,-30.206932,5.81000000000001));
#13463=CARTESIAN_POINT('Origin',(48.8498,-31.706932,5.81000000000001));
#13464=CARTESIAN_POINT('',(43.1898,-23.847432,5.81000000000001));
#13465=CARTESIAN_POINT('Origin',(43.1898,-25.997432,5.81000000000001));
#13466=CARTESIAN_POINT('',(57.7398,-33.296932,5.81000000000001));
#13467=CARTESIAN_POINT('Origin',(57.7398,-34.246932,5.81000000000001));
#13468=CARTESIAN_POINT('',(66.5798,-30.921932,5.81000000000001));
#13469=CARTESIAN_POINT('Origin',(66.5798,-31.871932,5.81000000000001));
#13470=CARTESIAN_POINT('',(55.1998,-27.666932,5.81000000000001));
#13471=CARTESIAN_POINT('Origin',(55.1998,-29.166932,5.81000000000001));
#13472=CARTESIAN_POINT('',(67.8498,-27.831932,5.81000000000001));
#13473=CARTESIAN_POINT('Origin',(67.8498,-29.331932,5.81000000000001));
#13474=CARTESIAN_POINT('',(6.42420000000001,-23.347532,5.81000000000001));
#13475=CARTESIAN_POINT('Origin',(6.42420000000001,-23.753932,5.81000000000001));
#13476=CARTESIAN_POINT('',(6.42420000000001,-20.807532,5.81000000000001));
#13477=CARTESIAN_POINT('Origin',(6.42420000000001,-21.213932,5.81000000000001));
#13478=CARTESIAN_POINT('',(6.42420000000001,-18.267532,5.81000000000001));
#13479=CARTESIAN_POINT('Origin',(6.42420000000001,-18.673932,5.81000000000001));
#13480=CARTESIAN_POINT('',(6.42420000000001,-15.727532,5.81000000000001));
#13481=CARTESIAN_POINT('Origin',(6.42420000000001,-16.133932,5.81000000000001));
#13482=CARTESIAN_POINT('',(21.6442,-23.347532,5.81000000000001));
#13483=CARTESIAN_POINT('Origin',(21.6442,-23.753932,5.81000000000001));
#13484=CARTESIAN_POINT('',(21.6442,-20.807532,5.81000000000001));
#13485=CARTESIAN_POINT('Origin',(21.6442,-21.213932,5.81000000000001));
#13486=CARTESIAN_POINT('',(31.8528,-23.926932,5.81000000000001));
#13487=CARTESIAN_POINT('',(35.4528,-23.926932,5.81000000000001));
#13488=CARTESIAN_POINT('',(31.8528,-23.926932,5.81000000000001));
#13489=CARTESIAN_POINT('',(35.4528,-20.826932,5.81000000000001));
#13490=CARTESIAN_POINT('',(35.4528,-23.926932,5.81000000000001));
#13491=CARTESIAN_POINT('',(31.8528,-20.826932,5.81000000000001));
#13492=CARTESIAN_POINT('',(35.4528,-20.826932,5.81000000000001));
#13493=CARTESIAN_POINT('',(31.8528,-20.826932,5.81000000000001));
#13494=CARTESIAN_POINT('',(21.6442,-18.267532,5.81000000000001));
#13495=CARTESIAN_POINT('Origin',(21.6442,-18.673932,5.81000000000001));
#13496=CARTESIAN_POINT('',(21.6442,-15.727532,5.81000000000001));
#13497=CARTESIAN_POINT('Origin',(21.6442,-16.133932,5.81000000000001));
#13498=CARTESIAN_POINT('',(28.5728,-16.676932,5.81000000000001));
#13499=CARTESIAN_POINT('Origin',(28.5728,-17.626932,5.81000000000001));
#13500=CARTESIAN_POINT('',(33.6528,-15.576932,5.81000000000001));
#13501=CARTESIAN_POINT('Origin',(33.6528,-17.626932,5.81000000000001));
#13502=CARTESIAN_POINT('',(29.8428,-13.586932,5.81000000000001));
#13503=CARTESIAN_POINT('Origin',(29.8428,-15.086932,5.81000000000001));
#13504=CARTESIAN_POINT('',(36.1928,-11.046932,5.81000000000001));
#13505=CARTESIAN_POINT('Origin',(36.1928,-12.546932,5.81000000000001));
#13506=CARTESIAN_POINT('',(38.7328,-16.676932,5.81000000000001));
#13507=CARTESIAN_POINT('Origin',(38.7328,-17.626932,5.81000000000001));
#13508=CARTESIAN_POINT('',(50.8528,-21.551932,5.81000000000001));
#13509=CARTESIAN_POINT('',(54.4528,-21.551932,5.81000000000001));
#13510=CARTESIAN_POINT('',(50.8528,-21.551932,5.81000000000001));
#13511=CARTESIAN_POINT('',(54.4528,-18.451932,5.81000000000001));
#13512=CARTESIAN_POINT('',(54.4528,-21.551932,5.81000000000001));
#13513=CARTESIAN_POINT('',(50.8528,-18.451932,5.81000000000001));
#13514=CARTESIAN_POINT('',(54.4528,-18.451932,5.81000000000001));
#13515=CARTESIAN_POINT('',(50.8528,-18.451932,5.81000000000001));
#13516=CARTESIAN_POINT('',(47.5798,-14.296932,5.81000000000001));
#13517=CARTESIAN_POINT('Origin',(47.5798,-15.246932,5.81000000000001));
#13518=CARTESIAN_POINT('',(52.6598,-13.196932,5.81000000000001));
#13519=CARTESIAN_POINT('Origin',(52.6598,-15.246932,5.81000000000001));
#13520=CARTESIAN_POINT('',(48.8498,-11.206932,5.81000000000001));
#13521=CARTESIAN_POINT('Origin',(48.8498,-12.706932,5.81000000000001));
#13522=CARTESIAN_POINT('',(57.7398,-14.296932,5.81000000000001));
#13523=CARTESIAN_POINT('Origin',(57.7398,-15.246932,5.81000000000001));
#13524=CARTESIAN_POINT('',(66.5798,-11.921932,5.81000000000001));
#13525=CARTESIAN_POINT('Origin',(66.5798,-12.871932,5.81000000000001));
#13526=CARTESIAN_POINT('',(55.1998,-8.66693200000001,5.81000000000001));
#13527=CARTESIAN_POINT('Origin',(55.1998,-10.166932,5.81000000000001));
#13528=CARTESIAN_POINT('',(67.8498,-8.83193200000001,5.81000000000001));
#13529=CARTESIAN_POINT('Origin',(67.8498,-10.331932,5.81000000000001));
#13530=CARTESIAN_POINT('',(69.8528,-38.176932,5.81000000000001));
#13531=CARTESIAN_POINT('',(73.4528,-38.176932,5.81000000000001));
#13532=CARTESIAN_POINT('',(69.8528,-38.176932,5.81000000000001));
#13533=CARTESIAN_POINT('',(73.4528,-35.076932,5.81000000000001));
#13534=CARTESIAN_POINT('',(73.4528,-38.176932,5.81000000000001));
#13535=CARTESIAN_POINT('',(69.8528,-35.076932,5.81000000000001));
#13536=CARTESIAN_POINT('',(73.4528,-35.076932,5.81000000000001));
#13537=CARTESIAN_POINT('',(69.8528,-35.076932,5.81000000000001));
#13538=CARTESIAN_POINT('',(88.8528,-40.551932,5.81000000000001));
#13539=CARTESIAN_POINT('',(92.4528,-40.551932,5.81000000000001));
#13540=CARTESIAN_POINT('',(88.8528,-40.551932,5.81000000000001));
#13541=CARTESIAN_POINT('',(92.4528,-37.451932,5.81000000000001));
#13542=CARTESIAN_POINT('',(92.4528,-40.551932,5.81000000000001));
#13543=CARTESIAN_POINT('',(88.8528,-37.451932,5.81000000000001));
#13544=CARTESIAN_POINT('',(92.4528,-37.451932,5.81000000000001));
#13545=CARTESIAN_POINT('',(88.8528,-37.451932,5.81000000000001));
#13546=CARTESIAN_POINT('',(71.6598,-29.821932,5.81000000000001));
#13547=CARTESIAN_POINT('Origin',(71.6598,-31.871932,5.81000000000001));
#13548=CARTESIAN_POINT('',(76.7398,-30.921932,5.81000000000001));
#13549=CARTESIAN_POINT('Origin',(76.7398,-31.871932,5.81000000000001));
#13550=CARTESIAN_POINT('',(85.5798,-33.296932,5.81000000000001));
#13551=CARTESIAN_POINT('Origin',(85.5798,-34.246932,5.81000000000001));
#13552=CARTESIAN_POINT('',(74.1998,-25.291932,5.81000000000001));
#13553=CARTESIAN_POINT('Origin',(74.1998,-26.791932,5.81000000000001));
#13554=CARTESIAN_POINT('',(90.6598,-32.196932,5.81000000000001));
#13555=CARTESIAN_POINT('Origin',(90.6598,-34.246932,5.81000000000001));
#13556=CARTESIAN_POINT('',(86.8498,-30.206932,5.81000000000001));
#13557=CARTESIAN_POINT('Origin',(86.8498,-31.706932,5.81000000000001));
#13558=CARTESIAN_POINT('',(95.7398,-33.296932,5.81000000000001));
#13559=CARTESIAN_POINT('Origin',(95.7398,-34.246932,5.81000000000001));
#13560=CARTESIAN_POINT('',(93.1998,-27.666932,5.81000000000001));
#13561=CARTESIAN_POINT('Origin',(93.1998,-29.166932,5.81000000000001));
#13562=CARTESIAN_POINT('',(107.8528,-45.301932,5.81000000000001));
#13563=CARTESIAN_POINT('',(111.4528,-45.301932,5.81000000000001));
#13564=CARTESIAN_POINT('',(107.8528,-45.301932,5.81000000000001));
#13565=CARTESIAN_POINT('',(111.4528,-42.201932,5.81000000000001));
#13566=CARTESIAN_POINT('',(111.4528,-45.301932,5.81000000000001));
#13567=CARTESIAN_POINT('',(107.8528,-42.201932,5.81000000000001));
#13568=CARTESIAN_POINT('',(111.4528,-42.201932,5.81000000000001));
#13569=CARTESIAN_POINT('',(107.8528,-42.201932,5.81000000000001));
#13570=CARTESIAN_POINT('',(104.5798,-38.046932,5.81000000000001));
#13571=CARTESIAN_POINT('Origin',(104.5798,-38.996932,5.81000000000001));
#13572=CARTESIAN_POINT('',(109.6598,-36.946932,5.81000000000001));
#13573=CARTESIAN_POINT('Origin',(109.6598,-38.996932,5.81000000000001));
#13574=CARTESIAN_POINT('',(105.8498,-34.956932,5.81000000000001));
#13575=CARTESIAN_POINT('Origin',(105.8498,-36.456932,5.81000000000001));
#13576=CARTESIAN_POINT('',(114.7398,-38.046932,5.81000000000001));
#13577=CARTESIAN_POINT('Origin',(114.7398,-38.996932,5.81000000000001));
#13578=CARTESIAN_POINT('',(126.8528,-45.301932,5.81000000000001));
#13579=CARTESIAN_POINT('',(130.4528,-45.301932,5.81000000000001));
#13580=CARTESIAN_POINT('',(126.8528,-45.301932,5.81000000000001));
#13581=CARTESIAN_POINT('',(130.4528,-42.201932,5.81000000000001));
#13582=CARTESIAN_POINT('',(130.4528,-45.301932,5.81000000000001));
#13583=CARTESIAN_POINT('',(126.8528,-42.201932,5.81000000000001));
#13584=CARTESIAN_POINT('',(130.4528,-42.201932,5.81000000000001));
#13585=CARTESIAN_POINT('',(126.8528,-42.201932,5.81000000000001));
#13586=CARTESIAN_POINT('',(123.5798,-38.046932,5.81000000000001));
#13587=CARTESIAN_POINT('Origin',(123.5798,-38.996932,5.81000000000001));
#13588=CARTESIAN_POINT('',(124.8498,-34.956932,5.81000000000001));
#13589=CARTESIAN_POINT('Origin',(124.8498,-36.456932,5.81000000000001));
#13590=CARTESIAN_POINT('',(128.6598,-36.946932,5.81000000000001));
#13591=CARTESIAN_POINT('Origin',(128.6598,-38.996932,5.81000000000001));
#13592=CARTESIAN_POINT('',(133.7398,-38.046932,5.81000000000001));
#13593=CARTESIAN_POINT('Origin',(133.7398,-38.996932,5.81000000000001));
#13594=CARTESIAN_POINT('',(112.1998,-32.416932,5.81000000000001));
#13595=CARTESIAN_POINT('Origin',(112.1998,-33.916932,5.81000000000001));
#13596=CARTESIAN_POINT('',(131.1998,-32.416932,5.81000000000001));
#13597=CARTESIAN_POINT('Origin',(131.1998,-33.916932,5.81000000000001));
#13598=CARTESIAN_POINT('',(119.1448,-27.337432,5.81000000000001));
#13599=CARTESIAN_POINT('Origin',(119.1448,-29.487432,5.81000000000001));
#13600=CARTESIAN_POINT('',(69.8528,-19.176932,5.81000000000001));
#13601=CARTESIAN_POINT('',(73.4528,-19.176932,5.81000000000001));
#13602=CARTESIAN_POINT('',(69.8528,-19.176932,5.81000000000001));
#13603=CARTESIAN_POINT('',(73.4528,-16.076932,5.81000000000001));
#13604=CARTESIAN_POINT('',(73.4528,-19.176932,5.81000000000001));
#13605=CARTESIAN_POINT('',(69.8528,-16.076932,5.81000000000001));
#13606=CARTESIAN_POINT('',(73.4528,-16.076932,5.81000000000001));
#13607=CARTESIAN_POINT('',(69.8528,-16.076932,5.81000000000001));
#13608=CARTESIAN_POINT('',(88.8528,-21.551932,5.81000000000001));
#13609=CARTESIAN_POINT('',(92.4528,-21.551932,5.81000000000001));
#13610=CARTESIAN_POINT('',(88.8528,-21.551932,5.81000000000001));
#13611=CARTESIAN_POINT('',(92.4528,-18.451932,5.81000000000001));
#13612=CARTESIAN_POINT('',(92.4528,-21.551932,5.81000000000001));
#13613=CARTESIAN_POINT('',(88.8528,-18.451932,5.81000000000001));
#13614=CARTESIAN_POINT('',(92.4528,-18.451932,5.81000000000001));
#13615=CARTESIAN_POINT('',(88.8528,-18.451932,5.81000000000001));
#13616=CARTESIAN_POINT('',(71.6598,-10.821932,5.81000000000001));
#13617=CARTESIAN_POINT('Origin',(71.6598,-12.871932,5.81000000000001));
#13618=CARTESIAN_POINT('',(76.7398,-11.921932,5.81000000000001));
#13619=CARTESIAN_POINT('Origin',(76.7398,-12.871932,5.81000000000001));
#13620=CARTESIAN_POINT('',(85.5798,-14.296932,5.81000000000001));
#13621=CARTESIAN_POINT('Origin',(85.5798,-15.246932,5.81000000000001));
#13622=CARTESIAN_POINT('',(74.1998,-6.29193200000001,5.81000000000001));
#13623=CARTESIAN_POINT('Origin',(74.1998,-7.79193200000001,5.81000000000001));
#13624=CARTESIAN_POINT('',(90.6598,-13.196932,5.81000000000001));
#13625=CARTESIAN_POINT('Origin',(90.6598,-15.246932,5.81000000000001));
#13626=CARTESIAN_POINT('',(86.8498,-11.206932,5.81000000000001));
#13627=CARTESIAN_POINT('Origin',(86.8498,-12.706932,5.81000000000001));
#13628=CARTESIAN_POINT('',(95.7398,-14.296932,5.81000000000001));
#13629=CARTESIAN_POINT('Origin',(95.7398,-15.246932,5.81000000000001));
#13630=CARTESIAN_POINT('',(93.1998,-8.66693200000001,5.81000000000001));
#13631=CARTESIAN_POINT('Origin',(93.1998,-10.166932,5.81000000000001));
#13632=CARTESIAN_POINT('',(107.8528,-26.301932,5.81000000000001));
#13633=CARTESIAN_POINT('',(111.4528,-26.301932,5.81000000000001));
#13634=CARTESIAN_POINT('',(107.8528,-26.301932,5.81000000000001));
#13635=CARTESIAN_POINT('',(111.4528,-23.201932,5.81000000000001));
#13636=CARTESIAN_POINT('',(111.4528,-26.301932,5.81000000000001));
#13637=CARTESIAN_POINT('',(107.8528,-23.201932,5.81000000000001));
#13638=CARTESIAN_POINT('',(111.4528,-23.201932,5.81000000000001));
#13639=CARTESIAN_POINT('',(107.8528,-23.201932,5.81000000000001));
#13640=CARTESIAN_POINT('',(104.5798,-19.046932,5.81000000000001));
#13641=CARTESIAN_POINT('Origin',(104.5798,-19.996932,5.81000000000001));
#13642=CARTESIAN_POINT('',(109.6598,-17.946932,5.81000000000001));
#13643=CARTESIAN_POINT('Origin',(109.6598,-19.996932,5.81000000000001));
#13644=CARTESIAN_POINT('',(105.8498,-15.956932,5.81000000000001));
#13645=CARTESIAN_POINT('Origin',(105.8498,-17.456932,5.81000000000001));
#13646=CARTESIAN_POINT('',(114.7398,-19.046932,5.81000000000001));
#13647=CARTESIAN_POINT('Origin',(114.7398,-19.996932,5.81000000000001));
#13648=CARTESIAN_POINT('',(126.8528,-26.301932,5.81000000000001));
#13649=CARTESIAN_POINT('',(130.4528,-26.301932,5.81000000000001));
#13650=CARTESIAN_POINT('',(126.8528,-26.301932,5.81000000000001));
#13651=CARTESIAN_POINT('',(130.4528,-23.201932,5.81000000000001));
#13652=CARTESIAN_POINT('',(130.4528,-26.301932,5.81000000000001));
#13653=CARTESIAN_POINT('',(126.8528,-23.201932,5.81000000000001));
#13654=CARTESIAN_POINT('',(130.4528,-23.201932,5.81000000000001));
#13655=CARTESIAN_POINT('',(126.8528,-23.201932,5.81000000000001));
#13656=CARTESIAN_POINT('',(123.5798,-19.046932,5.81000000000001));
#13657=CARTESIAN_POINT('Origin',(123.5798,-19.996932,5.81000000000001));
#13658=CARTESIAN_POINT('',(124.8498,-15.956932,5.81000000000001));
#13659=CARTESIAN_POINT('Origin',(124.8498,-17.456932,5.81000000000001));
#13660=CARTESIAN_POINT('',(128.6598,-17.946932,5.81000000000001));
#13661=CARTESIAN_POINT('Origin',(128.6598,-19.996932,5.81000000000001));
#13662=CARTESIAN_POINT('',(133.7398,-19.046932,5.81000000000001));
#13663=CARTESIAN_POINT('Origin',(133.7398,-19.996932,5.81000000000001));
#13664=CARTESIAN_POINT('',(112.1998,-13.416932,5.81000000000001));
#13665=CARTESIAN_POINT('Origin',(112.1998,-14.916932,5.81000000000001));
#13666=CARTESIAN_POINT('',(131.1998,-13.416932,5.81000000000001));
#13667=CARTESIAN_POINT('Origin',(131.1998,-14.916932,5.81000000000001));
#13668=CARTESIAN_POINT('Origin',(63.249767,-4.,5.81000000000001));
#13669=CARTESIAN_POINT('',(63.249767,-4.,7.32000000000001));
#13670=CARTESIAN_POINT('Origin',(80.621651,-4.16568500000001,5.81000000000001));
#13671=CARTESIAN_POINT('',(80.665266,-4.22165100000001,7.32000000000001));
#13672=CARTESIAN_POINT('Origin',(63.169306,-4.00646000000001,5.81000000000001));
#13673=CARTESIAN_POINT('',(63.169306,-4.00646000000001,7.32000000000001));
#13674=CARTESIAN_POINT('Origin',(80.665266,-4.22165100000001,5.81000000000001));
#13675=CARTESIAN_POINT('',(80.700703,-4.28356800000001,7.32000000000001));
#13676=CARTESIAN_POINT('Origin',(63.099168,-4.02311800000001,5.81000000000001));
#13677=CARTESIAN_POINT('',(63.099168,-4.02311800000001,7.32000000000001));
#13678=CARTESIAN_POINT('Origin',(80.700703,-4.28356800000001,5.81000000000001));
#13679=CARTESIAN_POINT('',(80.726801,-4.34951100000001,7.32000000000001));
#13680=CARTESIAN_POINT('Origin',(63.033237,-4.04925,5.81000000000001));
#13681=CARTESIAN_POINT('',(63.033237,-4.04925,7.32000000000001));
#13682=CARTESIAN_POINT('Origin',(80.726801,-4.34951100000001,5.81000000000001));
#13683=CARTESIAN_POINT('',(80.743424,-4.41965800000001,7.32000000000001));
#13684=CARTESIAN_POINT('Origin',(62.971338,-4.08471800000001,5.81000000000001));
#13685=CARTESIAN_POINT('',(62.971338,-4.08471800000001,7.32000000000001));
#13686=CARTESIAN_POINT('Origin',(80.743424,-4.41965800000001,5.81000000000001));
#13687=CARTESIAN_POINT('',(80.749844,-4.500121,7.32000000000001));
#13688=CARTESIAN_POINT('Origin',(62.915394,-4.12836200000001,5.81000000000001));
#13689=CARTESIAN_POINT('',(62.915394,-4.12836200000001,7.32000000000001));
#13690=CARTESIAN_POINT('Origin',(80.749844,-4.500121,5.81000000000001));
#13691=CARTESIAN_POINT('',(80.749844,-5.75031100000001,7.32000000000001));
#13692=CARTESIAN_POINT('Origin',(62.825171,-4.23603300000001,5.81000000000001));
#13693=CARTESIAN_POINT('',(62.825171,-4.23603300000001,7.32000000000001));
#13694=CARTESIAN_POINT('Origin',(80.749844,-5.75031100000001,5.81000000000001));
#13695=CARTESIAN_POINT('',(80.756304,-5.83077300000001,7.32000000000001));
#13696=CARTESIAN_POINT('Origin',(62.768977,-4.36271100000001,5.81000000000001));
#13697=CARTESIAN_POINT('',(62.768977,-4.36271100000001,7.32000000000001));
#13698=CARTESIAN_POINT('Origin',(80.756304,-5.83077300000001,5.81000000000001));
#13699=CARTESIAN_POINT('',(80.772962,-5.90091200000001,7.32000000000001));
#13700=CARTESIAN_POINT('Origin',(62.749894,-4.50012600000001,5.81000000000001));
#13701=CARTESIAN_POINT('',(62.749894,-4.50012600000001,7.32000000000001));
#13702=CARTESIAN_POINT('Origin',(80.772962,-5.90091200000001,5.81000000000001));
#13703=CARTESIAN_POINT('',(80.799094,-5.96684200000001,7.32000000000001));
#13704=CARTESIAN_POINT('Origin',(62.750658,-5.74828200000001,5.81000000000001));
#13705=CARTESIAN_POINT('',(62.750658,-5.74828200000001,7.32000000000001));
#13706=CARTESIAN_POINT('Origin',(80.799094,-5.96684200000001,5.81000000000001));
#13707=CARTESIAN_POINT('',(80.834561,-6.02874100000001,7.32000000000001));
#13708=CARTESIAN_POINT('Origin',(62.749894,-5.75005800000001,5.81000000000001));
#13709=CARTESIAN_POINT('',(62.749894,-5.75005800000001,7.32000000000001));
#13710=CARTESIAN_POINT('Origin',(80.834561,-6.02874100000001,5.81000000000001));
#13711=CARTESIAN_POINT('',(80.878205,-6.08468600000001,7.32000000000001));
#13712=CARTESIAN_POINT('Origin',(62.73081,-5.88747300000001,5.81000000000001));
#13713=CARTESIAN_POINT('',(62.73081,-5.88747300000001,7.32000000000001));
#13714=CARTESIAN_POINT('Origin',(80.878205,-6.08468600000001,5.81000000000001));
#13715=CARTESIAN_POINT('',(80.985874,-6.17490800000001,7.32000000000001));
#13716=CARTESIAN_POINT('Origin',(62.674616,-6.01415100000001,5.81000000000001));
#13717=CARTESIAN_POINT('',(62.674616,-6.01415100000001,7.32000000000001));
#13718=CARTESIAN_POINT('Origin',(80.985874,-6.17490800000001,5.81000000000001));
#13719=CARTESIAN_POINT('',(81.112551,-6.23110100000001,7.32000000000001));
#13720=CARTESIAN_POINT('Origin',(62.584393,-6.12182300000001,5.81000000000001));
#13721=CARTESIAN_POINT('',(62.584393,-6.12182300000001,7.32000000000001));
#13722=CARTESIAN_POINT('Origin',(81.112551,-6.23110100000001,5.81000000000001));
#13723=CARTESIAN_POINT('',(81.249965,-6.25018400000001,7.32000000000001));
#13724=CARTESIAN_POINT('Origin',(62.528448,-6.16546700000001,5.81000000000001));
#13725=CARTESIAN_POINT('',(62.528448,-6.16546700000001,7.32000000000001));
#13726=CARTESIAN_POINT('Origin',(81.249965,-6.25018400000001,5.81000000000001));
#13727=CARTESIAN_POINT('',(81.251999,-6.24866100000001,7.32000000000001));
#13728=CARTESIAN_POINT('Origin',(62.466549,-6.20093500000001,5.81000000000001));
#13729=CARTESIAN_POINT('',(62.466549,-6.20093500000001,7.32000000000001));
#13730=CARTESIAN_POINT('Origin',(81.251999,-6.24866100000001,5.81000000000001));
#13731=CARTESIAN_POINT('',(88.3628,-6.24866100000001,7.32000000000001));
#13732=CARTESIAN_POINT('Origin',(62.400619,-6.22706600000001,5.81000000000001));
#13733=CARTESIAN_POINT('',(62.400619,-6.22706600000001,7.32000000000001));
#13734=CARTESIAN_POINT('Origin',(88.3628,-6.24866100000001,5.81000000000001));
#13735=CARTESIAN_POINT('',(99.249916,-6.25018400000001,7.32000000000001));
#13736=CARTESIAN_POINT('Origin',(62.33048,-6.24372400000001,5.81000000000001));
#13737=CARTESIAN_POINT('',(62.33048,-6.24372400000001,7.32000000000001));
#13738=CARTESIAN_POINT('Origin',(99.249916,-6.25018400000001,5.81000000000001));
#13739=CARTESIAN_POINT('',(99.387322,-6.26933700000001,7.32000000000001));
#13740=CARTESIAN_POINT('Origin',(62.25002,-6.25018400000001,5.81000000000001));
#13741=CARTESIAN_POINT('',(62.25002,-6.25018400000001,7.32000000000001));
#13742=CARTESIAN_POINT('Origin',(99.387322,-6.26933700000001,5.81000000000001));
#13743=CARTESIAN_POINT('',(99.513973,-6.32559500000001,7.32000000000001));
#13744=CARTESIAN_POINT('Origin',(99.513973,-6.32559500000001,5.81000000000001));
#13745=CARTESIAN_POINT('',(99.621599,-6.41587400000001,7.32000000000001));
#13746=CARTESIAN_POINT('Origin',(55.2128,-6.25018400000001,5.81000000000001));
#13747=CARTESIAN_POINT('',(55.2128,-6.25018400000001,7.32000000000001));
#13748=CARTESIAN_POINT('',(62.249772,-6.25018400000001,7.32000000000001));
#13749=CARTESIAN_POINT('',(62.249772,-6.25018400000001,5.81000000000001));
#13750=CARTESIAN_POINT('Origin',(99.621599,-6.41587400000001,5.81000000000001));
#13751=CARTESIAN_POINT('',(99.665214,-6.47184000000001,7.32000000000001));
#13752=CARTESIAN_POINT('Origin',(44.251856,-6.24866100000001,5.81000000000001));
#13753=CARTESIAN_POINT('',(44.251856,-6.24866100000001,7.32000000000001));
#13754=CARTESIAN_POINT('Origin',(99.665214,-6.47184000000001,5.81000000000001));
#13755=CARTESIAN_POINT('',(99.70065,-6.53375700000001,7.32000000000001));
#13756=CARTESIAN_POINT('Origin',(44.249822,-6.25018400000001,5.81000000000001));
#13757=CARTESIAN_POINT('',(44.249822,-6.25018400000001,7.32000000000001));
#13758=CARTESIAN_POINT('Origin',(99.70065,-6.53375700000001,5.81000000000001));
#13759=CARTESIAN_POINT('',(99.726748,-6.59970200000001,7.32000000000001));
#13760=CARTESIAN_POINT('Origin',(44.169614,-6.25660400000001,5.81000000000001));
#13761=CARTESIAN_POINT('',(44.169614,-6.25660400000001,7.32000000000001));
#13762=CARTESIAN_POINT('Origin',(99.726748,-6.59970200000001,5.81000000000001));
#13763=CARTESIAN_POINT('',(99.74337,-6.66985000000001,7.32000000000001));
#13764=CARTESIAN_POINT('Origin',(44.099465,-6.27322600000001,5.81000000000001));
#13765=CARTESIAN_POINT('',(44.099465,-6.27322600000001,7.32000000000001));
#13766=CARTESIAN_POINT('Origin',(99.74337,-6.66985000000001,5.81000000000001));
#13767=CARTESIAN_POINT('',(99.749789,-6.75005800000001,7.32000000000001));
#13768=CARTESIAN_POINT('Origin',(44.033521,-6.299324,5.81000000000001));
#13769=CARTESIAN_POINT('',(44.033521,-6.299324,7.32000000000001));
#13770=CARTESIAN_POINT('Origin',(99.749789,-6.75005800000001,5.81000000000001));
#13771=CARTESIAN_POINT('',(99.749789,-10.500359,7.32000000000001));
#13772=CARTESIAN_POINT('Origin',(43.971604,-6.33476000000001,5.81000000000001));
#13773=CARTESIAN_POINT('',(43.971604,-6.33476000000001,7.32000000000001));
#13774=CARTESIAN_POINT('Origin',(99.749789,-10.500359,5.81000000000001));
#13775=CARTESIAN_POINT('',(99.756249,-10.58082,7.32000000000001));
#13776=CARTESIAN_POINT('Origin',(43.915637,-6.37837600000001,5.81000000000001));
#13777=CARTESIAN_POINT('',(43.915637,-6.37837600000001,7.32000000000001));
#13778=CARTESIAN_POINT('Origin',(99.756249,-10.58082,5.81000000000001));
#13779=CARTESIAN_POINT('',(99.772907,-10.650959,7.32000000000001));
#13780=CARTESIAN_POINT('Origin',(43.825359,-6.48600100000001,5.81000000000001));
#13781=CARTESIAN_POINT('',(43.825359,-6.48600100000001,7.32000000000001));
#13782=CARTESIAN_POINT('Origin',(99.772907,-10.650959,5.81000000000001));
#13783=CARTESIAN_POINT('',(99.799039,-10.71689,7.32000000000001));
#13784=CARTESIAN_POINT('Origin',(43.769102,-6.61265200000001,5.81000000000001));
#13785=CARTESIAN_POINT('',(43.769102,-6.61265200000001,7.32000000000001));
#13786=CARTESIAN_POINT('Origin',(99.799039,-10.71689,5.81000000000001));
#13787=CARTESIAN_POINT('',(99.834506,-10.778789,7.32000000000001));
#13788=CARTESIAN_POINT('Origin',(43.749949,-6.75005800000001,5.81000000000001));
#13789=CARTESIAN_POINT('',(43.749949,-6.75005800000001,7.32000000000001));
#13790=CARTESIAN_POINT('Origin',(99.834506,-10.778789,5.81000000000001));
#13791=CARTESIAN_POINT('',(99.87815,-10.834733,7.32000000000001));
#13792=CARTESIAN_POINT('Origin',(43.751477,-8.24763900000001,5.81000000000001));
#13793=CARTESIAN_POINT('',(43.751477,-8.24763900000001,7.32000000000001));
#13794=CARTESIAN_POINT('Origin',(99.87815,-10.834733,5.81000000000001));
#13795=CARTESIAN_POINT('',(99.985819,-10.924956,7.32000000000001));
#13796=CARTESIAN_POINT('Origin',(43.749949,-8.25017900000001,5.81000000000001));
#13797=CARTESIAN_POINT('',(43.749949,-8.25017900000001,7.32000000000001));
#13798=CARTESIAN_POINT('Origin',(99.985819,-10.924956,5.81000000000001));
#13799=CARTESIAN_POINT('',(100.112496,-10.981149,7.32000000000001));
#13800=CARTESIAN_POINT('Origin',(43.730796,-8.38758500000001,5.81000000000001));
#13801=CARTESIAN_POINT('',(43.730796,-8.38758500000001,7.32000000000001));
#13802=CARTESIAN_POINT('Origin',(100.112496,-10.981149,5.81000000000001));
#13803=CARTESIAN_POINT('',(100.249911,-11.000233,7.32000000000001));
#13804=CARTESIAN_POINT('Origin',(43.674539,-8.51423600000001,5.81000000000001));
#13805=CARTESIAN_POINT('',(43.674539,-8.51423600000001,7.32000000000001));
#13806=CARTESIAN_POINT('Origin',(100.249911,-11.000233,5.81000000000001));
#13807=CARTESIAN_POINT('',(100.251181,-10.998457,7.32000000000001));
#13808=CARTESIAN_POINT('Origin',(43.584261,-8.62186100000001,5.81000000000001));
#13809=CARTESIAN_POINT('',(43.584261,-8.62186100000001,7.32000000000001));
#13810=CARTESIAN_POINT('Origin',(100.251181,-10.998457,5.81000000000001));
#13811=CARTESIAN_POINT('',(137.249801,-11.000233,7.32000000000001));
#13812=CARTESIAN_POINT('Origin',(43.528295,-8.66547700000001,5.81000000000001));
#13813=CARTESIAN_POINT('',(43.528295,-8.66547700000001,7.32000000000001));
#13814=CARTESIAN_POINT('Origin',(137.249801,-11.000233,5.81000000000001));
#13815=CARTESIAN_POINT('',(137.387216,-11.019316,7.32000000000001));
#13816=CARTESIAN_POINT('Origin',(43.466378,-8.70091300000001,5.81000000000001));
#13817=CARTESIAN_POINT('',(43.466378,-8.70091300000001,7.32000000000001));
#13818=CARTESIAN_POINT('Origin',(137.387216,-11.019316,5.81000000000001));
#13819=CARTESIAN_POINT('',(137.513894,-11.07551,7.32000000000001));
#13820=CARTESIAN_POINT('Origin',(43.400435,-8.72701100000001,5.81000000000001));
#13821=CARTESIAN_POINT('',(43.400435,-8.72701100000001,7.32000000000001));
#13822=CARTESIAN_POINT('Origin',(137.513894,-11.07551,5.81000000000001));
#13823=CARTESIAN_POINT('',(137.621566,-11.165732,7.32000000000001));
#13824=CARTESIAN_POINT('Origin',(43.330288,-8.74363400000001,5.81000000000001));
#13825=CARTESIAN_POINT('',(43.330288,-8.74363400000001,7.32000000000001));
#13826=CARTESIAN_POINT('Origin',(137.621566,-11.165732,5.81000000000001));
#13827=CARTESIAN_POINT('',(137.66521,-11.221677,7.32000000000001));
#13828=CARTESIAN_POINT('Origin',(43.249827,-8.75005300000001,5.81000000000001));
#13829=CARTESIAN_POINT('',(43.249827,-8.75005300000001,7.32000000000001));
#13830=CARTESIAN_POINT('Origin',(137.66521,-11.221677,5.81000000000001));
#13831=CARTESIAN_POINT('',(137.700678,-11.283575,7.32000000000001));
#13832=CARTESIAN_POINT('Origin',(25.250135,-8.748019,5.81000000000001));
#13833=CARTESIAN_POINT('',(25.250135,-8.748019,7.32000000000001));
#13834=CARTESIAN_POINT('Origin',(137.700678,-11.283575,5.81000000000001));
#13835=CARTESIAN_POINT('',(137.72681,-11.349506,7.32000000000001));
#13836=CARTESIAN_POINT('Origin',(25.249877,-8.75005300000001,5.81000000000001));
#13837=CARTESIAN_POINT('',(25.249877,-8.75005300000001,7.32000000000001));
#13838=CARTESIAN_POINT('Origin',(137.72681,-11.349506,5.81000000000001));
#13839=CARTESIAN_POINT('',(137.743468,-11.419644,7.32000000000001));
#13840=CARTESIAN_POINT('Origin',(25.169441,-8.75651,5.81000000000001));
#13841=CARTESIAN_POINT('',(25.169441,-8.75651,7.32000000000001));
#13842=CARTESIAN_POINT('Origin',(137.743468,-11.419644,5.81000000000001));
#13843=CARTESIAN_POINT('',(137.749928,-11.500106,5.81000000000001));
#13844=CARTESIAN_POINT('Origin',(25.099302,-8.77316600000001,5.81000000000001));
#13845=CARTESIAN_POINT('',(25.099302,-8.77316600000001,7.32000000000001));
#13846=CARTESIAN_POINT('Origin',(25.033372,-8.79929400000001,5.81000000000001));
#13847=CARTESIAN_POINT('',(25.033372,-8.79929400000001,7.32000000000001));
#13848=CARTESIAN_POINT('Origin',(137.749928,-11.500106,5.81000000000001));
#13849=CARTESIAN_POINT('',(137.749928,-66.750132,7.32000000000001));
#13850=CARTESIAN_POINT('Origin',(24.971472,-8.83476000000001,5.81000000000001));
#13851=CARTESIAN_POINT('',(24.971472,-8.83476000000001,7.32000000000001));
#13852=CARTESIAN_POINT('Origin',(137.749928,-66.750132,5.81000000000001));
#13853=CARTESIAN_POINT('',(137.730775,-66.887539,7.32000000000001));
#13854=CARTESIAN_POINT('Origin',(24.915527,-8.87840200000001,5.81000000000001));
#13855=CARTESIAN_POINT('',(24.915527,-8.87840200000001,7.32000000000001));
#13856=CARTESIAN_POINT('Origin',(137.730775,-66.887539,5.81000000000001));
#13857=CARTESIAN_POINT('',(137.674518,-67.014188,7.32000000000001));
#13858=CARTESIAN_POINT('Origin',(24.8253,-8.98607200000001,5.81000000000001));
#13859=CARTESIAN_POINT('',(24.8253,-8.98607200000001,7.32000000000001));
#13860=CARTESIAN_POINT('Origin',(137.674518,-67.014188,5.81000000000001));
#13861=CARTESIAN_POINT('',(137.584241,-67.121813,7.32000000000001));
#13862=CARTESIAN_POINT('Origin',(24.769102,-9.11275300000001,5.81000000000001));
#13863=CARTESIAN_POINT('',(24.769102,-9.11275300000001,7.32000000000001));
#13864=CARTESIAN_POINT('Origin',(137.584241,-67.121813,5.81000000000001));
#13865=CARTESIAN_POINT('',(137.528275,-67.165429,7.32000000000001));
#13866=CARTESIAN_POINT('Origin',(24.750013,-9.25017400000001,5.81000000000001));
#13867=CARTESIAN_POINT('',(24.750013,-9.25017400000001,7.32000000000001));
#13868=CARTESIAN_POINT('Origin',(137.528275,-67.165429,5.81000000000001));
#13869=CARTESIAN_POINT('',(137.466359,-67.200865,7.32000000000001));
#13870=CARTESIAN_POINT('Origin',(24.750013,-10.500111,5.81000000000001));
#13871=CARTESIAN_POINT('',(24.750013,-10.500111,7.32000000000001));
#13872=CARTESIAN_POINT('Origin',(137.466359,-67.200865,5.81000000000001));
#13873=CARTESIAN_POINT('',(137.400415,-67.226963,7.32000000000001));
#13874=CARTESIAN_POINT('Origin',(24.730925,-10.637528,5.81000000000001));
#13875=CARTESIAN_POINT('',(24.730925,-10.637528,7.32000000000001));
#13876=CARTESIAN_POINT('Origin',(137.400415,-67.226963,5.81000000000001));
#13877=CARTESIAN_POINT('',(137.330268,-67.243586,7.32000000000001));
#13878=CARTESIAN_POINT('Origin',(24.674727,-10.764206,5.81000000000001));
#13879=CARTESIAN_POINT('',(24.674727,-10.764206,7.32000000000001));
#13880=CARTESIAN_POINT('Origin',(137.330268,-67.243586,5.81000000000001));
#13881=CARTESIAN_POINT('',(137.249802671393,-67.2500050662384,7.32000000000001));
#13882=CARTESIAN_POINT('Origin',(24.5845,-10.871877,5.81000000000001));
#13883=CARTESIAN_POINT('',(24.5845,-10.871877,7.32000000000001));
#13884=CARTESIAN_POINT('Origin',(24.528554,-10.91552,5.81000000000001));
#13885=CARTESIAN_POINT('',(24.528554,-10.91552,7.32000000000001));
#13886=CARTESIAN_POINT('Origin',(137.249801,-67.250005,5.81000000000001));
#13887=CARTESIAN_POINT('',(131.113955,-67.249241,7.32000000000001));
#13888=CARTESIAN_POINT('Origin',(24.466653,-10.950987,5.81000000000001));
#13889=CARTESIAN_POINT('',(24.466653,-10.950987,7.32000000000001));
#13890=CARTESIAN_POINT('Origin',(131.113955,-67.249241,5.81000000000001));
#13891=CARTESIAN_POINT('',(88.3728,-67.250005,7.32000000000001));
#13892=CARTESIAN_POINT('Origin',(24.400722,-10.977117,5.81000000000001));
#13893=CARTESIAN_POINT('',(24.400722,-10.977117,7.32000000000001));
#13894=CARTESIAN_POINT('Origin',(88.3728,-67.250005,5.81000000000001));
#13895=CARTESIAN_POINT('',(82.249961,-67.250005,7.32000000000001));
#13896=CARTESIAN_POINT('Origin',(24.330582,-10.993774,5.81000000000001));
#13897=CARTESIAN_POINT('',(24.330582,-10.993774,7.32000000000001));
#13898=CARTESIAN_POINT('Origin',(82.249961,-67.250005,5.81000000000001));
#13899=CARTESIAN_POINT('',(82.13948,-67.262386,7.32000000000001));
#13900=CARTESIAN_POINT('Origin',(24.25013,-11.000233,5.81000000000001));
#13901=CARTESIAN_POINT('',(24.25013,-11.000233,7.32000000000001));
#13902=CARTESIAN_POINT('Origin',(82.13948,-67.262386,5.81000000000001));
#13903=CARTESIAN_POINT('',(82.007859,-67.312581,7.32000000000001));
#13904=CARTESIAN_POINT('Origin',(24.249892,-11.000233,5.81000000000001));
#13905=CARTESIAN_POINT('',(24.249892,-11.000233,7.32000000000001));
#13906=CARTESIAN_POINT('Origin',(82.007859,-67.312581,5.81000000000001));
#13907=CARTESIAN_POINT('',(81.896395,-67.396561,7.32000000000001));
#13908=CARTESIAN_POINT('Origin',(4.500895,-10.998457,5.81000000000001));
#13909=CARTESIAN_POINT('',(4.500895,-10.998457,7.32000000000001));
#13910=CARTESIAN_POINT('Origin',(81.896395,-67.396561,5.81000000000001));
#13911=CARTESIAN_POINT('',(71.353371,-81.853721,7.32000000000001));
#13912=CARTESIAN_POINT('Origin',(4.49988300000001,-11.000233,5.81000000000001));
#13913=CARTESIAN_POINT('',(4.49988300000001,-11.000233,7.32000000000001));
#13914=CARTESIAN_POINT('Origin',(71.353371,-81.853721,5.81000000000001));
#13915=CARTESIAN_POINT('',(71.241841,-81.937622,7.32000000000001));
#13916=CARTESIAN_POINT('Origin',(4.419652,-11.006655,5.81000000000001));
#13917=CARTESIAN_POINT('',(4.419652,-11.006655,7.32000000000001));
#13918=CARTESIAN_POINT('Origin',(71.241841,-81.937622,5.81000000000001));
#13919=CARTESIAN_POINT('',(71.110179,-81.987721,7.32000000000001));
#13920=CARTESIAN_POINT('Origin',(4.349504,-11.023279,5.81000000000001));
#13921=CARTESIAN_POINT('',(4.349504,-11.023279,7.32000000000001));
#13922=CARTESIAN_POINT('Origin',(71.110179,-81.987721,5.81000000000001));
#13923=CARTESIAN_POINT('',(70.999806,-82.000019,7.32000000000001));
#13924=CARTESIAN_POINT('Origin',(4.28355900000001,-11.049379,5.81000000000001));
#13925=CARTESIAN_POINT('',(4.28355900000001,-11.049379,7.32000000000001));
#13926=CARTESIAN_POINT('Origin',(70.999806,-82.000019,5.81000000000001));
#13927=CARTESIAN_POINT('',(34.329356,-86.770392,7.32000000000001));
#13928=CARTESIAN_POINT('Origin',(4.22164200000001,-11.084818,5.81000000000001));
#13929=CARTESIAN_POINT('',(4.22164200000001,-11.084818,7.32000000000001));
#13930=CARTESIAN_POINT('Origin',(34.329356,-86.770392,5.81000000000001));
#13931=CARTESIAN_POINT('',(34.033394,-86.812495,7.32000000000001));
#13932=CARTESIAN_POINT('Origin',(4.165676,-11.128435,5.81000000000001));
#13933=CARTESIAN_POINT('',(4.165676,-11.128435,7.32000000000001));
#13934=CARTESIAN_POINT('Origin',(34.033394,-86.812495,5.81000000000001));
#13935=CARTESIAN_POINT('',(33.6748,-86.899932,7.32000000000001));
#13936=CARTESIAN_POINT('Origin',(4.075401,-11.236061,5.81000000000001));
#13937=CARTESIAN_POINT('',(4.075401,-11.236061,7.32000000000001));
#13938=CARTESIAN_POINT('Origin',(33.6748,-86.899932,5.81000000000001));
#13939=CARTESIAN_POINT('',(19.380717,-95.161016,7.32000000000001));
#13940=CARTESIAN_POINT('Origin',(4.01914800000002,-11.362708,5.81000000000001));
#13941=CARTESIAN_POINT('',(4.01914800000002,-11.362708,7.32000000000001));
#13942=CARTESIAN_POINT('Origin',(19.380717,-95.161016,5.81000000000001));
#13943=CARTESIAN_POINT('',(19.176717,-95.275035,7.32000000000001));
#13944=CARTESIAN_POINT('Origin',(4.,-11.500106,5.81000000000001));
#13945=CARTESIAN_POINT('',(4.,-11.500106,7.32000000000001));
#13946=CARTESIAN_POINT('Origin',(19.176717,-95.275035,5.81000000000001));
#13947=CARTESIAN_POINT('',(18.958012,-95.352714,7.32000000000001));
#13948=CARTESIAN_POINT('Origin',(4.00051600000001,-70.972877,5.81000000000001));
#13949=CARTESIAN_POINT('',(4.00051600000001,-70.972877,7.32000000000001));
#13950=CARTESIAN_POINT('Origin',(18.958012,-95.352714,5.81000000000001));
#13951=CARTESIAN_POINT('',(18.728838,-95.392613,7.32000000000001));
#13952=CARTESIAN_POINT('Origin',(4.,-70.97516,5.81000000000001));
#13953=CARTESIAN_POINT('',(4.,-70.97516,7.32000000000001));
#13954=CARTESIAN_POINT('Origin',(18.728838,-95.392613,5.81000000000001));
#13955=CARTESIAN_POINT('',(18.494706,-95.393448,7.32000000000001));
#13956=CARTESIAN_POINT('Origin',(4.00326000000001,-71.105643,5.81000000000001));
#13957=CARTESIAN_POINT('',(4.00326000000001,-71.105643,7.32000000000001));
#13958=CARTESIAN_POINT('Origin',(18.494706,-95.393448,5.81000000000001));
#13959=CARTESIAN_POINT('',(18.262327,-95.354687,7.32000000000001));
#13960=CARTESIAN_POINT('Origin',(4.01654700000001,-71.235772,5.81000000000001));
#13961=CARTESIAN_POINT('',(4.01654700000001,-71.235772,7.32000000000001));
#13962=CARTESIAN_POINT('Origin',(18.262327,-95.354687,5.81000000000001));
#13963=CARTESIAN_POINT('',(18.149185,-95.320653,7.32000000000001));
#13964=CARTESIAN_POINT('Origin',(4.03972500000001,-71.364221,5.81000000000001));
#13965=CARTESIAN_POINT('',(4.03972500000001,-71.364221,7.32000000000001));
#13966=CARTESIAN_POINT('Origin',(18.149185,-95.320653,5.81000000000001));
#13967=CARTESIAN_POINT('',(18.039086,-95.277034,7.32000000000001));
#13968=CARTESIAN_POINT('Origin',(4.11502800000001,-71.613456,5.81000000000001));
#13969=CARTESIAN_POINT('',(4.11502800000001,-71.613456,7.32000000000001));
#13970=CARTESIAN_POINT('Origin',(18.039086,-95.277034,5.81000000000001));
#13971=CARTESIAN_POINT('',(17.933471,-95.224385,7.32000000000001));
#13972=CARTESIAN_POINT('Origin',(4.227091,-71.847649,5.81000000000001));
#13973=CARTESIAN_POINT('',(4.227091,-71.847649,7.32000000000001));
#13974=CARTESIAN_POINT('Origin',(17.933471,-95.224385,5.81000000000001));
#13975=CARTESIAN_POINT('',(17.832182,-95.16255,7.32000000000001));
#13976=CARTESIAN_POINT('Origin',(17.4526,-94.781544,5.81000000000001));
#13977=CARTESIAN_POINT('',(17.4526,-94.781544,7.32000000000001));
#13978=CARTESIAN_POINT('Origin',(17.832182,-95.16255,5.81000000000001));
#13979=CARTESIAN_POINT('',(17.737252,-95.092761,7.32000000000001));
#13980=CARTESIAN_POINT('Origin',(17.455696,-94.786158,5.81000000000001));
#13981=CARTESIAN_POINT('',(17.455696,-94.786158,7.32000000000001));
#13982=CARTESIAN_POINT('Origin',(17.737252,-95.092761,5.81000000000001));
#13983=CARTESIAN_POINT('',(17.647796,-95.014302,7.32000000000001));
#13984=CARTESIAN_POINT('Origin',(17.49066,-94.835703,5.81000000000001));
#13985=CARTESIAN_POINT('',(17.49066,-94.835703,7.32000000000001));
#13986=CARTESIAN_POINT('Origin',(17.647796,-95.014302,5.81000000000001));
#13987=CARTESIAN_POINT('',(17.565994,-94.929055,7.32000000000001));
#13988=CARTESIAN_POINT('Origin',(17.565994,-94.929055,5.81000000000001));
#13989=CARTESIAN_POINT('Origin',(21.4498,-83.771341,5.76400000000001));
#13990=CARTESIAN_POINT('',(21.4498,-82.821341,5.76400000000001));
#13991=CARTESIAN_POINT('Origin',(12.55384,-80.963086,5.81000000000001));
#13992=CARTESIAN_POINT('',(12.55384,-80.963086,7.32000000000001));
#13993=CARTESIAN_POINT('',(14.35384,-84.080778,5.81000000000001));
#13994=CARTESIAN_POINT('Origin',(15.238518,-79.413086,5.81000000000001));
#13995=CARTESIAN_POINT('',(15.238518,-79.413086,7.32000000000001));
#13996=CARTESIAN_POINT('Origin',(14.35384,-84.080778,5.81000000000001));
#13997=CARTESIAN_POINT('',(17.038518,-82.530778,7.32000000000001));
#13998=CARTESIAN_POINT('Origin',(17.038518,-82.530778,5.81000000000001));
#13999=CARTESIAN_POINT('Origin',(18.9098,-79.371932,5.76400000000001));
#14000=CARTESIAN_POINT('',(18.9098,-77.321932,5.76400000000001));
#14001=CARTESIAN_POINT('Origin',(16.3698,-74.972523,5.76400000000001));
#14002=CARTESIAN_POINT('',(16.3698,-74.022523,5.76400000000001));
#14003=CARTESIAN_POINT('Origin',(24.579209,-79.031637,5.76400000000001));
#14004=CARTESIAN_POINT('',(24.579209,-77.531637,5.76400000000001));
#14005=CARTESIAN_POINT('Origin',(36.252897,-76.936733,5.76400000000001));
#14006=CARTESIAN_POINT('',(36.252897,-75.986733,5.76400000000001));
#14007=CARTESIAN_POINT('Origin',(19.204505,-74.802375,5.76400000000001));
#14008=CARTESIAN_POINT('',(19.204505,-73.302375,5.76400000000001));
#14009=CARTESIAN_POINT('Origin',(6.4638,-67.006932,5.76400000000001));
#14010=CARTESIAN_POINT('',(6.4638,-65.906932,5.76400000000001));
#14011=CARTESIAN_POINT('Origin',(29.4348,-73.366932,5.76400000000001));
#14012=CARTESIAN_POINT('',(29.4348,-71.216932,5.76400000000001));
#14013=CARTESIAN_POINT('Origin',(36.822222,-74.154581,5.76400000000001));
#14014=CARTESIAN_POINT('',(36.822222,-72.654581,5.76400000000001));
#14015=CARTESIAN_POINT('Origin',(40.249354,-79.178769,5.81000000000001));
#14016=CARTESIAN_POINT('',(40.249354,-79.178769,7.32000000000001));
#14017=CARTESIAN_POINT('',(41.051693,-82.173139,5.81000000000001));
#14018=CARTESIAN_POINT('Origin',(43.726687,-78.247021,5.81000000000001));
#14019=CARTESIAN_POINT('',(43.726687,-78.247021,7.32000000000001));
#14020=CARTESIAN_POINT('Origin',(41.051693,-82.173139,5.81000000000001));
#14021=CARTESIAN_POINT('',(44.529026,-81.241391,7.32000000000001));
#14022=CARTESIAN_POINT('Origin',(44.529026,-81.241391,5.81000000000001));
#14023=CARTESIAN_POINT('Origin',(41.1598,-75.621932,5.76400000000001));
#14024=CARTESIAN_POINT('',(41.1598,-73.571932,5.76400000000001));
#14025=CARTESIAN_POINT('Origin',(60.3528,-79.176932,5.81000000000001));
#14026=CARTESIAN_POINT('',(60.3528,-79.176932,7.32000000000001));
#14027=CARTESIAN_POINT('',(63.9528,-79.176932,5.81000000000001));
#14028=CARTESIAN_POINT('Origin',(60.3528,-76.076932,5.81000000000001));
#14029=CARTESIAN_POINT('',(60.3528,-76.076932,7.32000000000001));
#14030=CARTESIAN_POINT('Origin',(63.9528,-79.176932,5.81000000000001));
#14031=CARTESIAN_POINT('',(63.9528,-76.076932,7.32000000000001));
#14032=CARTESIAN_POINT('Origin',(63.9528,-76.076932,5.81000000000001));
#14033=CARTESIAN_POINT('Origin',(42.298451,-70.057628,5.76400000000001));
#14034=CARTESIAN_POINT('',(42.298451,-68.557628,5.76400000000001));
#14035=CARTESIAN_POINT('Origin',(46.066703,-74.307131,5.76400000000001));
#14036=CARTESIAN_POINT('',(46.066703,-73.357131,5.76400000000001));
#14037=CARTESIAN_POINT('Origin',(57.0798,-72.871932,5.76400000000001));
#14038=CARTESIAN_POINT('',(57.0798,-71.921932,5.76400000000001));
#14039=CARTESIAN_POINT('Origin',(58.3498,-70.331932,5.76400000000001));
#14040=CARTESIAN_POINT('',(58.3498,-68.831932,5.76400000000001));
#14041=CARTESIAN_POINT('Origin',(62.1598,-72.871932,5.76400000000001));
#14042=CARTESIAN_POINT('',(62.1598,-70.821932,5.76400000000001));
#14043=CARTESIAN_POINT('Origin',(67.2398,-72.871932,5.76400000000001));
#14044=CARTESIAN_POINT('',(67.2398,-71.921932,5.76400000000001));
#14045=CARTESIAN_POINT('Origin',(64.6998,-67.791932,5.76400000000001));
#14046=CARTESIAN_POINT('',(64.6998,-66.291932,5.76400000000001));
#14047=CARTESIAN_POINT('Origin',(16.6328,-60.591932,5.76400000000001));
#14048=CARTESIAN_POINT('',(16.6328,-61.091932,7.32000000000001));
#14049=CARTESIAN_POINT('',(16.6328,-60.091932,5.76400000000001));
#14050=CARTESIAN_POINT('Origin',(16.6328,-60.091932,5.76400000000001));
#14051=CARTESIAN_POINT('',(16.1328,-60.091932,7.32000000000001));
#14052=CARTESIAN_POINT('Origin',(16.1328,-60.591932,5.76400000000001));
#14053=CARTESIAN_POINT('',(16.1328,-61.091932,7.32000000000001));
#14054=CARTESIAN_POINT('Origin',(16.1328,-61.091932,5.76400000000001));
#14055=CARTESIAN_POINT('Origin',(6.0828,-58.491932,5.76400000000001));
#14056=CARTESIAN_POINT('',(6.0828,-57.891932,5.76400000000001));
#14057=CARTESIAN_POINT('Origin',(13.0828,-58.491932,5.76400000000001));
#14058=CARTESIAN_POINT('',(13.0828,-57.891932,5.76400000000001));
#14059=CARTESIAN_POINT('Origin',(8.1328,-56.391932,5.76400000000001));
#14060=CARTESIAN_POINT('',(8.1328,-56.891932,7.32000000000001));
#14061=CARTESIAN_POINT('',(8.1328,-55.891932,5.76400000000001));
#14062=CARTESIAN_POINT('Origin',(8.1328,-55.891932,5.76400000000001));
#14063=CARTESIAN_POINT('',(7.63280000000001,-55.891932,7.32000000000001));
#14064=CARTESIAN_POINT('Origin',(7.63280000000001,-56.391932,5.76400000000001));
#14065=CARTESIAN_POINT('',(7.63280000000001,-56.891932,7.32000000000001));
#14066=CARTESIAN_POINT('Origin',(7.63280000000001,-56.891932,5.76400000000001));
#14067=CARTESIAN_POINT('Origin',(11.1328,-56.391932,5.76400000000001));
#14068=CARTESIAN_POINT('',(11.1328,-56.891932,7.32000000000001));
#14069=CARTESIAN_POINT('',(11.1328,-55.891932,5.76400000000001));
#14070=CARTESIAN_POINT('Origin',(11.1328,-55.891932,5.76400000000001));
#14071=CARTESIAN_POINT('',(10.6328,-55.891932,7.32000000000001));
#14072=CARTESIAN_POINT('Origin',(10.6328,-56.391932,5.76400000000001));
#14073=CARTESIAN_POINT('',(10.6328,-56.891932,7.32000000000001));
#14074=CARTESIAN_POINT('Origin',(10.6328,-56.891932,5.76400000000001));
#14075=CARTESIAN_POINT('Origin',(20.8958,-58.485932,5.76400000000001));
#14076=CARTESIAN_POINT('',(20.8958,-57.385932,5.76400000000001));
#14077=CARTESIAN_POINT('Origin',(15.1328,-56.391932,5.76400000000001));
#14078=CARTESIAN_POINT('',(15.1328,-56.891932,7.32000000000001));
#14079=CARTESIAN_POINT('',(15.1328,-55.891932,5.76400000000001));
#14080=CARTESIAN_POINT('Origin',(15.1328,-55.891932,5.76400000000001));
#14081=CARTESIAN_POINT('',(14.6328,-55.891932,7.32000000000001));
#14082=CARTESIAN_POINT('Origin',(14.6328,-56.391932,5.76400000000001));
#14083=CARTESIAN_POINT('',(14.6328,-56.891932,7.32000000000001));
#14084=CARTESIAN_POINT('Origin',(14.6328,-56.891932,5.76400000000001));
#14085=CARTESIAN_POINT('Origin',(31.8528,-61.926932,5.81000000000001));
#14086=CARTESIAN_POINT('',(31.8528,-61.926932,7.32000000000001));
#14087=CARTESIAN_POINT('',(35.4528,-61.926932,5.81000000000001));
#14088=CARTESIAN_POINT('Origin',(31.8528,-58.826932,5.81000000000001));
#14089=CARTESIAN_POINT('',(31.8528,-58.826932,7.32000000000001));
#14090=CARTESIAN_POINT('Origin',(35.4528,-61.926932,5.81000000000001));
#14091=CARTESIAN_POINT('',(35.4528,-58.826932,7.32000000000001));
#14092=CARTESIAN_POINT('Origin',(35.4528,-58.826932,5.81000000000001));
#14093=CARTESIAN_POINT('Origin',(28.5798,-55.621932,5.76400000000001));
#14094=CARTESIAN_POINT('',(28.5798,-54.671932,5.76400000000001));
#14095=CARTESIAN_POINT('Origin',(33.6598,-55.621932,5.76400000000001));
#14096=CARTESIAN_POINT('',(33.6598,-53.571932,5.76400000000001));
#14097=CARTESIAN_POINT('Origin',(6.3498,-53.993932,5.76400000000001));
#14098=CARTESIAN_POINT('',(6.34979999999999,-53.343932,5.76400000000001));
#14099=CARTESIAN_POINT('Origin',(10.2228,-51.241932,5.76400000000001));
#14100=CARTESIAN_POINT('',(10.2228,-50.835532,5.76400000000001));
#14101=CARTESIAN_POINT('Origin',(12.7628,-51.241932,5.76400000000001));
#14102=CARTESIAN_POINT('',(12.7628,-50.835532,5.76400000000001));
#14103=CARTESIAN_POINT('Origin',(15.3028,-51.241932,5.76400000000001));
#14104=CARTESIAN_POINT('',(15.3028,-50.835532,5.76400000000001));
#14105=CARTESIAN_POINT('Origin',(17.8428,-51.241932,5.76400000000001));
#14106=CARTESIAN_POINT('',(17.8428,-50.835532,5.76400000000001));
#14107=CARTESIAN_POINT('Origin',(6.3498,-47.493932,5.76400000000001));
#14108=CARTESIAN_POINT('',(6.34979999999999,-46.843932,5.76400000000001));
#14109=CARTESIAN_POINT('Origin',(29.8498,-53.081932,5.76400000000001));
#14110=CARTESIAN_POINT('',(29.8498,-51.581932,5.76400000000001));
#14111=CARTESIAN_POINT('Origin',(36.1998,-50.541932,5.76400000000001));
#14112=CARTESIAN_POINT('',(36.1998,-49.041932,5.76400000000001));
#14113=CARTESIAN_POINT('Origin',(38.7398,-55.621932,5.76400000000001));
#14114=CARTESIAN_POINT('',(38.7398,-54.671932,5.76400000000001));
#14115=CARTESIAN_POINT('Origin',(50.8528,-59.551932,5.81000000000001));
#14116=CARTESIAN_POINT('',(50.8528,-59.551932,7.32000000000001));
#14117=CARTESIAN_POINT('',(54.4528,-59.551932,5.81000000000001));
#14118=CARTESIAN_POINT('Origin',(50.8528,-56.451932,5.81000000000001));
#14119=CARTESIAN_POINT('',(50.8528,-56.451932,7.32000000000001));
#14120=CARTESIAN_POINT('Origin',(54.4528,-59.551932,5.81000000000001));
#14121=CARTESIAN_POINT('',(54.4528,-56.451932,7.32000000000001));
#14122=CARTESIAN_POINT('Origin',(54.4528,-56.451932,5.81000000000001));
#14123=CARTESIAN_POINT('Origin',(47.5798,-53.246932,5.76400000000001));
#14124=CARTESIAN_POINT('',(47.5798,-52.296932,5.76400000000001));
#14125=CARTESIAN_POINT('Origin',(52.6598,-53.246932,5.76400000000001));
#14126=CARTESIAN_POINT('',(52.6598,-51.196932,5.76400000000001));
#14127=CARTESIAN_POINT('Origin',(48.8498,-50.706932,5.76400000000001));
#14128=CARTESIAN_POINT('',(48.8498,-49.206932,5.76400000000001));
#14129=CARTESIAN_POINT('Origin',(57.7398,-53.246932,5.76400000000001));
#14130=CARTESIAN_POINT('',(57.7398,-52.296932,5.76400000000001));
#14131=CARTESIAN_POINT('Origin',(66.5798,-50.871932,5.76400000000001));
#14132=CARTESIAN_POINT('',(66.5798,-49.921932,5.76400000000001));
#14133=CARTESIAN_POINT('Origin',(55.1998,-48.166932,5.76400000000001));
#14134=CARTESIAN_POINT('',(55.1998,-46.666932,5.76400000000001));
#14135=CARTESIAN_POINT('Origin',(67.8498,-48.331932,5.76400000000001));
#14136=CARTESIAN_POINT('',(67.8498,-46.831932,5.76400000000001));
#14137=CARTESIAN_POINT('Origin',(76.0008,-65.752432,5.76400000000001));
#14138=CARTESIAN_POINT('',(76.0008,-63.602432,5.76400000000001));
#14139=CARTESIAN_POINT('Origin',(69.8528,-57.176932,5.81000000000001));
#14140=CARTESIAN_POINT('',(69.8528,-57.176932,7.32000000000001));
#14141=CARTESIAN_POINT('',(73.4528,-57.176932,5.81000000000001));
#14142=CARTESIAN_POINT('Origin',(69.8528,-54.076932,5.81000000000001));
#14143=CARTESIAN_POINT('',(69.8528,-54.076932,7.32000000000001));
#14144=CARTESIAN_POINT('Origin',(73.4528,-57.176932,5.81000000000001));
#14145=CARTESIAN_POINT('',(73.4528,-54.076932,7.32000000000001));
#14146=CARTESIAN_POINT('Origin',(73.4528,-54.076932,5.81000000000001));
#14147=CARTESIAN_POINT('Origin',(88.8528,-59.551932,5.81000000000001));
#14148=CARTESIAN_POINT('',(88.8528,-59.551932,7.32000000000001));
#14149=CARTESIAN_POINT('',(92.4528,-59.551932,5.81000000000001));
#14150=CARTESIAN_POINT('Origin',(88.8528,-56.451932,5.81000000000001));
#14151=CARTESIAN_POINT('',(88.8528,-56.451932,7.32000000000001));
#14152=CARTESIAN_POINT('Origin',(92.4528,-59.551932,5.81000000000001));
#14153=CARTESIAN_POINT('',(92.4528,-56.451932,7.32000000000001));
#14154=CARTESIAN_POINT('Origin',(92.4528,-56.451932,5.81000000000001));
#14155=CARTESIAN_POINT('Origin',(71.6598,-50.871932,5.76400000000001));
#14156=CARTESIAN_POINT('',(71.6598,-48.821932,5.76400000000001));
#14157=CARTESIAN_POINT('Origin',(76.7398,-50.871932,5.76400000000001));
#14158=CARTESIAN_POINT('',(76.7398,-49.921932,5.76400000000001));
#14159=CARTESIAN_POINT('Origin',(85.5798,-53.246932,5.76400000000001));
#14160=CARTESIAN_POINT('',(85.5798,-52.296932,5.76400000000001));
#14161=CARTESIAN_POINT('Origin',(74.1998,-45.791932,5.76400000000001));
#14162=CARTESIAN_POINT('',(74.1998,-44.291932,5.76400000000001));
#14163=CARTESIAN_POINT('Origin',(90.6598,-53.246932,5.76400000000001));
#14164=CARTESIAN_POINT('',(90.6598,-51.196932,5.76400000000001));
#14165=CARTESIAN_POINT('Origin',(86.8498,-50.706932,5.76400000000001));
#14166=CARTESIAN_POINT('',(86.8498,-49.206932,5.76400000000001));
#14167=CARTESIAN_POINT('Origin',(95.7398,-53.246932,5.76400000000001));
#14168=CARTESIAN_POINT('',(95.7398,-52.296932,5.76400000000001));
#14169=CARTESIAN_POINT('Origin',(93.1998,-48.166932,5.76400000000001));
#14170=CARTESIAN_POINT('',(93.1998,-46.666932,5.76400000000001));
#14171=CARTESIAN_POINT('Origin',(107.8528,-64.301932,5.81000000000001));
#14172=CARTESIAN_POINT('',(107.8528,-64.301932,7.32000000000001));
#14173=CARTESIAN_POINT('',(111.4528,-64.301932,5.81000000000001));
#14174=CARTESIAN_POINT('Origin',(107.8528,-61.201932,5.81000000000001));
#14175=CARTESIAN_POINT('',(107.8528,-61.201932,7.32000000000001));
#14176=CARTESIAN_POINT('Origin',(111.4528,-64.301932,5.81000000000001));
#14177=CARTESIAN_POINT('',(111.4528,-61.201932,7.32000000000001));
#14178=CARTESIAN_POINT('Origin',(111.4528,-61.201932,5.81000000000001));
#14179=CARTESIAN_POINT('Origin',(104.5798,-57.996932,5.76400000000001));
#14180=CARTESIAN_POINT('',(104.5798,-57.046932,5.76400000000001));
#14181=CARTESIAN_POINT('Origin',(109.6598,-57.996932,5.76400000000001));
#14182=CARTESIAN_POINT('',(109.6598,-55.946932,5.76400000000001));
#14183=CARTESIAN_POINT('Origin',(105.8498,-55.456932,5.76400000000001));
#14184=CARTESIAN_POINT('',(105.8498,-53.956932,5.76400000000001));
#14185=CARTESIAN_POINT('Origin',(114.7398,-57.996932,5.76400000000001));
#14186=CARTESIAN_POINT('',(114.7398,-57.046932,5.76400000000001));
#14187=CARTESIAN_POINT('Origin',(126.8528,-64.301932,5.81000000000001));
#14188=CARTESIAN_POINT('',(126.8528,-64.301932,7.32000000000001));
#14189=CARTESIAN_POINT('',(130.4528,-64.301932,5.81000000000001));
#14190=CARTESIAN_POINT('Origin',(126.8528,-61.201932,5.81000000000001));
#14191=CARTESIAN_POINT('',(126.8528,-61.201932,7.32000000000001));
#14192=CARTESIAN_POINT('Origin',(130.4528,-64.301932,5.81000000000001));
#14193=CARTESIAN_POINT('',(130.4528,-61.201932,7.32000000000001));
#14194=CARTESIAN_POINT('Origin',(130.4528,-61.201932,5.81000000000001));
#14195=CARTESIAN_POINT('Origin',(123.5798,-57.996932,5.76400000000001));
#14196=CARTESIAN_POINT('',(123.5798,-57.046932,5.76400000000001));
#14197=CARTESIAN_POINT('Origin',(124.8498,-55.456932,5.76400000000001));
#14198=CARTESIAN_POINT('',(124.8498,-53.956932,5.76400000000001));
#14199=CARTESIAN_POINT('Origin',(128.6598,-57.996932,5.76400000000001));
#14200=CARTESIAN_POINT('',(128.6598,-55.946932,5.76400000000001));
#14201=CARTESIAN_POINT('Origin',(133.7398,-57.996932,5.76400000000001));
#14202=CARTESIAN_POINT('',(133.7398,-57.046932,5.76400000000001));
#14203=CARTESIAN_POINT('Origin',(112.1998,-52.916932,5.76400000000001));
#14204=CARTESIAN_POINT('',(112.1998,-51.416932,5.76400000000001));
#14205=CARTESIAN_POINT('Origin',(131.1998,-52.916932,5.76400000000001));
#14206=CARTESIAN_POINT('',(131.1998,-51.416932,5.76400000000001));
#14207=CARTESIAN_POINT('Origin',(119.1448,-48.487432,5.76400000000001));
#14208=CARTESIAN_POINT('',(119.1448,-46.337432,5.76400000000001));
#14209=CARTESIAN_POINT('Origin',(6.42420000000001,-44.073932,5.76400000000001));
#14210=CARTESIAN_POINT('',(6.42420000000001,-43.667532,5.76400000000001));
#14211=CARTESIAN_POINT('Origin',(6.42420000000001,-41.533932,5.76400000000001));
#14212=CARTESIAN_POINT('',(6.42420000000001,-41.127532,5.76400000000001));
#14213=CARTESIAN_POINT('Origin',(6.42420000000001,-38.993932,5.76400000000001));
#14214=CARTESIAN_POINT('',(6.42420000000001,-38.587532,5.76400000000001));
#14215=CARTESIAN_POINT('Origin',(6.42420000000001,-36.453932,5.76400000000001));
#14216=CARTESIAN_POINT('',(6.42420000000001,-36.047532,5.76400000000001));
#14217=CARTESIAN_POINT('Origin',(21.6442,-44.073932,5.76400000000001));
#14218=CARTESIAN_POINT('',(21.6442,-43.667532,5.76400000000001));
#14219=CARTESIAN_POINT('Origin',(21.6442,-41.533932,5.76400000000001));
#14220=CARTESIAN_POINT('',(21.6442,-41.127532,5.76400000000001));
#14221=CARTESIAN_POINT('Origin',(31.8528,-42.926932,5.81000000000001));
#14222=CARTESIAN_POINT('',(31.8528,-42.926932,7.32000000000001));
#14223=CARTESIAN_POINT('',(35.4528,-42.926932,5.81000000000001));
#14224=CARTESIAN_POINT('Origin',(31.8528,-39.826932,5.81000000000001));
#14225=CARTESIAN_POINT('',(31.8528,-39.826932,7.32000000000001));
#14226=CARTESIAN_POINT('Origin',(35.4528,-42.926932,5.81000000000001));
#14227=CARTESIAN_POINT('',(35.4528,-39.826932,7.32000000000001));
#14228=CARTESIAN_POINT('Origin',(35.4528,-39.826932,5.81000000000001));
#14229=CARTESIAN_POINT('Origin',(21.6442,-38.993932,5.76400000000001));
#14230=CARTESIAN_POINT('',(21.6442,-38.587532,5.76400000000001));
#14231=CARTESIAN_POINT('Origin',(21.6442,-36.453932,5.76400000000001));
#14232=CARTESIAN_POINT('',(21.6442,-36.047532,5.76400000000001));
#14233=CARTESIAN_POINT('Origin',(28.5798,-36.621932,5.76400000000001));
#14234=CARTESIAN_POINT('',(28.5798,-35.671932,5.76400000000001));
#14235=CARTESIAN_POINT('Origin',(33.6598,-36.621932,5.76400000000001));
#14236=CARTESIAN_POINT('',(33.6598,-34.571932,5.76400000000001));
#14237=CARTESIAN_POINT('Origin',(6.42420000000001,-33.913932,5.76400000000001));
#14238=CARTESIAN_POINT('',(6.42420000000001,-33.507532,5.76400000000001));
#14239=CARTESIAN_POINT('Origin',(6.42420000000001,-31.373932,5.76400000000001));
#14240=CARTESIAN_POINT('',(6.42420000000001,-30.967532,5.76400000000001));
#14241=CARTESIAN_POINT('Origin',(6.42420000000001,-28.833932,5.76400000000001));
#14242=CARTESIAN_POINT('',(6.42420000000001,-28.427532,5.76400000000001));
#14243=CARTESIAN_POINT('Origin',(6.42420000000001,-26.293932,5.76400000000001));
#14244=CARTESIAN_POINT('',(6.42420000000001,-25.887532,5.76400000000001));
#14245=CARTESIAN_POINT('Origin',(21.6442,-33.913932,5.76400000000001));
#14246=CARTESIAN_POINT('',(21.6442,-33.507532,5.76400000000001));
#14247=CARTESIAN_POINT('Origin',(21.6442,-31.373932,5.76400000000001));
#14248=CARTESIAN_POINT('',(21.6442,-30.967532,5.76400000000001));
#14249=CARTESIAN_POINT('Origin',(29.8498,-34.081932,5.76400000000001));
#14250=CARTESIAN_POINT('',(29.8498,-32.581932,5.76400000000001));
#14251=CARTESIAN_POINT('Origin',(36.1998,-31.541932,5.76400000000001));
#14252=CARTESIAN_POINT('',(36.1998,-30.041932,5.76400000000001));
#14253=CARTESIAN_POINT('Origin',(21.6442,-28.833932,5.76400000000001));
#14254=CARTESIAN_POINT('',(21.6442,-28.427532,5.76400000000001));
#14255=CARTESIAN_POINT('Origin',(21.6442,-26.293932,5.76400000000001));
#14256=CARTESIAN_POINT('',(21.6442,-25.887532,5.76400000000001));
#14257=CARTESIAN_POINT('Origin',(38.7398,-36.621932,5.76400000000001));
#14258=CARTESIAN_POINT('',(38.7398,-35.671932,5.76400000000001));
#14259=CARTESIAN_POINT('Origin',(50.8528,-40.551932,5.81000000000001));
#14260=CARTESIAN_POINT('',(50.8528,-40.551932,7.32000000000001));
#14261=CARTESIAN_POINT('',(54.4528,-40.551932,5.81000000000001));
#14262=CARTESIAN_POINT('Origin',(50.8528,-37.451932,5.81000000000001));
#14263=CARTESIAN_POINT('',(50.8528,-37.451932,7.32000000000001));
#14264=CARTESIAN_POINT('Origin',(54.4528,-40.551932,5.81000000000001));
#14265=CARTESIAN_POINT('',(54.4528,-37.451932,7.32000000000001));
#14266=CARTESIAN_POINT('Origin',(54.4528,-37.451932,5.81000000000001));
#14267=CARTESIAN_POINT('Origin',(47.5798,-34.246932,5.76400000000001));
#14268=CARTESIAN_POINT('',(47.5798,-33.296932,5.76400000000001));
#14269=CARTESIAN_POINT('Origin',(52.6598,-34.246932,5.76400000000001));
#14270=CARTESIAN_POINT('',(52.6598,-32.196932,5.76400000000001));
#14271=CARTESIAN_POINT('Origin',(48.8498,-31.706932,5.76400000000001));
#14272=CARTESIAN_POINT('',(48.8498,-30.206932,5.76400000000001));
#14273=CARTESIAN_POINT('Origin',(43.1898,-25.997432,5.76400000000001));
#14274=CARTESIAN_POINT('',(43.1898,-23.847432,5.76400000000001));
#14275=CARTESIAN_POINT('Origin',(57.7398,-34.246932,5.76400000000001));
#14276=CARTESIAN_POINT('',(57.7398,-33.296932,5.76400000000001));
#14277=CARTESIAN_POINT('Origin',(66.5798,-31.871932,5.76400000000001));
#14278=CARTESIAN_POINT('',(66.5798,-30.921932,5.76400000000001));
#14279=CARTESIAN_POINT('Origin',(55.1998,-29.166932,5.76400000000001));
#14280=CARTESIAN_POINT('',(55.1998,-27.666932,5.76400000000001));
#14281=CARTESIAN_POINT('Origin',(67.8498,-29.331932,5.76400000000001));
#14282=CARTESIAN_POINT('',(67.8498,-27.831932,5.76400000000001));
#14283=CARTESIAN_POINT('Origin',(6.42420000000001,-23.753932,5.76400000000001));
#14284=CARTESIAN_POINT('',(6.42420000000001,-23.347532,5.76400000000001));
#14285=CARTESIAN_POINT('Origin',(6.42420000000001,-21.213932,5.76400000000001));
#14286=CARTESIAN_POINT('',(6.42420000000001,-20.807532,5.76400000000001));
#14287=CARTESIAN_POINT('Origin',(6.42420000000001,-18.673932,5.76400000000001));
#14288=CARTESIAN_POINT('',(6.42420000000001,-18.267532,5.76400000000001));
#14289=CARTESIAN_POINT('Origin',(6.42420000000001,-16.133932,5.76400000000001));
#14290=CARTESIAN_POINT('',(6.42420000000001,-15.727532,5.76400000000001));
#14291=CARTESIAN_POINT('Origin',(21.6442,-23.753932,5.76400000000001));
#14292=CARTESIAN_POINT('',(21.6442,-23.347532,5.76400000000001));
#14293=CARTESIAN_POINT('Origin',(21.6442,-21.213932,5.76400000000001));
#14294=CARTESIAN_POINT('',(21.6442,-20.807532,5.76400000000001));
#14295=CARTESIAN_POINT('Origin',(31.8528,-23.926932,5.81000000000001));
#14296=CARTESIAN_POINT('',(31.8528,-23.926932,7.32000000000001));
#14297=CARTESIAN_POINT('',(35.4528,-23.926932,5.81000000000001));
#14298=CARTESIAN_POINT('Origin',(31.8528,-20.826932,5.81000000000001));
#14299=CARTESIAN_POINT('',(31.8528,-20.826932,7.32000000000001));
#14300=CARTESIAN_POINT('Origin',(35.4528,-23.926932,5.81000000000001));
#14301=CARTESIAN_POINT('',(35.4528,-20.826932,7.32000000000001));
#14302=CARTESIAN_POINT('Origin',(35.4528,-20.826932,5.81000000000001));
#14303=CARTESIAN_POINT('Origin',(21.6442,-18.673932,5.76400000000001));
#14304=CARTESIAN_POINT('',(21.6442,-18.267532,5.76400000000001));
#14305=CARTESIAN_POINT('Origin',(21.6442,-16.133932,5.76400000000001));
#14306=CARTESIAN_POINT('',(21.6442,-15.727532,5.76400000000001));
#14307=CARTESIAN_POINT('Origin',(28.5728,-17.626932,5.76400000000001));
#14308=CARTESIAN_POINT('',(28.5728,-16.676932,5.76400000000001));
#14309=CARTESIAN_POINT('Origin',(33.6528,-17.626932,5.76400000000001));
#14310=CARTESIAN_POINT('',(33.6528,-15.576932,5.76400000000001));
#14311=CARTESIAN_POINT('Origin',(29.8428,-15.086932,5.76400000000001));
#14312=CARTESIAN_POINT('',(29.8428,-13.586932,5.76400000000001));
#14313=CARTESIAN_POINT('Origin',(36.1928,-12.546932,5.76400000000001));
#14314=CARTESIAN_POINT('',(36.1928,-11.046932,5.76400000000001));
#14315=CARTESIAN_POINT('Origin',(38.7328,-17.626932,5.76400000000001));
#14316=CARTESIAN_POINT('',(38.7328,-16.676932,5.76400000000001));
#14317=CARTESIAN_POINT('Origin',(50.8528,-21.551932,5.81000000000001));
#14318=CARTESIAN_POINT('',(50.8528,-21.551932,7.32000000000001));
#14319=CARTESIAN_POINT('',(54.4528,-21.551932,5.81000000000001));
#14320=CARTESIAN_POINT('Origin',(50.8528,-18.451932,5.81000000000001));
#14321=CARTESIAN_POINT('',(50.8528,-18.451932,7.32000000000001));
#14322=CARTESIAN_POINT('Origin',(54.4528,-21.551932,5.81000000000001));
#14323=CARTESIAN_POINT('',(54.4528,-18.451932,7.32000000000001));
#14324=CARTESIAN_POINT('Origin',(54.4528,-18.451932,5.81000000000001));
#14325=CARTESIAN_POINT('Origin',(47.5798,-15.246932,5.76400000000001));
#14326=CARTESIAN_POINT('',(47.5798,-14.296932,5.76400000000001));
#14327=CARTESIAN_POINT('Origin',(52.6598,-15.246932,5.76400000000001));
#14328=CARTESIAN_POINT('',(52.6598,-13.196932,5.76400000000001));
#14329=CARTESIAN_POINT('Origin',(48.8498,-12.706932,5.76400000000001));
#14330=CARTESIAN_POINT('',(48.8498,-11.206932,5.76400000000001));
#14331=CARTESIAN_POINT('Origin',(57.7398,-15.246932,5.76400000000001));
#14332=CARTESIAN_POINT('',(57.7398,-14.296932,5.76400000000001));
#14333=CARTESIAN_POINT('Origin',(66.5798,-12.871932,5.76400000000001));
#14334=CARTESIAN_POINT('',(66.5798,-11.921932,5.76400000000001));
#14335=CARTESIAN_POINT('Origin',(55.1998,-10.166932,5.76400000000001));
#14336=CARTESIAN_POINT('',(55.1998,-8.66693200000001,5.76400000000001));
#14337=CARTESIAN_POINT('Origin',(67.8498,-10.331932,5.76400000000001));
#14338=CARTESIAN_POINT('',(67.8498,-8.83193200000001,5.76400000000001));
#14339=CARTESIAN_POINT('Origin',(69.8528,-38.176932,5.81000000000001));
#14340=CARTESIAN_POINT('',(69.8528,-38.176932,7.32000000000001));
#14341=CARTESIAN_POINT('',(73.4528,-38.176932,5.81000000000001));
#14342=CARTESIAN_POINT('Origin',(69.8528,-35.076932,5.81000000000001));
#14343=CARTESIAN_POINT('',(69.8528,-35.076932,7.32000000000001));
#14344=CARTESIAN_POINT('Origin',(73.4528,-38.176932,5.81000000000001));
#14345=CARTESIAN_POINT('',(73.4528,-35.076932,7.32000000000001));
#14346=CARTESIAN_POINT('Origin',(73.4528,-35.076932,5.81000000000001));
#14347=CARTESIAN_POINT('Origin',(88.8528,-40.551932,5.81000000000001));
#14348=CARTESIAN_POINT('',(88.8528,-40.551932,7.32000000000001));
#14349=CARTESIAN_POINT('',(92.4528,-40.551932,5.81000000000001));
#14350=CARTESIAN_POINT('Origin',(88.8528,-37.451932,5.81000000000001));
#14351=CARTESIAN_POINT('',(88.8528,-37.451932,7.32000000000001));
#14352=CARTESIAN_POINT('Origin',(92.4528,-40.551932,5.81000000000001));
#14353=CARTESIAN_POINT('',(92.4528,-37.451932,7.32000000000001));
#14354=CARTESIAN_POINT('Origin',(92.4528,-37.451932,5.81000000000001));
#14355=CARTESIAN_POINT('Origin',(71.6598,-31.871932,5.76400000000001));
#14356=CARTESIAN_POINT('',(71.6598,-29.821932,5.76400000000001));
#14357=CARTESIAN_POINT('Origin',(76.7398,-31.871932,5.76400000000001));
#14358=CARTESIAN_POINT('',(76.7398,-30.921932,5.76400000000001));
#14359=CARTESIAN_POINT('Origin',(85.5798,-34.246932,5.76400000000001));
#14360=CARTESIAN_POINT('',(85.5798,-33.296932,5.76400000000001));
#14361=CARTESIAN_POINT('Origin',(74.1998,-26.791932,5.76400000000001));
#14362=CARTESIAN_POINT('',(74.1998,-25.291932,5.76400000000001));
#14363=CARTESIAN_POINT('Origin',(90.6598,-34.246932,5.76400000000001));
#14364=CARTESIAN_POINT('',(90.6598,-32.196932,5.76400000000001));
#14365=CARTESIAN_POINT('Origin',(86.8498,-31.706932,5.76400000000001));
#14366=CARTESIAN_POINT('',(86.8498,-30.206932,5.76400000000001));
#14367=CARTESIAN_POINT('Origin',(95.7398,-34.246932,5.76400000000001));
#14368=CARTESIAN_POINT('',(95.7398,-33.296932,5.76400000000001));
#14369=CARTESIAN_POINT('Origin',(93.1998,-29.166932,5.76400000000001));
#14370=CARTESIAN_POINT('',(93.1998,-27.666932,5.76400000000001));
#14371=CARTESIAN_POINT('Origin',(107.8528,-45.301932,5.81000000000001));
#14372=CARTESIAN_POINT('',(107.8528,-45.301932,7.32000000000001));
#14373=CARTESIAN_POINT('',(111.4528,-45.301932,5.81000000000001));
#14374=CARTESIAN_POINT('Origin',(107.8528,-42.201932,5.81000000000001));
#14375=CARTESIAN_POINT('',(107.8528,-42.201932,7.32000000000001));
#14376=CARTESIAN_POINT('Origin',(111.4528,-45.301932,5.81000000000001));
#14377=CARTESIAN_POINT('',(111.4528,-42.201932,7.32000000000001));
#14378=CARTESIAN_POINT('Origin',(111.4528,-42.201932,5.81000000000001));
#14379=CARTESIAN_POINT('Origin',(104.5798,-38.996932,5.76400000000001));
#14380=CARTESIAN_POINT('',(104.5798,-38.046932,5.76400000000001));
#14381=CARTESIAN_POINT('Origin',(109.6598,-38.996932,5.76400000000001));
#14382=CARTESIAN_POINT('',(109.6598,-36.946932,5.76400000000001));
#14383=CARTESIAN_POINT('Origin',(105.8498,-36.456932,5.76400000000001));
#14384=CARTESIAN_POINT('',(105.8498,-34.956932,5.76400000000001));
#14385=CARTESIAN_POINT('Origin',(114.7398,-38.996932,5.76400000000001));
#14386=CARTESIAN_POINT('',(114.7398,-38.046932,5.76400000000001));
#14387=CARTESIAN_POINT('Origin',(126.8528,-45.301932,5.81000000000001));
#14388=CARTESIAN_POINT('',(126.8528,-45.301932,7.32000000000001));
#14389=CARTESIAN_POINT('',(130.4528,-45.301932,5.81000000000001));
#14390=CARTESIAN_POINT('Origin',(126.8528,-42.201932,5.81000000000001));
#14391=CARTESIAN_POINT('',(126.8528,-42.201932,7.32000000000001));
#14392=CARTESIAN_POINT('Origin',(130.4528,-45.301932,5.81000000000001));
#14393=CARTESIAN_POINT('',(130.4528,-42.201932,7.32000000000001));
#14394=CARTESIAN_POINT('Origin',(130.4528,-42.201932,5.81000000000001));
#14395=CARTESIAN_POINT('Origin',(123.5798,-38.996932,5.76400000000001));
#14396=CARTESIAN_POINT('',(123.5798,-38.046932,5.76400000000001));
#14397=CARTESIAN_POINT('Origin',(124.8498,-36.456932,5.76400000000001));
#14398=CARTESIAN_POINT('',(124.8498,-34.956932,5.76400000000001));
#14399=CARTESIAN_POINT('Origin',(128.6598,-38.996932,5.76400000000001));
#14400=CARTESIAN_POINT('',(128.6598,-36.946932,5.76400000000001));
#14401=CARTESIAN_POINT('Origin',(133.7398,-38.996932,5.76400000000001));
#14402=CARTESIAN_POINT('',(133.7398,-38.046932,5.76400000000001));
#14403=CARTESIAN_POINT('Origin',(112.1998,-33.916932,5.76400000000001));
#14404=CARTESIAN_POINT('',(112.1998,-32.416932,5.76400000000001));
#14405=CARTESIAN_POINT('Origin',(131.1998,-33.916932,5.76400000000001));
#14406=CARTESIAN_POINT('',(131.1998,-32.416932,5.76400000000001));
#14407=CARTESIAN_POINT('Origin',(119.1448,-29.487432,5.76400000000001));
#14408=CARTESIAN_POINT('',(119.1448,-27.337432,5.76400000000001));
#14409=CARTESIAN_POINT('Origin',(69.8528,-19.176932,5.81000000000001));
#14410=CARTESIAN_POINT('',(69.8528,-19.176932,7.32000000000001));
#14411=CARTESIAN_POINT('',(73.4528,-19.176932,5.81000000000001));
#14412=CARTESIAN_POINT('Origin',(69.8528,-16.076932,5.81000000000001));
#14413=CARTESIAN_POINT('',(69.8528,-16.076932,7.32000000000001));
#14414=CARTESIAN_POINT('Origin',(73.4528,-19.176932,5.81000000000001));
#14415=CARTESIAN_POINT('',(73.4528,-16.076932,7.32000000000001));
#14416=CARTESIAN_POINT('Origin',(73.4528,-16.076932,5.81000000000001));
#14417=CARTESIAN_POINT('Origin',(88.8528,-21.551932,5.81000000000001));
#14418=CARTESIAN_POINT('',(88.8528,-21.551932,7.32000000000001));
#14419=CARTESIAN_POINT('',(92.4528,-21.551932,5.81000000000001));
#14420=CARTESIAN_POINT('Origin',(88.8528,-18.451932,5.81000000000001));
#14421=CARTESIAN_POINT('',(88.8528,-18.451932,7.32000000000001));
#14422=CARTESIAN_POINT('Origin',(92.4528,-21.551932,5.81000000000001));
#14423=CARTESIAN_POINT('',(92.4528,-18.451932,7.32000000000001));
#14424=CARTESIAN_POINT('Origin',(92.4528,-18.451932,5.81000000000001));
#14425=CARTESIAN_POINT('Origin',(71.6598,-12.871932,5.76400000000001));
#14426=CARTESIAN_POINT('',(71.6598,-10.821932,5.76400000000001));
#14427=CARTESIAN_POINT('Origin',(76.7398,-12.871932,5.76400000000001));
#14428=CARTESIAN_POINT('',(76.7398,-11.921932,5.76400000000001));
#14429=CARTESIAN_POINT('Origin',(85.5798,-15.246932,5.76400000000001));
#14430=CARTESIAN_POINT('',(85.5798,-14.296932,5.76400000000001));
#14431=CARTESIAN_POINT('Origin',(74.1998,-7.79193200000001,5.76400000000001));
#14432=CARTESIAN_POINT('',(74.1998,-6.29193200000001,5.76400000000001));
#14433=CARTESIAN_POINT('Origin',(90.6598,-15.246932,5.76400000000001));
#14434=CARTESIAN_POINT('',(90.6598,-13.196932,5.76400000000001));
#14435=CARTESIAN_POINT('Origin',(86.8498,-12.706932,5.76400000000001));
#14436=CARTESIAN_POINT('',(86.8498,-11.206932,5.76400000000001));
#14437=CARTESIAN_POINT('Origin',(95.7398,-15.246932,5.76400000000001));
#14438=CARTESIAN_POINT('',(95.7398,-14.296932,5.76400000000001));
#14439=CARTESIAN_POINT('Origin',(93.1998,-10.166932,5.76400000000001));
#14440=CARTESIAN_POINT('',(93.1998,-8.66693200000001,5.76400000000001));
#14441=CARTESIAN_POINT('Origin',(107.8528,-26.301932,5.81000000000001));
#14442=CARTESIAN_POINT('',(107.8528,-26.301932,7.32000000000001));
#14443=CARTESIAN_POINT('',(111.4528,-26.301932,5.81000000000001));
#14444=CARTESIAN_POINT('Origin',(107.8528,-23.201932,5.81000000000001));
#14445=CARTESIAN_POINT('',(107.8528,-23.201932,7.32000000000001));
#14446=CARTESIAN_POINT('Origin',(111.4528,-26.301932,5.81000000000001));
#14447=CARTESIAN_POINT('',(111.4528,-23.201932,7.32000000000001));
#14448=CARTESIAN_POINT('Origin',(111.4528,-23.201932,5.81000000000001));
#14449=CARTESIAN_POINT('Origin',(104.5798,-19.996932,5.76400000000001));
#14450=CARTESIAN_POINT('',(104.5798,-19.046932,5.76400000000001));
#14451=CARTESIAN_POINT('Origin',(109.6598,-19.996932,5.76400000000001));
#14452=CARTESIAN_POINT('',(109.6598,-17.946932,5.76400000000001));
#14453=CARTESIAN_POINT('Origin',(105.8498,-17.456932,5.76400000000001));
#14454=CARTESIAN_POINT('',(105.8498,-15.956932,5.76400000000001));
#14455=CARTESIAN_POINT('Origin',(114.7398,-19.996932,5.76400000000001));
#14456=CARTESIAN_POINT('',(114.7398,-19.046932,5.76400000000001));
#14457=CARTESIAN_POINT('Origin',(126.8528,-26.301932,5.81000000000001));
#14458=CARTESIAN_POINT('',(126.8528,-26.301932,7.32000000000001));
#14459=CARTESIAN_POINT('',(130.4528,-26.301932,5.81000000000001));
#14460=CARTESIAN_POINT('Origin',(126.8528,-23.201932,5.81000000000001));
#14461=CARTESIAN_POINT('',(126.8528,-23.201932,7.32000000000001));
#14462=CARTESIAN_POINT('Origin',(130.4528,-26.301932,5.81000000000001));
#14463=CARTESIAN_POINT('',(130.4528,-23.201932,7.32000000000001));
#14464=CARTESIAN_POINT('Origin',(130.4528,-23.201932,5.81000000000001));
#14465=CARTESIAN_POINT('Origin',(123.5798,-19.996932,5.76400000000001));
#14466=CARTESIAN_POINT('',(123.5798,-19.046932,5.76400000000001));
#14467=CARTESIAN_POINT('Origin',(124.8498,-17.456932,5.76400000000001));
#14468=CARTESIAN_POINT('',(124.8498,-15.956932,5.76400000000001));
#14469=CARTESIAN_POINT('Origin',(128.6598,-19.996932,5.76400000000001));
#14470=CARTESIAN_POINT('',(128.6598,-17.946932,5.76400000000001));
#14471=CARTESIAN_POINT('Origin',(133.7398,-19.996932,5.76400000000001));
#14472=CARTESIAN_POINT('',(133.7398,-19.046932,5.76400000000001));
#14473=CARTESIAN_POINT('Origin',(112.1998,-14.916932,5.76400000000001));
#14474=CARTESIAN_POINT('',(112.1998,-13.416932,5.76400000000001));
#14475=CARTESIAN_POINT('Origin',(131.1998,-14.916932,5.76400000000001));
#14476=CARTESIAN_POINT('',(131.1998,-13.416932,5.76400000000001));
#14477=UNCERTAINTY_MEASURE_WITH_UNIT(LENGTH_MEASURE(0.01),#14481,
'DISTANCE_ACCURACY_VALUE',
'Maximum model space distance between geometric entities at asserted c
onnectivities');
#14478=UNCERTAINTY_MEASURE_WITH_UNIT(LENGTH_MEASURE(0.01),#14481,
'DISTANCE_ACCURACY_VALUE',
'Maximum model space distance between geometric entities at asserted c
onnectivities');
#14479=(
GEOMETRIC_REPRESENTATION_CONTEXT(3)
GLOBAL_UNCERTAINTY_ASSIGNED_CONTEXT((#14477))
GLOBAL_UNIT_ASSIGNED_CONTEXT((#14481,#14483,#14484))
REPRESENTATION_CONTEXT('','3D')
);
#14480=(
GEOMETRIC_REPRESENTATION_CONTEXT(3)
GLOBAL_UNCERTAINTY_ASSIGNED_CONTEXT((#14478))
GLOBAL_UNIT_ASSIGNED_CONTEXT((#14481,#14483,#14484))
REPRESENTATION_CONTEXT('','3D')
);
#14481=(
LENGTH_UNIT()
NAMED_UNIT(*)
SI_UNIT(.MILLI.,.METRE.)
);
#14482=(
LENGTH_UNIT()
NAMED_UNIT(*)
SI_UNIT($,.METRE.)
);
#14483=(
NAMED_UNIT(*)
PLANE_ANGLE_UNIT()
SI_UNIT($,.RADIAN.)
);
#14484=(
NAMED_UNIT(*)
SI_UNIT($,.STERADIAN.)
SOLID_ANGLE_UNIT()
);
#14485=SHAPE_DEFINITION_REPRESENTATION(#14486,#14487);
#14486=PRODUCT_DEFINITION_SHAPE('',$,#14489);
#14487=SHAPE_REPRESENTATION('',(#8967),#14479);
#14488=PRODUCT_DEFINITION_CONTEXT('part definition',#14493,'design');
#14489=PRODUCT_DEFINITION('PCB','PCB',#14490,#14488);
#14490=PRODUCT_DEFINITION_FORMATION('',$,#14495);
#14491=PRODUCT_RELATED_PRODUCT_CATEGORY('PCB','PCB',(#14495));
#14492=APPLICATION_PROTOCOL_DEFINITION('international standard',
'automotive_design',2009,#14493);
#14493=APPLICATION_CONTEXT(
'Core Data for Automotive Mechanical Design Process');
#14494=PRODUCT_CONTEXT('part definition',#14493,'mechanical');
#14495=PRODUCT('PCB','PCB',$,(#14494));
#14496=PRESENTATION_STYLE_ASSIGNMENT((#14498));
#14497=PRESENTATION_STYLE_ASSIGNMENT((#14499));
#14498=SURFACE_STYLE_USAGE(.BOTH.,#14500);
#14499=SURFACE_STYLE_USAGE(.BOTH.,#14501);
#14500=SURFACE_SIDE_STYLE('',(#14502));
#14501=SURFACE_SIDE_STYLE('',(#14503));
#14502=SURFACE_STYLE_FILL_AREA(#14504);
#14503=SURFACE_STYLE_FILL_AREA(#14505);
#14504=FILL_AREA_STYLE('Steel - Satin',(#14506));
#14505=FILL_AREA_STYLE('Opaque(80,124,105)',(#14507));
#14506=FILL_AREA_STYLE_COLOUR('Steel - Satin',#14508);
#14507=FILL_AREA_STYLE_COLOUR('Opaque(80,124,105)',#14509);
#14508=COLOUR_RGB('Steel - Satin',0.627450980392157,0.627450980392157,0.627450980392157);
#14509=COLOUR_RGB('Opaque(80,124,105)',0.313725490196078,0.486274509803922,
0.411764705882353);
ENDSEC;
END-ISO-10303-21;
