ISO-10303-21;
HEADER;
/* Generated by software containing ST-Developer
 * from STEP Tools, Inc. (www.steptools.com) 
 */

FILE_DESCRIPTION(
/* description */ (''),
/* implementation_level */ '2;1');

FILE_NAME(
/* name */ 'plate.step',
/* time_stamp */ '2026-08-22T09:25:39+03:00',
/* author */ (''),
/* organization */ (''),
/* preprocessor_version */ 'ST-DEVELOPER v20.1',
/* originating_system */ 'Autodesk Translation Framework v15.8.0.0',
/* authorisation */ '');

FILE_SCHEMA (('AUTOMOTIVE_DESIGN { 1 0 10303 214 3 1 1 }'));
ENDSEC;

DATA;
#10=MECHANICAL_DESIGN_GEOMETRIC_PRESENTATION_REPRESENTATION('',(#13),#11086);
#11=SHAPE_REPRESENTATION_RELATIONSHIP('SRR','None',#11093,#12);
#12=ADVANCED_BREP_SHAPE_REPRESENTATION('',(#14),#11085);
#13=STYLED_ITEM('',(#11102),#14);
#14=MANIFOLD_SOLID_BREP('TopMainBody',#6901);
#15=(
BOUNDED_CURVE()
B_SPLINE_CURVE(2,(#10069,#10070,#10071),.UNSPECIFIED.,.F.,.F.)
B_SPLINE_CURVE_WITH_KNOTS((3,3),(0.645380485597418,0.958341013544883),
 .UNSPECIFIED.)
CURVE()
GEOMETRIC_REPRESENTATION_ITEM()
RATIONAL_B_SPLINE_CURVE((1.42150120544822,1.45487549676954,1.42150120544822))
REPRESENTATION_ITEM('')
);
#16=(
BOUNDED_CURVE()
B_SPLINE_CURVE(2,(#10075,#10076,#10077),.UNSPECIFIED.,.F.,.F.)
B_SPLINE_CURVE_WITH_KNOTS((3,3),(0.202670052952745,0.308662998544149),
 .UNSPECIFIED.)
CURVE()
GEOMETRIC_REPRESENTATION_ITEM()
RATIONAL_B_SPLINE_CURVE((1.60356100996052,1.74642630508965,1.87364321400658))
REPRESENTATION_ITEM('')
);
#17=(
BOUNDED_CURVE()
B_SPLINE_CURVE(2,(#10078,#10079,#10080),.UNSPECIFIED.,.F.,.F.)
B_SPLINE_CURVE_WITH_KNOTS((3,3),(1.34171848675718,1.58003207606998),
 .UNSPECIFIED.)
CURVE()
GEOMETRIC_REPRESENTATION_ITEM()
RATIONAL_B_SPLINE_CURVE((1.6856342434526,1.61126144790842,1.4888381945676))
REPRESENTATION_ITEM('')
);
#18=(
BOUNDED_CURVE()
B_SPLINE_CURVE(2,(#10082,#10083,#10084),.UNSPECIFIED.,.F.,.F.)
B_SPLINE_CURVE_WITH_KNOTS((3,3),(0.186627338148812,0.304004743687213),
 .UNSPECIFIED.)
CURVE()
GEOMETRIC_REPRESENTATION_ITEM()
RATIONAL_B_SPLINE_CURVE((1.61862047633795,1.79661439269852,1.95379834701123))
REPRESENTATION_ITEM('')
);
#19=(
BOUNDED_CURVE()
B_SPLINE_CURVE(2,(#10085,#10086,#10087),.UNSPECIFIED.,.F.,.F.)
B_SPLINE_CURVE_WITH_KNOTS((3,3),(1.33231098869361,1.61373155019624),
 .UNSPECIFIED.)
CURVE()
GEOMETRIC_REPRESENTATION_ITEM()
RATIONAL_B_SPLINE_CURVE((1.73155745631709,1.6470631581743,1.49423393740204))
REPRESENTATION_ITEM('')
);
#20=(
BOUNDED_CURVE()
B_SPLINE_CURVE(2,(#10093,#10094,#10095),.UNSPECIFIED.,.F.,.F.)
B_SPLINE_CURVE_WITH_KNOTS((3,3),(0.358199470905589,0.377523159810823),
 .UNSPECIFIED.)
CURVE()
GEOMETRIC_REPRESENTATION_ITEM()
RATIONAL_B_SPLINE_CURVE((1.49257039651775,1.50288863311548,1.51288663723546))
REPRESENTATION_ITEM('')
);
#21=(
BOUNDED_CURVE()
B_SPLINE_CURVE(2,(#10097,#10098,#10099),.UNSPECIFIED.,.F.,.F.)
B_SPLINE_CURVE_WITH_KNOTS((3,3),(1.58696129842384,1.606218892521),
 .UNSPECIFIED.)
CURVE()
GEOMETRIC_REPRESENTATION_ITEM()
RATIONAL_B_SPLINE_CURVE((1.51335653176196,1.50334535374058,1.49301561216692))
REPRESENTATION_ITEM('')
);
#22=(
BOUNDED_CURVE()
B_SPLINE_CURVE(2,(#10103,#10104,#10105),.UNSPECIFIED.,.F.,.F.)
B_SPLINE_CURVE_WITH_KNOTS((3,3),(0.362119677341305,0.376530450348625),
 .UNSPECIFIED.)
CURVE()
GEOMETRIC_REPRESENTATION_ITEM()
RATIONAL_B_SPLINE_CURVE((1.49059689288634,1.49813705247709,1.50550038892263))
REPRESENTATION_ITEM('')
);
#23=(
BOUNDED_CURVE()
B_SPLINE_CURVE(2,(#10106,#10107,#10108),.UNSPECIFIED.,.F.,.F.)
B_SPLINE_CURVE_WITH_KNOTS((3,3),(1.5892673411014,1.60345976100745),
 .UNSPECIFIED.)
CURVE()
GEOMETRIC_REPRESENTATION_ITEM()
RATIONAL_B_SPLINE_CURVE((1.5075542580285,1.50014869832904,1.49257039652541))
REPRESENTATION_ITEM('')
);
#24=(
BOUNDED_CURVE()
B_SPLINE_CURVE(2,(#10110,#10111,#10112),.UNSPECIFIED.,.F.,.F.)
B_SPLINE_CURVE_WITH_KNOTS((3,3),(0.361235768628235,0.372364992459371),
 .UNSPECIFIED.)
CURVE()
GEOMETRIC_REPRESENTATION_ITEM()
RATIONAL_B_SPLINE_CURVE((1.49103854652591,1.49688838910535,1.50263260077671))
REPRESENTATION_ITEM('')
);
#25=(
BOUNDED_CURVE()
B_SPLINE_CURVE(2,(#10113,#10114,#10115),.UNSPECIFIED.,.F.,.F.)
B_SPLINE_CURVE_WITH_KNOTS((3,3),(1.57997152352965,1.59113896854965),
 .UNSPECIFIED.)
CURVE()
GEOMETRIC_REPRESENTATION_ITEM()
RATIONAL_B_SPLINE_CURVE((1.50217700698709,1.4964400435448,1.49059689289438))
REPRESENTATION_ITEM('')
);
#26=(
BOUNDED_CURVE()
B_SPLINE_CURVE(2,(#10117,#10118,#10119),.UNSPECIFIED.,.F.,.F.)
B_SPLINE_CURVE_WITH_KNOTS((3,3),(0.357325420980241,0.373331795117839),
 .UNSPECIFIED.)
CURVE()
GEOMETRIC_REPRESENTATION_ITEM()
RATIONAL_B_SPLINE_CURVE((1.49301561215926,1.50160140473233,1.50996711863364))
REPRESENTATION_ITEM('')
);
#27=(
BOUNDED_CURVE()
B_SPLINE_CURVE(2,(#10120,#10121,#10122),.UNSPECIFIED.,.F.,.F.)
B_SPLINE_CURVE_WITH_KNOTS((3,3),(1.57765660909103,1.59390920921145),
 .UNSPECIFIED.)
CURVE()
GEOMETRIC_REPRESENTATION_ITEM()
RATIONAL_B_SPLINE_CURVE((1.50789894993903,1.49958138417003,1.49103854653351))
REPRESENTATION_ITEM('')
);
#28=(
BOUNDED_CURVE()
B_SPLINE_CURVE(2,(#10132,#10133,#10134),.UNSPECIFIED.,.F.,.F.)
B_SPLINE_CURVE_WITH_KNOTS((3,3),(0.35819947090559,0.377523159810819),
 .UNSPECIFIED.)
CURVE()
GEOMETRIC_REPRESENTATION_ITEM()
RATIONAL_B_SPLINE_CURVE((1.49257039651775,1.50288863311547,1.51288663723546))
REPRESENTATION_ITEM('')
);
#29=(
BOUNDED_CURVE()
B_SPLINE_CURVE(2,(#10135,#10136,#10137),.UNSPECIFIED.,.F.,.F.)
B_SPLINE_CURVE_WITH_KNOTS((3,3),(1.58696129842384,1.60621889252099),
 .UNSPECIFIED.)
CURVE()
GEOMETRIC_REPRESENTATION_ITEM()
RATIONAL_B_SPLINE_CURVE((1.51335653176196,1.50334535374058,1.49301561216693))
REPRESENTATION_ITEM('')
);
#30=(
BOUNDED_CURVE()
B_SPLINE_CURVE(2,(#10139,#10140,#10141),.UNSPECIFIED.,.F.,.F.)
B_SPLINE_CURVE_WITH_KNOTS((3,3),(0.362119677341303,0.376530450348624),
 .UNSPECIFIED.)
CURVE()
GEOMETRIC_REPRESENTATION_ITEM()
RATIONAL_B_SPLINE_CURVE((1.49059689288634,1.4981370524771,1.50550038892264))
REPRESENTATION_ITEM('')
);
#31=(
BOUNDED_CURVE()
B_SPLINE_CURVE(2,(#10142,#10143,#10144),.UNSPECIFIED.,.F.,.F.)
B_SPLINE_CURVE_WITH_KNOTS((3,3),(1.5892673411014,1.60345976100746),
 .UNSPECIFIED.)
CURVE()
GEOMETRIC_REPRESENTATION_ITEM()
RATIONAL_B_SPLINE_CURVE((1.5075542580285,1.50014869832903,1.4925703965254))
REPRESENTATION_ITEM('')
);
#32=(
BOUNDED_CURVE()
B_SPLINE_CURVE(2,(#10146,#10147,#10148),.UNSPECIFIED.,.F.,.F.)
B_SPLINE_CURVE_WITH_KNOTS((3,3),(0.361235768628238,0.372364992459372),
 .UNSPECIFIED.)
CURVE()
GEOMETRIC_REPRESENTATION_ITEM()
RATIONAL_B_SPLINE_CURVE((1.49103854652591,1.49688838910534,1.5026326007767))
REPRESENTATION_ITEM('')
);
#33=(
BOUNDED_CURVE()
B_SPLINE_CURVE(2,(#10149,#10150,#10151),.UNSPECIFIED.,.F.,.F.)
B_SPLINE_CURVE_WITH_KNOTS((3,3),(1.57997152352965,1.59113896854965),
 .UNSPECIFIED.)
CURVE()
GEOMETRIC_REPRESENTATION_ITEM()
RATIONAL_B_SPLINE_CURVE((1.50217700698709,1.4964400435448,1.49059689289439))
REPRESENTATION_ITEM('')
);
#34=(
BOUNDED_CURVE()
B_SPLINE_CURVE(2,(#10153,#10154,#10155),.UNSPECIFIED.,.F.,.F.)
B_SPLINE_CURVE_WITH_KNOTS((3,3),(0.35732542098024,0.373331795117839),
 .UNSPECIFIED.)
CURVE()
GEOMETRIC_REPRESENTATION_ITEM()
RATIONAL_B_SPLINE_CURVE((1.49301561215926,1.50160140473233,1.50996711863364))
REPRESENTATION_ITEM('')
);
#35=(
BOUNDED_CURVE()
B_SPLINE_CURVE(2,(#10156,#10157,#10158),.UNSPECIFIED.,.F.,.F.)
B_SPLINE_CURVE_WITH_KNOTS((3,3),(1.57765660909102,1.59390920921144),
 .UNSPECIFIED.)
CURVE()
GEOMETRIC_REPRESENTATION_ITEM()
RATIONAL_B_SPLINE_CURVE((1.50789894993903,1.49958138417003,1.49103854653351))
REPRESENTATION_ITEM('')
);
#36=CONICAL_SURFACE('',#6974,1.05,0.785398163397452);
#37=CONICAL_SURFACE('',#6982,1.05,0.785398163397452);
#38=CONICAL_SURFACE('',#6990,1.05,0.785398163397437);
#39=CONICAL_SURFACE('',#6998,1.05,0.785398163397437);
#40=CONICAL_SURFACE('',#7006,1.95000000000001,0.785398163397437);
#41=CONICAL_SURFACE('',#7011,1.95000000000001,0.785398163397437);
#42=CONICAL_SURFACE('',#7016,1.95,0.785398163397452);
#43=CONICAL_SURFACE('',#7021,1.95,0.785398163397452);
#44=CONICAL_SURFACE('',#7026,1.95,0.785398163397444);
#45=CONICAL_SURFACE('',#7034,1.05,0.785398163397444);
#46=CONICAL_SURFACE('',#7040,2.85,0.491809175988698);
#47=CONICAL_SURFACE('',#7041,2.85,0.491809175988699);
#48=CONICAL_SURFACE('',#7042,2.85,0.491809175988699);
#49=CONICAL_SURFACE('',#7043,2.85000000000001,0.491809175988699);
#50=CONICAL_SURFACE('',#7047,2.85000000000001,0.491809175988699);
#51=CONICAL_SURFACE('',#7216,0.45,1.02974425867665);
#52=CONICAL_SURFACE('',#7217,0.45,1.02974425867665);
#53=CONICAL_SURFACE('',#7218,0.45,1.02974425867665);
#54=CONICAL_SURFACE('',#7219,0.45,1.02974425867665);
#55=CONICAL_SURFACE('',#7220,0.45,1.02974425867665);
#56=FACE_BOUND('',#713,.T.);
#57=FACE_BOUND('',#714,.T.);
#58=FACE_BOUND('',#715,.T.);
#59=FACE_BOUND('',#716,.T.);
#60=FACE_BOUND('',#717,.T.);
#61=FACE_BOUND('',#718,.T.);
#62=FACE_BOUND('',#719,.T.);
#63=FACE_BOUND('',#720,.T.);
#64=FACE_BOUND('',#721,.T.);
#65=FACE_BOUND('',#722,.T.);
#66=FACE_BOUND('',#723,.T.);
#67=FACE_BOUND('',#724,.T.);
#68=FACE_BOUND('',#725,.T.);
#69=FACE_BOUND('',#726,.T.);
#70=FACE_BOUND('',#727,.T.);
#71=FACE_BOUND('',#728,.T.);
#72=FACE_BOUND('',#734,.T.);
#73=FACE_BOUND('',#735,.T.);
#74=FACE_BOUND('',#736,.T.);
#75=FACE_BOUND('',#737,.T.);
#76=FACE_BOUND('',#738,.T.);
#77=FACE_BOUND('',#739,.T.);
#78=FACE_BOUND('',#740,.T.);
#79=FACE_BOUND('',#741,.T.);
#80=FACE_BOUND('',#742,.T.);
#81=FACE_BOUND('',#743,.T.);
#82=FACE_BOUND('',#744,.T.);
#83=FACE_BOUND('',#745,.T.);
#84=FACE_BOUND('',#746,.T.);
#85=FACE_BOUND('',#747,.T.);
#86=FACE_BOUND('',#748,.T.);
#87=FACE_BOUND('',#749,.T.);
#88=FACE_BOUND('',#750,.T.);
#89=FACE_BOUND('',#751,.T.);
#90=FACE_BOUND('',#752,.T.);
#91=FACE_BOUND('',#753,.T.);
#92=FACE_BOUND('',#754,.T.);
#93=FACE_BOUND('',#757,.T.);
#94=FACE_BOUND('',#761,.T.);
#95=FACE_BOUND('',#765,.T.);
#96=FACE_BOUND('',#769,.T.);
#97=FACE_BOUND('',#781,.T.);
#98=PLANE('',#6918);
#99=PLANE('',#6951);
#100=PLANE('',#6954);
#101=PLANE('',#6955);
#102=PLANE('',#6956);
#103=PLANE('',#6978);
#104=PLANE('',#6986);
#105=PLANE('',#6994);
#106=PLANE('',#7002);
#107=PLANE('',#7029);
#108=PLANE('',#7039);
#109=PLANE('',#7045);
#110=PLANE('',#7048);
#111=PLANE('',#7049);
#112=PLANE('',#7050);
#113=PLANE('',#7051);
#114=PLANE('',#7052);
#115=PLANE('',#7053);
#116=PLANE('',#7054);
#117=PLANE('',#7055);
#118=PLANE('',#7056);
#119=PLANE('',#7057);
#120=PLANE('',#7058);
#121=PLANE('',#7059);
#122=PLANE('',#7060);
#123=PLANE('',#7061);
#124=PLANE('',#7062);
#125=PLANE('',#7063);
#126=PLANE('',#7064);
#127=PLANE('',#7065);
#128=PLANE('',#7066);
#129=PLANE('',#7067);
#130=PLANE('',#7068);
#131=PLANE('',#7069);
#132=PLANE('',#7070);
#133=PLANE('',#7071);
#134=PLANE('',#7072);
#135=PLANE('',#7073);
#136=PLANE('',#7074);
#137=PLANE('',#7075);
#138=PLANE('',#7076);
#139=PLANE('',#7077);
#140=PLANE('',#7078);
#141=PLANE('',#7079);
#142=PLANE('',#7080);
#143=PLANE('',#7081);
#144=PLANE('',#7082);
#145=PLANE('',#7083);
#146=PLANE('',#7084);
#147=PLANE('',#7085);
#148=PLANE('',#7086);
#149=PLANE('',#7087);
#150=PLANE('',#7088);
#151=PLANE('',#7089);
#152=PLANE('',#7090);
#153=PLANE('',#7091);
#154=PLANE('',#7092);
#155=PLANE('',#7093);
#156=PLANE('',#7094);
#157=PLANE('',#7095);
#158=PLANE('',#7096);
#159=PLANE('',#7097);
#160=PLANE('',#7098);
#161=PLANE('',#7099);
#162=PLANE('',#7100);
#163=PLANE('',#7101);
#164=PLANE('',#7102);
#165=PLANE('',#7103);
#166=PLANE('',#7104);
#167=PLANE('',#7105);
#168=PLANE('',#7106);
#169=PLANE('',#7107);
#170=PLANE('',#7108);
#171=PLANE('',#7109);
#172=PLANE('',#7110);
#173=PLANE('',#7111);
#174=PLANE('',#7112);
#175=PLANE('',#7113);
#176=PLANE('',#7114);
#177=PLANE('',#7115);
#178=PLANE('',#7116);
#179=PLANE('',#7117);
#180=PLANE('',#7118);
#181=PLANE('',#7119);
#182=PLANE('',#7120);
#183=PLANE('',#7121);
#184=PLANE('',#7122);
#185=PLANE('',#7123);
#186=PLANE('',#7124);
#187=PLANE('',#7125);
#188=PLANE('',#7126);
#189=PLANE('',#7127);
#190=PLANE('',#7128);
#191=PLANE('',#7129);
#192=PLANE('',#7130);
#193=PLANE('',#7131);
#194=PLANE('',#7132);
#195=PLANE('',#7133);
#196=PLANE('',#7134);
#197=PLANE('',#7135);
#198=PLANE('',#7136);
#199=PLANE('',#7137);
#200=PLANE('',#7138);
#201=PLANE('',#7139);
#202=PLANE('',#7140);
#203=PLANE('',#7141);
#204=PLANE('',#7142);
#205=PLANE('',#7143);
#206=PLANE('',#7144);
#207=PLANE('',#7145);
#208=PLANE('',#7146);
#209=PLANE('',#7147);
#210=PLANE('',#7148);
#211=PLANE('',#7149);
#212=PLANE('',#7150);
#213=PLANE('',#7151);
#214=PLANE('',#7152);
#215=PLANE('',#7153);
#216=PLANE('',#7154);
#217=PLANE('',#7155);
#218=PLANE('',#7156);
#219=PLANE('',#7157);
#220=PLANE('',#7158);
#221=PLANE('',#7159);
#222=PLANE('',#7160);
#223=PLANE('',#7161);
#224=PLANE('',#7162);
#225=PLANE('',#7163);
#226=PLANE('',#7164);
#227=PLANE('',#7165);
#228=PLANE('',#7166);
#229=PLANE('',#7167);
#230=PLANE('',#7168);
#231=PLANE('',#7169);
#232=PLANE('',#7170);
#233=PLANE('',#7171);
#234=PLANE('',#7172);
#235=PLANE('',#7173);
#236=PLANE('',#7174);
#237=PLANE('',#7175);
#238=PLANE('',#7176);
#239=PLANE('',#7177);
#240=PLANE('',#7178);
#241=PLANE('',#7179);
#242=PLANE('',#7180);
#243=PLANE('',#7181);
#244=PLANE('',#7182);
#245=PLANE('',#7183);
#246=PLANE('',#7184);
#247=PLANE('',#7185);
#248=PLANE('',#7186);
#249=PLANE('',#7187);
#250=PLANE('',#7188);
#251=PLANE('',#7189);
#252=PLANE('',#7190);
#253=PLANE('',#7191);
#254=PLANE('',#7192);
#255=PLANE('',#7193);
#256=PLANE('',#7194);
#257=PLANE('',#7195);
#258=PLANE('',#7196);
#259=PLANE('',#7197);
#260=PLANE('',#7198);
#261=PLANE('',#7199);
#262=PLANE('',#7200);
#263=PLANE('',#7201);
#264=PLANE('',#7202);
#265=PLANE('',#7203);
#266=PLANE('',#7204);
#267=PLANE('',#7205);
#268=PLANE('',#7206);
#269=PLANE('',#7207);
#270=PLANE('',#7208);
#271=PLANE('',#7209);
#272=PLANE('',#7210);
#273=PLANE('',#7211);
#274=PLANE('',#7212);
#275=PLANE('',#7213);
#276=PLANE('',#7214);
#277=PLANE('',#7215);
#278=PLANE('',#7221);
#279=PLANE('',#7222);
#280=PLANE('',#7223);
#281=PLANE('',#7224);
#282=PLANE('',#7225);
#283=PLANE('',#7226);
#284=PLANE('',#7227);
#285=PLANE('',#7228);
#286=PLANE('',#7229);
#287=PLANE('',#7230);
#288=PLANE('',#7231);
#289=PLANE('',#7232);
#290=PLANE('',#7233);
#291=PLANE('',#7234);
#292=PLANE('',#7235);
#293=PLANE('',#7236);
#294=PLANE('',#7237);
#295=PLANE('',#7238);
#296=PLANE('',#7239);
#297=PLANE('',#7240);
#298=PLANE('',#7241);
#299=PLANE('',#7242);
#300=PLANE('',#7243);
#301=PLANE('',#7244);
#302=PLANE('',#7245);
#303=PLANE('',#7246);
#304=PLANE('',#7247);
#305=PLANE('',#7248);
#306=PLANE('',#7249);
#307=PLANE('',#7250);
#308=PLANE('',#7251);
#309=PLANE('',#7252);
#310=PLANE('',#7253);
#311=PLANE('',#7254);
#312=PLANE('',#7255);
#313=PLANE('',#7256);
#314=PLANE('',#7257);
#315=PLANE('',#7258);
#316=PLANE('',#7259);
#317=PLANE('',#7260);
#318=PLANE('',#7261);
#319=PLANE('',#7262);
#320=PLANE('',#7263);
#321=PLANE('',#7264);
#322=PLANE('',#7265);
#323=PLANE('',#7266);
#324=PLANE('',#7267);
#325=PLANE('',#7268);
#326=PLANE('',#7269);
#327=PLANE('',#7270);
#328=PLANE('',#7271);
#329=PLANE('',#7272);
#330=PLANE('',#7273);
#331=PLANE('',#7274);
#332=PLANE('',#7275);
#333=PLANE('',#7276);
#334=PLANE('',#7277);
#335=PLANE('',#7278);
#336=PLANE('',#7279);
#337=PLANE('',#7280);
#338=PLANE('',#7281);
#339=PLANE('',#7282);
#340=PLANE('',#7283);
#341=PLANE('',#7284);
#342=PLANE('',#7285);
#343=PLANE('',#7286);
#344=PLANE('',#7287);
#345=PLANE('',#7288);
#346=PLANE('',#7289);
#347=PLANE('',#7290);
#348=PLANE('',#7291);
#349=PLANE('',#7292);
#350=PLANE('',#7293);
#351=PLANE('',#7294);
#352=PLANE('',#7295);
#353=PLANE('',#7296);
#354=PLANE('',#7297);
#355=PLANE('',#7298);
#356=PLANE('',#7299);
#357=PLANE('',#7300);
#358=PLANE('',#7301);
#359=PLANE('',#7302);
#360=PLANE('',#7303);
#361=PLANE('',#7304);
#362=PLANE('',#7305);
#363=PLANE('',#7306);
#364=PLANE('',#7308);
#365=PLANE('',#7310);
#366=PLANE('',#7312);
#367=PLANE('',#7314);
#368=PLANE('',#7316);
#369=PLANE('',#7318);
#370=PLANE('',#7320);
#371=PLANE('',#7322);
#372=PLANE('',#7324);
#373=PLANE('',#7326);
#374=PLANE('',#7328);
#375=PLANE('',#7330);
#376=PLANE('',#7332);
#377=PLANE('',#7334);
#378=PLANE('',#7336);
#379=PLANE('',#7338);
#380=FACE_OUTER_BOUND('',#711,.T.);
#381=FACE_OUTER_BOUND('',#712,.T.);
#382=FACE_OUTER_BOUND('',#729,.T.);
#383=FACE_OUTER_BOUND('',#730,.T.);
#384=FACE_OUTER_BOUND('',#731,.T.);
#385=FACE_OUTER_BOUND('',#732,.T.);
#386=FACE_OUTER_BOUND('',#733,.T.);
#387=FACE_OUTER_BOUND('',#755,.T.);
#388=FACE_OUTER_BOUND('',#756,.T.);
#389=FACE_OUTER_BOUND('',#758,.T.);
#390=FACE_OUTER_BOUND('',#759,.T.);
#391=FACE_OUTER_BOUND('',#760,.T.);
#392=FACE_OUTER_BOUND('',#762,.T.);
#393=FACE_OUTER_BOUND('',#763,.T.);
#394=FACE_OUTER_BOUND('',#764,.T.);
#395=FACE_OUTER_BOUND('',#766,.T.);
#396=FACE_OUTER_BOUND('',#767,.T.);
#397=FACE_OUTER_BOUND('',#768,.T.);
#398=FACE_OUTER_BOUND('',#770,.T.);
#399=FACE_OUTER_BOUND('',#771,.T.);
#400=FACE_OUTER_BOUND('',#772,.T.);
#401=FACE_OUTER_BOUND('',#773,.T.);
#402=FACE_OUTER_BOUND('',#774,.T.);
#403=FACE_OUTER_BOUND('',#775,.T.);
#404=FACE_OUTER_BOUND('',#776,.T.);
#405=FACE_OUTER_BOUND('',#777,.T.);
#406=FACE_OUTER_BOUND('',#778,.T.);
#407=FACE_OUTER_BOUND('',#779,.T.);
#408=FACE_OUTER_BOUND('',#780,.T.);
#409=FACE_OUTER_BOUND('',#782,.T.);
#410=FACE_OUTER_BOUND('',#783,.T.);
#411=FACE_OUTER_BOUND('',#784,.T.);
#412=FACE_OUTER_BOUND('',#785,.T.);
#413=FACE_OUTER_BOUND('',#786,.T.);
#414=FACE_OUTER_BOUND('',#787,.T.);
#415=FACE_OUTER_BOUND('',#788,.T.);
#416=FACE_OUTER_BOUND('',#789,.T.);
#417=FACE_OUTER_BOUND('',#790,.T.);
#418=FACE_OUTER_BOUND('',#791,.T.);
#419=FACE_OUTER_BOUND('',#792,.T.);
#420=FACE_OUTER_BOUND('',#793,.T.);
#421=FACE_OUTER_BOUND('',#794,.T.);
#422=FACE_OUTER_BOUND('',#795,.T.);
#423=FACE_OUTER_BOUND('',#796,.T.);
#424=FACE_OUTER_BOUND('',#797,.T.);
#425=FACE_OUTER_BOUND('',#798,.T.);
#426=FACE_OUTER_BOUND('',#799,.T.);
#427=FACE_OUTER_BOUND('',#800,.T.);
#428=FACE_OUTER_BOUND('',#801,.T.);
#429=FACE_OUTER_BOUND('',#802,.T.);
#430=FACE_OUTER_BOUND('',#803,.T.);
#431=FACE_OUTER_BOUND('',#804,.T.);
#432=FACE_OUTER_BOUND('',#805,.T.);
#433=FACE_OUTER_BOUND('',#806,.T.);
#434=FACE_OUTER_BOUND('',#807,.T.);
#435=FACE_OUTER_BOUND('',#808,.T.);
#436=FACE_OUTER_BOUND('',#809,.T.);
#437=FACE_OUTER_BOUND('',#810,.T.);
#438=FACE_OUTER_BOUND('',#811,.T.);
#439=FACE_OUTER_BOUND('',#812,.T.);
#440=FACE_OUTER_BOUND('',#813,.T.);
#441=FACE_OUTER_BOUND('',#814,.T.);
#442=FACE_OUTER_BOUND('',#815,.T.);
#443=FACE_OUTER_BOUND('',#816,.T.);
#444=FACE_OUTER_BOUND('',#817,.T.);
#445=FACE_OUTER_BOUND('',#818,.T.);
#446=FACE_OUTER_BOUND('',#819,.T.);
#447=FACE_OUTER_BOUND('',#820,.T.);
#448=FACE_OUTER_BOUND('',#821,.T.);
#449=FACE_OUTER_BOUND('',#822,.T.);
#450=FACE_OUTER_BOUND('',#823,.T.);
#451=FACE_OUTER_BOUND('',#824,.T.);
#452=FACE_OUTER_BOUND('',#825,.T.);
#453=FACE_OUTER_BOUND('',#826,.T.);
#454=FACE_OUTER_BOUND('',#827,.T.);
#455=FACE_OUTER_BOUND('',#828,.T.);
#456=FACE_OUTER_BOUND('',#829,.T.);
#457=FACE_OUTER_BOUND('',#830,.T.);
#458=FACE_OUTER_BOUND('',#831,.T.);
#459=FACE_OUTER_BOUND('',#832,.T.);
#460=FACE_OUTER_BOUND('',#833,.T.);
#461=FACE_OUTER_BOUND('',#834,.T.);
#462=FACE_OUTER_BOUND('',#835,.T.);
#463=FACE_OUTER_BOUND('',#836,.T.);
#464=FACE_OUTER_BOUND('',#837,.T.);
#465=FACE_OUTER_BOUND('',#838,.T.);
#466=FACE_OUTER_BOUND('',#839,.T.);
#467=FACE_OUTER_BOUND('',#840,.T.);
#468=FACE_OUTER_BOUND('',#841,.T.);
#469=FACE_OUTER_BOUND('',#842,.T.);
#470=FACE_OUTER_BOUND('',#843,.T.);
#471=FACE_OUTER_BOUND('',#844,.T.);
#472=FACE_OUTER_BOUND('',#845,.T.);
#473=FACE_OUTER_BOUND('',#846,.T.);
#474=FACE_OUTER_BOUND('',#847,.T.);
#475=FACE_OUTER_BOUND('',#848,.T.);
#476=FACE_OUTER_BOUND('',#849,.T.);
#477=FACE_OUTER_BOUND('',#850,.T.);
#478=FACE_OUTER_BOUND('',#851,.T.);
#479=FACE_OUTER_BOUND('',#852,.T.);
#480=FACE_OUTER_BOUND('',#853,.T.);
#481=FACE_OUTER_BOUND('',#854,.T.);
#482=FACE_OUTER_BOUND('',#855,.T.);
#483=FACE_OUTER_BOUND('',#856,.T.);
#484=FACE_OUTER_BOUND('',#857,.T.);
#485=FACE_OUTER_BOUND('',#858,.T.);
#486=FACE_OUTER_BOUND('',#859,.T.);
#487=FACE_OUTER_BOUND('',#860,.T.);
#488=FACE_OUTER_BOUND('',#861,.T.);
#489=FACE_OUTER_BOUND('',#862,.T.);
#490=FACE_OUTER_BOUND('',#863,.T.);
#491=FACE_OUTER_BOUND('',#864,.T.);
#492=FACE_OUTER_BOUND('',#865,.T.);
#493=FACE_OUTER_BOUND('',#866,.T.);
#494=FACE_OUTER_BOUND('',#867,.T.);
#495=FACE_OUTER_BOUND('',#868,.T.);
#496=FACE_OUTER_BOUND('',#869,.T.);
#497=FACE_OUTER_BOUND('',#870,.T.);
#498=FACE_OUTER_BOUND('',#871,.T.);
#499=FACE_OUTER_BOUND('',#872,.T.);
#500=FACE_OUTER_BOUND('',#873,.T.);
#501=FACE_OUTER_BOUND('',#874,.T.);
#502=FACE_OUTER_BOUND('',#875,.T.);
#503=FACE_OUTER_BOUND('',#876,.T.);
#504=FACE_OUTER_BOUND('',#877,.T.);
#505=FACE_OUTER_BOUND('',#878,.T.);
#506=FACE_OUTER_BOUND('',#879,.T.);
#507=FACE_OUTER_BOUND('',#880,.T.);
#508=FACE_OUTER_BOUND('',#881,.T.);
#509=FACE_OUTER_BOUND('',#882,.T.);
#510=FACE_OUTER_BOUND('',#883,.T.);
#511=FACE_OUTER_BOUND('',#884,.T.);
#512=FACE_OUTER_BOUND('',#885,.T.);
#513=FACE_OUTER_BOUND('',#886,.T.);
#514=FACE_OUTER_BOUND('',#887,.T.);
#515=FACE_OUTER_BOUND('',#888,.T.);
#516=FACE_OUTER_BOUND('',#889,.T.);
#517=FACE_OUTER_BOUND('',#890,.T.);
#518=FACE_OUTER_BOUND('',#891,.T.);
#519=FACE_OUTER_BOUND('',#892,.T.);
#520=FACE_OUTER_BOUND('',#893,.T.);
#521=FACE_OUTER_BOUND('',#894,.T.);
#522=FACE_OUTER_BOUND('',#895,.T.);
#523=FACE_OUTER_BOUND('',#896,.T.);
#524=FACE_OUTER_BOUND('',#897,.T.);
#525=FACE_OUTER_BOUND('',#898,.T.);
#526=FACE_OUTER_BOUND('',#899,.T.);
#527=FACE_OUTER_BOUND('',#900,.T.);
#528=FACE_OUTER_BOUND('',#901,.T.);
#529=FACE_OUTER_BOUND('',#902,.T.);
#530=FACE_OUTER_BOUND('',#903,.T.);
#531=FACE_OUTER_BOUND('',#904,.T.);
#532=FACE_OUTER_BOUND('',#905,.T.);
#533=FACE_OUTER_BOUND('',#906,.T.);
#534=FACE_OUTER_BOUND('',#907,.T.);
#535=FACE_OUTER_BOUND('',#908,.T.);
#536=FACE_OUTER_BOUND('',#909,.T.);
#537=FACE_OUTER_BOUND('',#910,.T.);
#538=FACE_OUTER_BOUND('',#911,.T.);
#539=FACE_OUTER_BOUND('',#912,.T.);
#540=FACE_OUTER_BOUND('',#913,.T.);
#541=FACE_OUTER_BOUND('',#914,.T.);
#542=FACE_OUTER_BOUND('',#915,.T.);
#543=FACE_OUTER_BOUND('',#916,.T.);
#544=FACE_OUTER_BOUND('',#917,.T.);
#545=FACE_OUTER_BOUND('',#918,.T.);
#546=FACE_OUTER_BOUND('',#919,.T.);
#547=FACE_OUTER_BOUND('',#920,.T.);
#548=FACE_OUTER_BOUND('',#921,.T.);
#549=FACE_OUTER_BOUND('',#922,.T.);
#550=FACE_OUTER_BOUND('',#923,.T.);
#551=FACE_OUTER_BOUND('',#924,.T.);
#552=FACE_OUTER_BOUND('',#925,.T.);
#553=FACE_OUTER_BOUND('',#926,.T.);
#554=FACE_OUTER_BOUND('',#927,.T.);
#555=FACE_OUTER_BOUND('',#928,.T.);
#556=FACE_OUTER_BOUND('',#929,.T.);
#557=FACE_OUTER_BOUND('',#930,.T.);
#558=FACE_OUTER_BOUND('',#931,.T.);
#559=FACE_OUTER_BOUND('',#932,.T.);
#560=FACE_OUTER_BOUND('',#933,.T.);
#561=FACE_OUTER_BOUND('',#934,.T.);
#562=FACE_OUTER_BOUND('',#935,.T.);
#563=FACE_OUTER_BOUND('',#936,.T.);
#564=FACE_OUTER_BOUND('',#937,.T.);
#565=FACE_OUTER_BOUND('',#938,.T.);
#566=FACE_OUTER_BOUND('',#939,.T.);
#567=FACE_OUTER_BOUND('',#940,.T.);
#568=FACE_OUTER_BOUND('',#941,.T.);
#569=FACE_OUTER_BOUND('',#942,.T.);
#570=FACE_OUTER_BOUND('',#943,.T.);
#571=FACE_OUTER_BOUND('',#944,.T.);
#572=FACE_OUTER_BOUND('',#945,.T.);
#573=FACE_OUTER_BOUND('',#946,.T.);
#574=FACE_OUTER_BOUND('',#947,.T.);
#575=FACE_OUTER_BOUND('',#948,.T.);
#576=FACE_OUTER_BOUND('',#949,.T.);
#577=FACE_OUTER_BOUND('',#950,.T.);
#578=FACE_OUTER_BOUND('',#951,.T.);
#579=FACE_OUTER_BOUND('',#952,.T.);
#580=FACE_OUTER_BOUND('',#953,.T.);
#581=FACE_OUTER_BOUND('',#954,.T.);
#582=FACE_OUTER_BOUND('',#955,.T.);
#583=FACE_OUTER_BOUND('',#956,.T.);
#584=FACE_OUTER_BOUND('',#957,.T.);
#585=FACE_OUTER_BOUND('',#958,.T.);
#586=FACE_OUTER_BOUND('',#959,.T.);
#587=FACE_OUTER_BOUND('',#960,.T.);
#588=FACE_OUTER_BOUND('',#961,.T.);
#589=FACE_OUTER_BOUND('',#962,.T.);
#590=FACE_OUTER_BOUND('',#963,.T.);
#591=FACE_OUTER_BOUND('',#964,.T.);
#592=FACE_OUTER_BOUND('',#965,.T.);
#593=FACE_OUTER_BOUND('',#966,.T.);
#594=FACE_OUTER_BOUND('',#967,.T.);
#595=FACE_OUTER_BOUND('',#968,.T.);
#596=FACE_OUTER_BOUND('',#969,.T.);
#597=FACE_OUTER_BOUND('',#970,.T.);
#598=FACE_OUTER_BOUND('',#971,.T.);
#599=FACE_OUTER_BOUND('',#972,.T.);
#600=FACE_OUTER_BOUND('',#973,.T.);
#601=FACE_OUTER_BOUND('',#974,.T.);
#602=FACE_OUTER_BOUND('',#975,.T.);
#603=FACE_OUTER_BOUND('',#976,.T.);
#604=FACE_OUTER_BOUND('',#977,.T.);
#605=FACE_OUTER_BOUND('',#978,.T.);
#606=FACE_OUTER_BOUND('',#979,.T.);
#607=FACE_OUTER_BOUND('',#980,.T.);
#608=FACE_OUTER_BOUND('',#981,.T.);
#609=FACE_OUTER_BOUND('',#982,.T.);
#610=FACE_OUTER_BOUND('',#983,.T.);
#611=FACE_OUTER_BOUND('',#984,.T.);
#612=FACE_OUTER_BOUND('',#985,.T.);
#613=FACE_OUTER_BOUND('',#986,.T.);
#614=FACE_OUTER_BOUND('',#987,.T.);
#615=FACE_OUTER_BOUND('',#988,.T.);
#616=FACE_OUTER_BOUND('',#989,.T.);
#617=FACE_OUTER_BOUND('',#990,.T.);
#618=FACE_OUTER_BOUND('',#991,.T.);
#619=FACE_OUTER_BOUND('',#992,.T.);
#620=FACE_OUTER_BOUND('',#993,.T.);
#621=FACE_OUTER_BOUND('',#994,.T.);
#622=FACE_OUTER_BOUND('',#995,.T.);
#623=FACE_OUTER_BOUND('',#996,.T.);
#624=FACE_OUTER_BOUND('',#997,.T.);
#625=FACE_OUTER_BOUND('',#998,.T.);
#626=FACE_OUTER_BOUND('',#999,.T.);
#627=FACE_OUTER_BOUND('',#1000,.T.);
#628=FACE_OUTER_BOUND('',#1001,.T.);
#629=FACE_OUTER_BOUND('',#1002,.T.);
#630=FACE_OUTER_BOUND('',#1003,.T.);
#631=FACE_OUTER_BOUND('',#1004,.T.);
#632=FACE_OUTER_BOUND('',#1005,.T.);
#633=FACE_OUTER_BOUND('',#1006,.T.);
#634=FACE_OUTER_BOUND('',#1007,.T.);
#635=FACE_OUTER_BOUND('',#1008,.T.);
#636=FACE_OUTER_BOUND('',#1009,.T.);
#637=FACE_OUTER_BOUND('',#1010,.T.);
#638=FACE_OUTER_BOUND('',#1011,.T.);
#639=FACE_OUTER_BOUND('',#1012,.T.);
#640=FACE_OUTER_BOUND('',#1013,.T.);
#641=FACE_OUTER_BOUND('',#1014,.T.);
#642=FACE_OUTER_BOUND('',#1015,.T.);
#643=FACE_OUTER_BOUND('',#1016,.T.);
#644=FACE_OUTER_BOUND('',#1017,.T.);
#645=FACE_OUTER_BOUND('',#1018,.T.);
#646=FACE_OUTER_BOUND('',#1019,.T.);
#647=FACE_OUTER_BOUND('',#1020,.T.);
#648=FACE_OUTER_BOUND('',#1021,.T.);
#649=FACE_OUTER_BOUND('',#1022,.T.);
#650=FACE_OUTER_BOUND('',#1023,.T.);
#651=FACE_OUTER_BOUND('',#1024,.T.);
#652=FACE_OUTER_BOUND('',#1025,.T.);
#653=FACE_OUTER_BOUND('',#1026,.T.);
#654=FACE_OUTER_BOUND('',#1027,.T.);
#655=FACE_OUTER_BOUND('',#1028,.T.);
#656=FACE_OUTER_BOUND('',#1029,.T.);
#657=FACE_OUTER_BOUND('',#1030,.T.);
#658=FACE_OUTER_BOUND('',#1031,.T.);
#659=FACE_OUTER_BOUND('',#1032,.T.);
#660=FACE_OUTER_BOUND('',#1033,.T.);
#661=FACE_OUTER_BOUND('',#1034,.T.);
#662=FACE_OUTER_BOUND('',#1035,.T.);
#663=FACE_OUTER_BOUND('',#1036,.T.);
#664=FACE_OUTER_BOUND('',#1037,.T.);
#665=FACE_OUTER_BOUND('',#1038,.T.);
#666=FACE_OUTER_BOUND('',#1039,.T.);
#667=FACE_OUTER_BOUND('',#1040,.T.);
#668=FACE_OUTER_BOUND('',#1041,.T.);
#669=FACE_OUTER_BOUND('',#1042,.T.);
#670=FACE_OUTER_BOUND('',#1043,.T.);
#671=FACE_OUTER_BOUND('',#1044,.T.);
#672=FACE_OUTER_BOUND('',#1045,.T.);
#673=FACE_OUTER_BOUND('',#1046,.T.);
#674=FACE_OUTER_BOUND('',#1047,.T.);
#675=FACE_OUTER_BOUND('',#1048,.T.);
#676=FACE_OUTER_BOUND('',#1049,.T.);
#677=FACE_OUTER_BOUND('',#1050,.T.);
#678=FACE_OUTER_BOUND('',#1051,.T.);
#679=FACE_OUTER_BOUND('',#1052,.T.);
#680=FACE_OUTER_BOUND('',#1053,.T.);
#681=FACE_OUTER_BOUND('',#1054,.T.);
#682=FACE_OUTER_BOUND('',#1055,.T.);
#683=FACE_OUTER_BOUND('',#1056,.T.);
#684=FACE_OUTER_BOUND('',#1057,.T.);
#685=FACE_OUTER_BOUND('',#1058,.T.);
#686=FACE_OUTER_BOUND('',#1059,.T.);
#687=FACE_OUTER_BOUND('',#1060,.T.);
#688=FACE_OUTER_BOUND('',#1061,.T.);
#689=FACE_OUTER_BOUND('',#1062,.T.);
#690=FACE_OUTER_BOUND('',#1063,.T.);
#691=FACE_OUTER_BOUND('',#1064,.T.);
#692=FACE_OUTER_BOUND('',#1065,.T.);
#693=FACE_OUTER_BOUND('',#1066,.T.);
#694=FACE_OUTER_BOUND('',#1067,.T.);
#695=FACE_OUTER_BOUND('',#1068,.T.);
#696=FACE_OUTER_BOUND('',#1069,.T.);
#697=FACE_OUTER_BOUND('',#1070,.T.);
#698=FACE_OUTER_BOUND('',#1071,.T.);
#699=FACE_OUTER_BOUND('',#1072,.T.);
#700=FACE_OUTER_BOUND('',#1073,.T.);
#701=FACE_OUTER_BOUND('',#1074,.T.);
#702=FACE_OUTER_BOUND('',#1075,.T.);
#703=FACE_OUTER_BOUND('',#1076,.T.);
#704=FACE_OUTER_BOUND('',#1077,.T.);
#705=FACE_OUTER_BOUND('',#1078,.T.);
#706=FACE_OUTER_BOUND('',#1079,.T.);
#707=FACE_OUTER_BOUND('',#1080,.T.);
#708=FACE_OUTER_BOUND('',#1081,.T.);
#709=FACE_OUTER_BOUND('',#1082,.T.);
#710=FACE_OUTER_BOUND('',#1083,.T.);
#711=EDGE_LOOP('',(#4567,#4568,#4569,#4570));
#712=EDGE_LOOP('',(#4571,#4572,#4573,#4574,#4575,#4576,#4577,#4578,#4579,
#4580,#4581,#4582,#4583,#4584,#4585,#4586,#4587,#4588,#4589,#4590,#4591,
#4592,#4593,#4594,#4595,#4596,#4597,#4598,#4599,#4600,#4601,#4602,#4603,
#4604,#4605,#4606,#4607,#4608,#4609,#4610));
#713=EDGE_LOOP('',(#4611));
#714=EDGE_LOOP('',(#4612,#4613,#4614,#4615,#4616,#4617,#4618,#4619,#4620,
#4621,#4622,#4623,#4624,#4625,#4626,#4627,#4628,#4629,#4630,#4631,#4632,
#4633,#4634,#4635,#4636,#4637,#4638,#4639,#4640,#4641,#4642,#4643,#4644,
#4645,#4646,#4647,#4648,#4649,#4650,#4651,#4652,#4653,#4654,#4655,#4656,
#4657,#4658,#4659,#4660,#4661,#4662,#4663,#4664,#4665,#4666,#4667,#4668,
#4669,#4670,#4671,#4672,#4673,#4674,#4675,#4676,#4677,#4678,#4679,#4680,
#4681,#4682,#4683,#4684,#4685,#4686,#4687,#4688,#4689));
#715=EDGE_LOOP('',(#4690,#4691,#4692,#4693,#4694,#4695,#4696,#4697,#4698,
#4699,#4700,#4701));
#716=EDGE_LOOP('',(#4702,#4703,#4704,#4705,#4706,#4707,#4708,#4709,#4710,
#4711,#4712,#4713));
#717=EDGE_LOOP('',(#4714,#4715,#4716,#4717,#4718,#4719,#4720,#4721,#4722,
#4723,#4724,#4725));
#718=EDGE_LOOP('',(#4726,#4727,#4728,#4729,#4730,#4731,#4732,#4733,#4734,
#4735,#4736,#4737,#4738));
#719=EDGE_LOOP('',(#4739,#4740,#4741,#4742,#4743,#4744,#4745,#4746,#4747,
#4748,#4749,#4750));
#720=EDGE_LOOP('',(#4751,#4752,#4753,#4754,#4755,#4756,#4757,#4758,#4759,
#4760,#4761,#4762));
#721=EDGE_LOOP('',(#4763,#4764,#4765,#4766,#4767,#4768,#4769,#4770,#4771,
#4772,#4773,#4774));
#722=EDGE_LOOP('',(#4775,#4776,#4777,#4778,#4779,#4780,#4781,#4782,#4783,
#4784,#4785,#4786));
#723=EDGE_LOOP('',(#4787,#4788,#4789,#4790,#4791,#4792,#4793,#4794,#4795,
#4796,#4797,#4798));
#724=EDGE_LOOP('',(#4799,#4800,#4801,#4802,#4803,#4804,#4805,#4806,#4807,
#4808,#4809,#4810));
#725=EDGE_LOOP('',(#4811,#4812,#4813,#4814,#4815,#4816,#4817,#4818,#4819,
#4820,#4821,#4822));
#726=EDGE_LOOP('',(#4823,#4824,#4825,#4826,#4827,#4828,#4829,#4830,#4831,
#4832,#4833,#4834));
#727=EDGE_LOOP('',(#4835,#4836,#4837,#4838,#4839,#4840,#4841,#4842,#4843,
#4844,#4845,#4846,#4847,#4848,#4849,#4850,#4851,#4852,#4853,#4854,#4855,
#4856,#4857,#4858,#4859,#4860,#4861));
#728=EDGE_LOOP('',(#4862,#4863,#4864,#4865,#4866,#4867,#4868,#4869,#4870,
#4871,#4872,#4873,#4874,#4875,#4876));
#729=EDGE_LOOP('',(#4877,#4878,#4879,#4880));
#730=EDGE_LOOP('',(#4881,#4882,#4883,#4884));
#731=EDGE_LOOP('',(#4885,#4886,#4887,#4888));
#732=EDGE_LOOP('',(#4889,#4890,#4891,#4892));
#733=EDGE_LOOP('',(#4893,#4894,#4895,#4896,#4897,#4898,#4899,#4900,#4901,
#4902,#4903,#4904,#4905,#4906,#4907,#4908,#4909,#4910,#4911,#4912,#4913,
#4914,#4915,#4916,#4917,#4918,#4919,#4920,#4921,#4922,#4923,#4924,#4925,
#4926,#4927,#4928,#4929,#4930,#4931,#4932));
#734=EDGE_LOOP('',(#4933,#4934,#4935,#4936));
#735=EDGE_LOOP('',(#4937,#4938,#4939,#4940));
#736=EDGE_LOOP('',(#4941,#4942,#4943,#4944));
#737=EDGE_LOOP('',(#4945,#4946,#4947,#4948));
#738=EDGE_LOOP('',(#4949,#4950,#4951,#4952));
#739=EDGE_LOOP('',(#4953,#4954,#4955,#4956));
#740=EDGE_LOOP('',(#4957,#4958,#4959,#4960));
#741=EDGE_LOOP('',(#4961,#4962,#4963,#4964,#4965));
#742=EDGE_LOOP('',(#4966,#4967,#4968,#4969));
#743=EDGE_LOOP('',(#4970,#4971,#4972,#4973));
#744=EDGE_LOOP('',(#4974,#4975,#4976,#4977));
#745=EDGE_LOOP('',(#4978,#4979,#4980,#4981));
#746=EDGE_LOOP('',(#4982,#4983,#4984,#4985));
#747=EDGE_LOOP('',(#4986,#4987,#4988,#4989));
#748=EDGE_LOOP('',(#4990,#4991,#4992,#4993));
#749=EDGE_LOOP('',(#4994,#4995,#4996,#4997));
#750=EDGE_LOOP('',(#4998,#4999,#5000,#5001));
#751=EDGE_LOOP('',(#5002,#5003,#5004,#5005));
#752=EDGE_LOOP('',(#5006,#5007,#5008,#5009));
#753=EDGE_LOOP('',(#5010,#5011,#5012,#5013));
#754=EDGE_LOOP('',(#5014,#5015,#5016,#5017));
#755=EDGE_LOOP('',(#5018,#5019,#5020,#5021,#5022));
#756=EDGE_LOOP('',(#5023));
#757=EDGE_LOOP('',(#5024));
#758=EDGE_LOOP('',(#5025,#5026,#5027,#5028,#5029));
#759=EDGE_LOOP('',(#5030,#5031,#5032,#5033,#5034));
#760=EDGE_LOOP('',(#5035));
#761=EDGE_LOOP('',(#5036));
#762=EDGE_LOOP('',(#5037,#5038,#5039,#5040,#5041));
#763=EDGE_LOOP('',(#5042,#5043,#5044,#5045,#5046));
#764=EDGE_LOOP('',(#5047));
#765=EDGE_LOOP('',(#5048));
#766=EDGE_LOOP('',(#5049,#5050,#5051,#5052,#5053));
#767=EDGE_LOOP('',(#5054,#5055,#5056,#5057,#5058));
#768=EDGE_LOOP('',(#5059));
#769=EDGE_LOOP('',(#5060));
#770=EDGE_LOOP('',(#5061,#5062,#5063,#5064,#5065));
#771=EDGE_LOOP('',(#5066,#5067,#5068,#5069));
#772=EDGE_LOOP('',(#5070,#5071,#5072,#5073,#5074));
#773=EDGE_LOOP('',(#5075,#5076,#5077,#5078));
#774=EDGE_LOOP('',(#5079,#5080,#5081,#5082,#5083));
#775=EDGE_LOOP('',(#5084,#5085,#5086,#5087));
#776=EDGE_LOOP('',(#5088,#5089,#5090,#5091,#5092));
#777=EDGE_LOOP('',(#5093,#5094,#5095,#5096));
#778=EDGE_LOOP('',(#5097,#5098,#5099,#5100,#5101));
#779=EDGE_LOOP('',(#5102,#5103,#5104,#5105));
#780=EDGE_LOOP('',(#5106));
#781=EDGE_LOOP('',(#5107));
#782=EDGE_LOOP('',(#5108,#5109,#5110,#5111,#5112));
#783=EDGE_LOOP('',(#5113,#5114,#5115,#5116,#5117));
#784=EDGE_LOOP('',(#5118,#5119,#5120,#5121,#5122));
#785=EDGE_LOOP('',(#5123,#5124,#5125,#5126));
#786=EDGE_LOOP('',(#5127,#5128,#5129,#5130,#5131,#5132,#5133));
#787=EDGE_LOOP('',(#5134,#5135,#5136,#5137,#5138,#5139,#5140,#5141,#5142,
#5143,#5144));
#788=EDGE_LOOP('',(#5145,#5146,#5147,#5148,#5149));
#789=EDGE_LOOP('',(#5150,#5151,#5152,#5153,#5154,#5155,#5156,#5157,#5158,
#5159,#5160,#5161,#5162,#5163,#5164,#5165,#5166));
#790=EDGE_LOOP('',(#5167,#5168,#5169,#5170));
#791=EDGE_LOOP('',(#5171,#5172,#5173,#5174,#5175,#5176,#5177,#5178,#5179,
#5180,#5181,#5182,#5183,#5184,#5185,#5186,#5187));
#792=EDGE_LOOP('',(#5188,#5189,#5190,#5191));
#793=EDGE_LOOP('',(#5192,#5193,#5194,#5195));
#794=EDGE_LOOP('',(#5196,#5197,#5198,#5199));
#795=EDGE_LOOP('',(#5200,#5201,#5202,#5203));
#796=EDGE_LOOP('',(#5204,#5205,#5206,#5207));
#797=EDGE_LOOP('',(#5208,#5209,#5210,#5211));
#798=EDGE_LOOP('',(#5212,#5213,#5214,#5215));
#799=EDGE_LOOP('',(#5216,#5217,#5218,#5219));
#800=EDGE_LOOP('',(#5220,#5221,#5222,#5223));
#801=EDGE_LOOP('',(#5224,#5225,#5226,#5227));
#802=EDGE_LOOP('',(#5228,#5229,#5230,#5231));
#803=EDGE_LOOP('',(#5232,#5233,#5234,#5235));
#804=EDGE_LOOP('',(#5236,#5237,#5238,#5239));
#805=EDGE_LOOP('',(#5240,#5241,#5242,#5243));
#806=EDGE_LOOP('',(#5244,#5245,#5246,#5247));
#807=EDGE_LOOP('',(#5248,#5249,#5250,#5251));
#808=EDGE_LOOP('',(#5252,#5253,#5254,#5255));
#809=EDGE_LOOP('',(#5256,#5257,#5258,#5259));
#810=EDGE_LOOP('',(#5260,#5261,#5262,#5263));
#811=EDGE_LOOP('',(#5264,#5265,#5266,#5267));
#812=EDGE_LOOP('',(#5268,#5269,#5270,#5271));
#813=EDGE_LOOP('',(#5272,#5273,#5274,#5275));
#814=EDGE_LOOP('',(#5276,#5277,#5278,#5279));
#815=EDGE_LOOP('',(#5280,#5281,#5282,#5283));
#816=EDGE_LOOP('',(#5284,#5285,#5286,#5287));
#817=EDGE_LOOP('',(#5288,#5289,#5290,#5291));
#818=EDGE_LOOP('',(#5292,#5293,#5294,#5295));
#819=EDGE_LOOP('',(#5296,#5297,#5298,#5299));
#820=EDGE_LOOP('',(#5300,#5301,#5302,#5303));
#821=EDGE_LOOP('',(#5304,#5305,#5306,#5307));
#822=EDGE_LOOP('',(#5308,#5309,#5310,#5311));
#823=EDGE_LOOP('',(#5312,#5313,#5314,#5315));
#824=EDGE_LOOP('',(#5316,#5317,#5318,#5319));
#825=EDGE_LOOP('',(#5320,#5321,#5322,#5323));
#826=EDGE_LOOP('',(#5324,#5325,#5326,#5327));
#827=EDGE_LOOP('',(#5328,#5329,#5330,#5331));
#828=EDGE_LOOP('',(#5332,#5333,#5334,#5335));
#829=EDGE_LOOP('',(#5336,#5337,#5338,#5339));
#830=EDGE_LOOP('',(#5340,#5341,#5342,#5343));
#831=EDGE_LOOP('',(#5344,#5345,#5346,#5347));
#832=EDGE_LOOP('',(#5348,#5349,#5350,#5351));
#833=EDGE_LOOP('',(#5352,#5353,#5354,#5355));
#834=EDGE_LOOP('',(#5356,#5357,#5358,#5359));
#835=EDGE_LOOP('',(#5360,#5361,#5362,#5363));
#836=EDGE_LOOP('',(#5364,#5365,#5366,#5367));
#837=EDGE_LOOP('',(#5368,#5369,#5370,#5371));
#838=EDGE_LOOP('',(#5372,#5373,#5374,#5375));
#839=EDGE_LOOP('',(#5376,#5377,#5378,#5379));
#840=EDGE_LOOP('',(#5380,#5381,#5382,#5383));
#841=EDGE_LOOP('',(#5384,#5385,#5386,#5387));
#842=EDGE_LOOP('',(#5388,#5389,#5390,#5391));
#843=EDGE_LOOP('',(#5392,#5393,#5394,#5395));
#844=EDGE_LOOP('',(#5396,#5397,#5398,#5399));
#845=EDGE_LOOP('',(#5400,#5401,#5402,#5403));
#846=EDGE_LOOP('',(#5404,#5405,#5406,#5407));
#847=EDGE_LOOP('',(#5408,#5409,#5410,#5411));
#848=EDGE_LOOP('',(#5412,#5413,#5414,#5415));
#849=EDGE_LOOP('',(#5416,#5417,#5418,#5419));
#850=EDGE_LOOP('',(#5420,#5421,#5422,#5423));
#851=EDGE_LOOP('',(#5424,#5425,#5426,#5427));
#852=EDGE_LOOP('',(#5428,#5429,#5430,#5431));
#853=EDGE_LOOP('',(#5432,#5433,#5434,#5435));
#854=EDGE_LOOP('',(#5436,#5437,#5438,#5439));
#855=EDGE_LOOP('',(#5440,#5441,#5442,#5443));
#856=EDGE_LOOP('',(#5444,#5445,#5446,#5447));
#857=EDGE_LOOP('',(#5448,#5449,#5450,#5451));
#858=EDGE_LOOP('',(#5452,#5453,#5454,#5455));
#859=EDGE_LOOP('',(#5456,#5457,#5458,#5459));
#860=EDGE_LOOP('',(#5460,#5461,#5462,#5463));
#861=EDGE_LOOP('',(#5464,#5465,#5466,#5467));
#862=EDGE_LOOP('',(#5468,#5469,#5470,#5471));
#863=EDGE_LOOP('',(#5472,#5473,#5474,#5475));
#864=EDGE_LOOP('',(#5476,#5477,#5478,#5479));
#865=EDGE_LOOP('',(#5480,#5481,#5482,#5483));
#866=EDGE_LOOP('',(#5484,#5485,#5486,#5487));
#867=EDGE_LOOP('',(#5488,#5489,#5490,#5491));
#868=EDGE_LOOP('',(#5492,#5493,#5494,#5495));
#869=EDGE_LOOP('',(#5496,#5497,#5498,#5499));
#870=EDGE_LOOP('',(#5500,#5501,#5502,#5503));
#871=EDGE_LOOP('',(#5504,#5505,#5506,#5507));
#872=EDGE_LOOP('',(#5508,#5509,#5510,#5511));
#873=EDGE_LOOP('',(#5512,#5513,#5514,#5515));
#874=EDGE_LOOP('',(#5516,#5517,#5518,#5519));
#875=EDGE_LOOP('',(#5520,#5521,#5522,#5523));
#876=EDGE_LOOP('',(#5524,#5525,#5526,#5527));
#877=EDGE_LOOP('',(#5528,#5529,#5530,#5531));
#878=EDGE_LOOP('',(#5532,#5533,#5534,#5535));
#879=EDGE_LOOP('',(#5536,#5537,#5538,#5539));
#880=EDGE_LOOP('',(#5540,#5541,#5542,#5543));
#881=EDGE_LOOP('',(#5544,#5545,#5546,#5547));
#882=EDGE_LOOP('',(#5548,#5549,#5550,#5551));
#883=EDGE_LOOP('',(#5552,#5553,#5554,#5555));
#884=EDGE_LOOP('',(#5556,#5557,#5558,#5559));
#885=EDGE_LOOP('',(#5560,#5561,#5562,#5563,#5564,#5565));
#886=EDGE_LOOP('',(#5566,#5567,#5568,#5569));
#887=EDGE_LOOP('',(#5570,#5571,#5572,#5573));
#888=EDGE_LOOP('',(#5574,#5575,#5576,#5577));
#889=EDGE_LOOP('',(#5578,#5579,#5580,#5581));
#890=EDGE_LOOP('',(#5582,#5583,#5584,#5585));
#891=EDGE_LOOP('',(#5586,#5587,#5588,#5589));
#892=EDGE_LOOP('',(#5590,#5591,#5592,#5593));
#893=EDGE_LOOP('',(#5594,#5595,#5596,#5597));
#894=EDGE_LOOP('',(#5598,#5599,#5600,#5601));
#895=EDGE_LOOP('',(#5602,#5603,#5604,#5605));
#896=EDGE_LOOP('',(#5606,#5607,#5608,#5609));
#897=EDGE_LOOP('',(#5610,#5611,#5612,#5613));
#898=EDGE_LOOP('',(#5614,#5615,#5616,#5617));
#899=EDGE_LOOP('',(#5618,#5619,#5620,#5621));
#900=EDGE_LOOP('',(#5622,#5623,#5624,#5625));
#901=EDGE_LOOP('',(#5626,#5627,#5628,#5629));
#902=EDGE_LOOP('',(#5630,#5631,#5632,#5633));
#903=EDGE_LOOP('',(#5634,#5635,#5636,#5637));
#904=EDGE_LOOP('',(#5638,#5639,#5640,#5641));
#905=EDGE_LOOP('',(#5642,#5643,#5644,#5645));
#906=EDGE_LOOP('',(#5646,#5647,#5648,#5649));
#907=EDGE_LOOP('',(#5650,#5651,#5652,#5653));
#908=EDGE_LOOP('',(#5654,#5655,#5656,#5657));
#909=EDGE_LOOP('',(#5658,#5659,#5660,#5661));
#910=EDGE_LOOP('',(#5662,#5663,#5664,#5665));
#911=EDGE_LOOP('',(#5666,#5667,#5668,#5669));
#912=EDGE_LOOP('',(#5670,#5671,#5672,#5673));
#913=EDGE_LOOP('',(#5674,#5675,#5676,#5677));
#914=EDGE_LOOP('',(#5678,#5679,#5680,#5681));
#915=EDGE_LOOP('',(#5682,#5683,#5684,#5685));
#916=EDGE_LOOP('',(#5686,#5687,#5688,#5689));
#917=EDGE_LOOP('',(#5690,#5691,#5692,#5693));
#918=EDGE_LOOP('',(#5694,#5695,#5696,#5697));
#919=EDGE_LOOP('',(#5698,#5699,#5700,#5701));
#920=EDGE_LOOP('',(#5702,#5703,#5704,#5705));
#921=EDGE_LOOP('',(#5706,#5707,#5708,#5709));
#922=EDGE_LOOP('',(#5710,#5711,#5712,#5713));
#923=EDGE_LOOP('',(#5714,#5715,#5716,#5717));
#924=EDGE_LOOP('',(#5718,#5719,#5720,#5721));
#925=EDGE_LOOP('',(#5722,#5723,#5724,#5725));
#926=EDGE_LOOP('',(#5726,#5727,#5728,#5729));
#927=EDGE_LOOP('',(#5730,#5731,#5732,#5733));
#928=EDGE_LOOP('',(#5734,#5735,#5736,#5737));
#929=EDGE_LOOP('',(#5738,#5739,#5740,#5741));
#930=EDGE_LOOP('',(#5742,#5743,#5744,#5745));
#931=EDGE_LOOP('',(#5746,#5747,#5748,#5749));
#932=EDGE_LOOP('',(#5750,#5751,#5752,#5753));
#933=EDGE_LOOP('',(#5754,#5755,#5756,#5757));
#934=EDGE_LOOP('',(#5758,#5759,#5760,#5761));
#935=EDGE_LOOP('',(#5762,#5763,#5764,#5765));
#936=EDGE_LOOP('',(#5766,#5767,#5768,#5769));
#937=EDGE_LOOP('',(#5770,#5771,#5772,#5773));
#938=EDGE_LOOP('',(#5774,#5775,#5776,#5777));
#939=EDGE_LOOP('',(#5778,#5779,#5780,#5781));
#940=EDGE_LOOP('',(#5782,#5783,#5784,#5785));
#941=EDGE_LOOP('',(#5786,#5787,#5788,#5789));
#942=EDGE_LOOP('',(#5790,#5791,#5792,#5793));
#943=EDGE_LOOP('',(#5794,#5795,#5796,#5797));
#944=EDGE_LOOP('',(#5798,#5799,#5800,#5801));
#945=EDGE_LOOP('',(#5802,#5803,#5804,#5805));
#946=EDGE_LOOP('',(#5806,#5807,#5808,#5809));
#947=EDGE_LOOP('',(#5810,#5811,#5812,#5813));
#948=EDGE_LOOP('',(#5814,#5815,#5816,#5817));
#949=EDGE_LOOP('',(#5818,#5819,#5820,#5821));
#950=EDGE_LOOP('',(#5822,#5823,#5824,#5825));
#951=EDGE_LOOP('',(#5826,#5827,#5828,#5829));
#952=EDGE_LOOP('',(#5830,#5831,#5832,#5833));
#953=EDGE_LOOP('',(#5834,#5835,#5836,#5837));
#954=EDGE_LOOP('',(#5838,#5839,#5840,#5841));
#955=EDGE_LOOP('',(#5842,#5843,#5844,#5845));
#956=EDGE_LOOP('',(#5846,#5847,#5848,#5849));
#957=EDGE_LOOP('',(#5850,#5851,#5852,#5853));
#958=EDGE_LOOP('',(#5854,#5855,#5856,#5857));
#959=EDGE_LOOP('',(#5858,#5859,#5860,#5861));
#960=EDGE_LOOP('',(#5862,#5863,#5864));
#961=EDGE_LOOP('',(#5865,#5866,#5867));
#962=EDGE_LOOP('',(#5868,#5869,#5870));
#963=EDGE_LOOP('',(#5871,#5872,#5873));
#964=EDGE_LOOP('',(#5874,#5875,#5876));
#965=EDGE_LOOP('',(#5877,#5878,#5879,#5880));
#966=EDGE_LOOP('',(#5881,#5882,#5883,#5884,#5885,#5886,#5887,#5888));
#967=EDGE_LOOP('',(#5889,#5890,#5891,#5892));
#968=EDGE_LOOP('',(#5893,#5894,#5895,#5896,#5897,#5898,#5899,#5900));
#969=EDGE_LOOP('',(#5901,#5902,#5903,#5904));
#970=EDGE_LOOP('',(#5905,#5906,#5907,#5908,#5909,#5910,#5911,#5912));
#971=EDGE_LOOP('',(#5913,#5914,#5915,#5916));
#972=EDGE_LOOP('',(#5917,#5918,#5919,#5920,#5921,#5922,#5923,#5924));
#973=EDGE_LOOP('',(#5925,#5926,#5927,#5928));
#974=EDGE_LOOP('',(#5929,#5930,#5931,#5932,#5933,#5934,#5935,#5936));
#975=EDGE_LOOP('',(#5937,#5938,#5939,#5940));
#976=EDGE_LOOP('',(#5941,#5942,#5943,#5944,#5945,#5946,#5947,#5948));
#977=EDGE_LOOP('',(#5949,#5950,#5951,#5952));
#978=EDGE_LOOP('',(#5953,#5954,#5955,#5956,#5957,#5958,#5959,#5960));
#979=EDGE_LOOP('',(#5961,#5962,#5963,#5964));
#980=EDGE_LOOP('',(#5965,#5966,#5967,#5968,#5969,#5970,#5971,#5972));
#981=EDGE_LOOP('',(#5973,#5974,#5975,#5976));
#982=EDGE_LOOP('',(#5977,#5978,#5979,#5980,#5981,#5982,#5983,#5984,#5985));
#983=EDGE_LOOP('',(#5986,#5987,#5988,#5989,#5990));
#984=EDGE_LOOP('',(#5991,#5992,#5993,#5994,#5995,#5996,#5997,#5998));
#985=EDGE_LOOP('',(#5999,#6000,#6001,#6002));
#986=EDGE_LOOP('',(#6003,#6004,#6005,#6006,#6007,#6008,#6009,#6010,#6011));
#987=EDGE_LOOP('',(#6012,#6013,#6014,#6015,#6016));
#988=EDGE_LOOP('',(#6017,#6018,#6019,#6020,#6021,#6022,#6023,#6024));
#989=EDGE_LOOP('',(#6025,#6026,#6027,#6028,#6029));
#990=EDGE_LOOP('',(#6030,#6031,#6032,#6033,#6034,#6035,#6036,#6037,#6038));
#991=EDGE_LOOP('',(#6039,#6040,#6041,#6042));
#992=EDGE_LOOP('',(#6043,#6044,#6045,#6046,#6047,#6048,#6049,#6050));
#993=EDGE_LOOP('',(#6051,#6052,#6053,#6054));
#994=EDGE_LOOP('',(#6055,#6056,#6057,#6058,#6059,#6060,#6061,#6062));
#995=EDGE_LOOP('',(#6063,#6064,#6065,#6066));
#996=EDGE_LOOP('',(#6067,#6068,#6069,#6070));
#997=EDGE_LOOP('',(#6071,#6072,#6073,#6074,#6075,#6076,#6077,#6078));
#998=EDGE_LOOP('',(#6079,#6080,#6081,#6082));
#999=EDGE_LOOP('',(#6083,#6084,#6085,#6086,#6087,#6088,#6089,#6090));
#1000=EDGE_LOOP('',(#6091,#6092,#6093,#6094));
#1001=EDGE_LOOP('',(#6095,#6096,#6097,#6098,#6099,#6100,#6101,#6102));
#1002=EDGE_LOOP('',(#6103,#6104,#6105,#6106));
#1003=EDGE_LOOP('',(#6107,#6108,#6109,#6110,#6111,#6112,#6113,#6114));
#1004=EDGE_LOOP('',(#6115,#6116,#6117,#6118));
#1005=EDGE_LOOP('',(#6119,#6120,#6121,#6122,#6123,#6124,#6125,#6126));
#1006=EDGE_LOOP('',(#6127,#6128,#6129,#6130));
#1007=EDGE_LOOP('',(#6131,#6132,#6133,#6134,#6135,#6136,#6137,#6138));
#1008=EDGE_LOOP('',(#6139,#6140,#6141,#6142));
#1009=EDGE_LOOP('',(#6143,#6144,#6145,#6146,#6147,#6148,#6149,#6150));
#1010=EDGE_LOOP('',(#6151,#6152,#6153,#6154,#6155,#6156,#6157,#6158));
#1011=EDGE_LOOP('',(#6159,#6160,#6161,#6162));
#1012=EDGE_LOOP('',(#6163,#6164,#6165,#6166,#6167,#6168,#6169,#6170));
#1013=EDGE_LOOP('',(#6171,#6172,#6173,#6174));
#1014=EDGE_LOOP('',(#6175,#6176,#6177,#6178));
#1015=EDGE_LOOP('',(#6179,#6180,#6181,#6182,#6183,#6184,#6185,#6186));
#1016=EDGE_LOOP('',(#6187,#6188,#6189,#6190));
#1017=EDGE_LOOP('',(#6191,#6192,#6193,#6194,#6195,#6196,#6197,#6198));
#1018=EDGE_LOOP('',(#6199,#6200,#6201,#6202,#6203));
#1019=EDGE_LOOP('',(#6204,#6205,#6206,#6207,#6208,#6209,#6210,#6211));
#1020=EDGE_LOOP('',(#6212,#6213,#6214,#6215));
#1021=EDGE_LOOP('',(#6216,#6217,#6218,#6219,#6220,#6221,#6222,#6223,#6224));
#1022=EDGE_LOOP('',(#6225,#6226,#6227,#6228));
#1023=EDGE_LOOP('',(#6229,#6230,#6231,#6232,#6233,#6234,#6235,#6236));
#1024=EDGE_LOOP('',(#6237,#6238,#6239,#6240));
#1025=EDGE_LOOP('',(#6241,#6242,#6243,#6244,#6245,#6246,#6247,#6248));
#1026=EDGE_LOOP('',(#6249,#6250,#6251,#6252,#6253,#6254));
#1027=EDGE_LOOP('',(#6255,#6256,#6257,#6258,#6259,#6260,#6261,#6262,#6263));
#1028=EDGE_LOOP('',(#6264,#6265,#6266,#6267));
#1029=EDGE_LOOP('',(#6268,#6269,#6270,#6271,#6272,#6273,#6274,#6275,#6276));
#1030=EDGE_LOOP('',(#6277,#6278,#6279,#6280,#6281));
#1031=EDGE_LOOP('',(#6282,#6283,#6284,#6285,#6286,#6287,#6288,#6289));
#1032=EDGE_LOOP('',(#6290,#6291,#6292,#6293));
#1033=EDGE_LOOP('',(#6294,#6295,#6296,#6297,#6298,#6299,#6300,#6301,#6302));
#1034=EDGE_LOOP('',(#6303,#6304,#6305,#6306));
#1035=EDGE_LOOP('',(#6307,#6308,#6309,#6310,#6311,#6312,#6313,#6314));
#1036=EDGE_LOOP('',(#6315,#6316,#6317,#6318,#6319));
#1037=EDGE_LOOP('',(#6320,#6321,#6322,#6323,#6324,#6325,#6326,#6327,#6328));
#1038=EDGE_LOOP('',(#6329,#6330,#6331,#6332));
#1039=EDGE_LOOP('',(#6333,#6334,#6335,#6336,#6337,#6338,#6339,#6340));
#1040=EDGE_LOOP('',(#6341,#6342,#6343,#6344));
#1041=EDGE_LOOP('',(#6345,#6346,#6347,#6348,#6349,#6350,#6351,#6352));
#1042=EDGE_LOOP('',(#6353,#6354,#6355,#6356));
#1043=EDGE_LOOP('',(#6357,#6358,#6359,#6360,#6361,#6362,#6363,#6364));
#1044=EDGE_LOOP('',(#6365,#6366,#6367,#6368));
#1045=EDGE_LOOP('',(#6369,#6370,#6371,#6372,#6373,#6374,#6375,#6376));
#1046=EDGE_LOOP('',(#6377,#6378,#6379,#6380));
#1047=EDGE_LOOP('',(#6381,#6382,#6383,#6384,#6385,#6386,#6387,#6388,#6389));
#1048=EDGE_LOOP('',(#6390,#6391,#6392,#6393,#6394,#6395));
#1049=EDGE_LOOP('',(#6396,#6397,#6398,#6399,#6400,#6401,#6402,#6403,#6404));
#1050=EDGE_LOOP('',(#6405,#6406,#6407,#6408));
#1051=EDGE_LOOP('',(#6409,#6410,#6411,#6412));
#1052=EDGE_LOOP('',(#6413,#6414,#6415,#6416));
#1053=EDGE_LOOP('',(#6417,#6418,#6419,#6420));
#1054=EDGE_LOOP('',(#6421,#6422,#6423,#6424));
#1055=EDGE_LOOP('',(#6425,#6426,#6427,#6428));
#1056=EDGE_LOOP('',(#6429,#6430,#6431,#6432));
#1057=EDGE_LOOP('',(#6433,#6434,#6435,#6436));
#1058=EDGE_LOOP('',(#6437,#6438,#6439,#6440));
#1059=EDGE_LOOP('',(#6441,#6442,#6443,#6444));
#1060=EDGE_LOOP('',(#6445,#6446,#6447,#6448));
#1061=EDGE_LOOP('',(#6449,#6450,#6451,#6452));
#1062=EDGE_LOOP('',(#6453,#6454,#6455,#6456));
#1063=EDGE_LOOP('',(#6457,#6458,#6459,#6460));
#1064=EDGE_LOOP('',(#6461,#6462,#6463,#6464));
#1065=EDGE_LOOP('',(#6465,#6466,#6467,#6468));
#1066=EDGE_LOOP('',(#6469,#6470,#6471,#6472));
#1067=EDGE_LOOP('',(#6473,#6474,#6475,#6476));
#1068=EDGE_LOOP('',(#6477,#6478,#6479,#6480));
#1069=EDGE_LOOP('',(#6481,#6482,#6483,#6484));
#1070=EDGE_LOOP('',(#6485,#6486,#6487,#6488));
#1071=EDGE_LOOP('',(#6489,#6490,#6491,#6492));
#1072=EDGE_LOOP('',(#6493,#6494,#6495,#6496));
#1073=EDGE_LOOP('',(#6497,#6498,#6499,#6500));
#1074=EDGE_LOOP('',(#6501,#6502,#6503,#6504));
#1075=EDGE_LOOP('',(#6505,#6506,#6507,#6508));
#1076=EDGE_LOOP('',(#6509,#6510,#6511,#6512));
#1077=EDGE_LOOP('',(#6513,#6514,#6515,#6516));
#1078=EDGE_LOOP('',(#6517,#6518,#6519,#6520));
#1079=EDGE_LOOP('',(#6521,#6522,#6523,#6524));
#1080=EDGE_LOOP('',(#6525,#6526,#6527,#6528));
#1081=EDGE_LOOP('',(#6529,#6530,#6531,#6532));
#1082=EDGE_LOOP('',(#6533,#6534,#6535,#6536));
#1083=EDGE_LOOP('',(#6537,#6538,#6539,#6540));
#1084=LINE('',#9070,#1956);
#1085=LINE('',#9073,#1957);
#1086=LINE('',#9076,#1958);
#1087=LINE('',#9078,#1959);
#1088=LINE('',#9082,#1960);
#1089=LINE('',#9084,#1961);
#1090=LINE('',#9088,#1962);
#1091=LINE('',#9092,#1963);
#1092=LINE('',#9096,#1964);
#1093=LINE('',#9100,#1965);
#1094=LINE('',#9104,#1966);
#1095=LINE('',#9108,#1967);
#1096=LINE('',#9112,#1968);
#1097=LINE('',#9116,#1969);
#1098=LINE('',#9120,#1970);
#1099=LINE('',#9124,#1971);
#1100=LINE('',#9128,#1972);
#1101=LINE('',#9132,#1973);
#1102=LINE('',#9136,#1974);
#1103=LINE('',#9140,#1975);
#1104=LINE('',#9144,#1976);
#1105=LINE('',#9148,#1977);
#1106=LINE('',#9151,#1978);
#1107=LINE('',#9158,#1979);
#1108=LINE('',#9160,#1980);
#1109=LINE('',#9162,#1981);
#1110=LINE('',#9164,#1982);
#1111=LINE('',#9166,#1983);
#1112=LINE('',#9168,#1984);
#1113=LINE('',#9170,#1985);
#1114=LINE('',#9172,#1986);
#1115=LINE('',#9174,#1987);
#1116=LINE('',#9176,#1988);
#1117=LINE('',#9178,#1989);
#1118=LINE('',#9180,#1990);
#1119=LINE('',#9184,#1991);
#1120=LINE('',#9186,#1992);
#1121=LINE('',#9188,#1993);
#1122=LINE('',#9190,#1994);
#1123=LINE('',#9192,#1995);
#1124=LINE('',#9194,#1996);
#1125=LINE('',#9196,#1997);
#1126=LINE('',#9198,#1998);
#1127=LINE('',#9200,#1999);
#1128=LINE('',#9202,#2000);
#1129=LINE('',#9204,#2001);
#1130=LINE('',#9208,#2002);
#1131=LINE('',#9210,#2003);
#1132=LINE('',#9212,#2004);
#1133=LINE('',#9214,#2005);
#1134=LINE('',#9216,#2006);
#1135=LINE('',#9218,#2007);
#1136=LINE('',#9220,#2008);
#1137=LINE('',#9222,#2009);
#1138=LINE('',#9224,#2010);
#1139=LINE('',#9226,#2011);
#1140=LINE('',#9228,#2012);
#1141=LINE('',#9230,#2013);
#1142=LINE('',#9234,#2014);
#1143=LINE('',#9236,#2015);
#1144=LINE('',#9238,#2016);
#1145=LINE('',#9240,#2017);
#1146=LINE('',#9242,#2018);
#1147=LINE('',#9244,#2019);
#1148=LINE('',#9246,#2020);
#1149=LINE('',#9248,#2021);
#1150=LINE('',#9250,#2022);
#1151=LINE('',#9252,#2023);
#1152=LINE('',#9254,#2024);
#1153=LINE('',#9256,#2025);
#1154=LINE('',#9262,#2026);
#1155=LINE('',#9264,#2027);
#1156=LINE('',#9266,#2028);
#1157=LINE('',#9268,#2029);
#1158=LINE('',#9270,#2030);
#1159=LINE('',#9272,#2031);
#1160=LINE('',#9274,#2032);
#1161=LINE('',#9276,#2033);
#1162=LINE('',#9278,#2034);
#1163=LINE('',#9280,#2035);
#1164=LINE('',#9282,#2036);
#1165=LINE('',#9288,#2037);
#1166=LINE('',#9290,#2038);
#1167=LINE('',#9292,#2039);
#1168=LINE('',#9294,#2040);
#1169=LINE('',#9296,#2041);
#1170=LINE('',#9298,#2042);
#1171=LINE('',#9300,#2043);
#1172=LINE('',#9302,#2044);
#1173=LINE('',#9304,#2045);
#1174=LINE('',#9306,#2046);
#1175=LINE('',#9308,#2047);
#1176=LINE('',#9309,#2048);
#1177=LINE('',#9312,#2049);
#1178=LINE('',#9314,#2050);
#1179=LINE('',#9316,#2051);
#1180=LINE('',#9318,#2052);
#1181=LINE('',#9320,#2053);
#1182=LINE('',#9322,#2054);
#1183=LINE('',#9324,#2055);
#1184=LINE('',#9326,#2056);
#1185=LINE('',#9328,#2057);
#1186=LINE('',#9330,#2058);
#1187=LINE('',#9332,#2059);
#1188=LINE('',#9333,#2060);
#1189=LINE('',#9336,#2061);
#1190=LINE('',#9338,#2062);
#1191=LINE('',#9340,#2063);
#1192=LINE('',#9342,#2064);
#1193=LINE('',#9344,#2065);
#1194=LINE('',#9346,#2066);
#1195=LINE('',#9348,#2067);
#1196=LINE('',#9350,#2068);
#1197=LINE('',#9352,#2069);
#1198=LINE('',#9354,#2070);
#1199=LINE('',#9356,#2071);
#1200=LINE('',#9357,#2072);
#1201=LINE('',#9360,#2073);
#1202=LINE('',#9362,#2074);
#1203=LINE('',#9364,#2075);
#1204=LINE('',#9366,#2076);
#1205=LINE('',#9368,#2077);
#1206=LINE('',#9370,#2078);
#1207=LINE('',#9372,#2079);
#1208=LINE('',#9374,#2080);
#1209=LINE('',#9376,#2081);
#1210=LINE('',#9378,#2082);
#1211=LINE('',#9380,#2083);
#1212=LINE('',#9381,#2084);
#1213=LINE('',#9384,#2085);
#1214=LINE('',#9386,#2086);
#1215=LINE('',#9388,#2087);
#1216=LINE('',#9390,#2088);
#1217=LINE('',#9392,#2089);
#1218=LINE('',#9394,#2090);
#1219=LINE('',#9396,#2091);
#1220=LINE('',#9398,#2092);
#1221=LINE('',#9400,#2093);
#1222=LINE('',#9402,#2094);
#1223=LINE('',#9404,#2095);
#1224=LINE('',#9406,#2096);
#1225=LINE('',#9407,#2097);
#1226=LINE('',#9410,#2098);
#1227=LINE('',#9412,#2099);
#1228=LINE('',#9414,#2100);
#1229=LINE('',#9416,#2101);
#1230=LINE('',#9418,#2102);
#1231=LINE('',#9420,#2103);
#1232=LINE('',#9422,#2104);
#1233=LINE('',#9424,#2105);
#1234=LINE('',#9426,#2106);
#1235=LINE('',#9428,#2107);
#1236=LINE('',#9430,#2108);
#1237=LINE('',#9431,#2109);
#1238=LINE('',#9434,#2110);
#1239=LINE('',#9436,#2111);
#1240=LINE('',#9438,#2112);
#1241=LINE('',#9440,#2113);
#1242=LINE('',#9442,#2114);
#1243=LINE('',#9444,#2115);
#1244=LINE('',#9446,#2116);
#1245=LINE('',#9448,#2117);
#1246=LINE('',#9450,#2118);
#1247=LINE('',#9452,#2119);
#1248=LINE('',#9454,#2120);
#1249=LINE('',#9455,#2121);
#1250=LINE('',#9458,#2122);
#1251=LINE('',#9460,#2123);
#1252=LINE('',#9462,#2124);
#1253=LINE('',#9464,#2125);
#1254=LINE('',#9466,#2126);
#1255=LINE('',#9468,#2127);
#1256=LINE('',#9470,#2128);
#1257=LINE('',#9472,#2129);
#1258=LINE('',#9474,#2130);
#1259=LINE('',#9476,#2131);
#1260=LINE('',#9478,#2132);
#1261=LINE('',#9479,#2133);
#1262=LINE('',#9482,#2134);
#1263=LINE('',#9484,#2135);
#1264=LINE('',#9486,#2136);
#1265=LINE('',#9488,#2137);
#1266=LINE('',#9490,#2138);
#1267=LINE('',#9492,#2139);
#1268=LINE('',#9494,#2140);
#1269=LINE('',#9496,#2141);
#1270=LINE('',#9498,#2142);
#1271=LINE('',#9500,#2143);
#1272=LINE('',#9502,#2144);
#1273=LINE('',#9503,#2145);
#1274=LINE('',#9506,#2146);
#1275=LINE('',#9508,#2147);
#1276=LINE('',#9510,#2148);
#1277=LINE('',#9512,#2149);
#1278=LINE('',#9514,#2150);
#1279=LINE('',#9516,#2151);
#1280=LINE('',#9518,#2152);
#1281=LINE('',#9520,#2153);
#1282=LINE('',#9522,#2154);
#1283=LINE('',#9524,#2155);
#1284=LINE('',#9526,#2156);
#1285=LINE('',#9527,#2157);
#1286=LINE('',#9530,#2158);
#1287=LINE('',#9532,#2159);
#1288=LINE('',#9534,#2160);
#1289=LINE('',#9536,#2161);
#1290=LINE('',#9538,#2162);
#1291=LINE('',#9540,#2163);
#1292=LINE('',#9542,#2164);
#1293=LINE('',#9544,#2165);
#1294=LINE('',#9546,#2166);
#1295=LINE('',#9548,#2167);
#1296=LINE('',#9550,#2168);
#1297=LINE('',#9551,#2169);
#1298=LINE('',#9554,#2170);
#1299=LINE('',#9556,#2171);
#1300=LINE('',#9558,#2172);
#1301=LINE('',#9560,#2173);
#1302=LINE('',#9562,#2174);
#1303=LINE('',#9564,#2175);
#1304=LINE('',#9566,#2176);
#1305=LINE('',#9568,#2177);
#1306=LINE('',#9570,#2178);
#1307=LINE('',#9572,#2179);
#1308=LINE('',#9574,#2180);
#1309=LINE('',#9575,#2181);
#1310=LINE('',#9578,#2182);
#1311=LINE('',#9580,#2183);
#1312=LINE('',#9582,#2184);
#1313=LINE('',#9584,#2185);
#1314=LINE('',#9586,#2186);
#1315=LINE('',#9588,#2187);
#1316=LINE('',#9590,#2188);
#1317=LINE('',#9592,#2189);
#1318=LINE('',#9594,#2190);
#1319=LINE('',#9596,#2191);
#1320=LINE('',#9598,#2192);
#1321=LINE('',#9599,#2193);
#1322=LINE('',#9604,#2194);
#1323=LINE('',#9606,#2195);
#1324=LINE('',#9608,#2196);
#1325=LINE('',#9610,#2197);
#1326=LINE('',#9612,#2198);
#1327=LINE('',#9614,#2199);
#1328=LINE('',#9616,#2200);
#1329=LINE('',#9618,#2201);
#1330=LINE('',#9620,#2202);
#1331=LINE('',#9622,#2203);
#1332=LINE('',#9624,#2204);
#1333=LINE('',#9626,#2205);
#1334=LINE('',#9630,#2206);
#1335=LINE('',#9632,#2207);
#1336=LINE('',#9634,#2208);
#1337=LINE('',#9636,#2209);
#1338=LINE('',#9638,#2210);
#1339=LINE('',#9640,#2211);
#1340=LINE('',#9642,#2212);
#1341=LINE('',#9644,#2213);
#1342=LINE('',#9646,#2214);
#1343=LINE('',#9648,#2215);
#1344=LINE('',#9650,#2216);
#1345=LINE('',#9652,#2217);
#1346=LINE('',#9658,#2218);
#1347=LINE('',#9660,#2219);
#1348=LINE('',#9662,#2220);
#1349=LINE('',#9664,#2221);
#1350=LINE('',#9666,#2222);
#1351=LINE('',#9668,#2223);
#1352=LINE('',#9670,#2224);
#1353=LINE('',#9672,#2225);
#1354=LINE('',#9674,#2226);
#1355=LINE('',#9676,#2227);
#1356=LINE('',#9678,#2228);
#1357=LINE('',#9680,#2229);
#1358=LINE('',#9682,#2230);
#1359=LINE('',#9686,#2231);
#1360=LINE('',#9687,#2232);
#1361=LINE('',#9692,#2233);
#1362=LINE('',#9693,#2234);
#1363=LINE('',#9696,#2235);
#1364=LINE('',#9697,#2236);
#1365=LINE('',#9699,#2237);
#1366=LINE('',#9702,#2238);
#1367=LINE('',#9706,#2239);
#1368=LINE('',#9710,#2240);
#1369=LINE('',#9714,#2241);
#1370=LINE('',#9718,#2242);
#1371=LINE('',#9722,#2243);
#1372=LINE('',#9726,#2244);
#1373=LINE('',#9730,#2245);
#1374=LINE('',#9734,#2246);
#1375=LINE('',#9738,#2247);
#1376=LINE('',#9742,#2248);
#1377=LINE('',#9746,#2249);
#1378=LINE('',#9750,#2250);
#1379=LINE('',#9754,#2251);
#1380=LINE('',#9758,#2252);
#1381=LINE('',#9762,#2253);
#1382=LINE('',#9766,#2254);
#1383=LINE('',#9769,#2255);
#1384=LINE('',#9772,#2256);
#1385=LINE('',#9774,#2257);
#1386=LINE('',#9776,#2258);
#1387=LINE('',#9777,#2259);
#1388=LINE('',#9780,#2260);
#1389=LINE('',#9782,#2261);
#1390=LINE('',#9784,#2262);
#1391=LINE('',#9785,#2263);
#1392=LINE('',#9788,#2264);
#1393=LINE('',#9790,#2265);
#1394=LINE('',#9792,#2266);
#1395=LINE('',#9793,#2267);
#1396=LINE('',#9796,#2268);
#1397=LINE('',#9798,#2269);
#1398=LINE('',#9800,#2270);
#1399=LINE('',#9801,#2271);
#1400=LINE('',#9804,#2272);
#1401=LINE('',#9806,#2273);
#1402=LINE('',#9808,#2274);
#1403=LINE('',#9809,#2275);
#1404=LINE('',#9812,#2276);
#1405=LINE('',#9814,#2277);
#1406=LINE('',#9816,#2278);
#1407=LINE('',#9817,#2279);
#1408=LINE('',#9820,#2280);
#1409=LINE('',#9822,#2281);
#1410=LINE('',#9824,#2282);
#1411=LINE('',#9825,#2283);
#1412=LINE('',#9828,#2284);
#1413=LINE('',#9830,#2285);
#1414=LINE('',#9832,#2286);
#1415=LINE('',#9834,#2287);
#1416=LINE('',#9835,#2288);
#1417=LINE('',#9838,#2289);
#1418=LINE('',#9840,#2290);
#1419=LINE('',#9842,#2291);
#1420=LINE('',#9843,#2292);
#1421=LINE('',#9846,#2293);
#1422=LINE('',#9848,#2294);
#1423=LINE('',#9850,#2295);
#1424=LINE('',#9851,#2296);
#1425=LINE('',#9854,#2297);
#1426=LINE('',#9856,#2298);
#1427=LINE('',#9858,#2299);
#1428=LINE('',#9859,#2300);
#1429=LINE('',#9862,#2301);
#1430=LINE('',#9864,#2302);
#1431=LINE('',#9866,#2303);
#1432=LINE('',#9867,#2304);
#1433=LINE('',#9870,#2305);
#1434=LINE('',#9872,#2306);
#1435=LINE('',#9874,#2307);
#1436=LINE('',#9875,#2308);
#1437=LINE('',#9878,#2309);
#1438=LINE('',#9880,#2310);
#1439=LINE('',#9882,#2311);
#1440=LINE('',#9883,#2312);
#1441=LINE('',#9886,#2313);
#1442=LINE('',#9888,#2314);
#1443=LINE('',#9890,#2315);
#1444=LINE('',#9891,#2316);
#1445=LINE('',#9894,#2317);
#1446=LINE('',#9896,#2318);
#1447=LINE('',#9898,#2319);
#1448=LINE('',#9899,#2320);
#1449=LINE('',#9902,#2321);
#1450=LINE('',#9904,#2322);
#1451=LINE('',#9906,#2323);
#1452=LINE('',#9907,#2324);
#1453=LINE('',#9910,#2325);
#1454=LINE('',#9912,#2326);
#1455=LINE('',#9914,#2327);
#1456=LINE('',#9915,#2328);
#1457=LINE('',#9918,#2329);
#1458=LINE('',#9920,#2330);
#1459=LINE('',#9922,#2331);
#1460=LINE('',#9923,#2332);
#1461=LINE('',#9926,#2333);
#1462=LINE('',#9928,#2334);
#1463=LINE('',#9930,#2335);
#1464=LINE('',#9931,#2336);
#1465=LINE('',#9934,#2337);
#1466=LINE('',#9936,#2338);
#1467=LINE('',#9938,#2339);
#1468=LINE('',#9939,#2340);
#1469=LINE('',#9946,#2341);
#1470=LINE('',#9953,#2342);
#1471=LINE('',#9961,#2343);
#1472=LINE('',#9968,#2344);
#1473=LINE('',#9976,#2345);
#1474=LINE('',#9983,#2346);
#1475=LINE('',#9991,#2347);
#1476=LINE('',#9998,#2348);
#1477=LINE('',#10003,#2349);
#1478=LINE('',#10009,#2350);
#1479=LINE('',#10013,#2351);
#1480=LINE('',#10019,#2352);
#1481=LINE('',#10023,#2353);
#1482=LINE('',#10029,#2354);
#1483=LINE('',#10033,#2355);
#1484=LINE('',#10039,#2356);
#1485=LINE('',#10044,#2357);
#1486=LINE('',#10054,#2358);
#1487=LINE('',#10060,#2359);
#1488=LINE('',#10063,#2360);
#1489=LINE('',#10066,#2361);
#1490=LINE('',#10068,#2362);
#1491=LINE('',#10073,#2363);
#1492=LINE('',#10089,#2364);
#1493=LINE('',#10091,#2365);
#1494=LINE('',#10125,#2366);
#1495=LINE('',#10128,#2367);
#1496=LINE('',#10130,#2368);
#1497=LINE('',#10162,#2369);
#1498=LINE('',#10163,#2370);
#1499=LINE('',#10164,#2371);
#1500=LINE('',#10167,#2372);
#1501=LINE('',#10168,#2373);
#1502=LINE('',#10172,#2374);
#1503=LINE('',#10173,#2375);
#1504=LINE('',#10174,#2376);
#1505=LINE('',#10177,#2377);
#1506=LINE('',#10178,#2378);
#1507=LINE('',#10181,#2379);
#1508=LINE('',#10182,#2380);
#1509=LINE('',#10185,#2381);
#1510=LINE('',#10186,#2382);
#1511=LINE('',#10190,#2383);
#1512=LINE('',#10191,#2384);
#1513=LINE('',#10192,#2385);
#1514=LINE('',#10195,#2386);
#1515=LINE('',#10196,#2387);
#1516=LINE('',#10199,#2388);
#1517=LINE('',#10200,#2389);
#1518=LINE('',#10204,#2390);
#1519=LINE('',#10205,#2391);
#1520=LINE('',#10206,#2392);
#1521=LINE('',#10209,#2393);
#1522=LINE('',#10210,#2394);
#1523=LINE('',#10213,#2395);
#1524=LINE('',#10214,#2396);
#1525=LINE('',#10218,#2397);
#1526=LINE('',#10219,#2398);
#1527=LINE('',#10220,#2399);
#1528=LINE('',#10223,#2400);
#1529=LINE('',#10224,#2401);
#1530=LINE('',#10227,#2402);
#1531=LINE('',#10228,#2403);
#1532=LINE('',#10232,#2404);
#1533=LINE('',#10233,#2405);
#1534=LINE('',#10234,#2406);
#1535=LINE('',#10237,#2407);
#1536=LINE('',#10238,#2408);
#1537=LINE('',#10241,#2409);
#1538=LINE('',#10242,#2410);
#1539=LINE('',#10246,#2411);
#1540=LINE('',#10247,#2412);
#1541=LINE('',#10248,#2413);
#1542=LINE('',#10251,#2414);
#1543=LINE('',#10252,#2415);
#1544=LINE('',#10256,#2416);
#1545=LINE('',#10257,#2417);
#1546=LINE('',#10258,#2418);
#1547=LINE('',#10261,#2419);
#1548=LINE('',#10262,#2420);
#1549=LINE('',#10265,#2421);
#1550=LINE('',#10266,#2422);
#1551=LINE('',#10269,#2423);
#1552=LINE('',#10270,#2424);
#1553=LINE('',#10274,#2425);
#1554=LINE('',#10275,#2426);
#1555=LINE('',#10276,#2427);
#1556=LINE('',#10279,#2428);
#1557=LINE('',#10280,#2429);
#1558=LINE('',#10284,#2430);
#1559=LINE('',#10285,#2431);
#1560=LINE('',#10286,#2432);
#1561=LINE('',#10289,#2433);
#1562=LINE('',#10290,#2434);
#1563=LINE('',#10293,#2435);
#1564=LINE('',#10294,#2436);
#1565=LINE('',#10297,#2437);
#1566=LINE('',#10298,#2438);
#1567=LINE('',#10302,#2439);
#1568=LINE('',#10303,#2440);
#1569=LINE('',#10304,#2441);
#1570=LINE('',#10307,#2442);
#1571=LINE('',#10308,#2443);
#1572=LINE('',#10312,#2444);
#1573=LINE('',#10313,#2445);
#1574=LINE('',#10314,#2446);
#1575=LINE('',#10317,#2447);
#1576=LINE('',#10318,#2448);
#1577=LINE('',#10321,#2449);
#1578=LINE('',#10322,#2450);
#1579=LINE('',#10325,#2451);
#1580=LINE('',#10326,#2452);
#1581=LINE('',#10330,#2453);
#1582=LINE('',#10331,#2454);
#1583=LINE('',#10332,#2455);
#1584=LINE('',#10335,#2456);
#1585=LINE('',#10336,#2457);
#1586=LINE('',#10340,#2458);
#1587=LINE('',#10341,#2459);
#1588=LINE('',#10342,#2460);
#1589=LINE('',#10345,#2461);
#1590=LINE('',#10346,#2462);
#1591=LINE('',#10349,#2463);
#1592=LINE('',#10350,#2464);
#1593=LINE('',#10353,#2465);
#1594=LINE('',#10354,#2466);
#1595=LINE('',#10358,#2467);
#1596=LINE('',#10359,#2468);
#1597=LINE('',#10360,#2469);
#1598=LINE('',#10363,#2470);
#1599=LINE('',#10364,#2471);
#1600=LINE('',#10368,#2472);
#1601=LINE('',#10369,#2473);
#1602=LINE('',#10370,#2474);
#1603=LINE('',#10373,#2475);
#1604=LINE('',#10374,#2476);
#1605=LINE('',#10377,#2477);
#1606=LINE('',#10378,#2478);
#1607=LINE('',#10381,#2479);
#1608=LINE('',#10382,#2480);
#1609=LINE('',#10386,#2481);
#1610=LINE('',#10387,#2482);
#1611=LINE('',#10388,#2483);
#1612=LINE('',#10391,#2484);
#1613=LINE('',#10392,#2485);
#1614=LINE('',#10396,#2486);
#1615=LINE('',#10397,#2487);
#1616=LINE('',#10398,#2488);
#1617=LINE('',#10401,#2489);
#1618=LINE('',#10402,#2490);
#1619=LINE('',#10405,#2491);
#1620=LINE('',#10406,#2492);
#1621=LINE('',#10409,#2493);
#1622=LINE('',#10410,#2494);
#1623=LINE('',#10414,#2495);
#1624=LINE('',#10415,#2496);
#1625=LINE('',#10416,#2497);
#1626=LINE('',#10419,#2498);
#1627=LINE('',#10420,#2499);
#1628=LINE('',#10424,#2500);
#1629=LINE('',#10425,#2501);
#1630=LINE('',#10426,#2502);
#1631=LINE('',#10429,#2503);
#1632=LINE('',#10430,#2504);
#1633=LINE('',#10433,#2505);
#1634=LINE('',#10434,#2506);
#1635=LINE('',#10437,#2507);
#1636=LINE('',#10438,#2508);
#1637=LINE('',#10442,#2509);
#1638=LINE('',#10443,#2510);
#1639=LINE('',#10444,#2511);
#1640=LINE('',#10447,#2512);
#1641=LINE('',#10448,#2513);
#1642=LINE('',#10452,#2514);
#1643=LINE('',#10453,#2515);
#1644=LINE('',#10454,#2516);
#1645=LINE('',#10457,#2517);
#1646=LINE('',#10458,#2518);
#1647=LINE('',#10461,#2519);
#1648=LINE('',#10462,#2520);
#1649=LINE('',#10465,#2521);
#1650=LINE('',#10466,#2522);
#1651=LINE('',#10470,#2523);
#1652=LINE('',#10471,#2524);
#1653=LINE('',#10472,#2525);
#1654=LINE('',#10475,#2526);
#1655=LINE('',#10476,#2527);
#1656=LINE('',#10480,#2528);
#1657=LINE('',#10481,#2529);
#1658=LINE('',#10482,#2530);
#1659=LINE('',#10485,#2531);
#1660=LINE('',#10486,#2532);
#1661=LINE('',#10489,#2533);
#1662=LINE('',#10490,#2534);
#1663=LINE('',#10493,#2535);
#1664=LINE('',#10494,#2536);
#1665=LINE('',#10498,#2537);
#1666=LINE('',#10499,#2538);
#1667=LINE('',#10500,#2539);
#1668=LINE('',#10503,#2540);
#1669=LINE('',#10504,#2541);
#1670=LINE('',#10508,#2542);
#1671=LINE('',#10509,#2543);
#1672=LINE('',#10510,#2544);
#1673=LINE('',#10513,#2545);
#1674=LINE('',#10514,#2546);
#1675=LINE('',#10517,#2547);
#1676=LINE('',#10518,#2548);
#1677=LINE('',#10521,#2549);
#1678=LINE('',#10522,#2550);
#1679=LINE('',#10526,#2551);
#1680=LINE('',#10527,#2552);
#1681=LINE('',#10528,#2553);
#1682=LINE('',#10531,#2554);
#1683=LINE('',#10532,#2555);
#1684=LINE('',#10536,#2556);
#1685=LINE('',#10537,#2557);
#1686=LINE('',#10538,#2558);
#1687=LINE('',#10541,#2559);
#1688=LINE('',#10542,#2560);
#1689=LINE('',#10545,#2561);
#1690=LINE('',#10546,#2562);
#1691=LINE('',#10549,#2563);
#1692=LINE('',#10550,#2564);
#1693=LINE('',#10554,#2565);
#1694=LINE('',#10555,#2566);
#1695=LINE('',#10556,#2567);
#1696=LINE('',#10559,#2568);
#1697=LINE('',#10560,#2569);
#1698=LINE('',#10564,#2570);
#1699=LINE('',#10565,#2571);
#1700=LINE('',#10566,#2572);
#1701=LINE('',#10569,#2573);
#1702=LINE('',#10570,#2574);
#1703=LINE('',#10573,#2575);
#1704=LINE('',#10574,#2576);
#1705=LINE('',#10577,#2577);
#1706=LINE('',#10578,#2578);
#1707=LINE('',#10582,#2579);
#1708=LINE('',#10583,#2580);
#1709=LINE('',#10584,#2581);
#1710=LINE('',#10587,#2582);
#1711=LINE('',#10588,#2583);
#1712=LINE('',#10592,#2584);
#1713=LINE('',#10593,#2585);
#1714=LINE('',#10594,#2586);
#1715=LINE('',#10597,#2587);
#1716=LINE('',#10598,#2588);
#1717=LINE('',#10601,#2589);
#1718=LINE('',#10602,#2590);
#1719=LINE('',#10605,#2591);
#1720=LINE('',#10606,#2592);
#1721=LINE('',#10610,#2593);
#1722=LINE('',#10611,#2594);
#1723=LINE('',#10612,#2595);
#1724=LINE('',#10615,#2596);
#1725=LINE('',#10616,#2597);
#1726=LINE('',#10620,#2598);
#1727=LINE('',#10621,#2599);
#1728=LINE('',#10622,#2600);
#1729=LINE('',#10625,#2601);
#1730=LINE('',#10626,#2602);
#1731=LINE('',#10629,#2603);
#1732=LINE('',#10630,#2604);
#1733=LINE('',#10633,#2605);
#1734=LINE('',#10634,#2606);
#1735=LINE('',#10638,#2607);
#1736=LINE('',#10639,#2608);
#1737=LINE('',#10640,#2609);
#1738=LINE('',#10643,#2610);
#1739=LINE('',#10644,#2611);
#1740=LINE('',#10647,#2612);
#1741=LINE('',#10648,#2613);
#1742=LINE('',#10652,#2614);
#1743=LINE('',#10653,#2615);
#1744=LINE('',#10654,#2616);
#1745=LINE('',#10657,#2617);
#1746=LINE('',#10658,#2618);
#1747=LINE('',#10661,#2619);
#1748=LINE('',#10662,#2620);
#1749=LINE('',#10666,#2621);
#1750=LINE('',#10667,#2622);
#1751=LINE('',#10668,#2623);
#1752=LINE('',#10671,#2624);
#1753=LINE('',#10672,#2625);
#1754=LINE('',#10676,#2626);
#1755=LINE('',#10677,#2627);
#1756=LINE('',#10678,#2628);
#1757=LINE('',#10681,#2629);
#1758=LINE('',#10682,#2630);
#1759=LINE('',#10685,#2631);
#1760=LINE('',#10686,#2632);
#1761=LINE('',#10689,#2633);
#1762=LINE('',#10690,#2634);
#1763=LINE('',#10694,#2635);
#1764=LINE('',#10695,#2636);
#1765=LINE('',#10696,#2637);
#1766=LINE('',#10699,#2638);
#1767=LINE('',#10700,#2639);
#1768=LINE('',#10703,#2640);
#1769=LINE('',#10704,#2641);
#1770=LINE('',#10708,#2642);
#1771=LINE('',#10709,#2643);
#1772=LINE('',#10710,#2644);
#1773=LINE('',#10713,#2645);
#1774=LINE('',#10714,#2646);
#1775=LINE('',#10717,#2647);
#1776=LINE('',#10718,#2648);
#1777=LINE('',#10722,#2649);
#1778=LINE('',#10723,#2650);
#1779=LINE('',#10724,#2651);
#1780=LINE('',#10727,#2652);
#1781=LINE('',#10728,#2653);
#1782=LINE('',#10732,#2654);
#1783=LINE('',#10733,#2655);
#1784=LINE('',#10734,#2656);
#1785=LINE('',#10737,#2657);
#1786=LINE('',#10738,#2658);
#1787=LINE('',#10741,#2659);
#1788=LINE('',#10742,#2660);
#1789=LINE('',#10745,#2661);
#1790=LINE('',#10746,#2662);
#1791=LINE('',#10748,#2663);
#1792=LINE('',#10750,#2664);
#1793=LINE('',#10752,#2665);
#1794=LINE('',#10754,#2666);
#1795=LINE('',#10756,#2667);
#1796=LINE('',#10758,#2668);
#1797=LINE('',#10760,#2669);
#1798=LINE('',#10762,#2670);
#1799=LINE('',#10764,#2671);
#1800=LINE('',#10766,#2672);
#1801=LINE('',#10768,#2673);
#1802=LINE('',#10770,#2674);
#1803=LINE('',#10772,#2675);
#1804=LINE('',#10774,#2676);
#1805=LINE('',#10776,#2677);
#1806=LINE('',#10778,#2678);
#1807=LINE('',#10780,#2679);
#1808=LINE('',#10782,#2680);
#1809=LINE('',#10784,#2681);
#1810=LINE('',#10786,#2682);
#1811=LINE('',#10788,#2683);
#1812=LINE('',#10790,#2684);
#1813=LINE('',#10792,#2685);
#1814=LINE('',#10794,#2686);
#1815=LINE('',#10796,#2687);
#1816=LINE('',#10798,#2688);
#1817=LINE('',#10800,#2689);
#1818=LINE('',#10802,#2690);
#1819=LINE('',#10804,#2691);
#1820=LINE('',#10806,#2692);
#1821=LINE('',#10808,#2693);
#1822=LINE('',#10810,#2694);
#1823=LINE('',#10812,#2695);
#1824=LINE('',#10814,#2696);
#1825=LINE('',#10816,#2697);
#1826=LINE('',#10818,#2698);
#1827=LINE('',#10820,#2699);
#1828=LINE('',#10822,#2700);
#1829=LINE('',#10824,#2701);
#1830=LINE('',#10826,#2702);
#1831=LINE('',#10828,#2703);
#1832=LINE('',#10830,#2704);
#1833=LINE('',#10833,#2705);
#1834=LINE('',#10836,#2706);
#1835=LINE('',#10839,#2707);
#1836=LINE('',#10842,#2708);
#1837=LINE('',#10845,#2709);
#1838=LINE('',#10847,#2710);
#1839=LINE('',#10848,#2711);
#1840=LINE('',#10850,#2712);
#1841=LINE('',#10852,#2713);
#1842=LINE('',#10855,#2714);
#1843=LINE('',#10856,#2715);
#1844=LINE('',#10858,#2716);
#1845=LINE('',#10860,#2717);
#1846=LINE('',#10863,#2718);
#1847=LINE('',#10864,#2719);
#1848=LINE('',#10866,#2720);
#1849=LINE('',#10868,#2721);
#1850=LINE('',#10871,#2722);
#1851=LINE('',#10872,#2723);
#1852=LINE('',#10874,#2724);
#1853=LINE('',#10876,#2725);
#1854=LINE('',#10879,#2726);
#1855=LINE('',#10880,#2727);
#1856=LINE('',#10882,#2728);
#1857=LINE('',#10884,#2729);
#1858=LINE('',#10887,#2730);
#1859=LINE('',#10888,#2731);
#1860=LINE('',#10890,#2732);
#1861=LINE('',#10892,#2733);
#1862=LINE('',#10895,#2734);
#1863=LINE('',#10896,#2735);
#1864=LINE('',#10898,#2736);
#1865=LINE('',#10900,#2737);
#1866=LINE('',#10903,#2738);
#1867=LINE('',#10904,#2739);
#1868=LINE('',#10906,#2740);
#1869=LINE('',#10908,#2741);
#1870=LINE('',#10910,#2742);
#1871=LINE('',#10913,#2743);
#1872=LINE('',#10914,#2744);
#1873=LINE('',#10916,#2745);
#1874=LINE('',#10918,#2746);
#1875=LINE('',#10921,#2747);
#1876=LINE('',#10922,#2748);
#1877=LINE('',#10924,#2749);
#1878=LINE('',#10926,#2750);
#1879=LINE('',#10929,#2751);
#1880=LINE('',#10930,#2752);
#1881=LINE('',#10932,#2753);
#1882=LINE('',#10934,#2754);
#1883=LINE('',#10937,#2755);
#1884=LINE('',#10938,#2756);
#1885=LINE('',#10940,#2757);
#1886=LINE('',#10942,#2758);
#1887=LINE('',#10945,#2759);
#1888=LINE('',#10946,#2760);
#1889=LINE('',#10948,#2761);
#1890=LINE('',#10950,#2762);
#1891=LINE('',#10953,#2763);
#1892=LINE('',#10954,#2764);
#1893=LINE('',#10956,#2765);
#1894=LINE('',#10958,#2766);
#1895=LINE('',#10961,#2767);
#1896=LINE('',#10962,#2768);
#1897=LINE('',#10964,#2769);
#1898=LINE('',#10966,#2770);
#1899=LINE('',#10969,#2771);
#1900=LINE('',#10970,#2772);
#1901=LINE('',#10972,#2773);
#1902=LINE('',#10974,#2774);
#1903=LINE('',#10977,#2775);
#1904=LINE('',#10978,#2776);
#1905=LINE('',#10980,#2777);
#1906=LINE('',#10982,#2778);
#1907=LINE('',#10985,#2779);
#1908=LINE('',#10986,#2780);
#1909=LINE('',#10988,#2781);
#1910=LINE('',#10990,#2782);
#1911=LINE('',#10993,#2783);
#1912=LINE('',#10994,#2784);
#1913=LINE('',#10996,#2785);
#1914=LINE('',#10998,#2786);
#1915=LINE('',#11001,#2787);
#1916=LINE('',#11002,#2788);
#1917=LINE('',#11004,#2789);
#1918=LINE('',#11006,#2790);
#1919=LINE('',#11009,#2791);
#1920=LINE('',#11010,#2792);
#1921=LINE('',#11012,#2793);
#1922=LINE('',#11014,#2794);
#1923=LINE('',#11017,#2795);
#1924=LINE('',#11019,#2796);
#1925=LINE('',#11021,#2797);
#1926=LINE('',#11023,#2798);
#1927=LINE('',#11025,#2799);
#1928=LINE('',#11027,#2800);
#1929=LINE('',#11029,#2801);
#1930=LINE('',#11031,#2802);
#1931=LINE('',#11033,#2803);
#1932=LINE('',#11035,#2804);
#1933=LINE('',#11037,#2805);
#1934=LINE('',#11039,#2806);
#1935=LINE('',#11041,#2807);
#1936=LINE('',#11043,#2808);
#1937=LINE('',#11045,#2809);
#1938=LINE('',#11047,#2810);
#1939=LINE('',#11049,#2811);
#1940=LINE('',#11051,#2812);
#1941=LINE('',#11053,#2813);
#1942=LINE('',#11055,#2814);
#1943=LINE('',#11057,#2815);
#1944=LINE('',#11059,#2816);
#1945=LINE('',#11061,#2817);
#1946=LINE('',#11063,#2818);
#1947=LINE('',#11065,#2819);
#1948=LINE('',#11067,#2820);
#1949=LINE('',#11069,#2821);
#1950=LINE('',#11071,#2822);
#1951=LINE('',#11073,#2823);
#1952=LINE('',#11075,#2824);
#1953=LINE('',#11077,#2825);
#1954=LINE('',#11079,#2826);
#1955=LINE('',#11081,#2827);
#1956=VECTOR('',#7346,10.);
#1957=VECTOR('',#7349,10.);
#1958=VECTOR('',#7352,10.);
#1959=VECTOR('',#7353,10.);
#1960=VECTOR('',#7356,10.);
#1961=VECTOR('',#7357,10.);
#1962=VECTOR('',#7360,10.);
#1963=VECTOR('',#7363,10.);
#1964=VECTOR('',#7366,10.);
#1965=VECTOR('',#7369,10.);
#1966=VECTOR('',#7372,10.);
#1967=VECTOR('',#7375,10.);
#1968=VECTOR('',#7378,10.);
#1969=VECTOR('',#7381,10.);
#1970=VECTOR('',#7384,10.);
#1971=VECTOR('',#7387,10.);
#1972=VECTOR('',#7390,10.);
#1973=VECTOR('',#7393,10.);
#1974=VECTOR('',#7396,10.);
#1975=VECTOR('',#7399,10.);
#1976=VECTOR('',#7402,10.);
#1977=VECTOR('',#7405,10.);
#1978=VECTOR('',#7408,10.);
#1979=VECTOR('',#7413,10.);
#1980=VECTOR('',#7414,10.);
#1981=VECTOR('',#7415,10.);
#1982=VECTOR('',#7416,10.);
#1983=VECTOR('',#7417,10.);
#1984=VECTOR('',#7418,10.);
#1985=VECTOR('',#7419,10.);
#1986=VECTOR('',#7420,10.);
#1987=VECTOR('',#7421,10.);
#1988=VECTOR('',#7422,10.);
#1989=VECTOR('',#7423,10.);
#1990=VECTOR('',#7424,10.);
#1991=VECTOR('',#7427,10.);
#1992=VECTOR('',#7428,10.);
#1993=VECTOR('',#7429,10.);
#1994=VECTOR('',#7430,10.);
#1995=VECTOR('',#7431,10.);
#1996=VECTOR('',#7432,10.);
#1997=VECTOR('',#7433,10.);
#1998=VECTOR('',#7434,10.);
#1999=VECTOR('',#7435,10.);
#2000=VECTOR('',#7436,10.);
#2001=VECTOR('',#7437,10.);
#2002=VECTOR('',#7440,10.);
#2003=VECTOR('',#7441,10.);
#2004=VECTOR('',#7442,10.);
#2005=VECTOR('',#7443,10.);
#2006=VECTOR('',#7444,10.);
#2007=VECTOR('',#7445,10.);
#2008=VECTOR('',#7446,10.);
#2009=VECTOR('',#7447,10.);
#2010=VECTOR('',#7448,10.);
#2011=VECTOR('',#7449,10.);
#2012=VECTOR('',#7450,10.);
#2013=VECTOR('',#7451,10.);
#2014=VECTOR('',#7454,10.);
#2015=VECTOR('',#7455,10.);
#2016=VECTOR('',#7456,10.);
#2017=VECTOR('',#7457,10.);
#2018=VECTOR('',#7458,10.);
#2019=VECTOR('',#7459,10.);
#2020=VECTOR('',#7460,10.);
#2021=VECTOR('',#7461,10.);
#2022=VECTOR('',#7462,10.);
#2023=VECTOR('',#7463,10.);
#2024=VECTOR('',#7464,10.);
#2025=VECTOR('',#7465,10.);
#2026=VECTOR('',#7470,10.);
#2027=VECTOR('',#7471,10.);
#2028=VECTOR('',#7472,10.);
#2029=VECTOR('',#7473,10.);
#2030=VECTOR('',#7474,10.);
#2031=VECTOR('',#7475,10.);
#2032=VECTOR('',#7476,10.);
#2033=VECTOR('',#7477,10.);
#2034=VECTOR('',#7478,10.);
#2035=VECTOR('',#7479,10.);
#2036=VECTOR('',#7480,10.);
#2037=VECTOR('',#7485,10.);
#2038=VECTOR('',#7486,10.);
#2039=VECTOR('',#7487,10.);
#2040=VECTOR('',#7488,10.);
#2041=VECTOR('',#7489,10.);
#2042=VECTOR('',#7490,10.);
#2043=VECTOR('',#7491,10.);
#2044=VECTOR('',#7492,10.);
#2045=VECTOR('',#7493,10.);
#2046=VECTOR('',#7494,10.);
#2047=VECTOR('',#7495,10.);
#2048=VECTOR('',#7496,10.);
#2049=VECTOR('',#7497,10.);
#2050=VECTOR('',#7498,10.);
#2051=VECTOR('',#7499,10.);
#2052=VECTOR('',#7500,10.);
#2053=VECTOR('',#7501,10.);
#2054=VECTOR('',#7502,10.);
#2055=VECTOR('',#7503,10.);
#2056=VECTOR('',#7504,10.);
#2057=VECTOR('',#7505,10.);
#2058=VECTOR('',#7506,10.);
#2059=VECTOR('',#7507,10.);
#2060=VECTOR('',#7508,10.);
#2061=VECTOR('',#7509,10.);
#2062=VECTOR('',#7510,10.);
#2063=VECTOR('',#7511,10.);
#2064=VECTOR('',#7512,10.);
#2065=VECTOR('',#7513,10.);
#2066=VECTOR('',#7514,10.);
#2067=VECTOR('',#7515,10.);
#2068=VECTOR('',#7516,10.);
#2069=VECTOR('',#7517,10.);
#2070=VECTOR('',#7518,10.);
#2071=VECTOR('',#7519,10.);
#2072=VECTOR('',#7520,10.);
#2073=VECTOR('',#7521,10.);
#2074=VECTOR('',#7522,10.);
#2075=VECTOR('',#7523,10.);
#2076=VECTOR('',#7524,10.);
#2077=VECTOR('',#7525,10.);
#2078=VECTOR('',#7526,10.);
#2079=VECTOR('',#7527,10.);
#2080=VECTOR('',#7528,10.);
#2081=VECTOR('',#7529,10.);
#2082=VECTOR('',#7530,10.);
#2083=VECTOR('',#7531,10.);
#2084=VECTOR('',#7532,10.);
#2085=VECTOR('',#7533,10.);
#2086=VECTOR('',#7534,10.);
#2087=VECTOR('',#7535,10.);
#2088=VECTOR('',#7536,10.);
#2089=VECTOR('',#7537,10.);
#2090=VECTOR('',#7538,10.);
#2091=VECTOR('',#7539,10.);
#2092=VECTOR('',#7540,10.);
#2093=VECTOR('',#7541,10.);
#2094=VECTOR('',#7542,10.);
#2095=VECTOR('',#7543,10.);
#2096=VECTOR('',#7544,10.);
#2097=VECTOR('',#7545,10.);
#2098=VECTOR('',#7546,10.);
#2099=VECTOR('',#7547,10.);
#2100=VECTOR('',#7548,10.);
#2101=VECTOR('',#7549,10.);
#2102=VECTOR('',#7550,10.);
#2103=VECTOR('',#7551,10.);
#2104=VECTOR('',#7552,10.);
#2105=VECTOR('',#7553,10.);
#2106=VECTOR('',#7554,10.);
#2107=VECTOR('',#7555,10.);
#2108=VECTOR('',#7556,10.);
#2109=VECTOR('',#7557,10.);
#2110=VECTOR('',#7558,10.);
#2111=VECTOR('',#7559,10.);
#2112=VECTOR('',#7560,10.);
#2113=VECTOR('',#7561,10.);
#2114=VECTOR('',#7562,10.);
#2115=VECTOR('',#7563,10.);
#2116=VECTOR('',#7564,10.);
#2117=VECTOR('',#7565,10.);
#2118=VECTOR('',#7566,10.);
#2119=VECTOR('',#7567,10.);
#2120=VECTOR('',#7568,10.);
#2121=VECTOR('',#7569,10.);
#2122=VECTOR('',#7570,10.);
#2123=VECTOR('',#7571,10.);
#2124=VECTOR('',#7572,10.);
#2125=VECTOR('',#7573,10.);
#2126=VECTOR('',#7574,10.);
#2127=VECTOR('',#7575,10.);
#2128=VECTOR('',#7576,10.);
#2129=VECTOR('',#7577,10.);
#2130=VECTOR('',#7578,10.);
#2131=VECTOR('',#7579,10.);
#2132=VECTOR('',#7580,10.);
#2133=VECTOR('',#7581,10.);
#2134=VECTOR('',#7582,10.);
#2135=VECTOR('',#7583,10.);
#2136=VECTOR('',#7584,10.);
#2137=VECTOR('',#7585,10.);
#2138=VECTOR('',#7586,10.);
#2139=VECTOR('',#7587,10.);
#2140=VECTOR('',#7588,10.);
#2141=VECTOR('',#7589,10.);
#2142=VECTOR('',#7590,10.);
#2143=VECTOR('',#7591,10.);
#2144=VECTOR('',#7592,10.);
#2145=VECTOR('',#7593,10.);
#2146=VECTOR('',#7594,10.);
#2147=VECTOR('',#7595,10.);
#2148=VECTOR('',#7596,10.);
#2149=VECTOR('',#7597,10.);
#2150=VECTOR('',#7598,10.);
#2151=VECTOR('',#7599,10.);
#2152=VECTOR('',#7600,10.);
#2153=VECTOR('',#7601,10.);
#2154=VECTOR('',#7602,10.);
#2155=VECTOR('',#7603,10.);
#2156=VECTOR('',#7604,10.);
#2157=VECTOR('',#7605,10.);
#2158=VECTOR('',#7606,10.);
#2159=VECTOR('',#7607,10.);
#2160=VECTOR('',#7608,10.);
#2161=VECTOR('',#7609,10.);
#2162=VECTOR('',#7610,10.);
#2163=VECTOR('',#7611,10.);
#2164=VECTOR('',#7612,10.);
#2165=VECTOR('',#7613,10.);
#2166=VECTOR('',#7614,10.);
#2167=VECTOR('',#7615,10.);
#2168=VECTOR('',#7616,10.);
#2169=VECTOR('',#7617,10.);
#2170=VECTOR('',#7618,10.);
#2171=VECTOR('',#7619,10.);
#2172=VECTOR('',#7620,10.);
#2173=VECTOR('',#7621,10.);
#2174=VECTOR('',#7622,10.);
#2175=VECTOR('',#7623,10.);
#2176=VECTOR('',#7624,10.);
#2177=VECTOR('',#7625,10.);
#2178=VECTOR('',#7626,10.);
#2179=VECTOR('',#7627,10.);
#2180=VECTOR('',#7628,10.);
#2181=VECTOR('',#7629,10.);
#2182=VECTOR('',#7630,10.);
#2183=VECTOR('',#7631,10.);
#2184=VECTOR('',#7632,10.);
#2185=VECTOR('',#7633,10.);
#2186=VECTOR('',#7634,10.);
#2187=VECTOR('',#7635,10.);
#2188=VECTOR('',#7636,10.);
#2189=VECTOR('',#7637,10.);
#2190=VECTOR('',#7638,10.);
#2191=VECTOR('',#7639,10.);
#2192=VECTOR('',#7640,10.);
#2193=VECTOR('',#7641,10.);
#2194=VECTOR('',#7644,10.);
#2195=VECTOR('',#7645,10.);
#2196=VECTOR('',#7646,10.);
#2197=VECTOR('',#7647,10.);
#2198=VECTOR('',#7648,10.);
#2199=VECTOR('',#7649,10.);
#2200=VECTOR('',#7650,10.);
#2201=VECTOR('',#7651,10.);
#2202=VECTOR('',#7652,10.);
#2203=VECTOR('',#7653,10.);
#2204=VECTOR('',#7654,10.);
#2205=VECTOR('',#7655,10.);
#2206=VECTOR('',#7658,10.);
#2207=VECTOR('',#7659,10.);
#2208=VECTOR('',#7660,10.);
#2209=VECTOR('',#7661,10.);
#2210=VECTOR('',#7662,10.);
#2211=VECTOR('',#7663,10.);
#2212=VECTOR('',#7664,10.);
#2213=VECTOR('',#7665,10.);
#2214=VECTOR('',#7666,10.);
#2215=VECTOR('',#7667,10.);
#2216=VECTOR('',#7668,10.);
#2217=VECTOR('',#7669,10.);
#2218=VECTOR('',#7674,10.);
#2219=VECTOR('',#7675,10.);
#2220=VECTOR('',#7676,10.);
#2221=VECTOR('',#7677,10.);
#2222=VECTOR('',#7678,10.);
#2223=VECTOR('',#7679,10.);
#2224=VECTOR('',#7680,10.);
#2225=VECTOR('',#7681,10.);
#2226=VECTOR('',#7682,10.);
#2227=VECTOR('',#7683,10.);
#2228=VECTOR('',#7684,10.);
#2229=VECTOR('',#7685,10.);
#2230=VECTOR('',#7686,10.);
#2231=VECTOR('',#7691,10.);
#2232=VECTOR('',#7692,10.);
#2233=VECTOR('',#7697,10.);
#2234=VECTOR('',#7698,10.);
#2235=VECTOR('',#7701,10.);
#2236=VECTOR('',#7702,10.);
#2237=VECTOR('',#7705,10.);
#2238=VECTOR('',#7708,10.);
#2239=VECTOR('',#7711,10.);
#2240=VECTOR('',#7714,10.);
#2241=VECTOR('',#7717,10.);
#2242=VECTOR('',#7720,10.);
#2243=VECTOR('',#7723,10.);
#2244=VECTOR('',#7726,10.);
#2245=VECTOR('',#7729,10.);
#2246=VECTOR('',#7732,10.);
#2247=VECTOR('',#7735,10.);
#2248=VECTOR('',#7738,10.);
#2249=VECTOR('',#7741,10.);
#2250=VECTOR('',#7744,10.);
#2251=VECTOR('',#7747,10.);
#2252=VECTOR('',#7750,10.);
#2253=VECTOR('',#7753,10.);
#2254=VECTOR('',#7756,10.);
#2255=VECTOR('',#7759,10.);
#2256=VECTOR('',#7760,10.);
#2257=VECTOR('',#7761,10.);
#2258=VECTOR('',#7762,10.);
#2259=VECTOR('',#7763,10.);
#2260=VECTOR('',#7764,10.);
#2261=VECTOR('',#7765,10.);
#2262=VECTOR('',#7766,10.);
#2263=VECTOR('',#7767,10.);
#2264=VECTOR('',#7768,10.);
#2265=VECTOR('',#7769,10.);
#2266=VECTOR('',#7770,10.);
#2267=VECTOR('',#7771,10.);
#2268=VECTOR('',#7772,10.);
#2269=VECTOR('',#7773,10.);
#2270=VECTOR('',#7774,10.);
#2271=VECTOR('',#7775,10.);
#2272=VECTOR('',#7776,10.);
#2273=VECTOR('',#7777,10.);
#2274=VECTOR('',#7778,10.);
#2275=VECTOR('',#7779,10.);
#2276=VECTOR('',#7780,10.);
#2277=VECTOR('',#7781,10.);
#2278=VECTOR('',#7782,10.);
#2279=VECTOR('',#7783,10.);
#2280=VECTOR('',#7784,10.);
#2281=VECTOR('',#7785,10.);
#2282=VECTOR('',#7786,10.);
#2283=VECTOR('',#7787,10.);
#2284=VECTOR('',#7788,10.);
#2285=VECTOR('',#7789,10.);
#2286=VECTOR('',#7790,10.);
#2287=VECTOR('',#7791,10.);
#2288=VECTOR('',#7792,10.);
#2289=VECTOR('',#7793,10.);
#2290=VECTOR('',#7794,10.);
#2291=VECTOR('',#7795,10.);
#2292=VECTOR('',#7796,10.);
#2293=VECTOR('',#7797,10.);
#2294=VECTOR('',#7798,10.);
#2295=VECTOR('',#7799,10.);
#2296=VECTOR('',#7800,10.);
#2297=VECTOR('',#7801,10.);
#2298=VECTOR('',#7802,10.);
#2299=VECTOR('',#7803,10.);
#2300=VECTOR('',#7804,10.);
#2301=VECTOR('',#7805,10.);
#2302=VECTOR('',#7806,10.);
#2303=VECTOR('',#7807,10.);
#2304=VECTOR('',#7808,10.);
#2305=VECTOR('',#7809,10.);
#2306=VECTOR('',#7810,10.);
#2307=VECTOR('',#7811,10.);
#2308=VECTOR('',#7812,10.);
#2309=VECTOR('',#7813,10.);
#2310=VECTOR('',#7814,10.);
#2311=VECTOR('',#7815,10.);
#2312=VECTOR('',#7816,10.);
#2313=VECTOR('',#7817,10.);
#2314=VECTOR('',#7818,10.);
#2315=VECTOR('',#7819,10.);
#2316=VECTOR('',#7820,10.);
#2317=VECTOR('',#7821,10.);
#2318=VECTOR('',#7822,10.);
#2319=VECTOR('',#7823,10.);
#2320=VECTOR('',#7824,10.);
#2321=VECTOR('',#7825,10.);
#2322=VECTOR('',#7826,10.);
#2323=VECTOR('',#7827,10.);
#2324=VECTOR('',#7828,10.);
#2325=VECTOR('',#7829,10.);
#2326=VECTOR('',#7830,10.);
#2327=VECTOR('',#7831,10.);
#2328=VECTOR('',#7832,10.);
#2329=VECTOR('',#7833,10.);
#2330=VECTOR('',#7834,10.);
#2331=VECTOR('',#7835,10.);
#2332=VECTOR('',#7836,10.);
#2333=VECTOR('',#7837,10.);
#2334=VECTOR('',#7838,10.);
#2335=VECTOR('',#7839,10.);
#2336=VECTOR('',#7840,10.);
#2337=VECTOR('',#7841,10.);
#2338=VECTOR('',#7842,10.);
#2339=VECTOR('',#7843,10.);
#2340=VECTOR('',#7844,10.);
#2341=VECTOR('',#7851,1.05);
#2342=VECTOR('',#7860,0.9);
#2343=VECTOR('',#7869,1.05);
#2344=VECTOR('',#7878,0.9);
#2345=VECTOR('',#7887,1.05);
#2346=VECTOR('',#7896,0.9);
#2347=VECTOR('',#7905,1.05);
#2348=VECTOR('',#7914,0.9);
#2349=VECTOR('',#7921,1.95000000000001);
#2350=VECTOR('',#7928,2.10000000000001);
#2351=VECTOR('',#7933,1.95000000000001);
#2352=VECTOR('',#7940,2.10000000000001);
#2353=VECTOR('',#7945,1.95);
#2354=VECTOR('',#7952,2.1);
#2355=VECTOR('',#7957,1.95);
#2356=VECTOR('',#7964,2.1);
#2357=VECTOR('',#7969,1.95);
#2358=VECTOR('',#7982,2.1);
#2359=VECTOR('',#7989,1.05);
#2360=VECTOR('',#7992,0.9);
#2361=VECTOR('',#7997,10.);
#2362=VECTOR('',#8000,2.85);
#2363=VECTOR('',#8003,2.85);
#2364=VECTOR('',#8006,2.85);
#2365=VECTOR('',#8009,2.85000000000001);
#2366=VECTOR('',#8014,10.);
#2367=VECTOR('',#8017,10.);
#2368=VECTOR('',#8020,2.85000000000001);
#2369=VECTOR('',#8023,10.);
#2370=VECTOR('',#8024,10.);
#2371=VECTOR('',#8025,10.);
#2372=VECTOR('',#8028,10.);
#2373=VECTOR('',#8029,10.);
#2374=VECTOR('',#8032,10.);
#2375=VECTOR('',#8033,10.);
#2376=VECTOR('',#8034,10.);
#2377=VECTOR('',#8037,10.);
#2378=VECTOR('',#8038,10.);
#2379=VECTOR('',#8041,10.);
#2380=VECTOR('',#8042,10.);
#2381=VECTOR('',#8045,10.);
#2382=VECTOR('',#8046,10.);
#2383=VECTOR('',#8049,10.);
#2384=VECTOR('',#8050,10.);
#2385=VECTOR('',#8051,10.);
#2386=VECTOR('',#8054,10.);
#2387=VECTOR('',#8055,10.);
#2388=VECTOR('',#8058,10.);
#2389=VECTOR('',#8059,10.);
#2390=VECTOR('',#8062,10.);
#2391=VECTOR('',#8063,10.);
#2392=VECTOR('',#8064,10.);
#2393=VECTOR('',#8067,10.);
#2394=VECTOR('',#8068,10.);
#2395=VECTOR('',#8071,10.);
#2396=VECTOR('',#8072,10.);
#2397=VECTOR('',#8075,10.);
#2398=VECTOR('',#8076,10.);
#2399=VECTOR('',#8077,10.);
#2400=VECTOR('',#8080,10.);
#2401=VECTOR('',#8081,10.);
#2402=VECTOR('',#8084,10.);
#2403=VECTOR('',#8085,10.);
#2404=VECTOR('',#8088,10.);
#2405=VECTOR('',#8089,10.);
#2406=VECTOR('',#8090,10.);
#2407=VECTOR('',#8093,10.);
#2408=VECTOR('',#8094,10.);
#2409=VECTOR('',#8097,10.);
#2410=VECTOR('',#8098,10.);
#2411=VECTOR('',#8101,10.);
#2412=VECTOR('',#8102,10.);
#2413=VECTOR('',#8103,10.);
#2414=VECTOR('',#8106,10.);
#2415=VECTOR('',#8107,10.);
#2416=VECTOR('',#8110,10.);
#2417=VECTOR('',#8111,10.);
#2418=VECTOR('',#8112,10.);
#2419=VECTOR('',#8115,10.);
#2420=VECTOR('',#8116,10.);
#2421=VECTOR('',#8119,10.);
#2422=VECTOR('',#8120,10.);
#2423=VECTOR('',#8123,10.);
#2424=VECTOR('',#8124,10.);
#2425=VECTOR('',#8127,10.);
#2426=VECTOR('',#8128,10.);
#2427=VECTOR('',#8129,10.);
#2428=VECTOR('',#8132,10.);
#2429=VECTOR('',#8133,10.);
#2430=VECTOR('',#8136,10.);
#2431=VECTOR('',#8137,10.);
#2432=VECTOR('',#8138,10.);
#2433=VECTOR('',#8141,10.);
#2434=VECTOR('',#8142,10.);
#2435=VECTOR('',#8145,10.);
#2436=VECTOR('',#8146,10.);
#2437=VECTOR('',#8149,10.);
#2438=VECTOR('',#8150,10.);
#2439=VECTOR('',#8153,10.);
#2440=VECTOR('',#8154,10.);
#2441=VECTOR('',#8155,10.);
#2442=VECTOR('',#8158,10.);
#2443=VECTOR('',#8159,10.);
#2444=VECTOR('',#8162,10.);
#2445=VECTOR('',#8163,10.);
#2446=VECTOR('',#8164,10.);
#2447=VECTOR('',#8167,10.);
#2448=VECTOR('',#8168,10.);
#2449=VECTOR('',#8171,10.);
#2450=VECTOR('',#8172,10.);
#2451=VECTOR('',#8175,10.);
#2452=VECTOR('',#8176,10.);
#2453=VECTOR('',#8179,10.);
#2454=VECTOR('',#8180,10.);
#2455=VECTOR('',#8181,10.);
#2456=VECTOR('',#8184,10.);
#2457=VECTOR('',#8185,10.);
#2458=VECTOR('',#8188,10.);
#2459=VECTOR('',#8189,10.);
#2460=VECTOR('',#8190,10.);
#2461=VECTOR('',#8193,10.);
#2462=VECTOR('',#8194,10.);
#2463=VECTOR('',#8197,10.);
#2464=VECTOR('',#8198,10.);
#2465=VECTOR('',#8201,10.);
#2466=VECTOR('',#8202,10.);
#2467=VECTOR('',#8205,10.);
#2468=VECTOR('',#8206,10.);
#2469=VECTOR('',#8207,10.);
#2470=VECTOR('',#8210,10.);
#2471=VECTOR('',#8211,10.);
#2472=VECTOR('',#8214,10.);
#2473=VECTOR('',#8215,10.);
#2474=VECTOR('',#8216,10.);
#2475=VECTOR('',#8219,10.);
#2476=VECTOR('',#8220,10.);
#2477=VECTOR('',#8223,10.);
#2478=VECTOR('',#8224,10.);
#2479=VECTOR('',#8227,10.);
#2480=VECTOR('',#8228,10.);
#2481=VECTOR('',#8231,10.);
#2482=VECTOR('',#8232,10.);
#2483=VECTOR('',#8233,10.);
#2484=VECTOR('',#8236,10.);
#2485=VECTOR('',#8237,10.);
#2486=VECTOR('',#8240,10.);
#2487=VECTOR('',#8241,10.);
#2488=VECTOR('',#8242,10.);
#2489=VECTOR('',#8245,10.);
#2490=VECTOR('',#8246,10.);
#2491=VECTOR('',#8249,10.);
#2492=VECTOR('',#8250,10.);
#2493=VECTOR('',#8253,10.);
#2494=VECTOR('',#8254,10.);
#2495=VECTOR('',#8257,10.);
#2496=VECTOR('',#8258,10.);
#2497=VECTOR('',#8259,10.);
#2498=VECTOR('',#8262,10.);
#2499=VECTOR('',#8263,10.);
#2500=VECTOR('',#8266,10.);
#2501=VECTOR('',#8267,10.);
#2502=VECTOR('',#8268,10.);
#2503=VECTOR('',#8271,10.);
#2504=VECTOR('',#8272,10.);
#2505=VECTOR('',#8275,10.);
#2506=VECTOR('',#8276,10.);
#2507=VECTOR('',#8279,10.);
#2508=VECTOR('',#8280,10.);
#2509=VECTOR('',#8283,10.);
#2510=VECTOR('',#8284,10.);
#2511=VECTOR('',#8285,10.);
#2512=VECTOR('',#8288,10.);
#2513=VECTOR('',#8289,10.);
#2514=VECTOR('',#8292,10.);
#2515=VECTOR('',#8293,10.);
#2516=VECTOR('',#8294,10.);
#2517=VECTOR('',#8297,10.);
#2518=VECTOR('',#8298,10.);
#2519=VECTOR('',#8301,10.);
#2520=VECTOR('',#8302,10.);
#2521=VECTOR('',#8305,10.);
#2522=VECTOR('',#8306,10.);
#2523=VECTOR('',#8309,10.);
#2524=VECTOR('',#8310,10.);
#2525=VECTOR('',#8311,10.);
#2526=VECTOR('',#8314,10.);
#2527=VECTOR('',#8315,10.);
#2528=VECTOR('',#8318,10.);
#2529=VECTOR('',#8319,10.);
#2530=VECTOR('',#8320,10.);
#2531=VECTOR('',#8323,10.);
#2532=VECTOR('',#8324,10.);
#2533=VECTOR('',#8327,10.);
#2534=VECTOR('',#8328,10.);
#2535=VECTOR('',#8331,10.);
#2536=VECTOR('',#8332,10.);
#2537=VECTOR('',#8335,10.);
#2538=VECTOR('',#8336,10.);
#2539=VECTOR('',#8337,10.);
#2540=VECTOR('',#8340,10.);
#2541=VECTOR('',#8341,10.);
#2542=VECTOR('',#8344,10.);
#2543=VECTOR('',#8345,10.);
#2544=VECTOR('',#8346,10.);
#2545=VECTOR('',#8349,10.);
#2546=VECTOR('',#8350,10.);
#2547=VECTOR('',#8353,10.);
#2548=VECTOR('',#8354,10.);
#2549=VECTOR('',#8357,10.);
#2550=VECTOR('',#8358,10.);
#2551=VECTOR('',#8361,10.);
#2552=VECTOR('',#8362,10.);
#2553=VECTOR('',#8363,10.);
#2554=VECTOR('',#8366,10.);
#2555=VECTOR('',#8367,10.);
#2556=VECTOR('',#8370,10.);
#2557=VECTOR('',#8371,10.);
#2558=VECTOR('',#8372,10.);
#2559=VECTOR('',#8375,10.);
#2560=VECTOR('',#8376,10.);
#2561=VECTOR('',#8379,10.);
#2562=VECTOR('',#8380,10.);
#2563=VECTOR('',#8383,10.);
#2564=VECTOR('',#8384,10.);
#2565=VECTOR('',#8387,10.);
#2566=VECTOR('',#8388,10.);
#2567=VECTOR('',#8389,10.);
#2568=VECTOR('',#8392,10.);
#2569=VECTOR('',#8393,10.);
#2570=VECTOR('',#8396,10.);
#2571=VECTOR('',#8397,10.);
#2572=VECTOR('',#8398,10.);
#2573=VECTOR('',#8401,10.);
#2574=VECTOR('',#8402,10.);
#2575=VECTOR('',#8405,10.);
#2576=VECTOR('',#8406,10.);
#2577=VECTOR('',#8409,10.);
#2578=VECTOR('',#8410,10.);
#2579=VECTOR('',#8413,10.);
#2580=VECTOR('',#8414,10.);
#2581=VECTOR('',#8415,10.);
#2582=VECTOR('',#8418,10.);
#2583=VECTOR('',#8419,10.);
#2584=VECTOR('',#8422,10.);
#2585=VECTOR('',#8423,10.);
#2586=VECTOR('',#8424,10.);
#2587=VECTOR('',#8427,10.);
#2588=VECTOR('',#8428,10.);
#2589=VECTOR('',#8431,10.);
#2590=VECTOR('',#8432,10.);
#2591=VECTOR('',#8435,10.);
#2592=VECTOR('',#8436,10.);
#2593=VECTOR('',#8439,10.);
#2594=VECTOR('',#8440,10.);
#2595=VECTOR('',#8441,10.);
#2596=VECTOR('',#8444,10.);
#2597=VECTOR('',#8445,10.);
#2598=VECTOR('',#8448,10.);
#2599=VECTOR('',#8449,10.);
#2600=VECTOR('',#8450,10.);
#2601=VECTOR('',#8453,10.);
#2602=VECTOR('',#8454,10.);
#2603=VECTOR('',#8457,10.);
#2604=VECTOR('',#8458,10.);
#2605=VECTOR('',#8461,10.);
#2606=VECTOR('',#8462,10.);
#2607=VECTOR('',#8465,10.);
#2608=VECTOR('',#8466,10.);
#2609=VECTOR('',#8467,10.);
#2610=VECTOR('',#8470,10.);
#2611=VECTOR('',#8471,10.);
#2612=VECTOR('',#8474,10.);
#2613=VECTOR('',#8475,10.);
#2614=VECTOR('',#8478,10.);
#2615=VECTOR('',#8479,10.);
#2616=VECTOR('',#8480,10.);
#2617=VECTOR('',#8483,10.);
#2618=VECTOR('',#8484,10.);
#2619=VECTOR('',#8487,10.);
#2620=VECTOR('',#8488,10.);
#2621=VECTOR('',#8491,10.);
#2622=VECTOR('',#8492,10.);
#2623=VECTOR('',#8493,10.);
#2624=VECTOR('',#8496,10.);
#2625=VECTOR('',#8497,10.);
#2626=VECTOR('',#8500,10.);
#2627=VECTOR('',#8501,10.);
#2628=VECTOR('',#8502,10.);
#2629=VECTOR('',#8505,10.);
#2630=VECTOR('',#8506,10.);
#2631=VECTOR('',#8509,10.);
#2632=VECTOR('',#8510,10.);
#2633=VECTOR('',#8513,10.);
#2634=VECTOR('',#8514,10.);
#2635=VECTOR('',#8517,10.);
#2636=VECTOR('',#8518,10.);
#2637=VECTOR('',#8519,10.);
#2638=VECTOR('',#8522,10.);
#2639=VECTOR('',#8523,10.);
#2640=VECTOR('',#8526,10.);
#2641=VECTOR('',#8527,10.);
#2642=VECTOR('',#8530,10.);
#2643=VECTOR('',#8531,10.);
#2644=VECTOR('',#8532,10.);
#2645=VECTOR('',#8535,10.);
#2646=VECTOR('',#8536,10.);
#2647=VECTOR('',#8539,10.);
#2648=VECTOR('',#8540,10.);
#2649=VECTOR('',#8543,10.);
#2650=VECTOR('',#8544,10.);
#2651=VECTOR('',#8545,10.);
#2652=VECTOR('',#8548,10.);
#2653=VECTOR('',#8549,10.);
#2654=VECTOR('',#8552,10.);
#2655=VECTOR('',#8553,10.);
#2656=VECTOR('',#8554,10.);
#2657=VECTOR('',#8557,10.);
#2658=VECTOR('',#8558,10.);
#2659=VECTOR('',#8561,10.);
#2660=VECTOR('',#8562,10.);
#2661=VECTOR('',#8565,10.);
#2662=VECTOR('',#8566,10.);
#2663=VECTOR('',#8569,10.);
#2664=VECTOR('',#8572,10.);
#2665=VECTOR('',#8575,10.);
#2666=VECTOR('',#8578,10.);
#2667=VECTOR('',#8581,10.);
#2668=VECTOR('',#8584,10.);
#2669=VECTOR('',#8587,10.);
#2670=VECTOR('',#8590,10.);
#2671=VECTOR('',#8593,10.);
#2672=VECTOR('',#8596,10.);
#2673=VECTOR('',#8599,10.);
#2674=VECTOR('',#8602,10.);
#2675=VECTOR('',#8605,10.);
#2676=VECTOR('',#8608,10.);
#2677=VECTOR('',#8611,10.);
#2678=VECTOR('',#8614,10.);
#2679=VECTOR('',#8617,10.);
#2680=VECTOR('',#8620,10.);
#2681=VECTOR('',#8623,10.);
#2682=VECTOR('',#8626,10.);
#2683=VECTOR('',#8629,10.);
#2684=VECTOR('',#8632,10.);
#2685=VECTOR('',#8635,10.);
#2686=VECTOR('',#8638,10.);
#2687=VECTOR('',#8641,10.);
#2688=VECTOR('',#8644,10.);
#2689=VECTOR('',#8647,10.);
#2690=VECTOR('',#8650,10.);
#2691=VECTOR('',#8653,10.);
#2692=VECTOR('',#8656,10.);
#2693=VECTOR('',#8659,10.);
#2694=VECTOR('',#8662,10.);
#2695=VECTOR('',#8665,10.);
#2696=VECTOR('',#8668,10.);
#2697=VECTOR('',#8671,10.);
#2698=VECTOR('',#8674,10.);
#2699=VECTOR('',#8677,10.);
#2700=VECTOR('',#8680,10.);
#2701=VECTOR('',#8683,10.);
#2702=VECTOR('',#8686,10.);
#2703=VECTOR('',#8689,10.);
#2704=VECTOR('',#8692,10.);
#2705=VECTOR('',#8695,0.45);
#2706=VECTOR('',#8698,0.45);
#2707=VECTOR('',#8701,0.45);
#2708=VECTOR('',#8704,0.45);
#2709=VECTOR('',#8707,0.45);
#2710=VECTOR('',#8710,10.);
#2711=VECTOR('',#8711,10.);
#2712=VECTOR('',#8714,10.);
#2713=VECTOR('',#8717,10.);
#2714=VECTOR('',#8722,10.);
#2715=VECTOR('',#8723,10.);
#2716=VECTOR('',#8726,10.);
#2717=VECTOR('',#8729,10.);
#2718=VECTOR('',#8734,10.);
#2719=VECTOR('',#8735,10.);
#2720=VECTOR('',#8738,10.);
#2721=VECTOR('',#8741,10.);
#2722=VECTOR('',#8746,10.);
#2723=VECTOR('',#8747,10.);
#2724=VECTOR('',#8750,10.);
#2725=VECTOR('',#8753,10.);
#2726=VECTOR('',#8758,10.);
#2727=VECTOR('',#8759,10.);
#2728=VECTOR('',#8762,10.);
#2729=VECTOR('',#8765,10.);
#2730=VECTOR('',#8770,10.);
#2731=VECTOR('',#8771,10.);
#2732=VECTOR('',#8774,10.);
#2733=VECTOR('',#8777,10.);
#2734=VECTOR('',#8782,10.);
#2735=VECTOR('',#8783,10.);
#2736=VECTOR('',#8786,10.);
#2737=VECTOR('',#8789,10.);
#2738=VECTOR('',#8794,10.);
#2739=VECTOR('',#8795,10.);
#2740=VECTOR('',#8798,10.);
#2741=VECTOR('',#8801,10.);
#2742=VECTOR('',#8804,10.);
#2743=VECTOR('',#8809,10.);
#2744=VECTOR('',#8810,10.);
#2745=VECTOR('',#8813,10.);
#2746=VECTOR('',#8816,10.);
#2747=VECTOR('',#8821,10.);
#2748=VECTOR('',#8822,10.);
#2749=VECTOR('',#8825,10.);
#2750=VECTOR('',#8828,10.);
#2751=VECTOR('',#8833,10.);
#2752=VECTOR('',#8834,10.);
#2753=VECTOR('',#8837,10.);
#2754=VECTOR('',#8840,10.);
#2755=VECTOR('',#8845,10.);
#2756=VECTOR('',#8846,10.);
#2757=VECTOR('',#8849,10.);
#2758=VECTOR('',#8852,10.);
#2759=VECTOR('',#8857,10.);
#2760=VECTOR('',#8858,10.);
#2761=VECTOR('',#8861,10.);
#2762=VECTOR('',#8864,10.);
#2763=VECTOR('',#8869,10.);
#2764=VECTOR('',#8870,10.);
#2765=VECTOR('',#8873,10.);
#2766=VECTOR('',#8876,10.);
#2767=VECTOR('',#8881,10.);
#2768=VECTOR('',#8882,10.);
#2769=VECTOR('',#8885,10.);
#2770=VECTOR('',#8888,10.);
#2771=VECTOR('',#8893,10.);
#2772=VECTOR('',#8894,10.);
#2773=VECTOR('',#8897,10.);
#2774=VECTOR('',#8900,10.);
#2775=VECTOR('',#8905,10.);
#2776=VECTOR('',#8906,10.);
#2777=VECTOR('',#8909,10.);
#2778=VECTOR('',#8912,10.);
#2779=VECTOR('',#8917,10.);
#2780=VECTOR('',#8918,10.);
#2781=VECTOR('',#8921,10.);
#2782=VECTOR('',#8924,10.);
#2783=VECTOR('',#8929,10.);
#2784=VECTOR('',#8930,10.);
#2785=VECTOR('',#8933,10.);
#2786=VECTOR('',#8936,10.);
#2787=VECTOR('',#8941,10.);
#2788=VECTOR('',#8942,10.);
#2789=VECTOR('',#8945,10.);
#2790=VECTOR('',#8948,10.);
#2791=VECTOR('',#8953,10.);
#2792=VECTOR('',#8954,10.);
#2793=VECTOR('',#8957,10.);
#2794=VECTOR('',#8960,10.);
#2795=VECTOR('',#8965,10.);
#2796=VECTOR('',#8968,10.);
#2797=VECTOR('',#8971,10.);
#2798=VECTOR('',#8974,10.);
#2799=VECTOR('',#8977,10.);
#2800=VECTOR('',#8980,10.);
#2801=VECTOR('',#8983,10.);
#2802=VECTOR('',#8986,10.);
#2803=VECTOR('',#8989,10.);
#2804=VECTOR('',#8992,10.);
#2805=VECTOR('',#8995,10.);
#2806=VECTOR('',#8998,10.);
#2807=VECTOR('',#9001,10.);
#2808=VECTOR('',#9004,10.);
#2809=VECTOR('',#9007,10.);
#2810=VECTOR('',#9010,10.);
#2811=VECTOR('',#9013,10.);
#2812=VECTOR('',#9016,10.);
#2813=VECTOR('',#9019,10.);
#2814=VECTOR('',#9022,10.);
#2815=VECTOR('',#9025,10.);
#2816=VECTOR('',#9028,10.);
#2817=VECTOR('',#9031,10.);
#2818=VECTOR('',#9034,10.);
#2819=VECTOR('',#9037,10.);
#2820=VECTOR('',#9040,10.);
#2821=VECTOR('',#9043,10.);
#2822=VECTOR('',#9046,10.);
#2823=VECTOR('',#9049,10.);
#2824=VECTOR('',#9052,10.);
#2825=VECTOR('',#9055,10.);
#2826=VECTOR('',#9058,10.);
#2827=VECTOR('',#9061,10.);
#2828=CIRCLE('',#6916,0.5);
#2829=CIRCLE('',#6917,0.5);
#2830=CIRCLE('',#6919,0.5);
#2831=CIRCLE('',#6920,0.499999999999991);
#2832=CIRCLE('',#6921,0.500000000000009);
#2833=CIRCLE('',#6922,0.499999999999999);
#2834=CIRCLE('',#6923,0.499999999999981);
#2835=CIRCLE('',#6924,0.500000000000016);
#2836=CIRCLE('',#6925,0.499999999999998);
#2837=CIRCLE('',#6926,0.500000000000002);
#2838=CIRCLE('',#6927,0.500000000000002);
#2839=CIRCLE('',#6928,0.500000000000002);
#2840=CIRCLE('',#6929,0.49999999999997);
#2841=CIRCLE('',#6930,0.500000000000027);
#2842=CIRCLE('',#6931,0.499999999999997);
#2843=CIRCLE('',#6932,0.500000000000031);
#2844=CIRCLE('',#6933,0.500000000000161);
#2845=CIRCLE('',#6934,0.499999999999789);
#2846=CIRCLE('',#6935,0.499999999999995);
#2847=CIRCLE('',#6936,0.500000000000045);
#2848=CIRCLE('',#6937,3.6);
#2849=CIRCLE('',#6938,3.60000000000001);
#2850=CIRCLE('',#6939,3.60000000000001);
#2851=CIRCLE('',#6940,3.60000000000001);
#2852=CIRCLE('',#6941,3.60000000000001);
#2853=CIRCLE('',#6942,3.60000000000001);
#2854=CIRCLE('',#6943,3.60000000000001);
#2855=CIRCLE('',#6944,3.60000000000001);
#2856=CIRCLE('',#6945,3.60000000000001);
#2857=CIRCLE('',#6946,3.6);
#2858=CIRCLE('',#6947,3.6);
#2859=CIRCLE('',#6948,3.6);
#2860=CIRCLE('',#6949,3.6);
#2861=CIRCLE('',#6950,3.6);
#2862=CIRCLE('',#6953,0.5);
#2863=CIRCLE('',#6957,0.500000000000012);
#2864=CIRCLE('',#6958,0.499999999999995);
#2865=CIRCLE('',#6959,0.499999999999716);
#2866=CIRCLE('',#6960,0.500000000000145);
#2867=CIRCLE('',#6961,0.500000000000034);
#2868=CIRCLE('',#6962,0.499999999999998);
#2869=CIRCLE('',#6963,0.500000000000032);
#2870=CIRCLE('',#6964,0.499999999999978);
#2871=CIRCLE('',#6965,0.499999999999995);
#2872=CIRCLE('',#6966,0.500000000000007);
#2873=CIRCLE('',#6967,0.500000000000007);
#2874=CIRCLE('',#6968,0.499999999999998);
#2875=CIRCLE('',#6969,0.500000000000006);
#2876=CIRCLE('',#6970,0.49999999999999);
#2877=CIRCLE('',#6971,0.500000000000008);
#2878=CIRCLE('',#6972,0.500000000000004);
#2879=CIRCLE('',#6973,0.499999999999997);
#2880=CIRCLE('',#6975,0.9);
#2881=CIRCLE('',#6976,0.9);
#2882=CIRCLE('',#6977,1.2);
#2883=CIRCLE('',#6979,1.8);
#2884=CIRCLE('',#6981,0.9);
#2885=CIRCLE('',#6983,0.9);
#2886=CIRCLE('',#6984,0.9);
#2887=CIRCLE('',#6985,1.2);
#2888=CIRCLE('',#6987,1.8);
#2889=CIRCLE('',#6989,0.9);
#2890=CIRCLE('',#6991,0.9);
#2891=CIRCLE('',#6992,0.9);
#2892=CIRCLE('',#6993,1.19999999999999);
#2893=CIRCLE('',#6995,1.80000000000001);
#2894=CIRCLE('',#6997,0.9);
#2895=CIRCLE('',#6999,0.9);
#2896=CIRCLE('',#7000,0.9);
#2897=CIRCLE('',#7001,1.19999999999999);
#2898=CIRCLE('',#7003,1.80000000000001);
#2899=CIRCLE('',#7005,0.9);
#2900=CIRCLE('',#7007,2.10000000000001);
#2901=CIRCLE('',#7009,2.10000000000001);
#2902=CIRCLE('',#7010,2.10000000000001);
#2903=CIRCLE('',#7012,2.10000000000001);
#2904=CIRCLE('',#7014,2.10000000000001);
#2905=CIRCLE('',#7015,2.10000000000001);
#2906=CIRCLE('',#7017,2.1);
#2907=CIRCLE('',#7019,2.1);
#2908=CIRCLE('',#7020,2.1);
#2909=CIRCLE('',#7022,2.1);
#2910=CIRCLE('',#7024,2.1);
#2911=CIRCLE('',#7025,2.1);
#2912=CIRCLE('',#7027,2.1);
#2913=CIRCLE('',#7028,1.8);
#2914=CIRCLE('',#7030,1.2);
#2915=CIRCLE('',#7032,2.1);
#2916=CIRCLE('',#7033,2.1);
#2917=CIRCLE('',#7035,0.9);
#2918=CIRCLE('',#7036,0.9);
#2919=CIRCLE('',#7038,0.9);
#2920=CIRCLE('',#7044,3.60000000000001);
#2921=CIRCLE('',#7046,3.60000000000001);
#2922=VERTEX_POINT('',#9066);
#2923=VERTEX_POINT('',#9067);
#2924=VERTEX_POINT('',#9069);
#2925=VERTEX_POINT('',#9071);
#2926=VERTEX_POINT('',#9075);
#2927=VERTEX_POINT('',#9077);
#2928=VERTEX_POINT('',#9079);
#2929=VERTEX_POINT('',#9081);
#2930=VERTEX_POINT('',#9083);
#2931=VERTEX_POINT('',#9085);
#2932=VERTEX_POINT('',#9087);
#2933=VERTEX_POINT('',#9089);
#2934=VERTEX_POINT('',#9091);
#2935=VERTEX_POINT('',#9093);
#2936=VERTEX_POINT('',#9095);
#2937=VERTEX_POINT('',#9097);
#2938=VERTEX_POINT('',#9099);
#2939=VERTEX_POINT('',#9101);
#2940=VERTEX_POINT('',#9103);
#2941=VERTEX_POINT('',#9105);
#2942=VERTEX_POINT('',#9107);
#2943=VERTEX_POINT('',#9109);
#2944=VERTEX_POINT('',#9111);
#2945=VERTEX_POINT('',#9113);
#2946=VERTEX_POINT('',#9115);
#2947=VERTEX_POINT('',#9117);
#2948=VERTEX_POINT('',#9119);
#2949=VERTEX_POINT('',#9121);
#2950=VERTEX_POINT('',#9123);
#2951=VERTEX_POINT('',#9125);
#2952=VERTEX_POINT('',#9127);
#2953=VERTEX_POINT('',#9129);
#2954=VERTEX_POINT('',#9131);
#2955=VERTEX_POINT('',#9133);
#2956=VERTEX_POINT('',#9135);
#2957=VERTEX_POINT('',#9137);
#2958=VERTEX_POINT('',#9139);
#2959=VERTEX_POINT('',#9141);
#2960=VERTEX_POINT('',#9143);
#2961=VERTEX_POINT('',#9145);
#2962=VERTEX_POINT('',#9147);
#2963=VERTEX_POINT('',#9149);
#2964=VERTEX_POINT('',#9152);
#2965=VERTEX_POINT('',#9154);
#2966=VERTEX_POINT('',#9155);
#2967=VERTEX_POINT('',#9157);
#2968=VERTEX_POINT('',#9159);
#2969=VERTEX_POINT('',#9161);
#2970=VERTEX_POINT('',#9163);
#2971=VERTEX_POINT('',#9165);
#2972=VERTEX_POINT('',#9167);
#2973=VERTEX_POINT('',#9169);
#2974=VERTEX_POINT('',#9171);
#2975=VERTEX_POINT('',#9173);
#2976=VERTEX_POINT('',#9175);
#2977=VERTEX_POINT('',#9177);
#2978=VERTEX_POINT('',#9179);
#2979=VERTEX_POINT('',#9181);
#2980=VERTEX_POINT('',#9183);
#2981=VERTEX_POINT('',#9185);
#2982=VERTEX_POINT('',#9187);
#2983=VERTEX_POINT('',#9189);
#2984=VERTEX_POINT('',#9191);
#2985=VERTEX_POINT('',#9193);
#2986=VERTEX_POINT('',#9195);
#2987=VERTEX_POINT('',#9197);
#2988=VERTEX_POINT('',#9199);
#2989=VERTEX_POINT('',#9201);
#2990=VERTEX_POINT('',#9203);
#2991=VERTEX_POINT('',#9205);
#2992=VERTEX_POINT('',#9207);
#2993=VERTEX_POINT('',#9209);
#2994=VERTEX_POINT('',#9211);
#2995=VERTEX_POINT('',#9213);
#2996=VERTEX_POINT('',#9215);
#2997=VERTEX_POINT('',#9217);
#2998=VERTEX_POINT('',#9219);
#2999=VERTEX_POINT('',#9221);
#3000=VERTEX_POINT('',#9223);
#3001=VERTEX_POINT('',#9225);
#3002=VERTEX_POINT('',#9227);
#3003=VERTEX_POINT('',#9229);
#3004=VERTEX_POINT('',#9231);
#3005=VERTEX_POINT('',#9233);
#3006=VERTEX_POINT('',#9235);
#3007=VERTEX_POINT('',#9237);
#3008=VERTEX_POINT('',#9239);
#3009=VERTEX_POINT('',#9241);
#3010=VERTEX_POINT('',#9243);
#3011=VERTEX_POINT('',#9245);
#3012=VERTEX_POINT('',#9247);
#3013=VERTEX_POINT('',#9249);
#3014=VERTEX_POINT('',#9251);
#3015=VERTEX_POINT('',#9253);
#3016=VERTEX_POINT('',#9255);
#3017=VERTEX_POINT('',#9257);
#3018=VERTEX_POINT('',#9259);
#3019=VERTEX_POINT('',#9261);
#3020=VERTEX_POINT('',#9263);
#3021=VERTEX_POINT('',#9265);
#3022=VERTEX_POINT('',#9267);
#3023=VERTEX_POINT('',#9269);
#3024=VERTEX_POINT('',#9271);
#3025=VERTEX_POINT('',#9273);
#3026=VERTEX_POINT('',#9275);
#3027=VERTEX_POINT('',#9277);
#3028=VERTEX_POINT('',#9279);
#3029=VERTEX_POINT('',#9281);
#3030=VERTEX_POINT('',#9283);
#3031=VERTEX_POINT('',#9285);
#3032=VERTEX_POINT('',#9287);
#3033=VERTEX_POINT('',#9289);
#3034=VERTEX_POINT('',#9291);
#3035=VERTEX_POINT('',#9293);
#3036=VERTEX_POINT('',#9295);
#3037=VERTEX_POINT('',#9297);
#3038=VERTEX_POINT('',#9299);
#3039=VERTEX_POINT('',#9301);
#3040=VERTEX_POINT('',#9303);
#3041=VERTEX_POINT('',#9305);
#3042=VERTEX_POINT('',#9307);
#3043=VERTEX_POINT('',#9310);
#3044=VERTEX_POINT('',#9311);
#3045=VERTEX_POINT('',#9313);
#3046=VERTEX_POINT('',#9315);
#3047=VERTEX_POINT('',#9317);
#3048=VERTEX_POINT('',#9319);
#3049=VERTEX_POINT('',#9321);
#3050=VERTEX_POINT('',#9323);
#3051=VERTEX_POINT('',#9325);
#3052=VERTEX_POINT('',#9327);
#3053=VERTEX_POINT('',#9329);
#3054=VERTEX_POINT('',#9331);
#3055=VERTEX_POINT('',#9334);
#3056=VERTEX_POINT('',#9335);
#3057=VERTEX_POINT('',#9337);
#3058=VERTEX_POINT('',#9339);
#3059=VERTEX_POINT('',#9341);
#3060=VERTEX_POINT('',#9343);
#3061=VERTEX_POINT('',#9345);
#3062=VERTEX_POINT('',#9347);
#3063=VERTEX_POINT('',#9349);
#3064=VERTEX_POINT('',#9351);
#3065=VERTEX_POINT('',#9353);
#3066=VERTEX_POINT('',#9355);
#3067=VERTEX_POINT('',#9358);
#3068=VERTEX_POINT('',#9359);
#3069=VERTEX_POINT('',#9361);
#3070=VERTEX_POINT('',#9363);
#3071=VERTEX_POINT('',#9365);
#3072=VERTEX_POINT('',#9367);
#3073=VERTEX_POINT('',#9369);
#3074=VERTEX_POINT('',#9371);
#3075=VERTEX_POINT('',#9373);
#3076=VERTEX_POINT('',#9375);
#3077=VERTEX_POINT('',#9377);
#3078=VERTEX_POINT('',#9379);
#3079=VERTEX_POINT('',#9382);
#3080=VERTEX_POINT('',#9383);
#3081=VERTEX_POINT('',#9385);
#3082=VERTEX_POINT('',#9387);
#3083=VERTEX_POINT('',#9389);
#3084=VERTEX_POINT('',#9391);
#3085=VERTEX_POINT('',#9393);
#3086=VERTEX_POINT('',#9395);
#3087=VERTEX_POINT('',#9397);
#3088=VERTEX_POINT('',#9399);
#3089=VERTEX_POINT('',#9401);
#3090=VERTEX_POINT('',#9403);
#3091=VERTEX_POINT('',#9405);
#3092=VERTEX_POINT('',#9408);
#3093=VERTEX_POINT('',#9409);
#3094=VERTEX_POINT('',#9411);
#3095=VERTEX_POINT('',#9413);
#3096=VERTEX_POINT('',#9415);
#3097=VERTEX_POINT('',#9417);
#3098=VERTEX_POINT('',#9419);
#3099=VERTEX_POINT('',#9421);
#3100=VERTEX_POINT('',#9423);
#3101=VERTEX_POINT('',#9425);
#3102=VERTEX_POINT('',#9427);
#3103=VERTEX_POINT('',#9429);
#3104=VERTEX_POINT('',#9432);
#3105=VERTEX_POINT('',#9433);
#3106=VERTEX_POINT('',#9435);
#3107=VERTEX_POINT('',#9437);
#3108=VERTEX_POINT('',#9439);
#3109=VERTEX_POINT('',#9441);
#3110=VERTEX_POINT('',#9443);
#3111=VERTEX_POINT('',#9445);
#3112=VERTEX_POINT('',#9447);
#3113=VERTEX_POINT('',#9449);
#3114=VERTEX_POINT('',#9451);
#3115=VERTEX_POINT('',#9453);
#3116=VERTEX_POINT('',#9456);
#3117=VERTEX_POINT('',#9457);
#3118=VERTEX_POINT('',#9459);
#3119=VERTEX_POINT('',#9461);
#3120=VERTEX_POINT('',#9463);
#3121=VERTEX_POINT('',#9465);
#3122=VERTEX_POINT('',#9467);
#3123=VERTEX_POINT('',#9469);
#3124=VERTEX_POINT('',#9471);
#3125=VERTEX_POINT('',#9473);
#3126=VERTEX_POINT('',#9475);
#3127=VERTEX_POINT('',#9477);
#3128=VERTEX_POINT('',#9480);
#3129=VERTEX_POINT('',#9481);
#3130=VERTEX_POINT('',#9483);
#3131=VERTEX_POINT('',#9485);
#3132=VERTEX_POINT('',#9487);
#3133=VERTEX_POINT('',#9489);
#3134=VERTEX_POINT('',#9491);
#3135=VERTEX_POINT('',#9493);
#3136=VERTEX_POINT('',#9495);
#3137=VERTEX_POINT('',#9497);
#3138=VERTEX_POINT('',#9499);
#3139=VERTEX_POINT('',#9501);
#3140=VERTEX_POINT('',#9504);
#3141=VERTEX_POINT('',#9505);
#3142=VERTEX_POINT('',#9507);
#3143=VERTEX_POINT('',#9509);
#3144=VERTEX_POINT('',#9511);
#3145=VERTEX_POINT('',#9513);
#3146=VERTEX_POINT('',#9515);
#3147=VERTEX_POINT('',#9517);
#3148=VERTEX_POINT('',#9519);
#3149=VERTEX_POINT('',#9521);
#3150=VERTEX_POINT('',#9523);
#3151=VERTEX_POINT('',#9525);
#3152=VERTEX_POINT('',#9528);
#3153=VERTEX_POINT('',#9529);
#3154=VERTEX_POINT('',#9531);
#3155=VERTEX_POINT('',#9533);
#3156=VERTEX_POINT('',#9535);
#3157=VERTEX_POINT('',#9537);
#3158=VERTEX_POINT('',#9539);
#3159=VERTEX_POINT('',#9541);
#3160=VERTEX_POINT('',#9543);
#3161=VERTEX_POINT('',#9545);
#3162=VERTEX_POINT('',#9547);
#3163=VERTEX_POINT('',#9549);
#3164=VERTEX_POINT('',#9552);
#3165=VERTEX_POINT('',#9553);
#3166=VERTEX_POINT('',#9555);
#3167=VERTEX_POINT('',#9557);
#3168=VERTEX_POINT('',#9559);
#3169=VERTEX_POINT('',#9561);
#3170=VERTEX_POINT('',#9563);
#3171=VERTEX_POINT('',#9565);
#3172=VERTEX_POINT('',#9567);
#3173=VERTEX_POINT('',#9569);
#3174=VERTEX_POINT('',#9571);
#3175=VERTEX_POINT('',#9573);
#3176=VERTEX_POINT('',#9576);
#3177=VERTEX_POINT('',#9577);
#3178=VERTEX_POINT('',#9579);
#3179=VERTEX_POINT('',#9581);
#3180=VERTEX_POINT('',#9583);
#3181=VERTEX_POINT('',#9585);
#3182=VERTEX_POINT('',#9587);
#3183=VERTEX_POINT('',#9589);
#3184=VERTEX_POINT('',#9591);
#3185=VERTEX_POINT('',#9593);
#3186=VERTEX_POINT('',#9595);
#3187=VERTEX_POINT('',#9597);
#3188=VERTEX_POINT('',#9600);
#3189=VERTEX_POINT('',#9601);
#3190=VERTEX_POINT('',#9603);
#3191=VERTEX_POINT('',#9605);
#3192=VERTEX_POINT('',#9607);
#3193=VERTEX_POINT('',#9609);
#3194=VERTEX_POINT('',#9611);
#3195=VERTEX_POINT('',#9613);
#3196=VERTEX_POINT('',#9615);
#3197=VERTEX_POINT('',#9617);
#3198=VERTEX_POINT('',#9619);
#3199=VERTEX_POINT('',#9621);
#3200=VERTEX_POINT('',#9623);
#3201=VERTEX_POINT('',#9625);
#3202=VERTEX_POINT('',#9627);
#3203=VERTEX_POINT('',#9629);
#3204=VERTEX_POINT('',#9631);
#3205=VERTEX_POINT('',#9633);
#3206=VERTEX_POINT('',#9635);
#3207=VERTEX_POINT('',#9637);
#3208=VERTEX_POINT('',#9639);
#3209=VERTEX_POINT('',#9641);
#3210=VERTEX_POINT('',#9643);
#3211=VERTEX_POINT('',#9645);
#3212=VERTEX_POINT('',#9647);
#3213=VERTEX_POINT('',#9649);
#3214=VERTEX_POINT('',#9651);
#3215=VERTEX_POINT('',#9654);
#3216=VERTEX_POINT('',#9655);
#3217=VERTEX_POINT('',#9657);
#3218=VERTEX_POINT('',#9659);
#3219=VERTEX_POINT('',#9661);
#3220=VERTEX_POINT('',#9663);
#3221=VERTEX_POINT('',#9665);
#3222=VERTEX_POINT('',#9667);
#3223=VERTEX_POINT('',#9669);
#3224=VERTEX_POINT('',#9671);
#3225=VERTEX_POINT('',#9673);
#3226=VERTEX_POINT('',#9675);
#3227=VERTEX_POINT('',#9677);
#3228=VERTEX_POINT('',#9679);
#3229=VERTEX_POINT('',#9681);
#3230=VERTEX_POINT('',#9685);
#3231=VERTEX_POINT('',#9689);
#3232=VERTEX_POINT('',#9690);
#3233=VERTEX_POINT('',#9695);
#3234=VERTEX_POINT('',#9701);
#3235=VERTEX_POINT('',#9703);
#3236=VERTEX_POINT('',#9705);
#3237=VERTEX_POINT('',#9707);
#3238=VERTEX_POINT('',#9709);
#3239=VERTEX_POINT('',#9711);
#3240=VERTEX_POINT('',#9713);
#3241=VERTEX_POINT('',#9715);
#3242=VERTEX_POINT('',#9717);
#3243=VERTEX_POINT('',#9719);
#3244=VERTEX_POINT('',#9721);
#3245=VERTEX_POINT('',#9723);
#3246=VERTEX_POINT('',#9725);
#3247=VERTEX_POINT('',#9727);
#3248=VERTEX_POINT('',#9729);
#3249=VERTEX_POINT('',#9731);
#3250=VERTEX_POINT('',#9733);
#3251=VERTEX_POINT('',#9735);
#3252=VERTEX_POINT('',#9737);
#3253=VERTEX_POINT('',#9739);
#3254=VERTEX_POINT('',#9741);
#3255=VERTEX_POINT('',#9743);
#3256=VERTEX_POINT('',#9745);
#3257=VERTEX_POINT('',#9747);
#3258=VERTEX_POINT('',#9749);
#3259=VERTEX_POINT('',#9751);
#3260=VERTEX_POINT('',#9753);
#3261=VERTEX_POINT('',#9755);
#3262=VERTEX_POINT('',#9757);
#3263=VERTEX_POINT('',#9759);
#3264=VERTEX_POINT('',#9761);
#3265=VERTEX_POINT('',#9763);
#3266=VERTEX_POINT('',#9765);
#3267=VERTEX_POINT('',#9767);
#3268=VERTEX_POINT('',#9770);
#3269=VERTEX_POINT('',#9771);
#3270=VERTEX_POINT('',#9773);
#3271=VERTEX_POINT('',#9775);
#3272=VERTEX_POINT('',#9778);
#3273=VERTEX_POINT('',#9779);
#3274=VERTEX_POINT('',#9781);
#3275=VERTEX_POINT('',#9783);
#3276=VERTEX_POINT('',#9786);
#3277=VERTEX_POINT('',#9787);
#3278=VERTEX_POINT('',#9789);
#3279=VERTEX_POINT('',#9791);
#3280=VERTEX_POINT('',#9794);
#3281=VERTEX_POINT('',#9795);
#3282=VERTEX_POINT('',#9797);
#3283=VERTEX_POINT('',#9799);
#3284=VERTEX_POINT('',#9802);
#3285=VERTEX_POINT('',#9803);
#3286=VERTEX_POINT('',#9805);
#3287=VERTEX_POINT('',#9807);
#3288=VERTEX_POINT('',#9810);
#3289=VERTEX_POINT('',#9811);
#3290=VERTEX_POINT('',#9813);
#3291=VERTEX_POINT('',#9815);
#3292=VERTEX_POINT('',#9818);
#3293=VERTEX_POINT('',#9819);
#3294=VERTEX_POINT('',#9821);
#3295=VERTEX_POINT('',#9823);
#3296=VERTEX_POINT('',#9826);
#3297=VERTEX_POINT('',#9827);
#3298=VERTEX_POINT('',#9829);
#3299=VERTEX_POINT('',#9831);
#3300=VERTEX_POINT('',#9833);
#3301=VERTEX_POINT('',#9836);
#3302=VERTEX_POINT('',#9837);
#3303=VERTEX_POINT('',#9839);
#3304=VERTEX_POINT('',#9841);
#3305=VERTEX_POINT('',#9844);
#3306=VERTEX_POINT('',#9845);
#3307=VERTEX_POINT('',#9847);
#3308=VERTEX_POINT('',#9849);
#3309=VERTEX_POINT('',#9852);
#3310=VERTEX_POINT('',#9853);
#3311=VERTEX_POINT('',#9855);
#3312=VERTEX_POINT('',#9857);
#3313=VERTEX_POINT('',#9860);
#3314=VERTEX_POINT('',#9861);
#3315=VERTEX_POINT('',#9863);
#3316=VERTEX_POINT('',#9865);
#3317=VERTEX_POINT('',#9868);
#3318=VERTEX_POINT('',#9869);
#3319=VERTEX_POINT('',#9871);
#3320=VERTEX_POINT('',#9873);
#3321=VERTEX_POINT('',#9876);
#3322=VERTEX_POINT('',#9877);
#3323=VERTEX_POINT('',#9879);
#3324=VERTEX_POINT('',#9881);
#3325=VERTEX_POINT('',#9884);
#3326=VERTEX_POINT('',#9885);
#3327=VERTEX_POINT('',#9887);
#3328=VERTEX_POINT('',#9889);
#3329=VERTEX_POINT('',#9892);
#3330=VERTEX_POINT('',#9893);
#3331=VERTEX_POINT('',#9895);
#3332=VERTEX_POINT('',#9897);
#3333=VERTEX_POINT('',#9900);
#3334=VERTEX_POINT('',#9901);
#3335=VERTEX_POINT('',#9903);
#3336=VERTEX_POINT('',#9905);
#3337=VERTEX_POINT('',#9908);
#3338=VERTEX_POINT('',#9909);
#3339=VERTEX_POINT('',#9911);
#3340=VERTEX_POINT('',#9913);
#3341=VERTEX_POINT('',#9916);
#3342=VERTEX_POINT('',#9917);
#3343=VERTEX_POINT('',#9919);
#3344=VERTEX_POINT('',#9921);
#3345=VERTEX_POINT('',#9924);
#3346=VERTEX_POINT('',#9925);
#3347=VERTEX_POINT('',#9927);
#3348=VERTEX_POINT('',#9929);
#3349=VERTEX_POINT('',#9932);
#3350=VERTEX_POINT('',#9933);
#3351=VERTEX_POINT('',#9935);
#3352=VERTEX_POINT('',#9937);
#3353=VERTEX_POINT('',#9941);
#3354=VERTEX_POINT('',#9942);
#3355=VERTEX_POINT('',#9945);
#3356=VERTEX_POINT('',#9949);
#3357=VERTEX_POINT('',#9952);
#3358=VERTEX_POINT('',#9956);
#3359=VERTEX_POINT('',#9957);
#3360=VERTEX_POINT('',#9960);
#3361=VERTEX_POINT('',#9964);
#3362=VERTEX_POINT('',#9967);
#3363=VERTEX_POINT('',#9971);
#3364=VERTEX_POINT('',#9972);
#3365=VERTEX_POINT('',#9975);
#3366=VERTEX_POINT('',#9979);
#3367=VERTEX_POINT('',#9982);
#3368=VERTEX_POINT('',#9986);
#3369=VERTEX_POINT('',#9987);
#3370=VERTEX_POINT('',#9990);
#3371=VERTEX_POINT('',#9994);
#3372=VERTEX_POINT('',#9997);
#3373=VERTEX_POINT('',#10001);
#3374=VERTEX_POINT('',#10005);
#3375=VERTEX_POINT('',#10006);
#3376=VERTEX_POINT('',#10011);
#3377=VERTEX_POINT('',#10015);
#3378=VERTEX_POINT('',#10016);
#3379=VERTEX_POINT('',#10021);
#3380=VERTEX_POINT('',#10025);
#3381=VERTEX_POINT('',#10026);
#3382=VERTEX_POINT('',#10031);
#3383=VERTEX_POINT('',#10035);
#3384=VERTEX_POINT('',#10036);
#3385=VERTEX_POINT('',#10041);
#3386=VERTEX_POINT('',#10043);
#3387=VERTEX_POINT('',#10047);
#3388=VERTEX_POINT('',#10050);
#3389=VERTEX_POINT('',#10051);
#3390=VERTEX_POINT('',#10056);
#3391=VERTEX_POINT('',#10057);
#3392=VERTEX_POINT('',#10062);
#3393=VERTEX_POINT('',#10074);
#3394=VERTEX_POINT('',#10081);
#3395=VERTEX_POINT('',#10092);
#3396=VERTEX_POINT('',#10096);
#3397=VERTEX_POINT('',#10100);
#3398=VERTEX_POINT('',#10102);
#3399=VERTEX_POINT('',#10109);
#3400=VERTEX_POINT('',#10116);
#3401=VERTEX_POINT('',#10124);
#3402=VERTEX_POINT('',#10126);
#3403=VERTEX_POINT('',#10131);
#3404=VERTEX_POINT('',#10138);
#3405=VERTEX_POINT('',#10145);
#3406=VERTEX_POINT('',#10152);
#3407=VERTEX_POINT('',#10160);
#3408=VERTEX_POINT('',#10161);
#3409=VERTEX_POINT('',#10166);
#3410=VERTEX_POINT('',#10170);
#3411=VERTEX_POINT('',#10171);
#3412=VERTEX_POINT('',#10176);
#3413=VERTEX_POINT('',#10180);
#3414=VERTEX_POINT('',#10184);
#3415=VERTEX_POINT('',#10188);
#3416=VERTEX_POINT('',#10189);
#3417=VERTEX_POINT('',#10194);
#3418=VERTEX_POINT('',#10198);
#3419=VERTEX_POINT('',#10202);
#3420=VERTEX_POINT('',#10203);
#3421=VERTEX_POINT('',#10208);
#3422=VERTEX_POINT('',#10212);
#3423=VERTEX_POINT('',#10216);
#3424=VERTEX_POINT('',#10217);
#3425=VERTEX_POINT('',#10222);
#3426=VERTEX_POINT('',#10226);
#3427=VERTEX_POINT('',#10230);
#3428=VERTEX_POINT('',#10231);
#3429=VERTEX_POINT('',#10236);
#3430=VERTEX_POINT('',#10240);
#3431=VERTEX_POINT('',#10244);
#3432=VERTEX_POINT('',#10245);
#3433=VERTEX_POINT('',#10250);
#3434=VERTEX_POINT('',#10254);
#3435=VERTEX_POINT('',#10255);
#3436=VERTEX_POINT('',#10260);
#3437=VERTEX_POINT('',#10264);
#3438=VERTEX_POINT('',#10268);
#3439=VERTEX_POINT('',#10272);
#3440=VERTEX_POINT('',#10273);
#3441=VERTEX_POINT('',#10278);
#3442=VERTEX_POINT('',#10282);
#3443=VERTEX_POINT('',#10283);
#3444=VERTEX_POINT('',#10288);
#3445=VERTEX_POINT('',#10292);
#3446=VERTEX_POINT('',#10296);
#3447=VERTEX_POINT('',#10300);
#3448=VERTEX_POINT('',#10301);
#3449=VERTEX_POINT('',#10306);
#3450=VERTEX_POINT('',#10310);
#3451=VERTEX_POINT('',#10311);
#3452=VERTEX_POINT('',#10316);
#3453=VERTEX_POINT('',#10320);
#3454=VERTEX_POINT('',#10324);
#3455=VERTEX_POINT('',#10328);
#3456=VERTEX_POINT('',#10329);
#3457=VERTEX_POINT('',#10334);
#3458=VERTEX_POINT('',#10338);
#3459=VERTEX_POINT('',#10339);
#3460=VERTEX_POINT('',#10344);
#3461=VERTEX_POINT('',#10348);
#3462=VERTEX_POINT('',#10352);
#3463=VERTEX_POINT('',#10356);
#3464=VERTEX_POINT('',#10357);
#3465=VERTEX_POINT('',#10362);
#3466=VERTEX_POINT('',#10366);
#3467=VERTEX_POINT('',#10367);
#3468=VERTEX_POINT('',#10372);
#3469=VERTEX_POINT('',#10376);
#3470=VERTEX_POINT('',#10380);
#3471=VERTEX_POINT('',#10384);
#3472=VERTEX_POINT('',#10385);
#3473=VERTEX_POINT('',#10390);
#3474=VERTEX_POINT('',#10394);
#3475=VERTEX_POINT('',#10395);
#3476=VERTEX_POINT('',#10400);
#3477=VERTEX_POINT('',#10404);
#3478=VERTEX_POINT('',#10408);
#3479=VERTEX_POINT('',#10412);
#3480=VERTEX_POINT('',#10413);
#3481=VERTEX_POINT('',#10418);
#3482=VERTEX_POINT('',#10422);
#3483=VERTEX_POINT('',#10423);
#3484=VERTEX_POINT('',#10428);
#3485=VERTEX_POINT('',#10432);
#3486=VERTEX_POINT('',#10436);
#3487=VERTEX_POINT('',#10440);
#3488=VERTEX_POINT('',#10441);
#3489=VERTEX_POINT('',#10446);
#3490=VERTEX_POINT('',#10450);
#3491=VERTEX_POINT('',#10451);
#3492=VERTEX_POINT('',#10456);
#3493=VERTEX_POINT('',#10460);
#3494=VERTEX_POINT('',#10464);
#3495=VERTEX_POINT('',#10468);
#3496=VERTEX_POINT('',#10469);
#3497=VERTEX_POINT('',#10474);
#3498=VERTEX_POINT('',#10478);
#3499=VERTEX_POINT('',#10479);
#3500=VERTEX_POINT('',#10484);
#3501=VERTEX_POINT('',#10488);
#3502=VERTEX_POINT('',#10492);
#3503=VERTEX_POINT('',#10496);
#3504=VERTEX_POINT('',#10497);
#3505=VERTEX_POINT('',#10502);
#3506=VERTEX_POINT('',#10506);
#3507=VERTEX_POINT('',#10507);
#3508=VERTEX_POINT('',#10512);
#3509=VERTEX_POINT('',#10516);
#3510=VERTEX_POINT('',#10520);
#3511=VERTEX_POINT('',#10524);
#3512=VERTEX_POINT('',#10525);
#3513=VERTEX_POINT('',#10530);
#3514=VERTEX_POINT('',#10534);
#3515=VERTEX_POINT('',#10535);
#3516=VERTEX_POINT('',#10540);
#3517=VERTEX_POINT('',#10544);
#3518=VERTEX_POINT('',#10548);
#3519=VERTEX_POINT('',#10552);
#3520=VERTEX_POINT('',#10553);
#3521=VERTEX_POINT('',#10558);
#3522=VERTEX_POINT('',#10562);
#3523=VERTEX_POINT('',#10563);
#3524=VERTEX_POINT('',#10568);
#3525=VERTEX_POINT('',#10572);
#3526=VERTEX_POINT('',#10576);
#3527=VERTEX_POINT('',#10580);
#3528=VERTEX_POINT('',#10581);
#3529=VERTEX_POINT('',#10586);
#3530=VERTEX_POINT('',#10590);
#3531=VERTEX_POINT('',#10591);
#3532=VERTEX_POINT('',#10596);
#3533=VERTEX_POINT('',#10600);
#3534=VERTEX_POINT('',#10604);
#3535=VERTEX_POINT('',#10608);
#3536=VERTEX_POINT('',#10609);
#3537=VERTEX_POINT('',#10614);
#3538=VERTEX_POINT('',#10618);
#3539=VERTEX_POINT('',#10619);
#3540=VERTEX_POINT('',#10624);
#3541=VERTEX_POINT('',#10628);
#3542=VERTEX_POINT('',#10632);
#3543=VERTEX_POINT('',#10636);
#3544=VERTEX_POINT('',#10637);
#3545=VERTEX_POINT('',#10642);
#3546=VERTEX_POINT('',#10646);
#3547=VERTEX_POINT('',#10650);
#3548=VERTEX_POINT('',#10651);
#3549=VERTEX_POINT('',#10656);
#3550=VERTEX_POINT('',#10660);
#3551=VERTEX_POINT('',#10664);
#3552=VERTEX_POINT('',#10665);
#3553=VERTEX_POINT('',#10670);
#3554=VERTEX_POINT('',#10674);
#3555=VERTEX_POINT('',#10675);
#3556=VERTEX_POINT('',#10680);
#3557=VERTEX_POINT('',#10684);
#3558=VERTEX_POINT('',#10688);
#3559=VERTEX_POINT('',#10692);
#3560=VERTEX_POINT('',#10693);
#3561=VERTEX_POINT('',#10698);
#3562=VERTEX_POINT('',#10702);
#3563=VERTEX_POINT('',#10706);
#3564=VERTEX_POINT('',#10707);
#3565=VERTEX_POINT('',#10712);
#3566=VERTEX_POINT('',#10716);
#3567=VERTEX_POINT('',#10720);
#3568=VERTEX_POINT('',#10721);
#3569=VERTEX_POINT('',#10726);
#3570=VERTEX_POINT('',#10730);
#3571=VERTEX_POINT('',#10731);
#3572=VERTEX_POINT('',#10736);
#3573=VERTEX_POINT('',#10740);
#3574=VERTEX_POINT('',#10744);
#3575=VERTEX_POINT('',#10832);
#3576=VERTEX_POINT('',#10835);
#3577=VERTEX_POINT('',#10838);
#3578=VERTEX_POINT('',#10841);
#3579=VERTEX_POINT('',#10844);
#3580=EDGE_CURVE('',#2922,#2923,#2828,.T.);
#3581=EDGE_CURVE('',#2923,#2924,#1084,.T.);
#3582=EDGE_CURVE('',#2924,#2925,#2829,.T.);
#3583=EDGE_CURVE('',#2925,#2922,#1085,.T.);
#3584=EDGE_CURVE('',#2922,#2926,#1086,.T.);
#3585=EDGE_CURVE('',#2926,#2927,#1087,.T.);
#3586=EDGE_CURVE('',#2928,#2927,#2830,.T.);
#3587=EDGE_CURVE('',#2928,#2929,#1088,.T.);
#3588=EDGE_CURVE('',#2929,#2930,#1089,.T.);
#3589=EDGE_CURVE('',#2930,#2931,#2831,.T.);
#3590=EDGE_CURVE('',#2931,#2932,#1090,.T.);
#3591=EDGE_CURVE('',#2932,#2933,#2832,.T.);
#3592=EDGE_CURVE('',#2933,#2934,#1091,.T.);
#3593=EDGE_CURVE('',#2934,#2935,#2833,.T.);
#3594=EDGE_CURVE('',#2935,#2936,#1092,.T.);
#3595=EDGE_CURVE('',#2936,#2937,#2834,.T.);
#3596=EDGE_CURVE('',#2937,#2938,#1093,.T.);
#3597=EDGE_CURVE('',#2938,#2939,#2835,.T.);
#3598=EDGE_CURVE('',#2939,#2940,#1094,.T.);
#3599=EDGE_CURVE('',#2940,#2941,#2836,.T.);
#3600=EDGE_CURVE('',#2941,#2942,#1095,.T.);
#3601=EDGE_CURVE('',#2942,#2943,#2837,.T.);
#3602=EDGE_CURVE('',#2943,#2944,#1096,.T.);
#3603=EDGE_CURVE('',#2944,#2945,#2838,.T.);
#3604=EDGE_CURVE('',#2945,#2946,#1097,.T.);
#3605=EDGE_CURVE('',#2946,#2947,#2839,.T.);
#3606=EDGE_CURVE('',#2947,#2948,#1098,.T.);
#3607=EDGE_CURVE('',#2948,#2949,#2840,.T.);
#3608=EDGE_CURVE('',#2949,#2950,#1099,.T.);
#3609=EDGE_CURVE('',#2950,#2951,#2841,.T.);
#3610=EDGE_CURVE('',#2951,#2952,#1100,.T.);
#3611=EDGE_CURVE('',#2952,#2953,#2842,.T.);
#3612=EDGE_CURVE('',#2953,#2954,#1101,.T.);
#3613=EDGE_CURVE('',#2954,#2955,#2843,.T.);
#3614=EDGE_CURVE('',#2955,#2956,#1102,.T.);
#3615=EDGE_CURVE('',#2956,#2957,#2844,.T.);
#3616=EDGE_CURVE('',#2957,#2958,#1103,.T.);
#3617=EDGE_CURVE('',#2958,#2959,#2845,.T.);
#3618=EDGE_CURVE('',#2959,#2960,#1104,.T.);
#3619=EDGE_CURVE('',#2960,#2961,#2846,.T.);
#3620=EDGE_CURVE('',#2961,#2962,#1105,.T.);
#3621=EDGE_CURVE('',#2962,#2963,#2847,.T.);
#3622=EDGE_CURVE('',#2963,#2923,#1106,.T.);
#3623=EDGE_CURVE('',#2964,#2964,#2848,.T.);
#3624=EDGE_CURVE('',#2965,#2966,#2849,.T.);
#3625=EDGE_CURVE('',#2965,#2967,#1107,.T.);
#3626=EDGE_CURVE('',#2967,#2968,#1108,.T.);
#3627=EDGE_CURVE('',#2968,#2969,#1109,.T.);
#3628=EDGE_CURVE('',#2969,#2970,#1110,.T.);
#3629=EDGE_CURVE('',#2970,#2971,#1111,.T.);
#3630=EDGE_CURVE('',#2971,#2972,#1112,.T.);
#3631=EDGE_CURVE('',#2972,#2973,#1113,.T.);
#3632=EDGE_CURVE('',#2973,#2974,#1114,.T.);
#3633=EDGE_CURVE('',#2974,#2975,#1115,.T.);
#3634=EDGE_CURVE('',#2975,#2976,#1116,.T.);
#3635=EDGE_CURVE('',#2976,#2977,#1117,.T.);
#3636=EDGE_CURVE('',#2977,#2978,#1118,.T.);
#3637=EDGE_CURVE('',#2979,#2978,#2850,.T.);
#3638=EDGE_CURVE('',#2979,#2980,#1119,.T.);
#3639=EDGE_CURVE('',#2980,#2981,#1120,.T.);
#3640=EDGE_CURVE('',#2981,#2982,#1121,.T.);
#3641=EDGE_CURVE('',#2982,#2983,#1122,.T.);
#3642=EDGE_CURVE('',#2983,#2984,#1123,.T.);
#3643=EDGE_CURVE('',#2984,#2985,#1124,.T.);
#3644=EDGE_CURVE('',#2985,#2986,#1125,.T.);
#3645=EDGE_CURVE('',#2986,#2987,#1126,.T.);
#3646=EDGE_CURVE('',#2987,#2988,#1127,.T.);
#3647=EDGE_CURVE('',#2988,#2989,#1128,.T.);
#3648=EDGE_CURVE('',#2989,#2990,#1129,.T.);
#3649=EDGE_CURVE('',#2991,#2990,#2851,.T.);
#3650=EDGE_CURVE('',#2991,#2992,#1130,.T.);
#3651=EDGE_CURVE('',#2992,#2993,#1131,.T.);
#3652=EDGE_CURVE('',#2993,#2994,#1132,.T.);
#3653=EDGE_CURVE('',#2994,#2995,#1133,.T.);
#3654=EDGE_CURVE('',#2995,#2996,#1134,.T.);
#3655=EDGE_CURVE('',#2996,#2997,#1135,.T.);
#3656=EDGE_CURVE('',#2997,#2998,#1136,.T.);
#3657=EDGE_CURVE('',#2998,#2999,#1137,.T.);
#3658=EDGE_CURVE('',#2999,#3000,#1138,.T.);
#3659=EDGE_CURVE('',#3000,#3001,#1139,.T.);
#3660=EDGE_CURVE('',#3001,#3002,#1140,.T.);
#3661=EDGE_CURVE('',#3002,#3003,#1141,.T.);
#3662=EDGE_CURVE('',#3004,#3003,#2852,.T.);
#3663=EDGE_CURVE('',#3004,#3005,#1142,.T.);
#3664=EDGE_CURVE('',#3005,#3006,#1143,.T.);
#3665=EDGE_CURVE('',#3006,#3007,#1144,.T.);
#3666=EDGE_CURVE('',#3007,#3008,#1145,.T.);
#3667=EDGE_CURVE('',#3008,#3009,#1146,.T.);
#3668=EDGE_CURVE('',#3009,#3010,#1147,.T.);
#3669=EDGE_CURVE('',#3010,#3011,#1148,.T.);
#3670=EDGE_CURVE('',#3011,#3012,#1149,.T.);
#3671=EDGE_CURVE('',#3012,#3013,#1150,.T.);
#3672=EDGE_CURVE('',#3013,#3014,#1151,.T.);
#3673=EDGE_CURVE('',#3014,#3015,#1152,.T.);
#3674=EDGE_CURVE('',#3015,#3016,#1153,.T.);
#3675=EDGE_CURVE('',#3017,#3016,#2853,.T.);
#3676=EDGE_CURVE('',#3018,#3017,#2854,.T.);
#3677=EDGE_CURVE('',#3018,#3019,#1154,.T.);
#3678=EDGE_CURVE('',#3019,#3020,#1155,.T.);
#3679=EDGE_CURVE('',#3020,#3021,#1156,.T.);
#3680=EDGE_CURVE('',#3021,#3022,#1157,.T.);
#3681=EDGE_CURVE('',#3022,#3023,#1158,.T.);
#3682=EDGE_CURVE('',#3023,#3024,#1159,.T.);
#3683=EDGE_CURVE('',#3024,#3025,#1160,.T.);
#3684=EDGE_CURVE('',#3025,#3026,#1161,.T.);
#3685=EDGE_CURVE('',#3026,#3027,#1162,.T.);
#3686=EDGE_CURVE('',#3027,#3028,#1163,.T.);
#3687=EDGE_CURVE('',#3028,#3029,#1164,.T.);
#3688=EDGE_CURVE('',#3030,#3029,#2855,.T.);
#3689=EDGE_CURVE('',#3031,#3030,#2856,.T.);
#3690=EDGE_CURVE('',#3031,#3032,#1165,.T.);
#3691=EDGE_CURVE('',#3032,#3033,#1166,.T.);
#3692=EDGE_CURVE('',#3033,#3034,#1167,.T.);
#3693=EDGE_CURVE('',#3034,#3035,#1168,.T.);
#3694=EDGE_CURVE('',#3035,#3036,#1169,.T.);
#3695=EDGE_CURVE('',#3036,#3037,#1170,.T.);
#3696=EDGE_CURVE('',#3037,#3038,#1171,.T.);
#3697=EDGE_CURVE('',#3038,#3039,#1172,.T.);
#3698=EDGE_CURVE('',#3039,#3040,#1173,.T.);
#3699=EDGE_CURVE('',#3040,#3041,#1174,.T.);
#3700=EDGE_CURVE('',#3041,#3042,#1175,.T.);
#3701=EDGE_CURVE('',#3042,#2966,#1176,.T.);
#3702=EDGE_CURVE('',#3043,#3044,#1177,.T.);
#3703=EDGE_CURVE('',#3044,#3045,#1178,.T.);
#3704=EDGE_CURVE('',#3045,#3046,#1179,.T.);
#3705=EDGE_CURVE('',#3046,#3047,#1180,.T.);
#3706=EDGE_CURVE('',#3047,#3048,#1181,.T.);
#3707=EDGE_CURVE('',#3048,#3049,#1182,.T.);
#3708=EDGE_CURVE('',#3049,#3050,#1183,.T.);
#3709=EDGE_CURVE('',#3050,#3051,#1184,.T.);
#3710=EDGE_CURVE('',#3051,#3052,#1185,.T.);
#3711=EDGE_CURVE('',#3052,#3053,#1186,.T.);
#3712=EDGE_CURVE('',#3053,#3054,#1187,.T.);
#3713=EDGE_CURVE('',#3054,#3043,#1188,.T.);
#3714=EDGE_CURVE('',#3055,#3056,#1189,.T.);
#3715=EDGE_CURVE('',#3056,#3057,#1190,.T.);
#3716=EDGE_CURVE('',#3057,#3058,#1191,.T.);
#3717=EDGE_CURVE('',#3058,#3059,#1192,.T.);
#3718=EDGE_CURVE('',#3059,#3060,#1193,.T.);
#3719=EDGE_CURVE('',#3060,#3061,#1194,.T.);
#3720=EDGE_CURVE('',#3061,#3062,#1195,.T.);
#3721=EDGE_CURVE('',#3062,#3063,#1196,.T.);
#3722=EDGE_CURVE('',#3063,#3064,#1197,.T.);
#3723=EDGE_CURVE('',#3064,#3065,#1198,.T.);
#3724=EDGE_CURVE('',#3065,#3066,#1199,.T.);
#3725=EDGE_CURVE('',#3066,#3055,#1200,.T.);
#3726=EDGE_CURVE('',#3067,#3068,#1201,.T.);
#3727=EDGE_CURVE('',#3068,#3069,#1202,.T.);
#3728=EDGE_CURVE('',#3069,#3070,#1203,.T.);
#3729=EDGE_CURVE('',#3070,#3071,#1204,.T.);
#3730=EDGE_CURVE('',#3071,#3072,#1205,.T.);
#3731=EDGE_CURVE('',#3072,#3073,#1206,.T.);
#3732=EDGE_CURVE('',#3073,#3074,#1207,.T.);
#3733=EDGE_CURVE('',#3074,#3075,#1208,.T.);
#3734=EDGE_CURVE('',#3075,#3076,#1209,.T.);
#3735=EDGE_CURVE('',#3076,#3077,#1210,.T.);
#3736=EDGE_CURVE('',#3077,#3078,#1211,.T.);
#3737=EDGE_CURVE('',#3078,#3067,#1212,.T.);
#3738=EDGE_CURVE('',#3079,#3080,#1213,.T.);
#3739=EDGE_CURVE('',#3080,#3081,#1214,.T.);
#3740=EDGE_CURVE('',#3081,#3082,#1215,.T.);
#3741=EDGE_CURVE('',#3082,#3083,#1216,.T.);
#3742=EDGE_CURVE('',#3083,#3084,#1217,.T.);
#3743=EDGE_CURVE('',#3084,#3085,#1218,.T.);
#3744=EDGE_CURVE('',#3085,#3086,#1219,.T.);
#3745=EDGE_CURVE('',#3086,#3087,#1220,.T.);
#3746=EDGE_CURVE('',#3087,#3088,#1221,.T.);
#3747=EDGE_CURVE('',#3088,#3089,#1222,.T.);
#3748=EDGE_CURVE('',#3089,#3090,#1223,.T.);
#3749=EDGE_CURVE('',#3090,#3091,#1224,.T.);
#3750=EDGE_CURVE('',#3091,#3079,#1225,.T.);
#3751=EDGE_CURVE('',#3092,#3093,#1226,.T.);
#3752=EDGE_CURVE('',#3093,#3094,#1227,.T.);
#3753=EDGE_CURVE('',#3094,#3095,#1228,.T.);
#3754=EDGE_CURVE('',#3095,#3096,#1229,.T.);
#3755=EDGE_CURVE('',#3096,#3097,#1230,.T.);
#3756=EDGE_CURVE('',#3097,#3098,#1231,.T.);
#3757=EDGE_CURVE('',#3098,#3099,#1232,.T.);
#3758=EDGE_CURVE('',#3099,#3100,#1233,.T.);
#3759=EDGE_CURVE('',#3100,#3101,#1234,.T.);
#3760=EDGE_CURVE('',#3101,#3102,#1235,.T.);
#3761=EDGE_CURVE('',#3102,#3103,#1236,.T.);
#3762=EDGE_CURVE('',#3103,#3092,#1237,.T.);
#3763=EDGE_CURVE('',#3104,#3105,#1238,.T.);
#3764=EDGE_CURVE('',#3105,#3106,#1239,.T.);
#3765=EDGE_CURVE('',#3106,#3107,#1240,.T.);
#3766=EDGE_CURVE('',#3107,#3108,#1241,.T.);
#3767=EDGE_CURVE('',#3108,#3109,#1242,.T.);
#3768=EDGE_CURVE('',#3109,#3110,#1243,.T.);
#3769=EDGE_CURVE('',#3110,#3111,#1244,.T.);
#3770=EDGE_CURVE('',#3111,#3112,#1245,.T.);
#3771=EDGE_CURVE('',#3112,#3113,#1246,.T.);
#3772=EDGE_CURVE('',#3113,#3114,#1247,.T.);
#3773=EDGE_CURVE('',#3114,#3115,#1248,.T.);
#3774=EDGE_CURVE('',#3115,#3104,#1249,.T.);
#3775=EDGE_CURVE('',#3116,#3117,#1250,.T.);
#3776=EDGE_CURVE('',#3117,#3118,#1251,.T.);
#3777=EDGE_CURVE('',#3118,#3119,#1252,.T.);
#3778=EDGE_CURVE('',#3119,#3120,#1253,.T.);
#3779=EDGE_CURVE('',#3120,#3121,#1254,.T.);
#3780=EDGE_CURVE('',#3121,#3122,#1255,.T.);
#3781=EDGE_CURVE('',#3122,#3123,#1256,.T.);
#3782=EDGE_CURVE('',#3123,#3124,#1257,.T.);
#3783=EDGE_CURVE('',#3124,#3125,#1258,.T.);
#3784=EDGE_CURVE('',#3125,#3126,#1259,.T.);
#3785=EDGE_CURVE('',#3126,#3127,#1260,.T.);
#3786=EDGE_CURVE('',#3127,#3116,#1261,.T.);
#3787=EDGE_CURVE('',#3128,#3129,#1262,.T.);
#3788=EDGE_CURVE('',#3129,#3130,#1263,.T.);
#3789=EDGE_CURVE('',#3130,#3131,#1264,.T.);
#3790=EDGE_CURVE('',#3131,#3132,#1265,.T.);
#3791=EDGE_CURVE('',#3132,#3133,#1266,.T.);
#3792=EDGE_CURVE('',#3133,#3134,#1267,.T.);
#3793=EDGE_CURVE('',#3134,#3135,#1268,.T.);
#3794=EDGE_CURVE('',#3135,#3136,#1269,.T.);
#3795=EDGE_CURVE('',#3136,#3137,#1270,.T.);
#3796=EDGE_CURVE('',#3137,#3138,#1271,.T.);
#3797=EDGE_CURVE('',#3138,#3139,#1272,.T.);
#3798=EDGE_CURVE('',#3139,#3128,#1273,.T.);
#3799=EDGE_CURVE('',#3140,#3141,#1274,.T.);
#3800=EDGE_CURVE('',#3141,#3142,#1275,.T.);
#3801=EDGE_CURVE('',#3142,#3143,#1276,.T.);
#3802=EDGE_CURVE('',#3143,#3144,#1277,.T.);
#3803=EDGE_CURVE('',#3144,#3145,#1278,.T.);
#3804=EDGE_CURVE('',#3145,#3146,#1279,.T.);
#3805=EDGE_CURVE('',#3146,#3147,#1280,.T.);
#3806=EDGE_CURVE('',#3147,#3148,#1281,.T.);
#3807=EDGE_CURVE('',#3148,#3149,#1282,.T.);
#3808=EDGE_CURVE('',#3149,#3150,#1283,.T.);
#3809=EDGE_CURVE('',#3150,#3151,#1284,.T.);
#3810=EDGE_CURVE('',#3151,#3140,#1285,.T.);
#3811=EDGE_CURVE('',#3152,#3153,#1286,.T.);
#3812=EDGE_CURVE('',#3153,#3154,#1287,.T.);
#3813=EDGE_CURVE('',#3154,#3155,#1288,.T.);
#3814=EDGE_CURVE('',#3155,#3156,#1289,.T.);
#3815=EDGE_CURVE('',#3156,#3157,#1290,.T.);
#3816=EDGE_CURVE('',#3157,#3158,#1291,.T.);
#3817=EDGE_CURVE('',#3158,#3159,#1292,.T.);
#3818=EDGE_CURVE('',#3159,#3160,#1293,.T.);
#3819=EDGE_CURVE('',#3160,#3161,#1294,.T.);
#3820=EDGE_CURVE('',#3161,#3162,#1295,.T.);
#3821=EDGE_CURVE('',#3162,#3163,#1296,.T.);
#3822=EDGE_CURVE('',#3163,#3152,#1297,.T.);
#3823=EDGE_CURVE('',#3164,#3165,#1298,.T.);
#3824=EDGE_CURVE('',#3165,#3166,#1299,.T.);
#3825=EDGE_CURVE('',#3166,#3167,#1300,.T.);
#3826=EDGE_CURVE('',#3167,#3168,#1301,.T.);
#3827=EDGE_CURVE('',#3168,#3169,#1302,.T.);
#3828=EDGE_CURVE('',#3169,#3170,#1303,.T.);
#3829=EDGE_CURVE('',#3170,#3171,#1304,.T.);
#3830=EDGE_CURVE('',#3171,#3172,#1305,.T.);
#3831=EDGE_CURVE('',#3172,#3173,#1306,.T.);
#3832=EDGE_CURVE('',#3173,#3174,#1307,.T.);
#3833=EDGE_CURVE('',#3174,#3175,#1308,.T.);
#3834=EDGE_CURVE('',#3175,#3164,#1309,.T.);
#3835=EDGE_CURVE('',#3176,#3177,#1310,.T.);
#3836=EDGE_CURVE('',#3177,#3178,#1311,.T.);
#3837=EDGE_CURVE('',#3178,#3179,#1312,.T.);
#3838=EDGE_CURVE('',#3179,#3180,#1313,.T.);
#3839=EDGE_CURVE('',#3180,#3181,#1314,.T.);
#3840=EDGE_CURVE('',#3181,#3182,#1315,.T.);
#3841=EDGE_CURVE('',#3182,#3183,#1316,.T.);
#3842=EDGE_CURVE('',#3183,#3184,#1317,.T.);
#3843=EDGE_CURVE('',#3184,#3185,#1318,.T.);
#3844=EDGE_CURVE('',#3185,#3186,#1319,.T.);
#3845=EDGE_CURVE('',#3186,#3187,#1320,.T.);
#3846=EDGE_CURVE('',#3187,#3176,#1321,.T.);
#3847=EDGE_CURVE('',#3188,#3189,#2857,.T.);
#3848=EDGE_CURVE('',#3188,#3190,#1322,.T.);
#3849=EDGE_CURVE('',#3190,#3191,#1323,.T.);
#3850=EDGE_CURVE('',#3191,#3192,#1324,.T.);
#3851=EDGE_CURVE('',#3192,#3193,#1325,.T.);
#3852=EDGE_CURVE('',#3193,#3194,#1326,.T.);
#3853=EDGE_CURVE('',#3194,#3195,#1327,.T.);
#3854=EDGE_CURVE('',#3195,#3196,#1328,.T.);
#3855=EDGE_CURVE('',#3196,#3197,#1329,.T.);
#3856=EDGE_CURVE('',#3197,#3198,#1330,.T.);
#3857=EDGE_CURVE('',#3198,#3199,#1331,.T.);
#3858=EDGE_CURVE('',#3199,#3200,#1332,.T.);
#3859=EDGE_CURVE('',#3200,#3201,#1333,.T.);
#3860=EDGE_CURVE('',#3202,#3201,#2858,.T.);
#3861=EDGE_CURVE('',#3202,#3203,#1334,.T.);
#3862=EDGE_CURVE('',#3203,#3204,#1335,.T.);
#3863=EDGE_CURVE('',#3204,#3205,#1336,.T.);
#3864=EDGE_CURVE('',#3205,#3206,#1337,.T.);
#3865=EDGE_CURVE('',#3206,#3207,#1338,.T.);
#3866=EDGE_CURVE('',#3207,#3208,#1339,.T.);
#3867=EDGE_CURVE('',#3208,#3209,#1340,.T.);
#3868=EDGE_CURVE('',#3209,#3210,#1341,.T.);
#3869=EDGE_CURVE('',#3210,#3211,#1342,.T.);
#3870=EDGE_CURVE('',#3211,#3212,#1343,.T.);
#3871=EDGE_CURVE('',#3212,#3213,#1344,.T.);
#3872=EDGE_CURVE('',#3213,#3214,#1345,.T.);
#3873=EDGE_CURVE('',#3189,#3214,#2859,.T.);
#3874=EDGE_CURVE('',#3215,#3216,#2860,.T.);
#3875=EDGE_CURVE('',#3215,#3217,#1346,.T.);
#3876=EDGE_CURVE('',#3217,#3218,#1347,.T.);
#3877=EDGE_CURVE('',#3218,#3219,#1348,.T.);
#3878=EDGE_CURVE('',#3219,#3220,#1349,.T.);
#3879=EDGE_CURVE('',#3220,#3221,#1350,.T.);
#3880=EDGE_CURVE('',#3221,#3222,#1351,.T.);
#3881=EDGE_CURVE('',#3222,#3223,#1352,.T.);
#3882=EDGE_CURVE('',#3223,#3224,#1353,.T.);
#3883=EDGE_CURVE('',#3224,#3225,#1354,.T.);
#3884=EDGE_CURVE('',#3225,#3226,#1355,.T.);
#3885=EDGE_CURVE('',#3226,#3227,#1356,.T.);
#3886=EDGE_CURVE('',#3227,#3228,#1357,.T.);
#3887=EDGE_CURVE('',#3228,#3229,#1358,.T.);
#3888=EDGE_CURVE('',#3216,#3229,#2861,.T.);
#3889=EDGE_CURVE('',#3230,#2925,#1359,.T.);
#3890=EDGE_CURVE('',#3230,#2926,#1360,.T.);
#3891=EDGE_CURVE('',#3231,#3232,#2862,.T.);
#3892=EDGE_CURVE('',#3232,#2928,#1361,.T.);
#3893=EDGE_CURVE('',#2927,#3231,#1362,.T.);
#3894=EDGE_CURVE('',#3233,#3232,#1363,.T.);
#3895=EDGE_CURVE('',#2929,#3233,#1364,.T.);
#3896=EDGE_CURVE('',#3231,#3230,#1365,.T.);
#3897=EDGE_CURVE('',#2924,#3234,#1366,.T.);
#3898=EDGE_CURVE('',#3234,#3235,#2863,.T.);
#3899=EDGE_CURVE('',#3235,#3236,#1367,.T.);
#3900=EDGE_CURVE('',#3236,#3237,#2864,.T.);
#3901=EDGE_CURVE('',#3237,#3238,#1368,.T.);
#3902=EDGE_CURVE('',#3238,#3239,#2865,.T.);
#3903=EDGE_CURVE('',#3239,#3240,#1369,.T.);
#3904=EDGE_CURVE('',#3240,#3241,#2866,.T.);
#3905=EDGE_CURVE('',#3241,#3242,#1370,.T.);
#3906=EDGE_CURVE('',#3242,#3243,#2867,.T.);
#3907=EDGE_CURVE('',#3243,#3244,#1371,.T.);
#3908=EDGE_CURVE('',#3244,#3245,#2868,.T.);
#3909=EDGE_CURVE('',#3245,#3246,#1372,.T.);
#3910=EDGE_CURVE('',#3246,#3247,#2869,.T.);
#3911=EDGE_CURVE('',#3247,#3248,#1373,.T.);
#3912=EDGE_CURVE('',#3248,#3249,#2870,.T.);
#3913=EDGE_CURVE('',#3249,#3250,#1374,.T.);
#3914=EDGE_CURVE('',#3250,#3251,#2871,.T.);
#3915=EDGE_CURVE('',#3251,#3252,#1375,.T.);
#3916=EDGE_CURVE('',#3252,#3253,#2872,.T.);
#3917=EDGE_CURVE('',#3253,#3254,#1376,.T.);
#3918=EDGE_CURVE('',#3254,#3255,#2873,.T.);
#3919=EDGE_CURVE('',#3255,#3256,#1377,.T.);
#3920=EDGE_CURVE('',#3256,#3257,#2874,.T.);
#3921=EDGE_CURVE('',#3257,#3258,#1378,.T.);
#3922=EDGE_CURVE('',#3258,#3259,#2875,.T.);
#3923=EDGE_CURVE('',#3259,#3260,#1379,.T.);
#3924=EDGE_CURVE('',#3260,#3261,#2876,.T.);
#3925=EDGE_CURVE('',#3261,#3262,#1380,.T.);
#3926=EDGE_CURVE('',#3262,#3263,#2877,.T.);
#3927=EDGE_CURVE('',#3263,#3264,#1381,.T.);
#3928=EDGE_CURVE('',#3264,#3265,#2878,.T.);
#3929=EDGE_CURVE('',#3265,#3266,#1382,.T.);
#3930=EDGE_CURVE('',#3266,#3267,#2879,.T.);
#3931=EDGE_CURVE('',#3267,#3233,#1383,.T.);
#3932=EDGE_CURVE('',#3268,#3269,#1384,.T.);
#3933=EDGE_CURVE('',#3269,#3270,#1385,.T.);
#3934=EDGE_CURVE('',#3270,#3271,#1386,.T.);
#3935=EDGE_CURVE('',#3271,#3268,#1387,.T.);
#3936=EDGE_CURVE('',#3272,#3273,#1388,.T.);
#3937=EDGE_CURVE('',#3273,#3274,#1389,.T.);
#3938=EDGE_CURVE('',#3274,#3275,#1390,.T.);
#3939=EDGE_CURVE('',#3275,#3272,#1391,.T.);
#3940=EDGE_CURVE('',#3276,#3277,#1392,.T.);
#3941=EDGE_CURVE('',#3277,#3278,#1393,.T.);
#3942=EDGE_CURVE('',#3278,#3279,#1394,.T.);
#3943=EDGE_CURVE('',#3279,#3276,#1395,.T.);
#3944=EDGE_CURVE('',#3280,#3281,#1396,.T.);
#3945=EDGE_CURVE('',#3281,#3282,#1397,.T.);
#3946=EDGE_CURVE('',#3282,#3283,#1398,.T.);
#3947=EDGE_CURVE('',#3283,#3280,#1399,.T.);
#3948=EDGE_CURVE('',#3284,#3285,#1400,.T.);
#3949=EDGE_CURVE('',#3285,#3286,#1401,.T.);
#3950=EDGE_CURVE('',#3286,#3287,#1402,.T.);
#3951=EDGE_CURVE('',#3287,#3284,#1403,.T.);
#3952=EDGE_CURVE('',#3288,#3289,#1404,.T.);
#3953=EDGE_CURVE('',#3289,#3290,#1405,.T.);
#3954=EDGE_CURVE('',#3290,#3291,#1406,.T.);
#3955=EDGE_CURVE('',#3291,#3288,#1407,.T.);
#3956=EDGE_CURVE('',#3292,#3293,#1408,.T.);
#3957=EDGE_CURVE('',#3293,#3294,#1409,.T.);
#3958=EDGE_CURVE('',#3294,#3295,#1410,.T.);
#3959=EDGE_CURVE('',#3295,#3292,#1411,.T.);
#3960=EDGE_CURVE('',#3296,#3297,#1412,.T.);
#3961=EDGE_CURVE('',#3297,#3298,#1413,.T.);
#3962=EDGE_CURVE('',#3298,#3299,#1414,.T.);
#3963=EDGE_CURVE('',#3299,#3300,#1415,.T.);
#3964=EDGE_CURVE('',#3300,#3296,#1416,.T.);
#3965=EDGE_CURVE('',#3301,#3302,#1417,.T.);
#3966=EDGE_CURVE('',#3302,#3303,#1418,.T.);
#3967=EDGE_CURVE('',#3303,#3304,#1419,.T.);
#3968=EDGE_CURVE('',#3304,#3301,#1420,.T.);
#3969=EDGE_CURVE('',#3305,#3306,#1421,.T.);
#3970=EDGE_CURVE('',#3306,#3307,#1422,.T.);
#3971=EDGE_CURVE('',#3307,#3308,#1423,.T.);
#3972=EDGE_CURVE('',#3308,#3305,#1424,.T.);
#3973=EDGE_CURVE('',#3309,#3310,#1425,.T.);
#3974=EDGE_CURVE('',#3310,#3311,#1426,.T.);
#3975=EDGE_CURVE('',#3311,#3312,#1427,.T.);
#3976=EDGE_CURVE('',#3312,#3309,#1428,.T.);
#3977=EDGE_CURVE('',#3313,#3314,#1429,.T.);
#3978=EDGE_CURVE('',#3314,#3315,#1430,.T.);
#3979=EDGE_CURVE('',#3315,#3316,#1431,.T.);
#3980=EDGE_CURVE('',#3316,#3313,#1432,.T.);
#3981=EDGE_CURVE('',#3317,#3318,#1433,.T.);
#3982=EDGE_CURVE('',#3318,#3319,#1434,.T.);
#3983=EDGE_CURVE('',#3319,#3320,#1435,.T.);
#3984=EDGE_CURVE('',#3320,#3317,#1436,.T.);
#3985=EDGE_CURVE('',#3321,#3322,#1437,.T.);
#3986=EDGE_CURVE('',#3322,#3323,#1438,.T.);
#3987=EDGE_CURVE('',#3323,#3324,#1439,.T.);
#3988=EDGE_CURVE('',#3324,#3321,#1440,.T.);
#3989=EDGE_CURVE('',#3325,#3326,#1441,.T.);
#3990=EDGE_CURVE('',#3326,#3327,#1442,.T.);
#3991=EDGE_CURVE('',#3327,#3328,#1443,.T.);
#3992=EDGE_CURVE('',#3328,#3325,#1444,.T.);
#3993=EDGE_CURVE('',#3329,#3330,#1445,.T.);
#3994=EDGE_CURVE('',#3330,#3331,#1446,.T.);
#3995=EDGE_CURVE('',#3331,#3332,#1447,.T.);
#3996=EDGE_CURVE('',#3332,#3329,#1448,.T.);
#3997=EDGE_CURVE('',#3333,#3334,#1449,.T.);
#3998=EDGE_CURVE('',#3334,#3335,#1450,.T.);
#3999=EDGE_CURVE('',#3335,#3336,#1451,.T.);
#4000=EDGE_CURVE('',#3336,#3333,#1452,.T.);
#4001=EDGE_CURVE('',#3337,#3338,#1453,.T.);
#4002=EDGE_CURVE('',#3338,#3339,#1454,.T.);
#4003=EDGE_CURVE('',#3339,#3340,#1455,.T.);
#4004=EDGE_CURVE('',#3340,#3337,#1456,.T.);
#4005=EDGE_CURVE('',#3341,#3342,#1457,.T.);
#4006=EDGE_CURVE('',#3342,#3343,#1458,.T.);
#4007=EDGE_CURVE('',#3343,#3344,#1459,.T.);
#4008=EDGE_CURVE('',#3344,#3341,#1460,.T.);
#4009=EDGE_CURVE('',#3345,#3346,#1461,.T.);
#4010=EDGE_CURVE('',#3346,#3347,#1462,.T.);
#4011=EDGE_CURVE('',#3347,#3348,#1463,.T.);
#4012=EDGE_CURVE('',#3348,#3345,#1464,.T.);
#4013=EDGE_CURVE('',#3349,#3350,#1465,.T.);
#4014=EDGE_CURVE('',#3350,#3351,#1466,.T.);
#4015=EDGE_CURVE('',#3351,#3352,#1467,.T.);
#4016=EDGE_CURVE('',#3352,#3349,#1468,.T.);
#4017=EDGE_CURVE('',#3353,#3354,#2880,.T.);
#4018=EDGE_CURVE('',#3354,#3353,#2881,.T.);
#4019=EDGE_CURVE('',#3353,#3355,#1469,.T.);
#4020=EDGE_CURVE('',#3355,#3355,#2882,.T.);
#4021=EDGE_CURVE('',#3356,#3356,#2883,.T.);
#4022=EDGE_CURVE('',#3354,#3357,#1470,.T.);
#4023=EDGE_CURVE('',#3357,#3357,#2884,.T.);
#4024=EDGE_CURVE('',#3358,#3359,#2885,.T.);
#4025=EDGE_CURVE('',#3359,#3358,#2886,.T.);
#4026=EDGE_CURVE('',#3358,#3360,#1471,.T.);
#4027=EDGE_CURVE('',#3360,#3360,#2887,.T.);
#4028=EDGE_CURVE('',#3361,#3361,#2888,.T.);
#4029=EDGE_CURVE('',#3359,#3362,#1472,.T.);
#4030=EDGE_CURVE('',#3362,#3362,#2889,.T.);
#4031=EDGE_CURVE('',#3363,#3364,#2890,.T.);
#4032=EDGE_CURVE('',#3364,#3363,#2891,.T.);
#4033=EDGE_CURVE('',#3363,#3365,#1473,.T.);
#4034=EDGE_CURVE('',#3365,#3365,#2892,.T.);
#4035=EDGE_CURVE('',#3366,#3366,#2893,.T.);
#4036=EDGE_CURVE('',#3364,#3367,#1474,.T.);
#4037=EDGE_CURVE('',#3367,#3367,#2894,.T.);
#4038=EDGE_CURVE('',#3368,#3369,#2895,.T.);
#4039=EDGE_CURVE('',#3369,#3368,#2896,.T.);
#4040=EDGE_CURVE('',#3368,#3370,#1475,.T.);
#4041=EDGE_CURVE('',#3370,#3370,#2897,.T.);
#4042=EDGE_CURVE('',#3371,#3371,#2898,.T.);
#4043=EDGE_CURVE('',#3369,#3372,#1476,.T.);
#4044=EDGE_CURVE('',#3372,#3372,#2899,.T.);
#4045=EDGE_CURVE('',#3373,#3373,#2900,.T.);
#4046=EDGE_CURVE('',#3373,#3366,#1477,.T.);
#4047=EDGE_CURVE('',#3374,#3375,#2901,.T.);
#4048=EDGE_CURVE('',#3375,#3374,#2902,.T.);
#4049=EDGE_CURVE('',#3375,#3373,#1478,.T.);
#4050=EDGE_CURVE('',#3376,#3376,#2903,.T.);
#4051=EDGE_CURVE('',#3376,#3371,#1479,.T.);
#4052=EDGE_CURVE('',#3377,#3378,#2904,.T.);
#4053=EDGE_CURVE('',#3378,#3377,#2905,.T.);
#4054=EDGE_CURVE('',#3378,#3376,#1480,.T.);
#4055=EDGE_CURVE('',#3379,#3379,#2906,.T.);
#4056=EDGE_CURVE('',#3379,#3356,#1481,.T.);
#4057=EDGE_CURVE('',#3380,#3381,#2907,.T.);
#4058=EDGE_CURVE('',#3381,#3380,#2908,.T.);
#4059=EDGE_CURVE('',#3381,#3379,#1482,.T.);
#4060=EDGE_CURVE('',#3382,#3382,#2909,.T.);
#4061=EDGE_CURVE('',#3382,#3361,#1483,.T.);
#4062=EDGE_CURVE('',#3383,#3384,#2910,.T.);
#4063=EDGE_CURVE('',#3384,#3383,#2911,.T.);
#4064=EDGE_CURVE('',#3384,#3382,#1484,.T.);
#4065=EDGE_CURVE('',#3385,#3385,#2912,.T.);
#4066=EDGE_CURVE('',#3385,#3386,#1485,.T.);
#4067=EDGE_CURVE('',#3386,#3386,#2913,.T.);
#4068=EDGE_CURVE('',#3387,#3387,#2914,.T.);
#4069=EDGE_CURVE('',#3388,#3389,#2915,.T.);
#4070=EDGE_CURVE('',#3389,#3388,#2916,.T.);
#4071=EDGE_CURVE('',#3389,#3385,#1486,.T.);
#4072=EDGE_CURVE('',#3390,#3391,#2917,.T.);
#4073=EDGE_CURVE('',#3391,#3390,#2918,.T.);
#4074=EDGE_CURVE('',#3390,#3387,#1487,.T.);
#4075=EDGE_CURVE('',#3391,#3392,#1488,.T.);
#4076=EDGE_CURVE('',#3392,#3392,#2919,.T.);
#4077=EDGE_CURVE('',#2963,#3234,#1489,.T.);
#4078=EDGE_CURVE('',#3388,#3216,#1490,.T.);
#4079=EDGE_CURVE('',#3215,#3229,#15,.F.);
#4080=EDGE_CURVE('',#3380,#3189,#1491,.T.);
#4081=EDGE_CURVE('',#3393,#3214,#16,.F.);
#4082=EDGE_CURVE('',#3202,#3393,#17,.F.);
#4083=EDGE_CURVE('',#3394,#3201,#18,.F.);
#4084=EDGE_CURVE('',#3188,#3394,#19,.F.);
#4085=EDGE_CURVE('',#3383,#2964,#1492,.T.);
#4086=EDGE_CURVE('',#3377,#3030,#1493,.T.);
#4087=EDGE_CURVE('',#3395,#3029,#20,.F.);
#4088=EDGE_CURVE('',#3396,#3395,#21,.F.);
#4089=EDGE_CURVE('',#3396,#3397,#2920,.T.);
#4090=EDGE_CURVE('',#3398,#3397,#22,.F.);
#4091=EDGE_CURVE('',#2979,#3398,#23,.F.);
#4092=EDGE_CURVE('',#3399,#2978,#24,.F.);
#4093=EDGE_CURVE('',#2965,#3399,#25,.F.);
#4094=EDGE_CURVE('',#3400,#2966,#26,.F.);
#4095=EDGE_CURVE('',#3031,#3400,#27,.F.);
#4096=EDGE_CURVE('',#3396,#3401,#1494,.T.);
#4097=EDGE_CURVE('',#3402,#3401,#2921,.T.);
#4098=EDGE_CURVE('',#3402,#3397,#1495,.T.);
#4099=EDGE_CURVE('',#3374,#3017,#1496,.T.);
#4100=EDGE_CURVE('',#3403,#3016,#28,.F.);
#4101=EDGE_CURVE('',#3004,#3403,#29,.F.);
#4102=EDGE_CURVE('',#3404,#3003,#30,.F.);
#4103=EDGE_CURVE('',#2991,#3404,#31,.F.);
#4104=EDGE_CURVE('',#3405,#2990,#32,.F.);
#4105=EDGE_CURVE('',#3402,#3405,#33,.F.);
#4106=EDGE_CURVE('',#3406,#3401,#34,.F.);
#4107=EDGE_CURVE('',#3018,#3406,#35,.F.);
#4108=EDGE_CURVE('',#3407,#3408,#1497,.T.);
#4109=EDGE_CURVE('',#3407,#3040,#1498,.T.);
#4110=EDGE_CURVE('',#3408,#3039,#1499,.T.);
#4111=EDGE_CURVE('',#3408,#3409,#1500,.T.);
#4112=EDGE_CURVE('',#3409,#3038,#1501,.T.);
#4113=EDGE_CURVE('',#3410,#3411,#1502,.T.);
#4114=EDGE_CURVE('',#3410,#3035,#1503,.T.);
#4115=EDGE_CURVE('',#3411,#3034,#1504,.T.);
#4116=EDGE_CURVE('',#3411,#3412,#1505,.T.);
#4117=EDGE_CURVE('',#3412,#3033,#1506,.T.);
#4118=EDGE_CURVE('',#3412,#3413,#1507,.T.);
#4119=EDGE_CURVE('',#3413,#3032,#1508,.T.);
#4120=EDGE_CURVE('',#3414,#3407,#1509,.T.);
#4121=EDGE_CURVE('',#3414,#3041,#1510,.T.);
#4122=EDGE_CURVE('',#3415,#3416,#1511,.T.);
#4123=EDGE_CURVE('',#3415,#3185,#1512,.T.);
#4124=EDGE_CURVE('',#3416,#3184,#1513,.T.);
#4125=EDGE_CURVE('',#3416,#3417,#1514,.T.);
#4126=EDGE_CURVE('',#3417,#3183,#1515,.T.);
#4127=EDGE_CURVE('',#3417,#3418,#1516,.T.);
#4128=EDGE_CURVE('',#3418,#3182,#1517,.T.);
#4129=EDGE_CURVE('',#3419,#3420,#1518,.T.);
#4130=EDGE_CURVE('',#3419,#3179,#1519,.T.);
#4131=EDGE_CURVE('',#3420,#3178,#1520,.T.);
#4132=EDGE_CURVE('',#3420,#3421,#1521,.T.);
#4133=EDGE_CURVE('',#3421,#3177,#1522,.T.);
#4134=EDGE_CURVE('',#3421,#3422,#1523,.T.);
#4135=EDGE_CURVE('',#3422,#3176,#1524,.T.);
#4136=EDGE_CURVE('',#3423,#3424,#1525,.T.);
#4137=EDGE_CURVE('',#3423,#3173,#1526,.T.);
#4138=EDGE_CURVE('',#3424,#3172,#1527,.T.);
#4139=EDGE_CURVE('',#3424,#3425,#1528,.T.);
#4140=EDGE_CURVE('',#3425,#3171,#1529,.T.);
#4141=EDGE_CURVE('',#3425,#3426,#1530,.T.);
#4142=EDGE_CURVE('',#3426,#3170,#1531,.T.);
#4143=EDGE_CURVE('',#3427,#3428,#1532,.T.);
#4144=EDGE_CURVE('',#3427,#3167,#1533,.T.);
#4145=EDGE_CURVE('',#3428,#3166,#1534,.T.);
#4146=EDGE_CURVE('',#3428,#3429,#1535,.T.);
#4147=EDGE_CURVE('',#3429,#3165,#1536,.T.);
#4148=EDGE_CURVE('',#3429,#3430,#1537,.T.);
#4149=EDGE_CURVE('',#3430,#3164,#1538,.T.);
#4150=EDGE_CURVE('',#3431,#3432,#1539,.T.);
#4151=EDGE_CURVE('',#3431,#3152,#1540,.T.);
#4152=EDGE_CURVE('',#3432,#3163,#1541,.T.);
#4153=EDGE_CURVE('',#3432,#3433,#1542,.T.);
#4154=EDGE_CURVE('',#3433,#3162,#1543,.T.);
#4155=EDGE_CURVE('',#3434,#3435,#1544,.T.);
#4156=EDGE_CURVE('',#3434,#3159,#1545,.T.);
#4157=EDGE_CURVE('',#3435,#3158,#1546,.T.);
#4158=EDGE_CURVE('',#3435,#3436,#1547,.T.);
#4159=EDGE_CURVE('',#3436,#3157,#1548,.T.);
#4160=EDGE_CURVE('',#3436,#3437,#1549,.T.);
#4161=EDGE_CURVE('',#3437,#3156,#1550,.T.);
#4162=EDGE_CURVE('',#3438,#3431,#1551,.T.);
#4163=EDGE_CURVE('',#3438,#3153,#1552,.T.);
#4164=EDGE_CURVE('',#3439,#3440,#1553,.T.);
#4165=EDGE_CURVE('',#3439,#3140,#1554,.T.);
#4166=EDGE_CURVE('',#3440,#3151,#1555,.T.);
#4167=EDGE_CURVE('',#3440,#3441,#1556,.T.);
#4168=EDGE_CURVE('',#3441,#3150,#1557,.T.);
#4169=EDGE_CURVE('',#3442,#3443,#1558,.T.);
#4170=EDGE_CURVE('',#3442,#3147,#1559,.T.);
#4171=EDGE_CURVE('',#3443,#3146,#1560,.T.);
#4172=EDGE_CURVE('',#3443,#3444,#1561,.T.);
#4173=EDGE_CURVE('',#3444,#3145,#1562,.T.);
#4174=EDGE_CURVE('',#3444,#3445,#1563,.T.);
#4175=EDGE_CURVE('',#3445,#3144,#1564,.T.);
#4176=EDGE_CURVE('',#3446,#3439,#1565,.T.);
#4177=EDGE_CURVE('',#3446,#3141,#1566,.T.);
#4178=EDGE_CURVE('',#3447,#3448,#1567,.T.);
#4179=EDGE_CURVE('',#3447,#2970,#1568,.T.);
#4180=EDGE_CURVE('',#3448,#2969,#1569,.T.);
#4181=EDGE_CURVE('',#3448,#3449,#1570,.T.);
#4182=EDGE_CURVE('',#3449,#2968,#1571,.T.);
#4183=EDGE_CURVE('',#3450,#3451,#1572,.T.);
#4184=EDGE_CURVE('',#3450,#2977,#1573,.T.);
#4185=EDGE_CURVE('',#3451,#2976,#1574,.T.);
#4186=EDGE_CURVE('',#3451,#3452,#1575,.T.);
#4187=EDGE_CURVE('',#3452,#2975,#1576,.T.);
#4188=EDGE_CURVE('',#3452,#3453,#1577,.T.);
#4189=EDGE_CURVE('',#3453,#2974,#1578,.T.);
#4190=EDGE_CURVE('',#3454,#3447,#1579,.T.);
#4191=EDGE_CURVE('',#3454,#2971,#1580,.T.);
#4192=EDGE_CURVE('',#3455,#3456,#1581,.T.);
#4193=EDGE_CURVE('',#3455,#3128,#1582,.T.);
#4194=EDGE_CURVE('',#3456,#3139,#1583,.T.);
#4195=EDGE_CURVE('',#3456,#3457,#1584,.T.);
#4196=EDGE_CURVE('',#3457,#3138,#1585,.T.);
#4197=EDGE_CURVE('',#3458,#3459,#1586,.T.);
#4198=EDGE_CURVE('',#3458,#3135,#1587,.T.);
#4199=EDGE_CURVE('',#3459,#3134,#1588,.T.);
#4200=EDGE_CURVE('',#3459,#3460,#1589,.T.);
#4201=EDGE_CURVE('',#3460,#3133,#1590,.T.);
#4202=EDGE_CURVE('',#3460,#3461,#1591,.T.);
#4203=EDGE_CURVE('',#3461,#3132,#1592,.T.);
#4204=EDGE_CURVE('',#3462,#3455,#1593,.T.);
#4205=EDGE_CURVE('',#3462,#3129,#1594,.T.);
#4206=EDGE_CURVE('',#3463,#3464,#1595,.T.);
#4207=EDGE_CURVE('',#3463,#3014,#1596,.T.);
#4208=EDGE_CURVE('',#3464,#3013,#1597,.T.);
#4209=EDGE_CURVE('',#3464,#3465,#1598,.T.);
#4210=EDGE_CURVE('',#3465,#3012,#1599,.T.);
#4211=EDGE_CURVE('',#3466,#3467,#1600,.T.);
#4212=EDGE_CURVE('',#3466,#3009,#1601,.T.);
#4213=EDGE_CURVE('',#3467,#3008,#1602,.T.);
#4214=EDGE_CURVE('',#3467,#3468,#1603,.T.);
#4215=EDGE_CURVE('',#3468,#3007,#1604,.T.);
#4216=EDGE_CURVE('',#3468,#3469,#1605,.T.);
#4217=EDGE_CURVE('',#3469,#3006,#1606,.T.);
#4218=EDGE_CURVE('',#3470,#3463,#1607,.T.);
#4219=EDGE_CURVE('',#3470,#3015,#1608,.T.);
#4220=EDGE_CURVE('',#3471,#3472,#1609,.T.);
#4221=EDGE_CURVE('',#3471,#2994,#1610,.T.);
#4222=EDGE_CURVE('',#3472,#2993,#1611,.T.);
#4223=EDGE_CURVE('',#3472,#3473,#1612,.T.);
#4224=EDGE_CURVE('',#3473,#2992,#1613,.T.);
#4225=EDGE_CURVE('',#3474,#3475,#1614,.T.);
#4226=EDGE_CURVE('',#3474,#3001,#1615,.T.);
#4227=EDGE_CURVE('',#3475,#3000,#1616,.T.);
#4228=EDGE_CURVE('',#3475,#3476,#1617,.T.);
#4229=EDGE_CURVE('',#3476,#2999,#1618,.T.);
#4230=EDGE_CURVE('',#3476,#3477,#1619,.T.);
#4231=EDGE_CURVE('',#3477,#2998,#1620,.T.);
#4232=EDGE_CURVE('',#3478,#3471,#1621,.T.);
#4233=EDGE_CURVE('',#3478,#2995,#1622,.T.);
#4234=EDGE_CURVE('',#3479,#3480,#1623,.T.);
#4235=EDGE_CURVE('',#3479,#3116,#1624,.T.);
#4236=EDGE_CURVE('',#3480,#3127,#1625,.T.);
#4237=EDGE_CURVE('',#3480,#3481,#1626,.T.);
#4238=EDGE_CURVE('',#3481,#3126,#1627,.T.);
#4239=EDGE_CURVE('',#3482,#3483,#1628,.T.);
#4240=EDGE_CURVE('',#3482,#3123,#1629,.T.);
#4241=EDGE_CURVE('',#3483,#3122,#1630,.T.);
#4242=EDGE_CURVE('',#3483,#3484,#1631,.T.);
#4243=EDGE_CURVE('',#3484,#3121,#1632,.T.);
#4244=EDGE_CURVE('',#3484,#3485,#1633,.T.);
#4245=EDGE_CURVE('',#3485,#3120,#1634,.T.);
#4246=EDGE_CURVE('',#3486,#3479,#1635,.T.);
#4247=EDGE_CURVE('',#3486,#3117,#1636,.T.);
#4248=EDGE_CURVE('',#3487,#3488,#1637,.T.);
#4249=EDGE_CURVE('',#3487,#3104,#1638,.T.);
#4250=EDGE_CURVE('',#3488,#3115,#1639,.T.);
#4251=EDGE_CURVE('',#3488,#3489,#1640,.T.);
#4252=EDGE_CURVE('',#3489,#3114,#1641,.T.);
#4253=EDGE_CURVE('',#3490,#3491,#1642,.T.);
#4254=EDGE_CURVE('',#3490,#3111,#1643,.T.);
#4255=EDGE_CURVE('',#3491,#3110,#1644,.T.);
#4256=EDGE_CURVE('',#3491,#3492,#1645,.T.);
#4257=EDGE_CURVE('',#3492,#3109,#1646,.T.);
#4258=EDGE_CURVE('',#3492,#3493,#1647,.T.);
#4259=EDGE_CURVE('',#3493,#3108,#1648,.T.);
#4260=EDGE_CURVE('',#3494,#3487,#1649,.T.);
#4261=EDGE_CURVE('',#3494,#3105,#1650,.T.);
#4262=EDGE_CURVE('',#3495,#3496,#1651,.T.);
#4263=EDGE_CURVE('',#3495,#3092,#1652,.T.);
#4264=EDGE_CURVE('',#3496,#3103,#1653,.T.);
#4265=EDGE_CURVE('',#3496,#3497,#1654,.T.);
#4266=EDGE_CURVE('',#3497,#3102,#1655,.T.);
#4267=EDGE_CURVE('',#3498,#3499,#1656,.T.);
#4268=EDGE_CURVE('',#3498,#3099,#1657,.T.);
#4269=EDGE_CURVE('',#3499,#3098,#1658,.T.);
#4270=EDGE_CURVE('',#3499,#3500,#1659,.T.);
#4271=EDGE_CURVE('',#3500,#3097,#1660,.T.);
#4272=EDGE_CURVE('',#3500,#3501,#1661,.T.);
#4273=EDGE_CURVE('',#3501,#3096,#1662,.T.);
#4274=EDGE_CURVE('',#3502,#3495,#1663,.T.);
#4275=EDGE_CURVE('',#3502,#3093,#1664,.T.);
#4276=EDGE_CURVE('',#3503,#3504,#1665,.T.);
#4277=EDGE_CURVE('',#3503,#3027,#1666,.T.);
#4278=EDGE_CURVE('',#3504,#3026,#1667,.T.);
#4279=EDGE_CURVE('',#3504,#3505,#1668,.T.);
#4280=EDGE_CURVE('',#3505,#3025,#1669,.T.);
#4281=EDGE_CURVE('',#3506,#3507,#1670,.T.);
#4282=EDGE_CURVE('',#3506,#3022,#1671,.T.);
#4283=EDGE_CURVE('',#3507,#3021,#1672,.T.);
#4284=EDGE_CURVE('',#3507,#3508,#1673,.T.);
#4285=EDGE_CURVE('',#3508,#3020,#1674,.T.);
#4286=EDGE_CURVE('',#3508,#3509,#1675,.T.);
#4287=EDGE_CURVE('',#3509,#3019,#1676,.T.);
#4288=EDGE_CURVE('',#3510,#3503,#1677,.T.);
#4289=EDGE_CURVE('',#3510,#3028,#1678,.T.);
#4290=EDGE_CURVE('',#3511,#3512,#1679,.T.);
#4291=EDGE_CURVE('',#3511,#2982,#1680,.T.);
#4292=EDGE_CURVE('',#3512,#2981,#1681,.T.);
#4293=EDGE_CURVE('',#3512,#3513,#1682,.T.);
#4294=EDGE_CURVE('',#3513,#2980,#1683,.T.);
#4295=EDGE_CURVE('',#3514,#3515,#1684,.T.);
#4296=EDGE_CURVE('',#3514,#2989,#1685,.T.);
#4297=EDGE_CURVE('',#3515,#2988,#1686,.T.);
#4298=EDGE_CURVE('',#3515,#3516,#1687,.T.);
#4299=EDGE_CURVE('',#3516,#2987,#1688,.T.);
#4300=EDGE_CURVE('',#3516,#3517,#1689,.T.);
#4301=EDGE_CURVE('',#3517,#2986,#1690,.T.);
#4302=EDGE_CURVE('',#3518,#3511,#1691,.T.);
#4303=EDGE_CURVE('',#3518,#2983,#1692,.T.);
#4304=EDGE_CURVE('',#3519,#3520,#1693,.T.);
#4305=EDGE_CURVE('',#3519,#3193,#1694,.T.);
#4306=EDGE_CURVE('',#3520,#3192,#1695,.T.);
#4307=EDGE_CURVE('',#3520,#3521,#1696,.T.);
#4308=EDGE_CURVE('',#3521,#3191,#1697,.T.);
#4309=EDGE_CURVE('',#3522,#3523,#1698,.T.);
#4310=EDGE_CURVE('',#3522,#3200,#1699,.T.);
#4311=EDGE_CURVE('',#3523,#3199,#1700,.T.);
#4312=EDGE_CURVE('',#3523,#3524,#1701,.T.);
#4313=EDGE_CURVE('',#3524,#3198,#1702,.T.);
#4314=EDGE_CURVE('',#3524,#3525,#1703,.T.);
#4315=EDGE_CURVE('',#3525,#3197,#1704,.T.);
#4316=EDGE_CURVE('',#3526,#3519,#1705,.T.);
#4317=EDGE_CURVE('',#3526,#3194,#1706,.T.);
#4318=EDGE_CURVE('',#3527,#3528,#1707,.T.);
#4319=EDGE_CURVE('',#3527,#3223,#1708,.T.);
#4320=EDGE_CURVE('',#3528,#3222,#1709,.T.);
#4321=EDGE_CURVE('',#3528,#3529,#1710,.T.);
#4322=EDGE_CURVE('',#3529,#3221,#1711,.T.);
#4323=EDGE_CURVE('',#3530,#3531,#1712,.T.);
#4324=EDGE_CURVE('',#3530,#3218,#1713,.T.);
#4325=EDGE_CURVE('',#3531,#3217,#1714,.T.);
#4326=EDGE_CURVE('',#3531,#3532,#1715,.T.);
#4327=EDGE_CURVE('',#3532,#3228,#1716,.T.);
#4328=EDGE_CURVE('',#3532,#3533,#1717,.T.);
#4329=EDGE_CURVE('',#3533,#3227,#1718,.T.);
#4330=EDGE_CURVE('',#3534,#3527,#1719,.T.);
#4331=EDGE_CURVE('',#3534,#3224,#1720,.T.);
#4332=EDGE_CURVE('',#3535,#3536,#1721,.T.);
#4333=EDGE_CURVE('',#3535,#3212,#1722,.T.);
#4334=EDGE_CURVE('',#3536,#3211,#1723,.T.);
#4335=EDGE_CURVE('',#3536,#3537,#1724,.T.);
#4336=EDGE_CURVE('',#3537,#3210,#1725,.T.);
#4337=EDGE_CURVE('',#3538,#3539,#1726,.T.);
#4338=EDGE_CURVE('',#3538,#3207,#1727,.T.);
#4339=EDGE_CURVE('',#3539,#3206,#1728,.T.);
#4340=EDGE_CURVE('',#3539,#3540,#1729,.T.);
#4341=EDGE_CURVE('',#3540,#3205,#1730,.T.);
#4342=EDGE_CURVE('',#3540,#3541,#1731,.T.);
#4343=EDGE_CURVE('',#3541,#3204,#1732,.T.);
#4344=EDGE_CURVE('',#3542,#3535,#1733,.T.);
#4345=EDGE_CURVE('',#3542,#3213,#1734,.T.);
#4346=EDGE_CURVE('',#3543,#3544,#1735,.T.);
#4347=EDGE_CURVE('',#3543,#3089,#1736,.T.);
#4348=EDGE_CURVE('',#3544,#3088,#1737,.T.);
#4349=EDGE_CURVE('',#3544,#3545,#1738,.T.);
#4350=EDGE_CURVE('',#3545,#3087,#1739,.T.);
#4351=EDGE_CURVE('',#3545,#3546,#1740,.T.);
#4352=EDGE_CURVE('',#3546,#3086,#1741,.T.);
#4353=EDGE_CURVE('',#3547,#3548,#1742,.T.);
#4354=EDGE_CURVE('',#3547,#3082,#1743,.T.);
#4355=EDGE_CURVE('',#3548,#3081,#1744,.T.);
#4356=EDGE_CURVE('',#3548,#3549,#1745,.T.);
#4357=EDGE_CURVE('',#3549,#3080,#1746,.T.);
#4358=EDGE_CURVE('',#3549,#3550,#1747,.T.);
#4359=EDGE_CURVE('',#3550,#3079,#1748,.T.);
#4360=EDGE_CURVE('',#3551,#3552,#1749,.T.);
#4361=EDGE_CURVE('',#3551,#3067,#1750,.T.);
#4362=EDGE_CURVE('',#3552,#3078,#1751,.T.);
#4363=EDGE_CURVE('',#3552,#3553,#1752,.T.);
#4364=EDGE_CURVE('',#3553,#3077,#1753,.T.);
#4365=EDGE_CURVE('',#3554,#3555,#1754,.T.);
#4366=EDGE_CURVE('',#3554,#3074,#1755,.T.);
#4367=EDGE_CURVE('',#3555,#3073,#1756,.T.);
#4368=EDGE_CURVE('',#3555,#3556,#1757,.T.);
#4369=EDGE_CURVE('',#3556,#3072,#1758,.T.);
#4370=EDGE_CURVE('',#3556,#3557,#1759,.T.);
#4371=EDGE_CURVE('',#3557,#3071,#1760,.T.);
#4372=EDGE_CURVE('',#3558,#3551,#1761,.T.);
#4373=EDGE_CURVE('',#3558,#3068,#1762,.T.);
#4374=EDGE_CURVE('',#3559,#3560,#1763,.T.);
#4375=EDGE_CURVE('',#3559,#3064,#1764,.T.);
#4376=EDGE_CURVE('',#3560,#3063,#1765,.T.);
#4377=EDGE_CURVE('',#3560,#3561,#1766,.T.);
#4378=EDGE_CURVE('',#3561,#3062,#1767,.T.);
#4379=EDGE_CURVE('',#3561,#3562,#1768,.T.);
#4380=EDGE_CURVE('',#3562,#3061,#1769,.T.);
#4381=EDGE_CURVE('',#3563,#3564,#1770,.T.);
#4382=EDGE_CURVE('',#3563,#3058,#1771,.T.);
#4383=EDGE_CURVE('',#3564,#3057,#1772,.T.);
#4384=EDGE_CURVE('',#3564,#3565,#1773,.T.);
#4385=EDGE_CURVE('',#3565,#3056,#1774,.T.);
#4386=EDGE_CURVE('',#3565,#3566,#1775,.T.);
#4387=EDGE_CURVE('',#3566,#3055,#1776,.T.);
#4388=EDGE_CURVE('',#3567,#3568,#1777,.T.);
#4389=EDGE_CURVE('',#3567,#3043,#1778,.T.);
#4390=EDGE_CURVE('',#3568,#3054,#1779,.T.);
#4391=EDGE_CURVE('',#3568,#3569,#1780,.T.);
#4392=EDGE_CURVE('',#3569,#3053,#1781,.T.);
#4393=EDGE_CURVE('',#3570,#3571,#1782,.T.);
#4394=EDGE_CURVE('',#3570,#3050,#1783,.T.);
#4395=EDGE_CURVE('',#3571,#3049,#1784,.T.);
#4396=EDGE_CURVE('',#3571,#3572,#1785,.T.);
#4397=EDGE_CURVE('',#3572,#3048,#1786,.T.);
#4398=EDGE_CURVE('',#3572,#3573,#1787,.T.);
#4399=EDGE_CURVE('',#3573,#3047,#1788,.T.);
#4400=EDGE_CURVE('',#3574,#3567,#1789,.T.);
#4401=EDGE_CURVE('',#3574,#3044,#1790,.T.);
#4402=EDGE_CURVE('',#3427,#3430,#1791,.T.);
#4403=EDGE_CURVE('',#3563,#3566,#1792,.T.);
#4404=EDGE_CURVE('',#3419,#3422,#1793,.T.);
#4405=EDGE_CURVE('',#3547,#3550,#1794,.T.);
#4406=EDGE_CURVE('',#3574,#3569,#1795,.T.);
#4407=EDGE_CURVE('',#3570,#3573,#1796,.T.);
#4408=EDGE_CURVE('',#3559,#3562,#1797,.T.);
#4409=EDGE_CURVE('',#3558,#3553,#1798,.T.);
#4410=EDGE_CURVE('',#3554,#3557,#1799,.T.);
#4411=EDGE_CURVE('',#3543,#3546,#1800,.T.);
#4412=EDGE_CURVE('',#3542,#3537,#1801,.T.);
#4413=EDGE_CURVE('',#3538,#3541,#1802,.T.);
#4414=EDGE_CURVE('',#3534,#3529,#1803,.T.);
#4415=EDGE_CURVE('',#3530,#3533,#1804,.T.);
#4416=EDGE_CURVE('',#3526,#3521,#1805,.T.);
#4417=EDGE_CURVE('',#3522,#3525,#1806,.T.);
#4418=EDGE_CURVE('',#3518,#3513,#1807,.T.);
#4419=EDGE_CURVE('',#3514,#3517,#1808,.T.);
#4420=EDGE_CURVE('',#3510,#3505,#1809,.T.);
#4421=EDGE_CURVE('',#3506,#3509,#1810,.T.);
#4422=EDGE_CURVE('',#3502,#3497,#1811,.T.);
#4423=EDGE_CURVE('',#3498,#3501,#1812,.T.);
#4424=EDGE_CURVE('',#3494,#3489,#1813,.T.);
#4425=EDGE_CURVE('',#3490,#3493,#1814,.T.);
#4426=EDGE_CURVE('',#3486,#3481,#1815,.T.);
#4427=EDGE_CURVE('',#3482,#3485,#1816,.T.);
#4428=EDGE_CURVE('',#3478,#3473,#1817,.T.);
#4429=EDGE_CURVE('',#3474,#3477,#1818,.T.);
#4430=EDGE_CURVE('',#3470,#3465,#1819,.T.);
#4431=EDGE_CURVE('',#3466,#3469,#1820,.T.);
#4432=EDGE_CURVE('',#3462,#3457,#1821,.T.);
#4433=EDGE_CURVE('',#3458,#3461,#1822,.T.);
#4434=EDGE_CURVE('',#3454,#3449,#1823,.T.);
#4435=EDGE_CURVE('',#3450,#3453,#1824,.T.);
#4436=EDGE_CURVE('',#3446,#3441,#1825,.T.);
#4437=EDGE_CURVE('',#3442,#3445,#1826,.T.);
#4438=EDGE_CURVE('',#3438,#3433,#1827,.T.);
#4439=EDGE_CURVE('',#3434,#3437,#1828,.T.);
#4440=EDGE_CURVE('',#3423,#3426,#1829,.T.);
#4441=EDGE_CURVE('',#3415,#3418,#1830,.T.);
#4442=EDGE_CURVE('',#3414,#3409,#1831,.T.);
#4443=EDGE_CURVE('',#3410,#3413,#1832,.T.);
#4444=EDGE_CURVE('',#3362,#3575,#1833,.T.);
#4445=EDGE_CURVE('',#3392,#3576,#1834,.T.);
#4446=EDGE_CURVE('',#3357,#3577,#1835,.T.);
#4447=EDGE_CURVE('',#3372,#3578,#1836,.T.);
#4448=EDGE_CURVE('',#3367,#3579,#1837,.T.);
#4449=EDGE_CURVE('',#3268,#3094,#1838,.T.);
#4450=EDGE_CURVE('',#3095,#3271,#1839,.T.);
#4451=EDGE_CURVE('',#3100,#3270,#1840,.T.);
#4452=EDGE_CURVE('',#3101,#3269,#1841,.T.);
#4453=EDGE_CURVE('',#3272,#3045,#1842,.T.);
#4454=EDGE_CURVE('',#3046,#3275,#1843,.T.);
#4455=EDGE_CURVE('',#3051,#3274,#1844,.T.);
#4456=EDGE_CURVE('',#3052,#3273,#1845,.T.);
#4457=EDGE_CURVE('',#3276,#3075,#1846,.T.);
#4458=EDGE_CURVE('',#3076,#3279,#1847,.T.);
#4459=EDGE_CURVE('',#3069,#3278,#1848,.T.);
#4460=EDGE_CURVE('',#3070,#3277,#1849,.T.);
#4461=EDGE_CURVE('',#3280,#3142,#1850,.T.);
#4462=EDGE_CURVE('',#3143,#3283,#1851,.T.);
#4463=EDGE_CURVE('',#3148,#3282,#1852,.T.);
#4464=EDGE_CURVE('',#3149,#3281,#1853,.T.);
#4465=EDGE_CURVE('',#3284,#3195,#1854,.T.);
#4466=EDGE_CURVE('',#3196,#3287,#1855,.T.);
#4467=EDGE_CURVE('',#3394,#3286,#1856,.T.);
#4468=EDGE_CURVE('',#3190,#3285,#1857,.T.);
#4469=EDGE_CURVE('',#3288,#2972,#1858,.T.);
#4470=EDGE_CURVE('',#2973,#3291,#1859,.T.);
#4471=EDGE_CURVE('',#3399,#3290,#1860,.T.);
#4472=EDGE_CURVE('',#2967,#3289,#1861,.T.);
#4473=EDGE_CURVE('',#3292,#3042,#1862,.T.);
#4474=EDGE_CURVE('',#3400,#3295,#1863,.T.);
#4475=EDGE_CURVE('',#3036,#3294,#1864,.T.);
#4476=EDGE_CURVE('',#3037,#3293,#1865,.T.);
#4477=EDGE_CURVE('',#3296,#3090,#1866,.T.);
#4478=EDGE_CURVE('',#3091,#3300,#1867,.T.);
#4479=EDGE_CURVE('',#3083,#3299,#1868,.T.);
#4480=EDGE_CURVE('',#3084,#3298,#1869,.T.);
#4481=EDGE_CURVE('',#3085,#3297,#1870,.T.);
#4482=EDGE_CURVE('',#3301,#3180,#1871,.T.);
#4483=EDGE_CURVE('',#3181,#3304,#1872,.T.);
#4484=EDGE_CURVE('',#3186,#3303,#1873,.T.);
#4485=EDGE_CURVE('',#3187,#3302,#1874,.T.);
#4486=EDGE_CURVE('',#3305,#3059,#1875,.T.);
#4487=EDGE_CURVE('',#3060,#3308,#1876,.T.);
#4488=EDGE_CURVE('',#3065,#3307,#1877,.T.);
#4489=EDGE_CURVE('',#3066,#3306,#1878,.T.);
#4490=EDGE_CURVE('',#3309,#3106,#1879,.T.);
#4491=EDGE_CURVE('',#3107,#3312,#1880,.T.);
#4492=EDGE_CURVE('',#3112,#3311,#1881,.T.);
#4493=EDGE_CURVE('',#3113,#3310,#1882,.T.);
#4494=EDGE_CURVE('',#3313,#3226,#1883,.T.);
#4495=EDGE_CURVE('',#3219,#3316,#1884,.T.);
#4496=EDGE_CURVE('',#3220,#3315,#1885,.T.);
#4497=EDGE_CURVE('',#3225,#3314,#1886,.T.);
#4498=EDGE_CURVE('',#3317,#3154,#1887,.T.);
#4499=EDGE_CURVE('',#3155,#3320,#1888,.T.);
#4500=EDGE_CURVE('',#3160,#3319,#1889,.T.);
#4501=EDGE_CURVE('',#3161,#3318,#1890,.T.);
#4502=EDGE_CURVE('',#3321,#3393,#1891,.T.);
#4503=EDGE_CURVE('',#3203,#3324,#1892,.T.);
#4504=EDGE_CURVE('',#3208,#3323,#1893,.T.);
#4505=EDGE_CURVE('',#3209,#3322,#1894,.T.);
#4506=EDGE_CURVE('',#3325,#3168,#1895,.T.);
#4507=EDGE_CURVE('',#3169,#3328,#1896,.T.);
#4508=EDGE_CURVE('',#3174,#3327,#1897,.T.);
#4509=EDGE_CURVE('',#3175,#3326,#1898,.T.);
#4510=EDGE_CURVE('',#3329,#3395,#1899,.T.);
#4511=EDGE_CURVE('',#3406,#3332,#1900,.T.);
#4512=EDGE_CURVE('',#3023,#3331,#1901,.T.);
#4513=EDGE_CURVE('',#3024,#3330,#1902,.T.);
#4514=EDGE_CURVE('',#3333,#3403,#1903,.T.);
#4515=EDGE_CURVE('',#3005,#3336,#1904,.T.);
#4516=EDGE_CURVE('',#3010,#3335,#1905,.T.);
#4517=EDGE_CURVE('',#3011,#3334,#1906,.T.);
#4518=EDGE_CURVE('',#3337,#2996,#1907,.T.);
#4519=EDGE_CURVE('',#2997,#3340,#1908,.T.);
#4520=EDGE_CURVE('',#3002,#3339,#1909,.T.);
#4521=EDGE_CURVE('',#3404,#3338,#1910,.T.);
#4522=EDGE_CURVE('',#3341,#3136,#1911,.T.);
#4523=EDGE_CURVE('',#3137,#3344,#1912,.T.);
#4524=EDGE_CURVE('',#3130,#3343,#1913,.T.);
#4525=EDGE_CURVE('',#3131,#3342,#1914,.T.);
#4526=EDGE_CURVE('',#3345,#3118,#1915,.T.);
#4527=EDGE_CURVE('',#3119,#3348,#1916,.T.);
#4528=EDGE_CURVE('',#3124,#3347,#1917,.T.);
#4529=EDGE_CURVE('',#3125,#3346,#1918,.T.);
#4530=EDGE_CURVE('',#3349,#2984,#1919,.T.);
#4531=EDGE_CURVE('',#2985,#3352,#1920,.T.);
#4532=EDGE_CURVE('',#3405,#3351,#1921,.T.);
#4533=EDGE_CURVE('',#3398,#3350,#1922,.T.);
#4534=EDGE_CURVE('',#2930,#3267,#1923,.T.);
#4535=EDGE_CURVE('',#2931,#3266,#1924,.T.);
#4536=EDGE_CURVE('',#2932,#3265,#1925,.T.);
#4537=EDGE_CURVE('',#2933,#3264,#1926,.T.);
#4538=EDGE_CURVE('',#2934,#3263,#1927,.T.);
#4539=EDGE_CURVE('',#2935,#3262,#1928,.T.);
#4540=EDGE_CURVE('',#2936,#3261,#1929,.T.);
#4541=EDGE_CURVE('',#2937,#3260,#1930,.T.);
#4542=EDGE_CURVE('',#2938,#3259,#1931,.T.);
#4543=EDGE_CURVE('',#2939,#3258,#1932,.T.);
#4544=EDGE_CURVE('',#2940,#3257,#1933,.T.);
#4545=EDGE_CURVE('',#2941,#3256,#1934,.T.);
#4546=EDGE_CURVE('',#2942,#3255,#1935,.T.);
#4547=EDGE_CURVE('',#2943,#3254,#1936,.T.);
#4548=EDGE_CURVE('',#2944,#3253,#1937,.T.);
#4549=EDGE_CURVE('',#2945,#3252,#1938,.T.);
#4550=EDGE_CURVE('',#2946,#3251,#1939,.T.);
#4551=EDGE_CURVE('',#2947,#3250,#1940,.T.);
#4552=EDGE_CURVE('',#2948,#3249,#1941,.T.);
#4553=EDGE_CURVE('',#2949,#3248,#1942,.T.);
#4554=EDGE_CURVE('',#2950,#3247,#1943,.T.);
#4555=EDGE_CURVE('',#2951,#3246,#1944,.T.);
#4556=EDGE_CURVE('',#2952,#3245,#1945,.T.);
#4557=EDGE_CURVE('',#2953,#3244,#1946,.T.);
#4558=EDGE_CURVE('',#2954,#3243,#1947,.T.);
#4559=EDGE_CURVE('',#2955,#3242,#1948,.T.);
#4560=EDGE_CURVE('',#2956,#3241,#1949,.T.);
#4561=EDGE_CURVE('',#2957,#3240,#1950,.T.);
#4562=EDGE_CURVE('',#2958,#3239,#1951,.T.);
#4563=EDGE_CURVE('',#2959,#3238,#1952,.T.);
#4564=EDGE_CURVE('',#2960,#3237,#1953,.T.);
#4565=EDGE_CURVE('',#2961,#3236,#1954,.T.);
#4566=EDGE_CURVE('',#2962,#3235,#1955,.T.);
#4567=ORIENTED_EDGE('',*,*,#3580,.T.);
#4568=ORIENTED_EDGE('',*,*,#3581,.T.);
#4569=ORIENTED_EDGE('',*,*,#3582,.T.);
#4570=ORIENTED_EDGE('',*,*,#3583,.T.);
#4571=ORIENTED_EDGE('',*,*,#3580,.F.);
#4572=ORIENTED_EDGE('',*,*,#3584,.T.);
#4573=ORIENTED_EDGE('',*,*,#3585,.T.);
#4574=ORIENTED_EDGE('',*,*,#3586,.F.);
#4575=ORIENTED_EDGE('',*,*,#3587,.T.);
#4576=ORIENTED_EDGE('',*,*,#3588,.T.);
#4577=ORIENTED_EDGE('',*,*,#3589,.T.);
#4578=ORIENTED_EDGE('',*,*,#3590,.T.);
#4579=ORIENTED_EDGE('',*,*,#3591,.T.);
#4580=ORIENTED_EDGE('',*,*,#3592,.T.);
#4581=ORIENTED_EDGE('',*,*,#3593,.T.);
#4582=ORIENTED_EDGE('',*,*,#3594,.T.);
#4583=ORIENTED_EDGE('',*,*,#3595,.T.);
#4584=ORIENTED_EDGE('',*,*,#3596,.T.);
#4585=ORIENTED_EDGE('',*,*,#3597,.T.);
#4586=ORIENTED_EDGE('',*,*,#3598,.T.);
#4587=ORIENTED_EDGE('',*,*,#3599,.T.);
#4588=ORIENTED_EDGE('',*,*,#3600,.T.);
#4589=ORIENTED_EDGE('',*,*,#3601,.T.);
#4590=ORIENTED_EDGE('',*,*,#3602,.T.);
#4591=ORIENTED_EDGE('',*,*,#3603,.T.);
#4592=ORIENTED_EDGE('',*,*,#3604,.T.);
#4593=ORIENTED_EDGE('',*,*,#3605,.T.);
#4594=ORIENTED_EDGE('',*,*,#3606,.T.);
#4595=ORIENTED_EDGE('',*,*,#3607,.T.);
#4596=ORIENTED_EDGE('',*,*,#3608,.T.);
#4597=ORIENTED_EDGE('',*,*,#3609,.T.);
#4598=ORIENTED_EDGE('',*,*,#3610,.T.);
#4599=ORIENTED_EDGE('',*,*,#3611,.T.);
#4600=ORIENTED_EDGE('',*,*,#3612,.T.);
#4601=ORIENTED_EDGE('',*,*,#3613,.T.);
#4602=ORIENTED_EDGE('',*,*,#3614,.T.);
#4603=ORIENTED_EDGE('',*,*,#3615,.T.);
#4604=ORIENTED_EDGE('',*,*,#3616,.T.);
#4605=ORIENTED_EDGE('',*,*,#3617,.T.);
#4606=ORIENTED_EDGE('',*,*,#3618,.T.);
#4607=ORIENTED_EDGE('',*,*,#3619,.T.);
#4608=ORIENTED_EDGE('',*,*,#3620,.T.);
#4609=ORIENTED_EDGE('',*,*,#3621,.T.);
#4610=ORIENTED_EDGE('',*,*,#3622,.T.);
#4611=ORIENTED_EDGE('',*,*,#3623,.F.);
#4612=ORIENTED_EDGE('',*,*,#3624,.F.);
#4613=ORIENTED_EDGE('',*,*,#3625,.T.);
#4614=ORIENTED_EDGE('',*,*,#3626,.T.);
#4615=ORIENTED_EDGE('',*,*,#3627,.T.);
#4616=ORIENTED_EDGE('',*,*,#3628,.T.);
#4617=ORIENTED_EDGE('',*,*,#3629,.T.);
#4618=ORIENTED_EDGE('',*,*,#3630,.T.);
#4619=ORIENTED_EDGE('',*,*,#3631,.T.);
#4620=ORIENTED_EDGE('',*,*,#3632,.T.);
#4621=ORIENTED_EDGE('',*,*,#3633,.T.);
#4622=ORIENTED_EDGE('',*,*,#3634,.T.);
#4623=ORIENTED_EDGE('',*,*,#3635,.T.);
#4624=ORIENTED_EDGE('',*,*,#3636,.T.);
#4625=ORIENTED_EDGE('',*,*,#3637,.F.);
#4626=ORIENTED_EDGE('',*,*,#3638,.T.);
#4627=ORIENTED_EDGE('',*,*,#3639,.T.);
#4628=ORIENTED_EDGE('',*,*,#3640,.T.);
#4629=ORIENTED_EDGE('',*,*,#3641,.T.);
#4630=ORIENTED_EDGE('',*,*,#3642,.T.);
#4631=ORIENTED_EDGE('',*,*,#3643,.T.);
#4632=ORIENTED_EDGE('',*,*,#3644,.T.);
#4633=ORIENTED_EDGE('',*,*,#3645,.T.);
#4634=ORIENTED_EDGE('',*,*,#3646,.T.);
#4635=ORIENTED_EDGE('',*,*,#3647,.T.);
#4636=ORIENTED_EDGE('',*,*,#3648,.T.);
#4637=ORIENTED_EDGE('',*,*,#3649,.F.);
#4638=ORIENTED_EDGE('',*,*,#3650,.T.);
#4639=ORIENTED_EDGE('',*,*,#3651,.T.);
#4640=ORIENTED_EDGE('',*,*,#3652,.T.);
#4641=ORIENTED_EDGE('',*,*,#3653,.T.);
#4642=ORIENTED_EDGE('',*,*,#3654,.T.);
#4643=ORIENTED_EDGE('',*,*,#3655,.T.);
#4644=ORIENTED_EDGE('',*,*,#3656,.T.);
#4645=ORIENTED_EDGE('',*,*,#3657,.T.);
#4646=ORIENTED_EDGE('',*,*,#3658,.T.);
#4647=ORIENTED_EDGE('',*,*,#3659,.T.);
#4648=ORIENTED_EDGE('',*,*,#3660,.T.);
#4649=ORIENTED_EDGE('',*,*,#3661,.T.);
#4650=ORIENTED_EDGE('',*,*,#3662,.F.);
#4651=ORIENTED_EDGE('',*,*,#3663,.T.);
#4652=ORIENTED_EDGE('',*,*,#3664,.T.);
#4653=ORIENTED_EDGE('',*,*,#3665,.T.);
#4654=ORIENTED_EDGE('',*,*,#3666,.T.);
#4655=ORIENTED_EDGE('',*,*,#3667,.T.);
#4656=ORIENTED_EDGE('',*,*,#3668,.T.);
#4657=ORIENTED_EDGE('',*,*,#3669,.T.);
#4658=ORIENTED_EDGE('',*,*,#3670,.T.);
#4659=ORIENTED_EDGE('',*,*,#3671,.T.);
#4660=ORIENTED_EDGE('',*,*,#3672,.T.);
#4661=ORIENTED_EDGE('',*,*,#3673,.T.);
#4662=ORIENTED_EDGE('',*,*,#3674,.T.);
#4663=ORIENTED_EDGE('',*,*,#3675,.F.);
#4664=ORIENTED_EDGE('',*,*,#3676,.F.);
#4665=ORIENTED_EDGE('',*,*,#3677,.T.);
#4666=ORIENTED_EDGE('',*,*,#3678,.T.);
#4667=ORIENTED_EDGE('',*,*,#3679,.T.);
#4668=ORIENTED_EDGE('',*,*,#3680,.T.);
#4669=ORIENTED_EDGE('',*,*,#3681,.T.);
#4670=ORIENTED_EDGE('',*,*,#3682,.T.);
#4671=ORIENTED_EDGE('',*,*,#3683,.T.);
#4672=ORIENTED_EDGE('',*,*,#3684,.T.);
#4673=ORIENTED_EDGE('',*,*,#3685,.T.);
#4674=ORIENTED_EDGE('',*,*,#3686,.T.);
#4675=ORIENTED_EDGE('',*,*,#3687,.T.);
#4676=ORIENTED_EDGE('',*,*,#3688,.F.);
#4677=ORIENTED_EDGE('',*,*,#3689,.F.);
#4678=ORIENTED_EDGE('',*,*,#3690,.T.);
#4679=ORIENTED_EDGE('',*,*,#3691,.T.);
#4680=ORIENTED_EDGE('',*,*,#3692,.T.);
#4681=ORIENTED_EDGE('',*,*,#3693,.T.);
#4682=ORIENTED_EDGE('',*,*,#3694,.T.);
#4683=ORIENTED_EDGE('',*,*,#3695,.T.);
#4684=ORIENTED_EDGE('',*,*,#3696,.T.);
#4685=ORIENTED_EDGE('',*,*,#3697,.T.);
#4686=ORIENTED_EDGE('',*,*,#3698,.T.);
#4687=ORIENTED_EDGE('',*,*,#3699,.T.);
#4688=ORIENTED_EDGE('',*,*,#3700,.T.);
#4689=ORIENTED_EDGE('',*,*,#3701,.T.);
#4690=ORIENTED_EDGE('',*,*,#3702,.T.);
#4691=ORIENTED_EDGE('',*,*,#3703,.T.);
#4692=ORIENTED_EDGE('',*,*,#3704,.T.);
#4693=ORIENTED_EDGE('',*,*,#3705,.T.);
#4694=ORIENTED_EDGE('',*,*,#3706,.T.);
#4695=ORIENTED_EDGE('',*,*,#3707,.T.);
#4696=ORIENTED_EDGE('',*,*,#3708,.T.);
#4697=ORIENTED_EDGE('',*,*,#3709,.T.);
#4698=ORIENTED_EDGE('',*,*,#3710,.T.);
#4699=ORIENTED_EDGE('',*,*,#3711,.T.);
#4700=ORIENTED_EDGE('',*,*,#3712,.T.);
#4701=ORIENTED_EDGE('',*,*,#3713,.T.);
#4702=ORIENTED_EDGE('',*,*,#3714,.T.);
#4703=ORIENTED_EDGE('',*,*,#3715,.T.);
#4704=ORIENTED_EDGE('',*,*,#3716,.T.);
#4705=ORIENTED_EDGE('',*,*,#3717,.T.);
#4706=ORIENTED_EDGE('',*,*,#3718,.T.);
#4707=ORIENTED_EDGE('',*,*,#3719,.T.);
#4708=ORIENTED_EDGE('',*,*,#3720,.T.);
#4709=ORIENTED_EDGE('',*,*,#3721,.T.);
#4710=ORIENTED_EDGE('',*,*,#3722,.T.);
#4711=ORIENTED_EDGE('',*,*,#3723,.T.);
#4712=ORIENTED_EDGE('',*,*,#3724,.T.);
#4713=ORIENTED_EDGE('',*,*,#3725,.T.);
#4714=ORIENTED_EDGE('',*,*,#3726,.T.);
#4715=ORIENTED_EDGE('',*,*,#3727,.T.);
#4716=ORIENTED_EDGE('',*,*,#3728,.T.);
#4717=ORIENTED_EDGE('',*,*,#3729,.T.);
#4718=ORIENTED_EDGE('',*,*,#3730,.T.);
#4719=ORIENTED_EDGE('',*,*,#3731,.T.);
#4720=ORIENTED_EDGE('',*,*,#3732,.T.);
#4721=ORIENTED_EDGE('',*,*,#3733,.T.);
#4722=ORIENTED_EDGE('',*,*,#3734,.T.);
#4723=ORIENTED_EDGE('',*,*,#3735,.T.);
#4724=ORIENTED_EDGE('',*,*,#3736,.T.);
#4725=ORIENTED_EDGE('',*,*,#3737,.T.);
#4726=ORIENTED_EDGE('',*,*,#3738,.T.);
#4727=ORIENTED_EDGE('',*,*,#3739,.T.);
#4728=ORIENTED_EDGE('',*,*,#3740,.T.);
#4729=ORIENTED_EDGE('',*,*,#3741,.T.);
#4730=ORIENTED_EDGE('',*,*,#3742,.T.);
#4731=ORIENTED_EDGE('',*,*,#3743,.T.);
#4732=ORIENTED_EDGE('',*,*,#3744,.T.);
#4733=ORIENTED_EDGE('',*,*,#3745,.T.);
#4734=ORIENTED_EDGE('',*,*,#3746,.T.);
#4735=ORIENTED_EDGE('',*,*,#3747,.T.);
#4736=ORIENTED_EDGE('',*,*,#3748,.T.);
#4737=ORIENTED_EDGE('',*,*,#3749,.T.);
#4738=ORIENTED_EDGE('',*,*,#3750,.T.);
#4739=ORIENTED_EDGE('',*,*,#3751,.T.);
#4740=ORIENTED_EDGE('',*,*,#3752,.T.);
#4741=ORIENTED_EDGE('',*,*,#3753,.T.);
#4742=ORIENTED_EDGE('',*,*,#3754,.T.);
#4743=ORIENTED_EDGE('',*,*,#3755,.T.);
#4744=ORIENTED_EDGE('',*,*,#3756,.T.);
#4745=ORIENTED_EDGE('',*,*,#3757,.T.);
#4746=ORIENTED_EDGE('',*,*,#3758,.T.);
#4747=ORIENTED_EDGE('',*,*,#3759,.T.);
#4748=ORIENTED_EDGE('',*,*,#3760,.T.);
#4749=ORIENTED_EDGE('',*,*,#3761,.T.);
#4750=ORIENTED_EDGE('',*,*,#3762,.T.);
#4751=ORIENTED_EDGE('',*,*,#3763,.T.);
#4752=ORIENTED_EDGE('',*,*,#3764,.T.);
#4753=ORIENTED_EDGE('',*,*,#3765,.T.);
#4754=ORIENTED_EDGE('',*,*,#3766,.T.);
#4755=ORIENTED_EDGE('',*,*,#3767,.T.);
#4756=ORIENTED_EDGE('',*,*,#3768,.T.);
#4757=ORIENTED_EDGE('',*,*,#3769,.T.);
#4758=ORIENTED_EDGE('',*,*,#3770,.T.);
#4759=ORIENTED_EDGE('',*,*,#3771,.T.);
#4760=ORIENTED_EDGE('',*,*,#3772,.T.);
#4761=ORIENTED_EDGE('',*,*,#3773,.T.);
#4762=ORIENTED_EDGE('',*,*,#3774,.T.);
#4763=ORIENTED_EDGE('',*,*,#3775,.T.);
#4764=ORIENTED_EDGE('',*,*,#3776,.T.);
#4765=ORIENTED_EDGE('',*,*,#3777,.T.);
#4766=ORIENTED_EDGE('',*,*,#3778,.T.);
#4767=ORIENTED_EDGE('',*,*,#3779,.T.);
#4768=ORIENTED_EDGE('',*,*,#3780,.T.);
#4769=ORIENTED_EDGE('',*,*,#3781,.T.);
#4770=ORIENTED_EDGE('',*,*,#3782,.T.);
#4771=ORIENTED_EDGE('',*,*,#3783,.T.);
#4772=ORIENTED_EDGE('',*,*,#3784,.T.);
#4773=ORIENTED_EDGE('',*,*,#3785,.T.);
#4774=ORIENTED_EDGE('',*,*,#3786,.T.);
#4775=ORIENTED_EDGE('',*,*,#3787,.T.);
#4776=ORIENTED_EDGE('',*,*,#3788,.T.);
#4777=ORIENTED_EDGE('',*,*,#3789,.T.);
#4778=ORIENTED_EDGE('',*,*,#3790,.T.);
#4779=ORIENTED_EDGE('',*,*,#3791,.T.);
#4780=ORIENTED_EDGE('',*,*,#3792,.T.);
#4781=ORIENTED_EDGE('',*,*,#3793,.T.);
#4782=ORIENTED_EDGE('',*,*,#3794,.T.);
#4783=ORIENTED_EDGE('',*,*,#3795,.T.);
#4784=ORIENTED_EDGE('',*,*,#3796,.T.);
#4785=ORIENTED_EDGE('',*,*,#3797,.T.);
#4786=ORIENTED_EDGE('',*,*,#3798,.T.);
#4787=ORIENTED_EDGE('',*,*,#3799,.T.);
#4788=ORIENTED_EDGE('',*,*,#3800,.T.);
#4789=ORIENTED_EDGE('',*,*,#3801,.T.);
#4790=ORIENTED_EDGE('',*,*,#3802,.T.);
#4791=ORIENTED_EDGE('',*,*,#3803,.T.);
#4792=ORIENTED_EDGE('',*,*,#3804,.T.);
#4793=ORIENTED_EDGE('',*,*,#3805,.T.);
#4794=ORIENTED_EDGE('',*,*,#3806,.T.);
#4795=ORIENTED_EDGE('',*,*,#3807,.T.);
#4796=ORIENTED_EDGE('',*,*,#3808,.T.);
#4797=ORIENTED_EDGE('',*,*,#3809,.T.);
#4798=ORIENTED_EDGE('',*,*,#3810,.T.);
#4799=ORIENTED_EDGE('',*,*,#3811,.T.);
#4800=ORIENTED_EDGE('',*,*,#3812,.T.);
#4801=ORIENTED_EDGE('',*,*,#3813,.T.);
#4802=ORIENTED_EDGE('',*,*,#3814,.T.);
#4803=ORIENTED_EDGE('',*,*,#3815,.T.);
#4804=ORIENTED_EDGE('',*,*,#3816,.T.);
#4805=ORIENTED_EDGE('',*,*,#3817,.T.);
#4806=ORIENTED_EDGE('',*,*,#3818,.T.);
#4807=ORIENTED_EDGE('',*,*,#3819,.T.);
#4808=ORIENTED_EDGE('',*,*,#3820,.T.);
#4809=ORIENTED_EDGE('',*,*,#3821,.T.);
#4810=ORIENTED_EDGE('',*,*,#3822,.T.);
#4811=ORIENTED_EDGE('',*,*,#3823,.T.);
#4812=ORIENTED_EDGE('',*,*,#3824,.T.);
#4813=ORIENTED_EDGE('',*,*,#3825,.T.);
#4814=ORIENTED_EDGE('',*,*,#3826,.T.);
#4815=ORIENTED_EDGE('',*,*,#3827,.T.);
#4816=ORIENTED_EDGE('',*,*,#3828,.T.);
#4817=ORIENTED_EDGE('',*,*,#3829,.T.);
#4818=ORIENTED_EDGE('',*,*,#3830,.T.);
#4819=ORIENTED_EDGE('',*,*,#3831,.T.);
#4820=ORIENTED_EDGE('',*,*,#3832,.T.);
#4821=ORIENTED_EDGE('',*,*,#3833,.T.);
#4822=ORIENTED_EDGE('',*,*,#3834,.T.);
#4823=ORIENTED_EDGE('',*,*,#3835,.T.);
#4824=ORIENTED_EDGE('',*,*,#3836,.T.);
#4825=ORIENTED_EDGE('',*,*,#3837,.T.);
#4826=ORIENTED_EDGE('',*,*,#3838,.T.);
#4827=ORIENTED_EDGE('',*,*,#3839,.T.);
#4828=ORIENTED_EDGE('',*,*,#3840,.T.);
#4829=ORIENTED_EDGE('',*,*,#3841,.T.);
#4830=ORIENTED_EDGE('',*,*,#3842,.T.);
#4831=ORIENTED_EDGE('',*,*,#3843,.T.);
#4832=ORIENTED_EDGE('',*,*,#3844,.T.);
#4833=ORIENTED_EDGE('',*,*,#3845,.T.);
#4834=ORIENTED_EDGE('',*,*,#3846,.T.);
#4835=ORIENTED_EDGE('',*,*,#3847,.F.);
#4836=ORIENTED_EDGE('',*,*,#3848,.T.);
#4837=ORIENTED_EDGE('',*,*,#3849,.T.);
#4838=ORIENTED_EDGE('',*,*,#3850,.T.);
#4839=ORIENTED_EDGE('',*,*,#3851,.T.);
#4840=ORIENTED_EDGE('',*,*,#3852,.T.);
#4841=ORIENTED_EDGE('',*,*,#3853,.T.);
#4842=ORIENTED_EDGE('',*,*,#3854,.T.);
#4843=ORIENTED_EDGE('',*,*,#3855,.T.);
#4844=ORIENTED_EDGE('',*,*,#3856,.T.);
#4845=ORIENTED_EDGE('',*,*,#3857,.T.);
#4846=ORIENTED_EDGE('',*,*,#3858,.T.);
#4847=ORIENTED_EDGE('',*,*,#3859,.T.);
#4848=ORIENTED_EDGE('',*,*,#3860,.F.);
#4849=ORIENTED_EDGE('',*,*,#3861,.T.);
#4850=ORIENTED_EDGE('',*,*,#3862,.T.);
#4851=ORIENTED_EDGE('',*,*,#3863,.T.);
#4852=ORIENTED_EDGE('',*,*,#3864,.T.);
#4853=ORIENTED_EDGE('',*,*,#3865,.T.);
#4854=ORIENTED_EDGE('',*,*,#3866,.T.);
#4855=ORIENTED_EDGE('',*,*,#3867,.T.);
#4856=ORIENTED_EDGE('',*,*,#3868,.T.);
#4857=ORIENTED_EDGE('',*,*,#3869,.T.);
#4858=ORIENTED_EDGE('',*,*,#3870,.T.);
#4859=ORIENTED_EDGE('',*,*,#3871,.T.);
#4860=ORIENTED_EDGE('',*,*,#3872,.T.);
#4861=ORIENTED_EDGE('',*,*,#3873,.F.);
#4862=ORIENTED_EDGE('',*,*,#3874,.F.);
#4863=ORIENTED_EDGE('',*,*,#3875,.T.);
#4864=ORIENTED_EDGE('',*,*,#3876,.T.);
#4865=ORIENTED_EDGE('',*,*,#3877,.T.);
#4866=ORIENTED_EDGE('',*,*,#3878,.T.);
#4867=ORIENTED_EDGE('',*,*,#3879,.T.);
#4868=ORIENTED_EDGE('',*,*,#3880,.T.);
#4869=ORIENTED_EDGE('',*,*,#3881,.T.);
#4870=ORIENTED_EDGE('',*,*,#3882,.T.);
#4871=ORIENTED_EDGE('',*,*,#3883,.T.);
#4872=ORIENTED_EDGE('',*,*,#3884,.T.);
#4873=ORIENTED_EDGE('',*,*,#3885,.T.);
#4874=ORIENTED_EDGE('',*,*,#3886,.T.);
#4875=ORIENTED_EDGE('',*,*,#3887,.T.);
#4876=ORIENTED_EDGE('',*,*,#3888,.F.);
#4877=ORIENTED_EDGE('',*,*,#3583,.F.);
#4878=ORIENTED_EDGE('',*,*,#3889,.F.);
#4879=ORIENTED_EDGE('',*,*,#3890,.T.);
#4880=ORIENTED_EDGE('',*,*,#3584,.F.);
#4881=ORIENTED_EDGE('',*,*,#3891,.T.);
#4882=ORIENTED_EDGE('',*,*,#3892,.T.);
#4883=ORIENTED_EDGE('',*,*,#3586,.T.);
#4884=ORIENTED_EDGE('',*,*,#3893,.T.);
#4885=ORIENTED_EDGE('',*,*,#3892,.F.);
#4886=ORIENTED_EDGE('',*,*,#3894,.F.);
#4887=ORIENTED_EDGE('',*,*,#3895,.F.);
#4888=ORIENTED_EDGE('',*,*,#3587,.F.);
#4889=ORIENTED_EDGE('',*,*,#3893,.F.);
#4890=ORIENTED_EDGE('',*,*,#3585,.F.);
#4891=ORIENTED_EDGE('',*,*,#3890,.F.);
#4892=ORIENTED_EDGE('',*,*,#3896,.F.);
#4893=ORIENTED_EDGE('',*,*,#3582,.F.);
#4894=ORIENTED_EDGE('',*,*,#3897,.T.);
#4895=ORIENTED_EDGE('',*,*,#3898,.T.);
#4896=ORIENTED_EDGE('',*,*,#3899,.T.);
#4897=ORIENTED_EDGE('',*,*,#3900,.T.);
#4898=ORIENTED_EDGE('',*,*,#3901,.T.);
#4899=ORIENTED_EDGE('',*,*,#3902,.T.);
#4900=ORIENTED_EDGE('',*,*,#3903,.T.);
#4901=ORIENTED_EDGE('',*,*,#3904,.T.);
#4902=ORIENTED_EDGE('',*,*,#3905,.T.);
#4903=ORIENTED_EDGE('',*,*,#3906,.T.);
#4904=ORIENTED_EDGE('',*,*,#3907,.T.);
#4905=ORIENTED_EDGE('',*,*,#3908,.T.);
#4906=ORIENTED_EDGE('',*,*,#3909,.T.);
#4907=ORIENTED_EDGE('',*,*,#3910,.T.);
#4908=ORIENTED_EDGE('',*,*,#3911,.T.);
#4909=ORIENTED_EDGE('',*,*,#3912,.T.);
#4910=ORIENTED_EDGE('',*,*,#3913,.T.);
#4911=ORIENTED_EDGE('',*,*,#3914,.T.);
#4912=ORIENTED_EDGE('',*,*,#3915,.T.);
#4913=ORIENTED_EDGE('',*,*,#3916,.T.);
#4914=ORIENTED_EDGE('',*,*,#3917,.T.);
#4915=ORIENTED_EDGE('',*,*,#3918,.T.);
#4916=ORIENTED_EDGE('',*,*,#3919,.T.);
#4917=ORIENTED_EDGE('',*,*,#3920,.T.);
#4918=ORIENTED_EDGE('',*,*,#3921,.T.);
#4919=ORIENTED_EDGE('',*,*,#3922,.T.);
#4920=ORIENTED_EDGE('',*,*,#3923,.T.);
#4921=ORIENTED_EDGE('',*,*,#3924,.T.);
#4922=ORIENTED_EDGE('',*,*,#3925,.T.);
#4923=ORIENTED_EDGE('',*,*,#3926,.T.);
#4924=ORIENTED_EDGE('',*,*,#3927,.T.);
#4925=ORIENTED_EDGE('',*,*,#3928,.T.);
#4926=ORIENTED_EDGE('',*,*,#3929,.T.);
#4927=ORIENTED_EDGE('',*,*,#3930,.T.);
#4928=ORIENTED_EDGE('',*,*,#3931,.T.);
#4929=ORIENTED_EDGE('',*,*,#3894,.T.);
#4930=ORIENTED_EDGE('',*,*,#3891,.F.);
#4931=ORIENTED_EDGE('',*,*,#3896,.T.);
#4932=ORIENTED_EDGE('',*,*,#3889,.T.);
#4933=ORIENTED_EDGE('',*,*,#3932,.T.);
#4934=ORIENTED_EDGE('',*,*,#3933,.T.);
#4935=ORIENTED_EDGE('',*,*,#3934,.T.);
#4936=ORIENTED_EDGE('',*,*,#3935,.T.);
#4937=ORIENTED_EDGE('',*,*,#3936,.T.);
#4938=ORIENTED_EDGE('',*,*,#3937,.T.);
#4939=ORIENTED_EDGE('',*,*,#3938,.T.);
#4940=ORIENTED_EDGE('',*,*,#3939,.T.);
#4941=ORIENTED_EDGE('',*,*,#3940,.T.);
#4942=ORIENTED_EDGE('',*,*,#3941,.T.);
#4943=ORIENTED_EDGE('',*,*,#3942,.T.);
#4944=ORIENTED_EDGE('',*,*,#3943,.T.);
#4945=ORIENTED_EDGE('',*,*,#3944,.T.);
#4946=ORIENTED_EDGE('',*,*,#3945,.T.);
#4947=ORIENTED_EDGE('',*,*,#3946,.T.);
#4948=ORIENTED_EDGE('',*,*,#3947,.T.);
#4949=ORIENTED_EDGE('',*,*,#3948,.T.);
#4950=ORIENTED_EDGE('',*,*,#3949,.T.);
#4951=ORIENTED_EDGE('',*,*,#3950,.T.);
#4952=ORIENTED_EDGE('',*,*,#3951,.T.);
#4953=ORIENTED_EDGE('',*,*,#3952,.T.);
#4954=ORIENTED_EDGE('',*,*,#3953,.T.);
#4955=ORIENTED_EDGE('',*,*,#3954,.T.);
#4956=ORIENTED_EDGE('',*,*,#3955,.T.);
#4957=ORIENTED_EDGE('',*,*,#3956,.T.);
#4958=ORIENTED_EDGE('',*,*,#3957,.T.);
#4959=ORIENTED_EDGE('',*,*,#3958,.T.);
#4960=ORIENTED_EDGE('',*,*,#3959,.T.);
#4961=ORIENTED_EDGE('',*,*,#3960,.T.);
#4962=ORIENTED_EDGE('',*,*,#3961,.T.);
#4963=ORIENTED_EDGE('',*,*,#3962,.T.);
#4964=ORIENTED_EDGE('',*,*,#3963,.T.);
#4965=ORIENTED_EDGE('',*,*,#3964,.T.);
#4966=ORIENTED_EDGE('',*,*,#3965,.T.);
#4967=ORIENTED_EDGE('',*,*,#3966,.T.);
#4968=ORIENTED_EDGE('',*,*,#3967,.T.);
#4969=ORIENTED_EDGE('',*,*,#3968,.T.);
#4970=ORIENTED_EDGE('',*,*,#3969,.T.);
#4971=ORIENTED_EDGE('',*,*,#3970,.T.);
#4972=ORIENTED_EDGE('',*,*,#3971,.T.);
#4973=ORIENTED_EDGE('',*,*,#3972,.T.);
#4974=ORIENTED_EDGE('',*,*,#3973,.T.);
#4975=ORIENTED_EDGE('',*,*,#3974,.T.);
#4976=ORIENTED_EDGE('',*,*,#3975,.T.);
#4977=ORIENTED_EDGE('',*,*,#3976,.T.);
#4978=ORIENTED_EDGE('',*,*,#3977,.T.);
#4979=ORIENTED_EDGE('',*,*,#3978,.T.);
#4980=ORIENTED_EDGE('',*,*,#3979,.T.);
#4981=ORIENTED_EDGE('',*,*,#3980,.T.);
#4982=ORIENTED_EDGE('',*,*,#3981,.T.);
#4983=ORIENTED_EDGE('',*,*,#3982,.T.);
#4984=ORIENTED_EDGE('',*,*,#3983,.T.);
#4985=ORIENTED_EDGE('',*,*,#3984,.T.);
#4986=ORIENTED_EDGE('',*,*,#3985,.T.);
#4987=ORIENTED_EDGE('',*,*,#3986,.T.);
#4988=ORIENTED_EDGE('',*,*,#3987,.T.);
#4989=ORIENTED_EDGE('',*,*,#3988,.T.);
#4990=ORIENTED_EDGE('',*,*,#3989,.T.);
#4991=ORIENTED_EDGE('',*,*,#3990,.T.);
#4992=ORIENTED_EDGE('',*,*,#3991,.T.);
#4993=ORIENTED_EDGE('',*,*,#3992,.T.);
#4994=ORIENTED_EDGE('',*,*,#3993,.T.);
#4995=ORIENTED_EDGE('',*,*,#3994,.T.);
#4996=ORIENTED_EDGE('',*,*,#3995,.T.);
#4997=ORIENTED_EDGE('',*,*,#3996,.T.);
#4998=ORIENTED_EDGE('',*,*,#3997,.T.);
#4999=ORIENTED_EDGE('',*,*,#3998,.T.);
#5000=ORIENTED_EDGE('',*,*,#3999,.T.);
#5001=ORIENTED_EDGE('',*,*,#4000,.T.);
#5002=ORIENTED_EDGE('',*,*,#4001,.T.);
#5003=ORIENTED_EDGE('',*,*,#4002,.T.);
#5004=ORIENTED_EDGE('',*,*,#4003,.T.);
#5005=ORIENTED_EDGE('',*,*,#4004,.T.);
#5006=ORIENTED_EDGE('',*,*,#4005,.T.);
#5007=ORIENTED_EDGE('',*,*,#4006,.T.);
#5008=ORIENTED_EDGE('',*,*,#4007,.T.);
#5009=ORIENTED_EDGE('',*,*,#4008,.T.);
#5010=ORIENTED_EDGE('',*,*,#4009,.T.);
#5011=ORIENTED_EDGE('',*,*,#4010,.T.);
#5012=ORIENTED_EDGE('',*,*,#4011,.T.);
#5013=ORIENTED_EDGE('',*,*,#4012,.T.);
#5014=ORIENTED_EDGE('',*,*,#4013,.T.);
#5015=ORIENTED_EDGE('',*,*,#4014,.T.);
#5016=ORIENTED_EDGE('',*,*,#4015,.T.);
#5017=ORIENTED_EDGE('',*,*,#4016,.T.);
#5018=ORIENTED_EDGE('',*,*,#4017,.T.);
#5019=ORIENTED_EDGE('',*,*,#4018,.T.);
#5020=ORIENTED_EDGE('',*,*,#4019,.T.);
#5021=ORIENTED_EDGE('',*,*,#4020,.T.);
#5022=ORIENTED_EDGE('',*,*,#4019,.F.);
#5023=ORIENTED_EDGE('',*,*,#4021,.F.);
#5024=ORIENTED_EDGE('',*,*,#4020,.F.);
#5025=ORIENTED_EDGE('',*,*,#4017,.F.);
#5026=ORIENTED_EDGE('',*,*,#4018,.F.);
#5027=ORIENTED_EDGE('',*,*,#4022,.T.);
#5028=ORIENTED_EDGE('',*,*,#4023,.T.);
#5029=ORIENTED_EDGE('',*,*,#4022,.F.);
#5030=ORIENTED_EDGE('',*,*,#4024,.T.);
#5031=ORIENTED_EDGE('',*,*,#4025,.T.);
#5032=ORIENTED_EDGE('',*,*,#4026,.T.);
#5033=ORIENTED_EDGE('',*,*,#4027,.T.);
#5034=ORIENTED_EDGE('',*,*,#4026,.F.);
#5035=ORIENTED_EDGE('',*,*,#4028,.F.);
#5036=ORIENTED_EDGE('',*,*,#4027,.F.);
#5037=ORIENTED_EDGE('',*,*,#4024,.F.);
#5038=ORIENTED_EDGE('',*,*,#4025,.F.);
#5039=ORIENTED_EDGE('',*,*,#4029,.T.);
#5040=ORIENTED_EDGE('',*,*,#4030,.T.);
#5041=ORIENTED_EDGE('',*,*,#4029,.F.);
#5042=ORIENTED_EDGE('',*,*,#4031,.T.);
#5043=ORIENTED_EDGE('',*,*,#4032,.T.);
#5044=ORIENTED_EDGE('',*,*,#4033,.T.);
#5045=ORIENTED_EDGE('',*,*,#4034,.T.);
#5046=ORIENTED_EDGE('',*,*,#4033,.F.);
#5047=ORIENTED_EDGE('',*,*,#4035,.F.);
#5048=ORIENTED_EDGE('',*,*,#4034,.F.);
#5049=ORIENTED_EDGE('',*,*,#4031,.F.);
#5050=ORIENTED_EDGE('',*,*,#4032,.F.);
#5051=ORIENTED_EDGE('',*,*,#4036,.T.);
#5052=ORIENTED_EDGE('',*,*,#4037,.T.);
#5053=ORIENTED_EDGE('',*,*,#4036,.F.);
#5054=ORIENTED_EDGE('',*,*,#4038,.T.);
#5055=ORIENTED_EDGE('',*,*,#4039,.T.);
#5056=ORIENTED_EDGE('',*,*,#4040,.T.);
#5057=ORIENTED_EDGE('',*,*,#4041,.T.);
#5058=ORIENTED_EDGE('',*,*,#4040,.F.);
#5059=ORIENTED_EDGE('',*,*,#4042,.F.);
#5060=ORIENTED_EDGE('',*,*,#4041,.F.);
#5061=ORIENTED_EDGE('',*,*,#4038,.F.);
#5062=ORIENTED_EDGE('',*,*,#4039,.F.);
#5063=ORIENTED_EDGE('',*,*,#4043,.T.);
#5064=ORIENTED_EDGE('',*,*,#4044,.T.);
#5065=ORIENTED_EDGE('',*,*,#4043,.F.);
#5066=ORIENTED_EDGE('',*,*,#4045,.T.);
#5067=ORIENTED_EDGE('',*,*,#4046,.T.);
#5068=ORIENTED_EDGE('',*,*,#4035,.T.);
#5069=ORIENTED_EDGE('',*,*,#4046,.F.);
#5070=ORIENTED_EDGE('',*,*,#4047,.F.);
#5071=ORIENTED_EDGE('',*,*,#4048,.F.);
#5072=ORIENTED_EDGE('',*,*,#4049,.T.);
#5073=ORIENTED_EDGE('',*,*,#4045,.F.);
#5074=ORIENTED_EDGE('',*,*,#4049,.F.);
#5075=ORIENTED_EDGE('',*,*,#4050,.T.);
#5076=ORIENTED_EDGE('',*,*,#4051,.T.);
#5077=ORIENTED_EDGE('',*,*,#4042,.T.);
#5078=ORIENTED_EDGE('',*,*,#4051,.F.);
#5079=ORIENTED_EDGE('',*,*,#4052,.F.);
#5080=ORIENTED_EDGE('',*,*,#4053,.F.);
#5081=ORIENTED_EDGE('',*,*,#4054,.T.);
#5082=ORIENTED_EDGE('',*,*,#4050,.F.);
#5083=ORIENTED_EDGE('',*,*,#4054,.F.);
#5084=ORIENTED_EDGE('',*,*,#4055,.T.);
#5085=ORIENTED_EDGE('',*,*,#4056,.T.);
#5086=ORIENTED_EDGE('',*,*,#4021,.T.);
#5087=ORIENTED_EDGE('',*,*,#4056,.F.);
#5088=ORIENTED_EDGE('',*,*,#4057,.F.);
#5089=ORIENTED_EDGE('',*,*,#4058,.F.);
#5090=ORIENTED_EDGE('',*,*,#4059,.T.);
#5091=ORIENTED_EDGE('',*,*,#4055,.F.);
#5092=ORIENTED_EDGE('',*,*,#4059,.F.);
#5093=ORIENTED_EDGE('',*,*,#4060,.T.);
#5094=ORIENTED_EDGE('',*,*,#4061,.T.);
#5095=ORIENTED_EDGE('',*,*,#4028,.T.);
#5096=ORIENTED_EDGE('',*,*,#4061,.F.);
#5097=ORIENTED_EDGE('',*,*,#4062,.F.);
#5098=ORIENTED_EDGE('',*,*,#4063,.F.);
#5099=ORIENTED_EDGE('',*,*,#4064,.T.);
#5100=ORIENTED_EDGE('',*,*,#4060,.F.);
#5101=ORIENTED_EDGE('',*,*,#4064,.F.);
#5102=ORIENTED_EDGE('',*,*,#4065,.T.);
#5103=ORIENTED_EDGE('',*,*,#4066,.T.);
#5104=ORIENTED_EDGE('',*,*,#4067,.T.);
#5105=ORIENTED_EDGE('',*,*,#4066,.F.);
#5106=ORIENTED_EDGE('',*,*,#4067,.F.);
#5107=ORIENTED_EDGE('',*,*,#4068,.F.);
#5108=ORIENTED_EDGE('',*,*,#4069,.F.);
#5109=ORIENTED_EDGE('',*,*,#4070,.F.);
#5110=ORIENTED_EDGE('',*,*,#4071,.T.);
#5111=ORIENTED_EDGE('',*,*,#4065,.F.);
#5112=ORIENTED_EDGE('',*,*,#4071,.F.);
#5113=ORIENTED_EDGE('',*,*,#4072,.T.);
#5114=ORIENTED_EDGE('',*,*,#4073,.T.);
#5115=ORIENTED_EDGE('',*,*,#4074,.T.);
#5116=ORIENTED_EDGE('',*,*,#4068,.T.);
#5117=ORIENTED_EDGE('',*,*,#4074,.F.);
#5118=ORIENTED_EDGE('',*,*,#4072,.F.);
#5119=ORIENTED_EDGE('',*,*,#4073,.F.);
#5120=ORIENTED_EDGE('',*,*,#4075,.T.);
#5121=ORIENTED_EDGE('',*,*,#4076,.T.);
#5122=ORIENTED_EDGE('',*,*,#4075,.F.);
#5123=ORIENTED_EDGE('',*,*,#3581,.F.);
#5124=ORIENTED_EDGE('',*,*,#3622,.F.);
#5125=ORIENTED_EDGE('',*,*,#4077,.T.);
#5126=ORIENTED_EDGE('',*,*,#3897,.F.);
#5127=ORIENTED_EDGE('',*,*,#4069,.T.);
#5128=ORIENTED_EDGE('',*,*,#4070,.T.);
#5129=ORIENTED_EDGE('',*,*,#4078,.T.);
#5130=ORIENTED_EDGE('',*,*,#3888,.T.);
#5131=ORIENTED_EDGE('',*,*,#4079,.F.);
#5132=ORIENTED_EDGE('',*,*,#3874,.T.);
#5133=ORIENTED_EDGE('',*,*,#4078,.F.);
#5134=ORIENTED_EDGE('',*,*,#4057,.T.);
#5135=ORIENTED_EDGE('',*,*,#4058,.T.);
#5136=ORIENTED_EDGE('',*,*,#4080,.T.);
#5137=ORIENTED_EDGE('',*,*,#3873,.T.);
#5138=ORIENTED_EDGE('',*,*,#4081,.F.);
#5139=ORIENTED_EDGE('',*,*,#4082,.F.);
#5140=ORIENTED_EDGE('',*,*,#3860,.T.);
#5141=ORIENTED_EDGE('',*,*,#4083,.F.);
#5142=ORIENTED_EDGE('',*,*,#4084,.F.);
#5143=ORIENTED_EDGE('',*,*,#3847,.T.);
#5144=ORIENTED_EDGE('',*,*,#4080,.F.);
#5145=ORIENTED_EDGE('',*,*,#4062,.T.);
#5146=ORIENTED_EDGE('',*,*,#4063,.T.);
#5147=ORIENTED_EDGE('',*,*,#4085,.T.);
#5148=ORIENTED_EDGE('',*,*,#3623,.T.);
#5149=ORIENTED_EDGE('',*,*,#4085,.F.);
#5150=ORIENTED_EDGE('',*,*,#4052,.T.);
#5151=ORIENTED_EDGE('',*,*,#4053,.T.);
#5152=ORIENTED_EDGE('',*,*,#4086,.T.);
#5153=ORIENTED_EDGE('',*,*,#3688,.T.);
#5154=ORIENTED_EDGE('',*,*,#4087,.F.);
#5155=ORIENTED_EDGE('',*,*,#4088,.F.);
#5156=ORIENTED_EDGE('',*,*,#4089,.T.);
#5157=ORIENTED_EDGE('',*,*,#4090,.F.);
#5158=ORIENTED_EDGE('',*,*,#4091,.F.);
#5159=ORIENTED_EDGE('',*,*,#3637,.T.);
#5160=ORIENTED_EDGE('',*,*,#4092,.F.);
#5161=ORIENTED_EDGE('',*,*,#4093,.F.);
#5162=ORIENTED_EDGE('',*,*,#3624,.T.);
#5163=ORIENTED_EDGE('',*,*,#4094,.F.);
#5164=ORIENTED_EDGE('',*,*,#4095,.F.);
#5165=ORIENTED_EDGE('',*,*,#3689,.T.);
#5166=ORIENTED_EDGE('',*,*,#4086,.F.);
#5167=ORIENTED_EDGE('',*,*,#4089,.F.);
#5168=ORIENTED_EDGE('',*,*,#4096,.T.);
#5169=ORIENTED_EDGE('',*,*,#4097,.F.);
#5170=ORIENTED_EDGE('',*,*,#4098,.T.);
#5171=ORIENTED_EDGE('',*,*,#4047,.T.);
#5172=ORIENTED_EDGE('',*,*,#4048,.T.);
#5173=ORIENTED_EDGE('',*,*,#4099,.T.);
#5174=ORIENTED_EDGE('',*,*,#3675,.T.);
#5175=ORIENTED_EDGE('',*,*,#4100,.F.);
#5176=ORIENTED_EDGE('',*,*,#4101,.F.);
#5177=ORIENTED_EDGE('',*,*,#3662,.T.);
#5178=ORIENTED_EDGE('',*,*,#4102,.F.);
#5179=ORIENTED_EDGE('',*,*,#4103,.F.);
#5180=ORIENTED_EDGE('',*,*,#3649,.T.);
#5181=ORIENTED_EDGE('',*,*,#4104,.F.);
#5182=ORIENTED_EDGE('',*,*,#4105,.F.);
#5183=ORIENTED_EDGE('',*,*,#4097,.T.);
#5184=ORIENTED_EDGE('',*,*,#4106,.F.);
#5185=ORIENTED_EDGE('',*,*,#4107,.F.);
#5186=ORIENTED_EDGE('',*,*,#3676,.T.);
#5187=ORIENTED_EDGE('',*,*,#4099,.F.);
#5188=ORIENTED_EDGE('',*,*,#4108,.F.);
#5189=ORIENTED_EDGE('',*,*,#4109,.T.);
#5190=ORIENTED_EDGE('',*,*,#3698,.F.);
#5191=ORIENTED_EDGE('',*,*,#4110,.F.);
#5192=ORIENTED_EDGE('',*,*,#4111,.F.);
#5193=ORIENTED_EDGE('',*,*,#4110,.T.);
#5194=ORIENTED_EDGE('',*,*,#3697,.F.);
#5195=ORIENTED_EDGE('',*,*,#4112,.F.);
#5196=ORIENTED_EDGE('',*,*,#4113,.F.);
#5197=ORIENTED_EDGE('',*,*,#4114,.T.);
#5198=ORIENTED_EDGE('',*,*,#3693,.F.);
#5199=ORIENTED_EDGE('',*,*,#4115,.F.);
#5200=ORIENTED_EDGE('',*,*,#4116,.F.);
#5201=ORIENTED_EDGE('',*,*,#4115,.T.);
#5202=ORIENTED_EDGE('',*,*,#3692,.F.);
#5203=ORIENTED_EDGE('',*,*,#4117,.F.);
#5204=ORIENTED_EDGE('',*,*,#4118,.F.);
#5205=ORIENTED_EDGE('',*,*,#4117,.T.);
#5206=ORIENTED_EDGE('',*,*,#3691,.F.);
#5207=ORIENTED_EDGE('',*,*,#4119,.F.);
#5208=ORIENTED_EDGE('',*,*,#4120,.F.);
#5209=ORIENTED_EDGE('',*,*,#4121,.T.);
#5210=ORIENTED_EDGE('',*,*,#3699,.F.);
#5211=ORIENTED_EDGE('',*,*,#4109,.F.);
#5212=ORIENTED_EDGE('',*,*,#4122,.F.);
#5213=ORIENTED_EDGE('',*,*,#4123,.T.);
#5214=ORIENTED_EDGE('',*,*,#3843,.F.);
#5215=ORIENTED_EDGE('',*,*,#4124,.F.);
#5216=ORIENTED_EDGE('',*,*,#4125,.F.);
#5217=ORIENTED_EDGE('',*,*,#4124,.T.);
#5218=ORIENTED_EDGE('',*,*,#3842,.F.);
#5219=ORIENTED_EDGE('',*,*,#4126,.F.);
#5220=ORIENTED_EDGE('',*,*,#4127,.F.);
#5221=ORIENTED_EDGE('',*,*,#4126,.T.);
#5222=ORIENTED_EDGE('',*,*,#3841,.F.);
#5223=ORIENTED_EDGE('',*,*,#4128,.F.);
#5224=ORIENTED_EDGE('',*,*,#4129,.F.);
#5225=ORIENTED_EDGE('',*,*,#4130,.T.);
#5226=ORIENTED_EDGE('',*,*,#3837,.F.);
#5227=ORIENTED_EDGE('',*,*,#4131,.F.);
#5228=ORIENTED_EDGE('',*,*,#4132,.F.);
#5229=ORIENTED_EDGE('',*,*,#4131,.T.);
#5230=ORIENTED_EDGE('',*,*,#3836,.F.);
#5231=ORIENTED_EDGE('',*,*,#4133,.F.);
#5232=ORIENTED_EDGE('',*,*,#4134,.F.);
#5233=ORIENTED_EDGE('',*,*,#4133,.T.);
#5234=ORIENTED_EDGE('',*,*,#3835,.F.);
#5235=ORIENTED_EDGE('',*,*,#4135,.F.);
#5236=ORIENTED_EDGE('',*,*,#4136,.F.);
#5237=ORIENTED_EDGE('',*,*,#4137,.T.);
#5238=ORIENTED_EDGE('',*,*,#3831,.F.);
#5239=ORIENTED_EDGE('',*,*,#4138,.F.);
#5240=ORIENTED_EDGE('',*,*,#4139,.F.);
#5241=ORIENTED_EDGE('',*,*,#4138,.T.);
#5242=ORIENTED_EDGE('',*,*,#3830,.F.);
#5243=ORIENTED_EDGE('',*,*,#4140,.F.);
#5244=ORIENTED_EDGE('',*,*,#4141,.F.);
#5245=ORIENTED_EDGE('',*,*,#4140,.T.);
#5246=ORIENTED_EDGE('',*,*,#3829,.F.);
#5247=ORIENTED_EDGE('',*,*,#4142,.F.);
#5248=ORIENTED_EDGE('',*,*,#4143,.F.);
#5249=ORIENTED_EDGE('',*,*,#4144,.T.);
#5250=ORIENTED_EDGE('',*,*,#3825,.F.);
#5251=ORIENTED_EDGE('',*,*,#4145,.F.);
#5252=ORIENTED_EDGE('',*,*,#4146,.F.);
#5253=ORIENTED_EDGE('',*,*,#4145,.T.);
#5254=ORIENTED_EDGE('',*,*,#3824,.F.);
#5255=ORIENTED_EDGE('',*,*,#4147,.F.);
#5256=ORIENTED_EDGE('',*,*,#4148,.F.);
#5257=ORIENTED_EDGE('',*,*,#4147,.T.);
#5258=ORIENTED_EDGE('',*,*,#3823,.F.);
#5259=ORIENTED_EDGE('',*,*,#4149,.F.);
#5260=ORIENTED_EDGE('',*,*,#4150,.F.);
#5261=ORIENTED_EDGE('',*,*,#4151,.T.);
#5262=ORIENTED_EDGE('',*,*,#3822,.F.);
#5263=ORIENTED_EDGE('',*,*,#4152,.F.);
#5264=ORIENTED_EDGE('',*,*,#4153,.F.);
#5265=ORIENTED_EDGE('',*,*,#4152,.T.);
#5266=ORIENTED_EDGE('',*,*,#3821,.F.);
#5267=ORIENTED_EDGE('',*,*,#4154,.F.);
#5268=ORIENTED_EDGE('',*,*,#4155,.F.);
#5269=ORIENTED_EDGE('',*,*,#4156,.T.);
#5270=ORIENTED_EDGE('',*,*,#3817,.F.);
#5271=ORIENTED_EDGE('',*,*,#4157,.F.);
#5272=ORIENTED_EDGE('',*,*,#4158,.F.);
#5273=ORIENTED_EDGE('',*,*,#4157,.T.);
#5274=ORIENTED_EDGE('',*,*,#3816,.F.);
#5275=ORIENTED_EDGE('',*,*,#4159,.F.);
#5276=ORIENTED_EDGE('',*,*,#4160,.F.);
#5277=ORIENTED_EDGE('',*,*,#4159,.T.);
#5278=ORIENTED_EDGE('',*,*,#3815,.F.);
#5279=ORIENTED_EDGE('',*,*,#4161,.F.);
#5280=ORIENTED_EDGE('',*,*,#4162,.F.);
#5281=ORIENTED_EDGE('',*,*,#4163,.T.);
#5282=ORIENTED_EDGE('',*,*,#3811,.F.);
#5283=ORIENTED_EDGE('',*,*,#4151,.F.);
#5284=ORIENTED_EDGE('',*,*,#4164,.F.);
#5285=ORIENTED_EDGE('',*,*,#4165,.T.);
#5286=ORIENTED_EDGE('',*,*,#3810,.F.);
#5287=ORIENTED_EDGE('',*,*,#4166,.F.);
#5288=ORIENTED_EDGE('',*,*,#4167,.F.);
#5289=ORIENTED_EDGE('',*,*,#4166,.T.);
#5290=ORIENTED_EDGE('',*,*,#3809,.F.);
#5291=ORIENTED_EDGE('',*,*,#4168,.F.);
#5292=ORIENTED_EDGE('',*,*,#4169,.F.);
#5293=ORIENTED_EDGE('',*,*,#4170,.T.);
#5294=ORIENTED_EDGE('',*,*,#3805,.F.);
#5295=ORIENTED_EDGE('',*,*,#4171,.F.);
#5296=ORIENTED_EDGE('',*,*,#4172,.F.);
#5297=ORIENTED_EDGE('',*,*,#4171,.T.);
#5298=ORIENTED_EDGE('',*,*,#3804,.F.);
#5299=ORIENTED_EDGE('',*,*,#4173,.F.);
#5300=ORIENTED_EDGE('',*,*,#4174,.F.);
#5301=ORIENTED_EDGE('',*,*,#4173,.T.);
#5302=ORIENTED_EDGE('',*,*,#3803,.F.);
#5303=ORIENTED_EDGE('',*,*,#4175,.F.);
#5304=ORIENTED_EDGE('',*,*,#4176,.F.);
#5305=ORIENTED_EDGE('',*,*,#4177,.T.);
#5306=ORIENTED_EDGE('',*,*,#3799,.F.);
#5307=ORIENTED_EDGE('',*,*,#4165,.F.);
#5308=ORIENTED_EDGE('',*,*,#4178,.F.);
#5309=ORIENTED_EDGE('',*,*,#4179,.T.);
#5310=ORIENTED_EDGE('',*,*,#3628,.F.);
#5311=ORIENTED_EDGE('',*,*,#4180,.F.);
#5312=ORIENTED_EDGE('',*,*,#4181,.F.);
#5313=ORIENTED_EDGE('',*,*,#4180,.T.);
#5314=ORIENTED_EDGE('',*,*,#3627,.F.);
#5315=ORIENTED_EDGE('',*,*,#4182,.F.);
#5316=ORIENTED_EDGE('',*,*,#4183,.F.);
#5317=ORIENTED_EDGE('',*,*,#4184,.T.);
#5318=ORIENTED_EDGE('',*,*,#3635,.F.);
#5319=ORIENTED_EDGE('',*,*,#4185,.F.);
#5320=ORIENTED_EDGE('',*,*,#4186,.F.);
#5321=ORIENTED_EDGE('',*,*,#4185,.T.);
#5322=ORIENTED_EDGE('',*,*,#3634,.F.);
#5323=ORIENTED_EDGE('',*,*,#4187,.F.);
#5324=ORIENTED_EDGE('',*,*,#4188,.F.);
#5325=ORIENTED_EDGE('',*,*,#4187,.T.);
#5326=ORIENTED_EDGE('',*,*,#3633,.F.);
#5327=ORIENTED_EDGE('',*,*,#4189,.F.);
#5328=ORIENTED_EDGE('',*,*,#4190,.F.);
#5329=ORIENTED_EDGE('',*,*,#4191,.T.);
#5330=ORIENTED_EDGE('',*,*,#3629,.F.);
#5331=ORIENTED_EDGE('',*,*,#4179,.F.);
#5332=ORIENTED_EDGE('',*,*,#4192,.F.);
#5333=ORIENTED_EDGE('',*,*,#4193,.T.);
#5334=ORIENTED_EDGE('',*,*,#3798,.F.);
#5335=ORIENTED_EDGE('',*,*,#4194,.F.);
#5336=ORIENTED_EDGE('',*,*,#4195,.F.);
#5337=ORIENTED_EDGE('',*,*,#4194,.T.);
#5338=ORIENTED_EDGE('',*,*,#3797,.F.);
#5339=ORIENTED_EDGE('',*,*,#4196,.F.);
#5340=ORIENTED_EDGE('',*,*,#4197,.F.);
#5341=ORIENTED_EDGE('',*,*,#4198,.T.);
#5342=ORIENTED_EDGE('',*,*,#3793,.F.);
#5343=ORIENTED_EDGE('',*,*,#4199,.F.);
#5344=ORIENTED_EDGE('',*,*,#4200,.F.);
#5345=ORIENTED_EDGE('',*,*,#4199,.T.);
#5346=ORIENTED_EDGE('',*,*,#3792,.F.);
#5347=ORIENTED_EDGE('',*,*,#4201,.F.);
#5348=ORIENTED_EDGE('',*,*,#4202,.F.);
#5349=ORIENTED_EDGE('',*,*,#4201,.T.);
#5350=ORIENTED_EDGE('',*,*,#3791,.F.);
#5351=ORIENTED_EDGE('',*,*,#4203,.F.);
#5352=ORIENTED_EDGE('',*,*,#4204,.F.);
#5353=ORIENTED_EDGE('',*,*,#4205,.T.);
#5354=ORIENTED_EDGE('',*,*,#3787,.F.);
#5355=ORIENTED_EDGE('',*,*,#4193,.F.);
#5356=ORIENTED_EDGE('',*,*,#4206,.F.);
#5357=ORIENTED_EDGE('',*,*,#4207,.T.);
#5358=ORIENTED_EDGE('',*,*,#3672,.F.);
#5359=ORIENTED_EDGE('',*,*,#4208,.F.);
#5360=ORIENTED_EDGE('',*,*,#4209,.F.);
#5361=ORIENTED_EDGE('',*,*,#4208,.T.);
#5362=ORIENTED_EDGE('',*,*,#3671,.F.);
#5363=ORIENTED_EDGE('',*,*,#4210,.F.);
#5364=ORIENTED_EDGE('',*,*,#4211,.F.);
#5365=ORIENTED_EDGE('',*,*,#4212,.T.);
#5366=ORIENTED_EDGE('',*,*,#3667,.F.);
#5367=ORIENTED_EDGE('',*,*,#4213,.F.);
#5368=ORIENTED_EDGE('',*,*,#4214,.F.);
#5369=ORIENTED_EDGE('',*,*,#4213,.T.);
#5370=ORIENTED_EDGE('',*,*,#3666,.F.);
#5371=ORIENTED_EDGE('',*,*,#4215,.F.);
#5372=ORIENTED_EDGE('',*,*,#4216,.F.);
#5373=ORIENTED_EDGE('',*,*,#4215,.T.);
#5374=ORIENTED_EDGE('',*,*,#3665,.F.);
#5375=ORIENTED_EDGE('',*,*,#4217,.F.);
#5376=ORIENTED_EDGE('',*,*,#4218,.F.);
#5377=ORIENTED_EDGE('',*,*,#4219,.T.);
#5378=ORIENTED_EDGE('',*,*,#3673,.F.);
#5379=ORIENTED_EDGE('',*,*,#4207,.F.);
#5380=ORIENTED_EDGE('',*,*,#4220,.F.);
#5381=ORIENTED_EDGE('',*,*,#4221,.T.);
#5382=ORIENTED_EDGE('',*,*,#3652,.F.);
#5383=ORIENTED_EDGE('',*,*,#4222,.F.);
#5384=ORIENTED_EDGE('',*,*,#4223,.F.);
#5385=ORIENTED_EDGE('',*,*,#4222,.T.);
#5386=ORIENTED_EDGE('',*,*,#3651,.F.);
#5387=ORIENTED_EDGE('',*,*,#4224,.F.);
#5388=ORIENTED_EDGE('',*,*,#4225,.F.);
#5389=ORIENTED_EDGE('',*,*,#4226,.T.);
#5390=ORIENTED_EDGE('',*,*,#3659,.F.);
#5391=ORIENTED_EDGE('',*,*,#4227,.F.);
#5392=ORIENTED_EDGE('',*,*,#4228,.F.);
#5393=ORIENTED_EDGE('',*,*,#4227,.T.);
#5394=ORIENTED_EDGE('',*,*,#3658,.F.);
#5395=ORIENTED_EDGE('',*,*,#4229,.F.);
#5396=ORIENTED_EDGE('',*,*,#4230,.F.);
#5397=ORIENTED_EDGE('',*,*,#4229,.T.);
#5398=ORIENTED_EDGE('',*,*,#3657,.F.);
#5399=ORIENTED_EDGE('',*,*,#4231,.F.);
#5400=ORIENTED_EDGE('',*,*,#4232,.F.);
#5401=ORIENTED_EDGE('',*,*,#4233,.T.);
#5402=ORIENTED_EDGE('',*,*,#3653,.F.);
#5403=ORIENTED_EDGE('',*,*,#4221,.F.);
#5404=ORIENTED_EDGE('',*,*,#4234,.F.);
#5405=ORIENTED_EDGE('',*,*,#4235,.T.);
#5406=ORIENTED_EDGE('',*,*,#3786,.F.);
#5407=ORIENTED_EDGE('',*,*,#4236,.F.);
#5408=ORIENTED_EDGE('',*,*,#4237,.F.);
#5409=ORIENTED_EDGE('',*,*,#4236,.T.);
#5410=ORIENTED_EDGE('',*,*,#3785,.F.);
#5411=ORIENTED_EDGE('',*,*,#4238,.F.);
#5412=ORIENTED_EDGE('',*,*,#4239,.F.);
#5413=ORIENTED_EDGE('',*,*,#4240,.T.);
#5414=ORIENTED_EDGE('',*,*,#3781,.F.);
#5415=ORIENTED_EDGE('',*,*,#4241,.F.);
#5416=ORIENTED_EDGE('',*,*,#4242,.F.);
#5417=ORIENTED_EDGE('',*,*,#4241,.T.);
#5418=ORIENTED_EDGE('',*,*,#3780,.F.);
#5419=ORIENTED_EDGE('',*,*,#4243,.F.);
#5420=ORIENTED_EDGE('',*,*,#4244,.F.);
#5421=ORIENTED_EDGE('',*,*,#4243,.T.);
#5422=ORIENTED_EDGE('',*,*,#3779,.F.);
#5423=ORIENTED_EDGE('',*,*,#4245,.F.);
#5424=ORIENTED_EDGE('',*,*,#4246,.F.);
#5425=ORIENTED_EDGE('',*,*,#4247,.T.);
#5426=ORIENTED_EDGE('',*,*,#3775,.F.);
#5427=ORIENTED_EDGE('',*,*,#4235,.F.);
#5428=ORIENTED_EDGE('',*,*,#4248,.F.);
#5429=ORIENTED_EDGE('',*,*,#4249,.T.);
#5430=ORIENTED_EDGE('',*,*,#3774,.F.);
#5431=ORIENTED_EDGE('',*,*,#4250,.F.);
#5432=ORIENTED_EDGE('',*,*,#4251,.F.);
#5433=ORIENTED_EDGE('',*,*,#4250,.T.);
#5434=ORIENTED_EDGE('',*,*,#3773,.F.);
#5435=ORIENTED_EDGE('',*,*,#4252,.F.);
#5436=ORIENTED_EDGE('',*,*,#4253,.F.);
#5437=ORIENTED_EDGE('',*,*,#4254,.T.);
#5438=ORIENTED_EDGE('',*,*,#3769,.F.);
#5439=ORIENTED_EDGE('',*,*,#4255,.F.);
#5440=ORIENTED_EDGE('',*,*,#4256,.F.);
#5441=ORIENTED_EDGE('',*,*,#4255,.T.);
#5442=ORIENTED_EDGE('',*,*,#3768,.F.);
#5443=ORIENTED_EDGE('',*,*,#4257,.F.);
#5444=ORIENTED_EDGE('',*,*,#4258,.F.);
#5445=ORIENTED_EDGE('',*,*,#4257,.T.);
#5446=ORIENTED_EDGE('',*,*,#3767,.F.);
#5447=ORIENTED_EDGE('',*,*,#4259,.F.);
#5448=ORIENTED_EDGE('',*,*,#4260,.F.);
#5449=ORIENTED_EDGE('',*,*,#4261,.T.);
#5450=ORIENTED_EDGE('',*,*,#3763,.F.);
#5451=ORIENTED_EDGE('',*,*,#4249,.F.);
#5452=ORIENTED_EDGE('',*,*,#4262,.F.);
#5453=ORIENTED_EDGE('',*,*,#4263,.T.);
#5454=ORIENTED_EDGE('',*,*,#3762,.F.);
#5455=ORIENTED_EDGE('',*,*,#4264,.F.);
#5456=ORIENTED_EDGE('',*,*,#4265,.F.);
#5457=ORIENTED_EDGE('',*,*,#4264,.T.);
#5458=ORIENTED_EDGE('',*,*,#3761,.F.);
#5459=ORIENTED_EDGE('',*,*,#4266,.F.);
#5460=ORIENTED_EDGE('',*,*,#4267,.F.);
#5461=ORIENTED_EDGE('',*,*,#4268,.T.);
#5462=ORIENTED_EDGE('',*,*,#3757,.F.);
#5463=ORIENTED_EDGE('',*,*,#4269,.F.);
#5464=ORIENTED_EDGE('',*,*,#4270,.F.);
#5465=ORIENTED_EDGE('',*,*,#4269,.T.);
#5466=ORIENTED_EDGE('',*,*,#3756,.F.);
#5467=ORIENTED_EDGE('',*,*,#4271,.F.);
#5468=ORIENTED_EDGE('',*,*,#4272,.F.);
#5469=ORIENTED_EDGE('',*,*,#4271,.T.);
#5470=ORIENTED_EDGE('',*,*,#3755,.F.);
#5471=ORIENTED_EDGE('',*,*,#4273,.F.);
#5472=ORIENTED_EDGE('',*,*,#4274,.F.);
#5473=ORIENTED_EDGE('',*,*,#4275,.T.);
#5474=ORIENTED_EDGE('',*,*,#3751,.F.);
#5475=ORIENTED_EDGE('',*,*,#4263,.F.);
#5476=ORIENTED_EDGE('',*,*,#4276,.F.);
#5477=ORIENTED_EDGE('',*,*,#4277,.T.);
#5478=ORIENTED_EDGE('',*,*,#3685,.F.);
#5479=ORIENTED_EDGE('',*,*,#4278,.F.);
#5480=ORIENTED_EDGE('',*,*,#4279,.F.);
#5481=ORIENTED_EDGE('',*,*,#4278,.T.);
#5482=ORIENTED_EDGE('',*,*,#3684,.F.);
#5483=ORIENTED_EDGE('',*,*,#4280,.F.);
#5484=ORIENTED_EDGE('',*,*,#4281,.F.);
#5485=ORIENTED_EDGE('',*,*,#4282,.T.);
#5486=ORIENTED_EDGE('',*,*,#3680,.F.);
#5487=ORIENTED_EDGE('',*,*,#4283,.F.);
#5488=ORIENTED_EDGE('',*,*,#4284,.F.);
#5489=ORIENTED_EDGE('',*,*,#4283,.T.);
#5490=ORIENTED_EDGE('',*,*,#3679,.F.);
#5491=ORIENTED_EDGE('',*,*,#4285,.F.);
#5492=ORIENTED_EDGE('',*,*,#4286,.F.);
#5493=ORIENTED_EDGE('',*,*,#4285,.T.);
#5494=ORIENTED_EDGE('',*,*,#3678,.F.);
#5495=ORIENTED_EDGE('',*,*,#4287,.F.);
#5496=ORIENTED_EDGE('',*,*,#4288,.F.);
#5497=ORIENTED_EDGE('',*,*,#4289,.T.);
#5498=ORIENTED_EDGE('',*,*,#3686,.F.);
#5499=ORIENTED_EDGE('',*,*,#4277,.F.);
#5500=ORIENTED_EDGE('',*,*,#4290,.F.);
#5501=ORIENTED_EDGE('',*,*,#4291,.T.);
#5502=ORIENTED_EDGE('',*,*,#3640,.F.);
#5503=ORIENTED_EDGE('',*,*,#4292,.F.);
#5504=ORIENTED_EDGE('',*,*,#4293,.F.);
#5505=ORIENTED_EDGE('',*,*,#4292,.T.);
#5506=ORIENTED_EDGE('',*,*,#3639,.F.);
#5507=ORIENTED_EDGE('',*,*,#4294,.F.);
#5508=ORIENTED_EDGE('',*,*,#4295,.F.);
#5509=ORIENTED_EDGE('',*,*,#4296,.T.);
#5510=ORIENTED_EDGE('',*,*,#3647,.F.);
#5511=ORIENTED_EDGE('',*,*,#4297,.F.);
#5512=ORIENTED_EDGE('',*,*,#4298,.F.);
#5513=ORIENTED_EDGE('',*,*,#4297,.T.);
#5514=ORIENTED_EDGE('',*,*,#3646,.F.);
#5515=ORIENTED_EDGE('',*,*,#4299,.F.);
#5516=ORIENTED_EDGE('',*,*,#4300,.F.);
#5517=ORIENTED_EDGE('',*,*,#4299,.T.);
#5518=ORIENTED_EDGE('',*,*,#3645,.F.);
#5519=ORIENTED_EDGE('',*,*,#4301,.F.);
#5520=ORIENTED_EDGE('',*,*,#4302,.F.);
#5521=ORIENTED_EDGE('',*,*,#4303,.T.);
#5522=ORIENTED_EDGE('',*,*,#3641,.F.);
#5523=ORIENTED_EDGE('',*,*,#4291,.F.);
#5524=ORIENTED_EDGE('',*,*,#4304,.F.);
#5525=ORIENTED_EDGE('',*,*,#4305,.T.);
#5526=ORIENTED_EDGE('',*,*,#3851,.F.);
#5527=ORIENTED_EDGE('',*,*,#4306,.F.);
#5528=ORIENTED_EDGE('',*,*,#4307,.F.);
#5529=ORIENTED_EDGE('',*,*,#4306,.T.);
#5530=ORIENTED_EDGE('',*,*,#3850,.F.);
#5531=ORIENTED_EDGE('',*,*,#4308,.F.);
#5532=ORIENTED_EDGE('',*,*,#4309,.F.);
#5533=ORIENTED_EDGE('',*,*,#4310,.T.);
#5534=ORIENTED_EDGE('',*,*,#3858,.F.);
#5535=ORIENTED_EDGE('',*,*,#4311,.F.);
#5536=ORIENTED_EDGE('',*,*,#4312,.F.);
#5537=ORIENTED_EDGE('',*,*,#4311,.T.);
#5538=ORIENTED_EDGE('',*,*,#3857,.F.);
#5539=ORIENTED_EDGE('',*,*,#4313,.F.);
#5540=ORIENTED_EDGE('',*,*,#4314,.F.);
#5541=ORIENTED_EDGE('',*,*,#4313,.T.);
#5542=ORIENTED_EDGE('',*,*,#3856,.F.);
#5543=ORIENTED_EDGE('',*,*,#4315,.F.);
#5544=ORIENTED_EDGE('',*,*,#4316,.F.);
#5545=ORIENTED_EDGE('',*,*,#4317,.T.);
#5546=ORIENTED_EDGE('',*,*,#3852,.F.);
#5547=ORIENTED_EDGE('',*,*,#4305,.F.);
#5548=ORIENTED_EDGE('',*,*,#4318,.F.);
#5549=ORIENTED_EDGE('',*,*,#4319,.T.);
#5550=ORIENTED_EDGE('',*,*,#3881,.F.);
#5551=ORIENTED_EDGE('',*,*,#4320,.F.);
#5552=ORIENTED_EDGE('',*,*,#4321,.F.);
#5553=ORIENTED_EDGE('',*,*,#4320,.T.);
#5554=ORIENTED_EDGE('',*,*,#3880,.F.);
#5555=ORIENTED_EDGE('',*,*,#4322,.F.);
#5556=ORIENTED_EDGE('',*,*,#4323,.F.);
#5557=ORIENTED_EDGE('',*,*,#4324,.T.);
#5558=ORIENTED_EDGE('',*,*,#3876,.F.);
#5559=ORIENTED_EDGE('',*,*,#4325,.F.);
#5560=ORIENTED_EDGE('',*,*,#4326,.F.);
#5561=ORIENTED_EDGE('',*,*,#4325,.T.);
#5562=ORIENTED_EDGE('',*,*,#3875,.F.);
#5563=ORIENTED_EDGE('',*,*,#4079,.T.);
#5564=ORIENTED_EDGE('',*,*,#3887,.F.);
#5565=ORIENTED_EDGE('',*,*,#4327,.F.);
#5566=ORIENTED_EDGE('',*,*,#4328,.F.);
#5567=ORIENTED_EDGE('',*,*,#4327,.T.);
#5568=ORIENTED_EDGE('',*,*,#3886,.F.);
#5569=ORIENTED_EDGE('',*,*,#4329,.F.);
#5570=ORIENTED_EDGE('',*,*,#4330,.F.);
#5571=ORIENTED_EDGE('',*,*,#4331,.T.);
#5572=ORIENTED_EDGE('',*,*,#3882,.F.);
#5573=ORIENTED_EDGE('',*,*,#4319,.F.);
#5574=ORIENTED_EDGE('',*,*,#4332,.F.);
#5575=ORIENTED_EDGE('',*,*,#4333,.T.);
#5576=ORIENTED_EDGE('',*,*,#3870,.F.);
#5577=ORIENTED_EDGE('',*,*,#4334,.F.);
#5578=ORIENTED_EDGE('',*,*,#4335,.F.);
#5579=ORIENTED_EDGE('',*,*,#4334,.T.);
#5580=ORIENTED_EDGE('',*,*,#3869,.F.);
#5581=ORIENTED_EDGE('',*,*,#4336,.F.);
#5582=ORIENTED_EDGE('',*,*,#4337,.F.);
#5583=ORIENTED_EDGE('',*,*,#4338,.T.);
#5584=ORIENTED_EDGE('',*,*,#3865,.F.);
#5585=ORIENTED_EDGE('',*,*,#4339,.F.);
#5586=ORIENTED_EDGE('',*,*,#4340,.F.);
#5587=ORIENTED_EDGE('',*,*,#4339,.T.);
#5588=ORIENTED_EDGE('',*,*,#3864,.F.);
#5589=ORIENTED_EDGE('',*,*,#4341,.F.);
#5590=ORIENTED_EDGE('',*,*,#4342,.F.);
#5591=ORIENTED_EDGE('',*,*,#4341,.T.);
#5592=ORIENTED_EDGE('',*,*,#3863,.F.);
#5593=ORIENTED_EDGE('',*,*,#4343,.F.);
#5594=ORIENTED_EDGE('',*,*,#4344,.F.);
#5595=ORIENTED_EDGE('',*,*,#4345,.T.);
#5596=ORIENTED_EDGE('',*,*,#3871,.F.);
#5597=ORIENTED_EDGE('',*,*,#4333,.F.);
#5598=ORIENTED_EDGE('',*,*,#4346,.F.);
#5599=ORIENTED_EDGE('',*,*,#4347,.T.);
#5600=ORIENTED_EDGE('',*,*,#3747,.F.);
#5601=ORIENTED_EDGE('',*,*,#4348,.F.);
#5602=ORIENTED_EDGE('',*,*,#4349,.F.);
#5603=ORIENTED_EDGE('',*,*,#4348,.T.);
#5604=ORIENTED_EDGE('',*,*,#3746,.F.);
#5605=ORIENTED_EDGE('',*,*,#4350,.F.);
#5606=ORIENTED_EDGE('',*,*,#4351,.F.);
#5607=ORIENTED_EDGE('',*,*,#4350,.T.);
#5608=ORIENTED_EDGE('',*,*,#3745,.F.);
#5609=ORIENTED_EDGE('',*,*,#4352,.F.);
#5610=ORIENTED_EDGE('',*,*,#4353,.F.);
#5611=ORIENTED_EDGE('',*,*,#4354,.T.);
#5612=ORIENTED_EDGE('',*,*,#3740,.F.);
#5613=ORIENTED_EDGE('',*,*,#4355,.F.);
#5614=ORIENTED_EDGE('',*,*,#4356,.F.);
#5615=ORIENTED_EDGE('',*,*,#4355,.T.);
#5616=ORIENTED_EDGE('',*,*,#3739,.F.);
#5617=ORIENTED_EDGE('',*,*,#4357,.F.);
#5618=ORIENTED_EDGE('',*,*,#4358,.F.);
#5619=ORIENTED_EDGE('',*,*,#4357,.T.);
#5620=ORIENTED_EDGE('',*,*,#3738,.F.);
#5621=ORIENTED_EDGE('',*,*,#4359,.F.);
#5622=ORIENTED_EDGE('',*,*,#4360,.F.);
#5623=ORIENTED_EDGE('',*,*,#4361,.T.);
#5624=ORIENTED_EDGE('',*,*,#3737,.F.);
#5625=ORIENTED_EDGE('',*,*,#4362,.F.);
#5626=ORIENTED_EDGE('',*,*,#4363,.F.);
#5627=ORIENTED_EDGE('',*,*,#4362,.T.);
#5628=ORIENTED_EDGE('',*,*,#3736,.F.);
#5629=ORIENTED_EDGE('',*,*,#4364,.F.);
#5630=ORIENTED_EDGE('',*,*,#4365,.F.);
#5631=ORIENTED_EDGE('',*,*,#4366,.T.);
#5632=ORIENTED_EDGE('',*,*,#3732,.F.);
#5633=ORIENTED_EDGE('',*,*,#4367,.F.);
#5634=ORIENTED_EDGE('',*,*,#4368,.F.);
#5635=ORIENTED_EDGE('',*,*,#4367,.T.);
#5636=ORIENTED_EDGE('',*,*,#3731,.F.);
#5637=ORIENTED_EDGE('',*,*,#4369,.F.);
#5638=ORIENTED_EDGE('',*,*,#4370,.F.);
#5639=ORIENTED_EDGE('',*,*,#4369,.T.);
#5640=ORIENTED_EDGE('',*,*,#3730,.F.);
#5641=ORIENTED_EDGE('',*,*,#4371,.F.);
#5642=ORIENTED_EDGE('',*,*,#4372,.F.);
#5643=ORIENTED_EDGE('',*,*,#4373,.T.);
#5644=ORIENTED_EDGE('',*,*,#3726,.F.);
#5645=ORIENTED_EDGE('',*,*,#4361,.F.);
#5646=ORIENTED_EDGE('',*,*,#4374,.F.);
#5647=ORIENTED_EDGE('',*,*,#4375,.T.);
#5648=ORIENTED_EDGE('',*,*,#3722,.F.);
#5649=ORIENTED_EDGE('',*,*,#4376,.F.);
#5650=ORIENTED_EDGE('',*,*,#4377,.F.);
#5651=ORIENTED_EDGE('',*,*,#4376,.T.);
#5652=ORIENTED_EDGE('',*,*,#3721,.F.);
#5653=ORIENTED_EDGE('',*,*,#4378,.F.);
#5654=ORIENTED_EDGE('',*,*,#4379,.F.);
#5655=ORIENTED_EDGE('',*,*,#4378,.T.);
#5656=ORIENTED_EDGE('',*,*,#3720,.F.);
#5657=ORIENTED_EDGE('',*,*,#4380,.F.);
#5658=ORIENTED_EDGE('',*,*,#4381,.F.);
#5659=ORIENTED_EDGE('',*,*,#4382,.T.);
#5660=ORIENTED_EDGE('',*,*,#3716,.F.);
#5661=ORIENTED_EDGE('',*,*,#4383,.F.);
#5662=ORIENTED_EDGE('',*,*,#4384,.F.);
#5663=ORIENTED_EDGE('',*,*,#4383,.T.);
#5664=ORIENTED_EDGE('',*,*,#3715,.F.);
#5665=ORIENTED_EDGE('',*,*,#4385,.F.);
#5666=ORIENTED_EDGE('',*,*,#4386,.F.);
#5667=ORIENTED_EDGE('',*,*,#4385,.T.);
#5668=ORIENTED_EDGE('',*,*,#3714,.F.);
#5669=ORIENTED_EDGE('',*,*,#4387,.F.);
#5670=ORIENTED_EDGE('',*,*,#4388,.F.);
#5671=ORIENTED_EDGE('',*,*,#4389,.T.);
#5672=ORIENTED_EDGE('',*,*,#3713,.F.);
#5673=ORIENTED_EDGE('',*,*,#4390,.F.);
#5674=ORIENTED_EDGE('',*,*,#4391,.F.);
#5675=ORIENTED_EDGE('',*,*,#4390,.T.);
#5676=ORIENTED_EDGE('',*,*,#3712,.F.);
#5677=ORIENTED_EDGE('',*,*,#4392,.F.);
#5678=ORIENTED_EDGE('',*,*,#4393,.F.);
#5679=ORIENTED_EDGE('',*,*,#4394,.T.);
#5680=ORIENTED_EDGE('',*,*,#3708,.F.);
#5681=ORIENTED_EDGE('',*,*,#4395,.F.);
#5682=ORIENTED_EDGE('',*,*,#4396,.F.);
#5683=ORIENTED_EDGE('',*,*,#4395,.T.);
#5684=ORIENTED_EDGE('',*,*,#3707,.F.);
#5685=ORIENTED_EDGE('',*,*,#4397,.F.);
#5686=ORIENTED_EDGE('',*,*,#4398,.F.);
#5687=ORIENTED_EDGE('',*,*,#4397,.T.);
#5688=ORIENTED_EDGE('',*,*,#3706,.F.);
#5689=ORIENTED_EDGE('',*,*,#4399,.F.);
#5690=ORIENTED_EDGE('',*,*,#4400,.F.);
#5691=ORIENTED_EDGE('',*,*,#4401,.T.);
#5692=ORIENTED_EDGE('',*,*,#3702,.F.);
#5693=ORIENTED_EDGE('',*,*,#4389,.F.);
#5694=ORIENTED_EDGE('',*,*,#4143,.T.);
#5695=ORIENTED_EDGE('',*,*,#4146,.T.);
#5696=ORIENTED_EDGE('',*,*,#4148,.T.);
#5697=ORIENTED_EDGE('',*,*,#4402,.F.);
#5698=ORIENTED_EDGE('',*,*,#4381,.T.);
#5699=ORIENTED_EDGE('',*,*,#4384,.T.);
#5700=ORIENTED_EDGE('',*,*,#4386,.T.);
#5701=ORIENTED_EDGE('',*,*,#4403,.F.);
#5702=ORIENTED_EDGE('',*,*,#4129,.T.);
#5703=ORIENTED_EDGE('',*,*,#4132,.T.);
#5704=ORIENTED_EDGE('',*,*,#4134,.T.);
#5705=ORIENTED_EDGE('',*,*,#4404,.F.);
#5706=ORIENTED_EDGE('',*,*,#4353,.T.);
#5707=ORIENTED_EDGE('',*,*,#4356,.T.);
#5708=ORIENTED_EDGE('',*,*,#4358,.T.);
#5709=ORIENTED_EDGE('',*,*,#4405,.F.);
#5710=ORIENTED_EDGE('',*,*,#4391,.T.);
#5711=ORIENTED_EDGE('',*,*,#4406,.F.);
#5712=ORIENTED_EDGE('',*,*,#4400,.T.);
#5713=ORIENTED_EDGE('',*,*,#4388,.T.);
#5714=ORIENTED_EDGE('',*,*,#4393,.T.);
#5715=ORIENTED_EDGE('',*,*,#4396,.T.);
#5716=ORIENTED_EDGE('',*,*,#4398,.T.);
#5717=ORIENTED_EDGE('',*,*,#4407,.F.);
#5718=ORIENTED_EDGE('',*,*,#4379,.T.);
#5719=ORIENTED_EDGE('',*,*,#4408,.F.);
#5720=ORIENTED_EDGE('',*,*,#4374,.T.);
#5721=ORIENTED_EDGE('',*,*,#4377,.T.);
#5722=ORIENTED_EDGE('',*,*,#4363,.T.);
#5723=ORIENTED_EDGE('',*,*,#4409,.F.);
#5724=ORIENTED_EDGE('',*,*,#4372,.T.);
#5725=ORIENTED_EDGE('',*,*,#4360,.T.);
#5726=ORIENTED_EDGE('',*,*,#4365,.T.);
#5727=ORIENTED_EDGE('',*,*,#4368,.T.);
#5728=ORIENTED_EDGE('',*,*,#4370,.T.);
#5729=ORIENTED_EDGE('',*,*,#4410,.F.);
#5730=ORIENTED_EDGE('',*,*,#4351,.T.);
#5731=ORIENTED_EDGE('',*,*,#4411,.F.);
#5732=ORIENTED_EDGE('',*,*,#4346,.T.);
#5733=ORIENTED_EDGE('',*,*,#4349,.T.);
#5734=ORIENTED_EDGE('',*,*,#4335,.T.);
#5735=ORIENTED_EDGE('',*,*,#4412,.F.);
#5736=ORIENTED_EDGE('',*,*,#4344,.T.);
#5737=ORIENTED_EDGE('',*,*,#4332,.T.);
#5738=ORIENTED_EDGE('',*,*,#4337,.T.);
#5739=ORIENTED_EDGE('',*,*,#4340,.T.);
#5740=ORIENTED_EDGE('',*,*,#4342,.T.);
#5741=ORIENTED_EDGE('',*,*,#4413,.F.);
#5742=ORIENTED_EDGE('',*,*,#4321,.T.);
#5743=ORIENTED_EDGE('',*,*,#4414,.F.);
#5744=ORIENTED_EDGE('',*,*,#4330,.T.);
#5745=ORIENTED_EDGE('',*,*,#4318,.T.);
#5746=ORIENTED_EDGE('',*,*,#4323,.T.);
#5747=ORIENTED_EDGE('',*,*,#4326,.T.);
#5748=ORIENTED_EDGE('',*,*,#4328,.T.);
#5749=ORIENTED_EDGE('',*,*,#4415,.F.);
#5750=ORIENTED_EDGE('',*,*,#4307,.T.);
#5751=ORIENTED_EDGE('',*,*,#4416,.F.);
#5752=ORIENTED_EDGE('',*,*,#4316,.T.);
#5753=ORIENTED_EDGE('',*,*,#4304,.T.);
#5754=ORIENTED_EDGE('',*,*,#4309,.T.);
#5755=ORIENTED_EDGE('',*,*,#4312,.T.);
#5756=ORIENTED_EDGE('',*,*,#4314,.T.);
#5757=ORIENTED_EDGE('',*,*,#4417,.F.);
#5758=ORIENTED_EDGE('',*,*,#4293,.T.);
#5759=ORIENTED_EDGE('',*,*,#4418,.F.);
#5760=ORIENTED_EDGE('',*,*,#4302,.T.);
#5761=ORIENTED_EDGE('',*,*,#4290,.T.);
#5762=ORIENTED_EDGE('',*,*,#4295,.T.);
#5763=ORIENTED_EDGE('',*,*,#4298,.T.);
#5764=ORIENTED_EDGE('',*,*,#4300,.T.);
#5765=ORIENTED_EDGE('',*,*,#4419,.F.);
#5766=ORIENTED_EDGE('',*,*,#4279,.T.);
#5767=ORIENTED_EDGE('',*,*,#4420,.F.);
#5768=ORIENTED_EDGE('',*,*,#4288,.T.);
#5769=ORIENTED_EDGE('',*,*,#4276,.T.);
#5770=ORIENTED_EDGE('',*,*,#4281,.T.);
#5771=ORIENTED_EDGE('',*,*,#4284,.T.);
#5772=ORIENTED_EDGE('',*,*,#4286,.T.);
#5773=ORIENTED_EDGE('',*,*,#4421,.F.);
#5774=ORIENTED_EDGE('',*,*,#4265,.T.);
#5775=ORIENTED_EDGE('',*,*,#4422,.F.);
#5776=ORIENTED_EDGE('',*,*,#4274,.T.);
#5777=ORIENTED_EDGE('',*,*,#4262,.T.);
#5778=ORIENTED_EDGE('',*,*,#4267,.T.);
#5779=ORIENTED_EDGE('',*,*,#4270,.T.);
#5780=ORIENTED_EDGE('',*,*,#4272,.T.);
#5781=ORIENTED_EDGE('',*,*,#4423,.F.);
#5782=ORIENTED_EDGE('',*,*,#4251,.T.);
#5783=ORIENTED_EDGE('',*,*,#4424,.F.);
#5784=ORIENTED_EDGE('',*,*,#4260,.T.);
#5785=ORIENTED_EDGE('',*,*,#4248,.T.);
#5786=ORIENTED_EDGE('',*,*,#4253,.T.);
#5787=ORIENTED_EDGE('',*,*,#4256,.T.);
#5788=ORIENTED_EDGE('',*,*,#4258,.T.);
#5789=ORIENTED_EDGE('',*,*,#4425,.F.);
#5790=ORIENTED_EDGE('',*,*,#4237,.T.);
#5791=ORIENTED_EDGE('',*,*,#4426,.F.);
#5792=ORIENTED_EDGE('',*,*,#4246,.T.);
#5793=ORIENTED_EDGE('',*,*,#4234,.T.);
#5794=ORIENTED_EDGE('',*,*,#4239,.T.);
#5795=ORIENTED_EDGE('',*,*,#4242,.T.);
#5796=ORIENTED_EDGE('',*,*,#4244,.T.);
#5797=ORIENTED_EDGE('',*,*,#4427,.F.);
#5798=ORIENTED_EDGE('',*,*,#4223,.T.);
#5799=ORIENTED_EDGE('',*,*,#4428,.F.);
#5800=ORIENTED_EDGE('',*,*,#4232,.T.);
#5801=ORIENTED_EDGE('',*,*,#4220,.T.);
#5802=ORIENTED_EDGE('',*,*,#4225,.T.);
#5803=ORIENTED_EDGE('',*,*,#4228,.T.);
#5804=ORIENTED_EDGE('',*,*,#4230,.T.);
#5805=ORIENTED_EDGE('',*,*,#4429,.F.);
#5806=ORIENTED_EDGE('',*,*,#4209,.T.);
#5807=ORIENTED_EDGE('',*,*,#4430,.F.);
#5808=ORIENTED_EDGE('',*,*,#4218,.T.);
#5809=ORIENTED_EDGE('',*,*,#4206,.T.);
#5810=ORIENTED_EDGE('',*,*,#4211,.T.);
#5811=ORIENTED_EDGE('',*,*,#4214,.T.);
#5812=ORIENTED_EDGE('',*,*,#4216,.T.);
#5813=ORIENTED_EDGE('',*,*,#4431,.F.);
#5814=ORIENTED_EDGE('',*,*,#4195,.T.);
#5815=ORIENTED_EDGE('',*,*,#4432,.F.);
#5816=ORIENTED_EDGE('',*,*,#4204,.T.);
#5817=ORIENTED_EDGE('',*,*,#4192,.T.);
#5818=ORIENTED_EDGE('',*,*,#4197,.T.);
#5819=ORIENTED_EDGE('',*,*,#4200,.T.);
#5820=ORIENTED_EDGE('',*,*,#4202,.T.);
#5821=ORIENTED_EDGE('',*,*,#4433,.F.);
#5822=ORIENTED_EDGE('',*,*,#4181,.T.);
#5823=ORIENTED_EDGE('',*,*,#4434,.F.);
#5824=ORIENTED_EDGE('',*,*,#4190,.T.);
#5825=ORIENTED_EDGE('',*,*,#4178,.T.);
#5826=ORIENTED_EDGE('',*,*,#4183,.T.);
#5827=ORIENTED_EDGE('',*,*,#4186,.T.);
#5828=ORIENTED_EDGE('',*,*,#4188,.T.);
#5829=ORIENTED_EDGE('',*,*,#4435,.F.);
#5830=ORIENTED_EDGE('',*,*,#4167,.T.);
#5831=ORIENTED_EDGE('',*,*,#4436,.F.);
#5832=ORIENTED_EDGE('',*,*,#4176,.T.);
#5833=ORIENTED_EDGE('',*,*,#4164,.T.);
#5834=ORIENTED_EDGE('',*,*,#4169,.T.);
#5835=ORIENTED_EDGE('',*,*,#4172,.T.);
#5836=ORIENTED_EDGE('',*,*,#4174,.T.);
#5837=ORIENTED_EDGE('',*,*,#4437,.F.);
#5838=ORIENTED_EDGE('',*,*,#4153,.T.);
#5839=ORIENTED_EDGE('',*,*,#4438,.F.);
#5840=ORIENTED_EDGE('',*,*,#4162,.T.);
#5841=ORIENTED_EDGE('',*,*,#4150,.T.);
#5842=ORIENTED_EDGE('',*,*,#4155,.T.);
#5843=ORIENTED_EDGE('',*,*,#4158,.T.);
#5844=ORIENTED_EDGE('',*,*,#4160,.T.);
#5845=ORIENTED_EDGE('',*,*,#4439,.F.);
#5846=ORIENTED_EDGE('',*,*,#4141,.T.);
#5847=ORIENTED_EDGE('',*,*,#4440,.F.);
#5848=ORIENTED_EDGE('',*,*,#4136,.T.);
#5849=ORIENTED_EDGE('',*,*,#4139,.T.);
#5850=ORIENTED_EDGE('',*,*,#4127,.T.);
#5851=ORIENTED_EDGE('',*,*,#4441,.F.);
#5852=ORIENTED_EDGE('',*,*,#4122,.T.);
#5853=ORIENTED_EDGE('',*,*,#4125,.T.);
#5854=ORIENTED_EDGE('',*,*,#4111,.T.);
#5855=ORIENTED_EDGE('',*,*,#4442,.F.);
#5856=ORIENTED_EDGE('',*,*,#4120,.T.);
#5857=ORIENTED_EDGE('',*,*,#4108,.T.);
#5858=ORIENTED_EDGE('',*,*,#4113,.T.);
#5859=ORIENTED_EDGE('',*,*,#4116,.T.);
#5860=ORIENTED_EDGE('',*,*,#4118,.T.);
#5861=ORIENTED_EDGE('',*,*,#4443,.F.);
#5862=ORIENTED_EDGE('',*,*,#4030,.F.);
#5863=ORIENTED_EDGE('',*,*,#4444,.T.);
#5864=ORIENTED_EDGE('',*,*,#4444,.F.);
#5865=ORIENTED_EDGE('',*,*,#4076,.F.);
#5866=ORIENTED_EDGE('',*,*,#4445,.T.);
#5867=ORIENTED_EDGE('',*,*,#4445,.F.);
#5868=ORIENTED_EDGE('',*,*,#4023,.F.);
#5869=ORIENTED_EDGE('',*,*,#4446,.T.);
#5870=ORIENTED_EDGE('',*,*,#4446,.F.);
#5871=ORIENTED_EDGE('',*,*,#4044,.F.);
#5872=ORIENTED_EDGE('',*,*,#4447,.T.);
#5873=ORIENTED_EDGE('',*,*,#4447,.F.);
#5874=ORIENTED_EDGE('',*,*,#4037,.F.);
#5875=ORIENTED_EDGE('',*,*,#4448,.T.);
#5876=ORIENTED_EDGE('',*,*,#4448,.F.);
#5877=ORIENTED_EDGE('',*,*,#4449,.F.);
#5878=ORIENTED_EDGE('',*,*,#3935,.F.);
#5879=ORIENTED_EDGE('',*,*,#4450,.F.);
#5880=ORIENTED_EDGE('',*,*,#3753,.F.);
#5881=ORIENTED_EDGE('',*,*,#4423,.T.);
#5882=ORIENTED_EDGE('',*,*,#4273,.T.);
#5883=ORIENTED_EDGE('',*,*,#3754,.F.);
#5884=ORIENTED_EDGE('',*,*,#4450,.T.);
#5885=ORIENTED_EDGE('',*,*,#3934,.F.);
#5886=ORIENTED_EDGE('',*,*,#4451,.F.);
#5887=ORIENTED_EDGE('',*,*,#3758,.F.);
#5888=ORIENTED_EDGE('',*,*,#4268,.F.);
#5889=ORIENTED_EDGE('',*,*,#4451,.T.);
#5890=ORIENTED_EDGE('',*,*,#3933,.F.);
#5891=ORIENTED_EDGE('',*,*,#4452,.F.);
#5892=ORIENTED_EDGE('',*,*,#3759,.F.);
#5893=ORIENTED_EDGE('',*,*,#4422,.T.);
#5894=ORIENTED_EDGE('',*,*,#4266,.T.);
#5895=ORIENTED_EDGE('',*,*,#3760,.F.);
#5896=ORIENTED_EDGE('',*,*,#4452,.T.);
#5897=ORIENTED_EDGE('',*,*,#3932,.F.);
#5898=ORIENTED_EDGE('',*,*,#4449,.T.);
#5899=ORIENTED_EDGE('',*,*,#3752,.F.);
#5900=ORIENTED_EDGE('',*,*,#4275,.F.);
#5901=ORIENTED_EDGE('',*,*,#4453,.F.);
#5902=ORIENTED_EDGE('',*,*,#3939,.F.);
#5903=ORIENTED_EDGE('',*,*,#4454,.F.);
#5904=ORIENTED_EDGE('',*,*,#3704,.F.);
#5905=ORIENTED_EDGE('',*,*,#4407,.T.);
#5906=ORIENTED_EDGE('',*,*,#4399,.T.);
#5907=ORIENTED_EDGE('',*,*,#3705,.F.);
#5908=ORIENTED_EDGE('',*,*,#4454,.T.);
#5909=ORIENTED_EDGE('',*,*,#3938,.F.);
#5910=ORIENTED_EDGE('',*,*,#4455,.F.);
#5911=ORIENTED_EDGE('',*,*,#3709,.F.);
#5912=ORIENTED_EDGE('',*,*,#4394,.F.);
#5913=ORIENTED_EDGE('',*,*,#4455,.T.);
#5914=ORIENTED_EDGE('',*,*,#3937,.F.);
#5915=ORIENTED_EDGE('',*,*,#4456,.F.);
#5916=ORIENTED_EDGE('',*,*,#3710,.F.);
#5917=ORIENTED_EDGE('',*,*,#4406,.T.);
#5918=ORIENTED_EDGE('',*,*,#4392,.T.);
#5919=ORIENTED_EDGE('',*,*,#3711,.F.);
#5920=ORIENTED_EDGE('',*,*,#4456,.T.);
#5921=ORIENTED_EDGE('',*,*,#3936,.F.);
#5922=ORIENTED_EDGE('',*,*,#4453,.T.);
#5923=ORIENTED_EDGE('',*,*,#3703,.F.);
#5924=ORIENTED_EDGE('',*,*,#4401,.F.);
#5925=ORIENTED_EDGE('',*,*,#4457,.F.);
#5926=ORIENTED_EDGE('',*,*,#3943,.F.);
#5927=ORIENTED_EDGE('',*,*,#4458,.F.);
#5928=ORIENTED_EDGE('',*,*,#3734,.F.);
#5929=ORIENTED_EDGE('',*,*,#4409,.T.);
#5930=ORIENTED_EDGE('',*,*,#4364,.T.);
#5931=ORIENTED_EDGE('',*,*,#3735,.F.);
#5932=ORIENTED_EDGE('',*,*,#4458,.T.);
#5933=ORIENTED_EDGE('',*,*,#3942,.F.);
#5934=ORIENTED_EDGE('',*,*,#4459,.F.);
#5935=ORIENTED_EDGE('',*,*,#3727,.F.);
#5936=ORIENTED_EDGE('',*,*,#4373,.F.);
#5937=ORIENTED_EDGE('',*,*,#4459,.T.);
#5938=ORIENTED_EDGE('',*,*,#3941,.F.);
#5939=ORIENTED_EDGE('',*,*,#4460,.F.);
#5940=ORIENTED_EDGE('',*,*,#3728,.F.);
#5941=ORIENTED_EDGE('',*,*,#4410,.T.);
#5942=ORIENTED_EDGE('',*,*,#4371,.T.);
#5943=ORIENTED_EDGE('',*,*,#3729,.F.);
#5944=ORIENTED_EDGE('',*,*,#4460,.T.);
#5945=ORIENTED_EDGE('',*,*,#3940,.F.);
#5946=ORIENTED_EDGE('',*,*,#4457,.T.);
#5947=ORIENTED_EDGE('',*,*,#3733,.F.);
#5948=ORIENTED_EDGE('',*,*,#4366,.F.);
#5949=ORIENTED_EDGE('',*,*,#4461,.F.);
#5950=ORIENTED_EDGE('',*,*,#3947,.F.);
#5951=ORIENTED_EDGE('',*,*,#4462,.F.);
#5952=ORIENTED_EDGE('',*,*,#3801,.F.);
#5953=ORIENTED_EDGE('',*,*,#4437,.T.);
#5954=ORIENTED_EDGE('',*,*,#4175,.T.);
#5955=ORIENTED_EDGE('',*,*,#3802,.F.);
#5956=ORIENTED_EDGE('',*,*,#4462,.T.);
#5957=ORIENTED_EDGE('',*,*,#3946,.F.);
#5958=ORIENTED_EDGE('',*,*,#4463,.F.);
#5959=ORIENTED_EDGE('',*,*,#3806,.F.);
#5960=ORIENTED_EDGE('',*,*,#4170,.F.);
#5961=ORIENTED_EDGE('',*,*,#4463,.T.);
#5962=ORIENTED_EDGE('',*,*,#3945,.F.);
#5963=ORIENTED_EDGE('',*,*,#4464,.F.);
#5964=ORIENTED_EDGE('',*,*,#3807,.F.);
#5965=ORIENTED_EDGE('',*,*,#4436,.T.);
#5966=ORIENTED_EDGE('',*,*,#4168,.T.);
#5967=ORIENTED_EDGE('',*,*,#3808,.F.);
#5968=ORIENTED_EDGE('',*,*,#4464,.T.);
#5969=ORIENTED_EDGE('',*,*,#3944,.F.);
#5970=ORIENTED_EDGE('',*,*,#4461,.T.);
#5971=ORIENTED_EDGE('',*,*,#3800,.F.);
#5972=ORIENTED_EDGE('',*,*,#4177,.F.);
#5973=ORIENTED_EDGE('',*,*,#4465,.F.);
#5974=ORIENTED_EDGE('',*,*,#3951,.F.);
#5975=ORIENTED_EDGE('',*,*,#4466,.F.);
#5976=ORIENTED_EDGE('',*,*,#3854,.F.);
#5977=ORIENTED_EDGE('',*,*,#4417,.T.);
#5978=ORIENTED_EDGE('',*,*,#4315,.T.);
#5979=ORIENTED_EDGE('',*,*,#3855,.F.);
#5980=ORIENTED_EDGE('',*,*,#4466,.T.);
#5981=ORIENTED_EDGE('',*,*,#3950,.F.);
#5982=ORIENTED_EDGE('',*,*,#4467,.F.);
#5983=ORIENTED_EDGE('',*,*,#4083,.T.);
#5984=ORIENTED_EDGE('',*,*,#3859,.F.);
#5985=ORIENTED_EDGE('',*,*,#4310,.F.);
#5986=ORIENTED_EDGE('',*,*,#4467,.T.);
#5987=ORIENTED_EDGE('',*,*,#3949,.F.);
#5988=ORIENTED_EDGE('',*,*,#4468,.F.);
#5989=ORIENTED_EDGE('',*,*,#3848,.F.);
#5990=ORIENTED_EDGE('',*,*,#4084,.T.);
#5991=ORIENTED_EDGE('',*,*,#4416,.T.);
#5992=ORIENTED_EDGE('',*,*,#4308,.T.);
#5993=ORIENTED_EDGE('',*,*,#3849,.F.);
#5994=ORIENTED_EDGE('',*,*,#4468,.T.);
#5995=ORIENTED_EDGE('',*,*,#3948,.F.);
#5996=ORIENTED_EDGE('',*,*,#4465,.T.);
#5997=ORIENTED_EDGE('',*,*,#3853,.F.);
#5998=ORIENTED_EDGE('',*,*,#4317,.F.);
#5999=ORIENTED_EDGE('',*,*,#4469,.F.);
#6000=ORIENTED_EDGE('',*,*,#3955,.F.);
#6001=ORIENTED_EDGE('',*,*,#4470,.F.);
#6002=ORIENTED_EDGE('',*,*,#3631,.F.);
#6003=ORIENTED_EDGE('',*,*,#4435,.T.);
#6004=ORIENTED_EDGE('',*,*,#4189,.T.);
#6005=ORIENTED_EDGE('',*,*,#3632,.F.);
#6006=ORIENTED_EDGE('',*,*,#4470,.T.);
#6007=ORIENTED_EDGE('',*,*,#3954,.F.);
#6008=ORIENTED_EDGE('',*,*,#4471,.F.);
#6009=ORIENTED_EDGE('',*,*,#4092,.T.);
#6010=ORIENTED_EDGE('',*,*,#3636,.F.);
#6011=ORIENTED_EDGE('',*,*,#4184,.F.);
#6012=ORIENTED_EDGE('',*,*,#4471,.T.);
#6013=ORIENTED_EDGE('',*,*,#3953,.F.);
#6014=ORIENTED_EDGE('',*,*,#4472,.F.);
#6015=ORIENTED_EDGE('',*,*,#3625,.F.);
#6016=ORIENTED_EDGE('',*,*,#4093,.T.);
#6017=ORIENTED_EDGE('',*,*,#4434,.T.);
#6018=ORIENTED_EDGE('',*,*,#4182,.T.);
#6019=ORIENTED_EDGE('',*,*,#3626,.F.);
#6020=ORIENTED_EDGE('',*,*,#4472,.T.);
#6021=ORIENTED_EDGE('',*,*,#3952,.F.);
#6022=ORIENTED_EDGE('',*,*,#4469,.T.);
#6023=ORIENTED_EDGE('',*,*,#3630,.F.);
#6024=ORIENTED_EDGE('',*,*,#4191,.F.);
#6025=ORIENTED_EDGE('',*,*,#4473,.F.);
#6026=ORIENTED_EDGE('',*,*,#3959,.F.);
#6027=ORIENTED_EDGE('',*,*,#4474,.F.);
#6028=ORIENTED_EDGE('',*,*,#4094,.T.);
#6029=ORIENTED_EDGE('',*,*,#3701,.F.);
#6030=ORIENTED_EDGE('',*,*,#4443,.T.);
#6031=ORIENTED_EDGE('',*,*,#4119,.T.);
#6032=ORIENTED_EDGE('',*,*,#3690,.F.);
#6033=ORIENTED_EDGE('',*,*,#4095,.T.);
#6034=ORIENTED_EDGE('',*,*,#4474,.T.);
#6035=ORIENTED_EDGE('',*,*,#3958,.F.);
#6036=ORIENTED_EDGE('',*,*,#4475,.F.);
#6037=ORIENTED_EDGE('',*,*,#3694,.F.);
#6038=ORIENTED_EDGE('',*,*,#4114,.F.);
#6039=ORIENTED_EDGE('',*,*,#4475,.T.);
#6040=ORIENTED_EDGE('',*,*,#3957,.F.);
#6041=ORIENTED_EDGE('',*,*,#4476,.F.);
#6042=ORIENTED_EDGE('',*,*,#3695,.F.);
#6043=ORIENTED_EDGE('',*,*,#4442,.T.);
#6044=ORIENTED_EDGE('',*,*,#4112,.T.);
#6045=ORIENTED_EDGE('',*,*,#3696,.F.);
#6046=ORIENTED_EDGE('',*,*,#4476,.T.);
#6047=ORIENTED_EDGE('',*,*,#3956,.F.);
#6048=ORIENTED_EDGE('',*,*,#4473,.T.);
#6049=ORIENTED_EDGE('',*,*,#3700,.F.);
#6050=ORIENTED_EDGE('',*,*,#4121,.F.);
#6051=ORIENTED_EDGE('',*,*,#4477,.F.);
#6052=ORIENTED_EDGE('',*,*,#3964,.F.);
#6053=ORIENTED_EDGE('',*,*,#4478,.F.);
#6054=ORIENTED_EDGE('',*,*,#3749,.F.);
#6055=ORIENTED_EDGE('',*,*,#4405,.T.);
#6056=ORIENTED_EDGE('',*,*,#4359,.T.);
#6057=ORIENTED_EDGE('',*,*,#3750,.F.);
#6058=ORIENTED_EDGE('',*,*,#4478,.T.);
#6059=ORIENTED_EDGE('',*,*,#3963,.F.);
#6060=ORIENTED_EDGE('',*,*,#4479,.F.);
#6061=ORIENTED_EDGE('',*,*,#3741,.F.);
#6062=ORIENTED_EDGE('',*,*,#4354,.F.);
#6063=ORIENTED_EDGE('',*,*,#4479,.T.);
#6064=ORIENTED_EDGE('',*,*,#3962,.F.);
#6065=ORIENTED_EDGE('',*,*,#4480,.F.);
#6066=ORIENTED_EDGE('',*,*,#3742,.F.);
#6067=ORIENTED_EDGE('',*,*,#4480,.T.);
#6068=ORIENTED_EDGE('',*,*,#3961,.F.);
#6069=ORIENTED_EDGE('',*,*,#4481,.F.);
#6070=ORIENTED_EDGE('',*,*,#3743,.F.);
#6071=ORIENTED_EDGE('',*,*,#4411,.T.);
#6072=ORIENTED_EDGE('',*,*,#4352,.T.);
#6073=ORIENTED_EDGE('',*,*,#3744,.F.);
#6074=ORIENTED_EDGE('',*,*,#4481,.T.);
#6075=ORIENTED_EDGE('',*,*,#3960,.F.);
#6076=ORIENTED_EDGE('',*,*,#4477,.T.);
#6077=ORIENTED_EDGE('',*,*,#3748,.F.);
#6078=ORIENTED_EDGE('',*,*,#4347,.F.);
#6079=ORIENTED_EDGE('',*,*,#4482,.F.);
#6080=ORIENTED_EDGE('',*,*,#3968,.F.);
#6081=ORIENTED_EDGE('',*,*,#4483,.F.);
#6082=ORIENTED_EDGE('',*,*,#3839,.F.);
#6083=ORIENTED_EDGE('',*,*,#4441,.T.);
#6084=ORIENTED_EDGE('',*,*,#4128,.T.);
#6085=ORIENTED_EDGE('',*,*,#3840,.F.);
#6086=ORIENTED_EDGE('',*,*,#4483,.T.);
#6087=ORIENTED_EDGE('',*,*,#3967,.F.);
#6088=ORIENTED_EDGE('',*,*,#4484,.F.);
#6089=ORIENTED_EDGE('',*,*,#3844,.F.);
#6090=ORIENTED_EDGE('',*,*,#4123,.F.);
#6091=ORIENTED_EDGE('',*,*,#4484,.T.);
#6092=ORIENTED_EDGE('',*,*,#3966,.F.);
#6093=ORIENTED_EDGE('',*,*,#4485,.F.);
#6094=ORIENTED_EDGE('',*,*,#3845,.F.);
#6095=ORIENTED_EDGE('',*,*,#4404,.T.);
#6096=ORIENTED_EDGE('',*,*,#4135,.T.);
#6097=ORIENTED_EDGE('',*,*,#3846,.F.);
#6098=ORIENTED_EDGE('',*,*,#4485,.T.);
#6099=ORIENTED_EDGE('',*,*,#3965,.F.);
#6100=ORIENTED_EDGE('',*,*,#4482,.T.);
#6101=ORIENTED_EDGE('',*,*,#3838,.F.);
#6102=ORIENTED_EDGE('',*,*,#4130,.F.);
#6103=ORIENTED_EDGE('',*,*,#4486,.F.);
#6104=ORIENTED_EDGE('',*,*,#3972,.F.);
#6105=ORIENTED_EDGE('',*,*,#4487,.F.);
#6106=ORIENTED_EDGE('',*,*,#3718,.F.);
#6107=ORIENTED_EDGE('',*,*,#4408,.T.);
#6108=ORIENTED_EDGE('',*,*,#4380,.T.);
#6109=ORIENTED_EDGE('',*,*,#3719,.F.);
#6110=ORIENTED_EDGE('',*,*,#4487,.T.);
#6111=ORIENTED_EDGE('',*,*,#3971,.F.);
#6112=ORIENTED_EDGE('',*,*,#4488,.F.);
#6113=ORIENTED_EDGE('',*,*,#3723,.F.);
#6114=ORIENTED_EDGE('',*,*,#4375,.F.);
#6115=ORIENTED_EDGE('',*,*,#4488,.T.);
#6116=ORIENTED_EDGE('',*,*,#3970,.F.);
#6117=ORIENTED_EDGE('',*,*,#4489,.F.);
#6118=ORIENTED_EDGE('',*,*,#3724,.F.);
#6119=ORIENTED_EDGE('',*,*,#4403,.T.);
#6120=ORIENTED_EDGE('',*,*,#4387,.T.);
#6121=ORIENTED_EDGE('',*,*,#3725,.F.);
#6122=ORIENTED_EDGE('',*,*,#4489,.T.);
#6123=ORIENTED_EDGE('',*,*,#3969,.F.);
#6124=ORIENTED_EDGE('',*,*,#4486,.T.);
#6125=ORIENTED_EDGE('',*,*,#3717,.F.);
#6126=ORIENTED_EDGE('',*,*,#4382,.F.);
#6127=ORIENTED_EDGE('',*,*,#4490,.F.);
#6128=ORIENTED_EDGE('',*,*,#3976,.F.);
#6129=ORIENTED_EDGE('',*,*,#4491,.F.);
#6130=ORIENTED_EDGE('',*,*,#3765,.F.);
#6131=ORIENTED_EDGE('',*,*,#4425,.T.);
#6132=ORIENTED_EDGE('',*,*,#4259,.T.);
#6133=ORIENTED_EDGE('',*,*,#3766,.F.);
#6134=ORIENTED_EDGE('',*,*,#4491,.T.);
#6135=ORIENTED_EDGE('',*,*,#3975,.F.);
#6136=ORIENTED_EDGE('',*,*,#4492,.F.);
#6137=ORIENTED_EDGE('',*,*,#3770,.F.);
#6138=ORIENTED_EDGE('',*,*,#4254,.F.);
#6139=ORIENTED_EDGE('',*,*,#4492,.T.);
#6140=ORIENTED_EDGE('',*,*,#3974,.F.);
#6141=ORIENTED_EDGE('',*,*,#4493,.F.);
#6142=ORIENTED_EDGE('',*,*,#3771,.F.);
#6143=ORIENTED_EDGE('',*,*,#4424,.T.);
#6144=ORIENTED_EDGE('',*,*,#4252,.T.);
#6145=ORIENTED_EDGE('',*,*,#3772,.F.);
#6146=ORIENTED_EDGE('',*,*,#4493,.T.);
#6147=ORIENTED_EDGE('',*,*,#3973,.F.);
#6148=ORIENTED_EDGE('',*,*,#4490,.T.);
#6149=ORIENTED_EDGE('',*,*,#3764,.F.);
#6150=ORIENTED_EDGE('',*,*,#4261,.F.);
#6151=ORIENTED_EDGE('',*,*,#4415,.T.);
#6152=ORIENTED_EDGE('',*,*,#4329,.T.);
#6153=ORIENTED_EDGE('',*,*,#3885,.F.);
#6154=ORIENTED_EDGE('',*,*,#4494,.F.);
#6155=ORIENTED_EDGE('',*,*,#3980,.F.);
#6156=ORIENTED_EDGE('',*,*,#4495,.F.);
#6157=ORIENTED_EDGE('',*,*,#3877,.F.);
#6158=ORIENTED_EDGE('',*,*,#4324,.F.);
#6159=ORIENTED_EDGE('',*,*,#4495,.T.);
#6160=ORIENTED_EDGE('',*,*,#3979,.F.);
#6161=ORIENTED_EDGE('',*,*,#4496,.F.);
#6162=ORIENTED_EDGE('',*,*,#3878,.F.);
#6163=ORIENTED_EDGE('',*,*,#4414,.T.);
#6164=ORIENTED_EDGE('',*,*,#4322,.T.);
#6165=ORIENTED_EDGE('',*,*,#3879,.F.);
#6166=ORIENTED_EDGE('',*,*,#4496,.T.);
#6167=ORIENTED_EDGE('',*,*,#3978,.F.);
#6168=ORIENTED_EDGE('',*,*,#4497,.F.);
#6169=ORIENTED_EDGE('',*,*,#3883,.F.);
#6170=ORIENTED_EDGE('',*,*,#4331,.F.);
#6171=ORIENTED_EDGE('',*,*,#4497,.T.);
#6172=ORIENTED_EDGE('',*,*,#3977,.F.);
#6173=ORIENTED_EDGE('',*,*,#4494,.T.);
#6174=ORIENTED_EDGE('',*,*,#3884,.F.);
#6175=ORIENTED_EDGE('',*,*,#4498,.F.);
#6176=ORIENTED_EDGE('',*,*,#3984,.F.);
#6177=ORIENTED_EDGE('',*,*,#4499,.F.);
#6178=ORIENTED_EDGE('',*,*,#3813,.F.);
#6179=ORIENTED_EDGE('',*,*,#4439,.T.);
#6180=ORIENTED_EDGE('',*,*,#4161,.T.);
#6181=ORIENTED_EDGE('',*,*,#3814,.F.);
#6182=ORIENTED_EDGE('',*,*,#4499,.T.);
#6183=ORIENTED_EDGE('',*,*,#3983,.F.);
#6184=ORIENTED_EDGE('',*,*,#4500,.F.);
#6185=ORIENTED_EDGE('',*,*,#3818,.F.);
#6186=ORIENTED_EDGE('',*,*,#4156,.F.);
#6187=ORIENTED_EDGE('',*,*,#4500,.T.);
#6188=ORIENTED_EDGE('',*,*,#3982,.F.);
#6189=ORIENTED_EDGE('',*,*,#4501,.F.);
#6190=ORIENTED_EDGE('',*,*,#3819,.F.);
#6191=ORIENTED_EDGE('',*,*,#4438,.T.);
#6192=ORIENTED_EDGE('',*,*,#4154,.T.);
#6193=ORIENTED_EDGE('',*,*,#3820,.F.);
#6194=ORIENTED_EDGE('',*,*,#4501,.T.);
#6195=ORIENTED_EDGE('',*,*,#3981,.F.);
#6196=ORIENTED_EDGE('',*,*,#4498,.T.);
#6197=ORIENTED_EDGE('',*,*,#3812,.F.);
#6198=ORIENTED_EDGE('',*,*,#4163,.F.);
#6199=ORIENTED_EDGE('',*,*,#4502,.F.);
#6200=ORIENTED_EDGE('',*,*,#3988,.F.);
#6201=ORIENTED_EDGE('',*,*,#4503,.F.);
#6202=ORIENTED_EDGE('',*,*,#3861,.F.);
#6203=ORIENTED_EDGE('',*,*,#4082,.T.);
#6204=ORIENTED_EDGE('',*,*,#4413,.T.);
#6205=ORIENTED_EDGE('',*,*,#4343,.T.);
#6206=ORIENTED_EDGE('',*,*,#3862,.F.);
#6207=ORIENTED_EDGE('',*,*,#4503,.T.);
#6208=ORIENTED_EDGE('',*,*,#3987,.F.);
#6209=ORIENTED_EDGE('',*,*,#4504,.F.);
#6210=ORIENTED_EDGE('',*,*,#3866,.F.);
#6211=ORIENTED_EDGE('',*,*,#4338,.F.);
#6212=ORIENTED_EDGE('',*,*,#4504,.T.);
#6213=ORIENTED_EDGE('',*,*,#3986,.F.);
#6214=ORIENTED_EDGE('',*,*,#4505,.F.);
#6215=ORIENTED_EDGE('',*,*,#3867,.F.);
#6216=ORIENTED_EDGE('',*,*,#4412,.T.);
#6217=ORIENTED_EDGE('',*,*,#4336,.T.);
#6218=ORIENTED_EDGE('',*,*,#3868,.F.);
#6219=ORIENTED_EDGE('',*,*,#4505,.T.);
#6220=ORIENTED_EDGE('',*,*,#3985,.F.);
#6221=ORIENTED_EDGE('',*,*,#4502,.T.);
#6222=ORIENTED_EDGE('',*,*,#4081,.T.);
#6223=ORIENTED_EDGE('',*,*,#3872,.F.);
#6224=ORIENTED_EDGE('',*,*,#4345,.F.);
#6225=ORIENTED_EDGE('',*,*,#4506,.F.);
#6226=ORIENTED_EDGE('',*,*,#3992,.F.);
#6227=ORIENTED_EDGE('',*,*,#4507,.F.);
#6228=ORIENTED_EDGE('',*,*,#3827,.F.);
#6229=ORIENTED_EDGE('',*,*,#4440,.T.);
#6230=ORIENTED_EDGE('',*,*,#4142,.T.);
#6231=ORIENTED_EDGE('',*,*,#3828,.F.);
#6232=ORIENTED_EDGE('',*,*,#4507,.T.);
#6233=ORIENTED_EDGE('',*,*,#3991,.F.);
#6234=ORIENTED_EDGE('',*,*,#4508,.F.);
#6235=ORIENTED_EDGE('',*,*,#3832,.F.);
#6236=ORIENTED_EDGE('',*,*,#4137,.F.);
#6237=ORIENTED_EDGE('',*,*,#4508,.T.);
#6238=ORIENTED_EDGE('',*,*,#3990,.F.);
#6239=ORIENTED_EDGE('',*,*,#4509,.F.);
#6240=ORIENTED_EDGE('',*,*,#3833,.F.);
#6241=ORIENTED_EDGE('',*,*,#4402,.T.);
#6242=ORIENTED_EDGE('',*,*,#4149,.T.);
#6243=ORIENTED_EDGE('',*,*,#3834,.F.);
#6244=ORIENTED_EDGE('',*,*,#4509,.T.);
#6245=ORIENTED_EDGE('',*,*,#3989,.F.);
#6246=ORIENTED_EDGE('',*,*,#4506,.T.);
#6247=ORIENTED_EDGE('',*,*,#3826,.F.);
#6248=ORIENTED_EDGE('',*,*,#4144,.F.);
#6249=ORIENTED_EDGE('',*,*,#4510,.F.);
#6250=ORIENTED_EDGE('',*,*,#3996,.F.);
#6251=ORIENTED_EDGE('',*,*,#4511,.F.);
#6252=ORIENTED_EDGE('',*,*,#4106,.T.);
#6253=ORIENTED_EDGE('',*,*,#4096,.F.);
#6254=ORIENTED_EDGE('',*,*,#4088,.T.);
#6255=ORIENTED_EDGE('',*,*,#4421,.T.);
#6256=ORIENTED_EDGE('',*,*,#4287,.T.);
#6257=ORIENTED_EDGE('',*,*,#3677,.F.);
#6258=ORIENTED_EDGE('',*,*,#4107,.T.);
#6259=ORIENTED_EDGE('',*,*,#4511,.T.);
#6260=ORIENTED_EDGE('',*,*,#3995,.F.);
#6261=ORIENTED_EDGE('',*,*,#4512,.F.);
#6262=ORIENTED_EDGE('',*,*,#3681,.F.);
#6263=ORIENTED_EDGE('',*,*,#4282,.F.);
#6264=ORIENTED_EDGE('',*,*,#4512,.T.);
#6265=ORIENTED_EDGE('',*,*,#3994,.F.);
#6266=ORIENTED_EDGE('',*,*,#4513,.F.);
#6267=ORIENTED_EDGE('',*,*,#3682,.F.);
#6268=ORIENTED_EDGE('',*,*,#4420,.T.);
#6269=ORIENTED_EDGE('',*,*,#4280,.T.);
#6270=ORIENTED_EDGE('',*,*,#3683,.F.);
#6271=ORIENTED_EDGE('',*,*,#4513,.T.);
#6272=ORIENTED_EDGE('',*,*,#3993,.F.);
#6273=ORIENTED_EDGE('',*,*,#4510,.T.);
#6274=ORIENTED_EDGE('',*,*,#4087,.T.);
#6275=ORIENTED_EDGE('',*,*,#3687,.F.);
#6276=ORIENTED_EDGE('',*,*,#4289,.F.);
#6277=ORIENTED_EDGE('',*,*,#4514,.F.);
#6278=ORIENTED_EDGE('',*,*,#4000,.F.);
#6279=ORIENTED_EDGE('',*,*,#4515,.F.);
#6280=ORIENTED_EDGE('',*,*,#3663,.F.);
#6281=ORIENTED_EDGE('',*,*,#4101,.T.);
#6282=ORIENTED_EDGE('',*,*,#4431,.T.);
#6283=ORIENTED_EDGE('',*,*,#4217,.T.);
#6284=ORIENTED_EDGE('',*,*,#3664,.F.);
#6285=ORIENTED_EDGE('',*,*,#4515,.T.);
#6286=ORIENTED_EDGE('',*,*,#3999,.F.);
#6287=ORIENTED_EDGE('',*,*,#4516,.F.);
#6288=ORIENTED_EDGE('',*,*,#3668,.F.);
#6289=ORIENTED_EDGE('',*,*,#4212,.F.);
#6290=ORIENTED_EDGE('',*,*,#4516,.T.);
#6291=ORIENTED_EDGE('',*,*,#3998,.F.);
#6292=ORIENTED_EDGE('',*,*,#4517,.F.);
#6293=ORIENTED_EDGE('',*,*,#3669,.F.);
#6294=ORIENTED_EDGE('',*,*,#4430,.T.);
#6295=ORIENTED_EDGE('',*,*,#4210,.T.);
#6296=ORIENTED_EDGE('',*,*,#3670,.F.);
#6297=ORIENTED_EDGE('',*,*,#4517,.T.);
#6298=ORIENTED_EDGE('',*,*,#3997,.F.);
#6299=ORIENTED_EDGE('',*,*,#4514,.T.);
#6300=ORIENTED_EDGE('',*,*,#4100,.T.);
#6301=ORIENTED_EDGE('',*,*,#3674,.F.);
#6302=ORIENTED_EDGE('',*,*,#4219,.F.);
#6303=ORIENTED_EDGE('',*,*,#4518,.F.);
#6304=ORIENTED_EDGE('',*,*,#4004,.F.);
#6305=ORIENTED_EDGE('',*,*,#4519,.F.);
#6306=ORIENTED_EDGE('',*,*,#3655,.F.);
#6307=ORIENTED_EDGE('',*,*,#4429,.T.);
#6308=ORIENTED_EDGE('',*,*,#4231,.T.);
#6309=ORIENTED_EDGE('',*,*,#3656,.F.);
#6310=ORIENTED_EDGE('',*,*,#4519,.T.);
#6311=ORIENTED_EDGE('',*,*,#4003,.F.);
#6312=ORIENTED_EDGE('',*,*,#4520,.F.);
#6313=ORIENTED_EDGE('',*,*,#3660,.F.);
#6314=ORIENTED_EDGE('',*,*,#4226,.F.);
#6315=ORIENTED_EDGE('',*,*,#4520,.T.);
#6316=ORIENTED_EDGE('',*,*,#4002,.F.);
#6317=ORIENTED_EDGE('',*,*,#4521,.F.);
#6318=ORIENTED_EDGE('',*,*,#4102,.T.);
#6319=ORIENTED_EDGE('',*,*,#3661,.F.);
#6320=ORIENTED_EDGE('',*,*,#4428,.T.);
#6321=ORIENTED_EDGE('',*,*,#4224,.T.);
#6322=ORIENTED_EDGE('',*,*,#3650,.F.);
#6323=ORIENTED_EDGE('',*,*,#4103,.T.);
#6324=ORIENTED_EDGE('',*,*,#4521,.T.);
#6325=ORIENTED_EDGE('',*,*,#4001,.F.);
#6326=ORIENTED_EDGE('',*,*,#4518,.T.);
#6327=ORIENTED_EDGE('',*,*,#3654,.F.);
#6328=ORIENTED_EDGE('',*,*,#4233,.F.);
#6329=ORIENTED_EDGE('',*,*,#4522,.F.);
#6330=ORIENTED_EDGE('',*,*,#4008,.F.);
#6331=ORIENTED_EDGE('',*,*,#4523,.F.);
#6332=ORIENTED_EDGE('',*,*,#3795,.F.);
#6333=ORIENTED_EDGE('',*,*,#4432,.T.);
#6334=ORIENTED_EDGE('',*,*,#4196,.T.);
#6335=ORIENTED_EDGE('',*,*,#3796,.F.);
#6336=ORIENTED_EDGE('',*,*,#4523,.T.);
#6337=ORIENTED_EDGE('',*,*,#4007,.F.);
#6338=ORIENTED_EDGE('',*,*,#4524,.F.);
#6339=ORIENTED_EDGE('',*,*,#3788,.F.);
#6340=ORIENTED_EDGE('',*,*,#4205,.F.);
#6341=ORIENTED_EDGE('',*,*,#4524,.T.);
#6342=ORIENTED_EDGE('',*,*,#4006,.F.);
#6343=ORIENTED_EDGE('',*,*,#4525,.F.);
#6344=ORIENTED_EDGE('',*,*,#3789,.F.);
#6345=ORIENTED_EDGE('',*,*,#4433,.T.);
#6346=ORIENTED_EDGE('',*,*,#4203,.T.);
#6347=ORIENTED_EDGE('',*,*,#3790,.F.);
#6348=ORIENTED_EDGE('',*,*,#4525,.T.);
#6349=ORIENTED_EDGE('',*,*,#4005,.F.);
#6350=ORIENTED_EDGE('',*,*,#4522,.T.);
#6351=ORIENTED_EDGE('',*,*,#3794,.F.);
#6352=ORIENTED_EDGE('',*,*,#4198,.F.);
#6353=ORIENTED_EDGE('',*,*,#4526,.F.);
#6354=ORIENTED_EDGE('',*,*,#4012,.F.);
#6355=ORIENTED_EDGE('',*,*,#4527,.F.);
#6356=ORIENTED_EDGE('',*,*,#3777,.F.);
#6357=ORIENTED_EDGE('',*,*,#4427,.T.);
#6358=ORIENTED_EDGE('',*,*,#4245,.T.);
#6359=ORIENTED_EDGE('',*,*,#3778,.F.);
#6360=ORIENTED_EDGE('',*,*,#4527,.T.);
#6361=ORIENTED_EDGE('',*,*,#4011,.F.);
#6362=ORIENTED_EDGE('',*,*,#4528,.F.);
#6363=ORIENTED_EDGE('',*,*,#3782,.F.);
#6364=ORIENTED_EDGE('',*,*,#4240,.F.);
#6365=ORIENTED_EDGE('',*,*,#4528,.T.);
#6366=ORIENTED_EDGE('',*,*,#4010,.F.);
#6367=ORIENTED_EDGE('',*,*,#4529,.F.);
#6368=ORIENTED_EDGE('',*,*,#3783,.F.);
#6369=ORIENTED_EDGE('',*,*,#4426,.T.);
#6370=ORIENTED_EDGE('',*,*,#4238,.T.);
#6371=ORIENTED_EDGE('',*,*,#3784,.F.);
#6372=ORIENTED_EDGE('',*,*,#4529,.T.);
#6373=ORIENTED_EDGE('',*,*,#4009,.F.);
#6374=ORIENTED_EDGE('',*,*,#4526,.T.);
#6375=ORIENTED_EDGE('',*,*,#3776,.F.);
#6376=ORIENTED_EDGE('',*,*,#4247,.F.);
#6377=ORIENTED_EDGE('',*,*,#4530,.F.);
#6378=ORIENTED_EDGE('',*,*,#4016,.F.);
#6379=ORIENTED_EDGE('',*,*,#4531,.F.);
#6380=ORIENTED_EDGE('',*,*,#3643,.F.);
#6381=ORIENTED_EDGE('',*,*,#4419,.T.);
#6382=ORIENTED_EDGE('',*,*,#4301,.T.);
#6383=ORIENTED_EDGE('',*,*,#3644,.F.);
#6384=ORIENTED_EDGE('',*,*,#4531,.T.);
#6385=ORIENTED_EDGE('',*,*,#4015,.F.);
#6386=ORIENTED_EDGE('',*,*,#4532,.F.);
#6387=ORIENTED_EDGE('',*,*,#4104,.T.);
#6388=ORIENTED_EDGE('',*,*,#3648,.F.);
#6389=ORIENTED_EDGE('',*,*,#4296,.F.);
#6390=ORIENTED_EDGE('',*,*,#4532,.T.);
#6391=ORIENTED_EDGE('',*,*,#4014,.F.);
#6392=ORIENTED_EDGE('',*,*,#4533,.F.);
#6393=ORIENTED_EDGE('',*,*,#4090,.T.);
#6394=ORIENTED_EDGE('',*,*,#4098,.F.);
#6395=ORIENTED_EDGE('',*,*,#4105,.T.);
#6396=ORIENTED_EDGE('',*,*,#4418,.T.);
#6397=ORIENTED_EDGE('',*,*,#4294,.T.);
#6398=ORIENTED_EDGE('',*,*,#3638,.F.);
#6399=ORIENTED_EDGE('',*,*,#4091,.T.);
#6400=ORIENTED_EDGE('',*,*,#4533,.T.);
#6401=ORIENTED_EDGE('',*,*,#4013,.F.);
#6402=ORIENTED_EDGE('',*,*,#4530,.T.);
#6403=ORIENTED_EDGE('',*,*,#3642,.F.);
#6404=ORIENTED_EDGE('',*,*,#4303,.F.);
#6405=ORIENTED_EDGE('',*,*,#3895,.T.);
#6406=ORIENTED_EDGE('',*,*,#3931,.F.);
#6407=ORIENTED_EDGE('',*,*,#4534,.F.);
#6408=ORIENTED_EDGE('',*,*,#3588,.F.);
#6409=ORIENTED_EDGE('',*,*,#4534,.T.);
#6410=ORIENTED_EDGE('',*,*,#3930,.F.);
#6411=ORIENTED_EDGE('',*,*,#4535,.F.);
#6412=ORIENTED_EDGE('',*,*,#3589,.F.);
#6413=ORIENTED_EDGE('',*,*,#4535,.T.);
#6414=ORIENTED_EDGE('',*,*,#3929,.F.);
#6415=ORIENTED_EDGE('',*,*,#4536,.F.);
#6416=ORIENTED_EDGE('',*,*,#3590,.F.);
#6417=ORIENTED_EDGE('',*,*,#4536,.T.);
#6418=ORIENTED_EDGE('',*,*,#3928,.F.);
#6419=ORIENTED_EDGE('',*,*,#4537,.F.);
#6420=ORIENTED_EDGE('',*,*,#3591,.F.);
#6421=ORIENTED_EDGE('',*,*,#4537,.T.);
#6422=ORIENTED_EDGE('',*,*,#3927,.F.);
#6423=ORIENTED_EDGE('',*,*,#4538,.F.);
#6424=ORIENTED_EDGE('',*,*,#3592,.F.);
#6425=ORIENTED_EDGE('',*,*,#4538,.T.);
#6426=ORIENTED_EDGE('',*,*,#3926,.F.);
#6427=ORIENTED_EDGE('',*,*,#4539,.F.);
#6428=ORIENTED_EDGE('',*,*,#3593,.F.);
#6429=ORIENTED_EDGE('',*,*,#4539,.T.);
#6430=ORIENTED_EDGE('',*,*,#3925,.F.);
#6431=ORIENTED_EDGE('',*,*,#4540,.F.);
#6432=ORIENTED_EDGE('',*,*,#3594,.F.);
#6433=ORIENTED_EDGE('',*,*,#4540,.T.);
#6434=ORIENTED_EDGE('',*,*,#3924,.F.);
#6435=ORIENTED_EDGE('',*,*,#4541,.F.);
#6436=ORIENTED_EDGE('',*,*,#3595,.F.);
#6437=ORIENTED_EDGE('',*,*,#4541,.T.);
#6438=ORIENTED_EDGE('',*,*,#3923,.F.);
#6439=ORIENTED_EDGE('',*,*,#4542,.F.);
#6440=ORIENTED_EDGE('',*,*,#3596,.F.);
#6441=ORIENTED_EDGE('',*,*,#4542,.T.);
#6442=ORIENTED_EDGE('',*,*,#3922,.F.);
#6443=ORIENTED_EDGE('',*,*,#4543,.F.);
#6444=ORIENTED_EDGE('',*,*,#3597,.F.);
#6445=ORIENTED_EDGE('',*,*,#4543,.T.);
#6446=ORIENTED_EDGE('',*,*,#3921,.F.);
#6447=ORIENTED_EDGE('',*,*,#4544,.F.);
#6448=ORIENTED_EDGE('',*,*,#3598,.F.);
#6449=ORIENTED_EDGE('',*,*,#4544,.T.);
#6450=ORIENTED_EDGE('',*,*,#3920,.F.);
#6451=ORIENTED_EDGE('',*,*,#4545,.F.);
#6452=ORIENTED_EDGE('',*,*,#3599,.F.);
#6453=ORIENTED_EDGE('',*,*,#4545,.T.);
#6454=ORIENTED_EDGE('',*,*,#3919,.F.);
#6455=ORIENTED_EDGE('',*,*,#4546,.F.);
#6456=ORIENTED_EDGE('',*,*,#3600,.F.);
#6457=ORIENTED_EDGE('',*,*,#4546,.T.);
#6458=ORIENTED_EDGE('',*,*,#3918,.F.);
#6459=ORIENTED_EDGE('',*,*,#4547,.F.);
#6460=ORIENTED_EDGE('',*,*,#3601,.F.);
#6461=ORIENTED_EDGE('',*,*,#4547,.T.);
#6462=ORIENTED_EDGE('',*,*,#3917,.F.);
#6463=ORIENTED_EDGE('',*,*,#4548,.F.);
#6464=ORIENTED_EDGE('',*,*,#3602,.F.);
#6465=ORIENTED_EDGE('',*,*,#4548,.T.);
#6466=ORIENTED_EDGE('',*,*,#3916,.F.);
#6467=ORIENTED_EDGE('',*,*,#4549,.F.);
#6468=ORIENTED_EDGE('',*,*,#3603,.F.);
#6469=ORIENTED_EDGE('',*,*,#4549,.T.);
#6470=ORIENTED_EDGE('',*,*,#3915,.F.);
#6471=ORIENTED_EDGE('',*,*,#4550,.F.);
#6472=ORIENTED_EDGE('',*,*,#3604,.F.);
#6473=ORIENTED_EDGE('',*,*,#4550,.T.);
#6474=ORIENTED_EDGE('',*,*,#3914,.F.);
#6475=ORIENTED_EDGE('',*,*,#4551,.F.);
#6476=ORIENTED_EDGE('',*,*,#3605,.F.);
#6477=ORIENTED_EDGE('',*,*,#4551,.T.);
#6478=ORIENTED_EDGE('',*,*,#3913,.F.);
#6479=ORIENTED_EDGE('',*,*,#4552,.F.);
#6480=ORIENTED_EDGE('',*,*,#3606,.F.);
#6481=ORIENTED_EDGE('',*,*,#4552,.T.);
#6482=ORIENTED_EDGE('',*,*,#3912,.F.);
#6483=ORIENTED_EDGE('',*,*,#4553,.F.);
#6484=ORIENTED_EDGE('',*,*,#3607,.F.);
#6485=ORIENTED_EDGE('',*,*,#4553,.T.);
#6486=ORIENTED_EDGE('',*,*,#3911,.F.);
#6487=ORIENTED_EDGE('',*,*,#4554,.F.);
#6488=ORIENTED_EDGE('',*,*,#3608,.F.);
#6489=ORIENTED_EDGE('',*,*,#4554,.T.);
#6490=ORIENTED_EDGE('',*,*,#3910,.F.);
#6491=ORIENTED_EDGE('',*,*,#4555,.F.);
#6492=ORIENTED_EDGE('',*,*,#3609,.F.);
#6493=ORIENTED_EDGE('',*,*,#4555,.T.);
#6494=ORIENTED_EDGE('',*,*,#3909,.F.);
#6495=ORIENTED_EDGE('',*,*,#4556,.F.);
#6496=ORIENTED_EDGE('',*,*,#3610,.F.);
#6497=ORIENTED_EDGE('',*,*,#4556,.T.);
#6498=ORIENTED_EDGE('',*,*,#3908,.F.);
#6499=ORIENTED_EDGE('',*,*,#4557,.F.);
#6500=ORIENTED_EDGE('',*,*,#3611,.F.);
#6501=ORIENTED_EDGE('',*,*,#4557,.T.);
#6502=ORIENTED_EDGE('',*,*,#3907,.F.);
#6503=ORIENTED_EDGE('',*,*,#4558,.F.);
#6504=ORIENTED_EDGE('',*,*,#3612,.F.);
#6505=ORIENTED_EDGE('',*,*,#4558,.T.);
#6506=ORIENTED_EDGE('',*,*,#3906,.F.);
#6507=ORIENTED_EDGE('',*,*,#4559,.F.);
#6508=ORIENTED_EDGE('',*,*,#3613,.F.);
#6509=ORIENTED_EDGE('',*,*,#4559,.T.);
#6510=ORIENTED_EDGE('',*,*,#3905,.F.);
#6511=ORIENTED_EDGE('',*,*,#4560,.F.);
#6512=ORIENTED_EDGE('',*,*,#3614,.F.);
#6513=ORIENTED_EDGE('',*,*,#4560,.T.);
#6514=ORIENTED_EDGE('',*,*,#3904,.F.);
#6515=ORIENTED_EDGE('',*,*,#4561,.F.);
#6516=ORIENTED_EDGE('',*,*,#3615,.F.);
#6517=ORIENTED_EDGE('',*,*,#4561,.T.);
#6518=ORIENTED_EDGE('',*,*,#3903,.F.);
#6519=ORIENTED_EDGE('',*,*,#4562,.F.);
#6520=ORIENTED_EDGE('',*,*,#3616,.F.);
#6521=ORIENTED_EDGE('',*,*,#4562,.T.);
#6522=ORIENTED_EDGE('',*,*,#3902,.F.);
#6523=ORIENTED_EDGE('',*,*,#4563,.F.);
#6524=ORIENTED_EDGE('',*,*,#3617,.F.);
#6525=ORIENTED_EDGE('',*,*,#4563,.T.);
#6526=ORIENTED_EDGE('',*,*,#3901,.F.);
#6527=ORIENTED_EDGE('',*,*,#4564,.F.);
#6528=ORIENTED_EDGE('',*,*,#3618,.F.);
#6529=ORIENTED_EDGE('',*,*,#4564,.T.);
#6530=ORIENTED_EDGE('',*,*,#3900,.F.);
#6531=ORIENTED_EDGE('',*,*,#4565,.F.);
#6532=ORIENTED_EDGE('',*,*,#3619,.F.);
#6533=ORIENTED_EDGE('',*,*,#4565,.T.);
#6534=ORIENTED_EDGE('',*,*,#3899,.F.);
#6535=ORIENTED_EDGE('',*,*,#4566,.F.);
#6536=ORIENTED_EDGE('',*,*,#3620,.F.);
#6537=ORIENTED_EDGE('',*,*,#4566,.T.);
#6538=ORIENTED_EDGE('',*,*,#3898,.F.);
#6539=ORIENTED_EDGE('',*,*,#4077,.F.);
#6540=ORIENTED_EDGE('',*,*,#3621,.F.);
#6541=CYLINDRICAL_SURFACE('',#6915,0.5);
#6542=CYLINDRICAL_SURFACE('',#6952,0.5);
#6543=CYLINDRICAL_SURFACE('',#6980,0.9);
#6544=CYLINDRICAL_SURFACE('',#6988,0.9);
#6545=CYLINDRICAL_SURFACE('',#6996,0.9);
#6546=CYLINDRICAL_SURFACE('',#7004,0.9);
#6547=CYLINDRICAL_SURFACE('',#7008,2.10000000000001);
#6548=CYLINDRICAL_SURFACE('',#7013,2.10000000000001);
#6549=CYLINDRICAL_SURFACE('',#7018,2.1);
#6550=CYLINDRICAL_SURFACE('',#7023,2.1);
#6551=CYLINDRICAL_SURFACE('',#7031,2.1);
#6552=CYLINDRICAL_SURFACE('',#7037,0.9);
#6553=CYLINDRICAL_SURFACE('',#7307,0.499999999999997);
#6554=CYLINDRICAL_SURFACE('',#7309,0.500000000000004);
#6555=CYLINDRICAL_SURFACE('',#7311,0.500000000000008);
#6556=CYLINDRICAL_SURFACE('',#7313,0.49999999999999);
#6557=CYLINDRICAL_SURFACE('',#7315,0.500000000000006);
#6558=CYLINDRICAL_SURFACE('',#7317,0.499999999999998);
#6559=CYLINDRICAL_SURFACE('',#7319,0.500000000000007);
#6560=CYLINDRICAL_SURFACE('',#7321,0.500000000000007);
#6561=CYLINDRICAL_SURFACE('',#7323,0.499999999999995);
#6562=CYLINDRICAL_SURFACE('',#7325,0.499999999999978);
#6563=CYLINDRICAL_SURFACE('',#7327,0.500000000000032);
#6564=CYLINDRICAL_SURFACE('',#7329,0.499999999999998);
#6565=CYLINDRICAL_SURFACE('',#7331,0.500000000000034);
#6566=CYLINDRICAL_SURFACE('',#7333,0.500000000000145);
#6567=CYLINDRICAL_SURFACE('',#7335,0.499999999999716);
#6568=CYLINDRICAL_SURFACE('',#7337,0.499999999999995);
#6569=CYLINDRICAL_SURFACE('',#7339,0.500000000000012);
#6570=ADVANCED_FACE('',(#380),#6541,.T.);
#6571=ADVANCED_FACE('',(#381,#56,#57,#58,#59,#60,#61,#62,#63,#64,#65,#66,
#67,#68,#69,#70,#71),#98,.T.);
#6572=ADVANCED_FACE('',(#382),#99,.F.);
#6573=ADVANCED_FACE('',(#383),#6542,.F.);
#6574=ADVANCED_FACE('',(#384),#100,.F.);
#6575=ADVANCED_FACE('',(#385),#101,.F.);
#6576=ADVANCED_FACE('',(#386,#72,#73,#74,#75,#76,#77,#78,#79,#80,#81,#82,
#83,#84,#85,#86,#87,#88,#89,#90,#91,#92),#102,.T.);
#6577=ADVANCED_FACE('',(#387),#36,.F.);
#6578=ADVANCED_FACE('',(#388,#93),#103,.F.);
#6579=ADVANCED_FACE('',(#389),#6543,.F.);
#6580=ADVANCED_FACE('',(#390),#37,.F.);
#6581=ADVANCED_FACE('',(#391,#94),#104,.F.);
#6582=ADVANCED_FACE('',(#392),#6544,.F.);
#6583=ADVANCED_FACE('',(#393),#38,.F.);
#6584=ADVANCED_FACE('',(#394,#95),#105,.F.);
#6585=ADVANCED_FACE('',(#395),#6545,.F.);
#6586=ADVANCED_FACE('',(#396),#39,.F.);
#6587=ADVANCED_FACE('',(#397,#96),#106,.F.);
#6588=ADVANCED_FACE('',(#398),#6546,.F.);
#6589=ADVANCED_FACE('',(#399),#40,.T.);
#6590=ADVANCED_FACE('',(#400),#6547,.T.);
#6591=ADVANCED_FACE('',(#401),#41,.T.);
#6592=ADVANCED_FACE('',(#402),#6548,.T.);
#6593=ADVANCED_FACE('',(#403),#42,.T.);
#6594=ADVANCED_FACE('',(#404),#6549,.T.);
#6595=ADVANCED_FACE('',(#405),#43,.T.);
#6596=ADVANCED_FACE('',(#406),#6550,.T.);
#6597=ADVANCED_FACE('',(#407),#44,.T.);
#6598=ADVANCED_FACE('',(#408,#97),#107,.F.);
#6599=ADVANCED_FACE('',(#409),#6551,.T.);
#6600=ADVANCED_FACE('',(#410),#45,.F.);
#6601=ADVANCED_FACE('',(#411),#6552,.F.);
#6602=ADVANCED_FACE('',(#412),#108,.T.);
#6603=ADVANCED_FACE('',(#413),#46,.T.);
#6604=ADVANCED_FACE('',(#414),#47,.T.);
#6605=ADVANCED_FACE('',(#415),#48,.T.);
#6606=ADVANCED_FACE('',(#416),#49,.T.);
#6607=ADVANCED_FACE('',(#417),#109,.T.);
#6608=ADVANCED_FACE('',(#418),#50,.T.);
#6609=ADVANCED_FACE('',(#419),#110,.T.);
#6610=ADVANCED_FACE('',(#420),#111,.T.);
#6611=ADVANCED_FACE('',(#421),#112,.T.);
#6612=ADVANCED_FACE('',(#422),#113,.T.);
#6613=ADVANCED_FACE('',(#423),#114,.T.);
#6614=ADVANCED_FACE('',(#424),#115,.T.);
#6615=ADVANCED_FACE('',(#425),#116,.T.);
#6616=ADVANCED_FACE('',(#426),#117,.T.);
#6617=ADVANCED_FACE('',(#427),#118,.T.);
#6618=ADVANCED_FACE('',(#428),#119,.T.);
#6619=ADVANCED_FACE('',(#429),#120,.T.);
#6620=ADVANCED_FACE('',(#430),#121,.T.);
#6621=ADVANCED_FACE('',(#431),#122,.T.);
#6622=ADVANCED_FACE('',(#432),#123,.T.);
#6623=ADVANCED_FACE('',(#433),#124,.T.);
#6624=ADVANCED_FACE('',(#434),#125,.T.);
#6625=ADVANCED_FACE('',(#435),#126,.T.);
#6626=ADVANCED_FACE('',(#436),#127,.T.);
#6627=ADVANCED_FACE('',(#437),#128,.T.);
#6628=ADVANCED_FACE('',(#438),#129,.T.);
#6629=ADVANCED_FACE('',(#439),#130,.T.);
#6630=ADVANCED_FACE('',(#440),#131,.T.);
#6631=ADVANCED_FACE('',(#441),#132,.T.);
#6632=ADVANCED_FACE('',(#442),#133,.T.);
#6633=ADVANCED_FACE('',(#443),#134,.T.);
#6634=ADVANCED_FACE('',(#444),#135,.T.);
#6635=ADVANCED_FACE('',(#445),#136,.T.);
#6636=ADVANCED_FACE('',(#446),#137,.T.);
#6637=ADVANCED_FACE('',(#447),#138,.T.);
#6638=ADVANCED_FACE('',(#448),#139,.T.);
#6639=ADVANCED_FACE('',(#449),#140,.T.);
#6640=ADVANCED_FACE('',(#450),#141,.T.);
#6641=ADVANCED_FACE('',(#451),#142,.T.);
#6642=ADVANCED_FACE('',(#452),#143,.T.);
#6643=ADVANCED_FACE('',(#453),#144,.T.);
#6644=ADVANCED_FACE('',(#454),#145,.T.);
#6645=ADVANCED_FACE('',(#455),#146,.T.);
#6646=ADVANCED_FACE('',(#456),#147,.T.);
#6647=ADVANCED_FACE('',(#457),#148,.T.);
#6648=ADVANCED_FACE('',(#458),#149,.T.);
#6649=ADVANCED_FACE('',(#459),#150,.T.);
#6650=ADVANCED_FACE('',(#460),#151,.T.);
#6651=ADVANCED_FACE('',(#461),#152,.T.);
#6652=ADVANCED_FACE('',(#462),#153,.T.);
#6653=ADVANCED_FACE('',(#463),#154,.T.);
#6654=ADVANCED_FACE('',(#464),#155,.T.);
#6655=ADVANCED_FACE('',(#465),#156,.T.);
#6656=ADVANCED_FACE('',(#466),#157,.T.);
#6657=ADVANCED_FACE('',(#467),#158,.T.);
#6658=ADVANCED_FACE('',(#468),#159,.T.);
#6659=ADVANCED_FACE('',(#469),#160,.T.);
#6660=ADVANCED_FACE('',(#470),#161,.T.);
#6661=ADVANCED_FACE('',(#471),#162,.T.);
#6662=ADVANCED_FACE('',(#472),#163,.T.);
#6663=ADVANCED_FACE('',(#473),#164,.T.);
#6664=ADVANCED_FACE('',(#474),#165,.T.);
#6665=ADVANCED_FACE('',(#475),#166,.T.);
#6666=ADVANCED_FACE('',(#476),#167,.T.);
#6667=ADVANCED_FACE('',(#477),#168,.T.);
#6668=ADVANCED_FACE('',(#478),#169,.T.);
#6669=ADVANCED_FACE('',(#479),#170,.T.);
#6670=ADVANCED_FACE('',(#480),#171,.T.);
#6671=ADVANCED_FACE('',(#481),#172,.T.);
#6672=ADVANCED_FACE('',(#482),#173,.T.);
#6673=ADVANCED_FACE('',(#483),#174,.T.);
#6674=ADVANCED_FACE('',(#484),#175,.T.);
#6675=ADVANCED_FACE('',(#485),#176,.T.);
#6676=ADVANCED_FACE('',(#486),#177,.T.);
#6677=ADVANCED_FACE('',(#487),#178,.T.);
#6678=ADVANCED_FACE('',(#488),#179,.T.);
#6679=ADVANCED_FACE('',(#489),#180,.T.);
#6680=ADVANCED_FACE('',(#490),#181,.T.);
#6681=ADVANCED_FACE('',(#491),#182,.T.);
#6682=ADVANCED_FACE('',(#492),#183,.T.);
#6683=ADVANCED_FACE('',(#493),#184,.T.);
#6684=ADVANCED_FACE('',(#494),#185,.T.);
#6685=ADVANCED_FACE('',(#495),#186,.T.);
#6686=ADVANCED_FACE('',(#496),#187,.T.);
#6687=ADVANCED_FACE('',(#497),#188,.T.);
#6688=ADVANCED_FACE('',(#498),#189,.T.);
#6689=ADVANCED_FACE('',(#499),#190,.T.);
#6690=ADVANCED_FACE('',(#500),#191,.T.);
#6691=ADVANCED_FACE('',(#501),#192,.T.);
#6692=ADVANCED_FACE('',(#502),#193,.T.);
#6693=ADVANCED_FACE('',(#503),#194,.T.);
#6694=ADVANCED_FACE('',(#504),#195,.T.);
#6695=ADVANCED_FACE('',(#505),#196,.T.);
#6696=ADVANCED_FACE('',(#506),#197,.T.);
#6697=ADVANCED_FACE('',(#507),#198,.T.);
#6698=ADVANCED_FACE('',(#508),#199,.T.);
#6699=ADVANCED_FACE('',(#509),#200,.T.);
#6700=ADVANCED_FACE('',(#510),#201,.T.);
#6701=ADVANCED_FACE('',(#511),#202,.T.);
#6702=ADVANCED_FACE('',(#512),#203,.T.);
#6703=ADVANCED_FACE('',(#513),#204,.T.);
#6704=ADVANCED_FACE('',(#514),#205,.T.);
#6705=ADVANCED_FACE('',(#515),#206,.T.);
#6706=ADVANCED_FACE('',(#516),#207,.T.);
#6707=ADVANCED_FACE('',(#517),#208,.T.);
#6708=ADVANCED_FACE('',(#518),#209,.T.);
#6709=ADVANCED_FACE('',(#519),#210,.T.);
#6710=ADVANCED_FACE('',(#520),#211,.T.);
#6711=ADVANCED_FACE('',(#521),#212,.T.);
#6712=ADVANCED_FACE('',(#522),#213,.T.);
#6713=ADVANCED_FACE('',(#523),#214,.T.);
#6714=ADVANCED_FACE('',(#524),#215,.T.);
#6715=ADVANCED_FACE('',(#525),#216,.T.);
#6716=ADVANCED_FACE('',(#526),#217,.T.);
#6717=ADVANCED_FACE('',(#527),#218,.T.);
#6718=ADVANCED_FACE('',(#528),#219,.T.);
#6719=ADVANCED_FACE('',(#529),#220,.T.);
#6720=ADVANCED_FACE('',(#530),#221,.T.);
#6721=ADVANCED_FACE('',(#531),#222,.T.);
#6722=ADVANCED_FACE('',(#532),#223,.T.);
#6723=ADVANCED_FACE('',(#533),#224,.T.);
#6724=ADVANCED_FACE('',(#534),#225,.T.);
#6725=ADVANCED_FACE('',(#535),#226,.T.);
#6726=ADVANCED_FACE('',(#536),#227,.T.);
#6727=ADVANCED_FACE('',(#537),#228,.T.);
#6728=ADVANCED_FACE('',(#538),#229,.T.);
#6729=ADVANCED_FACE('',(#539),#230,.T.);
#6730=ADVANCED_FACE('',(#540),#231,.T.);
#6731=ADVANCED_FACE('',(#541),#232,.T.);
#6732=ADVANCED_FACE('',(#542),#233,.T.);
#6733=ADVANCED_FACE('',(#543),#234,.T.);
#6734=ADVANCED_FACE('',(#544),#235,.T.);
#6735=ADVANCED_FACE('',(#545),#236,.F.);
#6736=ADVANCED_FACE('',(#546),#237,.F.);
#6737=ADVANCED_FACE('',(#547),#238,.F.);
#6738=ADVANCED_FACE('',(#548),#239,.F.);
#6739=ADVANCED_FACE('',(#549),#240,.F.);
#6740=ADVANCED_FACE('',(#550),#241,.F.);
#6741=ADVANCED_FACE('',(#551),#242,.F.);
#6742=ADVANCED_FACE('',(#552),#243,.F.);
#6743=ADVANCED_FACE('',(#553),#244,.F.);
#6744=ADVANCED_FACE('',(#554),#245,.F.);
#6745=ADVANCED_FACE('',(#555),#246,.F.);
#6746=ADVANCED_FACE('',(#556),#247,.F.);
#6747=ADVANCED_FACE('',(#557),#248,.F.);
#6748=ADVANCED_FACE('',(#558),#249,.F.);
#6749=ADVANCED_FACE('',(#559),#250,.F.);
#6750=ADVANCED_FACE('',(#560),#251,.F.);
#6751=ADVANCED_FACE('',(#561),#252,.F.);
#6752=ADVANCED_FACE('',(#562),#253,.F.);
#6753=ADVANCED_FACE('',(#563),#254,.F.);
#6754=ADVANCED_FACE('',(#564),#255,.F.);
#6755=ADVANCED_FACE('',(#565),#256,.F.);
#6756=ADVANCED_FACE('',(#566),#257,.F.);
#6757=ADVANCED_FACE('',(#567),#258,.F.);
#6758=ADVANCED_FACE('',(#568),#259,.F.);
#6759=ADVANCED_FACE('',(#569),#260,.F.);
#6760=ADVANCED_FACE('',(#570),#261,.F.);
#6761=ADVANCED_FACE('',(#571),#262,.F.);
#6762=ADVANCED_FACE('',(#572),#263,.F.);
#6763=ADVANCED_FACE('',(#573),#264,.F.);
#6764=ADVANCED_FACE('',(#574),#265,.F.);
#6765=ADVANCED_FACE('',(#575),#266,.F.);
#6766=ADVANCED_FACE('',(#576),#267,.F.);
#6767=ADVANCED_FACE('',(#577),#268,.F.);
#6768=ADVANCED_FACE('',(#578),#269,.F.);
#6769=ADVANCED_FACE('',(#579),#270,.F.);
#6770=ADVANCED_FACE('',(#580),#271,.F.);
#6771=ADVANCED_FACE('',(#581),#272,.F.);
#6772=ADVANCED_FACE('',(#582),#273,.F.);
#6773=ADVANCED_FACE('',(#583),#274,.F.);
#6774=ADVANCED_FACE('',(#584),#275,.F.);
#6775=ADVANCED_FACE('',(#585),#276,.F.);
#6776=ADVANCED_FACE('',(#586),#277,.F.);
#6777=ADVANCED_FACE('',(#587),#51,.F.);
#6778=ADVANCED_FACE('',(#588),#52,.F.);
#6779=ADVANCED_FACE('',(#589),#53,.F.);
#6780=ADVANCED_FACE('',(#590),#54,.F.);
#6781=ADVANCED_FACE('',(#591),#55,.F.);
#6782=ADVANCED_FACE('',(#592),#278,.T.);
#6783=ADVANCED_FACE('',(#593),#279,.T.);
#6784=ADVANCED_FACE('',(#594),#280,.T.);
#6785=ADVANCED_FACE('',(#595),#281,.T.);
#6786=ADVANCED_FACE('',(#596),#282,.T.);
#6787=ADVANCED_FACE('',(#597),#283,.T.);
#6788=ADVANCED_FACE('',(#598),#284,.T.);
#6789=ADVANCED_FACE('',(#599),#285,.T.);
#6790=ADVANCED_FACE('',(#600),#286,.T.);
#6791=ADVANCED_FACE('',(#601),#287,.T.);
#6792=ADVANCED_FACE('',(#602),#288,.T.);
#6793=ADVANCED_FACE('',(#603),#289,.T.);
#6794=ADVANCED_FACE('',(#604),#290,.T.);
#6795=ADVANCED_FACE('',(#605),#291,.T.);
#6796=ADVANCED_FACE('',(#606),#292,.T.);
#6797=ADVANCED_FACE('',(#607),#293,.T.);
#6798=ADVANCED_FACE('',(#608),#294,.T.);
#6799=ADVANCED_FACE('',(#609),#295,.T.);
#6800=ADVANCED_FACE('',(#610),#296,.T.);
#6801=ADVANCED_FACE('',(#611),#297,.T.);
#6802=ADVANCED_FACE('',(#612),#298,.T.);
#6803=ADVANCED_FACE('',(#613),#299,.T.);
#6804=ADVANCED_FACE('',(#614),#300,.T.);
#6805=ADVANCED_FACE('',(#615),#301,.T.);
#6806=ADVANCED_FACE('',(#616),#302,.T.);
#6807=ADVANCED_FACE('',(#617),#303,.T.);
#6808=ADVANCED_FACE('',(#618),#304,.T.);
#6809=ADVANCED_FACE('',(#619),#305,.T.);
#6810=ADVANCED_FACE('',(#620),#306,.T.);
#6811=ADVANCED_FACE('',(#621),#307,.T.);
#6812=ADVANCED_FACE('',(#622),#308,.T.);
#6813=ADVANCED_FACE('',(#623),#309,.T.);
#6814=ADVANCED_FACE('',(#624),#310,.T.);
#6815=ADVANCED_FACE('',(#625),#311,.T.);
#6816=ADVANCED_FACE('',(#626),#312,.T.);
#6817=ADVANCED_FACE('',(#627),#313,.T.);
#6818=ADVANCED_FACE('',(#628),#314,.T.);
#6819=ADVANCED_FACE('',(#629),#315,.T.);
#6820=ADVANCED_FACE('',(#630),#316,.T.);
#6821=ADVANCED_FACE('',(#631),#317,.T.);
#6822=ADVANCED_FACE('',(#632),#318,.T.);
#6823=ADVANCED_FACE('',(#633),#319,.T.);
#6824=ADVANCED_FACE('',(#634),#320,.T.);
#6825=ADVANCED_FACE('',(#635),#321,.T.);
#6826=ADVANCED_FACE('',(#636),#322,.T.);
#6827=ADVANCED_FACE('',(#637),#323,.T.);
#6828=ADVANCED_FACE('',(#638),#324,.T.);
#6829=ADVANCED_FACE('',(#639),#325,.T.);
#6830=ADVANCED_FACE('',(#640),#326,.T.);
#6831=ADVANCED_FACE('',(#641),#327,.T.);
#6832=ADVANCED_FACE('',(#642),#328,.T.);
#6833=ADVANCED_FACE('',(#643),#329,.T.);
#6834=ADVANCED_FACE('',(#644),#330,.T.);
#6835=ADVANCED_FACE('',(#645),#331,.T.);
#6836=ADVANCED_FACE('',(#646),#332,.T.);
#6837=ADVANCED_FACE('',(#647),#333,.T.);
#6838=ADVANCED_FACE('',(#648),#334,.T.);
#6839=ADVANCED_FACE('',(#649),#335,.T.);
#6840=ADVANCED_FACE('',(#650),#336,.T.);
#6841=ADVANCED_FACE('',(#651),#337,.T.);
#6842=ADVANCED_FACE('',(#652),#338,.T.);
#6843=ADVANCED_FACE('',(#653),#339,.T.);
#6844=ADVANCED_FACE('',(#654),#340,.T.);
#6845=ADVANCED_FACE('',(#655),#341,.T.);
#6846=ADVANCED_FACE('',(#656),#342,.T.);
#6847=ADVANCED_FACE('',(#657),#343,.T.);
#6848=ADVANCED_FACE('',(#658),#344,.T.);
#6849=ADVANCED_FACE('',(#659),#345,.T.);
#6850=ADVANCED_FACE('',(#660),#346,.T.);
#6851=ADVANCED_FACE('',(#661),#347,.T.);
#6852=ADVANCED_FACE('',(#662),#348,.T.);
#6853=ADVANCED_FACE('',(#663),#349,.T.);
#6854=ADVANCED_FACE('',(#664),#350,.T.);
#6855=ADVANCED_FACE('',(#665),#351,.T.);
#6856=ADVANCED_FACE('',(#666),#352,.T.);
#6857=ADVANCED_FACE('',(#667),#353,.T.);
#6858=ADVANCED_FACE('',(#668),#354,.T.);
#6859=ADVANCED_FACE('',(#669),#355,.T.);
#6860=ADVANCED_FACE('',(#670),#356,.T.);
#6861=ADVANCED_FACE('',(#671),#357,.T.);
#6862=ADVANCED_FACE('',(#672),#358,.T.);
#6863=ADVANCED_FACE('',(#673),#359,.T.);
#6864=ADVANCED_FACE('',(#674),#360,.T.);
#6865=ADVANCED_FACE('',(#675),#361,.T.);
#6866=ADVANCED_FACE('',(#676),#362,.T.);
#6867=ADVANCED_FACE('',(#677),#363,.T.);
#6868=ADVANCED_FACE('',(#678),#6553,.F.);
#6869=ADVANCED_FACE('',(#679),#364,.T.);
#6870=ADVANCED_FACE('',(#680),#6554,.T.);
#6871=ADVANCED_FACE('',(#681),#365,.T.);
#6872=ADVANCED_FACE('',(#682),#6555,.F.);
#6873=ADVANCED_FACE('',(#683),#366,.T.);
#6874=ADVANCED_FACE('',(#684),#6556,.T.);
#6875=ADVANCED_FACE('',(#685),#367,.T.);
#6876=ADVANCED_FACE('',(#686),#6557,.F.);
#6877=ADVANCED_FACE('',(#687),#368,.T.);
#6878=ADVANCED_FACE('',(#688),#6558,.T.);
#6879=ADVANCED_FACE('',(#689),#369,.T.);
#6880=ADVANCED_FACE('',(#690),#6559,.T.);
#6881=ADVANCED_FACE('',(#691),#370,.T.);
#6882=ADVANCED_FACE('',(#692),#6560,.F.);
#6883=ADVANCED_FACE('',(#693),#371,.T.);
#6884=ADVANCED_FACE('',(#694),#6561,.T.);
#6885=ADVANCED_FACE('',(#695),#372,.T.);
#6886=ADVANCED_FACE('',(#696),#6562,.F.);
#6887=ADVANCED_FACE('',(#697),#373,.T.);
#6888=ADVANCED_FACE('',(#698),#6563,.T.);
#6889=ADVANCED_FACE('',(#699),#374,.T.);
#6890=ADVANCED_FACE('',(#700),#6564,.T.);
#6891=ADVANCED_FACE('',(#701),#375,.T.);
#6892=ADVANCED_FACE('',(#702),#6565,.F.);
#6893=ADVANCED_FACE('',(#703),#376,.T.);
#6894=ADVANCED_FACE('',(#704),#6566,.T.);
#6895=ADVANCED_FACE('',(#705),#377,.T.);
#6896=ADVANCED_FACE('',(#706),#6567,.F.);
#6897=ADVANCED_FACE('',(#707),#378,.T.);
#6898=ADVANCED_FACE('',(#708),#6568,.T.);
#6899=ADVANCED_FACE('',(#709),#379,.T.);
#6900=ADVANCED_FACE('',(#710),#6569,.T.);
#6901=CLOSED_SHELL('',(#6570,#6571,#6572,#6573,#6574,#6575,#6576,#6577,
#6578,#6579,#6580,#6581,#6582,#6583,#6584,#6585,#6586,#6587,#6588,#6589,
#6590,#6591,#6592,#6593,#6594,#6595,#6596,#6597,#6598,#6599,#6600,#6601,
#6602,#6603,#6604,#6605,#6606,#6607,#6608,#6609,#6610,#6611,#6612,#6613,
#6614,#6615,#6616,#6617,#6618,#6619,#6620,#6621,#6622,#6623,#6624,#6625,
#6626,#6627,#6628,#6629,#6630,#6631,#6632,#6633,#6634,#6635,#6636,#6637,
#6638,#6639,#6640,#6641,#6642,#6643,#6644,#6645,#6646,#6647,#6648,#6649,
#6650,#6651,#6652,#6653,#6654,#6655,#6656,#6657,#6658,#6659,#6660,#6661,
#6662,#6663,#6664,#6665,#6666,#6667,#6668,#6669,#6670,#6671,#6672,#6673,
#6674,#6675,#6676,#6677,#6678,#6679,#6680,#6681,#6682,#6683,#6684,#6685,
#6686,#6687,#6688,#6689,#6690,#6691,#6692,#6693,#6694,#6695,#6696,#6697,
#6698,#6699,#6700,#6701,#6702,#6703,#6704,#6705,#6706,#6707,#6708,#6709,
#6710,#6711,#6712,#6713,#6714,#6715,#6716,#6717,#6718,#6719,#6720,#6721,
#6722,#6723,#6724,#6725,#6726,#6727,#6728,#6729,#6730,#6731,#6732,#6733,
#6734,#6735,#6736,#6737,#6738,#6739,#6740,#6741,#6742,#6743,#6744,#6745,
#6746,#6747,#6748,#6749,#6750,#6751,#6752,#6753,#6754,#6755,#6756,#6757,
#6758,#6759,#6760,#6761,#6762,#6763,#6764,#6765,#6766,#6767,#6768,#6769,
#6770,#6771,#6772,#6773,#6774,#6775,#6776,#6777,#6778,#6779,#6780,#6781,
#6782,#6783,#6784,#6785,#6786,#6787,#6788,#6789,#6790,#6791,#6792,#6793,
#6794,#6795,#6796,#6797,#6798,#6799,#6800,#6801,#6802,#6803,#6804,#6805,
#6806,#6807,#6808,#6809,#6810,#6811,#6812,#6813,#6814,#6815,#6816,#6817,
#6818,#6819,#6820,#6821,#6822,#6823,#6824,#6825,#6826,#6827,#6828,#6829,
#6830,#6831,#6832,#6833,#6834,#6835,#6836,#6837,#6838,#6839,#6840,#6841,
#6842,#6843,#6844,#6845,#6846,#6847,#6848,#6849,#6850,#6851,#6852,#6853,
#6854,#6855,#6856,#6857,#6858,#6859,#6860,#6861,#6862,#6863,#6864,#6865,
#6866,#6867,#6868,#6869,#6870,#6871,#6872,#6873,#6874,#6875,#6876,#6877,
#6878,#6879,#6880,#6881,#6882,#6883,#6884,#6885,#6886,#6887,#6888,#6889,
#6890,#6891,#6892,#6893,#6894,#6895,#6896,#6897,#6898,#6899,#6900));
#6902=DERIVED_UNIT_ELEMENT(#6904,1.);
#6903=DERIVED_UNIT_ELEMENT(#11088,-3.);
#6904=(
MASS_UNIT()
NAMED_UNIT(*)
SI_UNIT(.KILO.,.GRAM.)
);
#6905=DERIVED_UNIT((#6902,#6903));
#6906=MEASURE_REPRESENTATION_ITEM('density measure',
POSITIVE_RATIO_MEASURE(7850.),#6905);
#6907=PROPERTY_DEFINITION_REPRESENTATION(#6912,#6909);
#6908=PROPERTY_DEFINITION_REPRESENTATION(#6913,#6910);
#6909=REPRESENTATION('material name',(#6911),#11085);
#6910=REPRESENTATION('density',(#6906),#11085);
#6911=DESCRIPTIVE_REPRESENTATION_ITEM('Steel','Steel');
#6912=PROPERTY_DEFINITION('material property','material name',#11095);
#6913=PROPERTY_DEFINITION('material property','density of part',#11095);
#6914=AXIS2_PLACEMENT_3D('',#9064,#7340,#7341);
#6915=AXIS2_PLACEMENT_3D('',#9065,#7342,#7343);
#6916=AXIS2_PLACEMENT_3D('',#9068,#7344,#7345);
#6917=AXIS2_PLACEMENT_3D('',#9072,#7347,#7348);
#6918=AXIS2_PLACEMENT_3D('',#9074,#7350,#7351);
#6919=AXIS2_PLACEMENT_3D('',#9080,#7354,#7355);
#6920=AXIS2_PLACEMENT_3D('',#9086,#7358,#7359);
#6921=AXIS2_PLACEMENT_3D('',#9090,#7361,#7362);
#6922=AXIS2_PLACEMENT_3D('',#9094,#7364,#7365);
#6923=AXIS2_PLACEMENT_3D('',#9098,#7367,#7368);
#6924=AXIS2_PLACEMENT_3D('',#9102,#7370,#7371);
#6925=AXIS2_PLACEMENT_3D('',#9106,#7373,#7374);
#6926=AXIS2_PLACEMENT_3D('',#9110,#7376,#7377);
#6927=AXIS2_PLACEMENT_3D('',#9114,#7379,#7380);
#6928=AXIS2_PLACEMENT_3D('',#9118,#7382,#7383);
#6929=AXIS2_PLACEMENT_3D('',#9122,#7385,#7386);
#6930=AXIS2_PLACEMENT_3D('',#9126,#7388,#7389);
#6931=AXIS2_PLACEMENT_3D('',#9130,#7391,#7392);
#6932=AXIS2_PLACEMENT_3D('',#9134,#7394,#7395);
#6933=AXIS2_PLACEMENT_3D('',#9138,#7397,#7398);
#6934=AXIS2_PLACEMENT_3D('',#9142,#7400,#7401);
#6935=AXIS2_PLACEMENT_3D('',#9146,#7403,#7404);
#6936=AXIS2_PLACEMENT_3D('',#9150,#7406,#7407);
#6937=AXIS2_PLACEMENT_3D('',#9153,#7409,#7410);
#6938=AXIS2_PLACEMENT_3D('',#9156,#7411,#7412);
#6939=AXIS2_PLACEMENT_3D('',#9182,#7425,#7426);
#6940=AXIS2_PLACEMENT_3D('',#9206,#7438,#7439);
#6941=AXIS2_PLACEMENT_3D('',#9232,#7452,#7453);
#6942=AXIS2_PLACEMENT_3D('',#9258,#7466,#7467);
#6943=AXIS2_PLACEMENT_3D('',#9260,#7468,#7469);
#6944=AXIS2_PLACEMENT_3D('',#9284,#7481,#7482);
#6945=AXIS2_PLACEMENT_3D('',#9286,#7483,#7484);
#6946=AXIS2_PLACEMENT_3D('',#9602,#7642,#7643);
#6947=AXIS2_PLACEMENT_3D('',#9628,#7656,#7657);
#6948=AXIS2_PLACEMENT_3D('',#9653,#7670,#7671);
#6949=AXIS2_PLACEMENT_3D('',#9656,#7672,#7673);
#6950=AXIS2_PLACEMENT_3D('',#9683,#7687,#7688);
#6951=AXIS2_PLACEMENT_3D('',#9684,#7689,#7690);
#6952=AXIS2_PLACEMENT_3D('',#9688,#7693,#7694);
#6953=AXIS2_PLACEMENT_3D('',#9691,#7695,#7696);
#6954=AXIS2_PLACEMENT_3D('',#9694,#7699,#7700);
#6955=AXIS2_PLACEMENT_3D('',#9698,#7703,#7704);
#6956=AXIS2_PLACEMENT_3D('',#9700,#7706,#7707);
#6957=AXIS2_PLACEMENT_3D('',#9704,#7709,#7710);
#6958=AXIS2_PLACEMENT_3D('',#9708,#7712,#7713);
#6959=AXIS2_PLACEMENT_3D('',#9712,#7715,#7716);
#6960=AXIS2_PLACEMENT_3D('',#9716,#7718,#7719);
#6961=AXIS2_PLACEMENT_3D('',#9720,#7721,#7722);
#6962=AXIS2_PLACEMENT_3D('',#9724,#7724,#7725);
#6963=AXIS2_PLACEMENT_3D('',#9728,#7727,#7728);
#6964=AXIS2_PLACEMENT_3D('',#9732,#7730,#7731);
#6965=AXIS2_PLACEMENT_3D('',#9736,#7733,#7734);
#6966=AXIS2_PLACEMENT_3D('',#9740,#7736,#7737);
#6967=AXIS2_PLACEMENT_3D('',#9744,#7739,#7740);
#6968=AXIS2_PLACEMENT_3D('',#9748,#7742,#7743);
#6969=AXIS2_PLACEMENT_3D('',#9752,#7745,#7746);
#6970=AXIS2_PLACEMENT_3D('',#9756,#7748,#7749);
#6971=AXIS2_PLACEMENT_3D('',#9760,#7751,#7752);
#6972=AXIS2_PLACEMENT_3D('',#9764,#7754,#7755);
#6973=AXIS2_PLACEMENT_3D('',#9768,#7757,#7758);
#6974=AXIS2_PLACEMENT_3D('',#9940,#7845,#7846);
#6975=AXIS2_PLACEMENT_3D('',#9943,#7847,#7848);
#6976=AXIS2_PLACEMENT_3D('',#9944,#7849,#7850);
#6977=AXIS2_PLACEMENT_3D('',#9947,#7852,#7853);
#6978=AXIS2_PLACEMENT_3D('',#9948,#7854,#7855);
#6979=AXIS2_PLACEMENT_3D('',#9950,#7856,#7857);
#6980=AXIS2_PLACEMENT_3D('',#9951,#7858,#7859);
#6981=AXIS2_PLACEMENT_3D('',#9954,#7861,#7862);
#6982=AXIS2_PLACEMENT_3D('',#9955,#7863,#7864);
#6983=AXIS2_PLACEMENT_3D('',#9958,#7865,#7866);
#6984=AXIS2_PLACEMENT_3D('',#9959,#7867,#7868);
#6985=AXIS2_PLACEMENT_3D('',#9962,#7870,#7871);
#6986=AXIS2_PLACEMENT_3D('',#9963,#7872,#7873);
#6987=AXIS2_PLACEMENT_3D('',#9965,#7874,#7875);
#6988=AXIS2_PLACEMENT_3D('',#9966,#7876,#7877);
#6989=AXIS2_PLACEMENT_3D('',#9969,#7879,#7880);
#6990=AXIS2_PLACEMENT_3D('',#9970,#7881,#7882);
#6991=AXIS2_PLACEMENT_3D('',#9973,#7883,#7884);
#6992=AXIS2_PLACEMENT_3D('',#9974,#7885,#7886);
#6993=AXIS2_PLACEMENT_3D('',#9977,#7888,#7889);
#6994=AXIS2_PLACEMENT_3D('',#9978,#7890,#7891);
#6995=AXIS2_PLACEMENT_3D('',#9980,#7892,#7893);
#6996=AXIS2_PLACEMENT_3D('',#9981,#7894,#7895);
#6997=AXIS2_PLACEMENT_3D('',#9984,#7897,#7898);
#6998=AXIS2_PLACEMENT_3D('',#9985,#7899,#7900);
#6999=AXIS2_PLACEMENT_3D('',#9988,#7901,#7902);
#7000=AXIS2_PLACEMENT_3D('',#9989,#7903,#7904);
#7001=AXIS2_PLACEMENT_3D('',#9992,#7906,#7907);
#7002=AXIS2_PLACEMENT_3D('',#9993,#7908,#7909);
#7003=AXIS2_PLACEMENT_3D('',#9995,#7910,#7911);
#7004=AXIS2_PLACEMENT_3D('',#9996,#7912,#7913);
#7005=AXIS2_PLACEMENT_3D('',#9999,#7915,#7916);
#7006=AXIS2_PLACEMENT_3D('',#10000,#7917,#7918);
#7007=AXIS2_PLACEMENT_3D('',#10002,#7919,#7920);
#7008=AXIS2_PLACEMENT_3D('',#10004,#7922,#7923);
#7009=AXIS2_PLACEMENT_3D('',#10007,#7924,#7925);
#7010=AXIS2_PLACEMENT_3D('',#10008,#7926,#7927);
#7011=AXIS2_PLACEMENT_3D('',#10010,#7929,#7930);
#7012=AXIS2_PLACEMENT_3D('',#10012,#7931,#7932);
#7013=AXIS2_PLACEMENT_3D('',#10014,#7934,#7935);
#7014=AXIS2_PLACEMENT_3D('',#10017,#7936,#7937);
#7015=AXIS2_PLACEMENT_3D('',#10018,#7938,#7939);
#7016=AXIS2_PLACEMENT_3D('',#10020,#7941,#7942);
#7017=AXIS2_PLACEMENT_3D('',#10022,#7943,#7944);
#7018=AXIS2_PLACEMENT_3D('',#10024,#7946,#7947);
#7019=AXIS2_PLACEMENT_3D('',#10027,#7948,#7949);
#7020=AXIS2_PLACEMENT_3D('',#10028,#7950,#7951);
#7021=AXIS2_PLACEMENT_3D('',#10030,#7953,#7954);
#7022=AXIS2_PLACEMENT_3D('',#10032,#7955,#7956);
#7023=AXIS2_PLACEMENT_3D('',#10034,#7958,#7959);
#7024=AXIS2_PLACEMENT_3D('',#10037,#7960,#7961);
#7025=AXIS2_PLACEMENT_3D('',#10038,#7962,#7963);
#7026=AXIS2_PLACEMENT_3D('',#10040,#7965,#7966);
#7027=AXIS2_PLACEMENT_3D('',#10042,#7967,#7968);
#7028=AXIS2_PLACEMENT_3D('',#10045,#7970,#7971);
#7029=AXIS2_PLACEMENT_3D('',#10046,#7972,#7973);
#7030=AXIS2_PLACEMENT_3D('',#10048,#7974,#7975);
#7031=AXIS2_PLACEMENT_3D('',#10049,#7976,#7977);
#7032=AXIS2_PLACEMENT_3D('',#10052,#7978,#7979);
#7033=AXIS2_PLACEMENT_3D('',#10053,#7980,#7981);
#7034=AXIS2_PLACEMENT_3D('',#10055,#7983,#7984);
#7035=AXIS2_PLACEMENT_3D('',#10058,#7985,#7986);
#7036=AXIS2_PLACEMENT_3D('',#10059,#7987,#7988);
#7037=AXIS2_PLACEMENT_3D('',#10061,#7990,#7991);
#7038=AXIS2_PLACEMENT_3D('',#10064,#7993,#7994);
#7039=AXIS2_PLACEMENT_3D('',#10065,#7995,#7996);
#7040=AXIS2_PLACEMENT_3D('',#10067,#7998,#7999);
#7041=AXIS2_PLACEMENT_3D('',#10072,#8001,#8002);
#7042=AXIS2_PLACEMENT_3D('',#10088,#8004,#8005);
#7043=AXIS2_PLACEMENT_3D('',#10090,#8007,#8008);
#7044=AXIS2_PLACEMENT_3D('',#10101,#8010,#8011);
#7045=AXIS2_PLACEMENT_3D('',#10123,#8012,#8013);
#7046=AXIS2_PLACEMENT_3D('',#10127,#8015,#8016);
#7047=AXIS2_PLACEMENT_3D('',#10129,#8018,#8019);
#7048=AXIS2_PLACEMENT_3D('',#10159,#8021,#8022);
#7049=AXIS2_PLACEMENT_3D('',#10165,#8026,#8027);
#7050=AXIS2_PLACEMENT_3D('',#10169,#8030,#8031);
#7051=AXIS2_PLACEMENT_3D('',#10175,#8035,#8036);
#7052=AXIS2_PLACEMENT_3D('',#10179,#8039,#8040);
#7053=AXIS2_PLACEMENT_3D('',#10183,#8043,#8044);
#7054=AXIS2_PLACEMENT_3D('',#10187,#8047,#8048);
#7055=AXIS2_PLACEMENT_3D('',#10193,#8052,#8053);
#7056=AXIS2_PLACEMENT_3D('',#10197,#8056,#8057);
#7057=AXIS2_PLACEMENT_3D('',#10201,#8060,#8061);
#7058=AXIS2_PLACEMENT_3D('',#10207,#8065,#8066);
#7059=AXIS2_PLACEMENT_3D('',#10211,#8069,#8070);
#7060=AXIS2_PLACEMENT_3D('',#10215,#8073,#8074);
#7061=AXIS2_PLACEMENT_3D('',#10221,#8078,#8079);
#7062=AXIS2_PLACEMENT_3D('',#10225,#8082,#8083);
#7063=AXIS2_PLACEMENT_3D('',#10229,#8086,#8087);
#7064=AXIS2_PLACEMENT_3D('',#10235,#8091,#8092);
#7065=AXIS2_PLACEMENT_3D('',#10239,#8095,#8096);
#7066=AXIS2_PLACEMENT_3D('',#10243,#8099,#8100);
#7067=AXIS2_PLACEMENT_3D('',#10249,#8104,#8105);
#7068=AXIS2_PLACEMENT_3D('',#10253,#8108,#8109);
#7069=AXIS2_PLACEMENT_3D('',#10259,#8113,#8114);
#7070=AXIS2_PLACEMENT_3D('',#10263,#8117,#8118);
#7071=AXIS2_PLACEMENT_3D('',#10267,#8121,#8122);
#7072=AXIS2_PLACEMENT_3D('',#10271,#8125,#8126);
#7073=AXIS2_PLACEMENT_3D('',#10277,#8130,#8131);
#7074=AXIS2_PLACEMENT_3D('',#10281,#8134,#8135);
#7075=AXIS2_PLACEMENT_3D('',#10287,#8139,#8140);
#7076=AXIS2_PLACEMENT_3D('',#10291,#8143,#8144);
#7077=AXIS2_PLACEMENT_3D('',#10295,#8147,#8148);
#7078=AXIS2_PLACEMENT_3D('',#10299,#8151,#8152);
#7079=AXIS2_PLACEMENT_3D('',#10305,#8156,#8157);
#7080=AXIS2_PLACEMENT_3D('',#10309,#8160,#8161);
#7081=AXIS2_PLACEMENT_3D('',#10315,#8165,#8166);
#7082=AXIS2_PLACEMENT_3D('',#10319,#8169,#8170);
#7083=AXIS2_PLACEMENT_3D('',#10323,#8173,#8174);
#7084=AXIS2_PLACEMENT_3D('',#10327,#8177,#8178);
#7085=AXIS2_PLACEMENT_3D('',#10333,#8182,#8183);
#7086=AXIS2_PLACEMENT_3D('',#10337,#8186,#8187);
#7087=AXIS2_PLACEMENT_3D('',#10343,#8191,#8192);
#7088=AXIS2_PLACEMENT_3D('',#10347,#8195,#8196);
#7089=AXIS2_PLACEMENT_3D('',#10351,#8199,#8200);
#7090=AXIS2_PLACEMENT_3D('',#10355,#8203,#8204);
#7091=AXIS2_PLACEMENT_3D('',#10361,#8208,#8209);
#7092=AXIS2_PLACEMENT_3D('',#10365,#8212,#8213);
#7093=AXIS2_PLACEMENT_3D('',#10371,#8217,#8218);
#7094=AXIS2_PLACEMENT_3D('',#10375,#8221,#8222);
#7095=AXIS2_PLACEMENT_3D('',#10379,#8225,#8226);
#7096=AXIS2_PLACEMENT_3D('',#10383,#8229,#8230);
#7097=AXIS2_PLACEMENT_3D('',#10389,#8234,#8235);
#7098=AXIS2_PLACEMENT_3D('',#10393,#8238,#8239);
#7099=AXIS2_PLACEMENT_3D('',#10399,#8243,#8244);
#7100=AXIS2_PLACEMENT_3D('',#10403,#8247,#8248);
#7101=AXIS2_PLACEMENT_3D('',#10407,#8251,#8252);
#7102=AXIS2_PLACEMENT_3D('',#10411,#8255,#8256);
#7103=AXIS2_PLACEMENT_3D('',#10417,#8260,#8261);
#7104=AXIS2_PLACEMENT_3D('',#10421,#8264,#8265);
#7105=AXIS2_PLACEMENT_3D('',#10427,#8269,#8270);
#7106=AXIS2_PLACEMENT_3D('',#10431,#8273,#8274);
#7107=AXIS2_PLACEMENT_3D('',#10435,#8277,#8278);
#7108=AXIS2_PLACEMENT_3D('',#10439,#8281,#8282);
#7109=AXIS2_PLACEMENT_3D('',#10445,#8286,#8287);
#7110=AXIS2_PLACEMENT_3D('',#10449,#8290,#8291);
#7111=AXIS2_PLACEMENT_3D('',#10455,#8295,#8296);
#7112=AXIS2_PLACEMENT_3D('',#10459,#8299,#8300);
#7113=AXIS2_PLACEMENT_3D('',#10463,#8303,#8304);
#7114=AXIS2_PLACEMENT_3D('',#10467,#8307,#8308);
#7115=AXIS2_PLACEMENT_3D('',#10473,#8312,#8313);
#7116=AXIS2_PLACEMENT_3D('',#10477,#8316,#8317);
#7117=AXIS2_PLACEMENT_3D('',#10483,#8321,#8322);
#7118=AXIS2_PLACEMENT_3D('',#10487,#8325,#8326);
#7119=AXIS2_PLACEMENT_3D('',#10491,#8329,#8330);
#7120=AXIS2_PLACEMENT_3D('',#10495,#8333,#8334);
#7121=AXIS2_PLACEMENT_3D('',#10501,#8338,#8339);
#7122=AXIS2_PLACEMENT_3D('',#10505,#8342,#8343);
#7123=AXIS2_PLACEMENT_3D('',#10511,#8347,#8348);
#7124=AXIS2_PLACEMENT_3D('',#10515,#8351,#8352);
#7125=AXIS2_PLACEMENT_3D('',#10519,#8355,#8356);
#7126=AXIS2_PLACEMENT_3D('',#10523,#8359,#8360);
#7127=AXIS2_PLACEMENT_3D('',#10529,#8364,#8365);
#7128=AXIS2_PLACEMENT_3D('',#10533,#8368,#8369);
#7129=AXIS2_PLACEMENT_3D('',#10539,#8373,#8374);
#7130=AXIS2_PLACEMENT_3D('',#10543,#8377,#8378);
#7131=AXIS2_PLACEMENT_3D('',#10547,#8381,#8382);
#7132=AXIS2_PLACEMENT_3D('',#10551,#8385,#8386);
#7133=AXIS2_PLACEMENT_3D('',#10557,#8390,#8391);
#7134=AXIS2_PLACEMENT_3D('',#10561,#8394,#8395);
#7135=AXIS2_PLACEMENT_3D('',#10567,#8399,#8400);
#7136=AXIS2_PLACEMENT_3D('',#10571,#8403,#8404);
#7137=AXIS2_PLACEMENT_3D('',#10575,#8407,#8408);
#7138=AXIS2_PLACEMENT_3D('',#10579,#8411,#8412);
#7139=AXIS2_PLACEMENT_3D('',#10585,#8416,#8417);
#7140=AXIS2_PLACEMENT_3D('',#10589,#8420,#8421);
#7141=AXIS2_PLACEMENT_3D('',#10595,#8425,#8426);
#7142=AXIS2_PLACEMENT_3D('',#10599,#8429,#8430);
#7143=AXIS2_PLACEMENT_3D('',#10603,#8433,#8434);
#7144=AXIS2_PLACEMENT_3D('',#10607,#8437,#8438);
#7145=AXIS2_PLACEMENT_3D('',#10613,#8442,#8443);
#7146=AXIS2_PLACEMENT_3D('',#10617,#8446,#8447);
#7147=AXIS2_PLACEMENT_3D('',#10623,#8451,#8452);
#7148=AXIS2_PLACEMENT_3D('',#10627,#8455,#8456);
#7149=AXIS2_PLACEMENT_3D('',#10631,#8459,#8460);
#7150=AXIS2_PLACEMENT_3D('',#10635,#8463,#8464);
#7151=AXIS2_PLACEMENT_3D('',#10641,#8468,#8469);
#7152=AXIS2_PLACEMENT_3D('',#10645,#8472,#8473);
#7153=AXIS2_PLACEMENT_3D('',#10649,#8476,#8477);
#7154=AXIS2_PLACEMENT_3D('',#10655,#8481,#8482);
#7155=AXIS2_PLACEMENT_3D('',#10659,#8485,#8486);
#7156=AXIS2_PLACEMENT_3D('',#10663,#8489,#8490);
#7157=AXIS2_PLACEMENT_3D('',#10669,#8494,#8495);
#7158=AXIS2_PLACEMENT_3D('',#10673,#8498,#8499);
#7159=AXIS2_PLACEMENT_3D('',#10679,#8503,#8504);
#7160=AXIS2_PLACEMENT_3D('',#10683,#8507,#8508);
#7161=AXIS2_PLACEMENT_3D('',#10687,#8511,#8512);
#7162=AXIS2_PLACEMENT_3D('',#10691,#8515,#8516);
#7163=AXIS2_PLACEMENT_3D('',#10697,#8520,#8521);
#7164=AXIS2_PLACEMENT_3D('',#10701,#8524,#8525);
#7165=AXIS2_PLACEMENT_3D('',#10705,#8528,#8529);
#7166=AXIS2_PLACEMENT_3D('',#10711,#8533,#8534);
#7167=AXIS2_PLACEMENT_3D('',#10715,#8537,#8538);
#7168=AXIS2_PLACEMENT_3D('',#10719,#8541,#8542);
#7169=AXIS2_PLACEMENT_3D('',#10725,#8546,#8547);
#7170=AXIS2_PLACEMENT_3D('',#10729,#8550,#8551);
#7171=AXIS2_PLACEMENT_3D('',#10735,#8555,#8556);
#7172=AXIS2_PLACEMENT_3D('',#10739,#8559,#8560);
#7173=AXIS2_PLACEMENT_3D('',#10743,#8563,#8564);
#7174=AXIS2_PLACEMENT_3D('',#10747,#8567,#8568);
#7175=AXIS2_PLACEMENT_3D('',#10749,#8570,#8571);
#7176=AXIS2_PLACEMENT_3D('',#10751,#8573,#8574);
#7177=AXIS2_PLACEMENT_3D('',#10753,#8576,#8577);
#7178=AXIS2_PLACEMENT_3D('',#10755,#8579,#8580);
#7179=AXIS2_PLACEMENT_3D('',#10757,#8582,#8583);
#7180=AXIS2_PLACEMENT_3D('',#10759,#8585,#8586);
#7181=AXIS2_PLACEMENT_3D('',#10761,#8588,#8589);
#7182=AXIS2_PLACEMENT_3D('',#10763,#8591,#8592);
#7183=AXIS2_PLACEMENT_3D('',#10765,#8594,#8595);
#7184=AXIS2_PLACEMENT_3D('',#10767,#8597,#8598);
#7185=AXIS2_PLACEMENT_3D('',#10769,#8600,#8601);
#7186=AXIS2_PLACEMENT_3D('',#10771,#8603,#8604);
#7187=AXIS2_PLACEMENT_3D('',#10773,#8606,#8607);
#7188=AXIS2_PLACEMENT_3D('',#10775,#8609,#8610);
#7189=AXIS2_PLACEMENT_3D('',#10777,#8612,#8613);
#7190=AXIS2_PLACEMENT_3D('',#10779,#8615,#8616);
#7191=AXIS2_PLACEMENT_3D('',#10781,#8618,#8619);
#7192=AXIS2_PLACEMENT_3D('',#10783,#8621,#8622);
#7193=AXIS2_PLACEMENT_3D('',#10785,#8624,#8625);
#7194=AXIS2_PLACEMENT_3D('',#10787,#8627,#8628);
#7195=AXIS2_PLACEMENT_3D('',#10789,#8630,#8631);
#7196=AXIS2_PLACEMENT_3D('',#10791,#8633,#8634);
#7197=AXIS2_PLACEMENT_3D('',#10793,#8636,#8637);
#7198=AXIS2_PLACEMENT_3D('',#10795,#8639,#8640);
#7199=AXIS2_PLACEMENT_3D('',#10797,#8642,#8643);
#7200=AXIS2_PLACEMENT_3D('',#10799,#8645,#8646);
#7201=AXIS2_PLACEMENT_3D('',#10801,#8648,#8649);
#7202=AXIS2_PLACEMENT_3D('',#10803,#8651,#8652);
#7203=AXIS2_PLACEMENT_3D('',#10805,#8654,#8655);
#7204=AXIS2_PLACEMENT_3D('',#10807,#8657,#8658);
#7205=AXIS2_PLACEMENT_3D('',#10809,#8660,#8661);
#7206=AXIS2_PLACEMENT_3D('',#10811,#8663,#8664);
#7207=AXIS2_PLACEMENT_3D('',#10813,#8666,#8667);
#7208=AXIS2_PLACEMENT_3D('',#10815,#8669,#8670);
#7209=AXIS2_PLACEMENT_3D('',#10817,#8672,#8673);
#7210=AXIS2_PLACEMENT_3D('',#10819,#8675,#8676);
#7211=AXIS2_PLACEMENT_3D('',#10821,#8678,#8679);
#7212=AXIS2_PLACEMENT_3D('',#10823,#8681,#8682);
#7213=AXIS2_PLACEMENT_3D('',#10825,#8684,#8685);
#7214=AXIS2_PLACEMENT_3D('',#10827,#8687,#8688);
#7215=AXIS2_PLACEMENT_3D('',#10829,#8690,#8691);
#7216=AXIS2_PLACEMENT_3D('',#10831,#8693,#8694);
#7217=AXIS2_PLACEMENT_3D('',#10834,#8696,#8697);
#7218=AXIS2_PLACEMENT_3D('',#10837,#8699,#8700);
#7219=AXIS2_PLACEMENT_3D('',#10840,#8702,#8703);
#7220=AXIS2_PLACEMENT_3D('',#10843,#8705,#8706);
#7221=AXIS2_PLACEMENT_3D('',#10846,#8708,#8709);
#7222=AXIS2_PLACEMENT_3D('',#10849,#8712,#8713);
#7223=AXIS2_PLACEMENT_3D('',#10851,#8715,#8716);
#7224=AXIS2_PLACEMENT_3D('',#10853,#8718,#8719);
#7225=AXIS2_PLACEMENT_3D('',#10854,#8720,#8721);
#7226=AXIS2_PLACEMENT_3D('',#10857,#8724,#8725);
#7227=AXIS2_PLACEMENT_3D('',#10859,#8727,#8728);
#7228=AXIS2_PLACEMENT_3D('',#10861,#8730,#8731);
#7229=AXIS2_PLACEMENT_3D('',#10862,#8732,#8733);
#7230=AXIS2_PLACEMENT_3D('',#10865,#8736,#8737);
#7231=AXIS2_PLACEMENT_3D('',#10867,#8739,#8740);
#7232=AXIS2_PLACEMENT_3D('',#10869,#8742,#8743);
#7233=AXIS2_PLACEMENT_3D('',#10870,#8744,#8745);
#7234=AXIS2_PLACEMENT_3D('',#10873,#8748,#8749);
#7235=AXIS2_PLACEMENT_3D('',#10875,#8751,#8752);
#7236=AXIS2_PLACEMENT_3D('',#10877,#8754,#8755);
#7237=AXIS2_PLACEMENT_3D('',#10878,#8756,#8757);
#7238=AXIS2_PLACEMENT_3D('',#10881,#8760,#8761);
#7239=AXIS2_PLACEMENT_3D('',#10883,#8763,#8764);
#7240=AXIS2_PLACEMENT_3D('',#10885,#8766,#8767);
#7241=AXIS2_PLACEMENT_3D('',#10886,#8768,#8769);
#7242=AXIS2_PLACEMENT_3D('',#10889,#8772,#8773);
#7243=AXIS2_PLACEMENT_3D('',#10891,#8775,#8776);
#7244=AXIS2_PLACEMENT_3D('',#10893,#8778,#8779);
#7245=AXIS2_PLACEMENT_3D('',#10894,#8780,#8781);
#7246=AXIS2_PLACEMENT_3D('',#10897,#8784,#8785);
#7247=AXIS2_PLACEMENT_3D('',#10899,#8787,#8788);
#7248=AXIS2_PLACEMENT_3D('',#10901,#8790,#8791);
#7249=AXIS2_PLACEMENT_3D('',#10902,#8792,#8793);
#7250=AXIS2_PLACEMENT_3D('',#10905,#8796,#8797);
#7251=AXIS2_PLACEMENT_3D('',#10907,#8799,#8800);
#7252=AXIS2_PLACEMENT_3D('',#10909,#8802,#8803);
#7253=AXIS2_PLACEMENT_3D('',#10911,#8805,#8806);
#7254=AXIS2_PLACEMENT_3D('',#10912,#8807,#8808);
#7255=AXIS2_PLACEMENT_3D('',#10915,#8811,#8812);
#7256=AXIS2_PLACEMENT_3D('',#10917,#8814,#8815);
#7257=AXIS2_PLACEMENT_3D('',#10919,#8817,#8818);
#7258=AXIS2_PLACEMENT_3D('',#10920,#8819,#8820);
#7259=AXIS2_PLACEMENT_3D('',#10923,#8823,#8824);
#7260=AXIS2_PLACEMENT_3D('',#10925,#8826,#8827);
#7261=AXIS2_PLACEMENT_3D('',#10927,#8829,#8830);
#7262=AXIS2_PLACEMENT_3D('',#10928,#8831,#8832);
#7263=AXIS2_PLACEMENT_3D('',#10931,#8835,#8836);
#7264=AXIS2_PLACEMENT_3D('',#10933,#8838,#8839);
#7265=AXIS2_PLACEMENT_3D('',#10935,#8841,#8842);
#7266=AXIS2_PLACEMENT_3D('',#10936,#8843,#8844);
#7267=AXIS2_PLACEMENT_3D('',#10939,#8847,#8848);
#7268=AXIS2_PLACEMENT_3D('',#10941,#8850,#8851);
#7269=AXIS2_PLACEMENT_3D('',#10943,#8853,#8854);
#7270=AXIS2_PLACEMENT_3D('',#10944,#8855,#8856);
#7271=AXIS2_PLACEMENT_3D('',#10947,#8859,#8860);
#7272=AXIS2_PLACEMENT_3D('',#10949,#8862,#8863);
#7273=AXIS2_PLACEMENT_3D('',#10951,#8865,#8866);
#7274=AXIS2_PLACEMENT_3D('',#10952,#8867,#8868);
#7275=AXIS2_PLACEMENT_3D('',#10955,#8871,#8872);
#7276=AXIS2_PLACEMENT_3D('',#10957,#8874,#8875);
#7277=AXIS2_PLACEMENT_3D('',#10959,#8877,#8878);
#7278=AXIS2_PLACEMENT_3D('',#10960,#8879,#8880);
#7279=AXIS2_PLACEMENT_3D('',#10963,#8883,#8884);
#7280=AXIS2_PLACEMENT_3D('',#10965,#8886,#8887);
#7281=AXIS2_PLACEMENT_3D('',#10967,#8889,#8890);
#7282=AXIS2_PLACEMENT_3D('',#10968,#8891,#8892);
#7283=AXIS2_PLACEMENT_3D('',#10971,#8895,#8896);
#7284=AXIS2_PLACEMENT_3D('',#10973,#8898,#8899);
#7285=AXIS2_PLACEMENT_3D('',#10975,#8901,#8902);
#7286=AXIS2_PLACEMENT_3D('',#10976,#8903,#8904);
#7287=AXIS2_PLACEMENT_3D('',#10979,#8907,#8908);
#7288=AXIS2_PLACEMENT_3D('',#10981,#8910,#8911);
#7289=AXIS2_PLACEMENT_3D('',#10983,#8913,#8914);
#7290=AXIS2_PLACEMENT_3D('',#10984,#8915,#8916);
#7291=AXIS2_PLACEMENT_3D('',#10987,#8919,#8920);
#7292=AXIS2_PLACEMENT_3D('',#10989,#8922,#8923);
#7293=AXIS2_PLACEMENT_3D('',#10991,#8925,#8926);
#7294=AXIS2_PLACEMENT_3D('',#10992,#8927,#8928);
#7295=AXIS2_PLACEMENT_3D('',#10995,#8931,#8932);
#7296=AXIS2_PLACEMENT_3D('',#10997,#8934,#8935);
#7297=AXIS2_PLACEMENT_3D('',#10999,#8937,#8938);
#7298=AXIS2_PLACEMENT_3D('',#11000,#8939,#8940);
#7299=AXIS2_PLACEMENT_3D('',#11003,#8943,#8944);
#7300=AXIS2_PLACEMENT_3D('',#11005,#8946,#8947);
#7301=AXIS2_PLACEMENT_3D('',#11007,#8949,#8950);
#7302=AXIS2_PLACEMENT_3D('',#11008,#8951,#8952);
#7303=AXIS2_PLACEMENT_3D('',#11011,#8955,#8956);
#7304=AXIS2_PLACEMENT_3D('',#11013,#8958,#8959);
#7305=AXIS2_PLACEMENT_3D('',#11015,#8961,#8962);
#7306=AXIS2_PLACEMENT_3D('',#11016,#8963,#8964);
#7307=AXIS2_PLACEMENT_3D('',#11018,#8966,#8967);
#7308=AXIS2_PLACEMENT_3D('',#11020,#8969,#8970);
#7309=AXIS2_PLACEMENT_3D('',#11022,#8972,#8973);
#7310=AXIS2_PLACEMENT_3D('',#11024,#8975,#8976);
#7311=AXIS2_PLACEMENT_3D('',#11026,#8978,#8979);
#7312=AXIS2_PLACEMENT_3D('',#11028,#8981,#8982);
#7313=AXIS2_PLACEMENT_3D('',#11030,#8984,#8985);
#7314=AXIS2_PLACEMENT_3D('',#11032,#8987,#8988);
#7315=AXIS2_PLACEMENT_3D('',#11034,#8990,#8991);
#7316=AXIS2_PLACEMENT_3D('',#11036,#8993,#8994);
#7317=AXIS2_PLACEMENT_3D('',#11038,#8996,#8997);
#7318=AXIS2_PLACEMENT_3D('',#11040,#8999,#9000);
#7319=AXIS2_PLACEMENT_3D('',#11042,#9002,#9003);
#7320=AXIS2_PLACEMENT_3D('',#11044,#9005,#9006);
#7321=AXIS2_PLACEMENT_3D('',#11046,#9008,#9009);
#7322=AXIS2_PLACEMENT_3D('',#11048,#9011,#9012);
#7323=AXIS2_PLACEMENT_3D('',#11050,#9014,#9015);
#7324=AXIS2_PLACEMENT_3D('',#11052,#9017,#9018);
#7325=AXIS2_PLACEMENT_3D('',#11054,#9020,#9021);
#7326=AXIS2_PLACEMENT_3D('',#11056,#9023,#9024);
#7327=AXIS2_PLACEMENT_3D('',#11058,#9026,#9027);
#7328=AXIS2_PLACEMENT_3D('',#11060,#9029,#9030);
#7329=AXIS2_PLACEMENT_3D('',#11062,#9032,#9033);
#7330=AXIS2_PLACEMENT_3D('',#11064,#9035,#9036);
#7331=AXIS2_PLACEMENT_3D('',#11066,#9038,#9039);
#7332=AXIS2_PLACEMENT_3D('',#11068,#9041,#9042);
#7333=AXIS2_PLACEMENT_3D('',#11070,#9044,#9045);
#7334=AXIS2_PLACEMENT_3D('',#11072,#9047,#9048);
#7335=AXIS2_PLACEMENT_3D('',#11074,#9050,#9051);
#7336=AXIS2_PLACEMENT_3D('',#11076,#9053,#9054);
#7337=AXIS2_PLACEMENT_3D('',#11078,#9056,#9057);
#7338=AXIS2_PLACEMENT_3D('',#11080,#9059,#9060);
#7339=AXIS2_PLACEMENT_3D('',#11082,#9062,#9063);
#7340=DIRECTION('axis',(0.,0.,1.));
#7341=DIRECTION('refdir',(1.,0.,0.));
#7342=DIRECTION('center_axis',(0.,0.,-1.));
#7343=DIRECTION('ref_axis',(-0.865901164712238,0.500215126670506,0.));
#7344=DIRECTION('center_axis',(0.,0.,1.));
#7345=DIRECTION('ref_axis',(-0.865901164712238,0.500215126670506,0.));
#7346=DIRECTION('',(0.,0.,1.));
#7347=DIRECTION('center_axis',(0.,0.,-1.));
#7348=DIRECTION('ref_axis',(-0.865901164712238,0.500215126670506,0.));
#7349=DIRECTION('',(0.,0.,-1.));
#7350=DIRECTION('center_axis',(0.,0.,-1.));
#7351=DIRECTION('ref_axis',(1.,0.,0.));
#7352=DIRECTION('',(0.866276874594889,0.499564186608799,0.));
#7353=DIRECTION('',(0.865567349181984,0.500792535916894,0.));
#7354=DIRECTION('center_axis',(0.,0.,-1.));
#7355=DIRECTION('ref_axis',(0.866254158984794,-0.499603574888678,0.));
#7356=DIRECTION('',(8.32457961676896E-17,1.,0.));
#7357=DIRECTION('',(1.,1.12428038302081E-16,0.));
#7358=DIRECTION('center_axis',(0.,0.,1.));
#7359=DIRECTION('ref_axis',(0.999999993615282,-0.000113001932853243,0.));
#7360=DIRECTION('',(0.000113001932868826,0.999999993615282,0.));
#7361=DIRECTION('center_axis',(0.,0.,-1.));
#7362=DIRECTION('ref_axis',(-0.999999993615282,0.000113001932882104,0.));
#7363=DIRECTION('',(0.999999479482026,0.00102031155886377,0.));
#7364=DIRECTION('center_axis',(0.,0.,1.));
#7365=DIRECTION('ref_axis',(0.999999990346743,-0.000138947884915641,0.));
#7366=DIRECTION('',(0.000138947884900199,0.999999990346743,0.));
#7367=DIRECTION('center_axis',(0.,0.,-1.));
#7368=DIRECTION('ref_axis',(-0.999999990346743,0.000138947884880119,0.));
#7369=DIRECTION('',(0.999999812665027,0.00061210285964018,0.));
#7370=DIRECTION('center_axis',(0.,0.,1.));
#7371=DIRECTION('ref_axis',(1.,-2.66453525910029E-14,0.));
#7372=DIRECTION('',(0.,1.,0.));
#7373=DIRECTION('center_axis',(0.,0.,-1.));
#7374=DIRECTION('ref_axis',(-1.,1.11022302462516E-15,0.));
#7375=DIRECTION('',(1.,5.84343308173005E-17,0.));
#7376=DIRECTION('center_axis',(0.,0.,-1.));
#7377=DIRECTION('ref_axis',(0.,1.,0.));
#7378=DIRECTION('',(0.,-1.,0.));
#7379=DIRECTION('center_axis',(0.,0.,1.));
#7380=DIRECTION('ref_axis',(0.,-1.,0.));
#7381=DIRECTION('',(1.,4.31755293426637E-16,0.));
#7382=DIRECTION('center_axis',(0.,0.,-1.));
#7383=DIRECTION('ref_axis',(0.,1.,0.));
#7384=DIRECTION('',(-4.80017902753198E-5,-0.999999998847914,0.));
#7385=DIRECTION('center_axis',(0.,0.,1.));
#7386=DIRECTION('ref_axis',(-3.61374929980251E-9,-1.,0.));
#7387=DIRECTION('',(1.,-3.61383096021515E-9,0.));
#7388=DIRECTION('center_axis',(0.,0.,-1.));
#7389=DIRECTION('ref_axis',(3.61389140834925E-9,1.,0.));
#7390=DIRECTION('',(-0.000124514206197169,-0.999999992248106,0.));
#7391=DIRECTION('center_axis',(0.,0.,-1.));
#7392=DIRECTION('ref_axis',(0.999999992248106,-0.000124514206216731,0.));
#7393=DIRECTION('',(-1.,1.60098524621284E-16,0.));
#7394=DIRECTION('center_axis',(0.,0.,1.));
#7395=DIRECTION('ref_axis',(-0.807971748813671,0.589221225957601,0.));
#7396=DIRECTION('',(-0.589221225957568,-0.807971748813695,0.));
#7397=DIRECTION('center_axis',(0.,0.,-1.));
#7398=DIRECTION('ref_axis',(0.807971748813602,-0.589221225957695,0.));
#7399=DIRECTION('',(-0.991644500991827,-0.129000711830094,0.));
#7400=DIRECTION('center_axis',(0.,0.,1.));
#7401=DIRECTION('ref_axis',(-0.500381154360576,0.865805232347771,0.));
#7402=DIRECTION('',(-0.865805232347815,-0.5003811543605,0.));
#7403=DIRECTION('center_axis',(0.,0.,-1.));
#7404=DIRECTION('ref_axis',(0.500381154360517,-0.865805232347805,0.));
#7405=DIRECTION('',(-0.499564186608798,0.866276874594889,0.));
#7406=DIRECTION('center_axis',(0.,0.,-1.));
#7407=DIRECTION('ref_axis',(-0.866276874594893,-0.499564186608791,0.));
#7408=DIRECTION('',(-6.31149385371384E-6,0.999999999980082,0.));
#7409=DIRECTION('center_axis',(0.,0.,-1.));
#7410=DIRECTION('ref_axis',(1.,0.,0.));
#7411=DIRECTION('center_axis',(0.,0.,-1.));
#7412=DIRECTION('ref_axis',(1.,0.,0.));
#7413=DIRECTION('',(0.,-1.,0.));
#7414=DIRECTION('',(1.,0.,0.));
#7415=DIRECTION('',(0.,-1.,0.));
#7416=DIRECTION('',(1.,0.,0.));
#7417=DIRECTION('',(0.,1.,0.));
#7418=DIRECTION('',(1.,0.,0.));
#7419=DIRECTION('',(0.,1.,0.));
#7420=DIRECTION('',(-1.,0.,0.));
#7421=DIRECTION('',(0.,1.,0.));
#7422=DIRECTION('',(-1.,0.,0.));
#7423=DIRECTION('',(0.,-1.,0.));
#7424=DIRECTION('',(-1.,0.,0.));
#7425=DIRECTION('center_axis',(0.,0.,-1.));
#7426=DIRECTION('ref_axis',(1.,0.,0.));
#7427=DIRECTION('',(1.,0.,0.));
#7428=DIRECTION('',(0.,-1.,0.));
#7429=DIRECTION('',(1.,0.,0.));
#7430=DIRECTION('',(0.,1.,0.));
#7431=DIRECTION('',(1.,0.,0.));
#7432=DIRECTION('',(0.,1.,0.));
#7433=DIRECTION('',(-1.,0.,0.));
#7434=DIRECTION('',(0.,1.,0.));
#7435=DIRECTION('',(-1.,0.,0.));
#7436=DIRECTION('',(0.,-1.,0.));
#7437=DIRECTION('',(-1.,0.,0.));
#7438=DIRECTION('center_axis',(0.,0.,-1.));
#7439=DIRECTION('ref_axis',(1.,0.,0.));
#7440=DIRECTION('',(1.,0.,0.));
#7441=DIRECTION('',(0.,-1.,0.));
#7442=DIRECTION('',(1.,0.,0.));
#7443=DIRECTION('',(0.,1.,0.));
#7444=DIRECTION('',(1.,0.,0.));
#7445=DIRECTION('',(0.,1.,0.));
#7446=DIRECTION('',(-1.,0.,0.));
#7447=DIRECTION('',(0.,1.,0.));
#7448=DIRECTION('',(-1.,0.,0.));
#7449=DIRECTION('',(0.,-1.,0.));
#7450=DIRECTION('',(-1.,0.,0.));
#7451=DIRECTION('',(0.,-1.,0.));
#7452=DIRECTION('center_axis',(0.,0.,-1.));
#7453=DIRECTION('ref_axis',(1.,0.,0.));
#7454=DIRECTION('',(0.,1.,0.));
#7455=DIRECTION('',(-1.,0.,0.));
#7456=DIRECTION('',(0.,1.,0.));
#7457=DIRECTION('',(-1.,0.,0.));
#7458=DIRECTION('',(0.,-1.,0.));
#7459=DIRECTION('',(-1.,0.,0.));
#7460=DIRECTION('',(0.,-1.,0.));
#7461=DIRECTION('',(1.,0.,0.));
#7462=DIRECTION('',(0.,-1.,0.));
#7463=DIRECTION('',(1.,0.,0.));
#7464=DIRECTION('',(0.,1.,0.));
#7465=DIRECTION('',(1.,0.,0.));
#7466=DIRECTION('center_axis',(0.,0.,-1.));
#7467=DIRECTION('ref_axis',(1.,0.,0.));
#7468=DIRECTION('center_axis',(0.,0.,-1.));
#7469=DIRECTION('ref_axis',(1.,0.,0.));
#7470=DIRECTION('',(-1.,0.,0.));
#7471=DIRECTION('',(0.,1.,0.));
#7472=DIRECTION('',(-1.,0.,0.));
#7473=DIRECTION('',(0.,-1.,0.));
#7474=DIRECTION('',(-1.,0.,0.));
#7475=DIRECTION('',(0.,-1.,0.));
#7476=DIRECTION('',(1.,0.,0.));
#7477=DIRECTION('',(0.,-1.,0.));
#7478=DIRECTION('',(1.,0.,0.));
#7479=DIRECTION('',(0.,1.,0.));
#7480=DIRECTION('',(1.,0.,0.));
#7481=DIRECTION('center_axis',(0.,0.,-1.));
#7482=DIRECTION('ref_axis',(1.,0.,0.));
#7483=DIRECTION('center_axis',(0.,0.,-1.));
#7484=DIRECTION('ref_axis',(1.,0.,0.));
#7485=DIRECTION('',(-1.,0.,0.));
#7486=DIRECTION('',(0.,1.,0.));
#7487=DIRECTION('',(-1.,0.,0.));
#7488=DIRECTION('',(0.,-1.,0.));
#7489=DIRECTION('',(-1.,0.,0.));
#7490=DIRECTION('',(0.,-1.,0.));
#7491=DIRECTION('',(1.,0.,0.));
#7492=DIRECTION('',(0.,-1.,0.));
#7493=DIRECTION('',(1.,0.,0.));
#7494=DIRECTION('',(0.,1.,0.));
#7495=DIRECTION('',(1.,0.,0.));
#7496=DIRECTION('',(0.,1.,0.));
#7497=DIRECTION('',(0.,1.,0.));
#7498=DIRECTION('',(1.,0.,0.));
#7499=DIRECTION('',(0.,1.,0.));
#7500=DIRECTION('',(-1.,0.,0.));
#7501=DIRECTION('',(0.,1.,0.));
#7502=DIRECTION('',(-1.,0.,0.));
#7503=DIRECTION('',(0.,-1.,0.));
#7504=DIRECTION('',(-1.,0.,0.));
#7505=DIRECTION('',(0.,-1.,0.));
#7506=DIRECTION('',(1.,0.,0.));
#7507=DIRECTION('',(0.,-1.,0.));
#7508=DIRECTION('',(1.,0.,0.));
#7509=DIRECTION('',(0.,-1.,0.));
#7510=DIRECTION('',(1.,0.,0.));
#7511=DIRECTION('',(0.,1.,0.));
#7512=DIRECTION('',(1.,0.,0.));
#7513=DIRECTION('',(0.,1.,0.));
#7514=DIRECTION('',(-1.,0.,0.));
#7515=DIRECTION('',(0.,1.,0.));
#7516=DIRECTION('',(-1.,0.,0.));
#7517=DIRECTION('',(0.,-1.,0.));
#7518=DIRECTION('',(-1.,0.,0.));
#7519=DIRECTION('',(0.,-1.,0.));
#7520=DIRECTION('',(1.,0.,0.));
#7521=DIRECTION('',(0.,-1.,0.));
#7522=DIRECTION('',(-1.,0.,0.));
#7523=DIRECTION('',(0.,-1.,0.));
#7524=DIRECTION('',(1.,0.,0.));
#7525=DIRECTION('',(0.,-1.,0.));
#7526=DIRECTION('',(1.,0.,0.));
#7527=DIRECTION('',(0.,1.,0.));
#7528=DIRECTION('',(1.,0.,0.));
#7529=DIRECTION('',(0.,1.,0.));
#7530=DIRECTION('',(-1.,0.,0.));
#7531=DIRECTION('',(0.,1.,0.));
#7532=DIRECTION('',(-1.,0.,0.));
#7533=DIRECTION('',(0.,1.,0.));
#7534=DIRECTION('',(-1.,0.,0.));
#7535=DIRECTION('',(-6.62819716194123E-16,-1.,0.));
#7536=DIRECTION('',(-1.,6.34413144098922E-16,0.));
#7537=DIRECTION('',(-1.26882631385732E-15,-1.,0.));
#7538=DIRECTION('',(4.04460059095462E-8,-0.999999999999999,0.));
#7539=DIRECTION('',(1.,-6.34413156928661E-16,0.));
#7540=DIRECTION('',(0.,-1.,0.));
#7541=DIRECTION('',(1.,0.,0.));
#7542=DIRECTION('',(0.,1.,0.));
#7543=DIRECTION('',(1.,-6.34413156928661E-16,0.));
#7544=DIRECTION('',(6.34413156928661E-16,1.,0.));
#7545=DIRECTION('',(-1.,6.34413144098922E-16,0.));
#7546=DIRECTION('',(0.,1.,0.));
#7547=DIRECTION('',(1.,0.,0.));
#7548=DIRECTION('',(0.,1.,0.));
#7549=DIRECTION('',(-1.,-7.93016446160826E-17,0.));
#7550=DIRECTION('',(0.,1.,0.));
#7551=DIRECTION('',(-1.,0.,0.));
#7552=DIRECTION('',(-6.62819716194123E-16,-1.,0.));
#7553=DIRECTION('',(-1.,-7.93016446160826E-17,0.));
#7554=DIRECTION('',(0.,-1.,0.));
#7555=DIRECTION('',(1.,0.,0.));
#7556=DIRECTION('',(-6.62819716194123E-16,-1.,0.));
#7557=DIRECTION('',(1.,-7.40148683083436E-16,0.));
#7558=DIRECTION('',(0.,1.,0.));
#7559=DIRECTION('',(1.,0.,0.));
#7560=DIRECTION('',(0.,1.,0.));
#7561=DIRECTION('',(-1.,0.,0.));
#7562=DIRECTION('',(0.,1.,0.));
#7563=DIRECTION('',(-1.,0.,0.));
#7564=DIRECTION('',(0.,-1.,0.));
#7565=DIRECTION('',(-1.,0.,0.));
#7566=DIRECTION('',(-3.1720657846433E-16,-1.,0.));
#7567=DIRECTION('',(1.,0.,0.));
#7568=DIRECTION('',(0.,-1.,0.));
#7569=DIRECTION('',(1.,0.,0.));
#7570=DIRECTION('',(0.,1.,0.));
#7571=DIRECTION('',(1.,0.,0.));
#7572=DIRECTION('',(0.,1.,0.));
#7573=DIRECTION('',(-1.,0.,0.));
#7574=DIRECTION('',(0.,1.,0.));
#7575=DIRECTION('',(-1.,0.,0.));
#7576=DIRECTION('',(0.,-1.,0.));
#7577=DIRECTION('',(-1.,0.,0.));
#7578=DIRECTION('',(0.,-1.,0.));
#7579=DIRECTION('',(1.,0.,0.));
#7580=DIRECTION('',(0.,-1.,0.));
#7581=DIRECTION('',(1.,0.,0.));
#7582=DIRECTION('',(0.,-1.,0.));
#7583=DIRECTION('',(-1.,0.,0.));
#7584=DIRECTION('',(0.,-1.,0.));
#7585=DIRECTION('',(1.,0.,0.));
#7586=DIRECTION('',(0.,-1.,0.));
#7587=DIRECTION('',(1.,0.,0.));
#7588=DIRECTION('',(0.,1.,0.));
#7589=DIRECTION('',(1.,0.,0.));
#7590=DIRECTION('',(0.,1.,0.));
#7591=DIRECTION('',(-1.,0.,0.));
#7592=DIRECTION('',(0.,1.,0.));
#7593=DIRECTION('',(-1.,0.,0.));
#7594=DIRECTION('',(0.,1.,0.));
#7595=DIRECTION('',(1.,0.,0.));
#7596=DIRECTION('',(0.,1.,0.));
#7597=DIRECTION('',(-1.,-7.93016446160826E-17,0.));
#7598=DIRECTION('',(0.,1.,0.));
#7599=DIRECTION('',(-1.,-3.70074341541718E-16,0.));
#7600=DIRECTION('',(0.,-1.,0.));
#7601=DIRECTION('',(-1.,-7.93016446160826E-17,0.));
#7602=DIRECTION('',(0.,-1.,0.));
#7603=DIRECTION('',(1.,0.,0.));
#7604=DIRECTION('',(0.,-1.,0.));
#7605=DIRECTION('',(1.,0.,0.));
#7606=DIRECTION('',(0.,1.,0.));
#7607=DIRECTION('',(1.,0.,0.));
#7608=DIRECTION('',(0.,1.,0.));
#7609=DIRECTION('',(-1.,0.,0.));
#7610=DIRECTION('',(0.,1.,0.));
#7611=DIRECTION('',(-1.,0.,0.));
#7612=DIRECTION('',(0.,-1.,0.));
#7613=DIRECTION('',(-1.,0.,0.));
#7614=DIRECTION('',(-3.1720657846433E-16,-1.,0.));
#7615=DIRECTION('',(1.,0.,0.));
#7616=DIRECTION('',(0.,-1.,0.));
#7617=DIRECTION('',(1.,0.,0.));
#7618=DIRECTION('',(0.,-1.,0.));
#7619=DIRECTION('',(1.,0.,0.));
#7620=DIRECTION('',(0.,1.,0.));
#7621=DIRECTION('',(1.,0.,0.));
#7622=DIRECTION('',(0.,1.,0.));
#7623=DIRECTION('',(-1.,-7.93016446160826E-17,0.));
#7624=DIRECTION('',(0.,1.,0.));
#7625=DIRECTION('',(-1.,0.,0.));
#7626=DIRECTION('',(0.,-1.,0.));
#7627=DIRECTION('',(-1.,-7.93016446160826E-17,0.));
#7628=DIRECTION('',(0.,-1.,0.));
#7629=DIRECTION('',(1.,0.,0.));
#7630=DIRECTION('',(0.258819038077846,-0.965925828171324,0.));
#7631=DIRECTION('',(0.965925828171324,0.258819038077848,0.));
#7632=DIRECTION('',(-0.258819038077844,0.965925828171325,0.));
#7633=DIRECTION('',(0.965925828171325,0.258819038077844,0.));
#7634=DIRECTION('',(-0.258819038077842,0.965925828171325,0.));
#7635=DIRECTION('',(-0.965925828171325,-0.258819038077843,0.));
#7636=DIRECTION('',(-0.258819038077845,0.965925828171324,0.));
#7637=DIRECTION('',(-0.965925828171325,-0.258819038077844,0.));
#7638=DIRECTION('',(0.258819038077844,-0.965925828171325,0.));
#7639=DIRECTION('',(-0.965925828171325,-0.258819038077843,0.));
#7640=DIRECTION('',(0.258819038077843,-0.965925828171325,0.));
#7641=DIRECTION('',(0.965925828171325,0.258819038077844,0.));
#7642=DIRECTION('center_axis',(0.,0.,-1.));
#7643=DIRECTION('ref_axis',(1.,0.,0.));
#7644=DIRECTION('',(0.,-1.,0.));
#7645=DIRECTION('',(1.,0.,0.));
#7646=DIRECTION('',(-6.62819716194123E-16,-1.,0.));
#7647=DIRECTION('',(1.,0.,0.));
#7648=DIRECTION('',(0.,1.,0.));
#7649=DIRECTION('',(1.,0.,0.));
#7650=DIRECTION('',(0.,1.,0.));
#7651=DIRECTION('',(-1.,0.,0.));
#7652=DIRECTION('',(0.,1.,0.));
#7653=DIRECTION('',(-1.,7.40148683083436E-16,0.));
#7654=DIRECTION('',(-6.62819716194123E-16,-1.,0.));
#7655=DIRECTION('',(-1.,0.,0.));
#7656=DIRECTION('center_axis',(0.,0.,-1.));
#7657=DIRECTION('ref_axis',(1.,0.,0.));
#7658=DIRECTION('',(0.,1.,0.));
#7659=DIRECTION('',(-1.,0.,0.));
#7660=DIRECTION('',(0.,1.,0.));
#7661=DIRECTION('',(-1.,0.,0.));
#7662=DIRECTION('',(0.,-1.,0.));
#7663=DIRECTION('',(-1.,0.,0.));
#7664=DIRECTION('',(-3.1720657846433E-16,-1.,0.));
#7665=DIRECTION('',(1.,0.,0.));
#7666=DIRECTION('',(0.,-1.,0.));
#7667=DIRECTION('',(1.,0.,0.));
#7668=DIRECTION('',(0.,1.,0.));
#7669=DIRECTION('',(1.,0.,0.));
#7670=DIRECTION('center_axis',(0.,0.,-1.));
#7671=DIRECTION('ref_axis',(1.,0.,0.));
#7672=DIRECTION('center_axis',(0.,0.,-1.));
#7673=DIRECTION('ref_axis',(1.,0.,0.));
#7674=DIRECTION('',(-0.500000105003053,0.86602534316089,0.));
#7675=DIRECTION('',(-0.86602534316089,-0.500000105003051,0.));
#7676=DIRECTION('',(-0.500000105003053,0.86602534316089,0.));
#7677=DIRECTION('',(-0.866025441727212,-0.499999934281182,0.));
#7678=DIRECTION('',(0.500000105003053,-0.866025343160889,0.));
#7679=DIRECTION('',(-0.86602534316089,-0.500000105003052,0.));
#7680=DIRECTION('',(0.500000105003056,-0.866025343160888,0.));
#7681=DIRECTION('',(0.86602534316089,0.500000105003052,0.));
#7682=DIRECTION('',(0.500000105003053,-0.866025343160889,0.));
#7683=DIRECTION('',(0.866025441727212,0.499999934281182,0.));
#7684=DIRECTION('',(-0.500000105003053,0.86602534316089,0.));
#7685=DIRECTION('',(0.86602534316089,0.500000105003052,0.));
#7686=DIRECTION('',(-0.500000105003053,0.86602534316089,0.));
#7687=DIRECTION('center_axis',(0.,0.,-1.));
#7688=DIRECTION('ref_axis',(1.,0.,0.));
#7689=DIRECTION('center_axis',(0.499564186608799,-0.866276874594889,0.));
#7690=DIRECTION('ref_axis',(-0.866276874594889,-0.499564186608799,0.));
#7691=DIRECTION('',(-0.866276874594889,-0.499564186608799,0.));
#7692=DIRECTION('',(0.,0.,-1.));
#7693=DIRECTION('center_axis',(0.,0.,-1.));
#7694=DIRECTION('ref_axis',(0.866254158984794,-0.499603574888678,0.));
#7695=DIRECTION('center_axis',(0.,0.,1.));
#7696=DIRECTION('ref_axis',(0.866254158984794,-0.499603574888678,0.));
#7697=DIRECTION('',(0.,0.,-1.));
#7698=DIRECTION('',(0.,0.,1.));
#7699=DIRECTION('center_axis',(1.,-8.32457961676896E-17,0.));
#7700=DIRECTION('ref_axis',(8.32457961676896E-17,1.,0.));
#7701=DIRECTION('',(0.,-1.,0.));
#7702=DIRECTION('',(0.,0.,1.));
#7703=DIRECTION('center_axis',(0.500792535916894,-0.865567349181984,0.));
#7704=DIRECTION('ref_axis',(-0.865567349181984,-0.500792535916894,0.));
#7705=DIRECTION('',(-0.865567349181984,-0.500792535916894,0.));
#7706=DIRECTION('center_axis',(0.,0.,1.));
#7707=DIRECTION('ref_axis',(-1.,0.,0.));
#7708=DIRECTION('',(6.31149385372292E-6,-0.999999999980082,0.));
#7709=DIRECTION('center_axis',(0.,0.,1.));
#7710=DIRECTION('ref_axis',(-0.999999999980083,-6.31149386975934E-6,0.));
#7711=DIRECTION('',(0.499564186608798,-0.866276874594889,0.));
#7712=DIRECTION('center_axis',(0.,0.,1.));
#7713=DIRECTION('ref_axis',(-0.866276874594885,-0.499564186608806,0.));
#7714=DIRECTION('',(0.865805232347815,0.5003811543605,0.));
#7715=DIRECTION('center_axis',(0.,0.,-1.));
#7716=DIRECTION('ref_axis',(-0.129000711829985,0.991644500991841,0.));
#7717=DIRECTION('',(0.991644500991827,0.129000711830094,0.));
#7718=DIRECTION('center_axis',(0.,0.,1.));
#7719=DIRECTION('ref_axis',(0.129000711830239,-0.991644500991808,0.));
#7720=DIRECTION('',(0.589221225957567,0.807971748813696,0.));
#7721=DIRECTION('center_axis',(0.,0.,-1.));
#7722=DIRECTION('ref_axis',(0.,1.,0.));
#7723=DIRECTION('',(1.,0.,0.));
#7724=DIRECTION('center_axis',(0.,0.,1.));
#7725=DIRECTION('ref_axis',(0.,-1.,0.));
#7726=DIRECTION('',(0.000124514206197479,0.999999992248106,0.));
#7727=DIRECTION('center_axis',(0.,0.,1.));
#7728=DIRECTION('ref_axis',(0.999999992248106,-0.000124514206123464,0.));
#7729=DIRECTION('',(-1.,3.61383072016875E-9,0.));
#7730=DIRECTION('center_axis',(0.,0.,-1.));
#7731=DIRECTION('ref_axis',(-0.999999998847914,4.80017903181661E-5,0.));
#7732=DIRECTION('',(4.80017902753198E-5,0.999999998847914,0.));
#7733=DIRECTION('center_axis',(0.,0.,1.));
#7734=DIRECTION('ref_axis',(0.999999998847914,-4.80017902981804E-5,0.));
#7735=DIRECTION('',(-1.,6.16793276323767E-17,0.));
#7736=DIRECTION('center_axis',(0.,0.,-1.));
#7737=DIRECTION('ref_axis',(-1.,-1.66533453693771E-14,0.));
#7738=DIRECTION('',(0.,1.,0.));
#7739=DIRECTION('center_axis',(0.,0.,1.));
#7740=DIRECTION('ref_axis',(1.,1.66533453693771E-14,0.));
#7741=DIRECTION('',(-1.,-5.84343308173005E-17,0.));
#7742=DIRECTION('center_axis',(0.,0.,1.));
#7743=DIRECTION('ref_axis',(0.,1.,0.));
#7744=DIRECTION('',(0.,-1.,0.));
#7745=DIRECTION('center_axis',(0.,0.,-1.));
#7746=DIRECTION('ref_axis',(0.000612102859669498,-0.999999812665027,0.));
#7747=DIRECTION('',(-0.999999812665027,-0.000612102859639933,0.));
#7748=DIRECTION('center_axis',(0.,0.,1.));
#7749=DIRECTION('ref_axis',(-0.000612102859616227,0.999999812665027,0.));
#7750=DIRECTION('',(-0.000138947884900199,-0.999999990346743,0.));
#7751=DIRECTION('center_axis',(0.,0.,-1.));
#7752=DIRECTION('ref_axis',(0.00102031155886804,-0.999999479482026,0.));
#7753=DIRECTION('',(-0.999999479482026,-0.00102031155886383,0.));
#7754=DIRECTION('center_axis',(0.,0.,1.));
#7755=DIRECTION('ref_axis',(-0.00102031155887693,0.999999479482026,0.));
#7756=DIRECTION('',(-0.000113001932868826,-0.999999993615282,0.));
#7757=DIRECTION('center_axis',(0.,0.,-1.));
#7758=DIRECTION('ref_axis',(-1.77635683940026E-14,-1.,0.));
#7759=DIRECTION('',(-1.,0.,0.));
#7760=DIRECTION('',(-1.,0.,0.));
#7761=DIRECTION('',(0.,1.,0.));
#7762=DIRECTION('',(1.,0.,0.));
#7763=DIRECTION('',(0.,-1.,0.));
#7764=DIRECTION('',(-1.,0.,0.));
#7765=DIRECTION('',(0.,1.,0.));
#7766=DIRECTION('',(1.,0.,0.));
#7767=DIRECTION('',(0.,-1.,0.));
#7768=DIRECTION('',(-1.,0.,0.));
#7769=DIRECTION('',(0.,1.,0.));
#7770=DIRECTION('',(1.,0.,0.));
#7771=DIRECTION('',(0.,-1.,0.));
#7772=DIRECTION('',(-1.,0.,0.));
#7773=DIRECTION('',(0.,1.,0.));
#7774=DIRECTION('',(1.,0.,0.));
#7775=DIRECTION('',(0.,-1.,0.));
#7776=DIRECTION('',(-1.,0.,0.));
#7777=DIRECTION('',(0.,1.,0.));
#7778=DIRECTION('',(1.,0.,0.));
#7779=DIRECTION('',(0.,-1.,0.));
#7780=DIRECTION('',(-1.,0.,0.));
#7781=DIRECTION('',(0.,1.,0.));
#7782=DIRECTION('',(1.,0.,0.));
#7783=DIRECTION('',(0.,-1.,0.));
#7784=DIRECTION('',(-1.,0.,0.));
#7785=DIRECTION('',(0.,1.,0.));
#7786=DIRECTION('',(1.,0.,0.));
#7787=DIRECTION('',(0.,-1.,0.));
#7788=DIRECTION('',(-1.,6.34413156928661E-16,0.));
#7789=DIRECTION('',(-4.04460059095462E-8,0.999999999999999,0.));
#7790=DIRECTION('',(1.26882631385732E-15,1.,0.));
#7791=DIRECTION('',(1.,-6.34413144098922E-16,0.));
#7792=DIRECTION('',(-6.34413156928661E-16,-1.,0.));
#7793=DIRECTION('',(-0.965925828171324,-0.258819038077845,0.));
#7794=DIRECTION('',(-0.258819038077843,0.965925828171325,0.));
#7795=DIRECTION('',(0.965925828171325,0.258819038077843,0.));
#7796=DIRECTION('',(0.258819038077842,-0.965925828171325,0.));
#7797=DIRECTION('',(-1.,0.,0.));
#7798=DIRECTION('',(0.,1.,0.));
#7799=DIRECTION('',(1.,0.,0.));
#7800=DIRECTION('',(0.,-1.,0.));
#7801=DIRECTION('',(-1.,0.,0.));
#7802=DIRECTION('',(0.,1.,0.));
#7803=DIRECTION('',(1.,0.,0.));
#7804=DIRECTION('',(0.,-1.,0.));
#7805=DIRECTION('',(-0.866025441727212,-0.499999934281182,0.));
#7806=DIRECTION('',(-0.500000105003053,0.86602534316089,0.));
#7807=DIRECTION('',(0.866025441727212,0.499999934281182,0.));
#7808=DIRECTION('',(0.500000105003053,-0.86602534316089,0.));
#7809=DIRECTION('',(-1.,0.,0.));
#7810=DIRECTION('',(0.,1.,0.));
#7811=DIRECTION('',(1.,0.,0.));
#7812=DIRECTION('',(0.,-1.,0.));
#7813=DIRECTION('',(-1.,0.,0.));
#7814=DIRECTION('',(0.,1.,0.));
#7815=DIRECTION('',(1.,0.,0.));
#7816=DIRECTION('',(0.,-1.,0.));
#7817=DIRECTION('',(-1.,0.,0.));
#7818=DIRECTION('',(0.,1.,0.));
#7819=DIRECTION('',(1.,0.,0.));
#7820=DIRECTION('',(0.,-1.,0.));
#7821=DIRECTION('',(-1.,0.,0.));
#7822=DIRECTION('',(0.,1.,0.));
#7823=DIRECTION('',(1.,0.,0.));
#7824=DIRECTION('',(0.,-1.,0.));
#7825=DIRECTION('',(-1.,0.,0.));
#7826=DIRECTION('',(0.,1.,0.));
#7827=DIRECTION('',(1.,0.,0.));
#7828=DIRECTION('',(0.,-1.,0.));
#7829=DIRECTION('',(-1.,0.,0.));
#7830=DIRECTION('',(0.,1.,0.));
#7831=DIRECTION('',(1.,0.,0.));
#7832=DIRECTION('',(0.,-1.,0.));
#7833=DIRECTION('',(-1.,0.,0.));
#7834=DIRECTION('',(0.,1.,0.));
#7835=DIRECTION('',(1.,0.,0.));
#7836=DIRECTION('',(0.,-1.,0.));
#7837=DIRECTION('',(-1.,0.,0.));
#7838=DIRECTION('',(0.,1.,0.));
#7839=DIRECTION('',(1.,0.,0.));
#7840=DIRECTION('',(0.,-1.,0.));
#7841=DIRECTION('',(-1.,0.,0.));
#7842=DIRECTION('',(0.,1.,0.));
#7843=DIRECTION('',(1.,0.,0.));
#7844=DIRECTION('',(0.,-1.,0.));
#7845=DIRECTION('center_axis',(0.,0.,-1.));
#7846=DIRECTION('ref_axis',(1.,0.,0.));
#7847=DIRECTION('center_axis',(0.,0.,1.));
#7848=DIRECTION('ref_axis',(1.,0.,0.));
#7849=DIRECTION('center_axis',(0.,0.,1.));
#7850=DIRECTION('ref_axis',(1.,0.,0.));
#7851=DIRECTION('',(-0.70710678118655,-8.65956056235496E-17,-0.707106781186545));
#7852=DIRECTION('center_axis',(0.,0.,-1.));
#7853=DIRECTION('ref_axis',(1.,0.,0.));
#7854=DIRECTION('center_axis',(0.,0.,1.));
#7855=DIRECTION('ref_axis',(-1.,0.,0.));
#7856=DIRECTION('center_axis',(0.,0.,1.));
#7857=DIRECTION('ref_axis',(-1.,0.,0.));
#7858=DIRECTION('center_axis',(0.,0.,1.));
#7859=DIRECTION('ref_axis',(-1.,0.,0.));
#7860=DIRECTION('',(0.,0.,1.));
#7861=DIRECTION('center_axis',(0.,0.,1.));
#7862=DIRECTION('ref_axis',(-1.,0.,0.));
#7863=DIRECTION('center_axis',(0.,0.,-1.));
#7864=DIRECTION('ref_axis',(1.,0.,0.));
#7865=DIRECTION('center_axis',(0.,0.,1.));
#7866=DIRECTION('ref_axis',(1.,0.,0.));
#7867=DIRECTION('center_axis',(0.,0.,1.));
#7868=DIRECTION('ref_axis',(1.,0.,0.));
#7869=DIRECTION('',(-0.70710678118655,-8.65956056235496E-17,-0.707106781186545));
#7870=DIRECTION('center_axis',(0.,0.,-1.));
#7871=DIRECTION('ref_axis',(1.,0.,0.));
#7872=DIRECTION('center_axis',(0.,0.,1.));
#7873=DIRECTION('ref_axis',(-1.,0.,0.));
#7874=DIRECTION('center_axis',(0.,0.,1.));
#7875=DIRECTION('ref_axis',(-1.,0.,0.));
#7876=DIRECTION('center_axis',(0.,0.,1.));
#7877=DIRECTION('ref_axis',(-1.,0.,0.));
#7878=DIRECTION('',(0.,0.,1.));
#7879=DIRECTION('center_axis',(0.,0.,1.));
#7880=DIRECTION('ref_axis',(-1.,0.,0.));
#7881=DIRECTION('center_axis',(0.,0.,-1.));
#7882=DIRECTION('ref_axis',(1.,0.,0.));
#7883=DIRECTION('center_axis',(0.,0.,1.));
#7884=DIRECTION('ref_axis',(1.,0.,0.));
#7885=DIRECTION('center_axis',(0.,0.,1.));
#7886=DIRECTION('ref_axis',(1.,0.,0.));
#7887=DIRECTION('',(-0.70710678118654,-8.65956056235484E-17,-0.707106781186555));
#7888=DIRECTION('center_axis',(0.,0.,-1.));
#7889=DIRECTION('ref_axis',(1.,0.,0.));
#7890=DIRECTION('center_axis',(0.,0.,1.));
#7891=DIRECTION('ref_axis',(-1.,0.,0.));
#7892=DIRECTION('center_axis',(0.,0.,1.));
#7893=DIRECTION('ref_axis',(-1.,0.,0.));
#7894=DIRECTION('center_axis',(0.,0.,1.));
#7895=DIRECTION('ref_axis',(-1.,0.,0.));
#7896=DIRECTION('',(0.,0.,1.));
#7897=DIRECTION('center_axis',(0.,0.,1.));
#7898=DIRECTION('ref_axis',(-1.,0.,0.));
#7899=DIRECTION('center_axis',(0.,0.,-1.));
#7900=DIRECTION('ref_axis',(1.,0.,0.));
#7901=DIRECTION('center_axis',(0.,0.,1.));
#7902=DIRECTION('ref_axis',(1.,0.,0.));
#7903=DIRECTION('center_axis',(0.,0.,1.));
#7904=DIRECTION('ref_axis',(1.,0.,0.));
#7905=DIRECTION('',(-0.70710678118654,-8.65956056235484E-17,-0.707106781186555));
#7906=DIRECTION('center_axis',(0.,0.,-1.));
#7907=DIRECTION('ref_axis',(1.,0.,0.));
#7908=DIRECTION('center_axis',(0.,0.,1.));
#7909=DIRECTION('ref_axis',(-1.,0.,0.));
#7910=DIRECTION('center_axis',(0.,0.,1.));
#7911=DIRECTION('ref_axis',(-1.,0.,0.));
#7912=DIRECTION('center_axis',(0.,0.,1.));
#7913=DIRECTION('ref_axis',(-1.,0.,0.));
#7914=DIRECTION('',(0.,0.,1.));
#7915=DIRECTION('center_axis',(0.,0.,1.));
#7916=DIRECTION('ref_axis',(-1.,0.,0.));
#7917=DIRECTION('center_axis',(0.,0.,1.));
#7918=DIRECTION('ref_axis',(-1.,0.,0.));
#7919=DIRECTION('center_axis',(0.,0.,-1.));
#7920=DIRECTION('ref_axis',(-1.,0.,0.));
#7921=DIRECTION('',(-0.70710678118654,-8.65956056235484E-17,-0.707106781186555));
#7922=DIRECTION('center_axis',(0.,0.,1.));
#7923=DIRECTION('ref_axis',(-1.,0.,0.));
#7924=DIRECTION('center_axis',(0.,0.,1.));
#7925=DIRECTION('ref_axis',(1.,0.,0.));
#7926=DIRECTION('center_axis',(0.,0.,1.));
#7927=DIRECTION('ref_axis',(1.,0.,0.));
#7928=DIRECTION('',(0.,0.,-1.));
#7929=DIRECTION('center_axis',(0.,0.,1.));
#7930=DIRECTION('ref_axis',(-1.,0.,0.));
#7931=DIRECTION('center_axis',(0.,0.,-1.));
#7932=DIRECTION('ref_axis',(-1.,0.,0.));
#7933=DIRECTION('',(-0.70710678118654,-8.65956056235484E-17,-0.707106781186555));
#7934=DIRECTION('center_axis',(0.,0.,1.));
#7935=DIRECTION('ref_axis',(-1.,0.,0.));
#7936=DIRECTION('center_axis',(0.,0.,1.));
#7937=DIRECTION('ref_axis',(1.,0.,0.));
#7938=DIRECTION('center_axis',(0.,0.,1.));
#7939=DIRECTION('ref_axis',(1.,0.,0.));
#7940=DIRECTION('',(0.,0.,-1.));
#7941=DIRECTION('center_axis',(0.,0.,1.));
#7942=DIRECTION('ref_axis',(-1.,0.,0.));
#7943=DIRECTION('center_axis',(0.,0.,-1.));
#7944=DIRECTION('ref_axis',(-1.,0.,0.));
#7945=DIRECTION('',(-0.70710678118655,-8.65956056235497E-17,-0.707106781186545));
#7946=DIRECTION('center_axis',(0.,0.,1.));
#7947=DIRECTION('ref_axis',(-1.,0.,0.));
#7948=DIRECTION('center_axis',(0.,0.,1.));
#7949=DIRECTION('ref_axis',(1.,0.,0.));
#7950=DIRECTION('center_axis',(0.,0.,1.));
#7951=DIRECTION('ref_axis',(1.,0.,0.));
#7952=DIRECTION('',(0.,0.,-1.));
#7953=DIRECTION('center_axis',(0.,0.,1.));
#7954=DIRECTION('ref_axis',(-1.,0.,0.));
#7955=DIRECTION('center_axis',(0.,0.,-1.));
#7956=DIRECTION('ref_axis',(-1.,0.,0.));
#7957=DIRECTION('',(-0.70710678118655,-8.65956056235497E-17,-0.707106781186545));
#7958=DIRECTION('center_axis',(0.,0.,1.));
#7959=DIRECTION('ref_axis',(-1.,0.,0.));
#7960=DIRECTION('center_axis',(0.,0.,1.));
#7961=DIRECTION('ref_axis',(1.,0.,0.));
#7962=DIRECTION('center_axis',(0.,0.,1.));
#7963=DIRECTION('ref_axis',(1.,0.,0.));
#7964=DIRECTION('',(0.,0.,-1.));
#7965=DIRECTION('center_axis',(0.,0.,1.));
#7966=DIRECTION('ref_axis',(-1.,0.,0.));
#7967=DIRECTION('center_axis',(0.,0.,-1.));
#7968=DIRECTION('ref_axis',(-1.,0.,0.));
#7969=DIRECTION('',(-0.707106781186545,-8.6595605623549E-17,-0.70710678118655));
#7970=DIRECTION('center_axis',(0.,0.,1.));
#7971=DIRECTION('ref_axis',(-1.,0.,0.));
#7972=DIRECTION('center_axis',(0.,0.,1.));
#7973=DIRECTION('ref_axis',(-1.,0.,0.));
#7974=DIRECTION('center_axis',(0.,0.,-1.));
#7975=DIRECTION('ref_axis',(1.,0.,0.));
#7976=DIRECTION('center_axis',(0.,0.,1.));
#7977=DIRECTION('ref_axis',(-1.,0.,0.));
#7978=DIRECTION('center_axis',(0.,0.,1.));
#7979=DIRECTION('ref_axis',(1.,0.,0.));
#7980=DIRECTION('center_axis',(0.,0.,1.));
#7981=DIRECTION('ref_axis',(1.,0.,0.));
#7982=DIRECTION('',(0.,0.,-1.));
#7983=DIRECTION('center_axis',(0.,0.,-1.));
#7984=DIRECTION('ref_axis',(1.,0.,0.));
#7985=DIRECTION('center_axis',(0.,0.,1.));
#7986=DIRECTION('ref_axis',(1.,0.,0.));
#7987=DIRECTION('center_axis',(0.,0.,1.));
#7988=DIRECTION('ref_axis',(1.,0.,0.));
#7989=DIRECTION('',(-0.707106781186545,-8.6595605623549E-17,-0.70710678118655));
#7990=DIRECTION('center_axis',(0.,0.,1.));
#7991=DIRECTION('ref_axis',(-1.,0.,0.));
#7992=DIRECTION('',(0.,0.,1.));
#7993=DIRECTION('center_axis',(0.,0.,1.));
#7994=DIRECTION('ref_axis',(-1.,0.,0.));
#7995=DIRECTION('center_axis',(-0.999999999980083,-6.31149385372292E-6,
0.));
#7996=DIRECTION('ref_axis',(6.31149385372292E-6,-0.999999999980082,0.));
#7997=DIRECTION('',(0.,0.,1.));
#7998=DIRECTION('center_axis',(0.,0.,1.));
#7999=DIRECTION('ref_axis',(1.,0.,0.));
#8000=DIRECTION('',(-0.472221412515419,5.7830444132585E-17,0.881479970028782));
#8001=DIRECTION('center_axis',(0.,0.,1.));
#8002=DIRECTION('ref_axis',(1.,0.,0.));
#8003=DIRECTION('',(-0.47222141251542,5.78304441325851E-17,0.881479970028782));
#8004=DIRECTION('center_axis',(0.,0.,1.));
#8005=DIRECTION('ref_axis',(1.,0.,0.));
#8006=DIRECTION('',(-0.47222141251542,5.78304441325851E-17,0.881479970028782));
#8007=DIRECTION('center_axis',(0.,0.,1.));
#8008=DIRECTION('ref_axis',(1.,0.,0.));
#8009=DIRECTION('',(-0.47222141251542,5.78304441325851E-17,0.881479970028782));
#8010=DIRECTION('center_axis',(0.,0.,-1.));
#8011=DIRECTION('ref_axis',(1.,0.,0.));
#8012=DIRECTION('center_axis',(0.,0.,-1.));
#8013=DIRECTION('ref_axis',(1.,0.,0.));
#8014=DIRECTION('',(0.,1.,0.));
#8015=DIRECTION('center_axis',(0.,0.,-1.));
#8016=DIRECTION('ref_axis',(1.,0.,0.));
#8017=DIRECTION('',(0.,-1.,0.));
#8018=DIRECTION('center_axis',(0.,0.,1.));
#8019=DIRECTION('ref_axis',(1.,0.,0.));
#8020=DIRECTION('',(-0.47222141251542,5.78304441325851E-17,0.881479970028782));
#8021=DIRECTION('center_axis',(0.,1.,0.));
#8022=DIRECTION('ref_axis',(1.,0.,0.));
#8023=DIRECTION('',(-1.,0.,0.));
#8024=DIRECTION('',(0.,0.,-1.));
#8025=DIRECTION('',(0.,0.,-1.));
#8026=DIRECTION('center_axis',(1.,0.,0.));
#8027=DIRECTION('ref_axis',(0.,-1.,0.));
#8028=DIRECTION('',(0.,1.,0.));
#8029=DIRECTION('',(0.,0.,-1.));
#8030=DIRECTION('center_axis',(1.,0.,0.));
#8031=DIRECTION('ref_axis',(0.,-1.,0.));
#8032=DIRECTION('',(0.,1.,0.));
#8033=DIRECTION('',(0.,0.,-1.));
#8034=DIRECTION('',(0.,0.,-1.));
#8035=DIRECTION('center_axis',(0.,-1.,0.));
#8036=DIRECTION('ref_axis',(-1.,0.,0.));
#8037=DIRECTION('',(1.,0.,0.));
#8038=DIRECTION('',(0.,0.,-1.));
#8039=DIRECTION('center_axis',(-1.,0.,0.));
#8040=DIRECTION('ref_axis',(0.,1.,0.));
#8041=DIRECTION('',(0.,-1.,0.));
#8042=DIRECTION('',(0.,0.,-1.));
#8043=DIRECTION('center_axis',(-1.,0.,0.));
#8044=DIRECTION('ref_axis',(0.,1.,0.));
#8045=DIRECTION('',(0.,-1.,0.));
#8046=DIRECTION('',(0.,0.,-1.));
#8047=DIRECTION('center_axis',(0.965925828171325,0.258819038077844,0.));
#8048=DIRECTION('ref_axis',(0.258819038077844,-0.965925828171325,0.));
#8049=DIRECTION('',(-0.258819038077844,0.965925828171325,0.));
#8050=DIRECTION('',(0.,0.,-1.));
#8051=DIRECTION('',(0.,0.,-1.));
#8052=DIRECTION('center_axis',(0.258819038077844,-0.965925828171325,0.));
#8053=DIRECTION('ref_axis',(-0.965925828171325,-0.258819038077844,0.));
#8054=DIRECTION('',(0.965925828171325,0.258819038077844,0.));
#8055=DIRECTION('',(0.,0.,-1.));
#8056=DIRECTION('center_axis',(-0.965925828171325,-0.258819038077845,0.));
#8057=DIRECTION('ref_axis',(-0.258819038077845,0.965925828171324,0.));
#8058=DIRECTION('',(0.258819038077845,-0.965925828171324,0.));
#8059=DIRECTION('',(0.,0.,-1.));
#8060=DIRECTION('center_axis',(-0.965925828171325,-0.258819038077844,0.));
#8061=DIRECTION('ref_axis',(-0.258819038077844,0.965925828171325,0.));
#8062=DIRECTION('',(0.258819038077844,-0.965925828171325,0.));
#8063=DIRECTION('',(0.,0.,-1.));
#8064=DIRECTION('',(0.,0.,-1.));
#8065=DIRECTION('center_axis',(-0.258819038077848,0.965925828171324,0.));
#8066=DIRECTION('ref_axis',(0.965925828171324,0.258819038077848,0.));
#8067=DIRECTION('',(-0.965925828171324,-0.258819038077848,0.));
#8068=DIRECTION('',(0.,0.,-1.));
#8069=DIRECTION('center_axis',(0.965925828171324,0.258819038077846,0.));
#8070=DIRECTION('ref_axis',(0.258819038077846,-0.965925828171324,0.));
#8071=DIRECTION('',(-0.258819038077846,0.965925828171324,0.));
#8072=DIRECTION('',(0.,0.,-1.));
#8073=DIRECTION('center_axis',(1.,0.,0.));
#8074=DIRECTION('ref_axis',(0.,-1.,0.));
#8075=DIRECTION('',(0.,1.,0.));
#8076=DIRECTION('',(0.,0.,-1.));
#8077=DIRECTION('',(0.,0.,-1.));
#8078=DIRECTION('center_axis',(0.,-1.,0.));
#8079=DIRECTION('ref_axis',(-1.,0.,0.));
#8080=DIRECTION('',(1.,0.,0.));
#8081=DIRECTION('',(0.,0.,-1.));
#8082=DIRECTION('center_axis',(-1.,0.,0.));
#8083=DIRECTION('ref_axis',(0.,1.,0.));
#8084=DIRECTION('',(0.,-1.,0.));
#8085=DIRECTION('',(0.,0.,-1.));
#8086=DIRECTION('center_axis',(-1.,0.,0.));
#8087=DIRECTION('ref_axis',(0.,1.,0.));
#8088=DIRECTION('',(0.,-1.,0.));
#8089=DIRECTION('',(0.,0.,-1.));
#8090=DIRECTION('',(0.,0.,-1.));
#8091=DIRECTION('center_axis',(0.,1.,0.));
#8092=DIRECTION('ref_axis',(1.,0.,0.));
#8093=DIRECTION('',(-1.,0.,0.));
#8094=DIRECTION('',(0.,0.,-1.));
#8095=DIRECTION('center_axis',(1.,0.,0.));
#8096=DIRECTION('ref_axis',(0.,-1.,0.));
#8097=DIRECTION('',(0.,1.,0.));
#8098=DIRECTION('',(0.,0.,-1.));
#8099=DIRECTION('center_axis',(0.,1.,0.));
#8100=DIRECTION('ref_axis',(1.,0.,0.));
#8101=DIRECTION('',(-1.,0.,0.));
#8102=DIRECTION('',(0.,0.,-1.));
#8103=DIRECTION('',(0.,0.,-1.));
#8104=DIRECTION('center_axis',(1.,0.,0.));
#8105=DIRECTION('ref_axis',(0.,-1.,0.));
#8106=DIRECTION('',(0.,1.,0.));
#8107=DIRECTION('',(0.,0.,-1.));
#8108=DIRECTION('center_axis',(1.,0.,0.));
#8109=DIRECTION('ref_axis',(0.,-1.,0.));
#8110=DIRECTION('',(0.,1.,0.));
#8111=DIRECTION('',(0.,0.,-1.));
#8112=DIRECTION('',(0.,0.,-1.));
#8113=DIRECTION('center_axis',(0.,-1.,0.));
#8114=DIRECTION('ref_axis',(-1.,0.,0.));
#8115=DIRECTION('',(1.,0.,0.));
#8116=DIRECTION('',(0.,0.,-1.));
#8117=DIRECTION('center_axis',(-1.,0.,0.));
#8118=DIRECTION('ref_axis',(0.,1.,0.));
#8119=DIRECTION('',(0.,-1.,0.));
#8120=DIRECTION('',(0.,0.,-1.));
#8121=DIRECTION('center_axis',(-1.,0.,0.));
#8122=DIRECTION('ref_axis',(0.,1.,0.));
#8123=DIRECTION('',(0.,-1.,0.));
#8124=DIRECTION('',(0.,0.,-1.));
#8125=DIRECTION('center_axis',(0.,1.,0.));
#8126=DIRECTION('ref_axis',(1.,0.,0.));
#8127=DIRECTION('',(-1.,0.,0.));
#8128=DIRECTION('',(0.,0.,-1.));
#8129=DIRECTION('',(0.,0.,-1.));
#8130=DIRECTION('center_axis',(1.,0.,0.));
#8131=DIRECTION('ref_axis',(0.,-1.,0.));
#8132=DIRECTION('',(0.,1.,0.));
#8133=DIRECTION('',(0.,0.,-1.));
#8134=DIRECTION('center_axis',(1.,0.,0.));
#8135=DIRECTION('ref_axis',(0.,-1.,0.));
#8136=DIRECTION('',(0.,1.,0.));
#8137=DIRECTION('',(0.,0.,-1.));
#8138=DIRECTION('',(0.,0.,-1.));
#8139=DIRECTION('center_axis',(3.70074341541718E-16,-1.,0.));
#8140=DIRECTION('ref_axis',(-1.,-3.70074341541718E-16,0.));
#8141=DIRECTION('',(1.,3.70074341541718E-16,0.));
#8142=DIRECTION('',(0.,0.,-1.));
#8143=DIRECTION('center_axis',(-1.,0.,0.));
#8144=DIRECTION('ref_axis',(0.,1.,0.));
#8145=DIRECTION('',(0.,-1.,0.));
#8146=DIRECTION('',(0.,0.,-1.));
#8147=DIRECTION('center_axis',(-1.,0.,0.));
#8148=DIRECTION('ref_axis',(0.,1.,0.));
#8149=DIRECTION('',(0.,-1.,0.));
#8150=DIRECTION('',(0.,0.,-1.));
#8151=DIRECTION('center_axis',(0.,1.,0.));
#8152=DIRECTION('ref_axis',(1.,0.,0.));
#8153=DIRECTION('',(-1.,0.,0.));
#8154=DIRECTION('',(0.,0.,-1.));
#8155=DIRECTION('',(0.,0.,-1.));
#8156=DIRECTION('center_axis',(1.,0.,0.));
#8157=DIRECTION('ref_axis',(0.,-1.,0.));
#8158=DIRECTION('',(0.,1.,0.));
#8159=DIRECTION('',(0.,0.,-1.));
#8160=DIRECTION('center_axis',(1.,0.,0.));
#8161=DIRECTION('ref_axis',(0.,-1.,0.));
#8162=DIRECTION('',(0.,1.,0.));
#8163=DIRECTION('',(0.,0.,-1.));
#8164=DIRECTION('',(0.,0.,-1.));
#8165=DIRECTION('center_axis',(0.,-1.,0.));
#8166=DIRECTION('ref_axis',(-1.,0.,0.));
#8167=DIRECTION('',(1.,0.,0.));
#8168=DIRECTION('',(0.,0.,-1.));
#8169=DIRECTION('center_axis',(-1.,0.,0.));
#8170=DIRECTION('ref_axis',(0.,1.,0.));
#8171=DIRECTION('',(0.,-1.,0.));
#8172=DIRECTION('',(0.,0.,-1.));
#8173=DIRECTION('center_axis',(-1.,0.,0.));
#8174=DIRECTION('ref_axis',(0.,1.,0.));
#8175=DIRECTION('',(0.,-1.,0.));
#8176=DIRECTION('',(0.,0.,-1.));
#8177=DIRECTION('center_axis',(0.,-1.,0.));
#8178=DIRECTION('ref_axis',(-1.,0.,0.));
#8179=DIRECTION('',(1.,0.,0.));
#8180=DIRECTION('',(0.,0.,-1.));
#8181=DIRECTION('',(0.,0.,-1.));
#8182=DIRECTION('center_axis',(-1.,0.,0.));
#8183=DIRECTION('ref_axis',(0.,1.,0.));
#8184=DIRECTION('',(0.,-1.,0.));
#8185=DIRECTION('',(0.,0.,-1.));
#8186=DIRECTION('center_axis',(-1.,0.,0.));
#8187=DIRECTION('ref_axis',(0.,1.,0.));
#8188=DIRECTION('',(0.,-1.,0.));
#8189=DIRECTION('',(0.,0.,-1.));
#8190=DIRECTION('',(0.,0.,-1.));
#8191=DIRECTION('center_axis',(0.,1.,0.));
#8192=DIRECTION('ref_axis',(1.,0.,0.));
#8193=DIRECTION('',(-1.,0.,0.));
#8194=DIRECTION('',(0.,0.,-1.));
#8195=DIRECTION('center_axis',(1.,0.,0.));
#8196=DIRECTION('ref_axis',(0.,-1.,0.));
#8197=DIRECTION('',(0.,1.,0.));
#8198=DIRECTION('',(0.,0.,-1.));
#8199=DIRECTION('center_axis',(1.,0.,0.));
#8200=DIRECTION('ref_axis',(0.,-1.,0.));
#8201=DIRECTION('',(0.,1.,0.));
#8202=DIRECTION('',(0.,0.,-1.));
#8203=DIRECTION('center_axis',(0.,1.,0.));
#8204=DIRECTION('ref_axis',(1.,0.,0.));
#8205=DIRECTION('',(-1.,0.,0.));
#8206=DIRECTION('',(0.,0.,-1.));
#8207=DIRECTION('',(0.,0.,-1.));
#8208=DIRECTION('center_axis',(1.,0.,0.));
#8209=DIRECTION('ref_axis',(0.,-1.,0.));
#8210=DIRECTION('',(0.,1.,0.));
#8211=DIRECTION('',(0.,0.,-1.));
#8212=DIRECTION('center_axis',(1.,0.,0.));
#8213=DIRECTION('ref_axis',(0.,-1.,0.));
#8214=DIRECTION('',(0.,1.,0.));
#8215=DIRECTION('',(0.,0.,-1.));
#8216=DIRECTION('',(0.,0.,-1.));
#8217=DIRECTION('center_axis',(0.,-1.,0.));
#8218=DIRECTION('ref_axis',(-1.,0.,0.));
#8219=DIRECTION('',(1.,0.,0.));
#8220=DIRECTION('',(0.,0.,-1.));
#8221=DIRECTION('center_axis',(-1.,0.,0.));
#8222=DIRECTION('ref_axis',(0.,1.,0.));
#8223=DIRECTION('',(0.,-1.,0.));
#8224=DIRECTION('',(0.,0.,-1.));
#8225=DIRECTION('center_axis',(-1.,0.,0.));
#8226=DIRECTION('ref_axis',(0.,1.,0.));
#8227=DIRECTION('',(0.,-1.,0.));
#8228=DIRECTION('',(0.,0.,-1.));
#8229=DIRECTION('center_axis',(0.,1.,0.));
#8230=DIRECTION('ref_axis',(1.,0.,0.));
#8231=DIRECTION('',(-1.,0.,0.));
#8232=DIRECTION('',(0.,0.,-1.));
#8233=DIRECTION('',(0.,0.,-1.));
#8234=DIRECTION('center_axis',(1.,0.,0.));
#8235=DIRECTION('ref_axis',(0.,-1.,0.));
#8236=DIRECTION('',(0.,1.,0.));
#8237=DIRECTION('',(0.,0.,-1.));
#8238=DIRECTION('center_axis',(1.,0.,0.));
#8239=DIRECTION('ref_axis',(0.,-1.,0.));
#8240=DIRECTION('',(0.,1.,0.));
#8241=DIRECTION('',(0.,0.,-1.));
#8242=DIRECTION('',(0.,0.,-1.));
#8243=DIRECTION('center_axis',(0.,-1.,0.));
#8244=DIRECTION('ref_axis',(-1.,0.,0.));
#8245=DIRECTION('',(1.,0.,0.));
#8246=DIRECTION('',(0.,0.,-1.));
#8247=DIRECTION('center_axis',(-1.,0.,0.));
#8248=DIRECTION('ref_axis',(0.,1.,0.));
#8249=DIRECTION('',(0.,-1.,0.));
#8250=DIRECTION('',(0.,0.,-1.));
#8251=DIRECTION('center_axis',(-1.,0.,0.));
#8252=DIRECTION('ref_axis',(0.,1.,0.));
#8253=DIRECTION('',(0.,-1.,0.));
#8254=DIRECTION('',(0.,0.,-1.));
#8255=DIRECTION('center_axis',(0.,1.,0.));
#8256=DIRECTION('ref_axis',(1.,0.,0.));
#8257=DIRECTION('',(-1.,0.,0.));
#8258=DIRECTION('',(0.,0.,-1.));
#8259=DIRECTION('',(0.,0.,-1.));
#8260=DIRECTION('center_axis',(1.,0.,0.));
#8261=DIRECTION('ref_axis',(0.,-1.,0.));
#8262=DIRECTION('',(0.,1.,0.));
#8263=DIRECTION('',(0.,0.,-1.));
#8264=DIRECTION('center_axis',(1.,0.,0.));
#8265=DIRECTION('ref_axis',(0.,-1.,0.));
#8266=DIRECTION('',(0.,1.,0.));
#8267=DIRECTION('',(0.,0.,-1.));
#8268=DIRECTION('',(0.,0.,-1.));
#8269=DIRECTION('center_axis',(0.,-1.,0.));
#8270=DIRECTION('ref_axis',(-1.,0.,0.));
#8271=DIRECTION('',(1.,0.,0.));
#8272=DIRECTION('',(0.,0.,-1.));
#8273=DIRECTION('center_axis',(-1.,0.,0.));
#8274=DIRECTION('ref_axis',(0.,1.,0.));
#8275=DIRECTION('',(0.,-1.,0.));
#8276=DIRECTION('',(0.,0.,-1.));
#8277=DIRECTION('center_axis',(-1.,0.,0.));
#8278=DIRECTION('ref_axis',(0.,1.,0.));
#8279=DIRECTION('',(0.,-1.,0.));
#8280=DIRECTION('',(0.,0.,-1.));
#8281=DIRECTION('center_axis',(0.,1.,0.));
#8282=DIRECTION('ref_axis',(1.,0.,0.));
#8283=DIRECTION('',(-1.,0.,0.));
#8284=DIRECTION('',(0.,0.,-1.));
#8285=DIRECTION('',(0.,0.,-1.));
#8286=DIRECTION('center_axis',(1.,0.,0.));
#8287=DIRECTION('ref_axis',(0.,-1.,0.));
#8288=DIRECTION('',(0.,1.,0.));
#8289=DIRECTION('',(0.,0.,-1.));
#8290=DIRECTION('center_axis',(1.,0.,0.));
#8291=DIRECTION('ref_axis',(0.,-1.,0.));
#8292=DIRECTION('',(0.,1.,0.));
#8293=DIRECTION('',(0.,0.,-1.));
#8294=DIRECTION('',(0.,0.,-1.));
#8295=DIRECTION('center_axis',(0.,-1.,0.));
#8296=DIRECTION('ref_axis',(-1.,0.,0.));
#8297=DIRECTION('',(1.,0.,0.));
#8298=DIRECTION('',(0.,0.,-1.));
#8299=DIRECTION('center_axis',(-1.,0.,0.));
#8300=DIRECTION('ref_axis',(0.,1.,0.));
#8301=DIRECTION('',(0.,-1.,0.));
#8302=DIRECTION('',(0.,0.,-1.));
#8303=DIRECTION('center_axis',(-1.,0.,0.));
#8304=DIRECTION('ref_axis',(0.,1.,0.));
#8305=DIRECTION('',(0.,-1.,0.));
#8306=DIRECTION('',(0.,0.,-1.));
#8307=DIRECTION('center_axis',(7.40148683083436E-16,1.,0.));
#8308=DIRECTION('ref_axis',(1.,-7.40148683083436E-16,0.));
#8309=DIRECTION('',(-1.,7.40148683083436E-16,0.));
#8310=DIRECTION('',(0.,0.,-1.));
#8311=DIRECTION('',(0.,0.,-1.));
#8312=DIRECTION('center_axis',(1.,-6.62819716194123E-16,0.));
#8313=DIRECTION('ref_axis',(-6.62819716194123E-16,-1.,0.));
#8314=DIRECTION('',(6.62819716194123E-16,1.,0.));
#8315=DIRECTION('',(0.,0.,-1.));
#8316=DIRECTION('center_axis',(1.,-6.62819716194123E-16,0.));
#8317=DIRECTION('ref_axis',(-6.62819716194123E-16,-1.,0.));
#8318=DIRECTION('',(6.62819716194123E-16,1.,0.));
#8319=DIRECTION('',(0.,0.,-1.));
#8320=DIRECTION('',(0.,0.,-1.));
#8321=DIRECTION('center_axis',(0.,-1.,0.));
#8322=DIRECTION('ref_axis',(-1.,0.,0.));
#8323=DIRECTION('',(1.,0.,0.));
#8324=DIRECTION('',(0.,0.,-1.));
#8325=DIRECTION('center_axis',(-1.,0.,0.));
#8326=DIRECTION('ref_axis',(0.,1.,0.));
#8327=DIRECTION('',(0.,-1.,0.));
#8328=DIRECTION('',(0.,0.,-1.));
#8329=DIRECTION('center_axis',(-1.,0.,0.));
#8330=DIRECTION('ref_axis',(0.,1.,0.));
#8331=DIRECTION('',(0.,-1.,0.));
#8332=DIRECTION('',(0.,0.,-1.));
#8333=DIRECTION('center_axis',(0.,1.,0.));
#8334=DIRECTION('ref_axis',(1.,0.,0.));
#8335=DIRECTION('',(-1.,0.,0.));
#8336=DIRECTION('',(0.,0.,-1.));
#8337=DIRECTION('',(0.,0.,-1.));
#8338=DIRECTION('center_axis',(1.,0.,0.));
#8339=DIRECTION('ref_axis',(0.,-1.,0.));
#8340=DIRECTION('',(0.,1.,0.));
#8341=DIRECTION('',(0.,0.,-1.));
#8342=DIRECTION('center_axis',(1.,0.,0.));
#8343=DIRECTION('ref_axis',(0.,-1.,0.));
#8344=DIRECTION('',(0.,1.,0.));
#8345=DIRECTION('',(0.,0.,-1.));
#8346=DIRECTION('',(0.,0.,-1.));
#8347=DIRECTION('center_axis',(0.,-1.,0.));
#8348=DIRECTION('ref_axis',(-1.,0.,0.));
#8349=DIRECTION('',(1.,0.,0.));
#8350=DIRECTION('',(0.,0.,-1.));
#8351=DIRECTION('center_axis',(-1.,0.,0.));
#8352=DIRECTION('ref_axis',(0.,1.,0.));
#8353=DIRECTION('',(0.,-1.,0.));
#8354=DIRECTION('',(0.,0.,-1.));
#8355=DIRECTION('center_axis',(-1.,0.,0.));
#8356=DIRECTION('ref_axis',(0.,1.,0.));
#8357=DIRECTION('',(0.,-1.,0.));
#8358=DIRECTION('',(0.,0.,-1.));
#8359=DIRECTION('center_axis',(0.,1.,0.));
#8360=DIRECTION('ref_axis',(1.,0.,0.));
#8361=DIRECTION('',(-1.,0.,0.));
#8362=DIRECTION('',(0.,0.,-1.));
#8363=DIRECTION('',(0.,0.,-1.));
#8364=DIRECTION('center_axis',(1.,0.,0.));
#8365=DIRECTION('ref_axis',(0.,-1.,0.));
#8366=DIRECTION('',(0.,1.,0.));
#8367=DIRECTION('',(0.,0.,-1.));
#8368=DIRECTION('center_axis',(1.,0.,0.));
#8369=DIRECTION('ref_axis',(0.,-1.,0.));
#8370=DIRECTION('',(0.,1.,0.));
#8371=DIRECTION('',(0.,0.,-1.));
#8372=DIRECTION('',(0.,0.,-1.));
#8373=DIRECTION('center_axis',(0.,-1.,0.));
#8374=DIRECTION('ref_axis',(-1.,0.,0.));
#8375=DIRECTION('',(1.,0.,0.));
#8376=DIRECTION('',(0.,0.,-1.));
#8377=DIRECTION('center_axis',(-1.,0.,0.));
#8378=DIRECTION('ref_axis',(0.,1.,0.));
#8379=DIRECTION('',(0.,-1.,0.));
#8380=DIRECTION('',(0.,0.,-1.));
#8381=DIRECTION('center_axis',(-1.,0.,0.));
#8382=DIRECTION('ref_axis',(0.,1.,0.));
#8383=DIRECTION('',(0.,-1.,0.));
#8384=DIRECTION('',(0.,0.,-1.));
#8385=DIRECTION('center_axis',(0.,1.,0.));
#8386=DIRECTION('ref_axis',(1.,0.,0.));
#8387=DIRECTION('',(-1.,0.,0.));
#8388=DIRECTION('',(0.,0.,-1.));
#8389=DIRECTION('',(0.,0.,-1.));
#8390=DIRECTION('center_axis',(1.,-6.62819716194123E-16,0.));
#8391=DIRECTION('ref_axis',(-6.62819716194123E-16,-1.,0.));
#8392=DIRECTION('',(6.62819716194123E-16,1.,0.));
#8393=DIRECTION('',(0.,0.,-1.));
#8394=DIRECTION('center_axis',(1.,-6.62819716194123E-16,0.));
#8395=DIRECTION('ref_axis',(-6.62819716194123E-16,-1.,0.));
#8396=DIRECTION('',(6.62819716194123E-16,1.,0.));
#8397=DIRECTION('',(0.,0.,-1.));
#8398=DIRECTION('',(0.,0.,-1.));
#8399=DIRECTION('center_axis',(-7.40148683083436E-16,-1.,0.));
#8400=DIRECTION('ref_axis',(-1.,7.40148683083436E-16,0.));
#8401=DIRECTION('',(1.,-7.40148683083436E-16,0.));
#8402=DIRECTION('',(0.,0.,-1.));
#8403=DIRECTION('center_axis',(-1.,0.,0.));
#8404=DIRECTION('ref_axis',(0.,1.,0.));
#8405=DIRECTION('',(0.,-1.,0.));
#8406=DIRECTION('',(0.,0.,-1.));
#8407=DIRECTION('center_axis',(-1.,0.,0.));
#8408=DIRECTION('ref_axis',(0.,1.,0.));
#8409=DIRECTION('',(0.,-1.,0.));
#8410=DIRECTION('',(0.,0.,-1.));
#8411=DIRECTION('center_axis',(0.866025343160888,0.500000105003056,0.));
#8412=DIRECTION('ref_axis',(0.500000105003056,-0.866025343160888,0.));
#8413=DIRECTION('',(-0.500000105003056,0.866025343160888,0.));
#8414=DIRECTION('',(0.,0.,-1.));
#8415=DIRECTION('',(0.,0.,-1.));
#8416=DIRECTION('center_axis',(0.500000105003052,-0.86602534316089,0.));
#8417=DIRECTION('ref_axis',(-0.86602534316089,-0.500000105003052,0.));
#8418=DIRECTION('',(0.86602534316089,0.500000105003052,0.));
#8419=DIRECTION('',(0.,0.,-1.));
#8420=DIRECTION('center_axis',(0.500000105003052,-0.86602534316089,0.));
#8421=DIRECTION('ref_axis',(-0.86602534316089,-0.500000105003051,0.));
#8422=DIRECTION('',(0.86602534316089,0.500000105003051,0.));
#8423=DIRECTION('',(0.,0.,-1.));
#8424=DIRECTION('',(0.,0.,-1.));
#8425=DIRECTION('center_axis',(-0.866025343160889,-0.500000105003053,0.));
#8426=DIRECTION('ref_axis',(-0.500000105003053,0.86602534316089,0.));
#8427=DIRECTION('',(0.500000105003053,-0.86602534316089,0.));
#8428=DIRECTION('',(0.,0.,-1.));
#8429=DIRECTION('center_axis',(-0.500000105003052,0.86602534316089,0.));
#8430=DIRECTION('ref_axis',(0.86602534316089,0.500000105003052,0.));
#8431=DIRECTION('',(-0.86602534316089,-0.500000105003052,0.));
#8432=DIRECTION('',(0.,0.,-1.));
#8433=DIRECTION('center_axis',(-0.500000105003052,0.86602534316089,0.));
#8434=DIRECTION('ref_axis',(0.86602534316089,0.500000105003052,0.));
#8435=DIRECTION('',(-0.86602534316089,-0.500000105003052,0.));
#8436=DIRECTION('',(0.,0.,-1.));
#8437=DIRECTION('center_axis',(0.,1.,0.));
#8438=DIRECTION('ref_axis',(1.,0.,0.));
#8439=DIRECTION('',(-1.,0.,0.));
#8440=DIRECTION('',(0.,0.,-1.));
#8441=DIRECTION('',(0.,0.,-1.));
#8442=DIRECTION('center_axis',(1.,0.,0.));
#8443=DIRECTION('ref_axis',(0.,-1.,0.));
#8444=DIRECTION('',(0.,1.,0.));
#8445=DIRECTION('',(0.,0.,-1.));
#8446=DIRECTION('center_axis',(1.,0.,0.));
#8447=DIRECTION('ref_axis',(0.,-1.,0.));
#8448=DIRECTION('',(0.,1.,0.));
#8449=DIRECTION('',(0.,0.,-1.));
#8450=DIRECTION('',(0.,0.,-1.));
#8451=DIRECTION('center_axis',(0.,-1.,0.));
#8452=DIRECTION('ref_axis',(-1.,0.,0.));
#8453=DIRECTION('',(1.,0.,0.));
#8454=DIRECTION('',(0.,0.,-1.));
#8455=DIRECTION('center_axis',(-1.,0.,0.));
#8456=DIRECTION('ref_axis',(0.,1.,0.));
#8457=DIRECTION('',(0.,-1.,0.));
#8458=DIRECTION('',(0.,0.,-1.));
#8459=DIRECTION('center_axis',(-1.,0.,0.));
#8460=DIRECTION('ref_axis',(0.,1.,0.));
#8461=DIRECTION('',(0.,-1.,0.));
#8462=DIRECTION('',(0.,0.,-1.));
#8463=DIRECTION('center_axis',(-1.,0.,0.));
#8464=DIRECTION('ref_axis',(0.,1.,0.));
#8465=DIRECTION('',(0.,-1.,0.));
#8466=DIRECTION('',(0.,0.,-1.));
#8467=DIRECTION('',(0.,0.,-1.));
#8468=DIRECTION('center_axis',(0.,1.,0.));
#8469=DIRECTION('ref_axis',(1.,0.,0.));
#8470=DIRECTION('',(-1.,0.,0.));
#8471=DIRECTION('',(0.,0.,-1.));
#8472=DIRECTION('center_axis',(1.,0.,0.));
#8473=DIRECTION('ref_axis',(0.,-1.,0.));
#8474=DIRECTION('',(0.,1.,0.));
#8475=DIRECTION('',(0.,0.,-1.));
#8476=DIRECTION('center_axis',(1.,-6.62819716194123E-16,0.));
#8477=DIRECTION('ref_axis',(-6.62819716194123E-16,-1.,0.));
#8478=DIRECTION('',(6.62819716194123E-16,1.,0.));
#8479=DIRECTION('',(0.,0.,-1.));
#8480=DIRECTION('',(0.,0.,-1.));
#8481=DIRECTION('center_axis',(0.,-1.,0.));
#8482=DIRECTION('ref_axis',(-1.,0.,0.));
#8483=DIRECTION('',(1.,0.,0.));
#8484=DIRECTION('',(0.,0.,-1.));
#8485=DIRECTION('center_axis',(-1.,0.,0.));
#8486=DIRECTION('ref_axis',(0.,1.,0.));
#8487=DIRECTION('',(0.,-1.,0.));
#8488=DIRECTION('',(0.,0.,-1.));
#8489=DIRECTION('center_axis',(0.,-1.,0.));
#8490=DIRECTION('ref_axis',(-1.,0.,0.));
#8491=DIRECTION('',(1.,0.,0.));
#8492=DIRECTION('',(0.,0.,-1.));
#8493=DIRECTION('',(0.,0.,-1.));
#8494=DIRECTION('center_axis',(-1.,0.,0.));
#8495=DIRECTION('ref_axis',(0.,1.,0.));
#8496=DIRECTION('',(0.,-1.,0.));
#8497=DIRECTION('',(0.,0.,-1.));
#8498=DIRECTION('center_axis',(-1.,0.,0.));
#8499=DIRECTION('ref_axis',(0.,1.,0.));
#8500=DIRECTION('',(0.,-1.,0.));
#8501=DIRECTION('',(0.,0.,-1.));
#8502=DIRECTION('',(0.,0.,-1.));
#8503=DIRECTION('center_axis',(0.,1.,0.));
#8504=DIRECTION('ref_axis',(1.,0.,0.));
#8505=DIRECTION('',(-1.,0.,0.));
#8506=DIRECTION('',(0.,0.,-1.));
#8507=DIRECTION('center_axis',(1.,0.,0.));
#8508=DIRECTION('ref_axis',(0.,-1.,0.));
#8509=DIRECTION('',(0.,1.,0.));
#8510=DIRECTION('',(0.,0.,-1.));
#8511=DIRECTION('center_axis',(1.,0.,0.));
#8512=DIRECTION('ref_axis',(0.,-1.,0.));
#8513=DIRECTION('',(0.,1.,0.));
#8514=DIRECTION('',(0.,0.,-1.));
#8515=DIRECTION('center_axis',(1.,0.,0.));
#8516=DIRECTION('ref_axis',(0.,-1.,0.));
#8517=DIRECTION('',(0.,1.,0.));
#8518=DIRECTION('',(0.,0.,-1.));
#8519=DIRECTION('',(0.,0.,-1.));
#8520=DIRECTION('center_axis',(0.,-1.,0.));
#8521=DIRECTION('ref_axis',(-1.,0.,0.));
#8522=DIRECTION('',(1.,0.,0.));
#8523=DIRECTION('',(0.,0.,-1.));
#8524=DIRECTION('center_axis',(-1.,0.,0.));
#8525=DIRECTION('ref_axis',(0.,1.,0.));
#8526=DIRECTION('',(0.,-1.,0.));
#8527=DIRECTION('',(0.,0.,-1.));
#8528=DIRECTION('center_axis',(-1.,0.,0.));
#8529=DIRECTION('ref_axis',(0.,1.,0.));
#8530=DIRECTION('',(0.,-1.,0.));
#8531=DIRECTION('',(0.,0.,-1.));
#8532=DIRECTION('',(0.,0.,-1.));
#8533=DIRECTION('center_axis',(0.,1.,0.));
#8534=DIRECTION('ref_axis',(1.,0.,0.));
#8535=DIRECTION('',(-1.,0.,0.));
#8536=DIRECTION('',(0.,0.,-1.));
#8537=DIRECTION('center_axis',(1.,0.,0.));
#8538=DIRECTION('ref_axis',(0.,-1.,0.));
#8539=DIRECTION('',(0.,1.,0.));
#8540=DIRECTION('',(0.,0.,-1.));
#8541=DIRECTION('center_axis',(0.,1.,0.));
#8542=DIRECTION('ref_axis',(1.,0.,0.));
#8543=DIRECTION('',(-1.,0.,0.));
#8544=DIRECTION('',(0.,0.,-1.));
#8545=DIRECTION('',(0.,0.,-1.));
#8546=DIRECTION('center_axis',(1.,0.,0.));
#8547=DIRECTION('ref_axis',(0.,-1.,0.));
#8548=DIRECTION('',(0.,1.,0.));
#8549=DIRECTION('',(0.,0.,-1.));
#8550=DIRECTION('center_axis',(1.,0.,0.));
#8551=DIRECTION('ref_axis',(0.,-1.,0.));
#8552=DIRECTION('',(0.,1.,0.));
#8553=DIRECTION('',(0.,0.,-1.));
#8554=DIRECTION('',(0.,0.,-1.));
#8555=DIRECTION('center_axis',(0.,-1.,0.));
#8556=DIRECTION('ref_axis',(-1.,0.,0.));
#8557=DIRECTION('',(1.,0.,0.));
#8558=DIRECTION('',(0.,0.,-1.));
#8559=DIRECTION('center_axis',(-1.,0.,0.));
#8560=DIRECTION('ref_axis',(0.,1.,0.));
#8561=DIRECTION('',(0.,-1.,0.));
#8562=DIRECTION('',(0.,0.,-1.));
#8563=DIRECTION('center_axis',(-1.,0.,0.));
#8564=DIRECTION('ref_axis',(0.,1.,0.));
#8565=DIRECTION('',(0.,-1.,0.));
#8566=DIRECTION('',(0.,0.,-1.));
#8567=DIRECTION('center_axis',(0.,0.,1.));
#8568=DIRECTION('ref_axis',(-1.,0.,0.));
#8569=DIRECTION('',(-1.,0.,0.));
#8570=DIRECTION('center_axis',(0.,0.,1.));
#8571=DIRECTION('ref_axis',(-1.,0.,0.));
#8572=DIRECTION('',(-1.,0.,0.));
#8573=DIRECTION('center_axis',(0.,0.,1.));
#8574=DIRECTION('ref_axis',(-1.,0.,0.));
#8575=DIRECTION('',(-0.965925828171324,-0.258819038077845,0.));
#8576=DIRECTION('center_axis',(0.,0.,1.));
#8577=DIRECTION('ref_axis',(-1.,0.,0.));
#8578=DIRECTION('',(1.,-6.34413144098922E-16,0.));
#8579=DIRECTION('center_axis',(0.,0.,1.));
#8580=DIRECTION('ref_axis',(-1.,0.,0.));
#8581=DIRECTION('',(-1.,0.,0.));
#8582=DIRECTION('center_axis',(0.,0.,1.));
#8583=DIRECTION('ref_axis',(-1.,0.,0.));
#8584=DIRECTION('',(1.,0.,0.));
#8585=DIRECTION('center_axis',(0.,0.,1.));
#8586=DIRECTION('ref_axis',(-1.,0.,0.));
#8587=DIRECTION('',(1.,0.,0.));
#8588=DIRECTION('center_axis',(0.,0.,1.));
#8589=DIRECTION('ref_axis',(-1.,0.,0.));
#8590=DIRECTION('',(1.,0.,0.));
#8591=DIRECTION('center_axis',(0.,0.,1.));
#8592=DIRECTION('ref_axis',(-1.,0.,0.));
#8593=DIRECTION('',(-1.,0.,0.));
#8594=DIRECTION('center_axis',(0.,0.,1.));
#8595=DIRECTION('ref_axis',(-1.,0.,0.));
#8596=DIRECTION('',(-1.,6.34413156928661E-16,0.));
#8597=DIRECTION('center_axis',(0.,0.,1.));
#8598=DIRECTION('ref_axis',(-1.,0.,0.));
#8599=DIRECTION('',(-1.,0.,0.));
#8600=DIRECTION('center_axis',(0.,0.,1.));
#8601=DIRECTION('ref_axis',(-1.,0.,0.));
#8602=DIRECTION('',(1.,0.,0.));
#8603=DIRECTION('center_axis',(0.,0.,1.));
#8604=DIRECTION('ref_axis',(-1.,0.,0.));
#8605=DIRECTION('',(-0.500000105003053,0.86602534316089,0.));
#8606=DIRECTION('center_axis',(0.,0.,1.));
#8607=DIRECTION('ref_axis',(-1.,0.,0.));
#8608=DIRECTION('',(0.500000105003053,-0.86602534316089,0.));
#8609=DIRECTION('center_axis',(0.,0.,1.));
#8610=DIRECTION('ref_axis',(-1.,0.,0.));
#8611=DIRECTION('',(-1.,0.,0.));
#8612=DIRECTION('center_axis',(0.,0.,1.));
#8613=DIRECTION('ref_axis',(-1.,0.,0.));
#8614=DIRECTION('',(1.,0.,0.));
#8615=DIRECTION('center_axis',(0.,0.,1.));
#8616=DIRECTION('ref_axis',(-1.,0.,0.));
#8617=DIRECTION('',(-1.,0.,0.));
#8618=DIRECTION('center_axis',(0.,0.,1.));
#8619=DIRECTION('ref_axis',(-1.,0.,0.));
#8620=DIRECTION('',(1.,0.,0.));
#8621=DIRECTION('center_axis',(0.,0.,1.));
#8622=DIRECTION('ref_axis',(-1.,0.,0.));
#8623=DIRECTION('',(-1.,0.,0.));
#8624=DIRECTION('center_axis',(0.,0.,1.));
#8625=DIRECTION('ref_axis',(-1.,0.,0.));
#8626=DIRECTION('',(1.,0.,0.));
#8627=DIRECTION('center_axis',(0.,0.,1.));
#8628=DIRECTION('ref_axis',(-1.,0.,0.));
#8629=DIRECTION('',(-1.,0.,0.));
#8630=DIRECTION('center_axis',(0.,0.,1.));
#8631=DIRECTION('ref_axis',(-1.,0.,0.));
#8632=DIRECTION('',(1.,0.,0.));
#8633=DIRECTION('center_axis',(0.,0.,1.));
#8634=DIRECTION('ref_axis',(-1.,0.,0.));
#8635=DIRECTION('',(-1.,0.,0.));
#8636=DIRECTION('center_axis',(0.,0.,1.));
#8637=DIRECTION('ref_axis',(-1.,0.,0.));
#8638=DIRECTION('',(1.,0.,0.));
#8639=DIRECTION('center_axis',(0.,0.,1.));
#8640=DIRECTION('ref_axis',(-1.,0.,0.));
#8641=DIRECTION('',(-1.,0.,0.));
#8642=DIRECTION('center_axis',(0.,0.,1.));
#8643=DIRECTION('ref_axis',(-1.,0.,0.));
#8644=DIRECTION('',(1.,0.,0.));
#8645=DIRECTION('center_axis',(0.,0.,1.));
#8646=DIRECTION('ref_axis',(-1.,0.,0.));
#8647=DIRECTION('',(-1.,0.,0.));
#8648=DIRECTION('center_axis',(0.,0.,1.));
#8649=DIRECTION('ref_axis',(-1.,0.,0.));
#8650=DIRECTION('',(1.,0.,0.));
#8651=DIRECTION('center_axis',(0.,0.,1.));
#8652=DIRECTION('ref_axis',(-1.,0.,0.));
#8653=DIRECTION('',(-1.,0.,0.));
#8654=DIRECTION('center_axis',(0.,0.,1.));
#8655=DIRECTION('ref_axis',(-1.,0.,0.));
#8656=DIRECTION('',(1.,0.,0.));
#8657=DIRECTION('center_axis',(0.,0.,1.));
#8658=DIRECTION('ref_axis',(-1.,0.,0.));
#8659=DIRECTION('',(1.,0.,0.));
#8660=DIRECTION('center_axis',(0.,0.,1.));
#8661=DIRECTION('ref_axis',(-1.,0.,0.));
#8662=DIRECTION('',(-1.,0.,0.));
#8663=DIRECTION('center_axis',(0.,0.,1.));
#8664=DIRECTION('ref_axis',(-1.,0.,0.));
#8665=DIRECTION('',(-1.,0.,0.));
#8666=DIRECTION('center_axis',(0.,0.,1.));
#8667=DIRECTION('ref_axis',(-1.,0.,0.));
#8668=DIRECTION('',(1.,0.,0.));
#8669=DIRECTION('center_axis',(0.,0.,1.));
#8670=DIRECTION('ref_axis',(-1.,0.,0.));
#8671=DIRECTION('',(-1.,0.,0.));
#8672=DIRECTION('center_axis',(0.,0.,1.));
#8673=DIRECTION('ref_axis',(-1.,0.,0.));
#8674=DIRECTION('',(1.,0.,0.));
#8675=DIRECTION('center_axis',(0.,0.,1.));
#8676=DIRECTION('ref_axis',(-1.,0.,0.));
#8677=DIRECTION('',(-1.,0.,0.));
#8678=DIRECTION('center_axis',(0.,0.,1.));
#8679=DIRECTION('ref_axis',(-1.,0.,0.));
#8680=DIRECTION('',(1.,0.,0.));
#8681=DIRECTION('center_axis',(0.,0.,1.));
#8682=DIRECTION('ref_axis',(-1.,0.,0.));
#8683=DIRECTION('',(1.,0.,0.));
#8684=DIRECTION('center_axis',(0.,0.,1.));
#8685=DIRECTION('ref_axis',(-1.,0.,0.));
#8686=DIRECTION('',(0.965925828171325,0.258819038077843,0.));
#8687=DIRECTION('center_axis',(0.,0.,1.));
#8688=DIRECTION('ref_axis',(-1.,0.,0.));
#8689=DIRECTION('',(-1.,0.,0.));
#8690=DIRECTION('center_axis',(0.,0.,1.));
#8691=DIRECTION('ref_axis',(-1.,0.,0.));
#8692=DIRECTION('',(1.,0.,0.));
#8693=DIRECTION('center_axis',(0.,0.,-1.));
#8694=DIRECTION('ref_axis',(-1.,0.,0.));
#8695=DIRECTION('',(-0.857167300702112,-1.04972719113862E-16,0.515038074910054));
#8696=DIRECTION('center_axis',(0.,0.,-1.));
#8697=DIRECTION('ref_axis',(-1.,0.,0.));
#8698=DIRECTION('',(-0.857167300702112,-1.04972719113862E-16,0.515038074910054));
#8699=DIRECTION('center_axis',(0.,0.,-1.));
#8700=DIRECTION('ref_axis',(-1.,0.,0.));
#8701=DIRECTION('',(-0.857167300702112,-1.04972719113862E-16,0.515038074910054));
#8702=DIRECTION('center_axis',(0.,0.,-1.));
#8703=DIRECTION('ref_axis',(-1.,0.,0.));
#8704=DIRECTION('',(-0.857167300702112,-1.04972719113862E-16,0.515038074910054));
#8705=DIRECTION('center_axis',(0.,0.,-1.));
#8706=DIRECTION('ref_axis',(-1.,0.,0.));
#8707=DIRECTION('',(-0.857167300702112,-1.04972719113862E-16,0.515038074910054));
#8708=DIRECTION('center_axis',(-1.,0.,0.));
#8709=DIRECTION('ref_axis',(0.,-1.,0.));
#8710=DIRECTION('',(0.,0.,-1.));
#8711=DIRECTION('',(0.,0.,1.));
#8712=DIRECTION('center_axis',(0.,-1.,0.));
#8713=DIRECTION('ref_axis',(1.,0.,0.));
#8714=DIRECTION('',(0.,0.,1.));
#8715=DIRECTION('center_axis',(1.,0.,0.));
#8716=DIRECTION('ref_axis',(0.,1.,0.));
#8717=DIRECTION('',(0.,0.,1.));
#8718=DIRECTION('center_axis',(0.,1.,0.));
#8719=DIRECTION('ref_axis',(-1.,0.,0.));
#8720=DIRECTION('center_axis',(-1.,0.,0.));
#8721=DIRECTION('ref_axis',(0.,-1.,0.));
#8722=DIRECTION('',(0.,0.,-1.));
#8723=DIRECTION('',(0.,0.,1.));
#8724=DIRECTION('center_axis',(0.,-1.,0.));
#8725=DIRECTION('ref_axis',(1.,0.,0.));
#8726=DIRECTION('',(0.,0.,1.));
#8727=DIRECTION('center_axis',(1.,0.,0.));
#8728=DIRECTION('ref_axis',(0.,1.,0.));
#8729=DIRECTION('',(0.,0.,1.));
#8730=DIRECTION('center_axis',(0.,1.,0.));
#8731=DIRECTION('ref_axis',(-1.,0.,0.));
#8732=DIRECTION('center_axis',(-1.,0.,0.));
#8733=DIRECTION('ref_axis',(0.,-1.,0.));
#8734=DIRECTION('',(0.,0.,-1.));
#8735=DIRECTION('',(0.,0.,1.));
#8736=DIRECTION('center_axis',(0.,-1.,0.));
#8737=DIRECTION('ref_axis',(1.,0.,0.));
#8738=DIRECTION('',(0.,0.,1.));
#8739=DIRECTION('center_axis',(1.,0.,0.));
#8740=DIRECTION('ref_axis',(0.,1.,0.));
#8741=DIRECTION('',(0.,0.,1.));
#8742=DIRECTION('center_axis',(0.,1.,0.));
#8743=DIRECTION('ref_axis',(-1.,0.,0.));
#8744=DIRECTION('center_axis',(-1.,0.,0.));
#8745=DIRECTION('ref_axis',(0.,-1.,0.));
#8746=DIRECTION('',(0.,0.,-1.));
#8747=DIRECTION('',(0.,0.,1.));
#8748=DIRECTION('center_axis',(0.,-1.,0.));
#8749=DIRECTION('ref_axis',(1.,0.,0.));
#8750=DIRECTION('',(0.,0.,1.));
#8751=DIRECTION('center_axis',(1.,0.,0.));
#8752=DIRECTION('ref_axis',(0.,1.,0.));
#8753=DIRECTION('',(0.,0.,1.));
#8754=DIRECTION('center_axis',(0.,1.,0.));
#8755=DIRECTION('ref_axis',(-1.,0.,0.));
#8756=DIRECTION('center_axis',(-1.,0.,0.));
#8757=DIRECTION('ref_axis',(0.,-1.,0.));
#8758=DIRECTION('',(0.,0.,-1.));
#8759=DIRECTION('',(0.,0.,1.));
#8760=DIRECTION('center_axis',(0.,-1.,0.));
#8761=DIRECTION('ref_axis',(1.,0.,0.));
#8762=DIRECTION('',(0.,0.,1.));
#8763=DIRECTION('center_axis',(1.,0.,0.));
#8764=DIRECTION('ref_axis',(0.,1.,0.));
#8765=DIRECTION('',(0.,0.,1.));
#8766=DIRECTION('center_axis',(0.,1.,0.));
#8767=DIRECTION('ref_axis',(-1.,0.,0.));
#8768=DIRECTION('center_axis',(-1.,0.,0.));
#8769=DIRECTION('ref_axis',(0.,-1.,0.));
#8770=DIRECTION('',(0.,0.,-1.));
#8771=DIRECTION('',(0.,0.,1.));
#8772=DIRECTION('center_axis',(0.,-1.,0.));
#8773=DIRECTION('ref_axis',(1.,0.,0.));
#8774=DIRECTION('',(0.,0.,1.));
#8775=DIRECTION('center_axis',(1.,0.,0.));
#8776=DIRECTION('ref_axis',(0.,1.,0.));
#8777=DIRECTION('',(0.,0.,1.));
#8778=DIRECTION('center_axis',(0.,1.,0.));
#8779=DIRECTION('ref_axis',(-1.,0.,0.));
#8780=DIRECTION('center_axis',(-1.,0.,0.));
#8781=DIRECTION('ref_axis',(0.,-1.,0.));
#8782=DIRECTION('',(0.,0.,-1.));
#8783=DIRECTION('',(0.,0.,1.));
#8784=DIRECTION('center_axis',(0.,-1.,0.));
#8785=DIRECTION('ref_axis',(1.,0.,0.));
#8786=DIRECTION('',(0.,0.,1.));
#8787=DIRECTION('center_axis',(1.,0.,0.));
#8788=DIRECTION('ref_axis',(0.,1.,0.));
#8789=DIRECTION('',(0.,0.,1.));
#8790=DIRECTION('center_axis',(0.,1.,0.));
#8791=DIRECTION('ref_axis',(-1.,0.,0.));
#8792=DIRECTION('center_axis',(-1.,6.34413156928661E-16,0.));
#8793=DIRECTION('ref_axis',(-6.34413156928661E-16,-1.,0.));
#8794=DIRECTION('',(0.,0.,-1.));
#8795=DIRECTION('',(0.,0.,1.));
#8796=DIRECTION('center_axis',(-6.34413144098922E-16,-1.,0.));
#8797=DIRECTION('ref_axis',(1.,-6.34413144098922E-16,0.));
#8798=DIRECTION('',(0.,0.,1.));
#8799=DIRECTION('center_axis',(1.,-1.26882631385732E-15,0.));
#8800=DIRECTION('ref_axis',(1.26882631385732E-15,1.,0.));
#8801=DIRECTION('',(0.,0.,1.));
#8802=DIRECTION('center_axis',(0.999999999999999,4.04460059095462E-8,0.));
#8803=DIRECTION('ref_axis',(-4.04460059095462E-8,0.999999999999999,0.));
#8804=DIRECTION('',(0.,0.,1.));
#8805=DIRECTION('center_axis',(6.34413156928661E-16,1.,0.));
#8806=DIRECTION('ref_axis',(-1.,6.34413156928661E-16,0.));
#8807=DIRECTION('center_axis',(-0.965925828171325,-0.258819038077842,0.));
#8808=DIRECTION('ref_axis',(0.258819038077842,-0.965925828171325,0.));
#8809=DIRECTION('',(0.,0.,-1.));
#8810=DIRECTION('',(0.,0.,1.));
#8811=DIRECTION('center_axis',(0.258819038077843,-0.965925828171325,0.));
#8812=DIRECTION('ref_axis',(0.965925828171325,0.258819038077843,0.));
#8813=DIRECTION('',(0.,0.,1.));
#8814=DIRECTION('center_axis',(0.965925828171325,0.258819038077843,0.));
#8815=DIRECTION('ref_axis',(-0.258819038077843,0.965925828171325,0.));
#8816=DIRECTION('',(0.,0.,1.));
#8817=DIRECTION('center_axis',(-0.258819038077845,0.965925828171324,0.));
#8818=DIRECTION('ref_axis',(-0.965925828171324,-0.258819038077845,0.));
#8819=DIRECTION('center_axis',(-1.,0.,0.));
#8820=DIRECTION('ref_axis',(0.,-1.,0.));
#8821=DIRECTION('',(0.,0.,-1.));
#8822=DIRECTION('',(0.,0.,1.));
#8823=DIRECTION('center_axis',(0.,-1.,0.));
#8824=DIRECTION('ref_axis',(1.,0.,0.));
#8825=DIRECTION('',(0.,0.,1.));
#8826=DIRECTION('center_axis',(1.,0.,0.));
#8827=DIRECTION('ref_axis',(0.,1.,0.));
#8828=DIRECTION('',(0.,0.,1.));
#8829=DIRECTION('center_axis',(0.,1.,0.));
#8830=DIRECTION('ref_axis',(-1.,0.,0.));
#8831=DIRECTION('center_axis',(-1.,0.,0.));
#8832=DIRECTION('ref_axis',(0.,-1.,0.));
#8833=DIRECTION('',(0.,0.,-1.));
#8834=DIRECTION('',(0.,0.,1.));
#8835=DIRECTION('center_axis',(0.,-1.,0.));
#8836=DIRECTION('ref_axis',(1.,0.,0.));
#8837=DIRECTION('',(0.,0.,1.));
#8838=DIRECTION('center_axis',(1.,0.,0.));
#8839=DIRECTION('ref_axis',(0.,1.,0.));
#8840=DIRECTION('',(0.,0.,1.));
#8841=DIRECTION('center_axis',(0.,1.,0.));
#8842=DIRECTION('ref_axis',(-1.,0.,0.));
#8843=DIRECTION('center_axis',(-0.866025343160889,-0.500000105003053,0.));
#8844=DIRECTION('ref_axis',(0.500000105003053,-0.86602534316089,0.));
#8845=DIRECTION('',(0.,0.,-1.));
#8846=DIRECTION('',(0.,0.,1.));
#8847=DIRECTION('center_axis',(0.499999934281182,-0.866025441727212,0.));
#8848=DIRECTION('ref_axis',(0.866025441727212,0.499999934281182,0.));
#8849=DIRECTION('',(0.,0.,1.));
#8850=DIRECTION('center_axis',(0.866025343160889,0.500000105003053,0.));
#8851=DIRECTION('ref_axis',(-0.500000105003053,0.86602534316089,0.));
#8852=DIRECTION('',(0.,0.,1.));
#8853=DIRECTION('center_axis',(-0.499999934281182,0.866025441727212,0.));
#8854=DIRECTION('ref_axis',(-0.866025441727212,-0.499999934281182,0.));
#8855=DIRECTION('center_axis',(-1.,0.,0.));
#8856=DIRECTION('ref_axis',(0.,-1.,0.));
#8857=DIRECTION('',(0.,0.,-1.));
#8858=DIRECTION('',(0.,0.,1.));
#8859=DIRECTION('center_axis',(0.,-1.,0.));
#8860=DIRECTION('ref_axis',(1.,0.,0.));
#8861=DIRECTION('',(0.,0.,1.));
#8862=DIRECTION('center_axis',(1.,0.,0.));
#8863=DIRECTION('ref_axis',(0.,1.,0.));
#8864=DIRECTION('',(0.,0.,1.));
#8865=DIRECTION('center_axis',(0.,1.,0.));
#8866=DIRECTION('ref_axis',(-1.,0.,0.));
#8867=DIRECTION('center_axis',(-1.,0.,0.));
#8868=DIRECTION('ref_axis',(0.,-1.,0.));
#8869=DIRECTION('',(0.,0.,-1.));
#8870=DIRECTION('',(0.,0.,1.));
#8871=DIRECTION('center_axis',(0.,-1.,0.));
#8872=DIRECTION('ref_axis',(1.,0.,0.));
#8873=DIRECTION('',(0.,0.,1.));
#8874=DIRECTION('center_axis',(1.,0.,0.));
#8875=DIRECTION('ref_axis',(0.,1.,0.));
#8876=DIRECTION('',(0.,0.,1.));
#8877=DIRECTION('center_axis',(0.,1.,0.));
#8878=DIRECTION('ref_axis',(-1.,0.,0.));
#8879=DIRECTION('center_axis',(-1.,0.,0.));
#8880=DIRECTION('ref_axis',(0.,-1.,0.));
#8881=DIRECTION('',(0.,0.,-1.));
#8882=DIRECTION('',(0.,0.,1.));
#8883=DIRECTION('center_axis',(0.,-1.,0.));
#8884=DIRECTION('ref_axis',(1.,0.,0.));
#8885=DIRECTION('',(0.,0.,1.));
#8886=DIRECTION('center_axis',(1.,0.,0.));
#8887=DIRECTION('ref_axis',(0.,1.,0.));
#8888=DIRECTION('',(0.,0.,1.));
#8889=DIRECTION('center_axis',(0.,1.,0.));
#8890=DIRECTION('ref_axis',(-1.,0.,0.));
#8891=DIRECTION('center_axis',(-1.,0.,0.));
#8892=DIRECTION('ref_axis',(0.,-1.,0.));
#8893=DIRECTION('',(0.,0.,-1.));
#8894=DIRECTION('',(0.,0.,1.));
#8895=DIRECTION('center_axis',(0.,-1.,0.));
#8896=DIRECTION('ref_axis',(1.,0.,0.));
#8897=DIRECTION('',(0.,0.,1.));
#8898=DIRECTION('center_axis',(1.,0.,0.));
#8899=DIRECTION('ref_axis',(0.,1.,0.));
#8900=DIRECTION('',(0.,0.,1.));
#8901=DIRECTION('center_axis',(0.,1.,0.));
#8902=DIRECTION('ref_axis',(-1.,0.,0.));
#8903=DIRECTION('center_axis',(-1.,0.,0.));
#8904=DIRECTION('ref_axis',(0.,-1.,0.));
#8905=DIRECTION('',(0.,0.,-1.));
#8906=DIRECTION('',(0.,0.,1.));
#8907=DIRECTION('center_axis',(0.,-1.,0.));
#8908=DIRECTION('ref_axis',(1.,0.,0.));
#8909=DIRECTION('',(0.,0.,1.));
#8910=DIRECTION('center_axis',(1.,0.,0.));
#8911=DIRECTION('ref_axis',(0.,1.,0.));
#8912=DIRECTION('',(0.,0.,1.));
#8913=DIRECTION('center_axis',(0.,1.,0.));
#8914=DIRECTION('ref_axis',(-1.,0.,0.));
#8915=DIRECTION('center_axis',(-1.,0.,0.));
#8916=DIRECTION('ref_axis',(0.,-1.,0.));
#8917=DIRECTION('',(0.,0.,-1.));
#8918=DIRECTION('',(0.,0.,1.));
#8919=DIRECTION('center_axis',(0.,-1.,0.));
#8920=DIRECTION('ref_axis',(1.,0.,0.));
#8921=DIRECTION('',(0.,0.,1.));
#8922=DIRECTION('center_axis',(1.,0.,0.));
#8923=DIRECTION('ref_axis',(0.,1.,0.));
#8924=DIRECTION('',(0.,0.,1.));
#8925=DIRECTION('center_axis',(0.,1.,0.));
#8926=DIRECTION('ref_axis',(-1.,0.,0.));
#8927=DIRECTION('center_axis',(-1.,0.,0.));
#8928=DIRECTION('ref_axis',(0.,-1.,0.));
#8929=DIRECTION('',(0.,0.,-1.));
#8930=DIRECTION('',(0.,0.,1.));
#8931=DIRECTION('center_axis',(0.,-1.,0.));
#8932=DIRECTION('ref_axis',(1.,0.,0.));
#8933=DIRECTION('',(0.,0.,1.));
#8934=DIRECTION('center_axis',(1.,0.,0.));
#8935=DIRECTION('ref_axis',(0.,1.,0.));
#8936=DIRECTION('',(0.,0.,1.));
#8937=DIRECTION('center_axis',(0.,1.,0.));
#8938=DIRECTION('ref_axis',(-1.,0.,0.));
#8939=DIRECTION('center_axis',(-1.,0.,0.));
#8940=DIRECTION('ref_axis',(0.,-1.,0.));
#8941=DIRECTION('',(0.,0.,-1.));
#8942=DIRECTION('',(0.,0.,1.));
#8943=DIRECTION('center_axis',(0.,-1.,0.));
#8944=DIRECTION('ref_axis',(1.,0.,0.));
#8945=DIRECTION('',(0.,0.,1.));
#8946=DIRECTION('center_axis',(1.,0.,0.));
#8947=DIRECTION('ref_axis',(0.,1.,0.));
#8948=DIRECTION('',(0.,0.,1.));
#8949=DIRECTION('center_axis',(0.,1.,0.));
#8950=DIRECTION('ref_axis',(-1.,0.,0.));
#8951=DIRECTION('center_axis',(-1.,0.,0.));
#8952=DIRECTION('ref_axis',(0.,-1.,0.));
#8953=DIRECTION('',(0.,0.,-1.));
#8954=DIRECTION('',(0.,0.,1.));
#8955=DIRECTION('center_axis',(0.,-1.,0.));
#8956=DIRECTION('ref_axis',(1.,0.,0.));
#8957=DIRECTION('',(0.,0.,1.));
#8958=DIRECTION('center_axis',(1.,0.,0.));
#8959=DIRECTION('ref_axis',(0.,1.,0.));
#8960=DIRECTION('',(0.,0.,1.));
#8961=DIRECTION('center_axis',(0.,1.,0.));
#8962=DIRECTION('ref_axis',(-1.,0.,0.));
#8963=DIRECTION('center_axis',(0.,1.,0.));
#8964=DIRECTION('ref_axis',(-1.,0.,0.));
#8965=DIRECTION('',(0.,0.,1.));
#8966=DIRECTION('center_axis',(0.,0.,1.));
#8967=DIRECTION('ref_axis',(-1.77635683940026E-14,-1.,0.));
#8968=DIRECTION('',(0.,0.,1.));
#8969=DIRECTION('center_axis',(-0.999999993615282,0.000113001932868826,
0.));
#8970=DIRECTION('ref_axis',(-0.000113001932868826,-0.999999993615282,0.));
#8971=DIRECTION('',(0.,0.,1.));
#8972=DIRECTION('center_axis',(0.,0.,1.));
#8973=DIRECTION('ref_axis',(-0.00102031155887693,0.999999479482026,0.));
#8974=DIRECTION('',(0.,0.,1.));
#8975=DIRECTION('center_axis',(-0.00102031155886383,0.999999479482026,0.));
#8976=DIRECTION('ref_axis',(-0.999999479482026,-0.00102031155886383,0.));
#8977=DIRECTION('',(0.,0.,1.));
#8978=DIRECTION('center_axis',(0.,0.,1.));
#8979=DIRECTION('ref_axis',(0.00102031155886804,-0.999999479482026,0.));
#8980=DIRECTION('',(0.,0.,1.));
#8981=DIRECTION('center_axis',(-0.999999990346743,0.000138947884900199,
0.));
#8982=DIRECTION('ref_axis',(-0.000138947884900199,-0.999999990346743,0.));
#8983=DIRECTION('',(0.,0.,1.));
#8984=DIRECTION('center_axis',(0.,0.,1.));
#8985=DIRECTION('ref_axis',(-0.000612102859616227,0.999999812665027,0.));
#8986=DIRECTION('',(0.,0.,1.));
#8987=DIRECTION('center_axis',(-0.000612102859639934,0.999999812665027,
0.));
#8988=DIRECTION('ref_axis',(-0.999999812665027,-0.000612102859639933,0.));
#8989=DIRECTION('',(0.,0.,1.));
#8990=DIRECTION('center_axis',(0.,0.,1.));
#8991=DIRECTION('ref_axis',(0.000612102859669498,-0.999999812665027,0.));
#8992=DIRECTION('',(0.,0.,1.));
#8993=DIRECTION('center_axis',(-1.,0.,0.));
#8994=DIRECTION('ref_axis',(0.,-1.,0.));
#8995=DIRECTION('',(0.,0.,1.));
#8996=DIRECTION('center_axis',(0.,0.,1.));
#8997=DIRECTION('ref_axis',(0.,1.,0.));
#8998=DIRECTION('',(0.,0.,1.));
#8999=DIRECTION('center_axis',(-5.84343308173005E-17,1.,0.));
#9000=DIRECTION('ref_axis',(-1.,-5.84343308173005E-17,0.));
#9001=DIRECTION('',(0.,0.,1.));
#9002=DIRECTION('center_axis',(0.,0.,1.));
#9003=DIRECTION('ref_axis',(1.,1.66533453693771E-14,0.));
#9004=DIRECTION('',(0.,0.,1.));
#9005=DIRECTION('center_axis',(1.,0.,0.));
#9006=DIRECTION('ref_axis',(0.,1.,0.));
#9007=DIRECTION('',(0.,0.,1.));
#9008=DIRECTION('center_axis',(0.,0.,1.));
#9009=DIRECTION('ref_axis',(-1.,-1.66533453693771E-14,0.));
#9010=DIRECTION('',(0.,0.,1.));
#9011=DIRECTION('center_axis',(6.16793276323767E-17,1.,0.));
#9012=DIRECTION('ref_axis',(-1.,6.16793276323767E-17,0.));
#9013=DIRECTION('',(0.,0.,1.));
#9014=DIRECTION('center_axis',(0.,0.,1.));
#9015=DIRECTION('ref_axis',(0.999999998847914,-4.80017902981804E-5,0.));
#9016=DIRECTION('',(0.,0.,1.));
#9017=DIRECTION('center_axis',(0.999999998847914,-4.80017902753198E-5,0.));
#9018=DIRECTION('ref_axis',(4.80017902753198E-5,0.999999998847914,0.));
#9019=DIRECTION('',(0.,0.,1.));
#9020=DIRECTION('center_axis',(0.,0.,1.));
#9021=DIRECTION('ref_axis',(-0.999999998847914,4.80017903181661E-5,0.));
#9022=DIRECTION('',(0.,0.,1.));
#9023=DIRECTION('center_axis',(3.61383072016875E-9,1.,0.));
#9024=DIRECTION('ref_axis',(-1.,3.61383072016875E-9,0.));
#9025=DIRECTION('',(0.,0.,1.));
#9026=DIRECTION('center_axis',(0.,0.,1.));
#9027=DIRECTION('ref_axis',(0.999999992248106,-0.000124514206123464,0.));
#9028=DIRECTION('',(0.,0.,1.));
#9029=DIRECTION('center_axis',(0.999999992248106,-0.000124514206197479,
0.));
#9030=DIRECTION('ref_axis',(0.000124514206197479,0.999999992248106,0.));
#9031=DIRECTION('',(0.,0.,1.));
#9032=DIRECTION('center_axis',(0.,0.,1.));
#9033=DIRECTION('ref_axis',(0.,-1.,0.));
#9034=DIRECTION('',(0.,0.,1.));
#9035=DIRECTION('center_axis',(0.,-1.,0.));
#9036=DIRECTION('ref_axis',(1.,0.,0.));
#9037=DIRECTION('',(0.,0.,1.));
#9038=DIRECTION('center_axis',(0.,0.,1.));
#9039=DIRECTION('ref_axis',(0.,1.,0.));
#9040=DIRECTION('',(0.,0.,1.));
#9041=DIRECTION('center_axis',(0.807971748813696,-0.589221225957567,0.));
#9042=DIRECTION('ref_axis',(0.589221225957567,0.807971748813696,0.));
#9043=DIRECTION('',(0.,0.,1.));
#9044=DIRECTION('center_axis',(0.,0.,1.));
#9045=DIRECTION('ref_axis',(0.129000711830239,-0.991644500991808,0.));
#9046=DIRECTION('',(0.,0.,1.));
#9047=DIRECTION('center_axis',(0.129000711830094,-0.991644500991827,0.));
#9048=DIRECTION('ref_axis',(0.991644500991827,0.129000711830094,0.));
#9049=DIRECTION('',(0.,0.,1.));
#9050=DIRECTION('center_axis',(0.,0.,1.));
#9051=DIRECTION('ref_axis',(-0.129000711829985,0.991644500991841,0.));
#9052=DIRECTION('',(0.,0.,1.));
#9053=DIRECTION('center_axis',(0.5003811543605,-0.865805232347815,0.));
#9054=DIRECTION('ref_axis',(0.865805232347815,0.5003811543605,0.));
#9055=DIRECTION('',(0.,0.,1.));
#9056=DIRECTION('center_axis',(0.,0.,1.));
#9057=DIRECTION('ref_axis',(-0.866276874594885,-0.499564186608806,0.));
#9058=DIRECTION('',(0.,0.,1.));
#9059=DIRECTION('center_axis',(-0.866276874594889,-0.499564186608798,0.));
#9060=DIRECTION('ref_axis',(0.499564186608798,-0.866276874594889,0.));
#9061=DIRECTION('',(0.,0.,1.));
#9062=DIRECTION('center_axis',(0.,0.,1.));
#9063=DIRECTION('ref_axis',(-0.999999999980083,-6.31149386975934E-6,0.));
#9064=CARTESIAN_POINT('',(0.,0.,0.));
#9065=CARTESIAN_POINT('Origin',(3.50052152289953,-71.2579312246466,11.66));
#9066=CARTESIAN_POINT('',(3.25073942959513,-70.8247927873492,10.21));
#9067=CARTESIAN_POINT('',(3.00052152290949,-71.2579343803936,10.21));
#9068=CARTESIAN_POINT('Origin',(3.50052152289953,-71.2579312246466,10.21));
#9069=CARTESIAN_POINT('',(3.00052152290949,-71.2579343803936,12.41));
#9070=CARTESIAN_POINT('',(3.00052152290949,-71.2579343803936,11.66));
#9071=CARTESIAN_POINT('',(3.25073942959513,-70.8247927873492,12.41));
#9072=CARTESIAN_POINT('Origin',(3.50052152289953,-71.2579312246466,12.41));
#9073=CARTESIAN_POINT('',(3.25073942959513,-70.8247927873492,11.66));
#9074=CARTESIAN_POINT('Origin',(70.8750019971573,-50.0426331063095,10.21));
#9075=CARTESIAN_POINT('',(4.00051606018967,-70.3924119128437,10.21));
#9076=CARTESIAN_POINT('',(33.496308652256,-53.3827905472401,10.21));
#9077=CARTESIAN_POINT('',(22.3737084707136,-59.7622077711891,10.21));
#9078=CARTESIAN_POINT('',(42.7738310690215,-47.9592797394453,10.21));
#9079=CARTESIAN_POINT('',(22.6233122027552,-59.3294240965981,10.21));
#9080=CARTESIAN_POINT('Origin',(22.1233122027552,-59.3294240965981,10.21));
#9081=CARTESIAN_POINT('',(22.6233122027552,-10.0000981256825,10.21));
#9082=CARTESIAN_POINT('',(22.6233122027552,-54.2525578445753,10.21));
#9083=CARTESIAN_POINT('',(23.2500694977744,-10.0000981256825,10.21));
#9084=CARTESIAN_POINT('',(3.50013805020935,-10.0000981256825,10.21));
#9085=CARTESIAN_POINT('',(23.7500694945821,-9.50015462664893,10.21));
#9086=CARTESIAN_POINT('Origin',(23.2500694977744,-9.5000981256825,10.21));
#9087=CARTESIAN_POINT('',(23.7502110714796,-8.24728316652291,10.21));
#9088=CARTESIAN_POINT('',(23.7500694945821,-9.50015462664893,10.21));
#9089=CARTESIAN_POINT('',(24.2497009125078,-7.74733992774833,10.21));
#9090=CARTESIAN_POINT('Origin',(24.2502110682873,-8.24733966748935,10.21));
#9091=CARTESIAN_POINT('',(42.2515263118695,-7.7289724476521,10.21));
#9092=CARTESIAN_POINT('',(24.2497009125078,-7.74733992774833,10.21));
#9093=CARTESIAN_POINT('',(42.7510161512635,-7.22904218185354,10.21));
#9094=CARTESIAN_POINT('Origin',(42.2510161560901,-7.22897270791109,10.21));
#9095=CARTESIAN_POINT('',(42.7512219279265,-5.74807929288133,10.21));
#9096=CARTESIAN_POINT('',(42.7510161512635,-7.22904218185355,10.21));
#9097=CARTESIAN_POINT('',(43.25091587167,-5.24814886049128,10.21));
#9098=CARTESIAN_POINT('Origin',(43.2512219230998,-5.74814876682377,10.21));
#9099=CARTESIAN_POINT('',(61.2506507999306,-5.23713116920493,10.21));
#9100=CARTESIAN_POINT('',(43.25091587167,-5.24814886049128,10.21));
#9101=CARTESIAN_POINT('',(61.7503447485008,-4.73713126287241,10.21));
#9102=CARTESIAN_POINT('Origin',(61.2503447485008,-4.7371312628724,10.21));
#9103=CARTESIAN_POINT('',(61.7503447485008,-3.49999991059304,10.21));
#9104=CARTESIAN_POINT('',(61.7503447485008,-4.73713126287241,10.21));
#9105=CARTESIAN_POINT('',(62.2503447485008,-2.99999991059304,10.21));
#9106=CARTESIAN_POINT('Origin',(62.2503447485008,-3.49999991059304,10.21));
#9107=CARTESIAN_POINT('',(81.249844,-2.99999991059304,10.21));
#9108=CARTESIAN_POINT('',(62.2503447485008,-2.99999991059304,10.21));
#9109=CARTESIAN_POINT('',(81.749844,-3.49999991059304,10.21));
#9110=CARTESIAN_POINT('Origin',(81.249844,-3.49999991059304,10.21));
#9111=CARTESIAN_POINT('',(81.749844,-4.75018400000001,10.21));
#9112=CARTESIAN_POINT('',(81.749844,-3.49999991059304,10.21));
#9113=CARTESIAN_POINT('',(82.249844,-5.25018400000002,10.21));
#9114=CARTESIAN_POINT('Origin',(82.249844,-4.75018400000001,10.21));
#9115=CARTESIAN_POINT('',(100.249764998529,-5.25018400000001,10.21));
#9116=CARTESIAN_POINT('',(82.249844,-5.25018400000001,10.21));
#9117=CARTESIAN_POINT('',(100.749764997953,-5.75020800089515,10.21));
#9118=CARTESIAN_POINT('Origin',(100.249764998529,-5.75018400000001,10.21));
#9119=CARTESIAN_POINT('',(100.74958499004,-9.50023298385376,10.21));
#9120=CARTESIAN_POINT('',(100.749764997953,-5.75020800089515,10.21));
#9121=CARTESIAN_POINT('',(101.249584987657,-10.0002569847489,10.21));
#9122=CARTESIAN_POINT('Origin',(101.249584989464,-9.50025698474892,10.21));
#9123=CARTESIAN_POINT('',(138.249865945912,-10.0002571184617,10.21));
#9124=CARTESIAN_POINT('',(101.249584987657,-10.0002569847489,10.21));
#9125=CARTESIAN_POINT('',(138.749865940229,-10.5003193755648,10.21));
#9126=CARTESIAN_POINT('Origin',(138.249865944105,-10.5002571184617,10.21));
#9127=CARTESIAN_POINT('',(138.742737510115,-67.75025314891,10.21));
#9128=CARTESIAN_POINT('',(138.749865940229,-10.5003193755647,10.21));
#9129=CARTESIAN_POINT('',(138.242737513991,-68.2501908918069,10.21));
#9130=CARTESIAN_POINT('Origin',(138.242737513991,-67.7501908918069,10.21));
#9131=CARTESIAN_POINT('',(82.7657478414676,-68.2501908918069,10.21));
#9132=CARTESIAN_POINT('',(138.242737513991,-68.2501908918069,10.21));
#9133=CARTESIAN_POINT('',(82.3617619670608,-68.4555802788281,10.21));
#9134=CARTESIAN_POINT('Origin',(82.7657478414676,-68.7501908918069,10.21));
#9135=CARTESIAN_POINT('',(71.9539955264512,-82.7272678586461,10.21));
#9136=CARTESIAN_POINT('',(82.3617619670608,-68.4555802788281,10.21));
#9137=CARTESIAN_POINT('',(71.6145100079594,-82.9284794961633,10.21));
#9138=CARTESIAN_POINT('Origin',(71.5500096520443,-82.4326572456672,10.21));
#9139=CARTESIAN_POINT('',(34.200325217683,-87.7956032140491,10.21));
#9140=CARTESIAN_POINT('',(71.6145100079594,-82.9284794961633,10.21));
#9141=CARTESIAN_POINT('',(34.0146349964178,-87.8585228483711,10.21));
#9142=CARTESIAN_POINT('Origin',(34.2648255735979,-88.2914254645448,10.21));
#9143=CARTESIAN_POINT('',(18.1657777311053,-97.0181689181999,10.21));
#9144=CARTESIAN_POINT('',(34.0146349964178,-87.8585228483711,10.21));
#9145=CARTESIAN_POINT('',(17.4824487166276,-96.8350483953304,10.21));
#9146=CARTESIAN_POINT('Origin',(17.915587153925,-96.585266302026,10.21));
#9147=CARTESIAN_POINT('',(3.06738517265488,-71.8383882489574,10.21));
#9148=CARTESIAN_POINT('',(17.4824487166276,-96.8350483953304,10.21));
#9149=CARTESIAN_POINT('',(3.00052360996228,-71.5886093113999,10.21));
#9150=CARTESIAN_POINT('Origin',(3.50052360995237,-71.588606155653,10.21));
#9151=CARTESIAN_POINT('',(3.00052360996228,-71.5886093113999,10.21));
#9152=CARTESIAN_POINT('',(72.4008,-65.752432,10.21));
#9153=CARTESIAN_POINT('Origin',(76.0008,-65.752432,10.21));
#9154=CARTESIAN_POINT('',(121.6598,-51.063237699194,10.21));
#9155=CARTESIAN_POINT('',(116.6598,-51.0921920657259,10.21));
#9156=CARTESIAN_POINT('Origin',(119.1448,-48.487432,10.21));
#9157=CARTESIAN_POINT('',(121.6598,-64.996932,10.21));
#9158=CARTESIAN_POINT('',(121.6598,-50.996932,10.21));
#9159=CARTESIAN_POINT('',(125.6598,-64.996932,10.21));
#9160=CARTESIAN_POINT('',(121.6598,-64.996932,10.21));
#9161=CARTESIAN_POINT('',(125.6598,-66.596932,10.21));
#9162=CARTESIAN_POINT('',(125.6598,-66.596932,10.21));
#9163=CARTESIAN_POINT('',(131.6598,-66.596932,10.21));
#9164=CARTESIAN_POINT('',(131.6598,-66.596932,10.21));
#9165=CARTESIAN_POINT('',(131.6598,-64.996932,10.21));
#9166=CARTESIAN_POINT('',(131.6598,-64.996932,10.21));
#9167=CARTESIAN_POINT('',(135.6598,-64.996932,10.21));
#9168=CARTESIAN_POINT('',(121.6598,-64.996932,10.21));
#9169=CARTESIAN_POINT('',(135.6598,-50.996932,10.21));
#9170=CARTESIAN_POINT('',(135.6598,-64.996932,10.21));
#9171=CARTESIAN_POINT('',(131.6598,-50.996932,10.21));
#9172=CARTESIAN_POINT('',(135.6598,-50.996932,10.21));
#9173=CARTESIAN_POINT('',(131.6598,-49.396932,10.21));
#9174=CARTESIAN_POINT('',(131.6598,-50.996932,10.21));
#9175=CARTESIAN_POINT('',(125.6598,-49.396932,10.21));
#9176=CARTESIAN_POINT('',(131.6598,-49.396932,10.21));
#9177=CARTESIAN_POINT('',(125.6598,-50.996932,10.21));
#9178=CARTESIAN_POINT('',(125.6598,-66.596932,10.21));
#9179=CARTESIAN_POINT('',(121.725964417467,-50.996932,10.21));
#9180=CARTESIAN_POINT('',(135.6598,-50.996932,10.21));
#9181=CARTESIAN_POINT('',(121.744301827274,-45.996932,10.21));
#9182=CARTESIAN_POINT('Origin',(119.1448,-48.487432,10.21));
#9183=CARTESIAN_POINT('',(125.6598,-45.996932,10.21));
#9184=CARTESIAN_POINT('',(121.6598,-45.996932,10.21));
#9185=CARTESIAN_POINT('',(125.6598,-47.596932,10.21));
#9186=CARTESIAN_POINT('',(125.6598,-66.596932,10.21));
#9187=CARTESIAN_POINT('',(131.6598,-47.596932,10.21));
#9188=CARTESIAN_POINT('',(131.6598,-47.596932,10.21));
#9189=CARTESIAN_POINT('',(131.6598,-45.996932,10.21));
#9190=CARTESIAN_POINT('',(131.6598,-45.996932,10.21));
#9191=CARTESIAN_POINT('',(135.6598,-45.996932,10.21));
#9192=CARTESIAN_POINT('',(121.6598,-45.996932,10.21));
#9193=CARTESIAN_POINT('',(135.6598,-31.996932,10.21));
#9194=CARTESIAN_POINT('',(135.6598,-45.996932,10.21));
#9195=CARTESIAN_POINT('',(131.6598,-31.996932,10.21));
#9196=CARTESIAN_POINT('',(135.6598,-31.996932,10.21));
#9197=CARTESIAN_POINT('',(131.6598,-30.396932,10.21));
#9198=CARTESIAN_POINT('',(131.6598,-31.996932,10.21));
#9199=CARTESIAN_POINT('',(125.6598,-30.396932,10.21));
#9200=CARTESIAN_POINT('',(131.6598,-30.396932,10.21));
#9201=CARTESIAN_POINT('',(125.6598,-31.996932,10.21));
#9202=CARTESIAN_POINT('',(125.6598,-66.596932,10.21));
#9203=CARTESIAN_POINT('',(121.725964417467,-31.996932,10.21));
#9204=CARTESIAN_POINT('',(135.6598,-31.996932,10.21));
#9205=CARTESIAN_POINT('',(121.744301827274,-26.996932,10.21));
#9206=CARTESIAN_POINT('Origin',(119.1448,-29.487432,10.21));
#9207=CARTESIAN_POINT('',(125.6598,-26.996932,10.21));
#9208=CARTESIAN_POINT('',(121.6598,-26.996932,10.21));
#9209=CARTESIAN_POINT('',(125.6598,-28.596932,10.21));
#9210=CARTESIAN_POINT('',(125.6598,-66.596932,10.21));
#9211=CARTESIAN_POINT('',(131.6598,-28.596932,10.21));
#9212=CARTESIAN_POINT('',(131.6598,-28.596932,10.21));
#9213=CARTESIAN_POINT('',(131.6598,-26.996932,10.21));
#9214=CARTESIAN_POINT('',(131.6598,-26.996932,10.21));
#9215=CARTESIAN_POINT('',(135.6598,-26.996932,10.21));
#9216=CARTESIAN_POINT('',(121.6598,-26.996932,10.21));
#9217=CARTESIAN_POINT('',(135.6598,-12.996932,10.21));
#9218=CARTESIAN_POINT('',(135.6598,-26.996932,10.21));
#9219=CARTESIAN_POINT('',(131.6598,-12.996932,10.21));
#9220=CARTESIAN_POINT('',(135.6598,-12.996932,10.21));
#9221=CARTESIAN_POINT('',(131.6598,-11.396932,10.21));
#9222=CARTESIAN_POINT('',(131.6598,-11.396932,10.21));
#9223=CARTESIAN_POINT('',(125.6598,-11.396932,10.21));
#9224=CARTESIAN_POINT('',(125.6598,-11.396932,10.21));
#9225=CARTESIAN_POINT('',(125.6598,-12.996932,10.21));
#9226=CARTESIAN_POINT('',(125.6598,-12.996932,10.21));
#9227=CARTESIAN_POINT('',(121.6598,-12.996932,10.21));
#9228=CARTESIAN_POINT('',(135.6598,-12.996932,10.21));
#9229=CARTESIAN_POINT('',(121.6598,-26.9116263008061,10.21));
#9230=CARTESIAN_POINT('',(121.6598,-12.996932,10.21));
#9231=CARTESIAN_POINT('',(116.6598,-26.8826719342742,10.21));
#9232=CARTESIAN_POINT('Origin',(119.1448,-29.487432,10.21));
#9233=CARTESIAN_POINT('',(116.6598,-12.996932,10.21));
#9234=CARTESIAN_POINT('',(116.6598,-26.996932,10.21));
#9235=CARTESIAN_POINT('',(112.6598,-12.996932,10.21));
#9236=CARTESIAN_POINT('',(116.6598,-12.996932,10.21));
#9237=CARTESIAN_POINT('',(112.6598,-11.396932,10.21));
#9238=CARTESIAN_POINT('',(112.6598,-11.396932,10.21));
#9239=CARTESIAN_POINT('',(106.6598,-11.396932,10.21));
#9240=CARTESIAN_POINT('',(106.6598,-11.396932,10.21));
#9241=CARTESIAN_POINT('',(106.6598,-12.996932,10.21));
#9242=CARTESIAN_POINT('',(106.6598,-12.996932,10.21));
#9243=CARTESIAN_POINT('',(102.6598,-12.996932,10.21));
#9244=CARTESIAN_POINT('',(116.6598,-12.996932,10.21));
#9245=CARTESIAN_POINT('',(102.6598,-26.996932,10.21));
#9246=CARTESIAN_POINT('',(102.6598,-12.996932,10.21));
#9247=CARTESIAN_POINT('',(106.6598,-26.996932,10.21));
#9248=CARTESIAN_POINT('',(102.6598,-26.996932,10.21));
#9249=CARTESIAN_POINT('',(106.6598,-28.596932,10.21));
#9250=CARTESIAN_POINT('',(106.6598,-66.596932,10.21));
#9251=CARTESIAN_POINT('',(112.6598,-28.596932,10.21));
#9252=CARTESIAN_POINT('',(112.6598,-28.596932,10.21));
#9253=CARTESIAN_POINT('',(112.6598,-26.996932,10.21));
#9254=CARTESIAN_POINT('',(112.6598,-26.996932,10.21));
#9255=CARTESIAN_POINT('',(116.545298172726,-26.996932,10.21));
#9256=CARTESIAN_POINT('',(102.6598,-26.996932,10.21));
#9257=CARTESIAN_POINT('',(115.544799999993,-29.487432,10.2100000000136));
#9258=CARTESIAN_POINT('Origin',(119.1448,-29.487432,10.21));
#9259=CARTESIAN_POINT('',(116.563635582533,-31.996932,10.21));
#9260=CARTESIAN_POINT('Origin',(119.1448,-29.487432,10.21));
#9261=CARTESIAN_POINT('',(112.6598,-31.996932,10.21));
#9262=CARTESIAN_POINT('',(116.6598,-31.996932,10.21));
#9263=CARTESIAN_POINT('',(112.6598,-30.396932,10.21));
#9264=CARTESIAN_POINT('',(112.6598,-31.996932,10.21));
#9265=CARTESIAN_POINT('',(106.6598,-30.396932,10.21));
#9266=CARTESIAN_POINT('',(112.6598,-30.396932,10.21));
#9267=CARTESIAN_POINT('',(106.6598,-31.996932,10.21));
#9268=CARTESIAN_POINT('',(106.6598,-66.596932,10.21));
#9269=CARTESIAN_POINT('',(102.6598,-31.996932,10.21));
#9270=CARTESIAN_POINT('',(116.6598,-31.996932,10.21));
#9271=CARTESIAN_POINT('',(102.6598,-45.996932,10.21));
#9272=CARTESIAN_POINT('',(102.6598,-31.996932,10.21));
#9273=CARTESIAN_POINT('',(106.6598,-45.996932,10.21));
#9274=CARTESIAN_POINT('',(102.6598,-45.996932,10.21));
#9275=CARTESIAN_POINT('',(106.6598,-47.596932,10.21));
#9276=CARTESIAN_POINT('',(106.6598,-66.596932,10.21));
#9277=CARTESIAN_POINT('',(112.6598,-47.596932,10.21));
#9278=CARTESIAN_POINT('',(112.6598,-47.596932,10.21));
#9279=CARTESIAN_POINT('',(112.6598,-45.996932,10.21));
#9280=CARTESIAN_POINT('',(112.6598,-45.996932,10.21));
#9281=CARTESIAN_POINT('',(116.545298172726,-45.996932,10.21));
#9282=CARTESIAN_POINT('',(102.6598,-45.996932,10.21));
#9283=CARTESIAN_POINT('',(115.544799999993,-48.487432,10.2100000000136));
#9284=CARTESIAN_POINT('Origin',(119.1448,-48.487432,10.21));
#9285=CARTESIAN_POINT('',(116.563635582533,-50.996932,10.21));
#9286=CARTESIAN_POINT('Origin',(119.1448,-48.487432,10.21));
#9287=CARTESIAN_POINT('',(112.6598,-50.996932,10.21));
#9288=CARTESIAN_POINT('',(116.6598,-50.996932,10.21));
#9289=CARTESIAN_POINT('',(112.6598,-49.396932,10.21));
#9290=CARTESIAN_POINT('',(112.6598,-50.996932,10.21));
#9291=CARTESIAN_POINT('',(106.6598,-49.396932,10.21));
#9292=CARTESIAN_POINT('',(112.6598,-49.396932,10.21));
#9293=CARTESIAN_POINT('',(106.6598,-50.996932,10.21));
#9294=CARTESIAN_POINT('',(106.6598,-66.596932,10.21));
#9295=CARTESIAN_POINT('',(102.6598,-50.996932,10.21));
#9296=CARTESIAN_POINT('',(116.6598,-50.996932,10.21));
#9297=CARTESIAN_POINT('',(102.6598,-64.996932,10.21));
#9298=CARTESIAN_POINT('',(102.6598,-50.996932,10.21));
#9299=CARTESIAN_POINT('',(106.6598,-64.996932,10.21));
#9300=CARTESIAN_POINT('',(102.6598,-64.996932,10.21));
#9301=CARTESIAN_POINT('',(106.6598,-66.596932,10.21));
#9302=CARTESIAN_POINT('',(106.6598,-66.596932,10.21));
#9303=CARTESIAN_POINT('',(112.6598,-66.596932,10.21));
#9304=CARTESIAN_POINT('',(112.6598,-66.596932,10.21));
#9305=CARTESIAN_POINT('',(112.6598,-64.996932,10.21));
#9306=CARTESIAN_POINT('',(112.6598,-64.996932,10.21));
#9307=CARTESIAN_POINT('',(116.6598,-64.996932,10.21));
#9308=CARTESIAN_POINT('',(102.6598,-64.996932,10.21));
#9309=CARTESIAN_POINT('',(116.6598,-64.996932,10.21));
#9310=CARTESIAN_POINT('',(74.6598,-59.471932,10.21));
#9311=CARTESIAN_POINT('',(74.6598,-57.871932,10.21));
#9312=CARTESIAN_POINT('',(74.6598,-57.871932,10.21));
#9313=CARTESIAN_POINT('',(78.6598,-57.871932,10.21));
#9314=CARTESIAN_POINT('',(64.6598,-57.871932,10.21));
#9315=CARTESIAN_POINT('',(78.6598,-43.871932,10.21));
#9316=CARTESIAN_POINT('',(78.6598,-57.871932,10.21));
#9317=CARTESIAN_POINT('',(74.6598,-43.871932,10.21));
#9318=CARTESIAN_POINT('',(78.6598,-43.871932,10.21));
#9319=CARTESIAN_POINT('',(74.6598,-42.271932,10.21));
#9320=CARTESIAN_POINT('',(74.6598,-43.871932,10.21));
#9321=CARTESIAN_POINT('',(68.6598,-42.271932,10.21));
#9322=CARTESIAN_POINT('',(74.6598,-42.271932,10.21));
#9323=CARTESIAN_POINT('',(68.6598,-43.871932,10.21));
#9324=CARTESIAN_POINT('',(68.6598,-59.471932,10.21));
#9325=CARTESIAN_POINT('',(64.6598,-43.871932,10.21));
#9326=CARTESIAN_POINT('',(78.6598,-43.871932,10.21));
#9327=CARTESIAN_POINT('',(64.6598,-57.871932,10.21));
#9328=CARTESIAN_POINT('',(64.6598,-43.871932,10.21));
#9329=CARTESIAN_POINT('',(68.6598,-57.871932,10.21));
#9330=CARTESIAN_POINT('',(64.6598,-57.871932,10.21));
#9331=CARTESIAN_POINT('',(68.6598,-59.471932,10.21));
#9332=CARTESIAN_POINT('',(68.6598,-59.471932,10.21));
#9333=CARTESIAN_POINT('',(74.6598,-59.471932,10.21));
#9334=CARTESIAN_POINT('',(59.1598,-79.8719322831221,10.21));
#9335=CARTESIAN_POINT('',(59.1598,-81.4719322831221,10.21));
#9336=CARTESIAN_POINT('',(59.1598,-79.8719322831221,10.21));
#9337=CARTESIAN_POINT('',(65.1598,-81.4719322831221,10.21));
#9338=CARTESIAN_POINT('',(62.1598,-81.4719322831221,10.21));
#9339=CARTESIAN_POINT('',(65.1598,-79.8719322831221,10.21));
#9340=CARTESIAN_POINT('',(65.1598,-81.4719322831221,10.21));
#9341=CARTESIAN_POINT('',(69.1598,-79.8719322831221,10.21));
#9342=CARTESIAN_POINT('',(55.1598,-79.8719322831221,10.21));
#9343=CARTESIAN_POINT('',(69.1598,-65.8719322831221,10.21));
#9344=CARTESIAN_POINT('',(69.1598,-79.8719322831221,10.21));
#9345=CARTESIAN_POINT('',(65.1598,-65.8719322831221,10.21));
#9346=CARTESIAN_POINT('',(69.1598,-65.8719322831221,10.21));
#9347=CARTESIAN_POINT('',(65.1598,-64.2719322831221,10.21));
#9348=CARTESIAN_POINT('',(65.1598,-65.8719322831221,10.21));
#9349=CARTESIAN_POINT('',(59.1598,-64.2719322831221,10.21));
#9350=CARTESIAN_POINT('',(65.1598,-64.2719322831221,10.21));
#9351=CARTESIAN_POINT('',(59.1598,-65.8719322831221,10.21));
#9352=CARTESIAN_POINT('',(59.1598,-64.2719322831221,10.21));
#9353=CARTESIAN_POINT('',(55.1598,-65.8719322831221,10.21));
#9354=CARTESIAN_POINT('',(69.1598,-65.8719322831221,10.21));
#9355=CARTESIAN_POINT('',(55.1598,-79.8719322831221,10.21));
#9356=CARTESIAN_POINT('',(55.1598,-65.8719322831221,10.21));
#9357=CARTESIAN_POINT('',(55.1598,-79.8719322831221,10.21));
#9358=CARTESIAN_POINT('',(87.6598,-25.646932,10.21));
#9359=CARTESIAN_POINT('',(87.6598,-27.246932,10.21));
#9360=CARTESIAN_POINT('',(87.6598,-27.246932,10.21));
#9361=CARTESIAN_POINT('',(83.6598,-27.246932,10.21));
#9362=CARTESIAN_POINT('',(97.6598,-27.246932,10.21));
#9363=CARTESIAN_POINT('',(83.6598,-41.246932,10.21));
#9364=CARTESIAN_POINT('',(83.6598,-27.246932,10.21));
#9365=CARTESIAN_POINT('',(87.6598,-41.246932,10.21));
#9366=CARTESIAN_POINT('',(83.6598,-41.246932,10.21));
#9367=CARTESIAN_POINT('',(87.6598,-42.846932,10.21));
#9368=CARTESIAN_POINT('',(87.6598,-41.246932,10.21));
#9369=CARTESIAN_POINT('',(93.6598,-42.846932,10.21));
#9370=CARTESIAN_POINT('',(87.6598,-42.846932,10.21));
#9371=CARTESIAN_POINT('',(93.6598,-41.246932,10.21));
#9372=CARTESIAN_POINT('',(93.6598,-61.846932,10.21));
#9373=CARTESIAN_POINT('',(97.6598,-41.246932,10.21));
#9374=CARTESIAN_POINT('',(83.6598,-41.246932,10.21));
#9375=CARTESIAN_POINT('',(97.6598,-27.246932,10.21));
#9376=CARTESIAN_POINT('',(97.6598,-41.246932,10.21));
#9377=CARTESIAN_POINT('',(93.6598,-27.246932,10.21));
#9378=CARTESIAN_POINT('',(97.6598,-27.246932,10.21));
#9379=CARTESIAN_POINT('',(93.6598,-25.646932,10.21));
#9380=CARTESIAN_POINT('',(93.6598,-61.846932,10.21));
#9381=CARTESIAN_POINT('',(87.6598,-25.646932,10.21));
#9382=CARTESIAN_POINT('',(55.659800283122,-46.246932,10.21));
#9383=CARTESIAN_POINT('',(55.659800283122,-44.646932,10.21));
#9384=CARTESIAN_POINT('',(55.659800283122,-46.246932,10.21));
#9385=CARTESIAN_POINT('',(49.659800283122,-44.646932,10.21));
#9386=CARTESIAN_POINT('',(55.659800283122,-44.646932,10.21));
#9387=CARTESIAN_POINT('',(49.659800283122,-46.246932,10.21));
#9388=CARTESIAN_POINT('',(49.659800283122,-6.64693200000001,10.21));
#9389=CARTESIAN_POINT('',(45.6598,-46.246932,10.21));
#9390=CARTESIAN_POINT('',(59.6598002831221,-46.246932,10.21));
#9391=CARTESIAN_POINT('',(45.6598,-53.246932,10.21));
#9392=CARTESIAN_POINT('',(45.6598,-46.246932,10.21));
#9393=CARTESIAN_POINT('',(45.659800283122,-60.246932,10.21));
#9394=CARTESIAN_POINT('',(45.6598,-53.246932,10.21));
#9395=CARTESIAN_POINT('',(49.659800283122,-60.246932,10.21));
#9396=CARTESIAN_POINT('',(45.659800283122,-60.246932,10.21));
#9397=CARTESIAN_POINT('',(49.659800283122,-61.846932,10.21));
#9398=CARTESIAN_POINT('',(49.659800283122,-60.246932,10.21));
#9399=CARTESIAN_POINT('',(55.659800283122,-61.846932,10.21));
#9400=CARTESIAN_POINT('',(52.6598002831221,-61.846932,10.21));
#9401=CARTESIAN_POINT('',(55.659800283122,-60.246932,10.21));
#9402=CARTESIAN_POINT('',(55.659800283122,-61.846932,10.21));
#9403=CARTESIAN_POINT('',(59.6598002831221,-60.246932,10.21));
#9404=CARTESIAN_POINT('',(45.659800283122,-60.246932,10.21));
#9405=CARTESIAN_POINT('',(59.6598002831221,-46.246932,10.21));
#9406=CARTESIAN_POINT('',(59.6598002831221,-60.246932,10.21));
#9407=CARTESIAN_POINT('',(59.6598002831221,-46.246932,10.21));
#9408=CARTESIAN_POINT('',(55.659800283122,-23.846932,10.21));
#9409=CARTESIAN_POINT('',(55.659800283122,-22.246932,10.21));
#9410=CARTESIAN_POINT('',(55.659800283122,-22.246932,10.21));
#9411=CARTESIAN_POINT('',(59.6598,-22.246932,10.21));
#9412=CARTESIAN_POINT('',(45.6598,-22.246932,10.21));
#9413=CARTESIAN_POINT('',(59.6598,-8.24693200000001,10.21));
#9414=CARTESIAN_POINT('',(59.6598,-22.246932,10.21));
#9415=CARTESIAN_POINT('',(55.659800283122,-8.24693200000001,10.21));
#9416=CARTESIAN_POINT('',(59.6598,-8.24693200000001,10.21));
#9417=CARTESIAN_POINT('',(55.659800283122,-6.64693200000001,10.21));
#9418=CARTESIAN_POINT('',(55.659800283122,-8.24693200000001,10.21));
#9419=CARTESIAN_POINT('',(49.659800283122,-6.64693200000001,10.21));
#9420=CARTESIAN_POINT('',(55.659800283122,-6.64693200000001,10.21));
#9421=CARTESIAN_POINT('',(49.659800283122,-8.24693200000001,10.21));
#9422=CARTESIAN_POINT('',(49.659800283122,-6.64693200000001,10.21));
#9423=CARTESIAN_POINT('',(45.6598,-8.24693200000001,10.21));
#9424=CARTESIAN_POINT('',(59.6598,-8.24693200000001,10.21));
#9425=CARTESIAN_POINT('',(45.6598,-22.246932,10.21));
#9426=CARTESIAN_POINT('',(45.6598,-8.24693200000001,10.21));
#9427=CARTESIAN_POINT('',(49.659800283122,-22.246932,10.21));
#9428=CARTESIAN_POINT('',(45.6598,-22.246932,10.21));
#9429=CARTESIAN_POINT('',(49.659800283122,-23.846932,10.21));
#9430=CARTESIAN_POINT('',(49.659800283122,-6.64693200000001,10.21));
#9431=CARTESIAN_POINT('',(55.659800283122,-23.846932,10.21));
#9432=CARTESIAN_POINT('',(36.6528,-64.221932,10.21));
#9433=CARTESIAN_POINT('',(36.6528,-62.621932,10.21));
#9434=CARTESIAN_POINT('',(36.6528,-62.621932,10.21));
#9435=CARTESIAN_POINT('',(40.6598,-62.621932,10.21));
#9436=CARTESIAN_POINT('',(26.6598,-62.621932,10.21));
#9437=CARTESIAN_POINT('',(40.6598,-48.621932,10.21));
#9438=CARTESIAN_POINT('',(40.6598,-62.621932,10.21));
#9439=CARTESIAN_POINT('',(36.6528,-48.621932,10.21));
#9440=CARTESIAN_POINT('',(40.6598,-48.621932,10.21));
#9441=CARTESIAN_POINT('',(36.6528,-47.021932,10.21));
#9442=CARTESIAN_POINT('',(36.6528,-48.621932,10.21));
#9443=CARTESIAN_POINT('',(30.6528,-47.021932,10.21));
#9444=CARTESIAN_POINT('',(36.6528,-47.021932,10.21));
#9445=CARTESIAN_POINT('',(30.6528,-48.621932,10.21));
#9446=CARTESIAN_POINT('',(30.6528,-64.221932,10.21));
#9447=CARTESIAN_POINT('',(26.6598,-48.621932,10.21));
#9448=CARTESIAN_POINT('',(40.6598,-48.621932,10.21));
#9449=CARTESIAN_POINT('',(26.6598,-62.621932,10.21));
#9450=CARTESIAN_POINT('',(26.6598,-48.621932,10.21));
#9451=CARTESIAN_POINT('',(30.6528,-62.621932,10.21));
#9452=CARTESIAN_POINT('',(26.6598,-62.621932,10.21));
#9453=CARTESIAN_POINT('',(30.6528,-64.221932,10.21));
#9454=CARTESIAN_POINT('',(30.6528,-64.221932,10.21));
#9455=CARTESIAN_POINT('',(36.6528,-64.221932,10.21));
#9456=CARTESIAN_POINT('',(74.6598,-40.471932,10.21));
#9457=CARTESIAN_POINT('',(74.6598,-38.871932,10.21));
#9458=CARTESIAN_POINT('',(74.6598,-38.871932,10.21));
#9459=CARTESIAN_POINT('',(78.6598,-38.871932,10.21));
#9460=CARTESIAN_POINT('',(64.6598,-38.871932,10.21));
#9461=CARTESIAN_POINT('',(78.6598,-24.871932,10.21));
#9462=CARTESIAN_POINT('',(78.6598,-38.871932,10.21));
#9463=CARTESIAN_POINT('',(74.6598,-24.871932,10.21));
#9464=CARTESIAN_POINT('',(78.6598,-24.871932,10.21));
#9465=CARTESIAN_POINT('',(74.6598,-23.271932,10.21));
#9466=CARTESIAN_POINT('',(74.6598,-24.871932,10.21));
#9467=CARTESIAN_POINT('',(68.6598,-23.271932,10.21));
#9468=CARTESIAN_POINT('',(74.6598,-23.271932,10.21));
#9469=CARTESIAN_POINT('',(68.6598,-24.871932,10.21));
#9470=CARTESIAN_POINT('',(68.6598,-59.471932,10.21));
#9471=CARTESIAN_POINT('',(64.6598,-24.871932,10.21));
#9472=CARTESIAN_POINT('',(78.6598,-24.871932,10.21));
#9473=CARTESIAN_POINT('',(64.6598,-38.871932,10.21));
#9474=CARTESIAN_POINT('',(64.6598,-24.871932,10.21));
#9475=CARTESIAN_POINT('',(68.6598,-38.871932,10.21));
#9476=CARTESIAN_POINT('',(64.6598,-38.871932,10.21));
#9477=CARTESIAN_POINT('',(68.6598,-40.471932,10.21));
#9478=CARTESIAN_POINT('',(68.6598,-59.471932,10.21));
#9479=CARTESIAN_POINT('',(74.6598,-40.471932,10.21));
#9480=CARTESIAN_POINT('',(87.6598,-44.646932,10.21));
#9481=CARTESIAN_POINT('',(87.6598,-46.246932,10.21));
#9482=CARTESIAN_POINT('',(87.6598,-46.246932,10.21));
#9483=CARTESIAN_POINT('',(83.6598,-46.246932,10.21));
#9484=CARTESIAN_POINT('',(97.6598,-46.246932,10.21));
#9485=CARTESIAN_POINT('',(83.6598,-60.246932,10.21));
#9486=CARTESIAN_POINT('',(83.6598,-46.246932,10.21));
#9487=CARTESIAN_POINT('',(87.6598,-60.246932,10.21));
#9488=CARTESIAN_POINT('',(83.6598,-60.246932,10.21));
#9489=CARTESIAN_POINT('',(87.6598,-61.846932,10.21));
#9490=CARTESIAN_POINT('',(87.6598,-60.246932,10.21));
#9491=CARTESIAN_POINT('',(93.6598,-61.846932,10.21));
#9492=CARTESIAN_POINT('',(90.6598,-61.846932,10.21));
#9493=CARTESIAN_POINT('',(93.6598,-60.246932,10.21));
#9494=CARTESIAN_POINT('',(93.6598,-61.846932,10.21));
#9495=CARTESIAN_POINT('',(97.6598,-60.246932,10.21));
#9496=CARTESIAN_POINT('',(83.6598,-60.246932,10.21));
#9497=CARTESIAN_POINT('',(97.6598,-46.246932,10.21));
#9498=CARTESIAN_POINT('',(97.6598,-60.246932,10.21));
#9499=CARTESIAN_POINT('',(93.6598,-46.246932,10.21));
#9500=CARTESIAN_POINT('',(97.6598,-46.246932,10.21));
#9501=CARTESIAN_POINT('',(93.6598,-44.646932,10.21));
#9502=CARTESIAN_POINT('',(93.6598,-61.846932,10.21));
#9503=CARTESIAN_POINT('',(87.6598,-44.646932,10.21));
#9504=CARTESIAN_POINT('',(74.6598,-21.4719241367661,10.21));
#9505=CARTESIAN_POINT('',(74.6598,-19.871932,10.21));
#9506=CARTESIAN_POINT('',(74.6598,-19.871932,10.21));
#9507=CARTESIAN_POINT('',(78.6598,-19.871932,10.21));
#9508=CARTESIAN_POINT('',(64.6598,-19.871932,10.21));
#9509=CARTESIAN_POINT('',(78.6598,-5.87193200000001,10.21));
#9510=CARTESIAN_POINT('',(78.6598,-19.871932,10.21));
#9511=CARTESIAN_POINT('',(74.6598,-5.87193200000001,10.21));
#9512=CARTESIAN_POINT('',(78.6598,-5.87193200000001,10.21));
#9513=CARTESIAN_POINT('',(74.6598,-4.27193200000001,10.21));
#9514=CARTESIAN_POINT('',(74.6598,-4.27193200000001,10.21));
#9515=CARTESIAN_POINT('',(68.6598,-4.27193200000001,10.21));
#9516=CARTESIAN_POINT('',(68.6598,-4.27193200000001,10.21));
#9517=CARTESIAN_POINT('',(68.6598,-5.87193200000001,10.21));
#9518=CARTESIAN_POINT('',(68.6598,-5.87193200000001,10.21));
#9519=CARTESIAN_POINT('',(64.6598,-5.87193200000001,10.21));
#9520=CARTESIAN_POINT('',(78.6598,-5.87193200000001,10.21));
#9521=CARTESIAN_POINT('',(64.6598,-19.871932,10.21));
#9522=CARTESIAN_POINT('',(64.6598,-5.87193200000001,10.21));
#9523=CARTESIAN_POINT('',(68.6598,-19.871932,10.21));
#9524=CARTESIAN_POINT('',(64.6598,-19.871932,10.21));
#9525=CARTESIAN_POINT('',(68.6598,-21.4719241367661,10.21));
#9526=CARTESIAN_POINT('',(68.6598,-59.471932,10.21));
#9527=CARTESIAN_POINT('',(74.6598,-21.4719241367661,10.21));
#9528=CARTESIAN_POINT('',(36.6528,-45.221932,10.21));
#9529=CARTESIAN_POINT('',(36.6528,-43.621932,10.21));
#9530=CARTESIAN_POINT('',(36.6528,-43.621932,10.21));
#9531=CARTESIAN_POINT('',(40.6598,-43.621932,10.21));
#9532=CARTESIAN_POINT('',(26.6598,-43.621932,10.21));
#9533=CARTESIAN_POINT('',(40.6598,-29.621932,10.21));
#9534=CARTESIAN_POINT('',(40.6598,-43.621932,10.21));
#9535=CARTESIAN_POINT('',(36.6528,-29.621932,10.21));
#9536=CARTESIAN_POINT('',(40.6598,-29.621932,10.21));
#9537=CARTESIAN_POINT('',(36.6528,-28.021932,10.21));
#9538=CARTESIAN_POINT('',(36.6528,-29.621932,10.21));
#9539=CARTESIAN_POINT('',(30.6528,-28.021932,10.21));
#9540=CARTESIAN_POINT('',(36.6528,-28.021932,10.21));
#9541=CARTESIAN_POINT('',(30.6528,-29.621932,10.21));
#9542=CARTESIAN_POINT('',(30.6528,-64.221932,10.21));
#9543=CARTESIAN_POINT('',(26.6598,-29.621932,10.21));
#9544=CARTESIAN_POINT('',(40.6598,-29.621932,10.21));
#9545=CARTESIAN_POINT('',(26.6598,-43.621932,10.21));
#9546=CARTESIAN_POINT('',(26.6598,-29.621932,10.21));
#9547=CARTESIAN_POINT('',(30.6528,-43.621932,10.21));
#9548=CARTESIAN_POINT('',(26.6598,-43.621932,10.21));
#9549=CARTESIAN_POINT('',(30.6528,-45.221932,10.21));
#9550=CARTESIAN_POINT('',(30.6528,-64.221932,10.21));
#9551=CARTESIAN_POINT('',(36.6528,-45.221932,10.21));
#9552=CARTESIAN_POINT('',(87.6598,-22.246932,10.21));
#9553=CARTESIAN_POINT('',(87.6598,-23.846932,10.21));
#9554=CARTESIAN_POINT('',(87.6598,-22.246932,10.21));
#9555=CARTESIAN_POINT('',(93.6598,-23.846932,10.21));
#9556=CARTESIAN_POINT('',(87.6598,-23.846932,10.21));
#9557=CARTESIAN_POINT('',(93.6598,-22.246932,10.21));
#9558=CARTESIAN_POINT('',(93.6598,-61.846932,10.21));
#9559=CARTESIAN_POINT('',(97.6598,-22.246932,10.21));
#9560=CARTESIAN_POINT('',(83.6598,-22.246932,10.21));
#9561=CARTESIAN_POINT('',(97.6598,-8.24693200000001,10.21));
#9562=CARTESIAN_POINT('',(97.6598,-22.246932,10.21));
#9563=CARTESIAN_POINT('',(93.6598,-8.24693200000001,10.21));
#9564=CARTESIAN_POINT('',(97.6598,-8.24693200000001,10.21));
#9565=CARTESIAN_POINT('',(93.6598,-6.64693200000001,10.21));
#9566=CARTESIAN_POINT('',(93.6598,-8.24693200000001,10.21));
#9567=CARTESIAN_POINT('',(87.6598,-6.64693200000001,10.21));
#9568=CARTESIAN_POINT('',(93.6598,-6.64693200000001,10.21));
#9569=CARTESIAN_POINT('',(87.6598,-8.24693200000001,10.21));
#9570=CARTESIAN_POINT('',(87.6598,-6.64693200000001,10.21));
#9571=CARTESIAN_POINT('',(83.6598,-8.24693200000001,10.21));
#9572=CARTESIAN_POINT('',(97.6598,-8.24693200000001,10.21));
#9573=CARTESIAN_POINT('',(83.6598,-22.246932,10.21));
#9574=CARTESIAN_POINT('',(83.6598,-8.24693200000001,10.21));
#9575=CARTESIAN_POINT('',(83.6598,-22.246932,10.21));
#9576=CARTESIAN_POINT('',(40.0737558312037,-83.159869898257,10.21));
#9577=CARTESIAN_POINT('',(40.4878662921283,-84.7053512233311,10.21));
#9578=CARTESIAN_POINT('',(40.0737558312037,-83.159869898257,10.21));
#9579=CARTESIAN_POINT('',(46.2834212611562,-83.152436994864,10.21));
#9580=CARTESIAN_POINT('',(43.3856437766422,-83.9288941090976,10.21));
#9581=CARTESIAN_POINT('',(45.8693108002316,-81.60695566979,10.21));
#9582=CARTESIAN_POINT('',(46.2834212611562,-83.152436994864,10.21));
#9583=CARTESIAN_POINT('',(49.7330141129169,-80.5716795174786,10.21));
#9584=CARTESIAN_POINT('',(36.2100525185184,-84.1951460505684,10.21));
#9585=CARTESIAN_POINT('',(46.1095475798271,-67.04871792308,10.21));
#9586=CARTESIAN_POINT('',(49.7330141129169,-80.5716795174786,10.21));
#9587=CARTESIAN_POINT('',(42.2458442671418,-68.0839940753914,10.21));
#9588=CARTESIAN_POINT('',(46.1095475798271,-67.04871792308,10.21));
#9589=CARTESIAN_POINT('',(41.8317338062173,-66.5385127503173,10.21));
#9590=CARTESIAN_POINT('',(42.2458442671418,-68.0839940753914,10.21));
#9591=CARTESIAN_POINT('',(36.0361788371893,-68.0914269787844,10.21));
#9592=CARTESIAN_POINT('',(41.8317338062173,-66.5385127503173,10.21));
#9593=CARTESIAN_POINT('',(36.4502892981139,-69.6369083038585,10.21));
#9594=CARTESIAN_POINT('',(36.0361788371893,-68.0914269787844,10.21));
#9595=CARTESIAN_POINT('',(32.5865859854286,-70.6721844561699,10.21));
#9596=CARTESIAN_POINT('',(46.1095475798271,-67.04871792308,10.21));
#9597=CARTESIAN_POINT('',(36.2100525185184,-84.1951460505684,10.21));
#9598=CARTESIAN_POINT('',(32.5865859854286,-70.6721844561699,10.21));
#9599=CARTESIAN_POINT('',(36.2100525185184,-84.1951460505684,10.21));
#9600=CARTESIAN_POINT('',(45.6598,-28.6164203543078,10.21));
#9601=CARTESIAN_POINT('',(39.5898,-25.997432,10.21));
#9602=CARTESIAN_POINT('Origin',(43.1898,-25.997432,10.21));
#9603=CARTESIAN_POINT('',(45.6598,-41.246932,10.21));
#9604=CARTESIAN_POINT('',(45.6598,-27.246932,10.21));
#9605=CARTESIAN_POINT('',(49.659800283122,-41.246932,10.21));
#9606=CARTESIAN_POINT('',(45.6598,-41.246932,10.21));
#9607=CARTESIAN_POINT('',(49.659800283122,-42.846932,10.21));
#9608=CARTESIAN_POINT('',(49.659800283122,-6.64693200000001,10.21));
#9609=CARTESIAN_POINT('',(55.659800283122,-42.846932,10.21));
#9610=CARTESIAN_POINT('',(55.659800283122,-42.846932,10.21));
#9611=CARTESIAN_POINT('',(55.659800283122,-41.246932,10.21));
#9612=CARTESIAN_POINT('',(55.659800283122,-41.246932,10.21));
#9613=CARTESIAN_POINT('',(59.6598,-41.246932,10.21));
#9614=CARTESIAN_POINT('',(45.6598,-41.246932,10.21));
#9615=CARTESIAN_POINT('',(59.6598,-27.246932,10.21));
#9616=CARTESIAN_POINT('',(59.6598,-41.246932,10.21));
#9617=CARTESIAN_POINT('',(55.659800283122,-27.246932,10.21));
#9618=CARTESIAN_POINT('',(59.6598,-27.246932,10.21));
#9619=CARTESIAN_POINT('',(55.659800283122,-25.646932,10.21));
#9620=CARTESIAN_POINT('',(55.659800283122,-27.246932,10.21));
#9621=CARTESIAN_POINT('',(49.659800283122,-25.646932,10.21));
#9622=CARTESIAN_POINT('',(55.659800283122,-25.646932,10.21));
#9623=CARTESIAN_POINT('',(49.659800283122,-27.246932,10.21));
#9624=CARTESIAN_POINT('',(49.659800283122,-6.64693200000001,10.21));
#9625=CARTESIAN_POINT('',(46.5660034521042,-27.246932,10.21));
#9626=CARTESIAN_POINT('',(59.6598,-27.246932,10.21));
#9627=CARTESIAN_POINT('',(40.6528,-23.4432920273282,10.21));
#9628=CARTESIAN_POINT('Origin',(43.1898,-25.997432,10.21));
#9629=CARTESIAN_POINT('',(40.6528,-10.626932,10.21));
#9630=CARTESIAN_POINT('',(40.6528,-24.626932,10.21));
#9631=CARTESIAN_POINT('',(36.6528,-10.626932,10.21));
#9632=CARTESIAN_POINT('',(40.6528,-10.626932,10.21));
#9633=CARTESIAN_POINT('',(36.6528,-9.02693200000001,10.21));
#9634=CARTESIAN_POINT('',(36.6528,-9.02693200000001,10.21));
#9635=CARTESIAN_POINT('',(30.6528,-9.02693200000001,10.21));
#9636=CARTESIAN_POINT('',(30.6528,-9.02693200000001,10.21));
#9637=CARTESIAN_POINT('',(30.6528,-10.626932,10.21));
#9638=CARTESIAN_POINT('',(30.6528,-10.626932,10.21));
#9639=CARTESIAN_POINT('',(26.6528,-10.626932,10.21));
#9640=CARTESIAN_POINT('',(40.6528,-10.626932,10.21));
#9641=CARTESIAN_POINT('',(26.6528,-24.626932,10.21));
#9642=CARTESIAN_POINT('',(26.6528,-10.626932,10.21));
#9643=CARTESIAN_POINT('',(30.6528,-24.626932,10.21));
#9644=CARTESIAN_POINT('',(26.6528,-24.626932,10.21));
#9645=CARTESIAN_POINT('',(30.6528,-26.226932,10.21));
#9646=CARTESIAN_POINT('',(30.6528,-64.221932,10.21));
#9647=CARTESIAN_POINT('',(36.6528,-26.226932,10.21));
#9648=CARTESIAN_POINT('',(36.6528,-26.226932,10.21));
#9649=CARTESIAN_POINT('',(36.6528,-24.626932,10.21));
#9650=CARTESIAN_POINT('',(36.6528,-24.626932,10.21));
#9651=CARTESIAN_POINT('',(39.8608767882091,-24.626932,10.21));
#9652=CARTESIAN_POINT('',(26.6528,-24.626932,10.21));
#9653=CARTESIAN_POINT('Origin',(43.1898,-25.997432,10.21));
#9654=CARTESIAN_POINT('',(26.0052948884833,-74.4616898225713,10.21));
#9655=CARTESIAN_POINT('',(25.8348,-73.366932,10.21));
#9656=CARTESIAN_POINT('Origin',(29.4348,-73.366932,10.21));
#9657=CARTESIAN_POINT('',(24.85761694621,-72.4738538724382,10.21));
#9658=CARTESIAN_POINT('',(24.85761694621,-72.4738538724382,10.21));
#9659=CARTESIAN_POINT('',(23.4719763971526,-73.273854040443,10.21));
#9660=CARTESIAN_POINT('',(23.4719763971526,-73.273854040443,10.21));
#9661=CARTESIAN_POINT('',(21.4719773570692,-69.8097550579055,10.21));
#9662=CARTESIAN_POINT('',(28.4719788271119,-81.934109862158,10.21));
#9663=CARTESIAN_POINT('',(9.34762117288817,-76.8097541378421,10.21));
#9664=CARTESIAN_POINT('',(21.4719773570691,-69.8097550579055,10.21));
#9665=CARTESIAN_POINT('',(11.3476215929004,-80.2738555104856,10.21));
#9666=CARTESIAN_POINT('',(9.34762117288818,-76.8097541378421,10.21));
#9667=CARTESIAN_POINT('',(9.96198104384295,-81.0738556784905,10.21));
#9668=CARTESIAN_POINT('',(9.96198104384295,-81.0738556784905,10.21));
#9669=CARTESIAN_POINT('',(12.9619816738613,-86.2700077374558,10.21));
#9670=CARTESIAN_POINT('',(12.9619816738613,-86.2700077374558,10.21));
#9671=CARTESIAN_POINT('',(14.3476222229187,-85.470007569451,10.21));
#9672=CARTESIAN_POINT('',(14.3476222229187,-85.470007569451,10.21));
#9673=CARTESIAN_POINT('',(16.3476226429309,-88.9341089420945,10.21));
#9674=CARTESIAN_POINT('',(9.34762117288818,-76.8097541378421,10.21));
#9675=CARTESIAN_POINT('',(28.4719788271119,-81.934109862158,10.21));
#9676=CARTESIAN_POINT('',(16.3476226429309,-88.9341089420945,10.21));
#9677=CARTESIAN_POINT('',(26.4719770271709,-78.4700060994084,10.21));
#9678=CARTESIAN_POINT('',(28.4719788271119,-81.934109862158,10.21));
#9679=CARTESIAN_POINT('',(27.8576175762284,-77.6700059314035,10.21));
#9680=CARTESIAN_POINT('',(27.8576175762283,-77.6700059314035,10.21));
#9681=CARTESIAN_POINT('',(26.7719599463841,-75.7895922834197,10.21));
#9682=CARTESIAN_POINT('',(24.85761694621,-72.4738538724382,10.21));
#9683=CARTESIAN_POINT('Origin',(29.4348,-73.366932,10.21));
#9684=CARTESIAN_POINT('Origin',(4.00051606018967,-70.3924119128437,12.41));
#9685=CARTESIAN_POINT('',(4.00051606018967,-70.3924119128437,12.41));
#9686=CARTESIAN_POINT('',(33.496308652256,-53.3827905472401,12.41));
#9687=CARTESIAN_POINT('',(4.00051606018967,-70.3924119128437,12.41));
#9688=CARTESIAN_POINT('Origin',(22.1233122027552,-59.3294240965981,11.31));
#9689=CARTESIAN_POINT('',(22.3737084707136,-59.7622077711891,12.41));
#9690=CARTESIAN_POINT('',(22.6233122027552,-59.3294240965981,12.41));
#9691=CARTESIAN_POINT('Origin',(22.1233122027552,-59.3294240965981,12.41));
#9692=CARTESIAN_POINT('',(22.6233122027552,-59.3294240965981,11.31));
#9693=CARTESIAN_POINT('',(22.3737084707136,-59.7622077711891,11.31));
#9694=CARTESIAN_POINT('Origin',(22.6233122027552,-58.4624825828411,10.21));
#9695=CARTESIAN_POINT('',(22.6233122027552,-10.0000981256825,12.41));
#9696=CARTESIAN_POINT('',(22.6233122027552,-53.9641877572823,12.41));
#9697=CARTESIAN_POINT('',(22.6233122027552,-10.0000981256825,10.56));
#9698=CARTESIAN_POINT('Origin',(22.6233122027552,-59.617794183891,12.41));
#9699=CARTESIAN_POINT('',(42.7738310690215,-47.9592797394453,12.41));
#9700=CARTESIAN_POINT('Origin',(70.8750019971573,-50.0426331063095,12.41));
#9701=CARTESIAN_POINT('',(3.00052360996228,-71.5886093113999,12.41));
#9702=CARTESIAN_POINT('',(3.00013805021931,-10.5001012814294,12.41));
#9703=CARTESIAN_POINT('',(3.06738517265488,-71.8383882489574,12.41));
#9704=CARTESIAN_POINT('Origin',(3.50052360995234,-71.588606155653,12.41));
#9705=CARTESIAN_POINT('',(17.4824487166276,-96.8350483953304,12.41));
#9706=CARTESIAN_POINT('',(3.06738517265488,-71.8383882489574,12.41));
#9707=CARTESIAN_POINT('',(18.1657777311053,-97.0181689181999,12.41));
#9708=CARTESIAN_POINT('Origin',(17.915587153925,-96.585266302026,12.41));
#9709=CARTESIAN_POINT('',(34.0146349964177,-87.8585228483711,12.41));
#9710=CARTESIAN_POINT('',(34.0146349964178,-87.8585228483711,12.41));
#9711=CARTESIAN_POINT('',(34.200325217683,-87.7956032140491,12.41));
#9712=CARTESIAN_POINT('Origin',(34.2648255735979,-88.2914254645447,12.41));
#9713=CARTESIAN_POINT('',(71.6145100079594,-82.9284794961633,12.41));
#9714=CARTESIAN_POINT('',(71.6145100079594,-82.9284794961633,12.41));
#9715=CARTESIAN_POINT('',(71.9539955264512,-82.7272678586461,12.41));
#9716=CARTESIAN_POINT('Origin',(71.5500096520443,-82.4326572456672,12.41));
#9717=CARTESIAN_POINT('',(82.3617619670608,-68.4555802788281,12.41));
#9718=CARTESIAN_POINT('',(82.3617619670608,-68.4555802788281,12.41));
#9719=CARTESIAN_POINT('',(82.7657478414676,-68.2501908918069,12.41));
#9720=CARTESIAN_POINT('Origin',(82.7657478414676,-68.7501908918069,12.41));
#9721=CARTESIAN_POINT('',(138.242737513991,-68.2501908918069,12.41));
#9722=CARTESIAN_POINT('',(138.242737513991,-68.2501908918069,12.41));
#9723=CARTESIAN_POINT('',(138.742737510115,-67.75025314891,12.41));
#9724=CARTESIAN_POINT('Origin',(138.242737513991,-67.7501908918069,12.41));
#9725=CARTESIAN_POINT('',(138.749865940229,-10.5003193755647,12.41));
#9726=CARTESIAN_POINT('',(138.749865940229,-10.5003193755647,12.41));
#9727=CARTESIAN_POINT('',(138.249865945912,-10.0002571184617,12.41));
#9728=CARTESIAN_POINT('Origin',(138.249865944105,-10.5002571184617,12.41));
#9729=CARTESIAN_POINT('',(101.249584987657,-10.0002569847489,12.41));
#9730=CARTESIAN_POINT('',(101.249584987657,-10.0002569847489,12.41));
#9731=CARTESIAN_POINT('',(100.74958499004,-9.50023298385376,12.41));
#9732=CARTESIAN_POINT('Origin',(101.249584989464,-9.50025698474892,12.41));
#9733=CARTESIAN_POINT('',(100.749764997953,-5.75020800089515,12.41));
#9734=CARTESIAN_POINT('',(100.749764997953,-5.75020800089515,12.41));
#9735=CARTESIAN_POINT('',(100.249764998529,-5.25018400000001,12.41));
#9736=CARTESIAN_POINT('Origin',(100.249764998529,-5.750184,12.41));
#9737=CARTESIAN_POINT('',(82.249844,-5.25018400000001,12.41));
#9738=CARTESIAN_POINT('',(82.249844,-5.25018400000001,12.41));
#9739=CARTESIAN_POINT('',(81.749844,-4.75018400000001,12.41));
#9740=CARTESIAN_POINT('Origin',(82.249844,-4.75018400000001,12.41));
#9741=CARTESIAN_POINT('',(81.749844,-3.49999991059304,12.41));
#9742=CARTESIAN_POINT('',(81.749844,-3.49999991059304,12.41));
#9743=CARTESIAN_POINT('',(81.249844,-2.99999991059304,12.41));
#9744=CARTESIAN_POINT('Origin',(81.249844,-3.49999991059305,12.41));
#9745=CARTESIAN_POINT('',(62.2503447485008,-2.99999991059304,12.41));
#9746=CARTESIAN_POINT('',(62.2503447485008,-2.99999991059304,12.41));
#9747=CARTESIAN_POINT('',(61.7503447485008,-3.49999991059304,12.41));
#9748=CARTESIAN_POINT('Origin',(62.2503447485008,-3.49999991059304,12.41));
#9749=CARTESIAN_POINT('',(61.7503447485008,-4.73713126287241,12.41));
#9750=CARTESIAN_POINT('',(61.7503447485008,-4.73713126287241,12.41));
#9751=CARTESIAN_POINT('',(61.2506507999306,-5.23713116920492,12.41));
#9752=CARTESIAN_POINT('Origin',(61.2503447485008,-4.7371312628724,12.41));
#9753=CARTESIAN_POINT('',(43.25091587167,-5.24814886049127,12.41));
#9754=CARTESIAN_POINT('',(43.25091587167,-5.24814886049127,12.41));
#9755=CARTESIAN_POINT('',(42.7512219279265,-5.74807929288133,12.41));
#9756=CARTESIAN_POINT('Origin',(43.2512219230998,-5.74814876682377,12.41));
#9757=CARTESIAN_POINT('',(42.7510161512635,-7.22904218185354,12.41));
#9758=CARTESIAN_POINT('',(42.7510161512635,-7.22904218185355,12.41));
#9759=CARTESIAN_POINT('',(42.2515263118695,-7.72897244765211,12.41));
#9760=CARTESIAN_POINT('Origin',(42.2510161560901,-7.22897270791109,12.41));
#9761=CARTESIAN_POINT('',(24.2497009125078,-7.74733992774833,12.41));
#9762=CARTESIAN_POINT('',(24.2497009125078,-7.74733992774833,12.41));
#9763=CARTESIAN_POINT('',(23.7502110714796,-8.24728316652291,12.41));
#9764=CARTESIAN_POINT('Origin',(24.2502110682873,-8.24733966748934,12.41));
#9765=CARTESIAN_POINT('',(23.7500694945821,-9.50015462664893,12.41));
#9766=CARTESIAN_POINT('',(23.7500694945821,-9.50015462664893,12.41));
#9767=CARTESIAN_POINT('',(23.2500694977744,-10.0000981256825,12.41));
#9768=CARTESIAN_POINT('Origin',(23.2500694977744,-9.5000981256825,12.41));
#9769=CARTESIAN_POINT('',(3.50013805020935,-10.0000981256825,12.41));
#9770=CARTESIAN_POINT('',(59.6598,-22.246932,12.41));
#9771=CARTESIAN_POINT('',(45.6598,-22.246932,12.41));
#9772=CARTESIAN_POINT('',(59.6598,-22.246932,12.41));
#9773=CARTESIAN_POINT('',(45.6598,-8.24693200000001,12.41));
#9774=CARTESIAN_POINT('',(45.6598,-15.246932,12.41));
#9775=CARTESIAN_POINT('',(59.6598,-8.24693200000001,12.41));
#9776=CARTESIAN_POINT('',(45.6598,-8.24693200000001,12.41));
#9777=CARTESIAN_POINT('',(59.6598,-8.24693200000001,12.41));
#9778=CARTESIAN_POINT('',(78.6598,-57.871932,12.41));
#9779=CARTESIAN_POINT('',(64.6598,-57.871932,12.41));
#9780=CARTESIAN_POINT('',(78.6598,-57.871932,12.41));
#9781=CARTESIAN_POINT('',(64.6598,-43.871932,12.41));
#9782=CARTESIAN_POINT('',(64.6598,-50.871932,12.41));
#9783=CARTESIAN_POINT('',(78.6598,-43.871932,12.41));
#9784=CARTESIAN_POINT('',(64.6598,-43.871932,12.41));
#9785=CARTESIAN_POINT('',(78.6598,-43.871932,12.41));
#9786=CARTESIAN_POINT('',(97.6598,-41.246932,12.41));
#9787=CARTESIAN_POINT('',(83.6598,-41.246932,12.41));
#9788=CARTESIAN_POINT('',(97.6598,-41.246932,12.41));
#9789=CARTESIAN_POINT('',(83.6598,-27.246932,12.41));
#9790=CARTESIAN_POINT('',(83.6598,-34.246932,12.41));
#9791=CARTESIAN_POINT('',(97.6598,-27.246932,12.41));
#9792=CARTESIAN_POINT('',(83.6598,-27.246932,12.41));
#9793=CARTESIAN_POINT('',(97.6598,-27.246932,12.41));
#9794=CARTESIAN_POINT('',(78.6598,-19.871932,12.41));
#9795=CARTESIAN_POINT('',(64.6598,-19.871932,12.41));
#9796=CARTESIAN_POINT('',(78.6598,-19.871932,12.41));
#9797=CARTESIAN_POINT('',(64.6598,-5.87193200000001,12.41));
#9798=CARTESIAN_POINT('',(64.6598,-12.871932,12.41));
#9799=CARTESIAN_POINT('',(78.6598,-5.87193200000001,12.41));
#9800=CARTESIAN_POINT('',(64.6598,-5.87193200000001,12.41));
#9801=CARTESIAN_POINT('',(78.6598,-5.87193200000001,12.41));
#9802=CARTESIAN_POINT('',(59.6598,-41.246932,12.41));
#9803=CARTESIAN_POINT('',(45.6598,-41.246932,12.41));
#9804=CARTESIAN_POINT('',(59.6598,-41.246932,12.41));
#9805=CARTESIAN_POINT('',(45.6598,-27.246932,12.41));
#9806=CARTESIAN_POINT('',(45.6598,-34.246932,12.41));
#9807=CARTESIAN_POINT('',(59.6598,-27.246932,12.41));
#9808=CARTESIAN_POINT('',(45.6598,-27.246932,12.41));
#9809=CARTESIAN_POINT('',(59.6598,-27.246932,12.41));
#9810=CARTESIAN_POINT('',(135.6598,-64.996932,12.41));
#9811=CARTESIAN_POINT('',(121.6598,-64.996932,12.41));
#9812=CARTESIAN_POINT('',(135.6598,-64.996932,12.41));
#9813=CARTESIAN_POINT('',(121.6598,-50.996932,12.41));
#9814=CARTESIAN_POINT('',(121.6598,-57.996932,12.41));
#9815=CARTESIAN_POINT('',(135.6598,-50.996932,12.41));
#9816=CARTESIAN_POINT('',(121.6598,-50.996932,12.41));
#9817=CARTESIAN_POINT('',(135.6598,-50.996932,12.41));
#9818=CARTESIAN_POINT('',(116.6598,-64.996932,12.41));
#9819=CARTESIAN_POINT('',(102.6598,-64.996932,12.41));
#9820=CARTESIAN_POINT('',(116.6598,-64.996932,12.41));
#9821=CARTESIAN_POINT('',(102.6598,-50.996932,12.41));
#9822=CARTESIAN_POINT('',(102.6598,-57.996932,12.41));
#9823=CARTESIAN_POINT('',(116.6598,-50.996932,12.41));
#9824=CARTESIAN_POINT('',(102.6598,-50.996932,12.41));
#9825=CARTESIAN_POINT('',(116.6598,-50.996932,12.41));
#9826=CARTESIAN_POINT('',(59.6598002831221,-60.246932,12.41));
#9827=CARTESIAN_POINT('',(45.659800283122,-60.246932,12.41));
#9828=CARTESIAN_POINT('',(59.6598002831221,-60.246932,12.41));
#9829=CARTESIAN_POINT('',(45.6598,-53.246932,12.41));
#9830=CARTESIAN_POINT('',(45.659800283122,-60.246932,12.41));
#9831=CARTESIAN_POINT('',(45.6598,-46.246932,12.41));
#9832=CARTESIAN_POINT('',(45.6598,-53.246932,12.41));
#9833=CARTESIAN_POINT('',(59.6598002831221,-46.246932,12.41));
#9834=CARTESIAN_POINT('',(45.6598,-46.246932,12.41));
#9835=CARTESIAN_POINT('',(59.6598002831221,-46.246932,12.41));
#9836=CARTESIAN_POINT('',(49.7330141129169,-80.5716795174786,12.41));
#9837=CARTESIAN_POINT('',(36.2100525185184,-84.1951460505684,12.41));
#9838=CARTESIAN_POINT('',(36.2100525185184,-84.1951460505684,12.41));
#9839=CARTESIAN_POINT('',(32.5865859854286,-70.6721844561699,12.41));
#9840=CARTESIAN_POINT('',(32.5865859854286,-70.6721844561699,12.41));
#9841=CARTESIAN_POINT('',(46.1095475798271,-67.04871792308,12.41));
#9842=CARTESIAN_POINT('',(46.1095475798271,-67.04871792308,12.41));
#9843=CARTESIAN_POINT('',(49.7330141129169,-80.5716795174786,12.41));
#9844=CARTESIAN_POINT('',(69.1598,-79.8719322831221,12.41));
#9845=CARTESIAN_POINT('',(55.1598,-79.8719322831221,12.41));
#9846=CARTESIAN_POINT('',(69.1598,-79.8719322831221,12.41));
#9847=CARTESIAN_POINT('',(55.1598,-65.8719322831221,12.41));
#9848=CARTESIAN_POINT('',(55.1598,-72.8719322831221,12.41));
#9849=CARTESIAN_POINT('',(69.1598,-65.8719322831221,12.41));
#9850=CARTESIAN_POINT('',(55.1598,-65.8719322831221,12.41));
#9851=CARTESIAN_POINT('',(69.1598,-65.8719322831221,12.41));
#9852=CARTESIAN_POINT('',(40.6598,-62.621932,12.41));
#9853=CARTESIAN_POINT('',(26.6598,-62.621932,12.41));
#9854=CARTESIAN_POINT('',(40.6598,-62.621932,12.41));
#9855=CARTESIAN_POINT('',(26.6598,-48.621932,12.41));
#9856=CARTESIAN_POINT('',(26.6598,-55.621932,12.41));
#9857=CARTESIAN_POINT('',(40.6598,-48.621932,12.41));
#9858=CARTESIAN_POINT('',(26.6598,-48.621932,12.41));
#9859=CARTESIAN_POINT('',(40.6598,-48.621932,12.41));
#9860=CARTESIAN_POINT('',(28.4719788271119,-81.934109862158,12.41));
#9861=CARTESIAN_POINT('',(16.3476226429309,-88.9341089420945,12.41));
#9862=CARTESIAN_POINT('',(28.4719788271119,-81.934109862158,12.41));
#9863=CARTESIAN_POINT('',(9.34762117288818,-76.8097541378421,12.41));
#9864=CARTESIAN_POINT('',(12.8476219079095,-82.8719315399683,12.41));
#9865=CARTESIAN_POINT('',(21.4719773570691,-69.8097550579055,12.41));
#9866=CARTESIAN_POINT('',(9.34762117288818,-76.8097541378421,12.41));
#9867=CARTESIAN_POINT('',(21.4719773570691,-69.8097550579055,12.41));
#9868=CARTESIAN_POINT('',(40.6598,-43.621932,12.41));
#9869=CARTESIAN_POINT('',(26.6598,-43.621932,12.41));
#9870=CARTESIAN_POINT('',(40.6598,-43.621932,12.41));
#9871=CARTESIAN_POINT('',(26.6598,-29.621932,12.41));
#9872=CARTESIAN_POINT('',(26.6598,-36.621932,12.41));
#9873=CARTESIAN_POINT('',(40.6598,-29.621932,12.41));
#9874=CARTESIAN_POINT('',(26.6598,-29.621932,12.41));
#9875=CARTESIAN_POINT('',(40.6598,-29.621932,12.41));
#9876=CARTESIAN_POINT('',(40.6528,-24.626932,12.41));
#9877=CARTESIAN_POINT('',(26.6528,-24.626932,12.41));
#9878=CARTESIAN_POINT('',(40.6528,-24.626932,12.41));
#9879=CARTESIAN_POINT('',(26.6528,-10.626932,12.41));
#9880=CARTESIAN_POINT('',(26.6528,-17.626932,12.41));
#9881=CARTESIAN_POINT('',(40.6528,-10.626932,12.41));
#9882=CARTESIAN_POINT('',(26.6528,-10.626932,12.41));
#9883=CARTESIAN_POINT('',(40.6528,-10.626932,12.41));
#9884=CARTESIAN_POINT('',(97.6598,-22.246932,12.41));
#9885=CARTESIAN_POINT('',(83.6598,-22.246932,12.41));
#9886=CARTESIAN_POINT('',(97.6598,-22.246932,12.41));
#9887=CARTESIAN_POINT('',(83.6598,-8.24693200000001,12.41));
#9888=CARTESIAN_POINT('',(83.6598,-15.246932,12.41));
#9889=CARTESIAN_POINT('',(97.6598,-8.24693200000001,12.41));
#9890=CARTESIAN_POINT('',(83.6598,-8.24693200000001,12.41));
#9891=CARTESIAN_POINT('',(97.6598,-8.24693200000001,12.41));
#9892=CARTESIAN_POINT('',(116.6598,-45.996932,12.41));
#9893=CARTESIAN_POINT('',(102.6598,-45.996932,12.41));
#9894=CARTESIAN_POINT('',(116.6598,-45.996932,12.41));
#9895=CARTESIAN_POINT('',(102.6598,-31.996932,12.41));
#9896=CARTESIAN_POINT('',(102.6598,-38.996932,12.41));
#9897=CARTESIAN_POINT('',(116.6598,-31.996932,12.41));
#9898=CARTESIAN_POINT('',(102.6598,-31.996932,12.41));
#9899=CARTESIAN_POINT('',(116.6598,-31.996932,12.41));
#9900=CARTESIAN_POINT('',(116.6598,-26.996932,12.41));
#9901=CARTESIAN_POINT('',(102.6598,-26.996932,12.41));
#9902=CARTESIAN_POINT('',(116.6598,-26.996932,12.41));
#9903=CARTESIAN_POINT('',(102.6598,-12.996932,12.41));
#9904=CARTESIAN_POINT('',(102.6598,-19.996932,12.41));
#9905=CARTESIAN_POINT('',(116.6598,-12.996932,12.41));
#9906=CARTESIAN_POINT('',(102.6598,-12.996932,12.41));
#9907=CARTESIAN_POINT('',(116.6598,-12.996932,12.41));
#9908=CARTESIAN_POINT('',(135.6598,-26.996932,12.41));
#9909=CARTESIAN_POINT('',(121.6598,-26.996932,12.41));
#9910=CARTESIAN_POINT('',(135.6598,-26.996932,12.41));
#9911=CARTESIAN_POINT('',(121.6598,-12.996932,12.41));
#9912=CARTESIAN_POINT('',(121.6598,-19.996932,12.41));
#9913=CARTESIAN_POINT('',(135.6598,-12.996932,12.41));
#9914=CARTESIAN_POINT('',(121.6598,-12.996932,12.41));
#9915=CARTESIAN_POINT('',(135.6598,-12.996932,12.41));
#9916=CARTESIAN_POINT('',(97.6598,-60.246932,12.41));
#9917=CARTESIAN_POINT('',(83.6598,-60.246932,12.41));
#9918=CARTESIAN_POINT('',(97.6598,-60.246932,12.41));
#9919=CARTESIAN_POINT('',(83.6598,-46.246932,12.41));
#9920=CARTESIAN_POINT('',(83.6598,-53.246932,12.41));
#9921=CARTESIAN_POINT('',(97.6598,-46.246932,12.41));
#9922=CARTESIAN_POINT('',(83.6598,-46.246932,12.41));
#9923=CARTESIAN_POINT('',(97.6598,-46.246932,12.41));
#9924=CARTESIAN_POINT('',(78.6598,-38.871932,12.41));
#9925=CARTESIAN_POINT('',(64.6598,-38.871932,12.41));
#9926=CARTESIAN_POINT('',(78.6598,-38.871932,12.41));
#9927=CARTESIAN_POINT('',(64.6598,-24.871932,12.41));
#9928=CARTESIAN_POINT('',(64.6598,-31.871932,12.41));
#9929=CARTESIAN_POINT('',(78.6598,-24.871932,12.41));
#9930=CARTESIAN_POINT('',(64.6598,-24.871932,12.41));
#9931=CARTESIAN_POINT('',(78.6598,-24.871932,12.41));
#9932=CARTESIAN_POINT('',(135.6598,-45.996932,12.41));
#9933=CARTESIAN_POINT('',(121.6598,-45.996932,12.41));
#9934=CARTESIAN_POINT('',(135.6598,-45.996932,12.41));
#9935=CARTESIAN_POINT('',(121.6598,-31.996932,12.41));
#9936=CARTESIAN_POINT('',(121.6598,-38.996932,12.41));
#9937=CARTESIAN_POINT('',(135.6598,-31.996932,12.41));
#9938=CARTESIAN_POINT('',(121.6598,-31.996932,12.41));
#9939=CARTESIAN_POINT('',(135.6598,-31.996932,12.41));
#9940=CARTESIAN_POINT('Origin',(43.1898,-25.997432,6.26));
#9941=CARTESIAN_POINT('',(42.2898,-25.997432,6.41));
#9942=CARTESIAN_POINT('',(44.0898,-25.997432,6.41));
#9943=CARTESIAN_POINT('Origin',(43.1898,-25.997432,6.41));
#9944=CARTESIAN_POINT('Origin',(43.1898,-25.997432,6.41));
#9945=CARTESIAN_POINT('',(41.9898,-25.997432,6.11));
#9946=CARTESIAN_POINT('',(42.1398,-25.997432,6.26));
#9947=CARTESIAN_POINT('Origin',(43.1898,-25.997432,6.11));
#9948=CARTESIAN_POINT('Origin',(43.1898,-25.997432,6.11));
#9949=CARTESIAN_POINT('',(44.9898,-25.997432,6.11));
#9950=CARTESIAN_POINT('Origin',(43.1898,-25.997432,6.11));
#9951=CARTESIAN_POINT('Origin',(43.1898,-25.997432,7.61));
#9952=CARTESIAN_POINT('',(44.0898,-25.997432,11.11));
#9953=CARTESIAN_POINT('',(44.0898,-25.997432,7.61));
#9954=CARTESIAN_POINT('Origin',(43.1898,-25.997432,11.11));
#9955=CARTESIAN_POINT('Origin',(76.0008,-65.752432,6.26));
#9956=CARTESIAN_POINT('',(75.1008,-65.752432,6.41));
#9957=CARTESIAN_POINT('',(76.9008,-65.752432,6.41));
#9958=CARTESIAN_POINT('Origin',(76.0008,-65.752432,6.41));
#9959=CARTESIAN_POINT('Origin',(76.0008,-65.752432,6.41));
#9960=CARTESIAN_POINT('',(74.8008,-65.752432,6.11));
#9961=CARTESIAN_POINT('',(74.9508,-65.752432,6.26));
#9962=CARTESIAN_POINT('Origin',(76.0008,-65.752432,6.11));
#9963=CARTESIAN_POINT('Origin',(76.0008,-65.752432,6.11));
#9964=CARTESIAN_POINT('',(77.8008,-65.752432,6.11));
#9965=CARTESIAN_POINT('Origin',(76.0008,-65.752432,6.11));
#9966=CARTESIAN_POINT('Origin',(76.0008,-65.752432,7.61));
#9967=CARTESIAN_POINT('',(76.9008,-65.752432,11.11));
#9968=CARTESIAN_POINT('',(76.9008,-65.752432,7.61));
#9969=CARTESIAN_POINT('Origin',(76.0008,-65.752432,11.11));
#9970=CARTESIAN_POINT('Origin',(119.1448,-29.487432,6.26));
#9971=CARTESIAN_POINT('',(118.2448,-29.487432,6.41));
#9972=CARTESIAN_POINT('',(120.0448,-29.487432,6.41));
#9973=CARTESIAN_POINT('Origin',(119.1448,-29.487432,6.41));
#9974=CARTESIAN_POINT('Origin',(119.1448,-29.487432,6.41));
#9975=CARTESIAN_POINT('',(117.9448,-29.487432,6.11));
#9976=CARTESIAN_POINT('',(118.0948,-29.487432,6.26));
#9977=CARTESIAN_POINT('Origin',(119.1448,-29.487432,6.11));
#9978=CARTESIAN_POINT('Origin',(119.1448,-29.487432,6.11));
#9979=CARTESIAN_POINT('',(120.9448,-29.487432,6.11));
#9980=CARTESIAN_POINT('Origin',(119.1448,-29.487432,6.11));
#9981=CARTESIAN_POINT('Origin',(119.1448,-29.487432,7.61));
#9982=CARTESIAN_POINT('',(120.0448,-29.487432,11.11));
#9983=CARTESIAN_POINT('',(120.0448,-29.487432,7.61));
#9984=CARTESIAN_POINT('Origin',(119.1448,-29.487432,11.11));
#9985=CARTESIAN_POINT('Origin',(119.1448,-48.487432,6.26));
#9986=CARTESIAN_POINT('',(118.2448,-48.487432,6.41));
#9987=CARTESIAN_POINT('',(120.0448,-48.487432,6.41));
#9988=CARTESIAN_POINT('Origin',(119.1448,-48.487432,6.41));
#9989=CARTESIAN_POINT('Origin',(119.1448,-48.487432,6.41));
#9990=CARTESIAN_POINT('',(117.9448,-48.487432,6.11));
#9991=CARTESIAN_POINT('',(118.0948,-48.487432,6.26));
#9992=CARTESIAN_POINT('Origin',(119.1448,-48.487432,6.11));
#9993=CARTESIAN_POINT('Origin',(119.1448,-48.487432,6.11));
#9994=CARTESIAN_POINT('',(120.9448,-48.487432,6.11));
#9995=CARTESIAN_POINT('Origin',(119.1448,-48.487432,6.11));
#9996=CARTESIAN_POINT('Origin',(119.1448,-48.487432,7.61));
#9997=CARTESIAN_POINT('',(120.0448,-48.487432,11.11));
#9998=CARTESIAN_POINT('',(120.0448,-48.487432,7.61));
#9999=CARTESIAN_POINT('Origin',(119.1448,-48.487432,11.11));
#10000=CARTESIAN_POINT('Origin',(119.1448,-29.487432,6.26));
#10001=CARTESIAN_POINT('',(121.2448,-29.487432,6.41));
#10002=CARTESIAN_POINT('Origin',(119.1448,-29.487432,6.41));
#10003=CARTESIAN_POINT('',(121.0948,-29.487432,6.26));
#10004=CARTESIAN_POINT('Origin',(119.1448,-29.487432,7.41));
#10005=CARTESIAN_POINT('',(117.0448,-29.487432,7.41));
#10006=CARTESIAN_POINT('',(121.2448,-29.487432,7.41));
#10007=CARTESIAN_POINT('Origin',(119.1448,-29.487432,7.41));
#10008=CARTESIAN_POINT('Origin',(119.1448,-29.487432,7.41));
#10009=CARTESIAN_POINT('',(121.2448,-29.487432,7.41));
#10010=CARTESIAN_POINT('Origin',(119.1448,-48.487432,6.26));
#10011=CARTESIAN_POINT('',(121.2448,-48.487432,6.41));
#10012=CARTESIAN_POINT('Origin',(119.1448,-48.487432,6.41));
#10013=CARTESIAN_POINT('',(121.0948,-48.487432,6.26));
#10014=CARTESIAN_POINT('Origin',(119.1448,-48.487432,7.41));
#10015=CARTESIAN_POINT('',(117.0448,-48.487432,7.41));
#10016=CARTESIAN_POINT('',(121.2448,-48.487432,7.41));
#10017=CARTESIAN_POINT('Origin',(119.1448,-48.487432,7.41));
#10018=CARTESIAN_POINT('Origin',(119.1448,-48.487432,7.41));
#10019=CARTESIAN_POINT('',(121.2448,-48.487432,7.41));
#10020=CARTESIAN_POINT('Origin',(43.1898,-25.997432,6.26));
#10021=CARTESIAN_POINT('',(45.2898,-25.997432,6.41));
#10022=CARTESIAN_POINT('Origin',(43.1898,-25.997432,6.41));
#10023=CARTESIAN_POINT('',(45.1398,-25.997432,6.26));
#10024=CARTESIAN_POINT('Origin',(43.1898,-25.997432,7.41));
#10025=CARTESIAN_POINT('',(41.0898,-25.997432,7.41));
#10026=CARTESIAN_POINT('',(45.2898,-25.997432,7.41));
#10027=CARTESIAN_POINT('Origin',(43.1898,-25.997432,7.41));
#10028=CARTESIAN_POINT('Origin',(43.1898,-25.997432,7.41));
#10029=CARTESIAN_POINT('',(45.2898,-25.997432,7.41));
#10030=CARTESIAN_POINT('Origin',(76.0008,-65.752432,6.26));
#10031=CARTESIAN_POINT('',(78.1008,-65.752432,6.41));
#10032=CARTESIAN_POINT('Origin',(76.0008,-65.752432,6.41));
#10033=CARTESIAN_POINT('',(77.9508,-65.752432,6.26));
#10034=CARTESIAN_POINT('Origin',(76.0008,-65.752432,7.41));
#10035=CARTESIAN_POINT('',(73.9008,-65.752432,7.41));
#10036=CARTESIAN_POINT('',(78.1008,-65.752432,7.41));
#10037=CARTESIAN_POINT('Origin',(76.0008,-65.752432,7.41));
#10038=CARTESIAN_POINT('Origin',(76.0008,-65.752432,7.41));
#10039=CARTESIAN_POINT('',(78.1008,-65.752432,7.41));
#10040=CARTESIAN_POINT('Origin',(29.4348,-73.366932,6.26));
#10041=CARTESIAN_POINT('',(31.5348,-73.366932,6.41));
#10042=CARTESIAN_POINT('Origin',(29.4348,-73.366932,6.41));
#10043=CARTESIAN_POINT('',(31.2348,-73.366932,6.11));
#10044=CARTESIAN_POINT('',(31.3848,-73.366932,6.26));
#10045=CARTESIAN_POINT('Origin',(29.4348,-73.366932,6.11));
#10046=CARTESIAN_POINT('Origin',(29.4348,-73.366932,6.11));
#10047=CARTESIAN_POINT('',(28.2348,-73.366932,6.11));
#10048=CARTESIAN_POINT('Origin',(29.4348,-73.366932,6.11));
#10049=CARTESIAN_POINT('Origin',(29.4348,-73.366932,7.41));
#10050=CARTESIAN_POINT('',(27.3348,-73.366932,7.41));
#10051=CARTESIAN_POINT('',(31.5348,-73.366932,7.41));
#10052=CARTESIAN_POINT('Origin',(29.4348,-73.366932,7.41));
#10053=CARTESIAN_POINT('Origin',(29.4348,-73.366932,7.41));
#10054=CARTESIAN_POINT('',(31.5348,-73.366932,7.41));
#10055=CARTESIAN_POINT('Origin',(29.4348,-73.366932,6.26));
#10056=CARTESIAN_POINT('',(28.5348,-73.366932,6.41));
#10057=CARTESIAN_POINT('',(30.3348,-73.366932,6.41));
#10058=CARTESIAN_POINT('Origin',(29.4348,-73.366932,6.41));
#10059=CARTESIAN_POINT('Origin',(29.4348,-73.366932,6.41));
#10060=CARTESIAN_POINT('',(28.3848,-73.366932,6.26));
#10061=CARTESIAN_POINT('Origin',(29.4348,-73.366932,7.61));
#10062=CARTESIAN_POINT('',(30.3348,-73.366932,11.11));
#10063=CARTESIAN_POINT('',(30.3348,-73.366932,7.61));
#10064=CARTESIAN_POINT('Origin',(29.4348,-73.366932,11.11));
#10065=CARTESIAN_POINT('Origin',(3.00013805021931,-10.5001012814294,10.91));
#10066=CARTESIAN_POINT('',(3.00052360996228,-71.5886093113999,10.91));
#10067=CARTESIAN_POINT('Origin',(29.4348,-73.366932,8.81));
#10068=CARTESIAN_POINT('',(26.5848,-73.366932,8.81));
#10069=CARTESIAN_POINT('Ctrl Pts',(26.7719599463841,-75.7895922834197,10.21));
#10070=CARTESIAN_POINT('Ctrl Pts',(26.3886274174337,-75.1256410529955,9.90522774452346));
#10071=CARTESIAN_POINT('Ctrl Pts',(26.0052948884833,-74.4616898225713,10.21));
#10072=CARTESIAN_POINT('Origin',(43.1898,-25.997432,8.81));
#10073=CARTESIAN_POINT('',(40.3398,-25.997432,8.81));
#10074=CARTESIAN_POINT('',(40.6528,-24.626932,8.87255501989736));
#10075=CARTESIAN_POINT('Ctrl Pts',(39.860876788215,-24.626932,10.2099999999898));
#10076=CARTESIAN_POINT('Ctrl Pts',(40.3005958371632,-24.626932,9.45099728584402));
#10077=CARTESIAN_POINT('Ctrl Pts',(40.6528000000001,-24.626932,8.8725550198972));
#10078=CARTESIAN_POINT('Ctrl Pts',(40.6528,-24.626932,8.87255501989736));
#10079=CARTESIAN_POINT('Ctrl Pts',(40.6528,-24.1005136308284,9.33959616454138));
#10080=CARTESIAN_POINT('Ctrl Pts',(40.6528,-23.4432920273863,10.209999999923));
#10081=CARTESIAN_POINT('',(45.6598,-27.246932,8.65704333938773));
#10082=CARTESIAN_POINT('Ctrl Pts',(46.5660034521036,-27.246932,10.209999999999));
#10083=CARTESIAN_POINT('Ctrl Pts',(46.0537072465402,-27.246932,9.31316196117969));
#10084=CARTESIAN_POINT('Ctrl Pts',(45.6598,-27.246932,8.65704333938766));
#10085=CARTESIAN_POINT('Ctrl Pts',(45.6598,-27.2469319999842,8.65704333937443));
#10086=CARTESIAN_POINT('Ctrl Pts',(45.6598,-27.8422192785287,9.15863961411592));
#10087=CARTESIAN_POINT('Ctrl Pts',(45.6598,-28.6164203542799,10.209999999962));
#10088=CARTESIAN_POINT('Origin',(76.0008,-65.752432,8.81));
#10089=CARTESIAN_POINT('',(73.1508,-65.752432,8.81));
#10090=CARTESIAN_POINT('Origin',(119.1448,-48.487432,8.81));
#10091=CARTESIAN_POINT('',(116.2948,-48.487432,8.81));
#10092=CARTESIAN_POINT('',(116.6598,-45.996932,10.0573289534042));
#10093=CARTESIAN_POINT('Ctrl Pts',(116.545298172718,-45.996932,10.2100000000108));
#10094=CARTESIAN_POINT('Ctrl Pts',(116.603206897792,-45.996932,10.1319454180462));
#10095=CARTESIAN_POINT('Ctrl Pts',(116.6598,-45.996932,10.0573289534042));
#10096=CARTESIAN_POINT('',(116.6598,-45.8826719342742,10.21));
#10097=CARTESIAN_POINT('Ctrl Pts',(116.6598,-45.9969319999319,10.0573289534943));
#10098=CARTESIAN_POINT('Ctrl Pts',(116.6598,-45.9404583896349,10.1319526697157));
#10099=CARTESIAN_POINT('Ctrl Pts',(116.6598,-45.8826719343073,10.2099999999553));
#10100=CARTESIAN_POINT('',(121.6598,-45.9116263008061,10.21));
#10101=CARTESIAN_POINT('Origin',(119.1448,-48.487432,10.21));
#10102=CARTESIAN_POINT('',(121.6598,-45.996932,10.0970020621223));
#10103=CARTESIAN_POINT('Ctrl Pts',(121.6598,-45.9116263008061,10.21));
#10104=CARTESIAN_POINT('Ctrl Pts',(121.6598,-45.9546407984336,10.1525497098549));
#10105=CARTESIAN_POINT('Ctrl Pts',(121.6598,-45.996932,10.0970020621223));
#10106=CARTESIAN_POINT('Ctrl Pts',(121.65979999991,-45.996932,10.0970020620032));
#10107=CARTESIAN_POINT('Ctrl Pts',(121.701692673507,-45.996932,10.1525675547016));
#10108=CARTESIAN_POINT('Ctrl Pts',(121.744301827239,-45.996932,10.2099999999524));
#10109=CARTESIAN_POINT('',(121.6598,-50.996932,10.1220056145265));
#10110=CARTESIAN_POINT('Ctrl Pts',(121.725964417467,-50.996932,10.21));
#10111=CARTESIAN_POINT('Ctrl Pts',(121.692664185411,-50.996932,10.1654315838118));
#10112=CARTESIAN_POINT('Ctrl Pts',(121.6598,-50.996932,10.1220056145265));
#10113=CARTESIAN_POINT('Ctrl Pts',(121.6598,-50.996932000091,10.1220056146465));
#10114=CARTESIAN_POINT('Ctrl Pts',(121.6598,-51.0298663607498,10.1654291417574));
#10115=CARTESIAN_POINT('Ctrl Pts',(121.6598,-51.0632376991479,10.2099999999384));
#10116=CARTESIAN_POINT('',(116.6598,-50.996932,10.0824829771828));
#10117=CARTESIAN_POINT('Ctrl Pts',(116.6598,-51.0921920657359,10.2100000000136));
#10118=CARTESIAN_POINT('Ctrl Pts',(116.6598,-51.0441057964169,10.1450538994043));
#10119=CARTESIAN_POINT('Ctrl Pts',(116.6598,-50.996932,10.0824829771828));
#10120=CARTESIAN_POINT('Ctrl Pts',(116.659799999939,-50.996932,10.0824829772629));
#10121=CARTESIAN_POINT('Ctrl Pts',(116.61217835899,-50.996932,10.1450312436144));
#10122=CARTESIAN_POINT('Ctrl Pts',(116.563635582576,-50.996932,10.2099999999419));
#10123=CARTESIAN_POINT('Origin',(70.8750019971573,-50.0426331063095,10.21));
#10124=CARTESIAN_POINT('',(116.6598,-32.0921920657259,10.21));
#10125=CARTESIAN_POINT('',(116.6598,-45.996932,10.21));
#10126=CARTESIAN_POINT('',(121.6598,-32.063237699194,10.21));
#10127=CARTESIAN_POINT('Origin',(119.1448,-29.487432,10.21));
#10128=CARTESIAN_POINT('',(121.6598,-31.996932,10.21));
#10129=CARTESIAN_POINT('Origin',(119.1448,-29.487432,8.81));
#10130=CARTESIAN_POINT('',(116.2948,-29.487432,8.81));
#10131=CARTESIAN_POINT('',(116.6598,-26.996932,10.0573289534043));
#10132=CARTESIAN_POINT('Ctrl Pts',(116.545298172718,-26.996932,10.2100000000108));
#10133=CARTESIAN_POINT('Ctrl Pts',(116.603206897792,-26.996932,10.1319454180462));
#10134=CARTESIAN_POINT('Ctrl Pts',(116.6598,-26.996932,10.0573289534043));
#10135=CARTESIAN_POINT('Ctrl Pts',(116.6598,-26.9969319999319,10.0573289534943));
#10136=CARTESIAN_POINT('Ctrl Pts',(116.6598,-26.9404583896349,10.1319526697157));
#10137=CARTESIAN_POINT('Ctrl Pts',(116.6598,-26.8826719343073,10.2099999999552));
#10138=CARTESIAN_POINT('',(121.6598,-26.996932,10.0970020621223));
#10139=CARTESIAN_POINT('Ctrl Pts',(121.6598,-26.9116263008061,10.21));
#10140=CARTESIAN_POINT('Ctrl Pts',(121.6598,-26.9546407984336,10.1525497098549));
#10141=CARTESIAN_POINT('Ctrl Pts',(121.6598,-26.996932,10.0970020621223));
#10142=CARTESIAN_POINT('Ctrl Pts',(121.65979999991,-26.996932,10.0970020620033));
#10143=CARTESIAN_POINT('Ctrl Pts',(121.701692673507,-26.996932,10.1525675547016));
#10144=CARTESIAN_POINT('Ctrl Pts',(121.744301827239,-26.996932,10.2099999999526));
#10145=CARTESIAN_POINT('',(121.6598,-31.996932,10.1220056145265));
#10146=CARTESIAN_POINT('Ctrl Pts',(121.725964417467,-31.996932,10.21));
#10147=CARTESIAN_POINT('Ctrl Pts',(121.692664185411,-31.996932,10.1654315838118));
#10148=CARTESIAN_POINT('Ctrl Pts',(121.6598,-31.996932,10.1220056145265));
#10149=CARTESIAN_POINT('Ctrl Pts',(121.6598,-31.996932000091,10.1220056146465));
#10150=CARTESIAN_POINT('Ctrl Pts',(121.6598,-32.0298663607497,10.1654291417574));
#10151=CARTESIAN_POINT('Ctrl Pts',(121.6598,-32.0632376991478,10.2099999999384));
#10152=CARTESIAN_POINT('',(116.6598,-31.996932,10.0824829771828));
#10153=CARTESIAN_POINT('Ctrl Pts',(116.6598,-32.0921920657359,10.2100000000136));
#10154=CARTESIAN_POINT('Ctrl Pts',(116.6598,-32.0441057964169,10.1450538994043));
#10155=CARTESIAN_POINT('Ctrl Pts',(116.6598,-31.996932,10.0824829771828));
#10156=CARTESIAN_POINT('Ctrl Pts',(116.659799999939,-31.996932,10.0824829772629));
#10157=CARTESIAN_POINT('Ctrl Pts',(116.61217835899,-31.996932,10.1450312436143));
#10158=CARTESIAN_POINT('Ctrl Pts',(116.563635582576,-31.996932,10.2099999999418));
#10159=CARTESIAN_POINT('Origin',(106.6598,-66.596932,10.91));
#10160=CARTESIAN_POINT('',(112.6598,-66.596932,10.91));
#10161=CARTESIAN_POINT('',(106.6598,-66.596932,10.91));
#10162=CARTESIAN_POINT('',(88.7674009985787,-66.596932,10.91));
#10163=CARTESIAN_POINT('',(112.6598,-66.596932,10.91));
#10164=CARTESIAN_POINT('',(106.6598,-66.596932,10.91));
#10165=CARTESIAN_POINT('Origin',(106.6598,-64.996932,10.91));
#10166=CARTESIAN_POINT('',(106.6598,-64.996932,10.91));
#10167=CARTESIAN_POINT('',(106.6598,-57.5197825531548,10.91));
#10168=CARTESIAN_POINT('',(106.6598,-64.996932,10.91));
#10169=CARTESIAN_POINT('Origin',(106.6598,-49.396932,10.91));
#10170=CARTESIAN_POINT('',(106.6598,-50.996932,10.91));
#10171=CARTESIAN_POINT('',(106.6598,-49.396932,10.91));
#10172=CARTESIAN_POINT('',(106.6598,-49.7197825531548,10.91));
#10173=CARTESIAN_POINT('',(106.6598,-50.996932,10.91));
#10174=CARTESIAN_POINT('',(106.6598,-49.396932,10.91));
#10175=CARTESIAN_POINT('Origin',(112.6598,-49.396932,10.91));
#10176=CARTESIAN_POINT('',(112.6598,-49.396932,10.91));
#10177=CARTESIAN_POINT('',(91.7674009985787,-49.396932,10.91));
#10178=CARTESIAN_POINT('',(112.6598,-49.396932,10.91));
#10179=CARTESIAN_POINT('Origin',(112.6598,-50.996932,10.91));
#10180=CARTESIAN_POINT('',(112.6598,-50.996932,10.91));
#10181=CARTESIAN_POINT('',(112.6598,-50.5197825531548,10.91));
#10182=CARTESIAN_POINT('',(112.6598,-50.996932,10.91));
#10183=CARTESIAN_POINT('Origin',(112.6598,-66.596932,10.91));
#10184=CARTESIAN_POINT('',(112.6598,-64.996932,10.91));
#10185=CARTESIAN_POINT('',(112.6598,-58.3197825531548,10.91));
#10186=CARTESIAN_POINT('',(112.6598,-64.996932,10.91));
#10187=CARTESIAN_POINT('Origin',(36.0361788371893,-68.0914269787844,10.91));
#10188=CARTESIAN_POINT('',(36.4502892981139,-69.6369083038585,10.91));
#10189=CARTESIAN_POINT('',(36.0361788371893,-68.0914269787844,10.91));
#10190=CARTESIAN_POINT('',(34.9469589129964,-64.0264027628286,10.91));
#10191=CARTESIAN_POINT('',(36.4502892981139,-69.6369083038585,10.91));
#10192=CARTESIAN_POINT('',(36.0361788371893,-68.0914269787844,10.91));
#10193=CARTESIAN_POINT('Origin',(41.8317338062173,-66.5385127503173,10.91));
#10194=CARTESIAN_POINT('',(41.8317338062173,-66.5385127503173,10.91));
#10195=CARTESIAN_POINT('',(57.4425878258803,-62.3555971442692,10.91));
#10196=CARTESIAN_POINT('',(41.8317338062173,-66.5385127503173,10.91));
#10197=CARTESIAN_POINT('Origin',(42.2458442671418,-68.0839940753914,10.91));
#10198=CARTESIAN_POINT('',(42.2458442671418,-68.0839940753914,10.91));
#10199=CARTESIAN_POINT('',(40.9495691124866,-63.2462291968986,10.91));
#10200=CARTESIAN_POINT('',(42.2458442671418,-68.0839940753914,10.91));
#10201=CARTESIAN_POINT('Origin',(46.2834212611562,-83.152436994864,10.91));
#10202=CARTESIAN_POINT('',(45.8693108002316,-81.60695566979,10.91));
#10203=CARTESIAN_POINT('',(46.2834212611562,-83.152436994864,10.91));
#10204=CARTESIAN_POINT('',(42.9683576094938,-70.7804506566349,10.91));
#10205=CARTESIAN_POINT('',(45.8693108002316,-81.60695566979,10.91));
#10206=CARTESIAN_POINT('',(46.2834212611562,-83.152436994864,10.91));
#10207=CARTESIAN_POINT('Origin',(40.4878662921283,-84.7053512233311,10.91));
#10208=CARTESIAN_POINT('',(40.4878662921283,-84.7053512233311,10.91));
#10209=CARTESIAN_POINT('',(58.9964977963053,-79.7459785030494,10.91));
#10210=CARTESIAN_POINT('',(40.4878662921283,-84.7053512233311,10.91));
#10211=CARTESIAN_POINT('Origin',(40.0737558312037,-83.159869898257,10.91));
#10212=CARTESIAN_POINT('',(40.0737558312037,-83.159869898257,10.91));
#10213=CARTESIAN_POINT('',(36.9657474100035,-71.560624222565,10.91));
#10214=CARTESIAN_POINT('',(40.0737558312037,-83.159869898257,10.91));
#10215=CARTESIAN_POINT('Origin',(87.6598,-6.64693200000001,10.91));
#10216=CARTESIAN_POINT('',(87.6598,-8.24693200000001,10.91));
#10217=CARTESIAN_POINT('',(87.6598,-6.64693200000001,10.91));
#10218=CARTESIAN_POINT('',(87.6598,-28.3447825531548,10.91));
#10219=CARTESIAN_POINT('',(87.6598,-8.24693200000001,10.91));
#10220=CARTESIAN_POINT('',(87.6598,-6.64693200000001,10.91));
#10221=CARTESIAN_POINT('Origin',(93.6598,-6.64693200000001,10.91));
#10222=CARTESIAN_POINT('',(93.6598,-6.64693200000001,10.91));
#10223=CARTESIAN_POINT('',(82.2674009985787,-6.64693200000001,10.91));
#10224=CARTESIAN_POINT('',(93.6598,-6.64693200000001,10.91));
#10225=CARTESIAN_POINT('Origin',(93.6598,-8.24693200000001,10.91));
#10226=CARTESIAN_POINT('',(93.6598,-8.24693200000001,10.91));
#10227=CARTESIAN_POINT('',(93.6598,-29.1447825531548,10.91));
#10228=CARTESIAN_POINT('',(93.6598,-8.24693200000001,10.91));
#10229=CARTESIAN_POINT('Origin',(93.6598,-23.846932,10.91));
#10230=CARTESIAN_POINT('',(93.6598,-22.246932,10.91));
#10231=CARTESIAN_POINT('',(93.6598,-23.846932,10.91));
#10232=CARTESIAN_POINT('',(93.6598,-36.9447825531548,10.91));
#10233=CARTESIAN_POINT('',(93.6598,-22.246932,10.91));
#10234=CARTESIAN_POINT('',(93.6598,-23.846932,10.91));
#10235=CARTESIAN_POINT('Origin',(87.6598,-23.846932,10.91));
#10236=CARTESIAN_POINT('',(87.6598,-23.846932,10.91));
#10237=CARTESIAN_POINT('',(79.2674009985787,-23.846932,10.91));
#10238=CARTESIAN_POINT('',(87.6598,-23.846932,10.91));
#10239=CARTESIAN_POINT('Origin',(87.6598,-22.246932,10.91));
#10240=CARTESIAN_POINT('',(87.6598,-22.246932,10.91));
#10241=CARTESIAN_POINT('',(87.6598,-36.1447825531548,10.91));
#10242=CARTESIAN_POINT('',(87.6598,-22.246932,10.91));
#10243=CARTESIAN_POINT('Origin',(30.6528,-45.221932,10.91));
#10244=CARTESIAN_POINT('',(36.6528,-45.221932,10.91));
#10245=CARTESIAN_POINT('',(30.6528,-45.221932,10.91));
#10246=CARTESIAN_POINT('',(50.7639009985787,-45.221932,10.91));
#10247=CARTESIAN_POINT('',(36.6528,-45.221932,10.91));
#10248=CARTESIAN_POINT('',(30.6528,-45.221932,10.91));
#10249=CARTESIAN_POINT('Origin',(30.6528,-43.621932,10.91));
#10250=CARTESIAN_POINT('',(30.6528,-43.621932,10.91));
#10251=CARTESIAN_POINT('',(30.6528,-46.8322825531548,10.91));
#10252=CARTESIAN_POINT('',(30.6528,-43.621932,10.91));
#10253=CARTESIAN_POINT('Origin',(30.6528,-28.021932,10.91));
#10254=CARTESIAN_POINT('',(30.6528,-29.621932,10.91));
#10255=CARTESIAN_POINT('',(30.6528,-28.021932,10.91));
#10256=CARTESIAN_POINT('',(30.6528,-39.0322825531548,10.91));
#10257=CARTESIAN_POINT('',(30.6528,-29.621932,10.91));
#10258=CARTESIAN_POINT('',(30.6528,-28.021932,10.91));
#10259=CARTESIAN_POINT('Origin',(36.6528,-28.021932,10.91));
#10260=CARTESIAN_POINT('',(36.6528,-28.021932,10.91));
#10261=CARTESIAN_POINT('',(53.7639009985787,-28.021932,10.91));
#10262=CARTESIAN_POINT('',(36.6528,-28.021932,10.91));
#10263=CARTESIAN_POINT('Origin',(36.6528,-29.621932,10.91));
#10264=CARTESIAN_POINT('',(36.6528,-29.621932,10.91));
#10265=CARTESIAN_POINT('',(36.6528,-39.8322825531548,10.91));
#10266=CARTESIAN_POINT('',(36.6528,-29.621932,10.91));
#10267=CARTESIAN_POINT('Origin',(36.6528,-45.221932,10.91));
#10268=CARTESIAN_POINT('',(36.6528,-43.621932,10.91));
#10269=CARTESIAN_POINT('',(36.6528,-47.6322825531548,10.91));
#10270=CARTESIAN_POINT('',(36.6528,-43.621932,10.91));
#10271=CARTESIAN_POINT('Origin',(68.6598,-21.4719241367661,10.91));
#10272=CARTESIAN_POINT('',(74.6598,-21.4719241367661,10.91));
#10273=CARTESIAN_POINT('',(68.6598,-21.4719241367661,10.91));
#10274=CARTESIAN_POINT('',(69.7674009985787,-21.4719241367661,10.91));
#10275=CARTESIAN_POINT('',(74.6598,-21.4719241367661,10.91));
#10276=CARTESIAN_POINT('',(68.6598,-21.4719241367661,10.91));
#10277=CARTESIAN_POINT('Origin',(68.6598,-19.871932,10.91));
#10278=CARTESIAN_POINT('',(68.6598,-19.871932,10.91));
#10279=CARTESIAN_POINT('',(68.6598,-34.9572825531548,10.91));
#10280=CARTESIAN_POINT('',(68.6598,-19.871932,10.91));
#10281=CARTESIAN_POINT('Origin',(68.6598,-4.27193200000001,10.91));
#10282=CARTESIAN_POINT('',(68.6598,-5.87193200000001,10.91));
#10283=CARTESIAN_POINT('',(68.6598,-4.27193200000001,10.91));
#10284=CARTESIAN_POINT('',(68.6598,-27.1572825531548,10.91));
#10285=CARTESIAN_POINT('',(68.6598,-5.87193200000001,10.91));
#10286=CARTESIAN_POINT('',(68.6598,-4.27193200000001,10.91));
#10287=CARTESIAN_POINT('Origin',(74.6598,-4.27193200000001,10.91));
#10288=CARTESIAN_POINT('',(74.6598,-4.27193200000001,10.91));
#10289=CARTESIAN_POINT('',(72.7674009985787,-4.27193200000001,10.91));
#10290=CARTESIAN_POINT('',(74.6598,-4.27193200000001,10.91));
#10291=CARTESIAN_POINT('Origin',(74.6598,-5.87193200000001,10.91));
#10292=CARTESIAN_POINT('',(74.6598,-5.87193200000001,10.91));
#10293=CARTESIAN_POINT('',(74.6598,-27.9572825531548,10.91));
#10294=CARTESIAN_POINT('',(74.6598,-5.87193200000001,10.91));
#10295=CARTESIAN_POINT('Origin',(74.6598,-21.4719241367661,10.91));
#10296=CARTESIAN_POINT('',(74.6598,-19.871932,10.91));
#10297=CARTESIAN_POINT('',(74.6598,-35.7572786215378,10.91));
#10298=CARTESIAN_POINT('',(74.6598,-19.871932,10.91));
#10299=CARTESIAN_POINT('Origin',(125.6598,-66.596932,10.91));
#10300=CARTESIAN_POINT('',(131.6598,-66.596932,10.91));
#10301=CARTESIAN_POINT('',(125.6598,-66.596932,10.91));
#10302=CARTESIAN_POINT('',(98.2674009985787,-66.596932,10.91));
#10303=CARTESIAN_POINT('',(131.6598,-66.596932,10.91));
#10304=CARTESIAN_POINT('',(125.6598,-66.596932,10.91));
#10305=CARTESIAN_POINT('Origin',(125.6598,-64.996932,10.91));
#10306=CARTESIAN_POINT('',(125.6598,-64.996932,10.91));
#10307=CARTESIAN_POINT('',(125.6598,-57.5197825531548,10.91));
#10308=CARTESIAN_POINT('',(125.6598,-64.996932,10.91));
#10309=CARTESIAN_POINT('Origin',(125.6598,-49.396932,10.91));
#10310=CARTESIAN_POINT('',(125.6598,-50.996932,10.91));
#10311=CARTESIAN_POINT('',(125.6598,-49.396932,10.91));
#10312=CARTESIAN_POINT('',(125.6598,-49.7197825531548,10.91));
#10313=CARTESIAN_POINT('',(125.6598,-50.996932,10.91));
#10314=CARTESIAN_POINT('',(125.6598,-49.396932,10.91));
#10315=CARTESIAN_POINT('Origin',(131.6598,-49.396932,10.91));
#10316=CARTESIAN_POINT('',(131.6598,-49.396932,10.91));
#10317=CARTESIAN_POINT('',(101.267400998579,-49.396932,10.91));
#10318=CARTESIAN_POINT('',(131.6598,-49.396932,10.91));
#10319=CARTESIAN_POINT('Origin',(131.6598,-50.996932,10.91));
#10320=CARTESIAN_POINT('',(131.6598,-50.996932,10.91));
#10321=CARTESIAN_POINT('',(131.6598,-50.5197825531548,10.91));
#10322=CARTESIAN_POINT('',(131.6598,-50.996932,10.91));
#10323=CARTESIAN_POINT('Origin',(131.6598,-66.596932,10.91));
#10324=CARTESIAN_POINT('',(131.6598,-64.996932,10.91));
#10325=CARTESIAN_POINT('',(131.6598,-58.3197825531548,10.91));
#10326=CARTESIAN_POINT('',(131.6598,-64.996932,10.91));
#10327=CARTESIAN_POINT('Origin',(93.6598,-44.646932,10.91));
#10328=CARTESIAN_POINT('',(87.6598,-44.646932,10.91));
#10329=CARTESIAN_POINT('',(93.6598,-44.646932,10.91));
#10330=CARTESIAN_POINT('',(82.2674009985787,-44.646932,10.91));
#10331=CARTESIAN_POINT('',(87.6598,-44.646932,10.91));
#10332=CARTESIAN_POINT('',(93.6598,-44.646932,10.91));
#10333=CARTESIAN_POINT('Origin',(93.6598,-46.246932,10.91));
#10334=CARTESIAN_POINT('',(93.6598,-46.246932,10.91));
#10335=CARTESIAN_POINT('',(93.6598,-48.1447825531548,10.91));
#10336=CARTESIAN_POINT('',(93.6598,-46.246932,10.91));
#10337=CARTESIAN_POINT('Origin',(93.6598,-61.846932,10.91));
#10338=CARTESIAN_POINT('',(93.6598,-60.246932,10.91));
#10339=CARTESIAN_POINT('',(93.6598,-61.846932,10.91));
#10340=CARTESIAN_POINT('',(93.6598,-55.9447825531548,10.91));
#10341=CARTESIAN_POINT('',(93.6598,-60.246932,10.91));
#10342=CARTESIAN_POINT('',(93.6598,-61.846932,10.91));
#10343=CARTESIAN_POINT('Origin',(87.6598,-61.846932,10.91));
#10344=CARTESIAN_POINT('',(87.6598,-61.846932,10.91));
#10345=CARTESIAN_POINT('',(79.2674009985787,-61.846932,10.91));
#10346=CARTESIAN_POINT('',(87.6598,-61.846932,10.91));
#10347=CARTESIAN_POINT('Origin',(87.6598,-60.246932,10.91));
#10348=CARTESIAN_POINT('',(87.6598,-60.246932,10.91));
#10349=CARTESIAN_POINT('',(87.6598,-55.1447825531548,10.91));
#10350=CARTESIAN_POINT('',(87.6598,-60.246932,10.91));
#10351=CARTESIAN_POINT('Origin',(87.6598,-44.646932,10.91));
#10352=CARTESIAN_POINT('',(87.6598,-46.246932,10.91));
#10353=CARTESIAN_POINT('',(87.6598,-47.3447825531548,10.91));
#10354=CARTESIAN_POINT('',(87.6598,-46.246932,10.91));
#10355=CARTESIAN_POINT('Origin',(106.6598,-28.596932,10.91));
#10356=CARTESIAN_POINT('',(112.6598,-28.596932,10.91));
#10357=CARTESIAN_POINT('',(106.6598,-28.596932,10.91));
#10358=CARTESIAN_POINT('',(88.7674009985787,-28.596932,10.91));
#10359=CARTESIAN_POINT('',(112.6598,-28.596932,10.91));
#10360=CARTESIAN_POINT('',(106.6598,-28.596932,10.91));
#10361=CARTESIAN_POINT('Origin',(106.6598,-26.996932,10.91));
#10362=CARTESIAN_POINT('',(106.6598,-26.996932,10.91));
#10363=CARTESIAN_POINT('',(106.6598,-38.5197825531548,10.91));
#10364=CARTESIAN_POINT('',(106.6598,-26.996932,10.91));
#10365=CARTESIAN_POINT('Origin',(106.6598,-11.396932,10.91));
#10366=CARTESIAN_POINT('',(106.6598,-12.996932,10.91));
#10367=CARTESIAN_POINT('',(106.6598,-11.396932,10.91));
#10368=CARTESIAN_POINT('',(106.6598,-30.7197825531548,10.91));
#10369=CARTESIAN_POINT('',(106.6598,-12.996932,10.91));
#10370=CARTESIAN_POINT('',(106.6598,-11.396932,10.91));
#10371=CARTESIAN_POINT('Origin',(112.6598,-11.396932,10.91));
#10372=CARTESIAN_POINT('',(112.6598,-11.396932,10.91));
#10373=CARTESIAN_POINT('',(91.7674009985787,-11.396932,10.91));
#10374=CARTESIAN_POINT('',(112.6598,-11.396932,10.91));
#10375=CARTESIAN_POINT('Origin',(112.6598,-12.996932,10.91));
#10376=CARTESIAN_POINT('',(112.6598,-12.996932,10.91));
#10377=CARTESIAN_POINT('',(112.6598,-31.5197825531548,10.91));
#10378=CARTESIAN_POINT('',(112.6598,-12.996932,10.91));
#10379=CARTESIAN_POINT('Origin',(112.6598,-28.596932,10.91));
#10380=CARTESIAN_POINT('',(112.6598,-26.996932,10.91));
#10381=CARTESIAN_POINT('',(112.6598,-39.3197825531548,10.91));
#10382=CARTESIAN_POINT('',(112.6598,-26.996932,10.91));
#10383=CARTESIAN_POINT('Origin',(125.6598,-28.596932,10.91));
#10384=CARTESIAN_POINT('',(131.6598,-28.596932,10.91));
#10385=CARTESIAN_POINT('',(125.6598,-28.596932,10.91));
#10386=CARTESIAN_POINT('',(98.2674009985787,-28.596932,10.91));
#10387=CARTESIAN_POINT('',(131.6598,-28.596932,10.91));
#10388=CARTESIAN_POINT('',(125.6598,-28.596932,10.91));
#10389=CARTESIAN_POINT('Origin',(125.6598,-26.996932,10.91));
#10390=CARTESIAN_POINT('',(125.6598,-26.996932,10.91));
#10391=CARTESIAN_POINT('',(125.6598,-38.5197825531548,10.91));
#10392=CARTESIAN_POINT('',(125.6598,-26.996932,10.91));
#10393=CARTESIAN_POINT('Origin',(125.6598,-11.396932,10.91));
#10394=CARTESIAN_POINT('',(125.6598,-12.996932,10.91));
#10395=CARTESIAN_POINT('',(125.6598,-11.396932,10.91));
#10396=CARTESIAN_POINT('',(125.6598,-30.7197825531548,10.91));
#10397=CARTESIAN_POINT('',(125.6598,-12.996932,10.91));
#10398=CARTESIAN_POINT('',(125.6598,-11.396932,10.91));
#10399=CARTESIAN_POINT('Origin',(131.6598,-11.396932,10.91));
#10400=CARTESIAN_POINT('',(131.6598,-11.396932,10.91));
#10401=CARTESIAN_POINT('',(101.267400998579,-11.396932,10.91));
#10402=CARTESIAN_POINT('',(131.6598,-11.396932,10.91));
#10403=CARTESIAN_POINT('Origin',(131.6598,-12.996932,10.91));
#10404=CARTESIAN_POINT('',(131.6598,-12.996932,10.91));
#10405=CARTESIAN_POINT('',(131.6598,-31.5197825531548,10.91));
#10406=CARTESIAN_POINT('',(131.6598,-12.996932,10.91));
#10407=CARTESIAN_POINT('Origin',(131.6598,-28.596932,10.91));
#10408=CARTESIAN_POINT('',(131.6598,-26.996932,10.91));
#10409=CARTESIAN_POINT('',(131.6598,-39.3197825531548,10.91));
#10410=CARTESIAN_POINT('',(131.6598,-26.996932,10.91));
#10411=CARTESIAN_POINT('Origin',(68.6598,-40.471932,10.91));
#10412=CARTESIAN_POINT('',(74.6598,-40.471932,10.91));
#10413=CARTESIAN_POINT('',(68.6598,-40.471932,10.91));
#10414=CARTESIAN_POINT('',(69.7674009985787,-40.471932,10.91));
#10415=CARTESIAN_POINT('',(74.6598,-40.471932,10.91));
#10416=CARTESIAN_POINT('',(68.6598,-40.471932,10.91));
#10417=CARTESIAN_POINT('Origin',(68.6598,-38.871932,10.91));
#10418=CARTESIAN_POINT('',(68.6598,-38.871932,10.91));
#10419=CARTESIAN_POINT('',(68.6598,-44.4572825531548,10.91));
#10420=CARTESIAN_POINT('',(68.6598,-38.871932,10.91));
#10421=CARTESIAN_POINT('Origin',(68.6598,-23.271932,10.91));
#10422=CARTESIAN_POINT('',(68.6598,-24.871932,10.91));
#10423=CARTESIAN_POINT('',(68.6598,-23.271932,10.91));
#10424=CARTESIAN_POINT('',(68.6598,-36.6572825531548,10.91));
#10425=CARTESIAN_POINT('',(68.6598,-24.871932,10.91));
#10426=CARTESIAN_POINT('',(68.6598,-23.271932,10.91));
#10427=CARTESIAN_POINT('Origin',(74.6598,-23.271932,10.91));
#10428=CARTESIAN_POINT('',(74.6598,-23.271932,10.91));
#10429=CARTESIAN_POINT('',(72.7674009985787,-23.271932,10.91));
#10430=CARTESIAN_POINT('',(74.6598,-23.271932,10.91));
#10431=CARTESIAN_POINT('Origin',(74.6598,-24.871932,10.91));
#10432=CARTESIAN_POINT('',(74.6598,-24.871932,10.91));
#10433=CARTESIAN_POINT('',(74.6598,-37.4572825531548,10.91));
#10434=CARTESIAN_POINT('',(74.6598,-24.871932,10.91));
#10435=CARTESIAN_POINT('Origin',(74.6598,-40.471932,10.91));
#10436=CARTESIAN_POINT('',(74.6598,-38.871932,10.91));
#10437=CARTESIAN_POINT('',(74.6598,-45.2572825531548,10.91));
#10438=CARTESIAN_POINT('',(74.6598,-38.871932,10.91));
#10439=CARTESIAN_POINT('Origin',(30.6528,-64.221932,10.91));
#10440=CARTESIAN_POINT('',(36.6528,-64.221932,10.91));
#10441=CARTESIAN_POINT('',(30.6528,-64.221932,10.91));
#10442=CARTESIAN_POINT('',(50.7639009985787,-64.221932,10.91));
#10443=CARTESIAN_POINT('',(36.6528,-64.221932,10.91));
#10444=CARTESIAN_POINT('',(30.6528,-64.221932,10.91));
#10445=CARTESIAN_POINT('Origin',(30.6528,-62.621932,10.91));
#10446=CARTESIAN_POINT('',(30.6528,-62.621932,10.91));
#10447=CARTESIAN_POINT('',(30.6528,-56.3322825531548,10.91));
#10448=CARTESIAN_POINT('',(30.6528,-62.621932,10.91));
#10449=CARTESIAN_POINT('Origin',(30.6528,-47.021932,10.91));
#10450=CARTESIAN_POINT('',(30.6528,-48.621932,10.91));
#10451=CARTESIAN_POINT('',(30.6528,-47.021932,10.91));
#10452=CARTESIAN_POINT('',(30.6528,-48.5322825531548,10.91));
#10453=CARTESIAN_POINT('',(30.6528,-48.621932,10.91));
#10454=CARTESIAN_POINT('',(30.6528,-47.021932,10.91));
#10455=CARTESIAN_POINT('Origin',(36.6528,-47.021932,10.91));
#10456=CARTESIAN_POINT('',(36.6528,-47.021932,10.91));
#10457=CARTESIAN_POINT('',(53.7639009985787,-47.021932,10.91));
#10458=CARTESIAN_POINT('',(36.6528,-47.021932,10.91));
#10459=CARTESIAN_POINT('Origin',(36.6528,-48.621932,10.91));
#10460=CARTESIAN_POINT('',(36.6528,-48.621932,10.91));
#10461=CARTESIAN_POINT('',(36.6528,-49.3322825531548,10.91));
#10462=CARTESIAN_POINT('',(36.6528,-48.621932,10.91));
#10463=CARTESIAN_POINT('Origin',(36.6528,-64.221932,10.91));
#10464=CARTESIAN_POINT('',(36.6528,-62.621932,10.91));
#10465=CARTESIAN_POINT('',(36.6528,-57.1322825531548,10.91));
#10466=CARTESIAN_POINT('',(36.6528,-62.621932,10.91));
#10467=CARTESIAN_POINT('Origin',(49.659800283122,-23.846932,10.91));
#10468=CARTESIAN_POINT('',(55.659800283122,-23.846932,10.91));
#10469=CARTESIAN_POINT('',(49.659800283122,-23.846932,10.91));
#10470=CARTESIAN_POINT('',(60.2674011401397,-23.846932,10.91));
#10471=CARTESIAN_POINT('',(55.659800283122,-23.846932,10.91));
#10472=CARTESIAN_POINT('',(49.659800283122,-23.846932,10.91));
#10473=CARTESIAN_POINT('Origin',(49.659800283122,-22.246932,10.91));
#10474=CARTESIAN_POINT('',(49.659800283122,-22.246932,10.91));
#10475=CARTESIAN_POINT('',(49.659800283122,-36.1447825531547,10.91));
#10476=CARTESIAN_POINT('',(49.659800283122,-22.246932,10.91));
#10477=CARTESIAN_POINT('Origin',(49.659800283122,-6.64693200000001,10.91));
#10478=CARTESIAN_POINT('',(49.659800283122,-8.24693200000001,10.91));
#10479=CARTESIAN_POINT('',(49.659800283122,-6.64693200000001,10.91));
#10480=CARTESIAN_POINT('',(49.659800283122,-28.3447825531547,10.91));
#10481=CARTESIAN_POINT('',(49.659800283122,-8.24693200000001,10.91));
#10482=CARTESIAN_POINT('',(49.659800283122,-6.64693200000001,10.91));
#10483=CARTESIAN_POINT('Origin',(55.659800283122,-6.64693200000001,10.91));
#10484=CARTESIAN_POINT('',(55.659800283122,-6.64693200000001,10.91));
#10485=CARTESIAN_POINT('',(63.2674011401397,-6.64693200000001,10.91));
#10486=CARTESIAN_POINT('',(55.659800283122,-6.64693200000001,10.91));
#10487=CARTESIAN_POINT('Origin',(55.659800283122,-8.24693200000001,10.91));
#10488=CARTESIAN_POINT('',(55.659800283122,-8.24693200000001,10.91));
#10489=CARTESIAN_POINT('',(55.6598002831221,-29.1447825531548,10.91));
#10490=CARTESIAN_POINT('',(55.659800283122,-8.24693200000001,10.91));
#10491=CARTESIAN_POINT('Origin',(55.659800283122,-23.846932,10.91));
#10492=CARTESIAN_POINT('',(55.659800283122,-22.246932,10.91));
#10493=CARTESIAN_POINT('',(55.6598002831221,-36.9447825531548,10.91));
#10494=CARTESIAN_POINT('',(55.659800283122,-22.246932,10.91));
#10495=CARTESIAN_POINT('Origin',(106.6598,-47.596932,10.91));
#10496=CARTESIAN_POINT('',(112.6598,-47.596932,10.91));
#10497=CARTESIAN_POINT('',(106.6598,-47.596932,10.91));
#10498=CARTESIAN_POINT('',(88.7674009985787,-47.596932,10.91));
#10499=CARTESIAN_POINT('',(112.6598,-47.596932,10.91));
#10500=CARTESIAN_POINT('',(106.6598,-47.596932,10.91));
#10501=CARTESIAN_POINT('Origin',(106.6598,-45.996932,10.91));
#10502=CARTESIAN_POINT('',(106.6598,-45.996932,10.91));
#10503=CARTESIAN_POINT('',(106.6598,-48.0197825531548,10.91));
#10504=CARTESIAN_POINT('',(106.6598,-45.996932,10.91));
#10505=CARTESIAN_POINT('Origin',(106.6598,-30.396932,10.91));
#10506=CARTESIAN_POINT('',(106.6598,-31.996932,10.91));
#10507=CARTESIAN_POINT('',(106.6598,-30.396932,10.91));
#10508=CARTESIAN_POINT('',(106.6598,-40.2197825531548,10.91));
#10509=CARTESIAN_POINT('',(106.6598,-31.996932,10.91));
#10510=CARTESIAN_POINT('',(106.6598,-30.396932,10.91));
#10511=CARTESIAN_POINT('Origin',(112.6598,-30.396932,10.91));
#10512=CARTESIAN_POINT('',(112.6598,-30.396932,10.91));
#10513=CARTESIAN_POINT('',(91.7674009985787,-30.396932,10.91));
#10514=CARTESIAN_POINT('',(112.6598,-30.396932,10.91));
#10515=CARTESIAN_POINT('Origin',(112.6598,-31.996932,10.91));
#10516=CARTESIAN_POINT('',(112.6598,-31.996932,10.91));
#10517=CARTESIAN_POINT('',(112.6598,-41.0197825531548,10.91));
#10518=CARTESIAN_POINT('',(112.6598,-31.996932,10.91));
#10519=CARTESIAN_POINT('Origin',(112.6598,-47.596932,10.91));
#10520=CARTESIAN_POINT('',(112.6598,-45.996932,10.91));
#10521=CARTESIAN_POINT('',(112.6598,-48.8197825531548,10.91));
#10522=CARTESIAN_POINT('',(112.6598,-45.996932,10.91));
#10523=CARTESIAN_POINT('Origin',(125.6598,-47.596932,10.91));
#10524=CARTESIAN_POINT('',(131.6598,-47.596932,10.91));
#10525=CARTESIAN_POINT('',(125.6598,-47.596932,10.91));
#10526=CARTESIAN_POINT('',(98.2674009985787,-47.596932,10.91));
#10527=CARTESIAN_POINT('',(131.6598,-47.596932,10.91));
#10528=CARTESIAN_POINT('',(125.6598,-47.596932,10.91));
#10529=CARTESIAN_POINT('Origin',(125.6598,-45.996932,10.91));
#10530=CARTESIAN_POINT('',(125.6598,-45.996932,10.91));
#10531=CARTESIAN_POINT('',(125.6598,-48.0197825531548,10.91));
#10532=CARTESIAN_POINT('',(125.6598,-45.996932,10.91));
#10533=CARTESIAN_POINT('Origin',(125.6598,-30.396932,10.91));
#10534=CARTESIAN_POINT('',(125.6598,-31.996932,10.91));
#10535=CARTESIAN_POINT('',(125.6598,-30.396932,10.91));
#10536=CARTESIAN_POINT('',(125.6598,-40.2197825531548,10.91));
#10537=CARTESIAN_POINT('',(125.6598,-31.996932,10.91));
#10538=CARTESIAN_POINT('',(125.6598,-30.396932,10.91));
#10539=CARTESIAN_POINT('Origin',(131.6598,-30.396932,10.91));
#10540=CARTESIAN_POINT('',(131.6598,-30.396932,10.91));
#10541=CARTESIAN_POINT('',(101.267400998579,-30.396932,10.91));
#10542=CARTESIAN_POINT('',(131.6598,-30.396932,10.91));
#10543=CARTESIAN_POINT('Origin',(131.6598,-31.996932,10.91));
#10544=CARTESIAN_POINT('',(131.6598,-31.996932,10.91));
#10545=CARTESIAN_POINT('',(131.6598,-41.0197825531548,10.91));
#10546=CARTESIAN_POINT('',(131.6598,-31.996932,10.91));
#10547=CARTESIAN_POINT('Origin',(131.6598,-47.596932,10.91));
#10548=CARTESIAN_POINT('',(131.6598,-45.996932,10.91));
#10549=CARTESIAN_POINT('',(131.6598,-48.8197825531548,10.91));
#10550=CARTESIAN_POINT('',(131.6598,-45.996932,10.91));
#10551=CARTESIAN_POINT('Origin',(49.659800283122,-42.846932,10.91));
#10552=CARTESIAN_POINT('',(55.659800283122,-42.846932,10.91));
#10553=CARTESIAN_POINT('',(49.659800283122,-42.846932,10.91));
#10554=CARTESIAN_POINT('',(60.2674011401397,-42.846932,10.91));
#10555=CARTESIAN_POINT('',(55.659800283122,-42.846932,10.91));
#10556=CARTESIAN_POINT('',(49.659800283122,-42.846932,10.91));
#10557=CARTESIAN_POINT('Origin',(49.659800283122,-41.246932,10.91));
#10558=CARTESIAN_POINT('',(49.659800283122,-41.246932,10.91));
#10559=CARTESIAN_POINT('',(49.659800283122,-45.6447825531547,10.91));
#10560=CARTESIAN_POINT('',(49.659800283122,-41.246932,10.91));
#10561=CARTESIAN_POINT('Origin',(49.659800283122,-25.646932,10.91));
#10562=CARTESIAN_POINT('',(49.659800283122,-27.246932,10.91));
#10563=CARTESIAN_POINT('',(49.659800283122,-25.646932,10.91));
#10564=CARTESIAN_POINT('',(49.659800283122,-37.8447825531547,10.91));
#10565=CARTESIAN_POINT('',(49.659800283122,-27.246932,10.91));
#10566=CARTESIAN_POINT('',(49.659800283122,-25.646932,10.91));
#10567=CARTESIAN_POINT('Origin',(55.659800283122,-25.646932,10.91));
#10568=CARTESIAN_POINT('',(55.659800283122,-25.646932,10.91));
#10569=CARTESIAN_POINT('',(63.2674011401397,-25.646932,10.91));
#10570=CARTESIAN_POINT('',(55.659800283122,-25.646932,10.91));
#10571=CARTESIAN_POINT('Origin',(55.659800283122,-27.246932,10.91));
#10572=CARTESIAN_POINT('',(55.659800283122,-27.246932,10.91));
#10573=CARTESIAN_POINT('',(55.6598002831221,-38.6447825531548,10.91));
#10574=CARTESIAN_POINT('',(55.659800283122,-27.246932,10.91));
#10575=CARTESIAN_POINT('Origin',(55.659800283122,-42.846932,10.91));
#10576=CARTESIAN_POINT('',(55.659800283122,-41.246932,10.91));
#10577=CARTESIAN_POINT('',(55.6598002831221,-46.4447825531548,10.91));
#10578=CARTESIAN_POINT('',(55.659800283122,-41.246932,10.91));
#10579=CARTESIAN_POINT('Origin',(9.96198104384296,-81.0738556784905,10.91));
#10580=CARTESIAN_POINT('',(12.9619816738613,-86.2700077374558,10.91));
#10581=CARTESIAN_POINT('',(9.96198104384295,-81.0738556784905,10.91));
#10582=CARTESIAN_POINT('',(10.8576541559236,-82.6252065811966,10.91));
#10583=CARTESIAN_POINT('',(12.9619816738613,-86.2700077374558,10.91));
#10584=CARTESIAN_POINT('',(9.96198104384295,-81.0738556784905,10.91));
#10585=CARTESIAN_POINT('Origin',(11.3476215929004,-80.2738555104856,10.91));
#10586=CARTESIAN_POINT('',(11.3476215929004,-80.2738555104856,10.91));
#10587=CARTESIAN_POINT('',(40.2156386829483,-63.6068934056915,10.91));
#10588=CARTESIAN_POINT('',(11.3476215929004,-80.2738555104856,10.91));
#10589=CARTESIAN_POINT('Origin',(24.85761694621,-72.4738538724382,10.91));
#10590=CARTESIAN_POINT('',(23.4719763971526,-73.273854040443,10.91));
#10591=CARTESIAN_POINT('',(24.85761694621,-72.4738538724382,10.91));
#10592=CARTESIAN_POINT('',(46.9706363596031,-59.7068925866678,10.91));
#10593=CARTESIAN_POINT('',(23.4719763971526,-73.273854040443,10.91));
#10594=CARTESIAN_POINT('',(24.85761694621,-72.4738538724382,10.91));
#10595=CARTESIAN_POINT('Origin',(27.8576175762283,-77.6700059314035,10.91));
#10596=CARTESIAN_POINT('',(27.8576175762283,-77.6700059314035,10.91));
#10597=CARTESIAN_POINT('',(27.2532903732998,-76.6232808046268,10.91));
#10598=CARTESIAN_POINT('',(27.8576175762283,-77.6700059314035,10.91));
#10599=CARTESIAN_POINT('Origin',(26.4719770271709,-78.4700060994084,10.91));
#10600=CARTESIAN_POINT('',(26.4719770271709,-78.4700060994084,10.91));
#10601=CARTESIAN_POINT('',(49.2778167150927,-65.3030447296356,10.91));
#10602=CARTESIAN_POINT('',(26.4719770271709,-78.4700060994084,10.91));
#10603=CARTESIAN_POINT('Origin',(12.9619816738613,-86.2700077374558,10.91));
#10604=CARTESIAN_POINT('',(14.3476222229187,-85.470007569451,10.91));
#10605=CARTESIAN_POINT('',(42.5228190384379,-69.2030455486593,10.91));
#10606=CARTESIAN_POINT('',(14.3476222229187,-85.470007569451,10.91));
#10607=CARTESIAN_POINT('Origin',(30.6528,-26.226932,10.91));
#10608=CARTESIAN_POINT('',(36.6528,-26.226932,10.91));
#10609=CARTESIAN_POINT('',(30.6528,-26.226932,10.91));
#10610=CARTESIAN_POINT('',(50.7639009985787,-26.226932,10.91));
#10611=CARTESIAN_POINT('',(36.6528,-26.226932,10.91));
#10612=CARTESIAN_POINT('',(30.6528,-26.226932,10.91));
#10613=CARTESIAN_POINT('Origin',(30.6528,-24.626932,10.91));
#10614=CARTESIAN_POINT('',(30.6528,-24.626932,10.91));
#10615=CARTESIAN_POINT('',(30.6528,-37.3347825531548,10.91));
#10616=CARTESIAN_POINT('',(30.6528,-24.626932,10.91));
#10617=CARTESIAN_POINT('Origin',(30.6528,-9.02693200000001,10.91));
#10618=CARTESIAN_POINT('',(30.6528,-10.626932,10.91));
#10619=CARTESIAN_POINT('',(30.6528,-9.02693200000001,10.91));
#10620=CARTESIAN_POINT('',(30.6528,-29.5347825531548,10.91));
#10621=CARTESIAN_POINT('',(30.6528,-10.626932,10.91));
#10622=CARTESIAN_POINT('',(30.6528,-9.02693200000001,10.91));
#10623=CARTESIAN_POINT('Origin',(36.6528,-9.02693200000001,10.91));
#10624=CARTESIAN_POINT('',(36.6528,-9.02693200000001,10.91));
#10625=CARTESIAN_POINT('',(53.7639009985787,-9.02693200000001,10.91));
#10626=CARTESIAN_POINT('',(36.6528,-9.02693200000001,10.91));
#10627=CARTESIAN_POINT('Origin',(36.6528,-10.626932,10.91));
#10628=CARTESIAN_POINT('',(36.6528,-10.626932,10.91));
#10629=CARTESIAN_POINT('',(36.6528,-30.3347825531548,10.91));
#10630=CARTESIAN_POINT('',(36.6528,-10.626932,10.91));
#10631=CARTESIAN_POINT('Origin',(36.6528,-26.226932,10.91));
#10632=CARTESIAN_POINT('',(36.6528,-24.626932,10.91));
#10633=CARTESIAN_POINT('',(36.6528,-38.1347825531548,10.91));
#10634=CARTESIAN_POINT('',(36.6528,-24.626932,10.91));
#10635=CARTESIAN_POINT('Origin',(55.659800283122,-61.846932,10.91));
#10636=CARTESIAN_POINT('',(55.659800283122,-60.246932,10.91));
#10637=CARTESIAN_POINT('',(55.659800283122,-61.846932,10.91));
#10638=CARTESIAN_POINT('',(55.6598002831221,-55.9447825531548,10.91));
#10639=CARTESIAN_POINT('',(55.659800283122,-60.246932,10.91));
#10640=CARTESIAN_POINT('',(55.659800283122,-61.846932,10.91));
#10641=CARTESIAN_POINT('Origin',(49.659800283122,-61.846932,10.91));
#10642=CARTESIAN_POINT('',(49.659800283122,-61.846932,10.91));
#10643=CARTESIAN_POINT('',(60.2674011401397,-61.846932,10.91));
#10644=CARTESIAN_POINT('',(49.659800283122,-61.846932,10.91));
#10645=CARTESIAN_POINT('Origin',(49.659800283122,-60.246932,10.91));
#10646=CARTESIAN_POINT('',(49.659800283122,-60.246932,10.91));
#10647=CARTESIAN_POINT('',(49.659800283122,-55.1447825531548,10.91));
#10648=CARTESIAN_POINT('',(49.659800283122,-60.246932,10.91));
#10649=CARTESIAN_POINT('Origin',(49.659800283122,-44.646932,10.91));
#10650=CARTESIAN_POINT('',(49.659800283122,-46.246932,10.91));
#10651=CARTESIAN_POINT('',(49.659800283122,-44.646932,10.91));
#10652=CARTESIAN_POINT('',(49.659800283122,-47.3447825531547,10.91));
#10653=CARTESIAN_POINT('',(49.659800283122,-46.246932,10.91));
#10654=CARTESIAN_POINT('',(49.659800283122,-44.646932,10.91));
#10655=CARTESIAN_POINT('Origin',(55.659800283122,-44.646932,10.91));
#10656=CARTESIAN_POINT('',(55.659800283122,-44.646932,10.91));
#10657=CARTESIAN_POINT('',(63.2674011401397,-44.646932,10.91));
#10658=CARTESIAN_POINT('',(55.659800283122,-44.646932,10.91));
#10659=CARTESIAN_POINT('Origin',(55.659800283122,-46.246932,10.91));
#10660=CARTESIAN_POINT('',(55.659800283122,-46.246932,10.91));
#10661=CARTESIAN_POINT('',(55.6598002831221,-48.1447825531548,10.91));
#10662=CARTESIAN_POINT('',(55.659800283122,-46.246932,10.91));
#10663=CARTESIAN_POINT('Origin',(93.6598,-25.646932,10.91));
#10664=CARTESIAN_POINT('',(87.6598,-25.646932,10.91));
#10665=CARTESIAN_POINT('',(93.6598,-25.646932,10.91));
#10666=CARTESIAN_POINT('',(82.2674009985787,-25.646932,10.91));
#10667=CARTESIAN_POINT('',(87.6598,-25.646932,10.91));
#10668=CARTESIAN_POINT('',(93.6598,-25.646932,10.91));
#10669=CARTESIAN_POINT('Origin',(93.6598,-27.246932,10.91));
#10670=CARTESIAN_POINT('',(93.6598,-27.246932,10.91));
#10671=CARTESIAN_POINT('',(93.6598,-38.6447825531548,10.91));
#10672=CARTESIAN_POINT('',(93.6598,-27.246932,10.91));
#10673=CARTESIAN_POINT('Origin',(93.6598,-42.846932,10.91));
#10674=CARTESIAN_POINT('',(93.6598,-41.246932,10.91));
#10675=CARTESIAN_POINT('',(93.6598,-42.846932,10.91));
#10676=CARTESIAN_POINT('',(93.6598,-46.4447825531548,10.91));
#10677=CARTESIAN_POINT('',(93.6598,-41.246932,10.91));
#10678=CARTESIAN_POINT('',(93.6598,-42.846932,10.91));
#10679=CARTESIAN_POINT('Origin',(87.6598,-42.846932,10.91));
#10680=CARTESIAN_POINT('',(87.6598,-42.846932,10.91));
#10681=CARTESIAN_POINT('',(79.2674009985787,-42.846932,10.91));
#10682=CARTESIAN_POINT('',(87.6598,-42.846932,10.91));
#10683=CARTESIAN_POINT('Origin',(87.6598,-41.246932,10.91));
#10684=CARTESIAN_POINT('',(87.6598,-41.246932,10.91));
#10685=CARTESIAN_POINT('',(87.6598,-45.6447825531548,10.91));
#10686=CARTESIAN_POINT('',(87.6598,-41.246932,10.91));
#10687=CARTESIAN_POINT('Origin',(87.6598,-25.646932,10.91));
#10688=CARTESIAN_POINT('',(87.6598,-27.246932,10.91));
#10689=CARTESIAN_POINT('',(87.6598,-37.8447825531548,10.91));
#10690=CARTESIAN_POINT('',(87.6598,-27.246932,10.91));
#10691=CARTESIAN_POINT('Origin',(59.1598,-64.2719322831221,10.91));
#10692=CARTESIAN_POINT('',(59.1598,-65.8719322831221,10.91));
#10693=CARTESIAN_POINT('',(59.1598,-64.2719322831221,10.91));
#10694=CARTESIAN_POINT('',(59.1598,-57.1572826947158,10.91));
#10695=CARTESIAN_POINT('',(59.1598,-65.8719322831221,10.91));
#10696=CARTESIAN_POINT('',(59.1598,-64.2719322831221,10.91));
#10697=CARTESIAN_POINT('Origin',(65.1598,-64.2719322831221,10.91));
#10698=CARTESIAN_POINT('',(65.1598,-64.2719322831221,10.91));
#10699=CARTESIAN_POINT('',(68.0174009985787,-64.2719322831221,10.91));
#10700=CARTESIAN_POINT('',(65.1598,-64.2719322831221,10.91));
#10701=CARTESIAN_POINT('Origin',(65.1598,-65.8719322831221,10.91));
#10702=CARTESIAN_POINT('',(65.1598,-65.8719322831221,10.91));
#10703=CARTESIAN_POINT('',(65.1598,-57.9572826947158,10.91));
#10704=CARTESIAN_POINT('',(65.1598,-65.8719322831221,10.91));
#10705=CARTESIAN_POINT('Origin',(65.1598,-81.4719322831221,10.91));
#10706=CARTESIAN_POINT('',(65.1598,-79.8719322831221,10.91));
#10707=CARTESIAN_POINT('',(65.1598,-81.4719322831221,10.91));
#10708=CARTESIAN_POINT('',(65.1598,-65.7572826947158,10.91));
#10709=CARTESIAN_POINT('',(65.1598,-79.8719322831221,10.91));
#10710=CARTESIAN_POINT('',(65.1598,-81.4719322831221,10.91));
#10711=CARTESIAN_POINT('Origin',(59.1598,-81.4719322831221,10.91));
#10712=CARTESIAN_POINT('',(59.1598,-81.4719322831221,10.91));
#10713=CARTESIAN_POINT('',(65.0174009985787,-81.4719322831221,10.91));
#10714=CARTESIAN_POINT('',(59.1598,-81.4719322831221,10.91));
#10715=CARTESIAN_POINT('Origin',(59.1598,-79.8719322831221,10.91));
#10716=CARTESIAN_POINT('',(59.1598,-79.8719322831221,10.91));
#10717=CARTESIAN_POINT('',(59.1598,-64.9572826947158,10.91));
#10718=CARTESIAN_POINT('',(59.1598,-79.8719322831221,10.91));
#10719=CARTESIAN_POINT('Origin',(68.6598,-59.471932,10.91));
#10720=CARTESIAN_POINT('',(74.6598,-59.471932,10.91));
#10721=CARTESIAN_POINT('',(68.6598,-59.471932,10.91));
#10722=CARTESIAN_POINT('',(69.7674009985787,-59.471932,10.91));
#10723=CARTESIAN_POINT('',(74.6598,-59.471932,10.91));
#10724=CARTESIAN_POINT('',(68.6598,-59.471932,10.91));
#10725=CARTESIAN_POINT('Origin',(68.6598,-57.871932,10.91));
#10726=CARTESIAN_POINT('',(68.6598,-57.871932,10.91));
#10727=CARTESIAN_POINT('',(68.6598,-53.9572825531548,10.91));
#10728=CARTESIAN_POINT('',(68.6598,-57.871932,10.91));
#10729=CARTESIAN_POINT('Origin',(68.6598,-42.271932,10.91));
#10730=CARTESIAN_POINT('',(68.6598,-43.871932,10.91));
#10731=CARTESIAN_POINT('',(68.6598,-42.271932,10.91));
#10732=CARTESIAN_POINT('',(68.6598,-46.1572825531548,10.91));
#10733=CARTESIAN_POINT('',(68.6598,-43.871932,10.91));
#10734=CARTESIAN_POINT('',(68.6598,-42.271932,10.91));
#10735=CARTESIAN_POINT('Origin',(74.6598,-42.271932,10.91));
#10736=CARTESIAN_POINT('',(74.6598,-42.271932,10.91));
#10737=CARTESIAN_POINT('',(72.7674009985787,-42.271932,10.91));
#10738=CARTESIAN_POINT('',(74.6598,-42.271932,10.91));
#10739=CARTESIAN_POINT('Origin',(74.6598,-43.871932,10.91));
#10740=CARTESIAN_POINT('',(74.6598,-43.871932,10.91));
#10741=CARTESIAN_POINT('',(74.6598,-46.9572825531548,10.91));
#10742=CARTESIAN_POINT('',(74.6598,-43.871932,10.91));
#10743=CARTESIAN_POINT('Origin',(74.6598,-59.471932,10.91));
#10744=CARTESIAN_POINT('',(74.6598,-57.871932,10.91));
#10745=CARTESIAN_POINT('',(74.6598,-54.7572825531548,10.91));
#10746=CARTESIAN_POINT('',(74.6598,-57.871932,10.91));
#10747=CARTESIAN_POINT('Origin',(70.8750019971573,-50.0426331063095,10.91));
#10748=CARTESIAN_POINT('',(97.6598,-22.246932,10.91));
#10749=CARTESIAN_POINT('Origin',(70.8750019971573,-50.0426331063095,10.91));
#10750=CARTESIAN_POINT('',(69.1598,-79.8719322831221,10.91));
#10751=CARTESIAN_POINT('Origin',(70.8750019971573,-50.0426331063095,10.91));
#10752=CARTESIAN_POINT('',(36.2100525185184,-84.1951460505684,10.91));
#10753=CARTESIAN_POINT('Origin',(70.8750019971573,-50.0426331063095,10.91));
#10754=CARTESIAN_POINT('',(45.6598,-46.246932,10.91));
#10755=CARTESIAN_POINT('Origin',(70.8750019971573,-50.0426331063095,10.91));
#10756=CARTESIAN_POINT('',(78.6598,-57.871932,10.91));
#10757=CARTESIAN_POINT('Origin',(70.8750019971573,-50.0426331063095,10.91));
#10758=CARTESIAN_POINT('',(64.6598,-43.871932,10.91));
#10759=CARTESIAN_POINT('Origin',(70.8750019971573,-50.0426331063095,10.91));
#10760=CARTESIAN_POINT('',(55.1598,-65.8719322831221,10.91));
#10761=CARTESIAN_POINT('Origin',(70.8750019971573,-50.0426331063095,10.91));
#10762=CARTESIAN_POINT('',(83.6598,-27.246932,10.91));
#10763=CARTESIAN_POINT('Origin',(70.8750019971573,-50.0426331063095,10.91));
#10764=CARTESIAN_POINT('',(97.6598,-41.246932,10.91));
#10765=CARTESIAN_POINT('Origin',(70.8750019971573,-50.0426331063095,10.91));
#10766=CARTESIAN_POINT('',(59.6598002831221,-60.246932,10.91));
#10767=CARTESIAN_POINT('Origin',(70.8750019971573,-50.0426331063095,10.91));
#10768=CARTESIAN_POINT('',(40.6528,-24.626932,10.91));
#10769=CARTESIAN_POINT('Origin',(70.8750019971573,-50.0426331063095,10.91));
#10770=CARTESIAN_POINT('',(26.6528,-10.626932,10.91));
#10771=CARTESIAN_POINT('Origin',(70.8750019971573,-50.0426331063095,10.91));
#10772=CARTESIAN_POINT('',(12.8476219079095,-82.8719315399683,10.91));
#10773=CARTESIAN_POINT('Origin',(70.8750019971573,-50.0426331063095,10.91));
#10774=CARTESIAN_POINT('',(21.4719773570691,-69.8097550579055,10.91));
#10775=CARTESIAN_POINT('Origin',(70.8750019971573,-50.0426331063095,10.91));
#10776=CARTESIAN_POINT('',(59.6598,-41.246932,10.91));
#10777=CARTESIAN_POINT('Origin',(70.8750019971573,-50.0426331063095,10.91));
#10778=CARTESIAN_POINT('',(45.6598,-27.246932,10.91));
#10779=CARTESIAN_POINT('Origin',(70.8750019971573,-50.0426331063095,10.91));
#10780=CARTESIAN_POINT('',(135.6598,-45.996932,10.91));
#10781=CARTESIAN_POINT('Origin',(70.8750019971573,-50.0426331063095,10.91));
#10782=CARTESIAN_POINT('',(121.6598,-31.996932,10.91));
#10783=CARTESIAN_POINT('Origin',(70.8750019971573,-50.0426331063095,10.91));
#10784=CARTESIAN_POINT('',(116.6598,-45.996932,10.91));
#10785=CARTESIAN_POINT('Origin',(70.8750019971573,-50.0426331063095,10.91));
#10786=CARTESIAN_POINT('',(102.6598,-31.996932,10.91));
#10787=CARTESIAN_POINT('Origin',(70.8750019971573,-50.0426331063095,10.91));
#10788=CARTESIAN_POINT('',(59.6598,-22.246932,10.91));
#10789=CARTESIAN_POINT('Origin',(70.8750019971573,-50.0426331063095,10.91));
#10790=CARTESIAN_POINT('',(45.6598,-8.24693200000001,10.91));
#10791=CARTESIAN_POINT('Origin',(70.8750019971573,-50.0426331063095,10.91));
#10792=CARTESIAN_POINT('',(40.6598,-62.621932,10.91));
#10793=CARTESIAN_POINT('Origin',(70.8750019971573,-50.0426331063095,10.91));
#10794=CARTESIAN_POINT('',(26.6598,-48.621932,10.91));
#10795=CARTESIAN_POINT('Origin',(70.8750019971573,-50.0426331063095,10.91));
#10796=CARTESIAN_POINT('',(78.6598,-38.871932,10.91));
#10797=CARTESIAN_POINT('Origin',(70.8750019971573,-50.0426331063095,10.91));
#10798=CARTESIAN_POINT('',(64.6598,-24.871932,10.91));
#10799=CARTESIAN_POINT('Origin',(70.8750019971573,-50.0426331063095,10.91));
#10800=CARTESIAN_POINT('',(135.6598,-26.996932,10.91));
#10801=CARTESIAN_POINT('Origin',(70.8750019971573,-50.0426331063095,10.91));
#10802=CARTESIAN_POINT('',(121.6598,-12.996932,10.91));
#10803=CARTESIAN_POINT('Origin',(70.8750019971573,-50.0426331063095,10.91));
#10804=CARTESIAN_POINT('',(116.6598,-26.996932,10.91));
#10805=CARTESIAN_POINT('Origin',(70.8750019971573,-50.0426331063095,10.91));
#10806=CARTESIAN_POINT('',(102.6598,-12.996932,10.91));
#10807=CARTESIAN_POINT('Origin',(70.8750019971573,-50.0426331063095,10.91));
#10808=CARTESIAN_POINT('',(83.6598,-46.246932,10.91));
#10809=CARTESIAN_POINT('Origin',(70.8750019971573,-50.0426331063095,10.91));
#10810=CARTESIAN_POINT('',(97.6598,-60.246932,10.91));
#10811=CARTESIAN_POINT('Origin',(70.8750019971573,-50.0426331063095,10.91));
#10812=CARTESIAN_POINT('',(135.6598,-64.996932,10.91));
#10813=CARTESIAN_POINT('Origin',(70.8750019971573,-50.0426331063095,10.91));
#10814=CARTESIAN_POINT('',(121.6598,-50.996932,10.91));
#10815=CARTESIAN_POINT('Origin',(70.8750019971573,-50.0426331063095,10.91));
#10816=CARTESIAN_POINT('',(78.6598,-19.871932,10.91));
#10817=CARTESIAN_POINT('Origin',(70.8750019971573,-50.0426331063095,10.91));
#10818=CARTESIAN_POINT('',(64.6598,-5.87193200000001,10.91));
#10819=CARTESIAN_POINT('Origin',(70.8750019971573,-50.0426331063095,10.91));
#10820=CARTESIAN_POINT('',(40.6598,-43.621932,10.91));
#10821=CARTESIAN_POINT('Origin',(70.8750019971573,-50.0426331063095,10.91));
#10822=CARTESIAN_POINT('',(26.6598,-29.621932,10.91));
#10823=CARTESIAN_POINT('Origin',(70.8750019971573,-50.0426331063095,10.91));
#10824=CARTESIAN_POINT('',(83.6598,-8.24693200000001,10.91));
#10825=CARTESIAN_POINT('Origin',(70.8750019971573,-50.0426331063095,10.91));
#10826=CARTESIAN_POINT('',(46.1095475798271,-67.04871792308,10.91));
#10827=CARTESIAN_POINT('Origin',(70.8750019971573,-50.0426331063095,10.91));
#10828=CARTESIAN_POINT('',(116.6598,-64.996932,10.91));
#10829=CARTESIAN_POINT('Origin',(70.8750019971573,-50.0426331063095,10.91));
#10830=CARTESIAN_POINT('',(102.6598,-50.996932,10.91));
#10831=CARTESIAN_POINT('Origin',(76.0008,-65.752432,11.3803872785624));
#10832=CARTESIAN_POINT('',(76.0008,-65.752432,11.6507745571248));
#10833=CARTESIAN_POINT('',(76.4508,-65.752432,11.3803872785624));
#10834=CARTESIAN_POINT('Origin',(29.4348,-73.366932,11.3803872785624));
#10835=CARTESIAN_POINT('',(29.4348,-73.366932,11.6507745571248));
#10836=CARTESIAN_POINT('',(29.8848,-73.366932,11.3803872785624));
#10837=CARTESIAN_POINT('Origin',(43.1898,-25.997432,11.3803872785624));
#10838=CARTESIAN_POINT('',(43.1898,-25.997432,11.6507745571248));
#10839=CARTESIAN_POINT('',(43.6398,-25.997432,11.3803872785624));
#10840=CARTESIAN_POINT('Origin',(119.1448,-48.487432,11.3803872785624));
#10841=CARTESIAN_POINT('',(119.1448,-48.487432,11.6507745571248));
#10842=CARTESIAN_POINT('',(119.5948,-48.487432,11.3803872785624));
#10843=CARTESIAN_POINT('Origin',(119.1448,-29.487432,11.3803872785624));
#10844=CARTESIAN_POINT('',(119.1448,-29.487432,11.6507745571248));
#10845=CARTESIAN_POINT('',(119.5948,-29.487432,11.3803872785624));
#10846=CARTESIAN_POINT('Origin',(59.6598,-8.24693200000001,10.91));
#10847=CARTESIAN_POINT('',(59.6598,-22.246932,10.91));
#10848=CARTESIAN_POINT('',(59.6598,-8.24693200000001,10.91));
#10849=CARTESIAN_POINT('Origin',(45.6598,-8.24693200000001,10.91));
#10850=CARTESIAN_POINT('',(45.6598,-8.24693200000001,10.91));
#10851=CARTESIAN_POINT('Origin',(45.6598,-22.246932,10.91));
#10852=CARTESIAN_POINT('',(45.6598,-22.246932,10.91));
#10853=CARTESIAN_POINT('Origin',(59.6598,-22.246932,10.91));
#10854=CARTESIAN_POINT('Origin',(78.6598,-43.871932,10.91));
#10855=CARTESIAN_POINT('',(78.6598,-57.871932,10.91));
#10856=CARTESIAN_POINT('',(78.6598,-43.871932,10.91));
#10857=CARTESIAN_POINT('Origin',(64.6598,-43.871932,10.91));
#10858=CARTESIAN_POINT('',(64.6598,-43.871932,10.91));
#10859=CARTESIAN_POINT('Origin',(64.6598,-57.871932,10.91));
#10860=CARTESIAN_POINT('',(64.6598,-57.871932,10.91));
#10861=CARTESIAN_POINT('Origin',(78.6598,-57.871932,10.91));
#10862=CARTESIAN_POINT('Origin',(97.6598,-27.246932,10.91));
#10863=CARTESIAN_POINT('',(97.6598,-41.246932,10.91));
#10864=CARTESIAN_POINT('',(97.6598,-27.246932,10.91));
#10865=CARTESIAN_POINT('Origin',(83.6598,-27.246932,10.91));
#10866=CARTESIAN_POINT('',(83.6598,-27.246932,10.91));
#10867=CARTESIAN_POINT('Origin',(83.6598,-41.246932,10.91));
#10868=CARTESIAN_POINT('',(83.6598,-41.246932,10.91));
#10869=CARTESIAN_POINT('Origin',(97.6598,-41.246932,10.91));
#10870=CARTESIAN_POINT('Origin',(78.6598,-5.87193200000001,10.91));
#10871=CARTESIAN_POINT('',(78.6598,-19.871932,10.91));
#10872=CARTESIAN_POINT('',(78.6598,-5.87193200000001,10.91));
#10873=CARTESIAN_POINT('Origin',(64.6598,-5.87193200000001,10.91));
#10874=CARTESIAN_POINT('',(64.6598,-5.87193200000001,10.91));
#10875=CARTESIAN_POINT('Origin',(64.6598,-19.871932,10.91));
#10876=CARTESIAN_POINT('',(64.6598,-19.871932,10.91));
#10877=CARTESIAN_POINT('Origin',(78.6598,-19.871932,10.91));
#10878=CARTESIAN_POINT('Origin',(59.6598,-27.246932,10.91));
#10879=CARTESIAN_POINT('',(59.6598,-41.246932,10.91));
#10880=CARTESIAN_POINT('',(59.6598,-27.246932,10.91));
#10881=CARTESIAN_POINT('Origin',(45.6598,-27.246932,10.91));
#10882=CARTESIAN_POINT('',(45.6598,-27.246932,10.91));
#10883=CARTESIAN_POINT('Origin',(45.6598,-41.246932,10.91));
#10884=CARTESIAN_POINT('',(45.6598,-41.246932,10.91));
#10885=CARTESIAN_POINT('Origin',(59.6598,-41.246932,10.91));
#10886=CARTESIAN_POINT('Origin',(135.6598,-50.996932,10.91));
#10887=CARTESIAN_POINT('',(135.6598,-64.996932,10.91));
#10888=CARTESIAN_POINT('',(135.6598,-50.996932,10.91));
#10889=CARTESIAN_POINT('Origin',(121.6598,-50.996932,10.91));
#10890=CARTESIAN_POINT('',(121.6598,-50.996932,10.91));
#10891=CARTESIAN_POINT('Origin',(121.6598,-64.996932,10.91));
#10892=CARTESIAN_POINT('',(121.6598,-64.996932,10.91));
#10893=CARTESIAN_POINT('Origin',(135.6598,-64.996932,10.91));
#10894=CARTESIAN_POINT('Origin',(116.6598,-50.996932,10.91));
#10895=CARTESIAN_POINT('',(116.6598,-64.996932,10.91));
#10896=CARTESIAN_POINT('',(116.6598,-50.996932,10.91));
#10897=CARTESIAN_POINT('Origin',(102.6598,-50.996932,10.91));
#10898=CARTESIAN_POINT('',(102.6598,-50.996932,10.91));
#10899=CARTESIAN_POINT('Origin',(102.6598,-64.996932,10.91));
#10900=CARTESIAN_POINT('',(102.6598,-64.996932,10.91));
#10901=CARTESIAN_POINT('Origin',(116.6598,-64.996932,10.91));
#10902=CARTESIAN_POINT('Origin',(59.6598002831221,-46.246932,10.91));
#10903=CARTESIAN_POINT('',(59.6598002831221,-60.246932,10.91));
#10904=CARTESIAN_POINT('',(59.6598002831221,-46.246932,10.91));
#10905=CARTESIAN_POINT('Origin',(45.6598,-46.246932,10.91));
#10906=CARTESIAN_POINT('',(45.6598,-46.246932,10.91));
#10907=CARTESIAN_POINT('Origin',(45.6598,-53.246932,10.91));
#10908=CARTESIAN_POINT('',(45.6598,-53.246932,10.91));
#10909=CARTESIAN_POINT('Origin',(45.659800283122,-60.246932,10.91));
#10910=CARTESIAN_POINT('',(45.659800283122,-60.246932,10.91));
#10911=CARTESIAN_POINT('Origin',(59.6598002831221,-60.246932,10.91));
#10912=CARTESIAN_POINT('Origin',(46.1095475798271,-67.04871792308,10.91));
#10913=CARTESIAN_POINT('',(49.7330141129169,-80.5716795174786,10.91));
#10914=CARTESIAN_POINT('',(46.1095475798271,-67.04871792308,10.91));
#10915=CARTESIAN_POINT('Origin',(32.5865859854286,-70.6721844561699,10.91));
#10916=CARTESIAN_POINT('',(32.5865859854286,-70.6721844561699,10.91));
#10917=CARTESIAN_POINT('Origin',(36.2100525185184,-84.1951460505684,10.91));
#10918=CARTESIAN_POINT('',(36.2100525185184,-84.1951460505684,10.91));
#10919=CARTESIAN_POINT('Origin',(49.7330141129169,-80.5716795174786,10.91));
#10920=CARTESIAN_POINT('Origin',(69.1598,-65.8719322831221,10.91));
#10921=CARTESIAN_POINT('',(69.1598,-79.8719322831221,10.91));
#10922=CARTESIAN_POINT('',(69.1598,-65.8719322831221,10.91));
#10923=CARTESIAN_POINT('Origin',(55.1598,-65.8719322831221,10.91));
#10924=CARTESIAN_POINT('',(55.1598,-65.8719322831221,10.91));
#10925=CARTESIAN_POINT('Origin',(55.1598,-79.8719322831221,10.91));
#10926=CARTESIAN_POINT('',(55.1598,-79.8719322831221,10.91));
#10927=CARTESIAN_POINT('Origin',(69.1598,-79.8719322831221,10.91));
#10928=CARTESIAN_POINT('Origin',(40.6598,-48.621932,10.91));
#10929=CARTESIAN_POINT('',(40.6598,-62.621932,10.91));
#10930=CARTESIAN_POINT('',(40.6598,-48.621932,10.91));
#10931=CARTESIAN_POINT('Origin',(26.6598,-48.621932,10.91));
#10932=CARTESIAN_POINT('',(26.6598,-48.621932,10.91));
#10933=CARTESIAN_POINT('Origin',(26.6598,-62.621932,10.91));
#10934=CARTESIAN_POINT('',(26.6598,-62.621932,10.91));
#10935=CARTESIAN_POINT('Origin',(40.6598,-62.621932,10.91));
#10936=CARTESIAN_POINT('Origin',(21.4719773570691,-69.8097550579055,10.91));
#10937=CARTESIAN_POINT('',(28.4719788271119,-81.934109862158,10.91));
#10938=CARTESIAN_POINT('',(21.4719773570691,-69.8097550579055,10.91));
#10939=CARTESIAN_POINT('Origin',(9.34762117288818,-76.8097541378421,10.91));
#10940=CARTESIAN_POINT('',(9.34762117288818,-76.8097541378421,10.91));
#10941=CARTESIAN_POINT('Origin',(16.3476226429309,-88.9341089420945,10.91));
#10942=CARTESIAN_POINT('',(16.3476226429309,-88.9341089420945,10.91));
#10943=CARTESIAN_POINT('Origin',(28.4719788271119,-81.934109862158,10.91));
#10944=CARTESIAN_POINT('Origin',(40.6598,-29.621932,10.91));
#10945=CARTESIAN_POINT('',(40.6598,-43.621932,10.91));
#10946=CARTESIAN_POINT('',(40.6598,-29.621932,10.91));
#10947=CARTESIAN_POINT('Origin',(26.6598,-29.621932,10.91));
#10948=CARTESIAN_POINT('',(26.6598,-29.621932,10.91));
#10949=CARTESIAN_POINT('Origin',(26.6598,-43.621932,10.91));
#10950=CARTESIAN_POINT('',(26.6598,-43.621932,10.91));
#10951=CARTESIAN_POINT('Origin',(40.6598,-43.621932,10.91));
#10952=CARTESIAN_POINT('Origin',(40.6528,-10.626932,10.91));
#10953=CARTESIAN_POINT('',(40.6528,-24.626932,10.91));
#10954=CARTESIAN_POINT('',(40.6528,-10.626932,10.91));
#10955=CARTESIAN_POINT('Origin',(26.6528,-10.626932,10.91));
#10956=CARTESIAN_POINT('',(26.6528,-10.626932,10.91));
#10957=CARTESIAN_POINT('Origin',(26.6528,-24.626932,10.91));
#10958=CARTESIAN_POINT('',(26.6528,-24.626932,10.91));
#10959=CARTESIAN_POINT('Origin',(40.6528,-24.626932,10.91));
#10960=CARTESIAN_POINT('Origin',(97.6598,-8.24693200000001,10.91));
#10961=CARTESIAN_POINT('',(97.6598,-22.246932,10.91));
#10962=CARTESIAN_POINT('',(97.6598,-8.24693200000001,10.91));
#10963=CARTESIAN_POINT('Origin',(83.6598,-8.24693200000001,10.91));
#10964=CARTESIAN_POINT('',(83.6598,-8.24693200000001,10.91));
#10965=CARTESIAN_POINT('Origin',(83.6598,-22.246932,10.91));
#10966=CARTESIAN_POINT('',(83.6598,-22.246932,10.91));
#10967=CARTESIAN_POINT('Origin',(97.6598,-22.246932,10.91));
#10968=CARTESIAN_POINT('Origin',(116.6598,-31.996932,10.91));
#10969=CARTESIAN_POINT('',(116.6598,-45.996932,10.91));
#10970=CARTESIAN_POINT('',(116.6598,-31.996932,10.91));
#10971=CARTESIAN_POINT('Origin',(102.6598,-31.996932,10.91));
#10972=CARTESIAN_POINT('',(102.6598,-31.996932,10.91));
#10973=CARTESIAN_POINT('Origin',(102.6598,-45.996932,10.91));
#10974=CARTESIAN_POINT('',(102.6598,-45.996932,10.91));
#10975=CARTESIAN_POINT('Origin',(116.6598,-45.996932,10.91));
#10976=CARTESIAN_POINT('Origin',(116.6598,-12.996932,10.91));
#10977=CARTESIAN_POINT('',(116.6598,-26.996932,10.91));
#10978=CARTESIAN_POINT('',(116.6598,-12.996932,10.91));
#10979=CARTESIAN_POINT('Origin',(102.6598,-12.996932,10.91));
#10980=CARTESIAN_POINT('',(102.6598,-12.996932,10.91));
#10981=CARTESIAN_POINT('Origin',(102.6598,-26.996932,10.91));
#10982=CARTESIAN_POINT('',(102.6598,-26.996932,10.91));
#10983=CARTESIAN_POINT('Origin',(116.6598,-26.996932,10.91));
#10984=CARTESIAN_POINT('Origin',(135.6598,-12.996932,10.91));
#10985=CARTESIAN_POINT('',(135.6598,-26.996932,10.91));
#10986=CARTESIAN_POINT('',(135.6598,-12.996932,10.91));
#10987=CARTESIAN_POINT('Origin',(121.6598,-12.996932,10.91));
#10988=CARTESIAN_POINT('',(121.6598,-12.996932,10.91));
#10989=CARTESIAN_POINT('Origin',(121.6598,-26.996932,10.91));
#10990=CARTESIAN_POINT('',(121.6598,-26.996932,10.91));
#10991=CARTESIAN_POINT('Origin',(135.6598,-26.996932,10.91));
#10992=CARTESIAN_POINT('Origin',(97.6598,-46.246932,10.91));
#10993=CARTESIAN_POINT('',(97.6598,-60.246932,10.91));
#10994=CARTESIAN_POINT('',(97.6598,-46.246932,10.91));
#10995=CARTESIAN_POINT('Origin',(83.6598,-46.246932,10.91));
#10996=CARTESIAN_POINT('',(83.6598,-46.246932,10.91));
#10997=CARTESIAN_POINT('Origin',(83.6598,-60.246932,10.91));
#10998=CARTESIAN_POINT('',(83.6598,-60.246932,10.91));
#10999=CARTESIAN_POINT('Origin',(97.6598,-60.246932,10.91));
#11000=CARTESIAN_POINT('Origin',(78.6598,-24.871932,10.91));
#11001=CARTESIAN_POINT('',(78.6598,-38.871932,10.91));
#11002=CARTESIAN_POINT('',(78.6598,-24.871932,10.91));
#11003=CARTESIAN_POINT('Origin',(64.6598,-24.871932,10.91));
#11004=CARTESIAN_POINT('',(64.6598,-24.871932,10.91));
#11005=CARTESIAN_POINT('Origin',(64.6598,-38.871932,10.91));
#11006=CARTESIAN_POINT('',(64.6598,-38.871932,10.91));
#11007=CARTESIAN_POINT('Origin',(78.6598,-38.871932,10.91));
#11008=CARTESIAN_POINT('Origin',(135.6598,-31.996932,10.91));
#11009=CARTESIAN_POINT('',(135.6598,-45.996932,10.91));
#11010=CARTESIAN_POINT('',(135.6598,-31.996932,10.91));
#11011=CARTESIAN_POINT('Origin',(121.6598,-31.996932,10.91));
#11012=CARTESIAN_POINT('',(121.6598,-31.996932,10.91));
#11013=CARTESIAN_POINT('Origin',(121.6598,-45.996932,10.91));
#11014=CARTESIAN_POINT('',(121.6598,-45.996932,10.91));
#11015=CARTESIAN_POINT('Origin',(135.6598,-45.996932,10.91));
#11016=CARTESIAN_POINT('Origin',(23.2500694977744,-10.0000981256825,10.91));
#11017=CARTESIAN_POINT('',(23.2500694977744,-10.0000981256825,10.91));
#11018=CARTESIAN_POINT('Origin',(23.2500694977744,-9.5000981256825,10.91));
#11019=CARTESIAN_POINT('',(23.7500694945821,-9.50015462664893,10.91));
#11020=CARTESIAN_POINT('Origin',(23.7502110714796,-8.24728316652291,10.91));
#11021=CARTESIAN_POINT('',(23.7502110714796,-8.24728316652291,10.91));
#11022=CARTESIAN_POINT('Origin',(24.2502110682873,-8.24733966748934,10.91));
#11023=CARTESIAN_POINT('',(24.2497009125078,-7.74733992774833,10.91));
#11024=CARTESIAN_POINT('Origin',(42.2515263118695,-7.72897244765211,10.91));
#11025=CARTESIAN_POINT('',(42.2515263118695,-7.72897244765211,10.91));
#11026=CARTESIAN_POINT('Origin',(42.2510161560901,-7.22897270791109,10.91));
#11027=CARTESIAN_POINT('',(42.7510161512635,-7.22904218185355,10.91));
#11028=CARTESIAN_POINT('Origin',(42.7512219279265,-5.74807929288133,10.91));
#11029=CARTESIAN_POINT('',(42.7512219279265,-5.74807929288133,10.91));
#11030=CARTESIAN_POINT('Origin',(43.2512219230998,-5.74814876682377,10.91));
#11031=CARTESIAN_POINT('',(43.25091587167,-5.24814886049127,10.91));
#11032=CARTESIAN_POINT('Origin',(61.2506507999306,-5.23713116920492,10.91));
#11033=CARTESIAN_POINT('',(61.2506507999306,-5.23713116920492,10.91));
#11034=CARTESIAN_POINT('Origin',(61.2503447485008,-4.7371312628724,10.91));
#11035=CARTESIAN_POINT('',(61.7503447485008,-4.73713126287241,10.91));
#11036=CARTESIAN_POINT('Origin',(61.7503447485008,-3.49999991059304,10.91));
#11037=CARTESIAN_POINT('',(61.7503447485008,-3.49999991059304,10.91));
#11038=CARTESIAN_POINT('Origin',(62.2503447485008,-3.49999991059304,10.91));
#11039=CARTESIAN_POINT('',(62.2503447485008,-2.99999991059304,10.91));
#11040=CARTESIAN_POINT('Origin',(81.249844,-2.99999991059304,10.91));
#11041=CARTESIAN_POINT('',(81.249844,-2.99999991059304,10.91));
#11042=CARTESIAN_POINT('Origin',(81.249844,-3.49999991059305,10.91));
#11043=CARTESIAN_POINT('',(81.749844,-3.49999991059304,10.91));
#11044=CARTESIAN_POINT('Origin',(81.749844,-4.75018400000001,10.91));
#11045=CARTESIAN_POINT('',(81.749844,-4.75018400000001,10.91));
#11046=CARTESIAN_POINT('Origin',(82.249844,-4.75018400000001,10.91));
#11047=CARTESIAN_POINT('',(82.249844,-5.25018400000001,10.91));
#11048=CARTESIAN_POINT('Origin',(100.249764998529,-5.25018400000001,10.91));
#11049=CARTESIAN_POINT('',(100.249764998529,-5.25018400000001,10.91));
#11050=CARTESIAN_POINT('Origin',(100.249764998529,-5.750184,10.91));
#11051=CARTESIAN_POINT('',(100.749764997953,-5.75020800089515,10.91));
#11052=CARTESIAN_POINT('Origin',(100.74958499004,-9.50023298385376,10.91));
#11053=CARTESIAN_POINT('',(100.74958499004,-9.50023298385376,10.91));
#11054=CARTESIAN_POINT('Origin',(101.249584989464,-9.50025698474892,10.91));
#11055=CARTESIAN_POINT('',(101.249584987657,-10.0002569847489,10.91));
#11056=CARTESIAN_POINT('Origin',(138.249865945912,-10.0002571184616,10.91));
#11057=CARTESIAN_POINT('',(138.249865945912,-10.0002571184617,10.91));
#11058=CARTESIAN_POINT('Origin',(138.249865944105,-10.5002571184617,10.91));
#11059=CARTESIAN_POINT('',(138.749865940229,-10.5003193755647,10.91));
#11060=CARTESIAN_POINT('Origin',(138.742737510115,-67.75025314891,10.91));
#11061=CARTESIAN_POINT('',(138.742737510115,-67.75025314891,10.91));
#11062=CARTESIAN_POINT('Origin',(138.242737513991,-67.7501908918069,10.91));
#11063=CARTESIAN_POINT('',(138.242737513991,-68.2501908918069,10.91));
#11064=CARTESIAN_POINT('Origin',(82.7657478414676,-68.2501908918069,10.91));
#11065=CARTESIAN_POINT('',(82.7657478414676,-68.2501908918069,10.91));
#11066=CARTESIAN_POINT('Origin',(82.7657478414676,-68.7501908918069,10.91));
#11067=CARTESIAN_POINT('',(82.3617619670608,-68.4555802788281,10.91));
#11068=CARTESIAN_POINT('Origin',(71.9539955264513,-82.7272678586461,10.91));
#11069=CARTESIAN_POINT('',(71.9539955264512,-82.7272678586461,10.91));
#11070=CARTESIAN_POINT('Origin',(71.5500096520443,-82.4326572456672,10.91));
#11071=CARTESIAN_POINT('',(71.6145100079594,-82.9284794961633,10.91));
#11072=CARTESIAN_POINT('Origin',(34.200325217683,-87.7956032140491,10.91));
#11073=CARTESIAN_POINT('',(34.200325217683,-87.7956032140491,10.91));
#11074=CARTESIAN_POINT('Origin',(34.2648255735979,-88.2914254645447,10.91));
#11075=CARTESIAN_POINT('',(34.0146349964178,-87.8585228483711,10.91));
#11076=CARTESIAN_POINT('Origin',(18.1657777311053,-97.0181689181999,10.91));
#11077=CARTESIAN_POINT('',(18.1657777311053,-97.0181689181999,10.91));
#11078=CARTESIAN_POINT('Origin',(17.915587153925,-96.585266302026,10.91));
#11079=CARTESIAN_POINT('',(17.4824487166276,-96.8350483953304,10.91));
#11080=CARTESIAN_POINT('Origin',(3.06738517265488,-71.8383882489574,10.91));
#11081=CARTESIAN_POINT('',(3.06738517265488,-71.8383882489574,10.91));
#11082=CARTESIAN_POINT('Origin',(3.50052360995234,-71.588606155653,10.91));
#11083=UNCERTAINTY_MEASURE_WITH_UNIT(LENGTH_MEASURE(0.01),#11087,
'DISTANCE_ACCURACY_VALUE',
'Maximum model space distance between geometric entities at asserted c
onnectivities');
#11084=UNCERTAINTY_MEASURE_WITH_UNIT(LENGTH_MEASURE(0.01),#11087,
'DISTANCE_ACCURACY_VALUE',
'Maximum model space distance between geometric entities at asserted c
onnectivities');
#11085=(
GEOMETRIC_REPRESENTATION_CONTEXT(3)
GLOBAL_UNCERTAINTY_ASSIGNED_CONTEXT((#11083))
GLOBAL_UNIT_ASSIGNED_CONTEXT((#11087,#11089,#11090))
REPRESENTATION_CONTEXT('','3D')
);
#11086=(
GEOMETRIC_REPRESENTATION_CONTEXT(3)
GLOBAL_UNCERTAINTY_ASSIGNED_CONTEXT((#11084))
GLOBAL_UNIT_ASSIGNED_CONTEXT((#11087,#11089,#11090))
REPRESENTATION_CONTEXT('','3D')
);
#11087=(
LENGTH_UNIT()
NAMED_UNIT(*)
SI_UNIT(.MILLI.,.METRE.)
);
#11088=(
LENGTH_UNIT()
NAMED_UNIT(*)
SI_UNIT($,.METRE.)
);
#11089=(
NAMED_UNIT(*)
PLANE_ANGLE_UNIT()
SI_UNIT($,.RADIAN.)
);
#11090=(
NAMED_UNIT(*)
SI_UNIT($,.STERADIAN.)
SOLID_ANGLE_UNIT()
);
#11091=SHAPE_DEFINITION_REPRESENTATION(#11092,#11093);
#11092=PRODUCT_DEFINITION_SHAPE('',$,#11095);
#11093=SHAPE_REPRESENTATION('',(#6914),#11085);
#11094=PRODUCT_DEFINITION_CONTEXT('part definition',#11099,'design');
#11095=PRODUCT_DEFINITION('Top','Top',#11096,#11094);
#11096=PRODUCT_DEFINITION_FORMATION('',$,#11101);
#11097=PRODUCT_RELATED_PRODUCT_CATEGORY('Top','Top',(#11101));
#11098=APPLICATION_PROTOCOL_DEFINITION('international standard',
'automotive_design',2009,#11099);
#11099=APPLICATION_CONTEXT(
'Core Data for Automotive Mechanical Design Process');
#11100=PRODUCT_CONTEXT('part definition',#11099,'mechanical');
#11101=PRODUCT('Top','Top',$,(#11100));
#11102=PRESENTATION_STYLE_ASSIGNMENT((#11103));
#11103=SURFACE_STYLE_USAGE(.BOTH.,#11104);
#11104=SURFACE_SIDE_STYLE('',(#11105));
#11105=SURFACE_STYLE_FILL_AREA(#11106);
#11106=FILL_AREA_STYLE('Steel - Satin',(#11107));
#11107=FILL_AREA_STYLE_COLOUR('Steel - Satin',#11108);
#11108=COLOUR_RGB('Steel - Satin',0.627450980392157,0.627450980392157,0.627450980392157);
ENDSEC;
END-ISO-10303-21;
